config,level,round,order_index,batch_id,source_records,elapsed_ms_per_batch,compute_sum_ms_per_batch,cpu_sum_ms_per_batch,other_overhead_ms_per_batch,elapsed_ms_per_record,compute_sum_ms_per_record,other_overhead_ms_per_record,compute_to_float_ms_per_batch,compute_to_float_ms_per_record,cpu_to_float_ms_per_batch,compute_crop_ms_per_batch,compute_crop_ms_per_record,cpu_crop_ms_per_batch,compute_flip_ms_per_batch,compute_flip_ms_per_record,cpu_flip_ms_per_batch
U,0,1,0,0,4,446.416961,26.21426,26.727208,420.202701,111.60424025,6.553565,105.05067525,3.1679769999999996,0.7919942499999999,3.17526,20.57742,5.144355,21.075827,2.468863,0.61721575,2.476121
U,0,1,0,1,4,464.720781,25.020022,25.12439,439.700759,116.18019525,6.2550055,109.92518975,3.164074,0.7910185,3.253984,19.407989,4.85199725,19.416823,2.447959,0.61198975,2.453583
U,0,1,0,2,4,472.800335,13.710056999999999,13.763449000000001,459.090278,118.20008375,3.4275142499999998,114.7725695,3.2181830000000002,0.8045457500000001,3.225454,7.969127,1.99228175,7.973429,2.522747,0.63068675,2.564566
U,0,1,0,3,4,452.342936,25.297767999999998,25.322080000000003,427.045168,113.085734,6.3244419999999995,106.761292,3.138822,0.7847055,3.14812,19.650748999999998,4.912687249999999,19.658849000000004,2.508197,0.62704925,2.515111
U,0,1,0,4,4,464.964073,25.690882999999996,25.726850999999996,439.27319,116.24101825,6.422720749999999,109.8182975,3.19365,0.7984125,3.202056,19.943326,4.9858315,19.963305,2.553907,0.63847675,2.56149
U,0,1,0,5,4,465.687291,25.897007,25.980966000000002,439.79028400000004,116.42182275,6.47425175,109.94757100000001,3.5073250000000002,0.8768312500000001,3.5159960000000003,19.83769,4.9594225,19.908262,2.551992,0.637998,2.556708
U,0,1,0,6,4,452.189393,26.417336000000002,26.465212,425.772057,113.04734825,6.604334000000001,106.44301425,3.375004,0.843751,3.3838179999999998,20.278007000000002,5.069501750000001,20.309553,2.764325,0.69108125,2.771841
U,0,1,0,7,4,459.675496,27.039292,27.143409000000002,432.636204,114.918874,6.759823,108.159051,4.867369,1.21684225,4.902795,19.876949,4.96923725,19.905175,2.294974,0.5737435,2.335439
U,0,1,0,8,4,447.986288,23.227003999999997,23.249346000000003,424.759284,111.996572,5.806750999999999,106.189821,3.139781,0.78494525,3.14705,18.033663999999998,4.5084159999999995,18.043669,2.053559,0.51338975,2.058627
U,0,1,0,9,4,458.627801,27.678397999999998,27.717751,430.94940299999996,114.65695025,6.9195994999999995,107.73735074999999,5.4940940000000005,1.3735235000000001,5.4942519999999995,19.845527999999998,4.9613819999999995,19.854671,2.338776,0.584694,2.3688279999999997
U,0,1,0,10,4,336.456198,24.402306000000003,24.541448000000003,312.05389199999996,84.1140495,6.100576500000001,78.01347299999999,2.553121,0.63828025,2.560046,19.717773,4.92944325,19.844402000000002,2.131412,0.532853,2.137
U,0,1,0,11,4,374.019302,24.869979,24.894844000000003,349.149323,93.5048255,6.21749475,87.28733075,2.770258,0.6925645,2.778778,19.489598,4.8723995,19.498534000000003,2.610123,0.65253075,2.6175319999999997
U,0,1,0,12,4,428.393069,24.975887,25.044918,403.417182,107.09826725,6.24397175,100.8542955,3.014048,0.753512,3.020158,19.807806,4.9519515,19.868845,2.154033,0.53850825,2.155915
U,0,1,0,13,4,289.673821,22.899649999999998,22.963888,266.77417099999997,72.41845525,5.724912499999999,66.69354274999999,2.213799,0.55344975,2.242145,18.883599,4.72089975,18.918,1.8022520000000002,0.45056300000000005,1.8037429999999999
U,0,1,0,14,4,408.9637,26.333511,26.365043,382.63018900000003,102.240925,6.58337775,95.65754725000001,2.913994,0.7284985,2.9322229999999996,21.539413000000003,5.384853250000001,21.549734,1.880104,0.470026,1.883086
U,0,1,0,15,4,645.886948,25.103933,26.080426999999997,620.783015,161.471737,6.27598325,155.19575375,4.048059,1.01201475,4.25173,18.942011,4.73550275,19.711167,2.113863,0.52846575,2.11753
U,0,1,0,16,4,298.529515,23.62533,23.798885999999996,274.904185,74.63237875,5.9063325,68.72604625,2.354066,0.5885165,2.359668,19.039964,4.759991,19.201515999999998,2.2313,0.557825,2.237702
U,0,1,0,17,4,403.542525,24.940844,25.056777,378.601681,100.88563125,6.235211,94.65042025,2.921032,0.730258,2.914041,19.720637999999997,4.930159499999999,19.848129,2.299174,0.5747935,2.294607
U,0,1,0,18,4,720.29767,27.513298,27.581093,692.7843720000001,180.0744175,6.8783245,173.19609300000002,4.4663189999999995,1.1165797499999999,4.475306,20.651904000000002,5.1629760000000005,20.687479,2.395075,0.59876875,2.418308
U,0,1,0,19,4,357.211579,25.229256000000003,25.275766,331.98232299999995,89.30289475,6.307314000000001,82.99558074999999,2.665419,0.66635475,2.6716059999999997,20.032061000000002,5.008015250000001,20.063109,2.531776,0.632944,2.541051
U,0,1,0,20,4,1136.856134,46.494575,46.580071000000004,1090.3615590000002,284.2140335,11.62364375,272.59038975000004,24.944062999999996,6.236015749999999,24.951941,19.55875,4.8896875,19.618351,1.991762,0.4979405,2.009779
U,0,1,0,21,4,330.980975,24.078545000000002,24.101277999999997,306.90243,82.74524375,6.0196362500000005,76.7256075,2.39777,0.5994425,2.4039010000000003,19.412095,4.85302375,19.421743999999997,2.26868,0.56717,2.275633
U,0,1,0,22,4,423.642205,25.862486999999998,25.946016,397.779718,105.91055125,6.4656217499999995,99.4449295,3.05557,0.7638925,3.093381,20.05389,5.0134725,20.091589,2.753027,0.68825675,2.761046
U,0,1,0,23,4,2008.101152,66.93518100000001,67.133339,1941.165971,502.025288,16.733795250000004,485.29149275,52.58580500000001,13.146451250000002,52.744629,10.965626,2.7414065,11.006149,3.38375,0.8459375,3.382561
U,0,1,0,24,4,322.843433,28.095518000000002,28.182614,294.747915,80.71085825,7.0238795000000005,73.68697875,1.9619630000000001,0.49049075000000003,1.9665590000000002,22.555194,5.6387985,22.626767,3.5783609999999997,0.8945902499999999,3.589288
U,0,1,0,25,4,447.057829,32.865009,33.053256999999995,414.19282000000004,111.76445725,8.21625225,103.54820500000001,3.936025,0.98400625,3.947487,25.373342,6.3433355,25.539882,3.5556419999999997,0.8889104999999999,3.565888
U,0,1,0,26,4,358.451605,25.275736,24.930275,333.175869,89.61290125,6.318934,83.29396725,2.67099,0.6677475,2.677085,20.209063999999998,5.0522659999999995,19.850520000000003,2.395682,0.5989205,2.40267
U,0,1,0,27,4,716.958865,29.432385999999997,29.489812,687.526479,179.23971625,7.358096499999999,171.88161975,4.699501,1.17487525,4.7074750000000005,22.462418,5.6156045,22.505959,2.270467,0.56761675,2.2763780000000002
U,0,1,0,28,4,427.599994,24.480168000000003,24.523777999999997,403.119826,106.8999985,6.120042000000001,100.7799565,3.134336,0.783584,3.142486,19.526651,4.88166275,19.558113,1.819181,0.45479525,1.823179
U,0,1,0,29,4,329.248346,24.368119,24.415363000000003,304.88022700000005,82.3120865,6.09202975,76.22005675000001,2.387448,0.596862,2.39543,19.376047,4.84401175,19.407902,2.6046240000000003,0.6511560000000001,2.6120310000000004
U,0,1,0,30,4,455.316185,24.943827,24.964272999999995,430.372358,113.82904625,6.23595675,107.5930895,3.2346250000000003,0.8086562500000001,3.241949,19.686282,4.9215705,19.695135999999998,2.02292,0.50573,2.027188
U,0,1,0,31,4,577.303349,25.750578,25.796742,551.552771,144.32583725,6.4376445,137.88819275,4.0081359999999995,1.0020339999999999,4.014588,19.823929,4.95598225,19.860428,1.9185129999999997,0.4796282499999999,1.921726
U,0,1,0,32,4,537.177876,26.164981,26.188257,511.01289499999996,134.294469,6.54124525,127.75322374999999,3.784279,0.94606975,3.792082,20.100499,5.02512475,20.1093,2.280203,0.57005075,2.286875
U,0,1,0,33,4,357.220848,24.431974999999998,24.489689,332.78887299999997,89.305212,6.1079937499999994,83.19721824999999,2.618297,0.65457425,2.6245089999999998,19.440284,4.860071,19.484685,2.3733940000000002,0.5933485000000001,2.380495
U,0,1,0,34,4,366.775273,24.375817,24.399169,342.39945600000004,91.69381825,6.09395425,85.59986400000001,2.736338,0.6840845,2.745599,19.29382,4.823455,19.302547,2.345659,0.58641475,2.351023
U,0,1,0,35,4,610.116425,28.424312999999998,28.434357,581.6921120000001,152.52910625,7.1060782499999995,145.42302800000002,4.291681,1.07292025,4.284609,21.5829,5.395725,21.592548999999998,2.5497319999999997,0.6374329999999999,2.557199
U,0,1,0,36,4,302.751201,23.932078,23.979293,278.819123,75.68780025,5.9830195,69.70478075,2.374303,0.59357575,2.380212,19.291818,4.8229545,19.326760999999998,2.2659569999999998,0.5664892499999999,2.27232
U,0,1,0,37,4,378.851659,24.808621,24.964083000000002,354.04303799999997,94.71291475,6.20215525,88.51075949999999,2.834728,0.708682,2.841437,19.258251,4.81456275,19.370488,2.715642,0.6789105,2.752158
U,0,1,0,38,4,310.41732,23.958663,23.982242,286.458657,77.60433,5.98966575,71.61466425,2.388528,0.597132,2.393998,18.994304,4.748576,19.004579,2.575831,0.64395775,2.583665
U,0,1,0,39,4,352.783076,24.226779,24.247407,328.556297,88.195769,6.05669475,82.13907425,2.657855,0.66446375,2.6652249999999995,19.408565,4.85214125,19.417277,2.160359,0.54008975,2.164905
U,0,1,0,40,4,353.257126,23.938053999999998,24.191991,329.319072,88.3142815,5.984513499999999,82.329768,2.684189,0.67104725,2.691137,18.899334999999997,4.724833749999999,19.140819,2.35453,0.5886325,2.360035
U,0,1,0,41,4,395.86809,26.268516999999996,26.282461,369.599573,98.9670225,6.567129249999999,92.39989325,2.8540790000000005,0.7135197500000001,2.8609299999999998,21.553202,5.3883005,21.562913,1.861236,0.465309,1.858618
U,0,1,0,42,4,419.018993,26.432350000000003,26.508883,392.58664300000004,104.75474825,6.608087500000001,98.14666075000001,3.204878,0.8012195,3.211949,20.613390000000003,5.153347500000001,20.674638,2.614082,0.6535205,2.6222959999999995
U,0,1,0,43,4,316.119426,23.566928,23.629757999999995,292.55249799999996,79.0298565,5.891732,73.13812449999999,2.411608,0.602902,2.418003,18.99767,4.7494175,19.05015,2.15765,0.5394125,2.1616049999999998
U,0,1,0,44,4,414.463797,24.803941000000002,25.41599,389.659856,103.61594925,6.2009852500000004,97.414964,3.0087330000000003,0.7521832500000001,3.035335,19.741264,4.935316,20.31043,2.053944,0.513486,2.070225
U,0,1,0,45,4,369.160014,23.947618000000002,24.048609,345.212396,92.2900035,5.9869045000000005,86.303099,2.803033,0.70075825,2.809613,19.170456,4.792614,19.261264,1.974129,0.49353225,1.977732
U,0,1,0,46,4,459.941894,25.674868999999997,25.698605999999998,434.267025,114.9854735,6.418717249999999,108.56675625,3.3658020000000004,0.8414505000000001,3.3732179999999996,19.855417,4.96385425,19.864234,2.4536499999999997,0.6134124999999999,2.461154
U,0,1,0,47,4,454.234123,26.093287000000004,26.158379,428.14083600000004,113.55853075,6.523321750000001,107.03520900000001,3.268301,0.81707525,3.2762209999999996,20.15548,5.03887,20.20412,2.669506,0.6673765,2.678038
U,0,1,0,48,4,458.015536,24.817156999999998,24.953893,433.198379,114.503884,6.2042892499999995,108.29959475,3.2986419999999996,0.8246604999999999,3.305886,19.044618999999997,4.761154749999999,19.166746,2.473896,0.618474,2.481261
U,0,1,0,49,4,278.605907,23.828191999999998,23.850721999999998,254.777715,69.65147675,5.9570479999999995,63.69442875,2.165,0.54125,2.170869,19.145951,4.78648775,19.155008,2.517241,0.62931025,2.524845
U,0,1,0,50,4,350.846279,24.525396,24.143083999999998,326.320883,87.71156975,6.131349,81.58022075,2.671238,0.6678095,2.680852,19.774936,4.943734,19.378968999999998,2.079222,0.5198055,2.083263
U,0,1,0,51,4,391.743158,24.693065,24.743376,367.050093,97.9357895,6.17326625,91.76252325,2.8569970000000002,0.7142492500000001,2.8641039999999998,19.519266000000002,4.8798165000000004,19.556414,2.316802,0.5792005,2.322858
U,0,1,0,52,4,343.317689,24.192405,24.215953,319.12528399999997,85.82942225,6.04810125,79.78132099999999,2.6279479999999995,0.6569869999999999,2.635712,19.213289,4.80332225,19.222478,2.351168,0.587792,2.357763
U,0,1,0,53,4,413.619733,25.748363,25.797473,387.87137,103.40493325,6.43709075,96.9678425,3.073518,0.7683795,3.081462,20.135466,5.0338665,20.168265,2.5393790000000003,0.6348447500000001,2.547746
U,0,1,0,54,4,377.836065,25.365440999999997,25.386215,352.47062400000004,94.45901625,6.341360249999999,88.11765600000001,2.895629,0.72390725,2.9031910000000005,20.163762,5.0409405,20.157914,2.30605,0.5765125,2.32511
U,0,1,0,55,4,485.550828,25.732008999999998,26.088319000000002,459.818819,121.387707,6.4330022499999995,114.95470475,3.539511,0.88487775,3.545762,19.915138,4.9787845,20.259151000000003,2.27736,0.56934,2.283406
U,0,1,0,56,4,584.32568,26.378635,27.011450000000004,557.947045,146.08142,6.59465875,139.48676125,4.113699,1.02842475,4.120512000000001,20.413719,5.10342975,21.035965,1.851217,0.46280425,1.8549729999999998
U,0,1,0,57,4,361.508412,25.144942,25.50385,336.36347,90.377103,6.2862355,84.0908675,2.931073,0.73276825,3.2776170000000002,19.934998,4.9837495,19.942263,2.2788709999999996,0.5697177499999999,2.28397
U,0,1,0,58,4,862.730067,29.55242,29.589964,833.177647,215.68251675,7.388105,208.29441175,5.638131,1.40953275,5.645345,21.833987,5.45849675,21.859536,2.080302,0.5200755,2.085083
U,0,1,0,59,4,605.746748,26.969928999999997,27.064752,578.776819,151.436687,6.742482249999999,144.69420475,3.911492,0.977873,3.9504309999999996,21.073195,5.26829875,21.124684000000002,1.985242,0.4963105,1.9896369999999999
U,0,1,0,60,4,4500.524379,119.01852099999999,118.429812,4381.505858,1125.13109475,29.754630249999998,1095.3764645,82.970816,20.742704,83.020458,33.213602,8.3034005,33.244865,2.8341030000000003,0.7085257500000001,2.1644889999999997
U,0,1,0,61,4,446.50409,14.816335000000002,14.833745,431.68775500000004,111.6260225,3.7040837500000006,107.92193875000001,2.195709,0.54892725,2.200621,10.360706,2.5901765,10.366277,2.25992,0.56498,2.266847
U,0,1,0,62,4,339.326596,23.691110000000002,23.744811000000002,315.635486,84.831649,5.9227775000000005,78.9088715,2.5599629999999998,0.6399907499999999,2.5850400000000002,19.080853,4.77021325,19.105344000000002,2.050294,0.5125735,2.054427
U,0,1,0,63,4,310.279121,23.657699,23.780973999999997,286.621422,77.56978025,5.91442475,71.6553555,2.310785,0.57769625,2.3174900000000003,19.033344,4.758336,19.111591999999998,2.3135700000000003,0.5783925000000001,2.351892
U,0,1,0,64,4,465.939988,25.782776000000002,25.781264,440.157212,116.484997,6.4456940000000005,110.039303,3.369482,0.8423705,3.338403,19.965809,4.99145225,19.975830000000002,2.447485,0.61187125,2.4670310000000004
U,0,1,0,65,4,298.275094,23.957250000000002,23.980541,274.31784400000004,74.5687735,5.9893125000000005,68.57946100000001,2.266495,0.56662375,2.272751,19.093008,4.773252,19.101211,2.597747,0.64943675,2.606579
U,0,1,0,66,4,358.294132,24.271635000000003,24.296536,334.022497,89.573533,6.067908750000001,83.50562425,2.634126,0.6585315,2.6431560000000003,19.331845,4.83296125,19.341299999999997,2.3056639999999997,0.5764159999999999,2.3120800000000004
U,0,1,0,67,4,354.122851,25.288771999999998,25.312689999999996,328.83407900000003,88.53071275,6.3221929999999995,82.20851975000001,2.6877,0.671925,2.694316,19.707188,4.926797,19.716272999999997,2.893884,0.723471,2.902101
U,0,1,0,68,4,373.29785,25.522650999999996,25.511282,347.775199,93.3244625,6.380662749999999,86.94379975,2.843569,0.71089225,2.850047,19.885070999999996,4.971267749999999,19.894012,2.7940110000000002,0.6985027500000001,2.7672230000000004
U,0,1,0,69,4,319.224639,24.034731,24.089155,295.189908,79.80615975,6.00868275,73.797477,2.413636,0.603409,2.418067,19.615695000000002,4.903923750000001,19.660799,2.0054,0.50135,2.010289
U,0,1,0,70,4,359.471854,28.414214,28.513768000000002,331.05764,89.8679635,7.1035535,82.76441,2.789103,0.69727575,2.796942,19.928051,4.98201275,19.937002,5.6970600000000005,1.4242650000000001,5.7798240000000005
U,0,1,0,71,4,441.811996,26.910625000000003,26.771027000000004,414.90137100000004,110.452999,6.727656250000001,103.72534275000001,3.168531,0.79213275,3.173591,21.255063,5.31376575,21.105415,2.487031,0.62175775,2.492021
U,0,1,0,72,4,439.230743,24.990984,25.047863,414.239759,109.80768575,6.247746,103.55993975,3.331492,0.832873,3.3400480000000003,19.60276,4.90069,19.611483,2.056732,0.514183,2.096332
U,0,1,0,73,4,608.623241,27.409378999999998,27.936855,581.2138620000001,152.15581025,6.852344749999999,145.30346550000002,4.276641,1.06916025,4.284051,20.894734,5.2236835,21.385603,2.238004,0.559501,2.267201
U,0,1,0,74,4,398.725057,24.423170000000002,24.479769,374.30188699999997,99.68126425,6.105792500000001,93.57547174999999,2.9286950000000003,0.7321737500000001,2.9358910000000003,19.178125,4.79453125,19.203582,2.31635,0.5790875,2.340296
U,0,1,0,75,4,547.521716,26.867732999999998,26.503614000000002,520.6539829999999,136.880429,6.716933249999999,130.16349574999998,3.8834589999999998,0.9708647499999999,3.8923890000000005,20.551634,5.1379085,20.173328,2.4326399999999997,0.6081599999999999,2.437897
U,0,1,0,76,4,427.299456,27.136999,27.242216000000003,400.162457,106.824864,6.78424975,100.04061425,3.2240330000000004,0.8060082500000001,3.2326509999999997,21.371772,5.342943,21.420805,2.541194,0.6352985,2.58876
U,0,1,0,77,4,428.10529,26.162225,26.265603,401.94306500000005,107.0263225,6.54055625,100.48576625000001,3.116784,0.779196,3.147684,20.528846,5.1322115,20.593652,2.516595,0.62914875,2.524267
U,0,1,0,78,4,1729.870059,75.705476,76.048,1654.164583,432.46751475,18.926369,413.54114575,46.467079000000005,11.616769750000001,46.501782,26.920497,6.73012425,27.222452,2.3179000000000003,0.5794750000000001,2.323766
U,0,1,0,79,4,518.368238,22.053584999999998,22.36176,496.314653,129.5920595,5.5133962499999996,124.07866325,3.450705,0.86267625,3.4794859999999996,15.78013,3.9450325,16.050301,2.82275,0.7056875,2.831973
U,0,1,0,80,4,357.48733,26.436118999999998,26.927193000000003,331.05121099999997,89.3718325,6.6090297499999995,82.76280274999999,2.630902,0.6577255,2.6382499999999998,21.492883,5.37322075,21.950842,2.312334,0.5780835,2.338101
U,0,1,0,81,4,372.116607,14.440584,14.471279,357.676023,93.02915175,3.610146,89.41900575,2.733625,0.68340625,2.740629,9.580304,2.395076,9.598991,2.126655,0.53166375,2.131659
U,0,1,0,82,4,371.40075,24.107799999999997,24.161100999999995,347.29295,92.8501875,6.026949999999999,86.8232375,2.740626,0.6851565,2.74883,19.312537,4.82813425,19.351985999999997,2.054637,0.51365925,2.060285
U,0,1,0,83,4,382.597943,25.402381,25.556102,357.195562,95.64948575,6.35059525,89.2988905,2.995876,0.748969,3.00521,20.190821,5.04770525,20.328727,2.2156840000000004,0.5539210000000001,2.222165
U,0,1,0,84,4,394.230649,13.227825,13.285976,381.00282400000003,98.55766225,3.30695625,95.25070600000001,3.082867,0.77071675,3.130444,7.839854,1.9599635,7.8442989999999995,2.305104,0.576276,2.311233
U,0,1,0,85,4,370.660264,24.801628,24.981432,345.858636,92.665066,6.200407,86.464659,2.797984,0.699496,2.806227,19.45258,4.863145,19.59738,2.5510639999999998,0.6377659999999999,2.577825
U,0,1,0,86,4,391.421631,25.133404999999996,25.194907,366.288226,97.85540775,6.283351249999999,91.5720565,2.8671569999999997,0.7167892499999999,2.8751,19.680642,4.9201605,19.7257,2.5856060000000003,0.6464015000000001,2.594107
U,0,1,0,87,4,430.004876,17.730634,17.784227,412.274242,107.501219,4.4326585,103.0685605,3.160329,0.79008225,3.168323,12.070238999999999,3.0175597499999998,12.106873,2.500066,0.6250165,2.509031
U,0,1,0,88,4,454.24359,25.921103000000002,25.980909999999994,428.32248699999997,113.5608975,6.480275750000001,107.08062174999999,3.275844,0.818961,3.2840309999999997,20.199757,5.04993925,20.245741999999996,2.4455020000000003,0.6113755000000001,2.451137
U,0,1,0,89,4,371.877062,24.367307,24.386443,347.50975500000004,92.9692655,6.09182675,86.87743875000001,2.858089,0.71452225,2.8652990000000003,19.706979,4.92674475,19.715567,1.802239,0.45055975,1.8055769999999998
U,0,1,0,90,4,419.194027,24.866307000000003,24.935197,394.32772,104.79850675,6.216576750000001,98.58193,3.225369,0.80634225,3.2341249999999997,19.934012000000003,4.983503000000001,19.991212,1.7069260000000002,0.42673150000000004,1.7098599999999997
U,0,1,0,91,4,413.175126,25.226444,25.286409,387.94868199999996,103.2937815,6.306611,96.98717049999999,3.042504,0.760626,3.050313,19.634058,4.9085145,19.679392,2.5498819999999998,0.6374704999999999,2.556704
U,0,1,0,92,4,449.478881,31.622944,31.661922,417.855937,112.36972025,7.905736,104.46398425,3.691189,0.92279725,3.713479,25.798061999999998,6.4495154999999995,25.810088,2.133693,0.53342325,2.138355
U,0,1,0,93,4,360.908586,24.523182,25.516216000000004,336.385404,90.2271465,6.1307955,84.096351,2.690622,0.6726555,2.699242,19.338563999999998,4.8346409999999995,20.315608,2.493996,0.623499,2.501366
U,0,1,0,94,4,395.16992,25.101515999999997,25.152266000000004,370.068404,98.79248,6.275378999999999,92.517101,2.918807,0.72970175,2.938124,19.484527999999997,4.871131999999999,19.50889,2.698181,0.67454525,2.7052519999999998
U,0,1,0,95,4,372.832738,29.170581,29.403829,343.662157,93.2081845,7.29264525,85.91553925,2.7256080000000003,0.6814020000000001,2.765579,23.817355,5.95433875,23.978685000000002,2.627618,0.6569045,2.659565
U,0,1,0,96,4,435.633085,13.74286,13.782427,421.890225,108.90827125,3.435715,105.47255625,2.9948710000000003,0.7487177500000001,3.0024569999999997,8.763382,2.1908455,8.79204,1.984607,0.49615175,1.98793
U,0,1,0,97,4,451.984942,25.951863000000003,26.007597,426.033079,112.9962355,6.487965750000001,106.50826975,3.3439920000000005,0.8359980000000001,3.352899,20.283754000000002,5.0709385000000005,20.324644,2.324117,0.58102925,2.330054
U,0,1,0,98,4,378.512389,24.806198000000002,24.790502,353.706191,94.62809725,6.2015495000000005,88.42654775,2.8107860000000002,0.7026965000000001,2.817639,19.877841,4.96946025,19.850112,2.117571,0.52939275,2.122751
U,0,1,0,99,4,335.767305,24.118683,23.814983,311.64862200000005,83.94182625,6.02967075,77.91215550000001,2.4633529999999997,0.6158382499999999,2.525449,19.425395,4.85634875,19.053542,2.2299350000000002,0.5574837500000001,2.235992
U,0,1,0,100,4,430.179759,25.292557000000002,25.919724000000002,404.887202,107.54493975,6.3231392500000005,101.2218005,3.0897870000000003,0.7724467500000001,3.0970400000000007,19.931665000000002,4.982916250000001,19.970645,2.271105,0.56777625,2.8520390000000004
U,0,1,0,101,4,425.727293,24.664107,24.736428,401.063186,106.43182325,6.16602675,100.2657965,3.1544220000000003,0.7886055000000001,3.162354,19.676168,4.919042,19.736784,1.833517,0.45837925,1.8372899999999999
U,0,1,0,102,4,433.980271,25.474823999999998,25.612322,408.505447,108.49506775,6.3687059999999995,102.12636175,3.2038919999999997,0.8009729999999999,3.211841,19.958862,4.9897155,20.081621,2.31207,0.5780175,2.31886
U,0,1,0,103,4,421.614004,24.858259999999998,24.904954999999998,396.75574400000005,105.403501,6.2145649999999995,99.18893600000001,3.083768,0.770942,3.0910539999999997,19.451835,4.86295875,19.484361999999997,2.322657,0.58066425,2.329539
U,0,1,0,104,4,420.452436,24.84271,24.929655,395.60972599999997,105.113109,6.2106775,98.90243149999999,3.097799,0.77444975,3.103846,19.530187,4.88254675,19.604533,2.214724,0.553681,2.2212759999999996
U,0,1,0,105,4,420.418332,25.265315,25.329171000000002,395.15301700000003,105.104583,6.31632875,98.78825425000001,3.1733230000000003,0.7933307500000001,3.1951430000000003,20.014143,5.00353575,20.040553,2.077849,0.51946225,2.0934749999999998
U,0,1,0,106,4,421.418037,26.138424999999998,26.162537,395.27961200000004,105.35450925,6.5346062499999995,98.81990300000001,3.118954,0.7797385,3.12556,20.550024,5.137506,20.559025,2.4694469999999997,0.6173617499999999,2.477952
U,0,1,0,107,4,424.354979,25.692711,25.807935,398.66226800000004,106.08874475,6.42317775,99.66556700000001,3.195717,0.79892925,3.2024929999999996,20.228310999999998,5.0570777499999995,20.294155,2.2686830000000002,0.5671707500000001,2.3112869999999996
U,0,1,0,108,4,430.809078,25.109696,25.152268,405.699382,107.7022695,6.277424,101.4248455,3.14276,0.78569,3.149927,19.708104,4.927026,19.736257000000002,2.258832,0.564708,2.266084
U,0,1,0,109,4,438.942196,25.891606,25.096332,413.05059,109.735549,6.4729015,103.2626475,4.206408,1.051602,3.313679,19.549806,4.8874515,19.559407,2.1353920000000004,0.5338480000000001,2.223246
U,0,1,0,110,4,345.41551,23.896995,24.633062,321.518515,86.3538775,5.97424875,80.37962875,2.460611,0.61515275,2.4678050000000002,19.479608,4.869902,20.203567,1.9567760000000003,0.4891940000000001,1.96169
U,0,1,0,111,4,368.493068,24.991597000000002,25.267805000000003,343.501471,92.123267,6.247899250000001,85.87536775,2.809267,0.70231675,3.447941,20.168280000000003,5.042070000000001,19.800789,2.01405,0.5035125,2.019075
U,0,1,0,112,4,414.124489,24.7025,24.747894,389.421989,103.53112225,6.175625,97.35549725,3.0660979999999998,0.7665244999999999,3.0716729999999997,20.070594,5.0176485,20.106838999999997,1.565808,0.391452,1.569382
U,0,1,0,113,4,292.178467,23.561717,23.581786,268.61675,73.04461675,5.89042925,67.1541875,2.14518,0.536295,2.150236,18.944773,4.73619325,18.952919,2.4717640000000003,0.6179410000000001,2.478631
U,0,1,0,114,4,386.344308,25.104166,25.127411999999996,361.240142,96.586077,6.2760415,90.3100355,2.941631,0.73540775,2.9487509999999997,19.560249,4.89006225,19.568848,2.602286,0.6505715,2.609813
U,0,1,0,115,4,569.479543,16.208551,16.293953,553.270992,142.36988575,4.05213775,138.317748,3.9940990000000003,0.9985247500000001,4.001335,9.914697,2.47867425,9.986128999999998,2.299755,0.57493875,2.3064889999999996
U,0,1,0,116,4,302.195085,24.160907999999996,24.229118,278.034177,75.54877125,6.040226999999999,69.50854425,2.3512850000000003,0.5878212500000001,2.3730979999999997,19.429035999999996,4.857258999999999,19.453718000000002,2.380587,0.59514675,2.402302
U,0,1,0,117,4,400.277021,24.492584,24.738146000000004,375.78443699999997,100.06925525,6.123146,93.94610924999999,2.826679,0.70666975,2.8345960000000003,19.594756,4.898689,19.827769000000004,2.071149,0.51778725,2.075781
U,0,1,0,118,4,642.574447,27.93576,28.029523999999995,614.638687,160.64361175,6.98394,153.65967175,4.358003999999999,1.0895009999999998,4.366037,21.496179,5.37404475,21.470014999999997,2.0815770000000002,0.5203942500000001,2.193472
U,0,1,0,119,4,358.338801,24.125359999999997,24.156259999999996,334.213441,89.58470025,6.031339999999999,83.55336025,2.61973,0.6549325,2.625054,19.720259999999996,4.930064999999999,19.743392999999998,1.78537,0.4463425,1.787813
F,0,1,1,0,4,107.560978,28.371024000000002,28.465165,79.189954,26.8902445,7.0927560000000005,19.7974885,6.33892,1.58473,6.374288999999999,19.765217,4.94130425,19.81362,2.266887,0.56672175,2.277256
F,0,1,1,1,4,109.731141,25.048619000000002,25.075664,84.68252199999999,27.43278525,6.2621547500000005,21.170630499999998,4.118266,1.0295665,4.125931,18.864997,4.71624925,18.876231,2.065356,0.516339,2.0735020000000004
F,0,1,1,2,4,116.637212,28.035690999999996,28.064096,88.601521,29.159303,7.008922749999999,22.15038025,6.692805999999999,1.6732014999999998,6.700681999999999,19.134763,4.78369075,19.145423,2.208122,0.5520305,2.2179909999999996
F,0,1,1,3,4,113.130188,26.03388,26.080898,87.09630800000001,28.282547,6.50847,21.774077000000002,4.551904,1.137976,4.5586780000000005,19.164172,4.791043,19.195325,2.3178039999999998,0.5794509999999999,2.326895
F,0,1,1,4,4,109.796323,25.727475000000002,25.980664000000004,84.068848,27.44908075,6.4318687500000005,21.017212,4.441386,1.1103465,4.46741,19.041772,4.760443,19.092010000000002,2.244317,0.56107925,2.4212439999999997
F,0,1,1,5,4,104.58324,23.778414,24.009717,80.804826,26.14581,5.9446035,20.2012065,2.6749970000000003,0.6687492500000001,2.8367,19.135731,4.78393275,19.197862999999998,1.967686,0.4919215,1.9751539999999999
F,0,1,1,6,4,115.35956,26.098857000000002,26.192062,89.260703,28.83989,6.524714250000001,22.31517575,3.692827,0.92320675,3.699781,20.01677,5.0041925,20.092993,2.38926,0.597315,2.3992880000000003
F,0,1,1,7,4,113.226704,23.870036000000002,23.941144000000005,89.356668,28.306676,5.967509000000001,22.339167,2.5714360000000003,0.6428590000000001,2.5802000000000005,19.201241,4.80031025,19.254924000000003,2.097359,0.52433975,2.10602
F,0,1,1,8,4,103.405912,23.916671,23.958953,79.48924099999999,25.851478,5.97916775,19.872310249999998,4.287548,1.071887,4.296218,17.691928,4.422982,17.718524000000002,1.937195,0.48429875,1.9442110000000001
F,0,1,1,9,4,111.230742,26.120893000000002,26.148922000000002,85.109849,27.8076855,6.530223250000001,21.27746225,2.971411,0.74285275,2.978753,21.026191,5.25654775,21.038043000000002,2.123291,0.53082275,2.132126
F,0,1,1,10,4,88.588535,24.010491000000002,24.035813,64.57804399999999,22.14713375,6.0026227500000005,16.144510999999998,2.156702,0.5391755,2.163792,19.946131,4.98653275,19.957292,1.907658,0.4769145,1.914729
F,0,1,1,11,4,108.151662,23.949958,23.978263000000005,84.201704,27.0379155,5.9874895,21.050426,2.4611460000000003,0.6152865000000001,2.467607,19.141481,4.78537025,19.152323000000003,2.347331,0.58683275,2.358333
F,0,1,1,12,4,113.252391,30.495947,30.553301,82.756444,28.31309775,7.62398675,20.689111,8.042893,2.01072325,8.081161999999999,20.487482,5.1218705,20.499102,1.965572,0.491393,1.973037
F,0,1,1,13,4,85.526429,22.427903,22.485796999999998,63.09852599999999,21.38160725,5.60697575,15.774631499999998,1.9479339999999998,0.48698349999999996,1.964211,18.707921,4.67698025,18.743299999999998,1.772048,0.443012,1.778286
F,0,1,1,14,4,104.540634,22.586554,22.627824000000004,81.95408,26.1351585,5.6466385,20.48852,2.546584,0.636646,2.5535740000000002,18.297248,4.574312,18.325648,1.742722,0.4356805,1.7486020000000002
F,0,1,1,15,4,133.693017,32.786802,32.81148,100.906215,33.42325425,8.1967005,25.22655375,10.079852999999998,2.5199632499999995,10.086881999999997,20.770783,5.19269575,20.782182000000002,1.936166,0.4840415,1.9424160000000001
F,0,1,1,16,4,85.119057,22.364058,22.412516,62.754999,21.27976425,5.5910145,15.68874975,2.055165,0.51379125,2.0826130000000003,18.249464000000003,4.562366000000001,18.261646,2.0594289999999997,0.5148572499999999,2.068257
F,0,1,1,17,4,98.684637,24.048445,24.050815,74.636192,24.67115925,6.01211125,18.659048,2.65444,0.66361,2.663035,19.280473,4.82011825,19.265625,2.113532,0.528383,2.1221550000000002
F,0,1,1,18,4,147.871152,34.97377,35.136631,112.897382,36.967788,8.7434425,28.2243455,9.144414,2.2861035,9.152975,23.546978,5.8867445,23.692033000000002,2.282378,0.5705945,2.291623
F,0,1,1,19,4,96.270257,23.718578,23.824720999999997,72.55167900000001,24.06756425,5.9296445,18.137919750000002,2.3202320000000003,0.5800580000000001,2.365442,19.135607,4.78390175,19.187375,2.262739,0.56568475,2.271904
F,0,1,1,20,4,205.517775,62.04489999999999,64.529703,143.47287500000002,51.37944375,15.511224999999998,35.868218750000004,30.182839999999995,7.545709999999999,30.495458999999997,30.227944,7.556986,32.394113,1.634116,0.408529,1.640131
F,0,1,1,21,4,92.105086,23.141838,23.354295000000004,68.963248,23.0262715,5.7854595,17.240812,2.135898,0.5339745,2.141718,18.896448,4.724112,19.093366000000003,2.109492,0.527373,2.119211
F,0,1,1,22,4,105.298829,24.530625,24.631938000000005,80.768204,26.32470725,6.13265625,20.192051,2.630493,0.65762325,2.6379900000000003,19.502836,4.875709,19.583834000000003,2.397296,0.599324,2.410114
F,0,1,1,23,4,296.988331,70.617574,70.80602400000001,226.37075700000003,74.24708275,17.6543935,56.59268925000001,49.217953,12.30448825,49.309462,19.716630000000002,4.9291575000000005,19.80583,1.6829910000000001,0.42074775000000003,1.690732
F,0,1,1,24,4,90.21616,22.771276,23.069186,67.444884,22.55404,5.692819,16.861221,2.0848210000000003,0.5212052500000001,2.286506,18.428255,4.60706375,18.513942,2.2582,0.56455,2.268738
F,0,1,1,25,4,108.468482,23.989498,24.135316,84.478984,27.1171205,5.9973745,21.119746,2.787241,0.69681025,2.794894,18.970087,4.74252175,19.09825,2.23217,0.5580425,2.242172
F,0,1,1,26,4,93.152677,23.629387,23.755065000000002,69.52329,23.28816925,5.90734675,17.3808225,2.294177,0.57354425,2.330632,19.291507,4.82287675,19.37237,2.043703,0.51092575,2.052063
F,0,1,1,27,4,139.688748,28.121353999999997,28.149322999999995,111.56739400000001,34.922187,7.030338499999999,27.891848500000002,4.453874,1.1134685,4.461276,21.585285,5.39632125,21.597020999999998,2.082195,0.52054875,2.091026
F,0,1,1,28,4,100.064816,23.644695,23.786073000000002,76.420121,25.016204,5.91117375,19.10503025,2.54724,0.63681,2.554701,19.380701000000002,4.8451752500000005,19.508358,1.716754,0.4291885,1.723014
F,0,1,1,29,4,91.392334,23.547571,23.597258,67.844763,22.8480835,5.88689275,16.96119075,2.154461,0.53861525,2.161363,19.135922,4.7839805,19.168317,2.257188,0.564297,2.267578
F,0,1,1,30,4,107.351862,23.620229,23.648217000000002,83.731633,26.8379655,5.90505725,20.93290825,2.7259770000000003,0.6814942500000001,2.734198,18.991742,4.7479355,19.003888000000003,1.90251,0.4756275,1.910131
F,0,1,1,31,4,129.22197,24.592310000000005,24.617516,104.62966,32.3054925,6.148077500000001,26.157415,3.547979,0.88699475,3.557066,19.305690000000002,4.8264225000000005,19.31749,1.738641,0.43466025,1.74296
F,0,1,1,32,4,124.297365,24.840094,24.883042,99.45727099999999,31.07434125,6.2100235,24.864317749999998,3.346878,0.8367195,3.3536210000000004,19.409026,4.8522565,19.421262,2.08419,0.5210475,2.108159
F,0,1,1,33,4,93.027395,23.123331999999998,23.741851999999998,69.90406300000001,23.25684875,5.7808329999999994,17.476015750000002,2.320182,0.5800455,2.326026,18.738609,4.68465225,19.342689,2.064541,0.51613525,2.073137
F,0,1,1,34,4,96.934635,28.837561,28.865791,68.09707399999999,24.23365875,7.20939025,17.024268499999998,2.342483,0.58562075,2.349403,24.195583,6.04889575,24.208615,2.2994950000000003,0.5748737500000001,2.307773
F,0,1,1,35,4,127.017486,27.736753999999998,27.859844000000002,99.280732,31.7543715,6.934188499999999,24.820183,4.044251,1.01106275,4.051504,21.240413999999998,5.310103499999999,21.344399,2.452089,0.61302225,2.463941
F,0,1,1,36,4,92.980683,22.806116,22.891811000000004,70.174567,23.24517075,5.701529,17.54364175,2.087636,0.521909,2.093188,18.620086,4.6550215,18.690170000000002,2.0983940000000003,0.5245985000000001,2.108453
F,0,1,1,37,4,96.876431,24.210735,26.164018999999996,72.665696,24.21910775,6.05268375,18.166424,2.6079980000000003,0.6519995000000001,2.63988,18.972821,4.74320525,20.732293,2.629916,0.657479,2.7918459999999996
F,0,1,1,38,4,92.907608,23.572241,23.603786,69.33536699999999,23.226902,5.89306025,17.333841749999998,2.205361,0.55134025,2.213316,19.03665,4.7591625,19.049964,2.3302300000000002,0.5825575000000001,2.340506
F,0,1,1,39,4,95.153958,23.249062000000002,23.274717000000003,71.90489600000001,23.7884895,5.8122655000000005,17.976224000000002,2.403482,0.6008705,2.4099640000000004,18.885154,4.7212885,18.897055,1.960426,0.4901065,1.9676980000000002
F,0,1,1,40,4,98.982487,23.23092,23.277524,75.75156700000001,24.74562175,5.80773,18.937891750000002,2.5554880000000004,0.6388720000000001,2.56353,18.51681,4.6292025,18.546461,2.1586220000000003,0.5396555000000001,2.1675329999999997
F,0,1,1,41,4,97.320346,23.60533,23.667201,73.715016,24.3300865,5.9013325,18.428754,2.512867,0.62821675,2.518479,19.346987,4.83674675,19.384125,1.745476,0.436369,1.764597
F,0,1,1,42,4,106.817996,24.446464000000006,24.473597,82.37153199999999,26.704499,6.1116160000000015,20.592882999999997,2.896988,0.724247,2.9023790000000003,19.338134000000004,4.834533500000001,19.349716,2.211342,0.5528355,2.221502
F,0,1,1,43,4,88.11654,21.966833,21.991913,66.149707,22.029135,5.49170825,16.53742675,2.048964,0.512241,2.054987,18.028246,4.5070615,18.039945,1.889623,0.47240575,1.8969810000000003
F,0,1,1,44,4,106.880243,23.901131000000003,23.952684,82.97911199999999,26.72006075,5.975282750000001,20.744777999999997,2.625661,0.65641525,2.632884,19.328264,4.832066,19.341063000000002,1.947206,0.4868015,1.9787369999999997
F,0,1,1,45,4,96.881412,22.933639,22.957707000000003,73.947773,24.220353,5.73340975,18.48694325,2.3281669999999997,0.5820417499999999,2.334651,18.749284,4.687321,18.759844,1.856188,0.464047,1.8632119999999999
F,0,1,1,46,4,108.292657,24.189518,24.217679000000004,84.103139,27.07316425,6.0473795,21.02578475,2.856904,0.714226,2.864108,19.120922999999998,4.780230749999999,19.132215000000002,2.211691,0.55292275,2.221356
F,0,1,1,47,4,113.80497,25.130962,27.201529,88.674008,28.4512425,6.2827405,22.168502,2.890892,0.722723,3.0011530000000004,19.789216,4.947304,21.71124,2.450854,0.6127135,2.4891360000000002
F,0,1,1,48,4,114.850869,23.902303000000003,23.992463,90.948566,28.71271725,5.975575750000001,22.7371415,2.9957779999999996,0.7489444999999999,3.0029019999999997,18.722017,4.68050425,18.795199,2.184508,0.546127,2.194362
F,0,1,1,49,4,83.8527,22.675202999999996,23.241858,61.177497,20.963175,5.668800749999999,15.29437425,1.892099,0.47302475,1.93796,18.472967999999998,4.6182419999999995,18.950522,2.310136,0.577534,2.353376
F,0,1,1,50,4,103.495394,22.508138,22.679261,80.987256,25.8738485,5.6270345,20.246814,2.237765,0.55944125,2.245545,18.389269,4.59731725,18.545499,1.8811039999999999,0.47027599999999997,1.8882169999999998
F,0,1,1,51,4,99.893753,23.081598999999997,23.2673,76.812154,24.97343825,5.770399749999999,19.2030385,2.458933,0.61473325,2.46636,18.564576,4.641144,18.733935,2.05809,0.5145225,2.067005
F,0,1,1,52,4,92.916289,23.003137,23.083219999999997,69.91315200000001,23.22907225,5.75078425,17.478288000000003,2.28476,0.57119,2.2907349999999997,18.704013,4.67600325,18.769326,2.014364,0.503591,2.0231589999999997
F,0,1,1,53,4,111.872921,24.513603999999997,24.595477,87.359317,27.96823025,6.128400999999999,21.83982925,2.7840119999999997,0.6960029999999999,2.828371,19.526221999999997,4.881555499999999,19.554167,2.20337,0.5508425,2.212939
F,0,1,1,54,4,96.351335,23.8234,23.918415,72.52793500000001,24.08783375,5.95585,18.131983750000003,2.5649170000000003,0.6412292500000001,2.572269,19.233434,4.8083585,19.3124,2.025049,0.50626225,2.0337460000000003
F,0,1,1,55,4,112.801761,24.286195999999997,24.372718,88.51556500000001,28.20044025,6.071548999999999,22.128891250000002,3.1879239999999998,0.7969809999999999,3.1953829999999996,19.055244,4.763811,19.126281,2.043028,0.510757,2.0510539999999997
F,0,1,1,56,4,127.835701,25.445508,25.460138999999998,102.390193,31.95892525,6.361377,25.59754825,3.861286,0.9653215,3.86941,19.833234,4.9583085,19.833482,1.750988,0.437747,1.757247
F,0,1,1,57,4,104.860349,23.798135000000002,23.997186000000003,81.062214,26.21508725,5.9495337500000005,20.2655535,2.3155390000000002,0.5788847500000001,2.323865,19.394465,4.84861625,19.574843,2.0881309999999997,0.5220327499999999,2.098478
F,0,1,1,58,4,159.977309,32.439781,32.53343,127.53752799999998,39.99432725,8.10994525,31.884381999999995,5.398324000000001,1.3495810000000001,5.40594,25.154603,6.28865075,25.233683,1.8868539999999998,0.47171349999999995,1.8938069999999998
F,0,1,1,59,4,133.750183,26.386288999999998,26.413355,107.36389399999999,33.43754575,6.5965722499999995,26.840973499999997,3.606479,0.90161975,3.6143780000000003,20.864891999999998,5.216222999999999,20.876799,1.9149180000000001,0.47872950000000003,1.9221780000000002
F,0,1,1,60,4,643.403608,126.392491,126.59557900000001,517.011117,160.850902,31.59812275,129.25277925,82.930904,20.732726,83.006849,42.52970200000001,10.632425500000002,42.632385000000006,0.931885,0.23297125,0.9563449999999999
F,0,1,1,61,4,98.709387,15.794343,15.837994,82.91504400000001,24.67734675,3.94858575,20.728761000000002,2.044897,0.51122425,2.050241,12.434306,3.1085765,12.443522,1.31514,0.328785,1.344231
F,0,1,1,62,4,93.615639,22.631447,22.657487,70.98419200000001,23.40390975,5.65786175,17.746048000000002,2.191493,0.54787325,2.199072,18.554829,4.63870725,18.567297,1.885125,0.47128125,1.891118
F,0,1,1,63,4,87.684694,22.298889,22.368463000000002,65.38580499999999,21.9211735,5.57472225,16.346451249999998,1.97599,0.4939975,1.981589,18.303751,4.57593775,18.35968,2.019148,0.504787,2.027194
F,0,1,1,64,4,105.196401,24.360715,24.390746000000004,80.835686,26.29910025,6.09017875,20.2089215,2.827758,0.7069395,2.8348590000000002,19.301204,4.825301,19.312316000000003,2.231753,0.55793825,2.243571
F,0,1,1,65,4,90.348387,22.714945999999998,22.764217,67.633441,22.58709675,5.678736499999999,16.90836025,2.084355,0.52108875,2.112648,18.439052,4.609763,18.450328,2.191539,0.54788475,2.201241
F,0,1,1,66,4,108.736071,26.495838,26.565686000000003,82.24023299999999,27.18401775,6.6239595,20.560058249999997,5.13681,1.2842025,5.14261,19.236109,4.80902725,19.292448,2.122919,0.53072975,2.130628
F,0,1,1,67,4,92.523418,23.370773000000003,23.410643,69.152645,23.1308545,5.842693250000001,17.28816125,2.246566,0.5616415,2.270158,18.821229000000002,4.705307250000001,18.825488,2.302978,0.5757445,2.314997
F,0,1,1,68,4,99.07837,23.840771,23.896666000000003,75.237599,24.7695925,5.96019275,18.80939975,2.396846,0.5992115,2.403718,19.039885,4.75997125,19.077299,2.4040399999999997,0.6010099999999999,2.415649
F,0,1,1,69,4,86.117357,22.94911,22.975452999999998,63.168246999999994,21.52933925,5.7372775,15.792061749999998,2.188077,0.54701925,2.1955970000000002,18.825226,4.7063065,18.837958999999998,1.935807,0.48395175,1.941897
F,0,1,1,70,4,93.384205,23.689736,23.718324,69.694469,23.34605125,5.922434,17.42361725,2.491173,0.62279325,2.49906,19.213754,4.8034385,19.22646,1.9848089999999998,0.49620224999999996,1.992804
F,0,1,1,71,4,111.055751,31.199223000000003,31.253946,79.856528,27.76393775,7.799805750000001,19.964132,5.289594,1.3223985,5.2944960000000005,23.755586,5.9388965,23.76675,2.154043,0.53851075,2.1927000000000003
F,0,1,1,72,4,109.30159,23.70231,23.728556,85.59928000000001,27.3253975,5.9255775,21.399820000000002,2.793245,0.69831125,2.8002540000000002,18.973362,4.7433405,18.986153,1.9357030000000002,0.48392575000000004,1.942149
F,0,1,1,73,4,129.498331,29.149304,29.270752,100.349027,32.37458275,7.287326,25.08725675,6.986269,1.74656725,6.992614,20.029088,5.007272,20.1351,2.133947,0.53348675,2.143038
F,0,1,1,74,4,99.17492,23.286744,23.345218,75.888176,24.79373,5.821686,18.972044,2.472931,0.61823275,2.48029,18.787461999999998,4.6968654999999995,18.829483,2.026351,0.50658775,2.035445
F,0,1,1,75,4,127.288322,25.022649,25.659954,102.26567299999999,31.8220805,6.25566225,25.566418249999998,3.3643340000000004,0.8410835000000001,3.373018,19.581986,4.8954965,20.173094,2.0763290000000003,0.5190822500000001,2.113842
F,0,1,1,76,4,112.879229,24.462147,24.580844000000003,88.417082,28.21980725,6.11553675,22.1042705,2.870762,0.7176905,2.878143,19.421023,4.85525575,19.522655,2.170362,0.5425905,2.180046
F,0,1,1,77,4,109.213211,24.417447,24.600047,84.795764,27.30330275,6.10436175,21.198941,2.5305609999999996,0.6326402499999999,2.538722,19.678966,4.9197415,19.843217,2.20792,0.55198,2.2181080000000004
F,0,1,1,78,4,294.940798,81.34118899999999,82.97260499999999,213.599609,73.7351995,20.335297249999996,53.39990225,41.32100799999999,10.330251999999998,42.903656,38.515418999999994,9.628854749999999,38.558457,1.504762,0.3761905,1.5104919999999997
F,0,1,1,79,4,113.148134,18.324073,18.364532999999998,94.824061,28.2870335,4.58101825,23.70601525,2.60552,0.65138,2.6114379999999997,13.912942000000001,3.4782355000000003,13.939205999999999,1.8056110000000003,0.4514027500000001,1.813889
F,0,1,1,80,4,92.942006,22.951254000000006,23.156119,69.990752,23.2355015,5.7378135000000015,17.497688,2.323453,0.58086325,2.329476,18.577738000000004,4.644434500000001,18.76836,2.0500629999999997,0.5125157499999999,2.0582830000000003
F,0,1,1,81,4,96.193069,23.292192,23.343628,72.900877,24.04826725,5.823048,18.22521925,2.425321,0.60633025,2.433706,19.013292,4.753323,19.05023,1.8535789999999999,0.46339474999999997,1.8596920000000001
F,0,1,1,82,4,109.821547,26.652759,26.678178,83.16878799999999,27.45538675,6.66318975,20.792196999999998,5.120931,1.28023275,5.127365,19.395459000000002,4.848864750000001,19.406829,2.1363689999999997,0.5340922499999999,2.1439839999999997
F,0,1,1,83,4,99.47915,23.496453,23.762046,75.982697,24.8697875,5.87411325,18.99567425,2.4614469999999997,0.6153617499999999,2.46738,18.954386,4.7385965,19.206002,2.08062,0.520155,2.088664
F,0,1,1,84,4,98.088275,23.545236,23.573515999999998,74.543039,24.52206875,5.886309,18.63575975,2.537205,0.63430125,2.5449759999999997,18.955309,4.73882725,18.967079,2.052722,0.5131805,2.061461
F,0,1,1,85,4,103.454603,23.271592,23.299126,80.18301100000001,25.86365075,5.817898,20.045752750000002,2.411378,0.6028445,2.417771,18.673568,4.668392,18.684394,2.186646,0.5466615,2.196961
F,0,1,1,86,4,96.938292,23.95524,23.985646,72.983052,24.234573,5.98881,18.245763,2.5540460000000005,0.6385115000000001,2.562194,19.06832,4.76708,19.079889,2.3328740000000003,0.5832185000000001,2.343563
F,0,1,1,87,4,107.854569,24.520091999999998,24.548236000000003,83.33447699999999,26.96364225,6.1300229999999996,20.833619249999998,2.737349,0.68433725,2.7434070000000004,19.571569,4.89289225,19.58288,2.2111739999999998,0.5527934999999999,2.2219490000000004
F,0,1,1,88,4,114.160501,24.62491,24.687445999999998,89.535591,28.54012525,6.1562275,22.38389775,3.025381,0.75634525,3.032906,19.529789,4.88244725,19.576280999999998,2.06974,0.517435,2.078259
F,0,1,1,89,4,96.277927,23.401735000000002,23.426883999999998,72.876192,24.06948175,5.8504337500000005,18.219048,2.427717,0.60692925,2.43476,19.144994,4.7862485,19.157432999999997,1.829024,0.457256,1.8346909999999998
F,0,1,1,90,4,105.437206,24.171921,24.231206,81.265285,26.3593015,6.04298025,20.31632125,2.757582,0.6893955,2.798058,19.498418,4.8746045,19.50999,1.9159210000000002,0.47898025000000005,1.923158
F,0,1,1,91,4,106.621505,24.257627,24.313571,82.363878,26.65537625,6.06440675,20.5909695,2.801487,0.70037175,2.808315,19.123362999999998,4.780840749999999,19.161956,2.332777,0.58319425,2.3433
F,0,1,1,92,4,103.610534,23.999927000000003,24.024567,79.610607,25.9026335,5.999981750000001,19.90265175,2.8304959999999997,0.7076239999999999,2.8369139999999997,19.323092000000003,4.830773000000001,19.334561,1.8463390000000002,0.46158475000000004,1.853092
F,0,1,1,93,4,97.012627,22.42611,22.478933,74.58651699999999,24.25315675,5.6065275,18.646629249999997,2.271078,0.5677695,2.276686,17.994246,4.4985615,18.03211,2.160786,0.5401965,2.170137
F,0,1,1,94,4,100.165422,23.494813999999998,23.522014,76.67060800000002,25.0413555,5.8737034999999995,19.167652000000004,2.534139,0.63353475,2.541493,18.765026,4.6912565,18.775997999999998,2.195649,0.54891225,2.204523
F,0,1,1,95,4,97.570604,23.625065999999997,23.709265000000002,73.945538,24.392651,5.906266499999999,18.4863845,2.547449,0.63686225,2.553477,18.849619999999998,4.7124049999999995,18.916571,2.227997,0.55699925,2.239217
F,0,1,1,96,4,111.085116,23.949281,23.974900999999996,87.135835,27.771279,5.98732025,21.78395875,2.625123,0.65628075,2.632534,19.438151,4.85953775,19.449154999999998,1.886007,0.47150175,1.893212
F,0,1,1,97,4,116.208089,24.147416,27.012592,92.06067300000001,29.05202225,6.036854,23.015168250000002,2.826996,0.706749,2.996837,19.265345,4.81633625,21.648524000000002,2.055075,0.51376875,2.367231
F,0,1,1,98,4,96.940683,23.631047000000002,23.721797000000002,73.30963600000001,24.23517075,5.907761750000001,18.327409000000003,2.505459,0.62636475,2.51462,19.227238,4.8068095,19.295078,1.89835,0.4745875,1.912099
F,0,1,1,99,4,93.849311,22.688539000000002,22.715650999999998,71.160772,23.46232775,5.672134750000001,17.790193,2.1166709999999997,0.5291677499999999,2.123768,18.530976000000003,4.632744000000001,18.542704999999998,2.040892,0.510223,2.049178
F,0,1,1,100,4,107.39794,23.575405999999994,23.712251000000002,83.82253400000002,26.849485,5.8938514999999985,20.955633500000005,2.569027,0.64225675,2.6347820000000004,18.970723999999997,4.742680999999999,19.0337,2.035655,0.50891375,2.043769
F,0,1,1,101,4,106.963386,23.749906,23.832601000000004,83.21348,26.7408465,5.9374765,20.80337,2.606063,0.65151575,2.61463,19.302133,4.82553325,19.370259,1.84171,0.4604275,1.847712
F,0,1,1,102,4,104.103142,24.134247000000002,24.274122,79.968895,26.0257855,6.0335617500000005,19.99222375,2.743138,0.6857845,2.7507580000000003,19.354332,4.838583,19.478989,2.036777,0.50919425,2.044375
F,0,1,1,103,4,105.863485,23.509702000000004,23.754718,82.35378299999999,26.46587125,5.877425500000001,20.588445749999998,2.5288329999999997,0.6322082499999999,2.552334,18.933066000000004,4.733266500000001,19.078787,2.047803,0.51195075,2.123597
F,0,1,1,104,4,103.862722,23.579053000000005,23.795595,80.283669,25.9656805,5.894763250000001,20.07091725,2.598179,0.64954475,2.605717,18.929605000000002,4.732401250000001,19.129466,2.051269,0.51281725,2.060412
F,0,1,1,105,4,105.01306,24.171006,24.250836999999997,80.84205399999999,26.253265,6.0427515,20.210513499999998,2.5940130000000003,0.6485032500000001,2.628242,19.644647,4.91116175,19.683591999999997,1.9323460000000001,0.48308650000000003,1.939003
F,0,1,1,106,4,105.673407,24.574160000000003,24.601975,81.09924699999999,26.41835175,6.143540000000001,20.274811749999998,2.467188,0.616797,2.475137,19.847895,4.96197375,19.858764,2.259077,0.56476925,2.268074
F,0,1,1,107,4,106.453436,24.331477,24.358291,82.121959,26.613359,6.08286925,20.53048975,2.77635,0.6940875,2.78358,19.535031,4.88375775,19.54602,2.020096,0.505024,2.0286910000000002
F,0,1,1,108,4,106.553888,23.580311000000002,23.644937000000002,82.973577,26.638472,5.8950777500000004,20.74339425,2.5964300000000002,0.6491075000000001,2.604887,18.901135,4.72528375,18.947481,2.082746,0.5206865,2.092569
F,0,1,1,109,4,103.426493,23.161896999999996,23.209531000000002,80.264596,25.85662325,5.790474249999999,20.066149,2.627429,0.65685725,2.634736,18.629998999999998,4.6574997499999995,18.663800000000002,1.9044690000000002,0.47611725000000005,1.9109949999999998
F,0,1,1,110,4,91.088555,22.679469000000005,22.729437,68.409086,22.77213875,5.669867250000001,17.1022715,2.105063,0.52626575,2.1115380000000004,18.715444,4.678861,18.751946,1.858962,0.4647405,1.8659529999999998
F,0,1,1,111,4,94.713495,23.289809,23.316762,71.42368599999999,23.67837375,5.82245225,17.855921499999997,2.384882,0.5962205,2.393088,18.972715,4.74317875,18.984459,1.932212,0.483053,1.939215
F,0,1,1,112,4,106.52547,24.313305,24.340500000000002,82.212165,26.6313675,6.07832625,20.55304125,2.7297509999999994,0.6824377499999998,2.7363589999999998,19.530580999999998,4.8826452499999995,19.542421,2.052973,0.51324325,2.06172
F,0,1,1,113,4,84.367171,22.601977999999995,22.622334,61.765193000000004,21.09179275,5.650494499999999,15.441298250000001,1.9652789999999998,0.49131974999999994,1.970263,18.414526,4.6036315,18.4206,2.2221729999999997,0.5555432499999999,2.231471
F,0,1,1,114,4,103.201287,23.596741,23.645414000000002,79.604546,25.80032175,5.89918525,19.9011365,2.535988,0.633997,2.563338,18.836704,4.709176,18.847752,2.224049,0.55601225,2.234324
F,0,1,1,115,4,128.655007,25.903912999999996,25.948099000000003,102.75109400000002,32.16375175,6.475978249999999,25.687773500000006,3.6939849999999996,0.9234962499999999,3.7176690000000003,20.099697,5.02492425,20.111854,2.1102309999999997,0.5275577499999999,2.118576
F,0,1,1,116,4,87.137139,22.984111000000002,23.00893,64.153028,21.78428475,5.7460277500000005,16.038257,2.070519,0.51762975,2.076522,18.865681000000002,4.7164202500000005,18.877029999999998,2.047911,0.51197775,2.055378
F,0,1,1,117,4,100.138058,23.310132,23.333853999999995,76.827926,25.0345145,5.827533,19.2069815,2.575485,0.64387125,2.5825310000000004,18.897695,4.72442375,18.908161999999997,1.836952,0.459238,1.843161
F,0,1,1,118,4,137.948421,25.990348,26.016256000000002,111.958073,34.48710525,6.497587,27.98951825,3.7363020000000002,0.9340755000000001,3.7452250000000005,20.407792999999998,5.1019482499999995,20.418495,1.846253,0.46156325,1.8525360000000002
F,0,1,1,119,4,91.361004,22.768512,22.956762,68.592492,22.840251,5.692128,17.148123,2.213202,0.5533005,2.219414,18.790977,4.69774425,18.967029,1.7643330000000002,0.44108325000000004,1.770319
P,0,1,2,0,4,191.98753,18.428106999999997,18.446879,173.55942299999998,47.9968825,4.607026749999999,43.389855749999995,2.235072,0.558768,2.241592,14.172723999999999,3.5431809999999997,14.180182,2.020311,0.50507775,2.025105
P,0,1,2,1,4,184.599574,17.935447,19.027116,166.66412699999998,46.1498935,4.48386175,41.666031749999995,2.078459,0.51961475,2.0839990000000004,13.877908,3.469477,14.353006,1.97908,0.49477,2.5901110000000003
P,0,1,2,2,4,177.246186,17.628141,17.646464,159.618045,44.3115465,4.40703525,39.90451125,2.172579,0.54314475,2.179169,13.322883999999998,3.3307209999999996,13.329287,2.1326780000000003,0.5331695000000001,2.1380079999999997
P,0,1,2,3,4,188.86672,19.054455,19.073141999999997,169.812265,47.21668,4.76361375,42.45306625,2.378025,0.59450625,2.385135,14.592915999999999,3.6482289999999997,14.600124999999998,2.083514,0.5208785,2.087882
P,0,1,2,4,4,193.067497,19.862087000000002,19.893556999999998,173.20541,48.26687425,4.965521750000001,43.3013525,2.474571,0.61864275,2.4812469999999998,15.379818,3.8449545,15.400148999999999,2.007698,0.5019245,2.012161
P,0,1,2,5,4,184.975872,17.523449,17.567748,167.452423,46.243968,4.38086225,41.86310575,2.229199,0.55729975,2.2348559999999997,13.587729000000001,3.3969322500000003,13.621949,1.706521,0.42663025,1.710943
P,0,1,2,6,4,195.788956,20.121901,20.136487000000002,175.667055,48.947239,5.03047525,43.91676375,2.354469,0.58861725,2.245375,15.525751,3.88143775,15.645048000000001,2.241681,0.56042025,2.246064
P,0,1,2,7,4,200.243689,21.190207,21.208594,179.05348199999997,50.06092225,5.29755175,44.76337049999999,3.779601,0.94490025,3.7865490000000004,15.387852,3.846963,15.394084,2.0227540000000004,0.5056885000000001,2.027961
P,0,1,2,8,4,186.1878,19.247603,19.26652,166.940197,46.54695,4.81190075,41.73504925,2.295335,0.57383375,2.302807,14.91968,3.72992,14.926573999999999,2.032588,0.508147,2.037139
P,0,1,2,9,4,200.344751,22.722887999999998,22.794316,177.62186300000002,50.08618775,5.680721999999999,44.405465750000005,2.646506,0.6616265,2.654331,17.908358,4.4770895,17.966465,2.168024,0.542006,2.17352
P,0,1,2,10,4,179.10493,23.197729,24.543022,155.907201,44.7762325,5.79943225,38.97680025,2.17373,0.5434325,2.421687,17.954429,4.48860725,19.047657,3.06957,0.7673925,3.073678
P,0,1,2,11,4,166.144575,13.661838,13.675387,152.48273700000001,41.53614375,3.4154595,38.120684250000004,1.7576,0.4394,1.76156,10.249316,2.562329,10.255587,1.654922,0.4137305,1.6582400000000002
P,0,1,2,12,4,209.950294,33.328536,33.363635,176.621758,52.4875735,8.332134,44.1554395,8.252065,2.06301625,8.272086,22.860997,5.71524925,22.872181,2.215474,0.5538685,2.2193680000000002
P,0,1,2,13,4,171.906292,22.816643000000003,22.859139999999996,149.089649,42.976573,5.704160750000001,37.27241225,2.159855,0.53996375,2.164405,18.777851000000002,4.6944627500000005,18.814425999999997,1.878937,0.46973425,1.880309
P,0,1,2,14,4,195.56948,22.963831,22.985887,172.605649,48.89237,5.74095775,43.15141225,2.777164,0.694291,2.7857709999999996,18.347946,4.5869865,18.359583,1.838721,0.45968025,1.840533
P,0,1,2,15,4,218.632983,27.781102,27.804999999999996,190.851881,54.65824575,6.9452755,47.71297025,5.170212000000001,1.2925530000000003,5.179104,20.439222,5.1098055,20.450691999999997,2.171668,0.542917,2.175204
P,0,1,2,16,4,173.826489,21.994759000000002,22.013858,151.83173,43.45662225,5.4986897500000005,37.9579325,2.339505,0.58487625,2.344526,18.577193,4.64429825,18.589006,1.078061,0.26951525,1.080326
P,0,1,2,17,4,196.322169,24.490836,24.518165,171.831333,49.08054225,6.122709,42.95783325,2.8616360000000003,0.7154090000000001,2.871008,19.299809,4.82495225,19.311936,2.329391,0.58234775,2.3352209999999998
P,0,1,2,18,4,240.281274,33.07741,33.311209,207.203864,60.0703185,8.2693525,51.800966,9.358759000000001,2.3396897500000002,9.395865,21.312061,5.32801525,21.503149,2.40659,0.6016475,2.412195
P,0,1,2,19,4,184.036809,24.560365,24.683276,159.47644400000001,46.00920225,6.14009125,39.869111000000004,2.548769,0.63719225,2.5550780000000004,19.176134,4.7940335,19.286324999999998,2.835462,0.7088655,2.841873
P,0,1,2,20,4,293.888811,58.917787000000004,58.96684,234.97102399999997,73.47220275,14.729446750000001,58.74275599999999,25.166543000000004,6.291635750000001,25.202577,31.679339,7.91983475,31.688512,2.071905,0.51797625,2.075751
P,0,1,2,21,4,188.86885,23.409442000000002,23.432562,165.459408,47.2172125,5.8523605000000005,41.364852,2.3734599999999997,0.5933649999999999,2.379559,18.668089000000002,4.6670222500000005,18.679411,2.367893,0.59197325,2.373592
P,0,1,2,22,4,204.581348,27.599608999999997,27.654730999999998,176.981739,51.145337,6.899902249999999,44.24543475,2.950029,0.73750725,2.962003,22.155981999999998,5.5389954999999995,22.166536,2.493598,0.6233995,2.526192
P,0,1,2,23,4,379.462179,55.100013000000004,55.393783000000006,324.362166,94.86554475,13.775003250000001,81.0905415,34.532700000000006,8.633175000000001,34.775178000000004,19.081614000000002,4.7704035000000005,19.127917,1.485699,0.37142475,1.490688
P,0,1,2,24,4,175.86765,15.22818,16.389933000000003,160.63947,43.9669125,3.807045,40.1598675,1.572965,0.39324125,1.9190800000000001,12.138707,3.03467675,12.950343,1.516508,0.379127,1.52051
P,0,1,2,25,4,187.882184,15.379026999999999,15.397369999999999,172.503157,46.970546,3.8447567499999997,43.12578925,2.0741029999999996,0.5185257499999999,2.080856,11.229108,2.807277,11.235174999999998,2.075816,0.518954,2.0813390000000003
P,0,1,2,26,4,172.936946,17.894094,17.910589,155.042852,43.2342365,4.4735235,38.760713,1.976112,0.494028,1.9830199999999998,14.048013,3.51200325,14.053599,1.8699690000000002,0.46749225000000005,1.87397
P,0,1,2,27,4,217.96671,23.323709,23.371487,194.643001,54.4916775,5.83092725,48.66075025,3.87791,0.9694775,3.9129750000000003,17.417143,4.35428575,17.424708,2.028656,0.507164,2.033804
P,0,1,2,28,4,181.643085,19.31628,19.608022,162.326805,45.41077125,4.82907,40.58170125,2.281052,0.570263,2.356032,15.353511000000001,3.8383777500000003,15.381355,1.681717,0.42042925,1.870635
P,0,1,2,29,4,173.17206,19.060986,19.081951,154.11107399999997,43.293015,4.7652465,38.52776849999999,1.8276329999999998,0.45690824999999996,1.8338659999999998,14.564918,3.6412295,14.571545,2.668435,0.66710875,2.67654
P,0,1,2,30,4,199.360015,25.460595,25.486948,173.89942,49.84000375,6.36514875,43.474855,3.1144939999999997,0.7786234999999999,3.124965,20.191599,5.04789975,20.202370000000002,2.154502,0.5386255,2.159613
P,0,1,2,31,4,216.387047,24.971151999999996,24.993969000000003,191.415895,54.09676175,6.242787999999999,47.85397375,3.718666,0.9296665,3.7265610000000002,19.263042,4.8157605,19.274202000000002,1.989444,0.497361,1.9932059999999998
P,0,1,2,32,4,207.772484,25.260448999999998,25.296424,182.512035,51.943121,6.315112249999999,45.62800875,3.822463,0.95561575,3.8316909999999997,20.404657999999998,5.101164499999999,20.428993,1.033328,0.258332,1.03574
P,0,1,2,33,4,171.598515,10.072965,10.123759,161.52554999999998,42.89962875,2.51824125,40.381387499999995,1.40305,0.3507625,1.4060920000000001,7.56763,1.8919075,7.613438,1.102285,0.27557125,1.104229
P,0,1,2,34,4,197.955158,29.370092000000003,29.432011999999997,168.585066,49.4887895,7.342523000000001,42.1462665,3.1553649999999998,0.7888412499999999,3.179563,23.886574000000003,5.971643500000001,23.919673,2.328153,0.58203825,2.332776
P,0,1,2,35,4,221.253814,27.402480999999998,27.42211,193.851333,55.3134535,6.8506202499999995,48.46283325,4.127715,1.03192875,4.135869,20.754669999999997,5.188667499999999,20.771963,2.5200959999999997,0.6300239999999999,2.514278
P,0,1,2,36,4,171.246652,23.272007000000002,23.343282,147.974645,42.811663,5.8180017500000005,36.99366125,2.311648,0.577912,2.341933,18.71487,4.6787175,18.749952999999998,2.245489,0.56137225,2.2513959999999997
P,0,1,2,37,4,191.099305,24.209683,24.327736000000005,166.88962199999997,47.77482625,6.05242075,41.722405499999994,2.665142,0.6662855,2.672647,18.8105,4.702625,18.913275000000002,2.7340409999999995,0.6835102499999999,2.741814
P,0,1,2,38,4,181.658465,23.020631999999996,23.044387999999998,158.637833,45.41461625,5.755157999999999,39.65945825,2.256959,0.56423975,2.262722,18.179273,4.54481825,18.190233,2.5844,0.6461,2.591433
P,0,1,2,39,4,190.94344,23.330334999999998,23.350974,167.61310500000002,47.73586,5.8325837499999995,41.903276250000005,2.493534,0.6233835,2.499954,18.710627,4.67765675,18.721066,2.1261740000000002,0.5315435000000001,2.129954
P,0,1,2,40,4,192.422428,23.526839000000002,23.551823,168.895589,48.105607,5.881709750000001,42.22389725,2.670609,0.66765225,2.6787859999999997,18.397100000000002,4.5992750000000004,18.408663999999998,2.45913,0.6147825,2.464373
P,0,1,2,41,4,197.246059,24.266754000000002,24.410707000000002,172.979305,49.31151475,6.066688500000001,43.24482625,2.796589,0.69914725,2.80375,19.6107,4.902675,19.744574,1.8594650000000001,0.46486625000000004,1.8623830000000001
P,0,1,2,42,4,202.285404,25.714707999999998,25.741821999999996,176.570696,50.571351,6.4286769999999995,44.142674,3.130706,0.7826765,3.1379109999999995,20.041553999999998,5.0103884999999995,20.054426999999997,2.542448,0.635612,2.549484
P,0,1,2,43,4,181.525158,23.014049999999997,23.035223,158.511108,45.3812895,5.753512499999999,39.627777,2.343168,0.585792,2.348515,18.492539,4.62313475,18.504821,2.178343,0.54458575,2.181887
P,0,1,2,44,4,184.721561,24.190657,24.212937000000004,160.53090400000002,46.18039025,6.04766425,40.132726000000005,2.921675,0.73041875,2.929565,19.11468,4.77867,19.125693000000002,2.1543020000000004,0.5385755000000001,2.157679
P,0,1,2,45,4,193.70779,23.451351000000003,23.474175,170.256439,48.4269475,5.862837750000001,42.56410975,2.635477,0.65886925,2.6429039999999997,18.737912,4.684478,18.749844,2.0779620000000003,0.5194905000000001,2.081427
P,0,1,2,46,4,214.582995,25.464608,25.491960000000002,189.118387,53.64574875,6.366152,47.27959675,3.167333,0.79183325,3.1747819999999995,19.700355,4.92508875,19.71347,2.59692,0.64923,2.603708
P,0,1,2,47,4,210.669764,25.970222,25.999603999999998,184.69954199999998,52.667441,6.4925555,46.174885499999995,3.141215,0.78530375,3.150584,20.011524,5.002881,20.024308,2.8174829999999997,0.7043707499999999,2.824712
P,0,1,2,48,4,210.869018,25.141604,25.169698000000004,185.727414,52.7172545,6.285401,46.4318535,3.227671,0.80691775,3.235468,19.325341,4.83133525,19.337285,2.5885920000000002,0.6471480000000001,2.596945
P,0,1,2,49,4,181.127407,23.626989,23.68681,157.500418,45.28185175,5.90674725,39.3751045,2.0775699999999997,0.5193924999999999,2.083257,19.048496999999998,4.762124249999999,19.095613,2.500922,0.6252305,2.50794
P,0,1,2,50,4,194.539378,23.464577,23.489901,171.074801,48.6348445,5.86614425,42.76870025,2.482316,0.620579,2.490238,18.721073999999998,4.6802684999999995,18.733724,2.261187,0.56529675,2.265939
P,0,1,2,51,4,197.174299,24.000599,24.024218,173.1737,49.29357475,6.00014975,43.293425,2.78908,0.69727,2.796834,18.896133000000003,4.724033250000001,18.908573,2.315386,0.5788465,2.318811
P,0,1,2,52,4,192.679049,24.158663999999998,24.185411000000002,168.520385,48.16976225,6.0396659999999995,42.13009625,2.628854,0.6572135,2.637087,19.10186,4.775465,19.114853,2.42795,0.6069875,2.433471
P,0,1,2,53,4,209.225692,24.858825999999997,24.885585,184.36686600000002,52.306423,6.214706499999999,46.091716500000004,2.7626429999999997,0.6906607499999999,2.7690050000000004,19.556908999999997,4.889227249999999,19.569022,2.539274,0.6348185,2.5475580000000004
P,0,1,2,54,4,198.245262,24.743026,24.793548,173.50223599999998,49.5613155,6.1857565,43.375558999999996,2.776474,0.6941185,2.808215,19.589621,4.89740525,19.601955,2.376931,0.59423275,2.3833779999999996
P,0,1,2,55,4,218.059346,25.467066,25.481844000000002,192.59228000000002,54.5148365,6.3667665,48.148070000000004,3.503902,0.8759755,3.51121,19.311256999999998,4.827814249999999,19.3237,2.6519070000000005,0.6629767500000001,2.646934
P,0,1,2,56,4,217.121442,25.975706,25.999638,191.145736,54.2803605,6.4939265,47.786434,4.0032890000000005,1.0008222500000001,4.012144,20.131942,5.0329855,20.144584000000002,1.8404749999999999,0.46011874999999997,1.84291
P,0,1,2,57,4,188.598301,23.913936000000003,23.937523000000002,164.68436499999999,47.14957525,5.978484000000001,41.171091249999996,2.574015,0.64350375,2.581603,19.102546000000004,4.775636500000001,19.114318,2.237375,0.55934375,2.241602
P,0,1,2,58,4,261.232713,30.376876,30.455447,230.85583699999998,65.30817825,7.594219,57.713959249999995,5.649406,1.4123515,5.686419000000001,22.565659,5.64141475,22.602487999999997,2.161811,0.54045275,2.16654
P,0,1,2,59,4,216.738117,26.546593,26.564512000000004,190.191524,54.18452925,6.63664825,47.547881,3.808254,0.9520635,3.8168240000000004,20.714597,5.17864925,20.719413000000003,2.023742,0.5059355,2.028275
P,0,1,2,60,4,726.411504,128.282651,128.29382900000002,598.128853,181.602876,32.07066275,149.53221325,84.007223,21.00180575,84.00816,42.148615,10.53715375,42.15441800000001,2.1268130000000003,0.5317032500000001,2.131251
P,0,1,2,61,4,193.049034,18.491942,18.513345,174.557092,48.2622585,4.6229855,43.639273,2.475213,0.61880325,2.480991,13.704603,3.42615075,13.714639,2.312126,0.5780315,2.3177149999999997
P,0,1,2,62,4,182.949195,23.137252,23.169479000000003,159.811943,45.73729875,5.784313,39.95298575,2.404059,0.60101475,2.410758,18.634126,4.6585315,18.644175,2.0990670000000002,0.5247667500000001,2.114546
P,0,1,2,63,4,182.232792,22.754782,22.775974,159.47800999999998,45.558198,5.6886955,39.869502499999996,2.2217700000000002,0.5554425000000001,2.226904,18.18129,4.5453225,18.192059,2.351722,0.5879305,2.3570110000000004
P,0,1,2,64,4,207.096369,24.77635,24.802713999999998,182.320019,51.77409225,6.1940875,45.58000475,3.1168510000000005,0.7792127500000001,3.125323,19.177135,4.79428375,19.187501,2.482364,0.620591,2.48989
P,0,1,2,65,4,176.205947,23.436924,23.461559,152.769023,44.05148675,5.859231,38.19225575,2.341103,0.58527575,2.346763,18.561207,4.64030175,18.572886,2.534614,0.6336535,2.54191
P,0,1,2,66,4,193.148979,23.281286,23.370663999999998,169.867693,48.28724475,5.8203215,42.46692325,2.5731539999999997,0.6432884999999999,2.579909,18.266435,4.56660875,18.327828999999998,2.441697,0.61042425,2.462926
P,0,1,2,67,4,189.419502,23.789929,24.301936,165.629573,47.3548755,5.94748225,41.40739325,2.461219,0.61530475,2.486711,18.525949,4.63148725,19.005579,2.8027610000000003,0.7006902500000001,2.809646
P,0,1,2,68,4,200.663303,24.250078000000002,24.303265,176.413225,50.16582575,6.0625195000000005,44.10330625,2.745398,0.6863495,2.75311,18.624696,4.656174,18.661713,2.879984,0.719996,2.888442
P,0,1,2,69,4,175.003982,22.806737,22.828608000000003,152.197245,43.7509955,5.70168425,38.04931125,2.274545,0.56863625,2.281998,18.517747,4.62943675,18.528686,2.0144450000000003,0.5036112500000001,2.017924
P,0,1,2,70,4,194.429277,23.741024999999997,23.729182,170.688252,48.60731925,5.935256249999999,42.672063,2.600191,0.65004775,2.573833,18.944406999999998,4.7361017499999996,18.955703,2.196427,0.54910675,2.199646
P,0,1,2,71,4,208.243768,25.824030999999998,25.889524,182.419737,52.060942,6.4560077499999995,45.60493425,3.144785,0.78619625,3.15015,20.30875,5.0771875,20.364488,2.370496,0.592624,2.374886
P,0,1,2,72,4,207.117903,24.468708,24.690108,182.64919500000002,51.77947575,6.117177,45.662298750000005,3.182205,0.79555125,3.18927,19.194308,4.798577,19.404660999999997,2.092195,0.52304875,2.096177
P,0,1,2,73,4,217.942579,26.407926000000003,26.520148,191.534653,54.48564475,6.601981500000001,47.88366325,4.015436,1.003859,4.023761,20.027635000000004,5.006908750000001,20.12396,2.364855,0.59121375,2.372427
P,0,1,2,74,4,197.027669,24.288716,24.306753,172.738953,49.25691725,6.072179,43.18473825,2.746862,0.6867155,2.7556320000000003,19.193054,4.7982635,19.168801000000002,2.3488,0.5872,2.3823199999999995
P,0,1,2,75,4,202.012037,25.282898,25.354519000000003,176.729139,50.50300925,6.3207245,44.18228475,3.614348,0.903587,3.621245,19.241862,4.8104655,19.302014,2.426688,0.606672,2.43126
P,0,1,2,76,4,211.199334,26.325438000000002,26.433335000000003,184.873896,52.7998335,6.5813595000000005,46.218474,3.266818,0.8167045,3.294986,20.42939,5.1073475,20.488266000000003,2.62923,0.6573075,2.650083
P,0,1,2,77,4,207.12947,25.876255999999998,28.734046999999997,181.253214,51.7823675,6.4690639999999995,45.3133035,3.066992,0.766748,3.077504,20.180007999999997,5.045001999999999,23.021065999999998,2.629256,0.657314,2.635477
P,0,1,2,78,4,389.6194,88.90894200000001,89.050195,300.71045799999996,97.40485,22.227235500000003,75.17761449999999,45.518648000000006,11.379662000000001,45.557100000000005,41.075331,10.26883275,41.149631,2.314963,0.57874075,2.343464
P,0,1,2,79,4,217.407107,26.234264,26.351807,191.172843,54.35177675,6.558566,47.79321075,3.6654929999999997,0.9163732499999999,3.703311,19.790838,4.9477095,19.861744,2.777933,0.69448325,2.786752
P,0,1,2,80,4,190.9765,23.596014999999998,23.98125,167.380485,47.744125,5.899003749999999,41.84512125,2.493292,0.623323,2.5380580000000004,18.682626,4.6706565,19.016485,2.4200969999999997,0.6050242499999999,2.426707
P,0,1,2,81,4,180.131207,23.871153000000003,25.102413000000002,156.260054,45.03280175,5.967788250000001,39.0650135,2.770607,0.69265175,2.9557240000000005,18.979313,4.74482825,19.995449,2.121233,0.53030825,2.15124
P,0,1,2,82,4,189.969068,24.239337,23.920486000000004,165.729731,47.492267,6.05983425,41.43243275,3.0393190000000003,0.7598297500000001,2.7030089999999998,18.937334,4.7343335,18.948681,2.262684,0.565671,2.268796
P,0,1,2,83,4,185.838587,24.210483000000004,24.280448999999997,161.62810399999998,46.45964675,6.052620750000001,40.407025999999995,2.709679,0.67741975,2.7329830000000004,19.093097,4.77327425,19.132391,2.4077070000000003,0.6019267500000001,2.415075
P,0,1,2,84,4,200.788474,24.259683000000003,24.285343,176.528791,50.1971185,6.064920750000001,44.13219775,2.899215,0.72480375,2.9085270000000003,19.077921,4.76948025,19.088474,2.282547,0.57063675,2.2883419999999997
P,0,1,2,85,4,195.854492,24.079968000000004,24.156185,171.77452399999999,48.963623,6.019992000000001,42.943630999999996,2.620377,0.65509425,2.626691,18.902174000000002,4.725543500000001,18.965153,2.557417,0.63935425,2.5643409999999998
P,0,1,2,86,4,195.734853,24.314783,24.343317,171.42006999999998,48.93371325,6.07869575,42.855017499999995,2.723076,0.680769,2.7312089999999998,19.094611,4.77365275,19.107035,2.497096,0.624274,2.505073
P,0,1,2,87,4,202.439981,25.122376000000003,25.148398999999998,177.317605,50.60999525,6.280594000000001,44.32940125,2.776675,0.69416875,2.7841240000000003,19.7301,4.932525,19.741946,2.6156010000000003,0.6539002500000001,2.6223289999999997
P,0,1,2,88,4,201.860482,25.304097,25.359064,176.55638499999998,50.4651205,6.32602425,44.139096249999994,3.232986,0.8082465,3.241048,19.714139999999997,4.928534999999999,19.756447,2.356971,0.58924275,2.3615690000000003
P,0,1,2,89,4,178.948031,23.466896000000002,23.488152,155.481135,44.73700775,5.8667240000000005,38.87028375,2.544259,0.63606475,2.552136,18.967987,4.74199675,18.97871,1.95465,0.4886625,1.957306
P,0,1,2,90,4,200.91522,25.144665999999997,25.167382999999997,175.770554,50.228805,6.286166499999999,43.9426385,2.9982260000000003,0.7495565000000001,3.006442,20.046048,5.011512,20.05701,2.100392,0.525098,2.103931
P,0,1,2,91,4,198.334681,24.555138,24.582276999999998,173.779543,49.58367025,6.1387845,43.44488575,2.6575620000000004,0.6643905000000001,2.666163,19.340822,4.8352055,19.352978999999998,2.5567539999999997,0.6391884999999999,2.563135
P,0,1,2,92,4,204.837601,24.712617999999996,24.734246000000002,180.12498300000001,51.20940025,6.178154499999999,45.031245750000004,2.851418,0.7128545,2.8573990000000005,19.740015999999997,4.935003999999999,19.752096,2.121184,0.530296,2.124751
P,0,1,2,93,4,182.779905,23.725487,23.749392,159.054418,45.69497625,5.93137175,39.7636045,2.525329,0.63133225,2.530844,18.541428000000003,4.635357000000001,18.55332,2.65873,0.6646825,2.665228
P,0,1,2,94,4,197.413027,24.336730000000003,24.401079999999997,173.076297,49.35325675,6.084182500000001,43.26907425,2.795739,0.69893475,2.814153,18.954995,4.73874875,18.994121999999997,2.5859959999999997,0.6464989999999999,2.592805
P,0,1,2,95,4,196.777185,23.785632,23.820355999999997,172.991553,49.19429625,5.946408,43.24788825,2.5876919999999997,0.6469229999999999,2.603792,18.597596,4.649399,18.60907,2.6003439999999998,0.6500859999999999,2.607494
P,0,1,2,96,4,205.030112,24.666892999999995,24.672312,180.36321900000002,51.257528,6.166723249999999,45.090804750000004,2.9115469999999997,0.7278867499999999,2.9198820000000003,19.719054999999997,4.929763749999999,19.73182,2.036291,0.50907275,2.02061
P,0,1,2,97,4,206.19812,24.688812000000002,24.786848999999997,181.50930799999998,51.54953,6.1722030000000006,45.377326999999994,3.04716,0.76179,3.0684060000000004,19.370434,4.8426085,19.441356,2.2712179999999997,0.5678044999999999,2.277087
P,0,1,2,98,4,181.619646,24.07046,24.091738999999997,157.549186,45.4049115,6.017615,39.3872965,2.720562,0.6801405,2.7281259999999996,19.25911,4.8147775,19.269039999999997,2.090788,0.522697,2.094573
P,0,1,2,99,4,184.235534,22.912682000000004,22.968024,161.322852,46.0588835,5.728170500000001,40.330713,2.229839,0.55745975,2.2359299999999998,18.367535,4.59188375,18.410885,2.315308,0.578827,2.3212089999999996
P,0,1,2,100,4,204.226103,24.276888000000003,24.384579,179.94921499999998,51.05652575,6.069222000000001,44.987303749999995,2.85751,0.7143775,2.866427,19.163991000000003,4.790997750000001,19.230847,2.255387,0.56384675,2.287305
P,0,1,2,101,4,202.634186,23.634515999999998,23.710829999999998,178.99967,50.6585465,5.9086289999999995,44.7499175,2.826247,0.70656175,2.833409,18.965376,4.741344,19.033231999999998,1.8428930000000001,0.46072325000000003,1.8441889999999999
P,0,1,2,102,4,200.809891,24.245568000000002,24.322705000000003,176.564323,50.20247275,6.061392000000001,44.14108075,2.9958729999999996,0.7489682499999999,3.0036889999999996,18.917729,4.72943225,18.981822,2.331966,0.5829915,2.337194
P,0,1,2,103,4,196.289202,24.029925,24.104786999999998,172.259277,49.0723005,6.00748125,43.06481925,2.9078470000000003,0.7269617500000001,2.926837,18.775781,4.69394525,18.826904,2.346297,0.58657425,2.351046
P,0,1,2,104,4,187.798787,23.630913999999997,23.728559999999998,164.16787300000001,46.94969675,5.907728499999999,41.041968250000004,2.833603,0.70840075,2.841361,18.512097999999998,4.6280244999999995,18.597417999999998,2.2852129999999997,0.5713032499999999,2.289781
P,0,1,2,105,4,205.790801,24.540142,24.561827,181.25065899999998,51.44770025,6.1350355,45.312664749999996,2.939667,0.73491675,2.94639,19.453727999999998,4.8634319999999995,19.464489,2.146747,0.53668675,2.150948
P,0,1,2,106,4,209.457472,25.294275000000003,25.366611,184.163197,52.364368,6.323568750000001,46.04079925,2.924678,0.7311695,2.9327,19.809927000000002,4.9524817500000005,19.867027999999998,2.55967,0.6399175,2.5668830000000002
P,0,1,2,107,4,202.195536,24.534387,24.635281999999997,177.661149,50.548884,6.13359675,44.41528725,2.853269,0.71331725,2.861099,19.406017,4.85150425,19.483314999999997,2.275101,0.56877525,2.290868
P,0,1,2,108,4,202.657367,24.079304,25.175392000000002,178.578063,50.66434175,6.019826,44.64451575,2.913325,0.72833125,2.921069,18.862156,4.715539,19.239852000000003,2.3038230000000004,0.5759557500000001,3.0144709999999995
P,0,1,2,109,4,203.495389,23.488746000000003,23.593565,180.006643,50.87384725,5.872186500000001,45.00166075,2.962045,0.74051125,2.969588,18.361357,4.59033925,18.454186,2.165344,0.541336,2.169791
P,0,1,2,110,4,176.090567,22.989925000000003,23.068581000000002,153.100642,44.02264175,5.747481250000001,38.2751605,2.271163,0.56779075,2.277659,18.73197,4.6829925,18.800271000000002,1.986792,0.496698,1.9906510000000002
P,0,1,2,111,4,191.029005,23.500417999999996,23.549163000000004,167.52858700000002,47.75725125,5.875104499999999,41.882146750000004,2.6286240000000003,0.6571560000000001,2.636199,18.854536,4.713634,18.89204,2.017258,0.5043145,2.020924
P,0,1,2,112,4,192.416455,24.343221999999997,24.364952000000002,168.07323300000002,48.10411375,6.085805499999999,42.018308250000004,2.843735,0.71093375,2.849291,19.177815,4.79445375,19.188759,2.321672,0.580418,2.326902
P,0,1,2,113,4,178.973943,22.736031,22.786945,156.237912,44.74348575,5.68400775,39.059478,2.114288,0.528572,2.120003,18.133809,4.53345225,18.172341,2.487934,0.6219835,2.494601
P,0,1,2,114,4,192.138864,24.169068999999997,24.182059,167.969795,48.034716,6.042267249999999,41.99244875,2.646254,0.6615635,2.64199,18.977358,4.7443395,18.98781,2.545457,0.63636425,2.552259
P,0,1,2,115,4,220.782595,25.832608000000004,25.857671,194.949987,55.19564875,6.458152000000001,48.73749675,3.8260629999999995,0.9565157499999999,3.8347230000000003,19.670466,4.9176165,19.681694,2.3360790000000002,0.5840197500000001,2.341254
P,0,1,2,116,4,176.116224,23.231018,23.251541000000003,152.88520599999998,44.029056,5.8077545,38.221301499999996,2.221181,0.55529525,2.225421,18.720892,4.680223,18.731245,2.288945,0.57223625,2.2948749999999998
P,0,1,2,117,4,196.460978,23.568927,23.636107,172.892051,49.1152445,5.89223175,43.22301275,2.764525,0.69113125,2.783983,18.702413,4.67560325,18.745862,2.1019889999999997,0.5254972499999999,2.106262
P,0,1,2,118,4,224.128985,26.649612,26.699777000000005,197.479373,56.03224625,6.662403,49.36984325,4.030634,1.0076585,4.036837,20.453423,5.11335575,20.493809000000002,2.165555,0.54138875,2.169131
P,0,1,2,119,4,183.070373,23.449517999999998,23.47014,159.620855,45.76759325,5.862379499999999,39.90521375,2.481046,0.6202615,2.488151,18.72103,4.6802575,18.731967,2.247442,0.5618605,2.2500220000000004
F,0,2,0,0,4,107.28507,24.520382999999995,24.579621000000003,82.76468700000001,26.8212675,6.130095749999999,20.691171750000002,2.625369,0.65634225,2.632811,19.661355999999998,4.9153389999999995,19.703102,2.233658,0.5584145,2.243708
F,0,2,0,1,4,120.22474,25.542435,25.622311,94.682305,30.056185,6.38560875,23.67057625,4.461734,1.1154335,4.468586,18.931094,4.7327735,18.996637999999997,2.149607,0.53740175,2.1570869999999998
F,0,2,0,2,4,107.198102,24.165578,24.217632,83.03252400000001,26.7995255,6.0413945,20.758131000000002,2.834523,0.70863075,2.842564,19.100382,4.7750955,19.134121999999998,2.230673,0.55766825,2.240946
F,0,2,0,3,4,103.903207,24.034041,24.064209999999996,79.86916599999999,25.97580175,6.00851025,19.967291499999998,2.714081,0.67852025,2.72178,19.033875,4.75846875,19.045558999999997,2.286085,0.57152125,2.2968710000000003
F,0,2,0,4,4,110.494325,25.183102,25.393340000000002,85.311223,27.62358125,6.2957755,21.32780575,2.804888,0.701222,2.994524,20.088644000000002,5.0221610000000005,20.099431,2.2895700000000003,0.5723925000000001,2.299385
F,0,2,0,5,4,102.050156,24.488388,24.512048,77.561768,25.512539,6.122097,19.390442,4.258868,1.064717,4.2654939999999995,18.340035,4.58500875,18.349909,1.8894849999999999,0.47237124999999996,1.8966450000000004
F,0,2,0,6,4,112.288908,27.06547,27.091459999999994,85.223438,28.072227,6.7663675,21.3058595,3.1856009999999997,0.7964002499999999,3.19177,21.601291000000003,5.400322750000001,21.611416999999996,2.2785780000000004,0.5696445000000001,2.288273
F,0,2,0,7,4,115.166999,25.741180999999997,25.769206,89.425818,28.79174975,6.435295249999999,22.3564545,4.410200000000001,1.1025500000000001,4.417903,19.173554999999997,4.793388749999999,19.184969000000002,2.157426,0.5393565,2.166334
F,0,2,0,8,4,115.634997,24.536298,25.093234000000002,91.098699,28.90874925,6.1340745,22.77467475,4.184217,1.04605425,4.190787,18.396327,4.59908175,18.903963,1.9557540000000002,0.48893850000000005,1.998484
F,0,2,0,9,4,121.083705,28.357892,28.741437,92.72581299999999,30.27092625,7.089473,23.181453249999997,6.514538,1.6286345,6.6524090000000005,19.717242000000002,4.929310500000001,19.935146000000003,2.126112,0.531528,2.1538820000000003
F,0,2,0,10,4,95.209941,23.444341,25.201379000000003,71.7656,23.80248525,5.86108525,17.9414,2.217479,0.55436975,3.457048,19.280658,4.8201645,19.789999,1.946204,0.486551,1.9543319999999997
F,0,2,0,11,4,96.922739,23.859035000000006,23.887548,73.063704,24.23068475,5.964758750000001,18.265926,2.505686,0.6264215,2.512674,19.056884000000004,4.764221000000001,19.06834,2.296465,0.57411625,2.306534
F,0,2,0,12,4,116.971419,32.259758999999995,32.44859,84.71166,29.24285475,8.064939749999999,21.177915,8.096116,2.024029,8.101776000000001,22.231740999999996,5.557935249999999,22.407975,1.931902,0.4829755,1.9388390000000002
F,0,2,0,13,4,83.379222,22.529638,22.552834,60.849584,20.8448055,5.6324095,15.212396,1.982968,0.495742,1.988406,18.762632999999997,4.690658249999999,18.775028,1.784037,0.44600925,1.7894
F,0,2,0,14,4,103.506228,22.208031000000002,22.387978999999998,81.29819699999999,25.876557,5.5520077500000005,20.324549249999997,2.363886,0.5909715,2.371029,18.068027,4.51700675,18.204145999999998,1.7761179999999999,0.44402949999999997,1.8128039999999999
F,0,2,0,15,4,136.385873,33.113651999999995,33.165796,103.272221,34.09646825,8.278412999999999,25.81805525,10.327504,2.581876,10.334706,20.777699,5.19442475,20.815929999999998,2.008449,0.50211225,2.0151600000000003
F,0,2,0,16,4,83.951956,22.946255999999998,23.017145,61.0057,20.987989,5.7365639999999996,15.251425,2.2724089999999997,0.5681022499999999,2.276807,18.607042,4.6517605,18.664613000000003,2.066805,0.51670125,2.075725
F,0,2,0,17,4,103.786661,24.586745999999998,24.614226000000002,79.199915,25.94666525,6.1466864999999995,19.79997875,3.254554,0.8136385,3.261924,19.256065,4.81401625,19.267091,2.076127,0.51903175,2.085211
F,0,2,0,18,4,150.72978,39.410523,39.910106000000006,111.31925700000001,37.682445,9.85263075,27.829814250000002,13.18544,3.29636,13.193841,24.078603,6.01965075,24.560255,2.14648,0.53662,2.1560099999999998
F,0,2,0,19,4,97.040779,23.781106,24.510284,73.25967299999999,24.26019475,5.9452765,18.314918249999998,2.411102,0.6027755,2.4625510000000004,19.082297,4.77057425,19.714866999999998,2.287707,0.57192675,2.332866
F,0,2,0,20,4,215.986943,56.76110299999999,57.496627,159.22584,53.99673575,14.190275749999998,39.80646,28.239644,7.059911,28.271784999999998,26.969274999999996,6.742318749999999,27.224126000000002,1.552184,0.388046,2.000716
F,0,2,0,21,4,88.768282,22.948171000000002,23.065169,65.820111,22.1920705,5.7370427500000005,16.45502775,2.180046,0.5450115,2.206415,18.681069,4.67026725,18.762633,2.087056,0.521764,2.096121
F,0,2,0,22,4,106.228022,24.326175,24.418820999999998,81.901847,26.5570055,6.08154375,20.47546175,2.766907,0.69172675,2.774965,19.179378999999997,4.794844749999999,19.251956999999997,2.3798890000000004,0.5949722500000001,2.391899
F,0,2,0,23,4,301.040223,64.501797,64.740592,236.53842600000002,75.26005575,16.12544925,59.134606500000004,44.373202,11.0933005,44.544925000000006,18.562590999999998,4.640647749999999,18.623016,1.566004,0.391501,1.5726510000000002
F,0,2,0,24,4,88.173099,22.458514,22.575810999999995,65.714585,22.04327475,5.6146285,16.42864625,1.993813,0.49845325,2.000058,18.279043,4.56976075,18.380274999999997,2.185658,0.5464145,2.1954779999999996
F,0,2,0,25,4,108.670671,24.238495999999998,24.322164,84.432175,27.16766775,6.0596239999999995,21.10804375,2.907314,0.7268285,2.9492089999999997,19.030972,4.757743,19.062624,2.30021,0.5750525,2.3103309999999997
F,0,2,0,26,4,106.176738,30.423254000000004,32.837296,75.753484,26.5441845,7.605813500000001,18.938371,2.332812,0.583203,2.339494,25.976159000000003,6.494039750000001,28.373733,2.114283,0.52857075,2.124069
F,0,2,0,27,4,159.394844,43.897357,43.95293,115.497487,39.848711,10.97433925,28.87437175,13.775287,3.44382175,13.783288,28.077709,7.01942725,28.116459000000003,2.044361,0.51109025,2.0531829999999998
F,0,2,0,28,4,99.555027,23.378926,23.450027999999996,76.17610099999999,24.88875675,5.8447315,19.044025249999997,2.662231,0.66555775,2.6915489999999997,18.990116,4.747529,19.026448,1.726579,0.43164475,1.732031
F,0,2,0,29,4,90.301303,23.377862999999998,23.406896,66.92344,22.57532575,5.8444657499999995,16.73086,2.178089,0.54452225,2.185367,18.920620999999997,4.730155249999999,18.932003,2.279153,0.56978825,2.289526
F,0,2,0,30,4,106.816142,24.300689000000002,24.327089,82.515453,26.7040355,6.0751722500000005,20.62886325,2.870203,0.71755075,2.877778,19.511541,4.87788525,19.523130000000002,1.918945,0.47973625,1.9261810000000001
F,0,2,0,31,4,121.554363,24.345692,24.372337,97.208671,30.38859075,6.086423,24.30216775,3.527527,0.88188175,3.537158,19.075156,4.768789,19.086386,1.743009,0.43575225,1.7487929999999998
F,0,2,0,32,4,121.606299,24.874426,24.942352,96.73187300000001,30.40157475,6.2186065,24.182968250000002,3.4275029999999997,0.8568757499999999,3.448026,19.337663,4.83441575,19.376711,2.10926,0.527315,2.1176150000000002
F,0,2,0,33,4,92.04346,23.157691000000003,23.362322999999996,68.885769,23.010865,5.789422750000001,17.22144225,2.353062,0.5882655,2.360307,18.741528000000002,4.685382000000001,18.929909,2.063101,0.51577525,2.072107
F,0,2,0,34,4,101.677637,23.439390000000003,23.525382,78.238247,25.41940925,5.859847500000001,19.55956175,2.4811309999999995,0.6202827499999999,2.488382,18.914410000000004,4.728602500000001,18.984545999999998,2.0438490000000002,0.5109622500000001,2.052454
F,0,2,0,35,4,132.393727,27.209569000000002,27.241291999999998,105.18415800000001,33.09843175,6.8023922500000005,26.296039500000003,3.921463,0.98036575,3.9315860000000002,20.948844,5.237211,20.960441,2.339262,0.5848155,2.349265
F,0,2,0,36,4,91.269624,22.94164,22.969832999999998,68.32798399999999,22.817406,5.73541,17.081995999999997,2.075957,0.51898925,2.0832729999999997,18.728585000000002,4.682146250000001,18.740163,2.137098,0.5342745,2.146397
F,0,2,0,37,4,99.06145,23.636363,23.665981000000002,75.42508699999999,24.7653625,5.90909075,18.856271749999998,2.557696,0.639424,2.564426,18.675887,4.66897175,18.687440000000002,2.40278,0.600695,2.414115
F,0,2,0,38,4,91.215152,22.847567999999995,22.994096,68.36758400000001,22.803788,5.711891999999999,17.091896000000002,2.18744,0.54686,2.244591,18.419646999999998,4.604911749999999,18.478659,2.240481,0.56012025,2.270846
F,0,2,0,39,4,92.288216,23.220346,23.326210000000003,69.06787,23.072054,5.8050865,17.2669675,2.333339,0.58333475,2.339955,18.883186000000002,4.7207965000000005,18.976117000000002,2.003821,0.50095525,2.010138
F,0,2,0,40,4,99.080676,23.345103,23.659147,75.73557299999999,24.770169,5.83627575,18.933893249999997,2.5117640000000003,0.6279410000000001,2.542166,18.603051,4.65076275,18.878034,2.2302880000000003,0.5575720000000001,2.238947
F,0,2,0,41,4,101.750805,24.62086,24.700962,77.12994499999999,25.43770125,6.155215,19.282486249999998,2.640105,0.66002625,2.6471150000000003,20.140328,5.035082,20.183329,1.840427,0.46010675,1.870518
F,0,2,0,42,4,104.636085,25.293182,25.344065000000004,79.34290299999999,26.15902125,6.3232955,19.835725749999998,3.011958,0.7529895,3.018315,19.939894000000002,4.984973500000001,19.973635,2.34133,0.5853325,2.352115
F,0,2,0,43,4,92.392921,22.930286,23.027909,69.462635,23.09823025,5.7325715,17.36565875,2.244409,0.56110225,2.251107,18.709094999999998,4.6772737499999995,18.790692,1.976782,0.4941955,1.98611
F,0,2,0,44,4,107.839599,23.204379000000003,23.278471999999994,84.63522,26.95989975,5.801094750000001,21.158805,2.663128,0.665782,2.6703979999999996,18.701108,4.675277,18.760934999999996,1.8401429999999999,0.46003574999999997,1.8471389999999999
F,0,2,0,45,4,96.441806,23.419465,25.324978999999995,73.022341,24.1104515,5.85486625,18.25558525,2.53238,0.633095,2.540877,18.967036,4.741759,20.857013,1.9200490000000001,0.48001225000000003,1.927089
F,0,2,0,46,4,112.508484,26.513143999999997,26.509496,85.99534,28.127121,6.628285999999999,21.498835,2.85987,0.7149675,2.86829,21.074426999999996,5.268606749999999,21.052462000000002,2.578847,0.64471175,2.588744
F,0,2,0,47,4,113.383164,24.368133999999998,24.398263,89.01503,28.345791,6.092033499999999,22.2537575,2.7801839999999998,0.6950459999999999,2.787585,19.256332999999998,4.8140832499999995,19.267166,2.331617,0.58290425,2.343512
F,0,2,0,48,4,113.772379,23.781195,23.807754,89.991184,28.44309475,5.94529875,22.497796,2.9783049999999998,0.7445762499999999,2.9852389999999995,18.557352,4.639338,18.567141,2.245538,0.5613845,2.2553739999999998
F,0,2,0,49,4,82.275641,22.408169,22.475059,59.86747199999999,20.56891025,5.60204225,14.966867999999998,1.946784,0.486696,1.9526769999999998,18.27008,4.56752,18.321069,2.191305,0.54782625,2.201313
F,0,2,0,50,4,89.011131,22.161495,22.186091,66.849636,22.25278275,5.54037375,16.712409,2.221208,0.555302,2.227954,18.102465,4.52561625,18.113206,1.837822,0.4594555,1.8449310000000003
F,0,2,0,51,4,97.529187,22.683679999999995,22.709271,74.845507,24.38229675,5.670919999999999,18.71137675,2.336671,0.58416775,2.344567,18.320422999999998,4.5801057499999995,18.330754,2.026586,0.5066465,2.03395
F,0,2,0,52,4,90.909062,22.513231,22.61365,68.395831,22.7272655,5.62830775,17.09895775,2.1998550000000003,0.5499637500000001,2.192558,18.315016,4.578754,18.414984999999998,1.9983600000000001,0.49959000000000003,2.006107
F,0,2,0,53,4,103.933678,23.835656999999998,23.954454000000002,80.098021,25.9834195,5.958914249999999,20.02450525,2.565365,0.64134125,2.5724210000000003,19.109356,4.777339,19.210109,2.1609359999999995,0.5402339999999999,2.1719239999999997
F,0,2,0,54,4,95.025402,23.468096,23.546159999999997,71.557306,23.7563505,5.867024,17.8893265,2.5711850000000003,0.6427962500000001,2.576842,18.816869,4.70421725,18.881252999999997,2.0800419999999997,0.5200104999999999,2.088065
F,0,2,0,55,4,111.625517,24.099857,25.542907,87.52566,27.90637925,6.02496425,21.881415,3.1853000000000002,0.7963250000000001,3.192082,18.905652999999997,4.726413249999999,19.995029000000002,2.0089040000000002,0.5022260000000001,2.355796
F,0,2,0,56,4,129.54616,25.066918999999995,25.236689000000002,104.47924099999999,32.38654,6.266729749999999,26.119810249999997,3.850302,0.9625755,3.8582219999999996,19.515834999999996,4.878958749999999,19.561989,1.700782,0.4251955,1.816478
F,0,2,0,57,4,94.174659,23.169584,23.195349,71.005075,23.54366475,5.792396,17.75126875,2.344269,0.58606725,2.3510530000000003,18.81971,4.7049275,18.830337,2.0056049999999996,0.5014012499999999,2.013959
F,0,2,0,58,4,164.934771,36.808037,37.259089,128.126734,41.23369275,9.20200925,32.0316835,6.274181,1.56854525,6.28221,28.627053,7.15676325,29.062884,1.906803,0.47670075,1.9139950000000001
F,0,2,0,59,4,122.601184,25.796552,25.82187,96.804632,30.650296,6.449138,24.201158,3.55753,0.8893825,3.565254,20.349842,5.0874605,20.360576000000002,1.88918,0.472295,1.8960400000000002
F,0,2,0,60,4,650.328027,117.03564300000001,117.85884300000001,533.292384,162.58200675,29.258910750000002,133.323096,74.803442,18.7008605,75.44194200000001,41.31093,10.3277325,41.336584,0.9212710000000001,0.23031775000000002,1.080317
F,0,2,0,61,4,100.47529,17.959922000000002,17.981118000000002,82.515368,25.1188225,4.489980500000001,20.628842,2.271929,0.56798225,2.27787,14.184487,3.54612175,14.193528,1.503506,0.3758765,1.50972
F,0,2,0,62,4,94.766257,22.431085,22.457031999999998,72.335172,23.69156425,5.60777125,18.083793,2.199863,0.54996575,2.207604,18.369260999999998,4.5923152499999995,18.380171999999998,1.8619610000000002,0.46549025000000005,1.869256
F,0,2,0,63,4,83.4674,22.070795000000004,22.095416999999998,61.396604999999994,20.86685,5.517698750000001,15.349151249999998,2.016659,0.50416475,2.022546,18.020341000000002,4.5050852500000005,18.030963999999997,2.033795,0.50844875,2.041907
F,0,2,0,64,4,115.028755,23.929243000000003,23.975538,91.099512,28.75718875,5.982310750000001,22.774878,2.8118100000000004,0.7029525000000001,2.838691,18.925647,4.73141175,18.935975,2.191786,0.5479465,2.200872
F,0,2,0,65,4,85.789438,22.487425999999996,22.514283000000002,63.302012000000005,21.4473595,5.621856499999999,15.825503000000001,2.061231,0.51530775,2.067333,18.231085999999998,4.557771499999999,18.242324,2.195109,0.54877725,2.2046259999999998
F,0,2,0,66,4,97.366167,22.59749,22.638028,74.768677,24.34154175,5.6493725,18.69216925,2.397678,0.5994195,2.4030530000000003,18.192333,4.54808325,18.219488,2.007479,0.50186975,2.015487
F,0,2,0,67,4,91.062601,23.500084,23.534957999999996,67.562517,22.76565025,5.875021,16.89062925,2.373351,0.59333775,2.377921,18.769776,4.692444,18.781070999999997,2.356957,0.58923925,2.375966
F,0,2,0,68,4,99.058744,23.690483999999998,23.766531999999998,75.36826,24.764686,5.9226209999999995,18.842065,2.411617,0.60290425,2.417886,18.877456,4.719364,18.937044,2.401411,0.60035275,2.411602
F,0,2,0,69,4,88.678932,22.586813,22.611622,66.092119,22.169733,5.64670325,16.52302975,2.069126,0.5172815,2.074135,18.598278999999998,4.6495697499999995,18.609714,1.9194079999999998,0.47985199999999995,1.927773
F,0,2,0,70,4,96.245238,23.051115,23.074365999999998,73.194123,24.0613095,5.76277875,18.29853075,2.247555,0.56188875,2.253703,18.907268000000002,4.7268170000000005,18.917786999999997,1.8962919999999999,0.47407299999999997,1.902876
F,0,2,0,71,4,113.551005,25.079394999999998,25.103888,88.47161,28.38775125,6.2698487499999995,22.1179025,2.9852309999999997,0.7463077499999999,2.9906309999999996,20.020042999999998,5.005010749999999,20.030905,2.074121,0.51853025,2.082352
F,0,2,0,72,4,110.871649,24.045578,24.076578,86.82607100000001,27.71791225,6.0113945,21.706517750000003,2.961285,0.74032125,2.9677110000000004,19.142882999999998,4.785720749999999,19.153983,1.9414100000000003,0.4853525000000001,1.9548840000000003
F,0,2,0,73,4,128.273911,25.814662000000002,25.842959999999998,102.459249,32.06847775,6.4536655000000005,25.61481225,3.911247,0.97781175,3.919359,19.763077000000003,4.940769250000001,19.774274,2.1403380000000003,0.5350845000000001,2.149327
F,0,2,0,74,4,99.129026,23.171273,23.198002,75.957753,24.7822565,5.79281825,18.98943825,2.491597,0.62289925,2.501484,18.648541,4.66213525,18.657390999999997,2.031135,0.50778375,2.0391269999999997
F,0,2,0,75,4,125.864197,25.130651000000004,25.240738,100.733546,31.46604925,6.282662750000001,25.1833865,3.5347030000000004,0.8836757500000001,3.542493,19.536458000000003,4.884114500000001,19.629748,2.0594900000000003,0.5148725000000001,2.068497
F,0,2,0,76,4,109.953784,24.272891999999995,24.518373,85.680892,27.488446,6.068222999999999,21.420223,2.8925039999999997,0.7231259999999999,2.9006220000000003,19.158825999999998,4.789706499999999,19.192407000000003,2.221562,0.5553905,2.4253440000000004
F,0,2,0,77,4,107.240046,24.830316,24.884033,82.40973000000001,26.8100115,6.207579,20.602432500000003,2.7772189999999997,0.6943047499999999,2.783965,19.759395,4.93984875,19.796982,2.2937019999999997,0.5734254999999999,2.303086
F,0,2,0,78,4,292.188373,86.760415,86.853012,205.42795800000002,73.04709325,21.69010375,51.356989500000005,44.432672,11.108168,44.459912,40.846107,10.21152675,40.90548400000001,1.481636,0.370409,1.487616
F,0,2,0,79,4,117.779168,23.696471000000003,23.726296,94.082697,29.444792,5.924117750000001,23.52067425,3.2640200000000004,0.8160050000000001,3.271787,18.175108,4.543777,18.185797,2.257343,0.56433575,2.268712
F,0,2,0,80,4,92.179797,22.817706,22.940105000000003,69.36209099999999,23.04494925,5.7044265,17.340522749999998,2.354969,0.58874225,2.363575,18.448494,4.6121235,18.553794,2.014243,0.50356075,2.022736
F,0,2,0,81,4,96.55553,23.293105999999998,23.333650000000002,73.26242400000001,24.1388825,5.8232764999999995,18.315606000000002,2.512603,0.62815075,2.518633,18.898438,4.7246095,18.926618,1.8820649999999999,0.47051624999999997,1.888399
F,0,2,0,82,4,97.184186,23.229174999999998,23.387908,73.955011,24.2960465,5.8072937499999995,18.48875275,2.45917,0.6147925,2.543755,18.73013,4.6825325,18.795163,2.0398750000000003,0.5099687500000001,2.0489900000000003
F,0,2,0,83,4,96.616455,23.377812000000002,23.749959,73.238643,24.15411375,5.844453000000001,18.30966075,2.397667,0.59941675,2.4058580000000003,18.89361,4.7234025,19.249427,2.086535,0.52163375,2.094674
F,0,2,0,84,4,108.384698,23.436823,23.487654,84.947875,27.0961745,5.85920575,21.23696875,2.53752,0.63438,2.544115,18.835832,4.708958,18.871236,2.063471,0.51586775,2.072303
F,0,2,0,85,4,97.197938,23.743363000000002,23.790043,73.45457499999999,24.2994845,5.9358407500000006,18.363643749999998,2.479125,0.61978125,2.487334,19.069828,4.767457,19.098934,2.19441,0.5486025,2.203775
F,0,2,0,86,4,97.200855,23.538189,24.717596,73.662666,24.30021375,5.88454725,18.4156665,2.389219,0.59730475,2.39697,18.800237,4.70005925,19.961991,2.348733,0.58718325,2.358635
F,0,2,0,87,4,107.995376,24.764043,24.791421999999997,83.23133299999999,26.998844,6.19101075,20.807833249999998,2.7276350000000003,0.6819087500000001,2.7333480000000003,19.777768000000002,4.9444420000000004,19.788213,2.2586399999999998,0.5646599999999999,2.269861
F,0,2,0,88,4,111.583405,24.624864000000002,24.780956,86.958541,27.89585125,6.156216000000001,21.73963525,2.941344,0.735336,3.049961,19.652647,4.91316175,19.691364,2.030873,0.50771825,2.039631
F,0,2,0,89,4,97.385238,23.406018999999997,23.432975,73.979219,24.3463095,5.851504749999999,18.49480475,2.541251,0.63531275,2.550491,19.06167,4.7654175,19.073822999999997,1.803098,0.4507745,1.8086609999999999
F,0,2,0,90,4,106.099557,24.420222000000003,24.455875000000002,81.67933500000001,26.52488925,6.105055500000001,20.419833750000002,2.817417,0.70435425,2.8252299999999995,19.598003000000002,4.8995007500000005,19.619902,2.004802,0.5012005,2.010743
F,0,2,0,91,4,105.832362,24.358477,24.39587,81.473885,26.4580905,6.08961925,20.36847125,2.665281,0.66632025,2.672451,19.383226,4.8458065,19.40251,2.30997,0.5774925,2.3209089999999994
F,0,2,0,92,4,104.259513,23.959460999999997,23.984719000000002,80.300052,26.06487825,5.989865249999999,20.075013,2.687538,0.6718845,2.694215,19.402492,4.850623,19.413841,1.869431,0.46735775,1.876663
F,0,2,0,93,4,94.20705,23.141773,23.168115,71.065277,23.5517625,5.78544325,17.76631925,2.438682,0.6096705,2.445049,18.44413,4.6110325,18.454497,2.258961,0.56474025,2.268569
F,0,2,0,94,4,97.738281,23.290866,23.317892999999998,74.447415,24.43457025,5.8227165,18.61185375,2.496596,0.624149,2.5038309999999995,18.610442,4.6526105,18.620772,2.183828,0.545957,2.19329
F,0,2,0,95,4,95.508057,23.261466000000002,23.31298,72.246591,23.87701425,5.8153665000000005,18.06164775,2.485814,0.6214535,2.492274,18.497227000000002,4.624306750000001,18.532138,2.278425,0.56960625,2.288568
F,0,2,0,96,4,112.112086,24.158092000000003,24.185177,87.953994,28.0280215,6.039523000000001,21.9884985,2.720216,0.680054,2.728662,19.528004000000003,4.882001000000001,19.53848,1.909872,0.477468,1.918035
F,0,2,0,97,4,111.53759,23.851485999999998,23.898630999999995,87.686104,27.8843975,5.962871499999999,21.921526,2.7448040000000002,0.6862010000000001,2.7519479999999996,19.116350999999998,4.7790877499999995,19.147060999999997,1.990331,0.49758275,1.999622
F,0,2,0,98,4,93.977332,23.235270000000003,23.326023,70.742062,23.494333,5.808817500000001,17.6855155,2.2727700000000004,0.5681925000000001,2.2967090000000003,19.10226,4.775565,19.113129,1.86024,0.46506,1.916185
F,0,2,0,99,4,88.831288,22.707545,22.737253,66.123743,22.207822,5.67688625,16.53093575,2.140254,0.5350635,2.151462,18.507728,4.626932,18.518735,2.059563,0.51489075,2.067056
F,0,2,0,100,4,101.087569,23.861702,23.889561999999998,77.225867,25.27189225,5.9654255,19.30646675,2.646795,0.66169875,2.654566,19.175413,4.79385325,19.185878,2.0394940000000004,0.5098735000000001,2.049118
F,0,2,0,101,4,105.274615,22.961999,23.015040999999997,82.31261599999999,26.31865375,5.74049975,20.578153999999998,2.489349,0.62233725,2.502391,18.759324,4.689831,18.793926,1.713326,0.4283315,1.718724
F,0,2,0,102,4,116.403368,29.039310999999998,29.065773999999998,87.364057,29.100842,7.2598277499999995,21.84101425,2.4480190000000004,0.6120047500000001,2.455951,24.467581,6.11689525,24.478706,2.123711,0.53092775,2.131117
F,0,2,0,103,4,110.158168,23.61128,23.677296000000002,86.546888,27.539542,5.90282,21.636722,2.588914,0.6472285,2.6217949999999997,18.99474,4.748685,19.003973000000002,2.0276259999999997,0.5069064999999999,2.051528
F,0,2,0,104,4,104.599638,23.064667999999998,23.104878,81.53497,26.1499095,5.766166999999999,20.3837425,2.4963290000000002,0.6240822500000001,2.51834,18.576085999999997,4.644021499999999,18.586041,1.9922529999999998,0.49806324999999996,2.000497
F,0,2,0,105,4,99.133764,23.473363000000003,23.639917,75.660401,24.783441,5.868340750000001,18.91510025,2.55739,0.6393475,2.5632919999999997,19.087926,4.7719815,19.242318,1.8280470000000002,0.45701175000000005,1.834307
F,0,2,0,106,4,106.95161,25.268099000000003,24.568305000000002,81.683511,26.7379025,6.317024750000001,20.42087775,2.53938,0.634845,2.546461,20.519109,5.12977725,19.802633,2.20961,0.5524025,2.219211
F,0,2,0,107,4,108.428637,24.160956999999996,24.639015,84.26768,27.10715925,6.040239249999999,21.06692,2.536181,0.63404525,2.564582,19.597116999999997,4.899279249999999,20.0377,2.027659,0.50691475,2.036733
F,0,2,0,108,4,102.576092,23.609097,23.698201,78.966995,25.644023,5.90227425,19.74174875,2.56354,0.640885,2.573614,19.023657,4.75591425,19.077802000000002,2.0219,0.505475,2.046785
F,0,2,0,109,4,102.045768,23.012686000000002,23.107119999999995,79.033082,25.511442,5.7531715000000005,19.7582705,2.641974,0.6604935,2.663427,18.516494,4.6291235,18.582535999999998,1.854218,0.4635545,1.861157
F,0,2,0,110,4,92.870615,22.678873000000003,22.786124,70.191742,23.21765375,5.669718250000001,17.5479355,2.1236810000000004,0.5309202500000001,2.156422,18.705888,4.676472,18.773380000000003,1.849304,0.462326,1.856322
F,0,2,0,111,4,94.798376,23.415894,23.526552000000002,71.38248200000001,23.699594,5.8539735,17.845620500000003,2.399693,0.59992325,2.432397,19.109329000000002,4.777332250000001,19.164744000000002,1.906872,0.476718,1.929411
F,0,2,0,112,4,105.556066,24.320332,24.404244,81.23573400000001,26.3890165,6.080083,20.308933500000002,2.7088889999999997,0.6772222499999999,2.7153240000000003,19.506069,4.87651725,19.574656,2.105374,0.5263435,2.114264
F,0,2,0,113,4,85.133403,22.924615,22.951871,62.208788,21.28335075,5.73115375,15.552197,2.023506,0.5058765,2.028767,18.638917,4.65972925,18.649823,2.262192,0.565548,2.273281
F,0,2,0,114,4,102.355489,24.178484,24.207453,78.17700500000001,25.58887225,6.044621,19.544251250000002,2.471393,0.61784825,2.47852,19.42622,4.856555,19.437975,2.2808710000000003,0.5702177500000001,2.290958
F,0,2,0,115,4,129.077764,25.594631999999997,27.532108,103.48313200000001,32.269441,6.398657999999999,25.870783000000003,3.5538109999999996,0.8884527499999999,3.6192969999999995,19.879320999999997,4.969830249999999,20.500038,2.1614999999999998,0.5403749999999999,3.412773
F,0,2,0,116,4,84.834152,22.904631000000002,22.989912999999998,61.929521,21.208538,5.7261577500000005,15.48238025,2.136524,0.534131,2.1421919999999997,18.698772,4.674693,18.770764999999997,2.069335,0.51733375,2.076956
F,0,2,0,117,4,102.646179,23.169810000000002,23.278377999999996,79.476369,25.66154475,5.7924525000000004,19.86909225,2.43613,0.6090325,2.444083,18.873260000000002,4.7183150000000005,18.967937,1.86042,0.465105,1.866358
F,0,2,0,118,4,130.058817,26.463236,26.527246,103.59558100000001,32.51470425,6.615809,25.898895250000002,3.8020080000000003,0.9505020000000001,3.81236,20.699153,5.17478825,20.745724000000003,1.9620750000000002,0.49051875000000006,1.969162
F,0,2,0,119,4,95.759857,22.881952,22.871503000000004,72.877905,23.93996425,5.720488,18.21947625,2.2615049999999997,0.5653762499999999,2.268374,18.908192,4.727048,18.885429000000002,1.7122549999999999,0.42806374999999997,1.7177
P,0,2,1,0,4,203.257033,29.142349000000003,29.168785000000003,174.114684,50.81425825,7.285587250000001,43.528671,6.56044,1.64011,6.566718,20.013170000000002,5.003292500000001,20.025936,2.568739,0.64218475,2.5761309999999997
P,0,2,1,1,4,205.1776,24.407095000000005,24.612917000000003,180.770505,51.2944,6.101773750000001,45.19262625,2.82683,0.7067075,2.833912,19.158741000000003,4.789685250000001,19.350642,2.4215240000000002,0.6053810000000001,2.428363
P,0,2,1,2,4,208.046062,27.250061000000002,27.405729,180.796001,52.0115155,6.812515250000001,45.19900025,3.275185,0.81879625,3.281845,21.416150000000002,5.3540375000000004,21.526652,2.558726,0.6396815,2.597232
P,0,2,1,3,4,207.932107,24.672778,24.765369999999997,183.259329,51.98302675,6.1681945,45.81483225,2.910191,0.72754775,2.9519509999999998,19.157993,4.78949825,19.199514999999998,2.604594,0.6511485,2.613904
P,0,2,1,4,4,202.323362,25.112663,25.763914999999997,177.210699,50.5808405,6.27816575,44.30267475,2.989334,0.7473335,2.997954,19.546331000000002,4.8865827500000005,20.188086,2.5769979999999997,0.6442494999999999,2.577875
P,0,2,1,5,4,201.870247,25.981348999999998,26.065997,175.888898,50.46756175,6.4953372499999995,43.9722245,4.76205,1.1905125,4.769978,19.155897,4.78897425,19.227146,2.063402,0.5158505,2.068873
P,0,2,1,6,4,192.58683,25.063193000000002,25.160832999999997,167.52363699999998,48.1467075,6.2657982500000005,41.880909249999995,2.835558,0.7088895,2.8432270000000006,19.544616,4.886154,19.627004,2.6830190000000003,0.6707547500000001,2.690602
P,0,2,1,7,4,189.130431,24.10606,24.219163,165.02437099999997,47.28260775,6.026515,41.25609274999999,2.782718,0.6956795,2.7890699999999997,18.967569,4.74189225,19.041102000000002,2.355773,0.58894325,2.388991
P,0,2,1,8,4,201.723417,23.119003,23.160358,178.60441400000002,50.43085425,5.77975075,44.651103500000005,2.836489,0.70912225,2.8445779999999994,18.264671,4.56616775,18.264354,2.017843,0.50446075,2.0514259999999997
P,0,2,1,9,4,212.270267,28.702976,28.974204999999998,183.56729099999998,53.06756675,7.175744,45.891822749999996,5.4263829999999995,1.3565957499999999,5.4807939999999995,20.87692,5.21923,21.087591,2.399673,0.59991825,2.40582
P,0,2,1,10,4,199.046905,25.053234000000003,25.328666,173.993671,49.76172625,6.263308500000001,43.49841775,2.444251,0.61106275,2.449754,20.44631,5.1115775,20.520125999999998,2.162673,0.54066825,2.3587860000000003
P,0,2,1,11,4,203.896344,27.484468,27.564476,176.411876,50.974086,6.871117,44.102969,2.563855,0.64096375,2.572793,20.571993,5.14299825,20.635481,4.34862,1.087155,4.356202
P,0,2,1,12,4,202.431429,30.798078000000004,30.892822000000006,171.633351,50.60785725,7.699519500000001,42.90833775,8.255969,2.06399225,8.333944,20.3636,5.0909,20.375531000000002,2.178509,0.54462725,2.183347
P,0,2,1,13,4,170.478287,22.858916,23.071422,147.619371,42.61957175,5.714729,36.90484275,2.158221,0.53955525,2.164305,18.907182,4.7267955,19.111177,1.793513,0.44837825,1.7959399999999999
P,0,2,1,14,4,195.069955,22.897009,23.111938,172.172946,48.76748875,5.72425225,43.0432365,2.75357,0.6883925,2.762185,18.251956,4.562989,18.455726,1.891483,0.47287075,1.8940270000000001
P,0,2,1,15,4,221.173859,33.866828,34.515324,187.307031,55.29346475,8.466707,46.82675775,10.655866,2.6639665,10.662295,21.058103,5.26452575,21.621949,2.152859,0.53821475,2.23108
P,0,2,1,16,4,176.411718,23.019315000000002,23.055322999999998,153.392403,44.1029295,5.754828750000001,38.34810075,2.248678,0.5621695,2.254294,18.39679,4.5991975,18.422321,2.373847,0.59346175,2.378708
P,0,2,1,17,4,191.234155,24.344419000000002,24.472840000000005,166.88973599999997,47.80853875,6.0861047500000005,41.72243399999999,2.6959920000000004,0.6739980000000001,2.7021900000000003,19.269604,4.817401,19.385492000000003,2.378823,0.59470575,2.385158
P,0,2,1,18,4,240.313641,31.269795,31.350507,209.043846,60.07841025,7.81744875,52.2609615,6.373977,1.59349425,6.383319999999999,22.439777,5.60994425,22.504499,2.456041,0.61401025,2.462688
P,0,2,1,19,4,191.176671,24.714843,25.192774000000004,166.461828,47.79416775,6.17871075,41.615457,2.6091659999999997,0.6522914999999999,2.6446210000000003,19.401682,4.8504205,19.799842,2.703995,0.67599875,2.748311
P,0,2,1,20,4,305.831324,61.951798000000004,62.688203,243.879526,76.457831,15.487949500000001,60.9698815,30.430276000000003,7.607569000000001,30.562478,29.411128,7.352782,29.944223,2.110394,0.5275985,2.181502
P,0,2,1,21,4,171.57378,23.253971999999997,23.308022,148.319808,42.893445,5.813492999999999,37.079952,2.305636,0.576409,2.311635,18.551505,4.63787625,18.593132,2.3968309999999997,0.5992077499999999,2.403255
P,0,2,1,22,4,201.287237,25.104851,25.293273,176.182386,50.32180925,6.27621275,44.0455965,2.790879,0.69771975,2.961315,19.447643,4.86191075,19.457613000000002,2.8663290000000003,0.7165822500000001,2.874345
P,0,2,1,23,4,415.063796,72.11527799999999,72.152567,342.94851800000004,103.765949,18.028819499999997,85.73712950000001,49.484415,12.37110375,49.505824000000004,20.062079,5.01551975,20.070438,2.568784,0.642196,2.576305
P,0,2,1,24,4,176.297369,23.652014000000005,23.735696,152.645355,44.07434225,5.913003500000001,38.16133875,2.307971,0.57699275,2.317424,18.660946000000003,4.665236500000001,18.72725,2.683097,0.67077425,2.6910220000000002
P,0,2,1,25,4,193.842573,24.637077,24.722792000000002,169.20549599999998,48.46064325,6.15926925,42.301373999999996,3.011641,0.75291025,3.0183910000000003,19.011793,4.75294825,19.082949,2.613643,0.65341075,2.621452
P,0,2,1,26,4,189.055897,24.412857000000002,24.546318,164.64303999999998,47.26397425,6.103214250000001,41.160759999999996,2.600712,0.650178,2.60823,19.500542000000003,4.875135500000001,19.620714,2.311603,0.57790075,2.317374
P,0,2,1,27,4,230.335578,28.419815999999997,28.436080999999998,201.915762,57.5838945,7.104953999999999,50.4789405,4.480313,1.12007825,4.488413,21.647049,5.41176225,21.648519999999998,2.2924539999999998,0.5731134999999999,2.2991479999999997
P,0,2,1,28,4,197.827911,24.018024,24.060835,173.809887,49.45697775,6.004506,43.45247175,2.794206,0.6985515,2.8010759999999997,19.358571,4.83964275,19.392272000000002,1.865247,0.46631175,1.867487
P,0,2,1,29,4,175.253461,23.899425,23.924844999999998,151.35403599999998,43.81336525,5.97485625,37.838508999999995,2.262093,0.56552325,2.2688509999999997,18.914928,4.728732,18.925863,2.722404,0.680601,2.730131
P,0,2,1,30,4,203.089874,24.783368,24.859043,178.306506,50.7724685,6.195842,44.5766265,3.1015420000000002,0.7753855000000001,3.1106429999999996,19.554351,4.88858775,19.616124,2.1274749999999996,0.5318687499999999,2.132276
P,0,2,1,31,4,210.529277,24.95764,24.981538999999998,185.571637,52.63231925,6.23941,46.39290925,3.7790419999999996,0.9447604999999999,3.7869629999999996,19.308108,4.827027,19.320576,1.87049,0.4676225,1.874
P,0,2,1,32,4,209.840009,25.548322000000002,25.595412,184.291687,52.46000225,6.387080500000001,46.07292175,3.601665,0.90041625,3.610165,19.64826,4.912065,19.680825000000002,2.298397,0.57459925,2.3044219999999997
P,0,2,1,33,4,181.829471,24.134548000000002,24.305999000000003,157.69492300000002,45.45736775,6.033637000000001,39.423730750000004,2.503302,0.6258255,2.511545,19.133611000000002,4.7834027500000005,19.289908,2.497635,0.62440875,2.504546
P,0,2,1,34,4,191.873714,23.829158,23.855010999999998,168.044556,47.9684285,5.9572895,42.011139,2.517388,0.629347,2.525316,18.94336,4.73584,18.95462,2.36841,0.5921025,2.375075
P,0,2,1,35,4,217.54975,28.102677,28.149964,189.447073,54.3874375,7.02566925,47.36176825,4.076787,1.01919675,4.083776,21.398585,5.34964625,21.429757,2.627305,0.65682625,2.6364310000000004
P,0,2,1,36,4,171.595391,23.427467999999998,23.451938,148.167923,42.89884775,5.856866999999999,37.04198075,2.270681,0.56767025,2.276062,18.80904,4.70226,18.820923,2.347747,0.58693675,2.354953
P,0,2,1,37,4,191.822938,24.283462,24.312599000000002,167.53947599999998,47.9557345,6.0708655,41.884868999999995,2.704727,0.67618175,2.712069,18.806483,4.70162075,18.818629,2.772252,0.693063,2.7819010000000004
P,0,2,1,38,4,176.658578,23.399065,23.471031,153.259513,44.1646445,5.84976625,38.31487825,2.2040990000000003,0.5510247500000001,2.2364569999999997,18.515047,4.62876175,18.545927,2.679919,0.66997975,2.688647
P,0,2,1,39,4,192.797579,23.795915,24.014259000000003,169.001664,48.19939475,5.94897875,42.250416,2.503497,0.62587425,2.5410690000000002,19.172466,4.7931165,19.289657000000002,2.119952,0.529988,2.1835329999999997
P,0,2,1,40,4,188.412806,23.740316999999997,23.778227,164.67248899999998,47.1032015,5.935079249999999,41.168122249999996,2.6431709999999997,0.6607927499999999,2.650984,18.665889999999997,4.666472499999999,18.690182,2.431256,0.607814,2.437061
P,0,2,1,41,4,195.585332,24.498085999999997,24.524306999999997,171.087246,48.896333,6.124521499999999,42.7718115,2.674799,0.66869975,2.683881,19.921659,4.98041475,19.933656999999997,1.901628,0.475407,1.906769
P,0,2,1,42,4,205.767821,26.227042,26.27768,179.540779,51.44195525,6.5567605,44.88519475,3.133352,0.783338,3.140784,20.542658000000003,5.135664500000001,20.5773,2.551032,0.637758,2.559596
P,0,2,1,43,4,178.67648,23.195499,23.241038000000003,155.48098099999999,44.66912,5.79887475,38.870245249999996,2.235826,0.5589565,2.243148,18.81893,4.7047325,18.851593,2.140743,0.53518575,2.1462969999999997
P,0,2,1,44,4,189.06132,24.151088,24.214354000000004,164.910232,47.26533,6.037772,41.227558,2.821419,0.70535475,2.829619,19.238523,4.80963075,19.288789,2.091146,0.5227865,2.095946
P,0,2,1,45,4,198.534005,23.287891,23.32829,175.246114,49.63350125,5.82197275,43.8115285,2.5906909999999996,0.6476727499999999,2.598917,18.718147,4.67953675,18.729743,1.9790530000000002,0.49476325000000004,1.9996299999999998
P,0,2,1,46,4,211.379,25.295272000000004,25.432602000000003,186.08372799999998,52.84475,6.323818000000001,46.520931999999995,3.087392,0.771848,3.204091,19.641161000000004,4.910290250000001,19.653023,2.566719,0.64167975,2.575488
P,0,2,1,47,4,208.077929,26.047214999999998,26.101483999999996,182.03071400000002,52.01948225,6.5118037499999994,45.507678500000004,3.1400439999999996,0.7850109999999999,3.173541,20.127647,5.03191175,20.138889999999996,2.779524,0.694881,2.7890529999999996
P,0,2,1,48,4,206.870815,24.67117,24.939673999999997,182.199645,51.71770375,6.1677925,45.54991125,3.197105,0.79927625,3.222087,18.928335,4.73208375,19.149489,2.5457300000000003,0.6364325000000001,2.568098
P,0,2,1,49,4,176.635022,23.070343,23.094017000000004,153.56467899999998,44.1587555,5.76758575,38.391169749999996,1.9994599999999998,0.49986499999999995,2.0045420000000003,18.56192,4.64048,18.572981000000002,2.5089629999999996,0.6272407499999999,2.5164940000000002
P,0,2,1,50,4,186.451282,23.425624,23.475356,163.025658,46.6128205,5.856406,40.7564145,2.4649650000000003,0.6162412500000001,2.472977,18.773608,4.693402,18.785039,2.1870510000000003,0.5467627500000001,2.21734
P,0,2,1,51,4,187.446838,23.790373000000002,23.842564000000003,163.65646500000003,46.8617095,5.947593250000001,40.914116250000006,2.745165,0.68629125,2.753706,18.679275,4.66981875,18.715261,2.365933,0.59148325,2.373597
P,0,2,1,52,4,194.45905,23.766014,23.821644,170.693036,48.6147625,5.9415035,42.673259,2.510462,0.6276155,2.5171769999999998,18.873582,4.7183955,18.915478,2.38197,0.5954925,2.388989
P,0,2,1,53,4,201.649031,24.504003,24.573869000000002,177.145028,50.41225775,6.12600075,44.286257,2.8079,0.701975,2.816634,19.194118,4.7985295,19.247437,2.501985,0.62549625,2.509798
P,0,2,1,54,4,198.553547,24.503519999999998,24.674814000000005,174.050027,49.63838675,6.1258799999999995,43.51250675,2.782403,0.69560075,2.789359,19.215919,4.80397975,19.374093000000002,2.5051980000000005,0.6262995000000001,2.511362
P,0,2,1,55,4,211.761529,25.419424,25.446586,186.342105,52.94038225,6.354856,46.58552625,3.585532,0.896383,3.592989,19.46765,4.8669125,19.480528,2.3662419999999997,0.5915604999999999,2.373069
P,0,2,1,56,4,209.14856,26.007999,26.055196,183.140561,52.28714,6.50199975,45.78514025,4.2038340000000005,1.0509585000000001,4.2109760000000005,19.996063,4.99901575,20.033885,1.808102,0.4520255,1.810335
P,0,2,1,57,4,188.793992,24.183287999999997,24.228493,164.610704,47.198498,6.045821999999999,41.152676,2.648256,0.662064,2.656011,19.259158999999997,4.814789749999999,19.28958,2.275873,0.56896825,2.282902
P,0,2,1,58,4,252.401425,29.011998,29.055773000000002,223.38942699999998,63.10035625,7.2529995,55.847356749999996,5.5491340000000005,1.3872835000000001,5.576679,21.373603,5.34340075,21.384885,2.089261,0.52231525,2.094209
P,0,2,1,59,4,215.429764,26.313529,26.424391000000004,189.11623500000002,53.857441,6.57838225,47.279058750000004,3.73818,0.934545,3.745785,20.526664999999998,5.131666249999999,20.625461,2.048684,0.512171,2.0531449999999998
P,0,2,1,60,4,742.358375,120.707434,120.98092500000003,621.650941,185.58959375,30.1768585,155.41273525,76.878203,19.21955075,76.92888500000002,41.73383200000001,10.433458000000002,41.951402,2.095399,0.52384975,2.100638
P,0,2,1,61,4,190.079208,17.74922,17.771105,172.329988,47.519802,4.437305,43.082497,2.302222,0.5755555,2.307756,13.167387,3.29184675,13.176399,2.279611,0.56990275,2.28695
P,0,2,1,62,4,191.757905,22.889446,22.911008,168.868459,47.93947625,5.7223615,42.21711475,2.380705,0.59517625,2.387056,18.368127,4.59203175,18.379903,2.1406140000000002,0.5351535000000001,2.144049
P,0,2,1,63,4,173.761843,22.758316,22.832110999999998,151.003527,43.44046075,5.689579,37.75088175,2.1327160000000003,0.5331790000000001,2.1398,18.287186,4.5717965,18.348443999999997,2.3384139999999998,0.5846034999999999,2.343867
P,0,2,1,64,4,204.362661,24.408469,25.644928,179.954192,51.09066525,6.10211725,44.988548,3.050283,0.76257075,3.298094,18.90307,4.7257675,19.883841,2.4551160000000003,0.6137790000000001,2.462993
P,0,2,1,65,4,181.498172,22.873182000000003,22.897456000000002,158.62499,45.374543,5.718295500000001,39.6562475,2.160094,0.5400235,2.166257,18.235399,4.55884975,18.247141,2.4776890000000003,0.6194222500000001,2.484058
P,0,2,1,66,4,193.367392,23.530735999999997,23.655306000000003,169.836656,48.341848,5.882683999999999,42.459164,2.5012950000000003,0.6253237500000001,2.509328,18.674623999999998,4.6686559999999995,18.784449000000002,2.3548169999999997,0.5887042499999999,2.361529
P,0,2,1,67,4,189.360137,24.355926000000004,24.383985000000003,165.004211,47.34003425,6.088981500000001,41.25105275,2.493697,0.62342425,2.501726,19.004214,4.7510535,19.016122,2.858015,0.71450375,2.866137
P,0,2,1,68,4,193.331807,24.697167999999998,24.747493,168.634639,48.33295175,6.1742919999999994,42.15865975,2.663241,0.66581025,2.67072,19.11904,4.77976,19.154147,2.914887,0.72872175,2.9226259999999997
P,0,2,1,69,4,177.265958,23.122673,23.181684,154.14328500000002,44.3164895,5.78066825,38.535821250000005,2.280938,0.5702345,2.322798,18.737614,4.6844035,18.748729,2.104121,0.52603025,2.110157
P,0,2,1,70,4,189.386335,23.603457999999996,23.736766999999997,165.782877,47.34658375,5.900864499999999,41.44571925,2.524603,0.63115075,2.532513,18.971873,4.74296825,19.092544,2.106982,0.5267455,2.11171
P,0,2,1,71,4,207.24911,26.055586,26.113766000000002,181.193524,51.8122775,6.5138965,45.298381,3.2467870000000003,0.8116967500000001,3.253088,20.350946,5.0877365,20.396958,2.457853,0.61446325,2.46372
P,0,2,1,72,4,201.734842,24.9828,25.034789000000004,176.752042,50.4337105,6.2457,44.1880105,3.18256,0.79564,3.1913009999999997,19.615370000000002,4.9038425000000005,19.652548000000003,2.18487,0.5462175,2.19094
P,0,2,1,73,4,217.145232,26.171267999999994,26.217401,190.973964,54.286308,6.5428169999999986,47.743491,3.858295,0.96457375,3.865977,20.032618999999997,5.008154749999999,20.06516,2.280354,0.5700885,2.286264
P,0,2,1,74,4,196.775479,23.818889,23.845833,172.95659,49.19386975,5.95472225,43.2391475,2.607557,0.65188925,2.616044,18.879569,4.71989225,18.890043000000002,2.331763,0.58294075,2.339746
P,0,2,1,75,4,209.795652,26.032035,26.061899999999994,183.76361699999998,52.448913,6.50800875,45.940904249999996,3.6731610000000003,0.9182902500000001,3.694518,19.858677,4.96466925,19.861480999999998,2.500197,0.62504925,2.5059009999999997
P,0,2,1,76,4,202.575948,25.501845,25.553601,177.074103,50.643987,6.37546125,44.26852575,3.032287,0.75807175,3.041391,19.791943,4.94798575,19.826283,2.677615,0.66940375,2.685927
P,0,2,1,77,4,207.272134,25.991236000000004,26.046363,181.28089799999998,51.8180335,6.497809000000001,45.320224499999995,2.9335380000000004,0.7333845000000001,2.969707,19.793119,4.94827975,19.804113,3.264579,0.81614475,3.2725429999999998
P,0,2,1,78,4,394.390808,89.314875,89.898307,305.07593299999996,98.597702,22.32871875,76.26898324999999,45.57841200000001,11.394603000000002,45.672038,41.408769,10.35219225,41.891413,2.3276939999999997,0.5819234999999999,2.334856
P,0,2,1,79,4,208.575654,26.189913999999998,26.217001,182.38574,52.1439135,6.5474784999999995,45.596435,3.6014990000000004,0.9003747500000001,3.608421,19.778892,4.944723,19.790944,2.8095229999999995,0.7023807499999999,2.8176360000000003
P,0,2,1,80,4,197.027959,24.270279000000002,24.317567999999998,172.75768,49.25698975,6.0675697500000005,43.18942,2.602424,0.650606,2.610735,19.096181,4.77404525,19.128611,2.571674,0.6429185,2.578222
P,0,2,1,81,4,196.868987,24.388672999999997,24.410969,172.48031400000002,49.21724675,6.097168249999999,43.120078500000005,2.8152230000000005,0.7038057500000001,2.822339,19.365588,4.841397,19.377281,2.207862,0.5519655,2.2113490000000002
P,0,2,1,82,4,192.903509,23.767297999999997,23.810906,169.136211,48.22587725,5.941824499999999,42.28405275,2.623512,0.655878,2.631967,18.817574,4.7043935,18.846691,2.326212,0.581553,2.3322480000000003
P,0,2,1,83,4,195.032576,24.094618,24.121161000000004,170.937958,48.758144,6.0236545,42.7344895,2.699992,0.674998,2.7084,19.112353,4.77808825,19.124193,2.282273,0.57056825,2.288568
P,0,2,1,84,4,197.856826,24.214313,24.241314999999997,173.642513,49.4642065,6.05357825,43.41062825,2.784265,0.69606625,2.792628,19.106977999999998,4.7767444999999995,19.119552999999996,2.32307,0.5807675,2.329134
P,0,2,1,85,4,195.915634,24.193852999999997,24.222392,171.72178100000002,48.9789085,6.048463249999999,42.930445250000005,2.599103,0.64977575,2.608475,19.053123,4.76328075,19.064449,2.541627,0.63540675,2.549468
P,0,2,1,86,4,192.443882,24.13299,24.163608000000004,168.310892,48.1109705,6.0332475,42.077723,2.551865,0.63796625,2.5603689999999997,18.988872,4.747218,19.000562000000002,2.592253,0.64806325,2.602677
P,0,2,1,87,4,209.81202,25.129869000000003,25.15579,184.68215099999998,52.453005,6.282467250000001,46.170537749999994,2.784314,0.6960785,2.791286,19.728257,4.93206425,19.739336,2.6172980000000003,0.6543245000000001,2.625168
P,0,2,1,88,4,205.579502,25.288909999999998,25.316423,180.290592,51.3948755,6.3222274999999994,45.072648,3.024379,0.75609475,3.0338209999999997,19.903053999999997,4.975763499999999,19.914513,2.361477,0.59036925,2.368089
P,0,2,1,89,4,199.638046,24.014608999999997,24.054685,175.623437,49.9095115,6.003652249999999,43.90585925,2.65112,0.66278,2.661599,19.501319,4.87532975,19.51247,1.8621699999999999,0.46554249999999997,1.8806159999999998
P,0,2,1,90,4,201.175814,24.590231,24.615312000000003,176.585583,50.2939535,6.14755775,44.14639575,2.8890279999999997,0.7222569999999999,2.8966329999999996,19.50389,4.8759725,19.516775000000003,2.197313,0.54932825,2.201904
P,0,2,1,91,4,201.814492,24.205506999999997,24.234461,177.60898500000002,50.453623,6.051376749999999,44.402246250000005,2.621333,0.65533325,2.629973,19.055873,4.76396825,19.067573,2.528301,0.63207525,2.536915
P,0,2,1,92,4,203.681236,24.947048,24.998337000000003,178.73418800000002,50.920309,6.236762,44.683547000000004,2.900259,0.72506475,2.909136,19.88519,4.9712975,19.923402000000003,2.1615990000000003,0.5403997500000001,2.165799
P,0,2,1,93,4,198.054564,23.801943,23.828846,174.252621,49.513641,5.95048575,43.56315525,2.4852730000000003,0.6213182500000001,2.493443,18.799770000000002,4.699942500000001,18.810534,2.5169,0.629225,2.524869
P,0,2,1,94,4,203.439552,24.452706000000003,24.468637,178.98684599999999,50.859888,6.113176500000001,44.746711499999996,2.782347,0.69558675,2.778125,19.041173,4.76029325,19.054043,2.6291860000000002,0.6572965000000001,2.636469
P,0,2,1,95,4,196.01098,23.815086,23.958558999999997,172.19589399999998,49.002745,5.9537715,43.048973499999995,2.610548,0.652637,2.618319,18.570633,4.64265825,18.698745,2.6339050000000004,0.6584762500000001,2.641495
P,0,2,1,96,4,209.903339,24.940555,25.078885,184.962784,52.47583475,6.23513875,46.240696,3.031078,0.7577695,3.040885,19.794914,4.9487285,19.917256000000002,2.114563,0.52864075,2.1207439999999997
P,0,2,1,97,4,201.656797,24.755175,24.826510999999996,176.901622,50.41419925,6.18879375,44.2254055,3.023463,0.75586575,3.0314069999999997,19.33886,4.834715,19.400648,2.392852,0.598213,2.394456
P,0,2,1,98,4,195.9043,24.212979,24.302533999999998,171.69132100000002,48.976075,6.05324475,42.922830250000004,2.661247,0.66531175,2.6694620000000002,19.403603,4.85090075,19.479430999999998,2.148129,0.53703225,2.1536410000000004
P,0,2,1,99,4,176.113419,23.391905,23.417146000000002,152.72151399999998,44.02835475,5.84797625,38.180378499999996,2.3640749999999997,0.5910187499999999,2.372165,18.707028,4.676757,18.716768000000002,2.320802,0.5802005,2.3282130000000003
P,0,2,1,100,4,200.555568,24.514909,24.568989999999996,176.040659,50.138892,6.12872725,44.01016475,2.8922570000000003,0.7230642500000001,2.929768,19.307004,4.826751,19.317477999999998,2.315648,0.578912,2.321744
P,0,2,1,101,4,196.341912,24.083392,24.147428,172.25852,49.085478,6.020848,43.06463,2.8367370000000003,0.7091842500000001,2.845748,19.367183,4.84179575,19.419428,1.8794720000000003,0.46986800000000006,1.882252
P,0,2,1,102,4,202.176548,24.500391,24.526222,177.676157,50.544137,6.12509775,44.41903925,2.745028,0.686257,2.752052,19.385745,4.84643625,19.398054000000002,2.369618,0.5924045,2.376116
P,0,2,1,103,4,201.557521,24.541321,24.593063,177.0162,50.38938025,6.13533025,44.25405,2.937936,0.734484,2.945148,19.224446,4.8061115,19.262886,2.378939,0.59473475,2.385029
P,0,2,1,104,4,200.004893,24.953021999999997,25.030304000000005,175.051871,50.00122325,6.238255499999999,43.76296775,3.005598,0.7513995,3.015141,19.626064,4.906516,19.686370000000004,2.3213600000000003,0.5803400000000001,2.3287929999999997
P,0,2,1,105,4,195.902815,24.442395,24.467622,171.46042,48.97570375,6.11059875,42.865105,2.7892159999999997,0.6973039999999999,2.798143,19.566789,4.89169725,19.578021,2.08639,0.5215975,2.0914580000000003
P,0,2,1,106,4,194.97946,25.181782000000002,25.238637999999998,169.797678,48.744865,6.2954455000000005,42.4494195,2.75222,0.688055,2.7608289999999998,19.895721,4.97393025,19.936183999999997,2.533841,0.63346025,2.541625
P,0,2,1,107,4,192.395868,24.783719,24.809318,167.61214900000002,48.098967,6.19592975,41.903037250000004,2.681456,0.670364,2.690051,19.725961,4.93149025,19.736266,2.376302,0.5940755,2.383001
P,0,2,1,108,4,184.217059,24.20326,24.461810999999997,160.013799,46.05426475,6.050815,40.00344975,2.695507,0.67387675,2.703954,19.206191,4.80154775,19.451067,2.301562,0.5753905,2.3067900000000003
P,0,2,1,109,4,200.49581,24.573043,24.646237,175.92276700000002,50.1239525,6.14326075,43.980691750000005,3.135106,0.7837765,3.141289,19.292012,4.823003,19.354785,2.145925,0.53648125,2.150163
P,0,2,1,110,4,177.953249,23.440279,23.548393999999995,154.51297,44.48831225,5.86006975,38.6282425,2.393679,0.59841975,2.4302590000000004,18.901552000000002,4.725388000000001,18.947919999999996,2.145048,0.536262,2.170215
P,0,2,1,111,4,197.015825,24.073772,24.09664,172.94205300000002,49.25395625,6.018443,43.235513250000004,2.6813200000000004,0.6703300000000001,2.6887049999999997,19.300637000000002,4.8251592500000005,19.312099,2.091815,0.52295375,2.0958360000000003
P,0,2,1,112,4,197.92893,25.06012,25.085639999999998,172.86881,49.4822325,6.26503,43.2172025,2.947695,0.73692375,2.954154,19.783103,4.94577575,19.7956,2.329322,0.5823305,2.335886
P,0,2,1,113,4,174.920647,23.052205999999998,23.076577,151.86844100000002,43.73016175,5.7630514999999995,37.967110250000005,2.124996,0.531249,2.129773,18.412682,4.6031705,18.424114,2.514528,0.628632,2.52269
P,0,2,1,114,4,197.14165,24.615079,24.641572000000004,172.526571,49.2854125,6.15376975,43.13164275,2.748688,0.687172,2.7567850000000003,19.281307,4.82032675,19.293418000000003,2.585084,0.646271,2.5913690000000003
P,0,2,1,115,4,217.564276,26.110923,26.137448,191.453353,54.391069,6.52773075,47.86333825,3.834225,0.95855625,3.84303,19.931518,4.9828795,19.943649,2.3451799999999996,0.5862949999999999,2.350769
P,0,2,1,116,4,170.183134,23.378739000000003,23.427721,146.804395,42.5457835,5.844684750000001,36.70109875,2.295337,0.57383425,2.3009169999999997,18.790342000000003,4.697585500000001,18.828211,2.29306,0.573265,2.298593
P,0,2,1,117,4,198.967546,24.078823,24.137747,174.888723,49.7418865,6.01970575,43.72218075,2.776854,0.6942135,2.7850099999999998,19.161484,4.790371,19.20683,2.140485,0.53512125,2.145907
P,0,2,1,118,4,225.202313,27.106915,27.132309,198.095398,56.30057825,6.77672875,49.5238495,4.084567,1.02114175,4.093594,20.905254000000003,5.226313500000001,20.916615,2.117094,0.5292735,2.1221
P,0,2,1,119,4,189.736807,23.581552000000006,23.355417,166.15525499999998,47.43420175,5.895388000000001,41.538813749999996,2.388442,0.5971105,2.3950270000000002,19.318285000000003,4.829571250000001,19.083272,1.874825,0.46870625,1.877118
U,0,2,2,0,4,439.593485,26.428444000000002,26.471358,413.165041,109.89837125,6.607111000000001,103.29126025,3.183737,0.79593425,3.192241,20.549376000000002,5.137344000000001,20.577673,2.6953310000000004,0.6738327500000001,2.701444
U,0,2,2,1,4,448.517374,25.009593,25.172177,423.507781,112.1293435,6.25239825,105.87694525,3.1798089999999997,0.7949522499999999,3.1856,19.418753,4.85468825,19.570442,2.411031,0.60275775,2.416135
U,0,2,2,2,4,488.232589,33.950096,33.972153000000006,454.28249300000004,122.05814725,8.487524,113.57062325000001,3.247864,0.811966,3.2558480000000003,27.296136000000004,6.824034000000001,27.301912,3.406096,0.851524,3.4143930000000005
U,0,2,2,3,4,479.366278,40.200495999999994,40.23497999999999,439.16578200000004,119.8415695,10.050123999999999,109.79144550000001,3.916582,0.9791455,3.926127,32.797779,8.19944475,32.814032999999995,3.486135,0.87153375,3.49482
U,0,2,2,4,4,474.2132,35.135676000000004,35.229071000000005,439.077524,118.5533,8.783919000000001,109.769381,3.872843,0.96821075,3.8827249999999998,27.654772,6.913693,27.710551000000002,3.6080609999999997,0.9020152499999999,3.635795
U,0,2,2,5,4,466.119151,36.691995,36.731888,429.42715599999997,116.52978775,9.17299875,107.35678899999999,8.413521,2.10338025,8.420749,26.230656,6.557664,26.259048999999997,2.047818,0.5119545,2.05209
U,0,2,2,6,4,463.65105,26.252066999999997,26.542392,437.398983,115.9127625,6.563016749999999,109.34974575,3.181253,0.79531325,3.291878,20.314625,5.07865625,20.48853,2.756189,0.68904725,2.761984
U,0,2,2,7,4,459.599973,24.900285000000004,24.968524000000002,434.699688,114.89999325,6.225071250000001,108.674922,3.142237,0.78555925,3.14972,19.417619000000002,4.8544047500000005,19.473450000000003,2.340429,0.58510725,2.3453540000000004
U,0,2,2,8,4,455.812879,24.957850999999998,25.049122000000004,430.855028,113.95321975,6.2394627499999995,107.713757,3.122643,0.78066075,3.141653,17.943109999999997,4.485777499999999,17.976175,3.892098,0.9730245,3.9312940000000003
U,0,2,2,9,4,472.616155,27.530307999999998,27.733729,445.085847,118.15403875,6.8825769999999995,111.27146175,5.546336,1.386584,5.540262,19.596137,4.89903425,19.626451,2.387835,0.59695875,2.5670159999999997
U,0,2,2,10,4,337.566011,24.370969000000002,24.389458000000005,313.195042,84.39150275,6.092742250000001,78.2987605,2.917264,0.729316,2.923827,19.282876,4.820719,19.291093000000004,2.170829,0.54270725,2.174538
U,0,2,2,11,4,379.075819,24.914914,24.936737,354.160905,94.76895475,6.2287285,88.54022625,2.7810420000000002,0.6952605000000001,2.788574,19.48949,4.8723725,19.497258000000002,2.6443820000000002,0.6610955000000001,2.650905
U,0,2,2,12,4,446.570174,35.2999,35.362556999999995,411.27027400000003,111.6425435,8.824975,102.81756850000001,8.288299,2.07207475,8.294311,24.892846,6.2232115,24.946813,2.118755,0.52968875,2.1214329999999997
U,0,2,2,13,4,293.294971,22.792382,22.827375,270.502589,73.32374275,5.6980955,67.62564725,2.208663,0.55216575,2.212546,18.736587999999998,4.684146999999999,18.764982,1.847131,0.46178275,1.849847
U,0,2,2,14,4,416.719922,24.938731,25.309958,391.781191,104.1799805,6.23468275,97.94529775,2.9114760000000004,0.7278690000000001,2.918813,19.207861,4.80196525,19.566629000000002,2.819394,0.7048485,2.824516
U,0,2,2,15,4,654.986287,42.741448999999996,42.787972999999994,612.244838,163.74657175,10.685362249999999,153.0612095,16.044964999999998,4.011241249999999,16.052716,24.514829,6.12870725,24.519405,2.181655,0.54541375,2.215852
U,0,2,2,16,4,302.945716,23.628234000000003,23.741748,279.317482,75.736429,5.907058500000001,69.8293705,2.397908,0.599477,2.403225,18.934319000000002,4.7335797500000005,19.036286,2.296007,0.57400175,2.302237
U,0,2,2,17,4,407.533462,26.038389,26.108936,381.495073,101.8833655,6.50959725,95.37376825,2.836398,0.7090995,2.8427819999999997,19.972118,4.9930295,20.028734,3.229873,0.80746825,3.23742
U,0,2,2,18,4,711.981623,28.276308,28.332515000000004,683.705315,177.99540575,7.069077,170.92632875,4.443727,1.11093175,4.477914,21.408895,5.35222375,21.424403,2.423686,0.6059215,2.430198
U,0,2,2,19,4,367.299542,25.296323,25.344514,342.00321899999994,91.8248855,6.32408075,85.50080474999999,2.65349,0.6633725,2.681864,20.029426,5.0073565,20.041763,2.613407,0.65335175,2.6208869999999997
U,0,2,2,20,4,1172.644777,48.235799,48.285929,1124.408978,293.16119425,12.05894975,281.1022445,30.206266,7.5515665,30.232218,15.871355000000001,3.9678387500000003,15.890749,2.158178,0.5395445,2.1629620000000003
U,0,2,2,21,4,329.99986,24.2015,24.244199,305.79836,82.499965,6.050375,76.44959,2.47404,0.61851,2.471583,19.305363,4.82634075,19.343359,2.422097,0.60552425,2.429257
U,0,2,2,22,4,417.077185,25.771832999999997,25.880914,391.30535199999997,104.26929625,6.442958249999999,97.82633799999999,2.946287,0.73657175,2.9720889999999995,20.027186,5.0067965,20.084439,2.7983599999999997,0.6995899999999999,2.824386
U,0,2,2,23,4,1994.621957,61.812896,61.985867000000006,1932.8090610000002,498.65548925,15.453224,483.20226525000004,47.201425,11.80035625,47.363125000000004,11.39542,2.848855,11.398574,3.216051,0.80401275,3.2241679999999997
U,0,2,2,24,4,311.886692,21.099581999999998,21.205738999999998,290.78711,77.971673,5.2748954999999995,72.6967775,2.460181,0.61504525,2.46698,15.012629,3.75315725,15.062679,3.626772,0.906693,3.67608
U,0,2,2,25,4,422.411918,22.257789000000002,22.331223,400.154129,105.6029795,5.564447250000001,100.03853225,3.0340789999999997,0.7585197499999999,3.0420949999999998,16.849382000000002,4.2123455000000005,16.908458,2.374328,0.593582,2.3806700000000003
U,0,2,2,26,4,356.069034,25.504874,25.528190999999996,330.56416,89.0172585,6.3762185,82.64104,3.3856249999999997,0.8464062499999999,3.394588,19.796426,4.9491065,19.805085,2.322823,0.58070575,2.328518
U,0,2,2,27,4,706.517182,26.238047,26.281934,680.279135,176.6292955,6.55951175,170.06978375,4.668003000000001,1.1670007500000001,4.6753469999999995,19.301073000000002,4.825268250000001,19.331783,2.268971,0.56724275,2.274804
U,0,2,2,28,4,400.44837,24.517786999999995,24.561991,375.930583,100.1120925,6.129446749999999,93.98264575,3.0524620000000002,0.7631155000000001,3.0598419999999997,19.593255999999997,4.898313999999999,19.602467,1.872069,0.46801725,1.899682
U,0,2,2,29,4,322.485938,24.600966,24.622388,297.88497199999995,80.6214845,6.1502415,74.47124299999999,2.400912,0.600228,2.407864,19.603886,4.9009715,19.611109,2.596168,0.649042,2.603415
U,0,2,2,30,4,454.089522,25.657116,25.349773,428.432406,113.5223805,6.414279,107.1081015,3.2639199999999997,0.8159799999999999,3.271199,20.335589,5.08389725,20.016299,2.057607,0.51440175,2.062275
U,0,2,2,31,4,585.498003,30.257211999999996,30.777435,555.2407910000001,146.37450075,7.564302999999999,138.81019775000001,3.956657,0.98916425,3.9645539999999997,24.168934999999998,6.042233749999999,24.67855,2.13162,0.532905,2.1343309999999995
U,0,2,2,32,4,545.850578,31.514074000000004,31.555403,514.336504,136.4626445,7.878518500000001,128.584126,4.573641,1.14341025,4.583944,24.608122,6.1520305,24.617565,2.3323110000000002,0.5830777500000001,2.353894
U,0,2,2,33,4,356.03824,26.011162000000002,26.033685,330.02707799999996,89.00956,6.502790500000001,82.50676949999999,3.5773029999999997,0.8943257499999999,3.5849589999999996,19.955652,4.988913,19.965072,2.478207,0.61955175,2.483654
U,0,2,2,34,4,377.039606,24.835345999999998,24.920998,352.20426,94.2599015,6.208836499999999,88.051065,2.805621,0.70140525,2.813341,19.636871,4.90921775,19.70912,2.392854,0.5982135,2.3985369999999997
U,0,2,2,35,4,584.217548,18.614496000000003,18.691067,565.6030519999999,146.054387,4.653624000000001,141.40076299999998,4.171386,1.0428465,4.179209,11.822123000000001,2.9555307500000003,11.884345999999999,2.620987,0.65524675,2.627512
U,0,2,2,36,4,298.22595,24.057291999999997,24.117249999999995,274.168658,74.5564875,6.014322999999999,68.5421645,2.376496,0.594124,2.382049,19.374541999999998,4.8436354999999995,19.423365999999998,2.306254,0.5765635,2.311835
U,0,2,2,37,4,369.232538,25.323499999999996,25.344216,343.909038,92.3081345,6.330874999999999,85.9772595,2.8660509999999997,0.7165127499999999,2.8739229999999996,19.583712,4.895928,19.587189000000002,2.873737,0.71843425,2.8831040000000003
U,0,2,2,38,4,296.502782,23.804094000000003,23.827308,272.698688,74.1256955,5.951023500000001,68.174672,2.424583,0.60614575,2.430916,18.744798,4.6861995,18.754305,2.6347130000000005,0.6586782500000001,2.642087
U,0,2,2,39,4,342.651711,24.092652,24.156834,318.559059,85.66292775,6.023163,79.63976475,2.685568,0.671392,2.692334,19.255236,4.813809,19.309117,2.151848,0.537962,2.155383
U,0,2,2,40,4,362.819049,24.344402000000002,24.366154,338.474647,90.70476225,6.086100500000001,84.61866175,2.78859,0.6971475,2.796603,19.121684000000002,4.7804210000000005,19.130751,2.434128,0.608532,2.4387999999999996
U,0,2,2,41,4,395.804601,25.268396000000003,25.317041000000003,370.536205,98.95115025,6.317099000000001,92.63405125,2.890121,0.72253025,2.898329,20.478991,5.11974775,20.517183000000003,1.8992840000000002,0.47482100000000005,1.9015290000000002
U,0,2,2,42,4,431.599147,26.604986,26.629776,404.994161,107.89978675,6.6512465,101.24854025,3.185038,0.7962595,3.192409,20.879549,5.21988725,20.889328,2.540399,0.63509975,2.548039
U,0,2,2,43,4,317.274593,23.968674,24.140776000000002,293.30591899999996,79.31864825,5.9921685,73.32647974999999,2.452019,0.61300475,2.458731,19.313076,4.828269,19.475177000000002,2.203579,0.55089475,2.206868
U,0,2,2,44,4,408.579366,25.012162,25.060552,383.567204,102.1448415,6.2530405,95.891801,3.0807399999999996,0.7701849999999999,3.08824,19.767577000000003,4.941894250000001,19.803321,2.163845,0.54096125,2.168991
U,0,2,2,45,4,371.659881,24.097738,24.518673,347.562143,92.91497025,6.0244345,86.89053575,2.831629,0.70790725,2.839468,19.074278,4.7685695,19.534193,2.1918309999999996,0.5479577499999999,2.145012
U,0,2,2,46,4,442.833953,25.810413,26.226398,417.02354,110.70848825,6.45260325,104.255885,3.3118209999999997,0.8279552499999999,3.31922,19.898223,4.97455575,20.275239,2.6003689999999997,0.6500922499999999,2.6319389999999996
U,0,2,2,47,4,463.810841,26.174757000000003,26.201184,437.636084,115.95271025,6.543689250000001,109.409021,3.301272,0.825318,3.3091959999999996,20.093974000000003,5.023493500000001,20.103221,2.7795109999999994,0.6948777499999998,2.788767
U,0,2,2,48,4,470.384309,26.433455,26.458681999999996,443.950854,117.59607725,6.60836375,110.9877135,3.46617,0.8665425,3.473801,19.803382,4.9508455,19.813439,3.1639030000000004,0.7909757500000001,3.171442
U,0,2,2,49,4,277.27541,23.781993,23.802419999999998,253.49341700000002,69.3188525,5.94549825,63.373354250000006,2.22564,0.55641,2.2314339999999997,18.953090000000003,4.738272500000001,18.960586999999997,2.603263,0.65081575,2.610399
U,0,2,2,50,4,326.585704,23.998311,24.137758,302.587393,81.646426,5.99957775,75.64684825,2.642515,0.66062875,2.649366,19.229993,4.80749825,19.321596,2.125803,0.53145075,2.166796
U,0,2,2,51,4,391.068285,24.335026,24.355896999999995,366.733259,97.76707125,6.0837565,91.68331475,2.877267,0.71931675,2.884144,19.147573,4.78689325,19.156211999999996,2.310186,0.5775465,2.315541
U,0,2,2,52,4,338.296177,24.232858999999998,24.268141999999997,314.063318,84.57404425,6.058214749999999,78.5158295,2.6471780000000003,0.6617945000000001,2.654117,19.250462,4.8126155,19.274618999999998,2.3352190000000004,0.5838047500000001,2.339406
U,0,2,2,53,4,415.845321,25.178003999999998,25.261504000000002,390.667317,103.96133025,6.2945009999999995,97.66682925,3.103306,0.7758265,3.110216,19.463669,4.86591725,19.533506,2.611029,0.65275725,2.617782
U,0,2,2,54,4,400.894588,24.541873,24.631201,376.352715,100.223647,6.13546825,94.08817875,2.826582,0.7066455,2.8338650000000003,19.318822,4.8297055,19.395685,2.396469,0.59911725,2.401651
U,0,2,2,55,4,485.80438,25.641309,26.679678,460.163071,121.451095,6.41032725,115.04076775,3.5926080000000002,0.8981520000000001,3.606786,19.767462000000002,4.9418655000000005,20.770322,2.2812390000000002,0.5703097500000001,2.3025700000000002
U,0,2,2,56,4,603.863596,26.598474,26.659148,577.265122,150.965899,6.6496185,144.3162805,4.196263,1.04906575,4.220691,20.493503,5.12337575,20.527503,1.9087079999999998,0.47717699999999996,1.910954
U,0,2,2,57,4,366.416804,25.221967000000003,25.269819999999996,341.194837,91.604201,6.305491750000001,85.29870925,2.7898739999999997,0.6974684999999999,2.79669,20.06191,5.0154775,20.071444,2.370183,0.59254575,2.4016859999999998
U,0,2,2,58,4,898.450935,29.614390000000004,29.653409,868.836545,224.61273375,7.403597500000001,217.20913625,5.555149,1.38878725,5.582199,21.931099000000003,5.482774750000001,21.939076,2.128142,0.5320355,2.132134
U,0,2,2,59,4,582.87608,27.222643000000005,27.271953000000003,555.6534369999999,145.71902,6.805660750000001,138.91335924999998,3.948951,0.98723775,3.9572010000000004,21.193530000000003,5.298382500000001,21.230192000000002,2.080162,0.5200405,2.0845599999999997
U,0,2,2,60,4,4518.835079,123.08910599999999,124.16864100000002,4395.745973,1129.70876975,30.772276499999997,1098.93649325,85.813362,21.4533405,86.07034200000001,35.132419999999996,8.783104999999999,35.951309,2.143324,0.535831,2.14699
U,0,2,2,61,4,469.751337,21.892047,21.935119,447.85929,117.43783425,5.47301175,111.9648225,2.3171500000000003,0.5792875000000001,2.3466699999999996,17.239425,4.30985625,17.246882,2.3354719999999998,0.5838679999999999,2.341567
U,0,2,2,62,4,340.181194,24.428014,25.869263,315.75318,85.0452985,6.1070035,78.938295,2.658791,0.66469775,4.086838,19.611794,4.9029485,19.621707,2.157429,0.53935725,2.160718
U,0,2,2,63,4,305.047144,24.06764,24.090307000000003,280.979504,76.261786,6.01691,70.244876,2.291832,0.572958,2.298826,19.271853,4.81796325,19.281778,2.503955,0.62598875,2.509703
U,0,2,2,64,4,461.69528,26.204034,26.263707999999998,435.49124600000005,115.42382,6.5510085,108.87281150000001,3.384519,0.84612975,3.39189,20.226667,5.05666675,20.271735999999997,2.592848,0.648212,2.600082
U,0,2,2,65,4,292.75149,24.290295999999998,24.312995,268.461194,73.1878725,6.0725739999999995,67.1152985,2.377488,0.594372,2.384256,19.308099,4.82702475,19.317447,2.6047089999999997,0.6511772499999999,2.611292
U,0,2,2,66,4,353.720939,24.383354,24.474454,329.337585,88.43023475,6.0958385,82.33439625,2.675236,0.668809,2.695533,19.296744,4.824186,19.360737,2.411374,0.6028435,2.4181839999999997
U,0,2,2,67,4,344.628013,24.850789,24.889968999999997,319.777224,86.15700325,6.21269725,79.944306,2.560373,0.64009325,2.566256,19.584001,4.89600025,19.608714,2.706415,0.67660375,2.714999
U,0,2,2,68,4,371.730674,25.088513,25.408657000000005,346.64216100000004,92.9326685,6.27212825,86.66054025000001,2.821617,0.70540425,2.829128,19.474777,4.86869425,19.757834000000003,2.7921190000000005,0.6980297500000001,2.821695
U,0,2,2,69,4,328.877736,23.805494999999997,24.207052000000004,305.072241,82.219434,5.951373749999999,76.26806025,2.428776,0.607194,2.436554,19.26401,4.8160025,19.653012000000004,2.1127089999999997,0.5281772499999999,2.117486
U,0,2,2,70,4,355.813594,24.391278,24.446236,331.422316,88.9533985,6.0978195,82.855579,2.680044,0.670011,2.700117,19.518785,4.87969625,19.52829,2.192449,0.54811225,2.217829
U,0,2,2,71,4,437.816304,26.363682999999998,26.412262000000002,411.452621,109.454076,6.5909207499999996,102.86315525,3.2094769999999997,0.8023692499999999,3.215947,20.625808,5.156452,20.661718,2.528398,0.6320995,2.534597
U,0,2,2,72,4,459.287713,25.241794,25.300943,434.045919,114.82192825,6.3104485,108.51147975,3.327555,0.83188875,3.352672,19.719656999999998,4.9299142499999995,19.749169000000002,2.194582,0.5486455,2.199102
U,0,2,2,73,4,612.398366,27.04726,27.235356000000003,585.351106,153.0995915,6.761815,146.3377765,4.297275,1.07431875,4.329329,20.482556000000002,5.120639000000001,20.613914,2.267429,0.56685725,2.292113
U,0,2,2,74,4,378.149765,24.71539,24.757295000000003,353.434375,94.53744125,6.1788475,88.35859375,2.812137,0.70303425,2.819507,19.45633,4.8640825,19.483878,2.446923,0.61173075,2.45391
U,0,2,2,75,4,589.807991,31.440935000000003,31.464218000000002,558.367056,147.45199775,7.860233750000001,139.591764,8.448697,2.11217425,8.457423,20.541175000000003,5.135293750000001,20.550071,2.4510630000000004,0.6127657500000001,2.456724
U,0,2,2,76,4,435.538918,26.039658999999997,26.086633000000003,409.49925900000005,108.8847295,6.509914749999999,102.37481475000001,3.1889749999999997,0.7972437499999999,3.196151,20.230598999999998,5.0576497499999995,20.262424000000003,2.6200849999999996,0.6550212499999999,2.628058
U,0,2,2,77,4,426.966225,26.707282,26.752359,400.258943,106.74155625,6.6768205,100.06473575,3.2770339999999996,0.8192584999999999,3.28437,20.787629,5.19690725,20.818084,2.642619,0.66065475,2.649905
U,0,2,2,78,4,1781.486138,76.27313099999998,76.524871,1705.213007,445.3715345,19.068282749999995,426.30325175,46.74249999999999,11.685624999999998,46.748706,27.193216999999997,6.798304249999999,27.432973,2.337414,0.5843535,2.343192
U,0,2,2,79,4,519.600351,23.835428999999998,23.890893,495.76492200000007,129.90008775,5.958857249999999,123.94123050000002,3.4719979999999997,0.8679994999999999,3.480581,17.589526,4.3973815,17.627598999999996,2.773905,0.69347625,2.7827129999999998
U,0,2,2,80,4,349.304941,24.513036999999997,24.560129,324.791904,87.32623525,6.128259249999999,81.197976,2.67721,0.6693025,2.684094,19.422731,4.85568275,19.431199,2.413096,0.603274,2.444836
U,0,2,2,81,4,375.189071,25.163742,25.267877000000002,350.025329,93.79726775,6.2909355,87.50633225,2.85271,0.7131775,2.859937,20.048685,5.01217125,20.139490000000002,2.262347,0.56558675,2.26845
U,0,2,2,82,4,362.115011,24.759262,24.775484,337.355749,90.52875275,6.1898155,84.33893725,2.7413000000000003,0.6853250000000001,2.7503409999999997,19.73363,4.9334075,19.734946,2.284332,0.571083,2.290197
U,0,2,2,83,4,377.051112,24.962176,25.037565,352.088936,94.262778,6.240544,88.022234,2.9324179999999997,0.7331044999999999,2.939806,19.669386,4.9173465,19.731631,2.360372,0.590093,2.366128
U,0,2,2,84,4,399.942859,24.91366,24.964608000000002,375.029199,99.98571475,6.228415,93.75729975,2.997061,0.74926525,3.004391,19.630388,4.907597,19.667987,2.286211,0.57155275,2.29223
U,0,2,2,85,4,371.958423,24.658308,24.681211,347.300115,92.98960575,6.164577,86.82502875,2.847334,0.7118335,2.853488,19.266407,4.81660175,19.275086,2.544567,0.63614175,2.552637
U,0,2,2,86,4,379.834149,24.874620999999998,24.896805,354.95952800000003,94.95853725,6.218655249999999,88.73988200000001,2.9346609999999997,0.7336652499999999,2.9416539999999998,19.441738,4.8604345,19.450288,2.498222,0.6245555,2.504863
U,0,2,2,87,4,441.378666,26.132369999999998,26.367154,415.24629600000003,110.3446665,6.5330924999999995,103.81157400000001,3.261457,0.81536425,3.482234,20.296148,5.074037,20.303772,2.574765,0.64369125,2.581148
U,0,2,2,88,4,454.363138,25.732927000000004,25.766838,428.630211,113.5907845,6.433231750000001,107.15755275,3.313007,0.82825175,3.31994,20.064511000000003,5.016127750000001,20.086551,2.355409,0.58885225,2.360347
U,0,2,2,89,4,369.343973,23.907837,23.935124000000002,345.43613600000003,92.33599325,5.97695925,86.35903400000001,2.800324,0.700081,2.807925,19.270364,4.817591,19.288812,1.837149,0.45928725,1.838387
U,0,2,2,90,4,421.89463,25.003857000000004,25.105042000000005,396.890773,105.4736575,6.250964250000001,99.22269325,3.179168,0.794792,3.221585,19.711594,4.9278985,19.767244,2.1130949999999995,0.5282737499999999,2.116213
U,0,2,2,91,4,417.991619,25.142686,25.183032,392.848933,104.49790475,6.2856715,98.21223325,3.011989,0.75299725,3.0180819999999997,19.663926,4.9159815,19.690412000000002,2.466771,0.61669275,2.474538
U,0,2,2,92,4,432.26552,25.037444,25.155255,407.228076,108.06638,6.259361,101.807019,3.2183539999999997,0.8045884999999999,3.2244550000000003,19.711325,4.92783125,19.820025,2.1077649999999997,0.5269412499999999,2.110775
U,0,2,2,93,4,360.851733,24.084070999999998,24.121084,336.76766200000003,90.21293325,6.0210177499999995,84.19191550000001,2.729045,0.68226125,2.73602,18.789749999999998,4.6974374999999995,18.813064,2.565276,0.641319,2.572
U,0,2,2,94,4,389.651178,24.721798000000003,24.778394,364.92938000000004,97.4127945,6.180449500000001,91.23234500000001,2.9222740000000003,0.7305685000000001,2.930341,19.125934,4.7814835,19.167422,2.67359,0.6683975,2.680631
U,0,2,2,95,4,368.078007,24.703450999999998,24.890943,343.37455600000004,92.01950175,6.175862749999999,85.84363900000001,2.734188,0.683547,2.741098,19.10991,4.7774775,19.268802,2.859353,0.71483825,2.881043
U,0,2,2,96,4,433.493366,25.604015,25.640818999999997,407.889351,108.3733415,6.40100375,101.97233775,3.234382,0.8085955,3.24147,20.261544,5.065386,20.287124,2.108089,0.52702225,2.112225
U,0,2,2,97,4,433.252557,25.559325,25.582922999999997,407.693232,108.31313925,6.38983125,101.923308,3.319462,0.8298655,3.32923,19.935992,4.983998,19.944719,2.303871,0.57596775,2.308974
U,0,2,2,98,4,374.191719,26.187508999999995,26.317588999999998,348.00421,93.54792975,6.546877249999999,87.0010525,2.862495,0.71562375,2.911276,21.191260999999997,5.297815249999999,21.254032,2.133753,0.53343825,2.152281
U,0,2,2,99,4,315.305322,23.995188000000002,24.008656000000002,291.310134,78.8263305,5.998797000000001,72.8275335,2.425249,0.60631225,2.432081,19.186989,4.79674725,19.188548,2.3829499999999997,0.5957374999999999,2.388027
U,0,2,2,100,4,426.782631,25.274579,25.317757999999994,401.50805199999996,106.69565775,6.31864475,100.37701299999999,3.137636,0.784409,3.145037,19.785663,4.94641575,19.815672999999997,2.35128,0.58782,2.3570480000000003
U,0,2,2,101,4,428.174816,25.178503,25.245559,402.99631300000004,107.043704,6.29462575,100.74907825000001,3.131698,0.7829245,3.138699,20.135447,5.03386175,20.193037,1.911358,0.4778395,1.9138229999999998
U,0,2,2,102,4,434.857645,26.112089,26.312943000000004,408.74555599999997,108.71441125,6.52802225,102.18638899999999,3.379623,0.84490575,3.5513889999999995,20.277011,5.06925275,20.300434000000003,2.455455,0.61386375,2.46112
U,0,2,2,103,4,426.615828,25.266698,25.362790999999998,401.34913,106.653957,6.3166745,100.3372825,3.147438,0.7868595,3.155511,19.751449,4.93786225,19.808124999999997,2.3678109999999997,0.5919527499999999,2.399155
U,0,2,2,104,4,427.208944,25.278934,25.337794,401.93001,106.802236,6.3197335,100.4825025,3.1476059999999997,0.7869014999999999,3.1685499999999998,19.829483,4.95737075,19.863915,2.301845,0.57546125,2.305329
U,0,2,2,105,4,427.063481,25.648187,25.698967000000003,401.415294,106.76587025,6.41204675,100.3538235,3.115327,0.77883175,3.1526250000000005,20.239637,5.05990925,20.26264,2.2932230000000002,0.5733057500000001,2.283702
U,0,2,2,106,4,428.581153,26.241719000000003,26.2913,402.339434,107.14528825,6.560429750000001,100.5848585,3.15483,0.7887075,3.1630070000000003,20.493642,5.1234105,20.529021999999998,2.593247,0.64831175,2.599271
U,0,2,2,107,4,430.616418,25.761784000000002,25.776615,404.85463400000003,107.6541045,6.440446000000001,101.21365850000001,3.147458,0.7868645,3.145807,20.30448,5.07612,20.31542,2.309846,0.5774615,2.3153880000000004
U,0,2,2,108,4,428.527342,25.247508,25.303327,403.279834,107.1318355,6.311877,100.8199585,3.117535,0.77938375,3.1259330000000003,19.744062,4.9360155,19.786481,2.385911,0.59647775,2.390913
U,0,2,2,109,4,443.992858,24.913243,24.937741000000003,419.079615,110.9982145,6.22831075,104.76990375,3.284888,0.821222,3.2943770000000003,19.456717,4.86417925,19.467294000000003,2.1716379999999997,0.5429094999999999,2.17607
U,0,2,2,110,4,327.671232,24.210743,24.255723,303.460489,81.917808,6.05268575,75.86512225,2.4167449999999997,0.6041862499999999,2.421643,19.658664,4.914666,19.693423,2.135334,0.5338335,2.140657
U,0,2,2,111,4,370.623739,24.458044,24.780117999999998,346.165695,92.65593475,6.114511,86.54142375,2.843664,0.710916,2.850776,19.572522,4.8931305,19.882689,2.0418579999999995,0.5104644999999999,2.046653
U,0,2,2,112,4,406.372826,25.491982,25.511853000000002,380.88084399999997,101.5932065,6.3729955,95.22021099999999,3.01235,0.7530875,3.0176480000000003,20.102321,5.02558025,20.11186,2.377311,0.59432775,2.382345
U,0,2,2,113,4,287.771968,23.731424,23.807316999999998,264.040544,71.942992,5.932856,66.010136,2.2198019999999996,0.5549504999999999,2.236684,18.883893,4.72097325,18.905344,2.627729,0.65693225,2.6652889999999996
U,0,2,2,114,4,411.914464,25.138701,25.447125,386.775763,102.978616,6.28467525,96.69394075,2.960795,0.74019875,2.9671459999999996,19.573774,4.8934435,19.869093,2.604132,0.651033,2.610886
U,0,2,2,115,4,565.34594,26.504278999999997,26.550123,538.841661,141.336485,6.626069749999999,134.71041525,4.085735,1.02143375,4.093232,20.032154,5.0080385,20.065269,2.38639,0.5965975,2.391622
U,0,2,2,116,4,299.907669,24.592672,24.683718,275.314997,74.97691725,6.148168,68.82874925,2.421652,0.605413,2.4500729999999997,19.758151,4.93953775,19.798049,2.412869,0.60321725,2.4355960000000003
U,0,2,2,117,4,399.368699,24.833758999999997,24.871102,374.53494,99.84217475,6.208439749999999,93.633735,2.828559,0.70713975,2.835048,19.826134,4.9565335,19.852807,2.1790659999999997,0.5447664999999999,2.183247
U,0,2,2,118,4,649.54381,28.070768000000005,28.092442,621.473042,162.3859525,7.017692000000001,155.3682605,4.458258000000001,1.1145645000000002,4.465614,21.373558000000003,5.343389500000001,21.38374,2.2389520000000003,0.5597380000000001,2.2430879999999997
U,0,2,2,119,4,355.566579,24.021969999999996,24.066109,331.544609,88.89164475,6.005492499999999,82.88615225,2.668718,0.6671795,2.6757039999999996,19.463237999999997,4.865809499999999,19.497979,1.8900139999999999,0.47250349999999997,1.892426
P,0,3,0,0,4,199.756808,27.251047,27.382987999999997,172.505761,49.939202,6.81276175,43.12644025,2.819965,0.70499125,2.8265659999999997,21.839595,5.45989875,21.958215,2.591487,0.64787175,2.598207
P,0,3,0,1,4,207.94323,27.110442,27.133745,180.832788,51.9858075,6.7776105,45.208197,4.825315,1.20632875,4.831475,19.937579,4.98439475,19.948966,2.3475479999999997,0.5868869999999999,2.353304
P,0,3,0,2,4,210.291722,28.2779,28.290726,182.013822,52.5729305,7.069475,45.5034555,5.676048,1.419012,5.683339,19.996198999999997,4.999049749999999,19.994557,2.605653,0.65141325,2.61283
P,0,3,0,3,4,206.667519,25.861006999999997,25.940413999999997,180.806512,51.66687975,6.465251749999999,45.201628,2.884524,0.721131,2.8911209999999996,21.157283999999997,5.289320999999999,21.224314,1.819199,0.45479975,1.824979
P,0,3,0,4,4,206.905158,24.690222,24.770023000000002,182.214936,51.7262895,6.1725555,45.553734,2.817627,0.70440675,2.822555,19.999109,4.99977725,20.068493,1.8734859999999998,0.46837149999999994,1.8789749999999998
P,0,3,0,5,4,207.781477,24.287056999999997,24.307748999999998,183.49442,51.94536925,6.071764249999999,45.873605,3.411566,0.8528915,3.4185099999999995,18.746819,4.68670475,18.757112,2.128672,0.532168,2.1321269999999997
P,0,3,0,6,4,207.778217,27.656836000000002,27.699844,180.121381,51.94455425,6.9142090000000005,45.03034525,3.6613510000000002,0.9153377500000001,3.668176,22.023735000000002,5.5059337500000005,22.054479,1.9717500000000001,0.49293750000000003,1.977189
P,0,3,0,7,4,193.829097,19.247280999999997,19.263876,174.581816,48.45727425,4.811820249999999,43.645454,2.1128329999999997,0.5282082499999999,2.1175550000000003,15.711374999999999,3.9278437499999996,15.720293,1.423073,0.35576825,1.426028
P,0,3,0,8,4,213.0621,28.340072,28.365423000000003,184.722028,53.265525,7.085018,46.180507,8.413882,2.1034705,8.420616,17.829549,4.45738725,17.841951,2.096641,0.52416025,2.102856
P,0,3,0,9,4,208.027859,30.268779,30.665058000000002,177.75908,52.00696475,7.56719475,44.43977,9.072171,2.26804275,9.295105,19.595097999999997,4.898774499999999,19.765185000000002,1.60151,0.4003775,1.604768
P,0,3,0,10,4,195.065107,23.654374,23.700536,171.41073300000002,48.76627675,5.9135935,42.852683250000005,2.404363,0.60109075,2.4092700000000002,19.080472,4.770118,19.118459,2.169539,0.54238475,2.172807
P,0,3,0,11,4,191.637601,25.349723,25.387314,166.28787799999998,47.90940025,6.33743075,41.571969499999994,2.688869,0.67221725,2.696376,18.564673,4.64116825,18.587027,4.0961810000000005,1.0240452500000001,4.103911
P,0,3,0,12,4,208.918924,30.736474,30.797394,178.18245000000002,52.229731,7.6841185,44.545612500000004,8.290614,2.0726535,8.295867,20.277267,5.06931675,20.327799,2.1685930000000004,0.5421482500000001,2.1737279999999997
P,0,3,0,13,4,172.093247,22.387971,22.556569,149.705276,43.02331175,5.59699275,37.426319,2.106354,0.5265885,2.110714,18.462581,4.61564525,18.624118,1.8190359999999999,0.45475899999999997,1.8217370000000002
P,0,3,0,14,4,193.230056,22.645411,22.860447,170.584645,48.307514,5.66135275,42.64616125,2.715205,0.67880125,2.734581,18.101191999999998,4.525297999999999,18.295135000000002,1.829014,0.4572535,1.8307309999999999
P,0,3,0,15,4,221.772756,34.477413999999996,34.650646,187.295342,55.443189,8.619353499999999,46.8238355,11.933491,2.98337275,11.927741999999999,20.414797,5.10369925,20.589323,2.129126,0.5322815,2.133581
P,0,3,0,16,4,171.243166,23.133009000000005,23.317374,148.110157,42.8107915,5.783252250000001,37.02753925,2.231206,0.5578015,2.236448,18.511481000000003,4.627870250000001,18.685993,2.390322,0.5975805,2.394933
P,0,3,0,17,4,195.631279,24.123974,24.132664999999996,171.507305,48.90781975,6.0309935,42.87682625,2.7443,0.686075,2.736783,19.104509,4.77612725,19.115021,2.275165,0.56879125,2.280861
P,0,3,0,18,4,225.986981,31.879949000000003,31.938085,194.10703199999998,56.49674525,7.969987250000001,48.526757999999994,4.25392,1.06348,4.261216999999999,25.144901,6.28622525,25.189523,2.481128,0.620282,2.487345
P,0,3,0,19,4,192.763661,24.052998,24.104440999999998,168.710663,48.19091525,6.0132495,42.17766575,2.530268,0.632567,2.56329,18.94587,4.7364675,18.957454,2.57686,0.644215,2.583697
P,0,3,0,20,4,302.711537,61.887396,62.278679000000004,240.82414100000003,75.67788425,15.471849,60.206035250000006,25.448712,6.362178,25.768762000000002,34.361637,8.59040925,34.427901,2.0770470000000003,0.5192617500000001,2.082016
P,0,3,0,21,4,185.576276,23.319032999999997,23.357809000000003,162.25724300000002,46.394069,5.829758249999999,40.564310750000004,2.34097,0.5852425,2.346409,18.688017,4.67200425,18.715206000000002,2.290046,0.5725115,2.296194
P,0,3,0,22,4,197.942609,24.633430999999998,24.820384,173.309178,49.48565225,6.1583577499999995,43.3272945,2.809171,0.70229275,2.816691,19.001682,4.7504205,19.172346,2.822578,0.7056445,2.831347
P,0,3,0,23,4,378.008675,74.392829,74.46506799999999,303.615846,94.50216875,18.59820725,75.9039615,49.096554999999995,12.274138749999999,49.156078,22.778467,5.69461675,22.784836999999996,2.517807,0.62945175,2.524153
P,0,3,0,24,4,173.937892,24.366006000000002,24.416337000000002,149.571886,43.484473,6.091501500000001,37.3929715,2.439902,0.6099755,2.4695899999999997,19.214922,4.8037305,19.226724,2.711182,0.6777955,2.7200230000000003
P,0,3,0,25,4,201.622104,25.007918,25.596942,176.61418600000002,50.405526,6.2519795,44.153546500000004,3.15602,0.789005,3.189383,19.315879000000002,4.828969750000001,19.805964,2.536019,0.63400475,2.601595
P,0,3,0,26,4,191.606579,24.275608000000002,24.353716,167.330971,47.90164475,6.0689020000000005,41.83274275,2.514828,0.628707,2.522073,19.416021,4.85400525,19.481872,2.344759,0.58618975,2.3497709999999996
P,0,3,0,27,4,226.880716,28.265296,28.414555999999997,198.61542,56.720179,7.066324,49.653855,4.523273,1.13081825,4.558246,21.410137,5.35253425,21.518454,2.331886,0.5829715,2.337856
P,0,3,0,28,4,195.678087,24.002923,24.058738999999996,171.675164,48.91952175,6.00073075,42.918791,3.0128559999999998,0.7532139999999999,3.0220279999999997,19.100196,4.775049,19.143905999999998,1.889871,0.47246775,1.8928049999999998
P,0,3,0,29,4,174.804042,24.206673000000002,24.353953000000004,150.59736900000001,43.7010105,6.0516682500000005,37.649342250000004,2.344137,0.58603425,2.364339,19.264583000000002,4.8161457500000004,19.368837000000003,2.597953,0.64948825,2.620777
P,0,3,0,30,4,203.515315,24.550758999999996,24.624139999999997,178.964556,50.87882875,6.137689749999999,44.741139,3.107213,0.77680325,3.152737,19.344599,4.83614975,19.367251,2.098947,0.52473675,2.104152
P,0,3,0,31,4,216.273679,24.927891000000002,25.272584000000002,191.34578799999997,54.06841975,6.231972750000001,47.83644699999999,3.704317,0.92607925,3.7126750000000004,19.348773,4.83719325,19.682074,1.8748010000000002,0.46870025000000004,1.8778350000000001
P,0,3,0,32,4,205.368523,25.742211,25.766740000000002,179.626312,51.34213075,6.43555275,44.906578,3.687218,0.9218045,3.6939329999999995,19.687494,4.9218735,19.698816,2.367499,0.59187475,2.373991
P,0,3,0,33,4,187.677091,24.135994999999998,24.344102,163.54109599999998,46.91927275,6.033998749999999,40.885273999999995,2.475554,0.6188885,2.483202,19.145121,4.78628025,19.290537,2.51532,0.62883,2.5703629999999995
P,0,3,0,34,4,195.125243,24.152542999999998,24.327061,170.9727,48.78131075,6.0381357499999995,42.743175,2.692946,0.6732365,2.718767,18.942179,4.73554475,19.048692,2.5174179999999997,0.6293544999999999,2.559602
P,0,3,0,35,4,224.645453,27.880223000000004,27.905397999999998,196.76523,56.16136325,6.970055750000001,49.1913075,3.871265,0.96781625,3.878744,21.336985000000002,5.3342462500000005,21.34772,2.671973,0.66799325,2.678934
P,0,3,0,36,4,183.687211,23.638945,24.128792999999998,160.04826599999998,45.92180275,5.90973625,40.012066499999996,2.315524,0.578881,2.368723,18.960501999999998,4.7401254999999995,19.390192,2.3629189999999998,0.5907297499999999,2.369878
P,0,3,0,37,4,199.740947,24.42016,24.527716999999996,175.320787,49.93523675,6.10504,43.83019675,2.708158,0.6770395,2.714912,18.887453999999998,4.7218634999999995,18.961790999999998,2.8245479999999996,0.7061369999999999,2.851014
P,0,3,0,38,4,174.943657,23.401287,23.477528,151.54237,43.73591425,5.85032175,37.8855925,2.238083,0.55952075,2.243792,18.538136,4.634534,18.600394,2.6250679999999997,0.6562669999999999,2.633342
P,0,3,0,39,4,190.217717,23.828998,23.865669999999998,166.38871899999998,47.55442925,5.9572495,41.597179749999995,2.554696,0.638674,2.5752010000000003,19.088655,4.77216375,19.100108,2.185647,0.54641175,2.190361
P,0,3,0,40,4,184.538275,23.339166000000002,23.578017,161.199109,46.13456875,5.834791500000001,40.29977725,2.523094,0.6307735,2.552365,18.412348,4.603087,18.589358,2.403724,0.600931,2.436294
P,0,3,0,41,4,196.376048,24.405316999999997,24.398991,171.970731,49.094012,6.101329249999999,42.99268275,2.852379,0.71309475,2.832426,19.698386,4.9245965,19.709975,1.854552,0.463638,1.8565900000000002
P,0,3,0,42,4,207.296998,29.300066,29.324441,177.99693200000002,51.8242495,7.3250165,44.499233000000004,3.650206,0.9125515,3.656354,23.134827,5.78370675,23.145247,2.515033,0.62875825,2.52284
P,0,3,0,43,4,175.033132,23.280103999999998,23.364439,151.753028,43.758283,5.8200259999999995,37.938257,2.38095,0.5952375,2.432454,18.620683,4.65517075,18.64741,2.278471,0.56961775,2.284575
P,0,3,0,44,4,196.487278,24.198789,24.223111,172.288489,49.1218195,6.04969725,43.07212225,2.886844,0.721711,2.895376,19.176891,4.79422275,19.187883,2.135054,0.5337635,2.139852
P,0,3,0,45,4,191.183484,23.570344999999996,23.592406999999998,167.613139,47.795871,5.892586249999999,41.90328475,2.617309,0.65432725,2.624315,18.842387,4.71059675,18.853142,2.1106490000000004,0.5276622500000001,2.1149500000000003
P,0,3,0,46,4,206.647191,25.007311,25.055074,181.63988,51.66179775,6.25182775,45.40997,3.129025,0.78225625,3.137626,19.306534000000003,4.826633500000001,19.33707,2.571752,0.642938,2.580378
P,0,3,0,47,4,204.291135,25.468922,25.496096,178.822213,51.07278375,6.3672305,44.70555325,3.131603,0.78290075,3.140594,19.544417,4.88610425,19.554911,2.7929019999999998,0.6982254999999999,2.800591
P,0,3,0,48,4,210.470233,24.772354,24.795042000000002,185.697879,52.61755825,6.1930885,46.42446975,3.178849,0.79471225,3.18511,18.958533,4.73963325,18.968713,2.6349720000000003,0.6587430000000001,2.641219
P,0,3,0,49,4,167.335185,23.6116,23.636428999999996,143.72358499999999,41.83379625,5.9029,35.930896249999996,2.0591310000000003,0.5147827500000001,2.066584,18.838897,4.70972425,18.848527999999998,2.713572,0.678393,2.721317
P,0,3,0,50,4,188.400473,23.596962,23.683708,164.80351100000001,47.10011825,5.8992405,41.200877750000004,2.52963,0.6324075,2.537111,18.886481,4.72162025,18.962365,2.1808509999999997,0.5452127499999999,2.184232
P,0,3,0,51,4,185.223927,23.891515000000002,23.976135,161.332412,46.30598175,5.9728787500000005,40.333103,2.77659,0.6941475,2.7840290000000003,18.757581000000002,4.6893952500000005,18.828757,2.357344,0.589336,2.363349
P,0,3,0,52,4,190.504048,24.059534999999997,24.217762,166.44451300000003,47.626012,6.014883749999999,41.61112825000001,2.519764,0.629941,2.5251200000000003,19.110957999999997,4.777739499999999,19.258117,2.4288130000000003,0.6072032500000001,2.434525
P,0,3,0,53,4,199.928267,25.619307,25.647265,174.30896,49.98206675,6.40482675,43.57724,3.095365,0.77384125,3.102683,19.772624999999998,4.9431562499999995,19.784527,2.7513170000000002,0.6878292500000001,2.7600550000000004
P,0,3,0,54,4,196.325986,24.560865999999997,24.608848000000002,171.76512,49.0814965,6.140216499999999,42.94128,2.809731,0.70243275,2.816919,19.380052,4.845013,19.414954,2.371083,0.59277075,2.376975
P,0,3,0,55,4,210.100665,25.217168,25.267057,184.88349699999998,52.52516625,6.304292,46.220874249999994,3.456508,0.864127,3.463654,19.499158,4.8747895,19.536522,2.2615019999999997,0.5653754999999999,2.2668809999999997
P,0,3,0,56,4,217.80592,25.897297000000002,25.980700999999996,191.90862299999998,54.45148,6.4743242500000004,47.977155749999994,4.021107,1.00527675,4.028774,19.959371,4.98984275,20.018983,1.9168189999999998,0.47920474999999996,1.932944
P,0,3,0,57,4,188.315235,24.061876,25.408696,164.253359,47.07880875,6.015469,41.06333975,2.6356829999999998,0.6589207499999999,3.009594,19.159731,4.78993275,20.127264,2.2664619999999998,0.5666154999999999,2.271838
P,0,3,0,58,4,251.933135,30.521174000000002,30.640934000000005,221.411961,62.98328375,7.6302935000000005,55.35299025,5.47234,1.368085,5.576368,22.863657000000003,5.715914250000001,22.874642,2.185177,0.54629425,2.189924
P,0,3,0,59,4,220.217878,26.673531999999998,26.697316,193.54434600000002,55.0544695,6.6683829999999995,48.386086500000005,3.8240600000000002,0.9560150000000001,3.832599,20.746004,5.186501,20.756527000000002,2.103468,0.525867,2.10819
P,0,3,0,60,4,732.393767,120.03940200000001,120.202187,612.354365,183.09844175,30.009850500000002,153.08859125,75.545972,18.886493,75.650618,42.412104,10.603026,42.46505,2.081326,0.5203315,2.086519
P,0,3,0,61,4,321.754847,139.34850999999998,139.788687,182.406337,80.43871175,34.837127499999994,45.60158425,3.199331,0.79983275,3.206753,20.295929,5.07398225,20.751921,115.85324999999999,28.963312499999997,115.83001300000001
P,0,3,0,62,4,402.757461,23.740299,23.810164999999998,379.017162,100.68936525,5.93507475,94.7542905,2.488591,0.62214775,2.4943649999999997,19.100483,4.77512075,19.13878,2.151225,0.53780625,2.1770199999999997
P,0,3,0,63,4,171.045216,23.275842,23.340931,147.769374,42.761304,5.8189605,36.9423435,2.203043,0.55076075,2.207615,18.707172,4.676793,18.762353,2.365627,0.59140675,2.370963
P,0,3,0,64,4,200.941324,24.89986,25.138562,176.04146400000002,50.235331,6.224965,44.010366000000005,2.921005,0.73025125,2.988244,19.372517,4.84312925,19.525085,2.606338,0.6515845,2.625233
P,0,3,0,65,4,169.611957,23.729900999999998,23.773071,145.88205599999998,42.40298925,5.9324752499999995,36.470513999999994,2.3619689999999998,0.5904922499999999,2.367637,18.747425,4.68685625,18.777211,2.620507,0.65512675,2.628223
P,0,3,0,66,4,176.981665,23.990141,24.036230999999997,152.991524,44.24541625,5.99753525,38.247881,2.588726,0.6471815,2.5943259999999997,19.034758,4.7586895,19.061183,2.366657,0.59166425,2.380722
P,0,3,0,67,4,187.759072,24.234631999999998,24.259692,163.52444,46.939768,6.058657999999999,40.88111,2.520943,0.63023575,2.525124,18.866892,4.716723,18.878455000000002,2.846797,0.71169925,2.856113
P,0,3,0,68,4,193.725952,24.836159,24.861263999999995,168.889793,48.431488,6.20903975,42.22244825,2.73694,0.684235,2.742606,19.150934,4.7877335,19.162307999999996,2.948285,0.73707125,2.95635
P,0,3,0,69,4,172.21424,23.179024,23.234557,149.035216,43.05356,5.794756,37.258804,2.3081620000000003,0.5770405000000001,2.313416,18.821668,4.705417,18.86809,2.049194,0.5122985,2.053051
P,0,3,0,70,4,191.621806,23.873409000000002,23.950024000000003,167.74839699999998,47.9054515,5.968352250000001,41.937099249999996,2.6424510000000003,0.6606127500000001,2.649847,19.104221000000003,4.776055250000001,19.169893000000002,2.126737,0.53168425,2.130284
P,0,3,0,71,4,198.959726,25.954776,26.00762,173.00494999999998,49.7399315,6.488694,43.251237499999995,3.1660959999999996,0.7915239999999999,3.1713250000000004,20.350526,5.0876315,20.39266,2.438154,0.6095385,2.443635
P,0,3,0,72,4,205.174234,24.574197,24.653008,180.60003700000001,51.2935585,6.14354925,45.150009250000004,3.163544,0.790886,3.200548,19.275993,4.81899825,19.313444,2.13466,0.533665,2.139016
P,0,3,0,73,4,219.712298,26.149518,29.329774999999998,193.56278,54.9280745,6.5373795,48.390695,3.8832050000000002,0.9708012500000001,4.238664,19.922948,4.980737,22.740682,2.343365,0.58584125,2.3504289999999997
P,0,3,0,74,4,196.935318,24.099972,24.264074,172.835346,49.2338295,6.024993,43.2088365,2.807374,0.7018435,2.817727,18.864507,4.71612675,19.012185,2.428091,0.60702275,2.434162
P,0,3,0,75,4,212.468844,25.918086000000002,25.996421,186.55075799999997,53.117211,6.479521500000001,46.63768949999999,3.683797,0.92094925,3.704657,19.767566,4.9418915,19.794736,2.466723,0.61668075,2.497028
P,0,3,0,76,4,204.959972,25.711123999999998,25.770671,179.248848,51.239993,6.4277809999999995,44.812212,3.111383,0.77784575,3.1200430000000003,19.939228,4.984807,19.983412,2.660513,0.66512825,2.667216
P,0,3,0,77,4,202.407985,25.457207999999998,25.769641000000004,176.950777,50.60199625,6.3643019999999995,44.23769425,2.9506449999999997,0.7376612499999999,2.980777,19.989086999999998,4.9972717499999995,20.264788000000003,2.517476,0.629369,2.524076
P,0,3,0,78,4,378.101387,89.81704500000001,89.89022200000001,288.284342,94.52534675,22.454261250000002,72.0710855,45.457345000000004,11.364336250000001,45.46233300000001,41.984155,10.49603875,42.045702,2.375545,0.59388625,2.382187
P,0,3,0,79,4,189.031326,23.407487999999997,23.487468000000003,165.623838,47.2578315,5.851871999999999,41.4059595,3.398198,0.8495495,3.42875,17.048869999999997,4.262217499999999,17.089677000000002,2.96042,0.740105,2.969041
P,0,3,0,80,4,181.690627,24.090554,24.17555,157.600073,45.42265675,6.0226385,39.40001825,2.571268,0.642817,2.5809249999999997,19.178421,4.79460525,19.243181,2.340865,0.58521625,2.351444
P,0,3,0,81,4,198.529229,24.538194999999998,24.708203999999995,173.99103399999998,49.63230725,6.1345487499999996,43.497758499999996,2.763443,0.69086075,2.781,19.639363,4.90984075,19.699962999999997,2.135389,0.53384725,2.227241
P,0,3,0,82,4,177.767797,23.954422,23.977091,153.813375,44.44194925,5.9886055,38.45334375,2.653602,0.6634005,2.659809,19.01566,4.753915,19.025932,2.28516,0.57129,2.29135
P,0,3,0,83,4,195.770172,24.440769000000003,24.573231999999997,171.329403,48.942543,6.110192250000001,42.83235075,2.723801,0.68095025,2.732515,19.423924,4.855981,19.542274,2.293044,0.573261,2.298443
P,0,3,0,84,4,197.507431,24.649469,24.675786,172.857962,49.37685775,6.16236725,43.2144905,2.8765870000000002,0.7191467500000001,2.885826,19.448197999999998,4.8620494999999995,19.459636,2.324684,0.581171,2.330324
P,0,3,0,85,4,183.062664,24.061325999999998,24.088845000000003,159.001338,45.765666,6.015331499999999,39.7503345,2.6609350000000003,0.6652337500000001,2.6701240000000004,18.842091,4.71052275,18.852493000000003,2.5583,0.639575,2.566228
P,0,3,0,86,4,194.736745,24.741214,24.830089,169.99553100000003,48.68418625,6.1853035,42.49888275000001,2.77978,0.694945,2.809408,19.395598,4.8488995,19.422171,2.565836,0.641459,2.59851
P,0,3,0,87,4,208.445148,25.179885,25.666227000000003,183.265263,52.111287,6.29497125,45.81631575,2.823085,0.70577125,2.867585,19.680093,4.92002325,20.114307,2.676707,0.66917675,2.684335
P,0,3,0,88,4,204.071462,25.348226,25.400654,178.72323599999999,51.0178655,6.3370565,44.680808999999996,2.9929490000000003,0.7482372500000001,3.029686,19.918267,4.97956675,19.929017,2.43701,0.6092525,2.441951
P,0,3,0,89,4,179.345092,23.412318,23.463480000000004,155.932774,44.836273,5.8530795,38.9831935,2.673328,0.668332,2.680976,18.937596,4.734399,18.948001,1.801394,0.4503485,1.8345030000000002
P,0,3,0,90,4,200.97239,24.749341,24.922698,176.223049,50.2430975,6.18733525,44.05576225,2.895187,0.72379675,2.907044,19.711734,4.9279335,19.785246,2.1424199999999995,0.5356049999999999,2.2304079999999997
P,0,3,0,91,4,195.729925,24.467999999999996,24.542749999999998,171.26192500000002,48.93248125,6.116999999999999,42.815481250000005,2.690648,0.672662,2.6972929999999997,19.207279999999997,4.801819999999999,19.267633,2.570072,0.642518,2.577824
P,0,3,0,92,4,202.749492,25.043771999999997,25.113054,177.70572,50.687373,6.260942999999999,44.42643,3.139566,0.7848915,3.1601569999999994,19.821485,4.95537125,19.847388000000002,2.0827210000000003,0.5206802500000001,2.105509
P,0,3,0,93,4,182.538112,24.194031,24.266193,158.34408100000002,45.634528,6.04850775,39.586020250000004,2.698372,0.674593,2.7241669999999996,18.869322,4.7173305,18.908518,2.6263369999999995,0.6565842499999999,2.633508
P,0,3,0,94,4,197.946802,24.316986,24.38065,173.629816,49.4867005,6.0792465,43.407454,2.694305,0.67357625,2.702622,18.924578,4.7311445,18.972659,2.698103,0.67452575,2.705369
P,0,3,0,95,4,195.944237,24.321632,24.342409000000004,171.622605,48.98605925,6.080408,42.90565125,2.621922,0.6554805,2.629542,18.99494,4.748735,19.00242,2.70477,0.6761925,2.7104470000000003
P,0,3,0,96,4,205.396329,25.206570000000003,25.262027999999997,180.189759,51.34908225,6.301642500000001,45.04743975,2.838404,0.709601,2.878747,19.705262,4.9263155,19.716101,2.662904,0.665726,2.6671799999999997
P,0,3,0,97,4,202.983011,24.563235000000002,24.801385,178.419776,50.74575275,6.140808750000001,44.604944,3.020375,0.75509375,3.028061,19.167591,4.79189775,19.392094999999998,2.3752690000000003,0.5938172500000001,2.381229
P,0,3,0,98,4,193.548435,24.082282999999997,24.27459,169.46615200000002,48.38710875,6.020570749999999,42.366538000000006,2.570875,0.64271875,2.5772890000000004,19.357160999999998,4.8392902499999995,19.405966,2.154247,0.53856175,2.291335
P,0,3,0,99,4,179.566551,23.227534,23.361499000000002,156.339017,44.89163775,5.8068835,39.08475425,2.306076,0.576519,2.311501,18.635644,4.658911,18.718272000000002,2.2858140000000002,0.5714535000000001,2.3317259999999997
P,0,3,0,100,4,197.689267,24.540261999999995,24.574678000000002,173.14900500000002,49.42231675,6.135065499999999,43.287251250000004,3.012524,0.753131,3.031559,19.201746999999997,4.800436749999999,19.211908,2.3259909999999997,0.5814977499999999,2.3312109999999997
P,0,3,0,101,4,200.95938,23.893486,23.899852,177.06589400000001,50.239845,5.9733715,44.266473500000004,2.776903,0.69422575,2.784202,19.235373,4.80884325,19.23264,1.88121,0.4703025,1.8830099999999999
P,0,3,0,102,4,202.020417,24.641209,24.552343999999998,177.379208,50.50510425,6.16030225,44.344802,3.0246320000000004,0.7561580000000001,2.897772,19.354605,4.83865125,19.386165,2.261972,0.565493,2.268407
P,0,3,0,103,4,204.524868,25.097637000000002,25.120528999999998,179.427231,51.131217,6.274409250000001,44.85680775,3.0853379999999997,0.7713344999999999,3.091562,19.586815,4.89670375,19.597751,2.425484,0.606371,2.431216
P,0,3,0,104,4,204.136983,25.039458999999994,25.095063,179.097524,51.03424575,6.259864749999998,44.774381,3.076772,0.769193,3.085427,19.518065999999997,4.879516499999999,19.559839,2.4446209999999997,0.6111552499999999,2.449797
P,0,3,0,105,4,197.975428,24.945826,25.004545000000004,173.02960199999998,49.493857,6.2364565,43.257400499999996,3.0236159999999996,0.7559039999999999,3.0319209999999996,19.750947,4.93773675,19.797122,2.171263,0.54281575,2.1755020000000003
P,0,3,0,106,4,188.778478,25.583203,25.651690000000002,163.195275,47.1946195,6.39580075,40.79881875,2.815029,0.70375725,2.823823,20.079309000000002,5.0198272500000005,20.129162,2.688865,0.67221625,2.6987050000000004
P,0,3,0,107,4,202.903405,25.08022,25.107210000000002,177.823185,50.72585125,6.270055,44.45579625,2.848735,0.71218375,2.857203,19.907311,4.97682775,19.92003,2.3241739999999997,0.5810434999999999,2.329977
P,0,3,0,108,4,178.777453,11.429878,11.444139,167.347575,44.69436325,2.8574695,41.83689375,1.677699,0.41942475,1.683245,8.505435,2.12635875,8.511831,1.246744,0.311686,1.249063
P,0,3,0,109,4,197.95144,23.940215,23.969027,174.011225,49.48786,5.98505375,43.50280625,2.89885,0.7247125,2.9135340000000003,18.912194,4.7280485,18.922212000000002,2.129171,0.53229275,2.133281
P,0,3,0,110,4,178.367592,23.474826999999998,23.661636,154.892765,44.591898,5.868706749999999,38.72319125,2.3802600000000003,0.5950650000000001,2.415434,19.003849,4.75096225,19.131201,2.090718,0.5226795,2.115001
P,0,3,0,111,4,185.329618,23.625121999999998,23.67645,161.704496,46.3324045,5.906280499999999,40.426124,2.5661009999999997,0.6415252499999999,2.5734570000000003,19.047096,4.761774,19.086845999999998,2.0119249999999997,0.5029812499999999,2.016147
P,0,3,0,112,4,181.986903,25.043536,24.725672,156.94336700000002,45.49672575,6.260884,39.235841750000006,2.8856029999999997,0.7214007499999999,2.891254,19.791268,4.947817,19.463119,2.366665,0.59166625,2.3712990000000005
P,0,3,0,113,4,169.043639,23.015921,23.039050000000003,146.02771800000002,42.26090975,5.75398025,36.506929500000005,2.140098,0.5350245,2.143977,18.350257999999997,4.587564499999999,18.361979,2.5255650000000003,0.6313912500000001,2.533094
P,0,3,0,114,4,196.386994,24.390197,24.416245,171.996797,49.0967485,6.09754925,42.99919925,2.761831,0.69045775,2.7683190000000004,18.97508,4.74377,18.987562999999998,2.653286,0.6633215,2.660363
P,0,3,0,115,4,217.837282,25.637038999999998,25.662105999999998,192.200243,54.4593205,6.4092597499999995,48.05006075,3.746378,0.9365945,3.754462,19.531605,4.88290125,19.542602,2.359056,0.589764,2.365042
P,0,3,0,116,4,172.969668,23.701276000000004,23.724481000000004,149.268392,43.242417,5.925319000000001,37.317098,2.263943,0.56598575,2.269566,18.959597000000002,4.739899250000001,18.970909000000002,2.477736,0.619434,2.484006
P,0,3,0,117,4,198.159278,23.954951000000005,23.977537,174.204327,49.5398195,5.988737750000001,43.55108175,2.7302429999999998,0.6825607499999999,2.7379320000000003,19.085371000000002,4.7713427500000005,19.096175000000002,2.1393370000000003,0.5348342500000001,2.14343
P,0,3,0,118,4,221.591154,26.516665,26.639470000000003,195.074489,55.3977885,6.62916625,48.76862225,3.980779,0.99519475,3.987777,20.37948,5.09487,20.490973,2.156406,0.5391015,2.16072
P,0,3,0,119,4,195.463,24.179119999999998,24.369508999999997,171.28388,48.86575,6.044779999999999,42.82097,2.5561119999999997,0.6390279999999999,2.702622,18.862783,4.71569575,18.901486,2.760225,0.69005625,2.7654009999999998
U,0,3,1,0,4,459.600165,26.027524,26.076535999999997,433.572641,114.90004125,6.506881,108.39316025,3.220364,0.805091,3.229716,20.22136,5.05534,20.253836999999997,2.5858,0.64645,2.5929830000000003
U,0,3,1,1,4,464.28692,24.968884000000003,25.041029,439.318036,116.07173,6.242221000000001,109.829509,3.155781,0.78894525,3.186312,19.431967,4.85799175,19.467778000000003,2.381136,0.595284,2.3869389999999995
U,0,3,1,2,4,471.394819,25.721480000000003,25.795270999999996,445.673339,117.84870475,6.430370000000001,111.41833475,3.2023829999999998,0.8005957499999999,3.210316,19.80411,4.9510275,19.861299,2.714987,0.67874675,2.7236559999999996
U,0,3,1,3,4,449.585676,25.540625000000002,25.564947,424.045051,112.396419,6.3851562500000005,106.01126275,3.168797,0.79219925,3.176604,19.799106000000002,4.9497765000000005,19.807990999999998,2.5727219999999997,0.6431804999999999,2.580352
U,0,3,1,4,4,465.531394,27.013113,27.068738999999997,438.518281,116.3828485,6.75327825,109.62957025,4.864678,1.2161695,4.904221,19.606484000000002,4.9016210000000004,19.614254,2.541951,0.63548775,2.550264
U,0,3,1,5,4,460.950578,27.885378,27.905364999999996,433.0652,115.2376445,6.9713445,108.2663,4.8805250000000004,1.2201312500000001,4.887198,19.426531999999998,4.8566329999999995,19.435192,3.578321,0.89458025,3.5829749999999994
U,0,3,1,6,4,456.523269,25.757652,25.801078,430.765617,114.13081725,6.439413,107.69140425,3.186729,0.79668225,3.193995,20.016056,5.004014,20.04505,2.5548669999999998,0.6387167499999999,2.5620330000000004
U,0,3,1,7,4,455.295076,25.558849,25.703373,429.736227,113.823769,6.38971225,107.43405675,3.145297,0.78632425,3.234966,20.022358,5.0055895,20.077559,2.391194,0.5977985,2.390848
U,0,3,1,8,4,460.318999,26.944862,26.966046999999996,433.374137,115.07974975,6.7362155,108.34353425,6.720955,1.68023875,6.728616000000001,18.219324,4.554831,18.227921,2.0045830000000002,0.5011457500000001,2.00951
U,0,3,1,9,4,467.684054,25.837996,25.886623,441.846058,116.9210135,6.459499,110.4615145,3.309844,0.827461,3.344598,20.108181000000002,5.0270452500000005,20.116639,2.419971,0.60499275,2.425386
U,0,3,1,10,4,334.963445,24.563712000000002,24.605864,310.39973299999997,83.74086125,6.140928000000001,77.59993324999999,2.540534,0.6351335,2.5468640000000002,19.898099000000002,4.9745247500000005,19.929659,2.125079,0.53126975,2.129341
U,0,3,1,11,4,376.924729,24.903866,24.970204,352.020863,94.23118225,6.2259665,88.00521575,2.78475,0.6961875,2.8185439999999997,19.55706,4.889265,19.582561,2.562056,0.640514,2.5690990000000005
U,0,3,1,12,4,422.792282,25.080087999999996,25.275117,397.712194,105.6980705,6.270021999999999,99.4280485,3.015146,0.7537865,3.0211619999999995,19.879876999999997,4.969969249999999,19.888202,2.185065,0.54626625,2.3657529999999998
U,0,3,1,13,4,267.265354,23.013337000000003,23.038976,244.252017,66.8163385,5.753334250000001,61.06300425,2.18183,0.5454575,2.187234,18.815604,4.703901,18.832328,2.0159030000000002,0.5039757500000001,2.0194140000000003
U,0,3,1,14,4,422.850917,24.477233,24.514042,398.37368399999997,105.71272925,6.11930825,99.59342099999999,3.107984,0.776996,3.1427690000000004,19.48745,4.8718625,19.485138,1.881799,0.47044975,1.886135
U,0,3,1,15,4,622.432258,36.209497,36.239089,586.222761,155.6080645,9.05237425,146.55569025,14.337973,3.58449325,14.345454,19.760892,4.940223,19.768271,2.110632,0.527658,2.1253640000000003
U,0,3,1,16,4,311.054417,23.833250000000003,23.867142000000005,287.221167,77.76360425,5.958312500000001,71.80529175,2.3825600000000002,0.5956400000000001,2.401039,19.142783,4.78569575,19.151777000000003,2.307907,0.57697675,2.3143260000000003
U,0,3,1,17,4,396.28175,25.148432,25.368481999999997,371.133318,99.0704375,6.287108,92.7833295,2.897012,0.724253,2.9289199999999997,19.963355,4.99083875,20.144410999999998,2.288065,0.57201625,2.295151
U,0,3,1,18,4,699.349524,27.670028,27.873222,671.679496,174.837381,6.917507,167.919874,4.483606,1.1209015,4.490395,20.803864,5.200966,20.99448,2.382558,0.5956395,2.388347
U,0,3,1,19,4,360.244884,25.194167,25.459785,335.050717,90.061221,6.29854175,83.76267925,2.8823790000000002,0.7205947500000001,2.9294089999999997,19.639292,4.909823,19.848399,2.6724959999999998,0.6681239999999999,2.681977
U,0,3,1,20,4,1148.152657,44.952273999999996,44.96753,1103.200383,287.03816425,11.238068499999999,275.80009575,24.758611999999996,6.189652999999999,24.764647,18.149481,4.53737025,18.15438,2.044181,0.51104525,2.048503
U,0,3,1,21,4,316.596486,23.899937,23.922025,292.696549,79.1491215,5.97498425,73.17413725,2.405493,0.60137325,2.411102,19.098603,4.77465075,19.107675,2.395841,0.59896025,2.403248
U,0,3,1,22,4,402.719227,25.328577000000003,25.350945,377.39065,100.67980675,6.332144250000001,94.3476625,2.952039,0.73800975,2.958683,19.546773,4.88669325,19.55444,2.829765,0.70744125,2.837822
U,0,3,1,23,4,1993.330914,66.351508,66.49450300000001,1926.979406,498.3327285,16.587877,481.7448515,53.393428,13.348357,53.473268000000004,10.444997,2.61124925,10.499552000000001,2.513083,0.62827075,2.5216830000000003
U,0,3,1,24,4,316.772578,22.495116000000003,23.000994,294.277462,79.1931445,5.623779000000001,73.5693655,2.026574,0.5066435,2.032555,17.931882,4.4829705,18.402263,2.5366600000000004,0.6341650000000001,2.566176
U,0,3,1,25,4,436.964783,25.336415000000002,25.359337000000004,411.628368,109.24119575,6.334103750000001,102.907092,3.2726779999999995,0.8181694999999999,3.280704,19.491918000000002,4.8729795000000005,19.499639000000002,2.5718189999999996,0.6429547499999999,2.5789940000000002
U,0,3,1,26,4,359.709811,25.316035,25.366396,334.393776,89.92745275,6.32900875,83.598444,2.7707159999999997,0.6926789999999999,2.778329,20.176392,5.044098,20.212184,2.3689270000000002,0.5922317500000001,2.375883
U,0,3,1,27,4,713.112375,29.099826000000004,29.146530000000002,684.012549,178.27809375,7.274956500000001,171.00313725,4.742143,1.18553575,4.748837,22.027736,5.506934,22.061684,2.3299469999999998,0.5824867499999999,2.3360090000000002
U,0,3,1,28,4,435.135397,24.561737,24.801450000000003,410.57366,108.78384925,6.14043425,102.643415,3.211973,0.80299325,3.249913,19.514088,4.878522,19.689824,1.8356759999999999,0.45891899999999997,1.8617130000000002
U,0,3,1,29,4,325.23172,24.87739,24.947369999999996,300.35433,81.30793,6.2193475,75.0885825,2.449767,0.61244175,2.482777,19.838423,4.95960575,19.869400999999996,2.5892,0.6473,2.595192
U,0,3,1,30,4,438.660267,25.310258,25.331968999999997,413.350009,109.66506675,6.3275645,103.33750225,3.3290309999999996,0.8322577499999999,3.3368369999999996,19.916618,4.9791545,19.925434,2.0646090000000004,0.5161522500000001,2.069698
U,0,3,1,31,4,573.535039,25.675021,25.769224,547.860018,143.38375975,6.41875525,136.9650045,4.0950940000000005,1.0237735000000001,4.1027249999999995,19.754313,4.93857825,19.818258,1.825614,0.4564035,1.8482409999999998
U,0,3,1,32,4,536.725957,26.204256000000004,26.226187,510.521701,134.18148925,6.551064000000001,127.63042525,3.838699,0.95967475,3.845837,20.093275000000002,5.0233187500000005,20.10104,2.272282,0.5680705,2.27931
U,0,3,1,33,4,350.06672,24.496499,24.568886,325.57022099999995,87.51668,6.12412475,81.39255524999999,2.685886,0.6714715,2.6932780000000003,19.496882,4.8742205,19.556199,2.3137309999999998,0.5784327499999999,2.3194090000000003
U,0,3,1,34,4,358.647715,24.569833,24.67034,334.077882,89.66192875,6.14245825,83.5194705,2.760443,0.69011075,2.843785,19.327036,4.831759,19.337234,2.482354,0.6205885,2.489321
U,0,3,1,35,4,602.487851,28.396771000000005,28.494978,574.0910799999999,150.62196275,7.099192750000001,143.52276999999998,4.254322,1.0635805,4.281334,21.569296,5.392324,21.632996,2.573153,0.64328825,2.5806479999999996
U,0,3,1,36,4,306.141583,24.021185000000003,24.049221000000003,282.120398,76.53539575,6.005296250000001,70.5300995,2.400013,0.60000325,2.406362,19.3413,4.835325,19.350984,2.279872,0.569968,2.291875
U,0,3,1,37,4,373.55134,24.9544,24.977099000000003,348.59693999999996,93.387835,6.2386,87.14923499999999,2.852351,0.71308775,2.858219,19.324661,4.83116525,19.33335,2.777388,0.694347,2.7855299999999996
U,0,3,1,38,4,313.988863,23.93558,23.959127000000002,290.05328299999996,78.49721575,5.983895,72.51332074999999,2.401065,0.60026625,2.414701,18.979545,4.74488625,18.981421,2.55497,0.6387425,2.5630050000000004
U,0,3,1,39,4,340.716028,24.182472000000004,24.252422,316.533556,85.179007,6.045618000000001,79.133389,2.737099,0.68427475,2.7445329999999997,19.248948000000002,4.8122370000000005,19.305943,2.196425,0.54910625,2.201946
U,0,3,1,40,4,355.496209,23.891611,23.92602,331.604598,88.87405225,5.97290275,82.9011495,2.65352,0.66338,2.673331,18.806766,4.7016915,18.815019,2.431325,0.60783125,2.43767
U,0,3,1,41,4,387.654263,25.426215,25.481415000000002,362.228048,96.91356575,6.35655375,90.557012,2.844224,0.711056,2.93619,20.766769999999998,5.191692499999999,20.727472000000002,1.8152210000000002,0.45380525000000005,1.817753
U,0,3,1,42,4,421.169649,26.26301,26.416773,394.906639,105.29241225,6.5657525,98.72665975,3.1914089999999997,0.7978522499999999,3.301375,20.571981,5.14299525,20.608957,2.49962,0.624905,2.506441
U,0,3,1,43,4,332.298996,23.804588,23.834547,308.49440799999996,83.074749,5.951147,77.12360199999999,2.428491,0.60712275,2.435564,19.184753999999998,4.7961884999999995,19.192706,2.1913430000000003,0.5478357500000001,2.206277
U,0,3,1,44,4,417.823163,24.873718000000004,24.978125,392.949445,104.45579075,6.218429500000001,98.23736125,3.078904,0.769726,3.0862540000000003,19.712761,4.92819025,19.805726,2.082053,0.52051325,2.086145
U,0,3,1,45,4,376.21016,24.01808,24.250902000000004,352.19208,94.05254,6.00452,88.04802,2.808209,0.70205225,2.814924,19.224434,4.8061085,19.255996000000003,1.985437,0.49635925,2.179982
U,0,3,1,46,4,444.15758,25.398155000000003,25.436156999999998,418.75942499999996,111.039395,6.349538750000001,104.68985624999999,3.291347,0.82283675,3.298008,19.556381000000002,4.8890952500000004,19.580354999999997,2.550427,0.63760675,2.557794
U,0,3,1,47,4,460.22734,26.509836000000004,26.584077000000004,433.717504,115.056835,6.627459000000001,108.429376,3.3717770000000002,0.8429442500000001,3.3796910000000002,20.379986000000002,5.094996500000001,20.438107000000002,2.758073,0.68951825,2.766279
U,0,3,1,48,4,470.308724,25.382540000000002,25.474339,444.926184,117.577181,6.345635000000001,111.231546,3.347386,0.8368465,3.3540509999999997,19.059070000000002,4.7647675000000005,19.136594000000002,2.976084,0.744021,2.9836940000000003
U,0,3,1,49,4,280.530044,23.3085,23.349536000000004,257.221544,70.132511,5.827125,64.305386,2.1659309999999996,0.5414827499999999,2.1712680000000004,18.681869,4.67046725,18.709752,2.4607,0.615175,2.468516
U,0,3,1,50,4,349.933869,23.620867999999994,23.638130999999998,326.31300100000004,87.48346725,5.905216999999999,81.57825025000001,2.661308,0.665327,2.66731,18.849860999999997,4.712465249999999,18.858090999999998,2.109699,0.52742475,2.11273
U,0,3,1,51,4,390.366564,23.930097,23.98964,366.436467,97.591641,5.98252425,91.60911675,2.9566280000000003,0.7391570000000001,2.964693,18.7223,4.680575,18.729647,2.251169,0.56279225,2.2953
U,0,3,1,52,4,344.586687,24.013016,24.196664999999996,320.573671,86.14667175,6.003254,80.14341775,2.559722,0.6399305,2.596845,19.124133,4.78103325,19.265731,2.329161,0.58229025,2.3340889999999996
U,0,3,1,53,4,419.792183,25.432928999999998,25.498703000000003,394.359254,104.94804575,6.3582322499999995,98.5898135,3.1225799999999997,0.7806449999999999,3.1491239999999996,19.661009999999997,4.915252499999999,19.692405,2.6493390000000003,0.6623347500000001,2.657174
U,0,3,1,54,4,381.315718,24.850317000000004,24.927277,356.465401,95.3289295,6.212579250000001,89.11635025,2.861009,0.71525225,2.867811,19.590186000000003,4.897546500000001,19.636308,2.399122,0.5997805,2.423158
U,0,3,1,55,4,483.619785,25.435081999999998,25.516596,458.18470299999996,120.90494625,6.358770499999999,114.54617574999999,3.5210679999999996,0.8802669999999999,3.5278840000000002,19.666081,4.91652025,19.733863,2.2479329999999997,0.5619832499999999,2.254849
U,0,3,1,56,4,587.267959,26.192231,26.352374000000005,561.075728,146.81698975,6.54805775,140.268932,4.1795,1.044875,4.207554,20.202803,5.05070075,20.332016000000003,1.809928,0.452482,1.8128039999999999
U,0,3,1,57,4,371.314104,24.970698,24.991738,346.34340599999996,92.828526,6.2426745,86.58585149999999,2.781314,0.6953285,2.7877959999999997,19.902979,4.97574475,19.91146,2.2864050000000002,0.5716012500000001,2.292482
U,0,3,1,58,4,887.016681,27.555462999999996,27.66496,859.4612179999999,221.75417025,6.888865749999999,214.86530449999998,5.7120750000000005,1.4280187500000001,5.720745000000001,19.764632,4.941158,19.861035,2.078756,0.519689,2.08318
U,0,3,1,59,4,588.166682,27.377543000000003,27.401442000000003,560.789139,147.0416705,6.844385750000001,140.19728475,4.007425,1.00185625,4.01292,21.297706,5.3244265,21.311771,2.072412,0.518103,2.076751
U,0,3,1,60,4,4503.026484,120.596133,120.78135499999999,4382.430351,1125.756621,30.14903325,1095.60758775,85.78941,21.4473525,85.909674,32.771684,8.192921,32.832019,2.035039,0.50875975,2.039662
U,0,3,1,61,4,448.325508,19.778705000000002,19.835264000000002,428.546803,112.081377,4.9446762500000006,107.13670075,2.5132280000000002,0.6283070000000001,2.517984,14.931704,3.732926,14.967377,2.333773,0.58344325,2.349903
U,0,3,1,62,4,338.509873,24.324828,24.374464,314.185045,84.62746825,6.081207,78.54626125,2.660755,0.66518875,2.668266,19.444612,4.861153,19.483015,2.219461,0.55486525,2.2231829999999997
U,0,3,1,63,4,306.900875,24.374608,24.430843,282.52626699999996,76.72521875,6.093652,70.63156674999999,2.338388,0.584597,2.363466,18.707416,4.676854,18.717194,3.3288040000000003,0.8322010000000001,3.3501830000000004
U,0,3,1,64,4,474.964891,27.299802,27.368843000000002,447.665089,118.74122275,6.8249505,111.91627225,4.915276,1.228819,4.919248,19.847509,4.96187725,19.907572000000002,2.537017,0.63425425,2.542023
U,0,3,1,65,4,329.36991,32.710543,32.777705999999995,296.659367,82.3424775,8.17763575,74.16484175,2.946071,0.73651775,2.969761,27.223604,6.805901,27.259493,2.540868,0.635217,2.548452
U,0,3,1,66,4,358.18681,32.926218,32.999741,325.260592,89.5467025,8.2315545,81.315148,2.613174,0.6532935,2.6199850000000002,27.104777,6.77619425,27.151421,3.208267,0.80206675,3.228335
U,0,3,1,67,4,360.642393,33.680687,33.699862,326.96170600000005,90.16059825,8.42017175,81.74042650000001,3.299861,0.82496525,3.306896,26.785754,6.6964385,26.791323,3.595072,0.898768,3.601643
U,0,3,1,68,4,383.093036,33.950249,34.095799,349.142787,95.773259,8.48756225,87.28569675,3.4522259999999996,0.8630564999999999,3.4579239999999998,26.875183,6.71879575,27.007106,3.62284,0.90571,3.630769
U,0,3,1,69,4,321.86173,32.649874,32.670688999999996,289.211856,80.4654325,8.1624685,72.302964,3.097529,0.77438225,3.105149,26.708263,6.67706575,26.714563,2.844082,0.7110205,2.850977
U,0,3,1,70,4,353.132259,25.049147,25.133993999999998,328.08311199999997,88.28306475,6.26228675,82.02077799999999,3.408199,0.85204975,3.416233,19.548964,4.887241,19.622304,2.091984,0.522996,2.095457
U,0,3,1,71,4,443.045933,26.044430000000006,26.090049999999998,417.00150299999996,110.76148325,6.511107500000001,104.25037574999999,3.2093100000000003,0.8023275000000001,3.2147639999999997,20.509618000000003,5.127404500000001,20.544041999999997,2.325502,0.5813755,2.331244
U,0,3,1,72,4,448.196939,25.047742000000003,25.128162,423.14919699999996,112.04923475,6.261935500000001,105.78729924999999,3.31733,0.8293325,3.3249839999999997,19.592617,4.89815425,19.660588,2.137795,0.53444875,2.1425899999999998
U,0,3,1,73,4,637.981587,26.711871,26.76922,611.269716,159.49539675,6.67796775,152.817429,4.228374,1.0570935,4.236225,20.20903,5.0522575,20.253107,2.2744670000000005,0.5686167500000001,2.2798879999999997
U,0,3,1,74,4,389.715495,24.7038,25.113492,365.011695,97.42887375,6.17595,91.25292375,2.768218,0.6920545,2.7757720000000004,19.560045,4.89001125,19.954891,2.375537,0.59388425,2.382829
U,0,3,1,75,4,592.742714,34.531118000000006,34.643419,558.211596,148.1856785,8.632779500000002,139.552899,11.90351,2.9758775,11.910010999999999,20.231225000000002,5.0578062500000005,20.330585000000003,2.396383,0.59909575,2.402823
U,0,3,1,76,4,456.848462,35.814253,35.861857,421.034209,114.2121155,8.95356325,105.25855225,3.258545,0.81463625,3.265658,29.007573,7.25189325,29.038803,3.548135,0.88703375,3.557396
U,0,3,1,77,4,436.744847,35.787233,36.116782,400.957614,109.18621175,8.94680825,100.2394035,3.961951,0.99048775,3.991756,28.328245000000003,7.082061250000001,28.387693,3.4970369999999997,0.8742592499999999,3.737333
U,0,3,1,78,4,1844.234951,90.61471399999999,91.31650900000001,1753.6202369999999,461.05873775,22.653678499999998,438.40505924999997,57.603924,14.400981,57.666586,30.751491,7.68787275,31.384687,2.2592990000000004,0.5648247500000001,2.265236
U,0,3,1,79,4,517.039135,22.967112999999998,22.992108,494.072022,129.25978375,5.741778249999999,123.5180055,3.8231599999999997,0.9557899999999999,3.831983,16.433920999999998,4.1084802499999995,16.441108,2.710032,0.677508,2.719017
U,0,3,1,80,4,347.436309,24.187168,24.240906,323.249141,86.85907725,6.046792,80.81228525,2.701863,0.67546575,2.708162,19.127913,4.78197825,19.168794,2.357392,0.589348,2.36395
U,0,3,1,81,4,371.068885,24.832386,25.376445,346.23649900000004,92.76722125,6.2080965,86.55912475000001,2.85326,0.713315,2.879415,19.853065,4.96326625,20.366906999999998,2.126061,0.53151525,2.130123
U,0,3,1,82,4,361.741307,23.928539999999998,23.947597,337.812767,90.43532675,5.9821349999999995,84.45319175,2.697912,0.674478,2.704044,18.991754,4.7479385,18.999691,2.238874,0.5597185,2.243862
U,0,3,1,83,4,393.483742,24.663541000000002,24.710419,368.820201,98.3709355,6.1658852500000005,92.20505025,2.835919,0.70897975,2.843765,19.502079000000002,4.8755197500000005,19.535717,2.325543,0.58138575,2.330937
U,0,3,1,84,4,416.586457,24.435362,24.456215,392.151095,104.14661425,6.1088405,98.03777375,2.988852,0.747213,2.996002,19.167704,4.791926,19.175649,2.278806,0.5697015,2.2845639999999996
U,0,3,1,85,4,371.475296,24.688201,24.710902,346.787095,92.868824,6.17205025,86.69677375,2.803269,0.70081725,2.809969,19.322381,4.83059525,19.331229,2.562551,0.64063775,2.569704
U,0,3,1,86,4,382.072711,24.534087,24.594032,357.538624,95.51817775,6.13352175,89.384656,2.915805,0.72895125,2.922123,19.13296,4.78324,19.179648,2.485322,0.6213305,2.492261
U,0,3,1,87,4,433.110604,26.063489999999998,26.084604000000002,407.047114,108.277651,6.5158724999999995,101.7617785,3.17306,0.793265,3.179662,20.351899,5.08797475,20.358913,2.538531,0.63463275,2.546029
U,0,3,1,88,4,447.333543,25.201366999999998,25.278361999999998,422.132176,111.83338575,6.300341749999999,105.533044,3.274272,0.818568,3.281193,19.671557,4.91788925,19.723646,2.2555379999999996,0.5638844999999999,2.273523
U,0,3,1,89,4,373.798223,23.574402000000003,23.620297,350.223821,93.44955575,5.893600500000001,87.55595525,2.766689,0.69167225,2.774082,19.01281,4.7532025,19.021085,1.7949030000000001,0.44872575000000003,1.82513
U,0,3,1,90,4,423.001091,24.993519,25.041049,398.007572,105.75027275,6.24837975,99.501893,3.170058,0.7925145,3.1784679999999996,19.750742,4.9376855,19.785374,2.072719,0.51817975,2.077207
U,0,3,1,91,4,415.096966,25.905779000000003,26.674861,389.191187,103.7742415,6.476444750000001,97.29779675,3.02948,0.75737,3.037223,20.433466000000003,5.108366500000001,21.172719,2.4428330000000003,0.6107082500000001,2.464919
U,0,3,1,92,4,433.333645,30.729996,30.751772000000003,402.603649,108.33341125,7.682499,100.65091225,3.139914,0.7849785,3.1474590000000005,25.235653,6.30891325,25.244902,2.354429,0.58860725,2.359411
U,0,3,1,93,4,367.444727,30.746648,30.833703999999997,336.698079,91.86118175,7.686662,84.17451975,2.7607700000000004,0.6901925000000001,2.768804,25.239461,6.30986525,25.311389,2.746417,0.68660425,2.7535109999999996
U,0,3,1,94,4,392.114528,25.133154999999995,25.243975,366.981373,98.028632,6.283288749999999,91.74534325,3.0935249999999996,0.7733812499999999,3.1001000000000003,19.398698999999997,4.849674749999999,19.494882999999998,2.640931,0.66023275,2.648992
U,0,3,1,95,4,375.884486,29.073922,29.142189000000002,346.810564,93.9711215,7.2684805,86.702641,2.706675,0.67666875,2.730326,23.672359,5.91808975,23.682323,2.6948879999999997,0.6737219999999999,2.72954
U,0,3,1,96,4,441.727682,25.716968,25.786063,416.010714,110.4319205,6.429242,104.0026785,3.2394689999999997,0.8098672499999999,3.247073,20.385646,5.0964115,20.441847,2.091853,0.52296325,2.097143
U,0,3,1,97,4,457.557134,25.953749000000002,25.975485,431.603385,114.3892835,6.4884372500000005,107.90084625,3.351199,0.83779975,3.358528,20.271472,5.067868,20.280472,2.3310779999999998,0.5827694999999999,2.336485
U,0,3,1,98,4,386.905262,25.067137000000002,25.087068,361.838125,96.7263155,6.266784250000001,90.45953125,2.879009,0.71975225,2.886031,20.019531,5.00488275,20.028063,2.168597,0.54214925,2.172974
U,0,3,1,99,4,338.372306,24.486784,24.530552,313.885522,84.5930765,6.121696,78.4713805,2.447243,0.61181075,2.454171,19.692141,4.92303525,19.72246,2.3474,0.58685,2.353921
U,0,3,1,100,4,423.344975,25.989262999999998,26.035741,397.355712,105.83624375,6.497315749999999,99.338928,3.3005009999999997,0.8251252499999999,3.309832,20.358916999999998,5.0897292499999995,20.389783,2.329845,0.58246125,2.3361259999999997
U,0,3,1,101,4,428.432204,25.026346000000004,25.060107000000002,403.405858,107.108051,6.256586500000001,100.8514645,3.1727950000000003,0.7931987500000001,3.180872,19.997748,4.999437,20.020849000000002,1.8558030000000003,0.4639507500000001,1.8583859999999999
U,0,3,1,102,4,434.998025,25.525061,25.550258999999997,409.472964,108.74950625,6.38126525,102.368241,3.2353840000000003,0.8088460000000001,3.2449920000000003,19.964416,4.991104,19.973599999999998,2.325261,0.58131525,2.3316670000000004
U,0,3,1,103,4,427.679679,25.165671000000003,25.222341000000004,402.514008,106.91991975,6.291417750000001,100.628502,3.182998,0.7957495,3.191039,19.600895,4.90022375,19.643275000000003,2.3817779999999997,0.5954444999999999,2.388027
U,0,3,1,104,4,422.200547,25.070240000000002,25.123693999999997,397.13030699999996,105.55013675,6.2675600000000005,99.28257674999999,3.138818,0.7847045,3.16943,19.647635,4.91190875,19.664153,2.2837870000000002,0.5709467500000001,2.290111
U,0,3,1,105,4,421.458515,25.292626,25.453967999999996,396.165889,105.36462875,6.3231565,99.04147225,3.1961060000000003,0.7990265000000001,3.217816,19.982661999999998,4.995665499999999,20.116830999999998,2.113858,0.5284645,2.1193210000000002
U,0,3,1,106,4,432.949952,26.703662,26.730103999999997,406.24629,108.237488,6.6759155,101.5615725,3.2411320000000003,0.8102830000000001,3.25054,20.967787,5.24194675,20.977286999999997,2.4947429999999997,0.6236857499999999,2.5022770000000003
U,0,3,1,107,4,427.629565,25.624449,25.694615,402.00511600000004,106.90739125,6.40611225,100.50127900000001,3.224012,0.806003,3.2325100000000004,20.136751,5.03418775,20.171366,2.263686,0.5659215,2.2907390000000003
U,0,3,1,108,4,427.338101,25.629468000000003,25.755519999999997,401.70863299999996,106.83452525,6.407367000000001,100.42715824999999,3.1597560000000007,0.7899390000000002,3.213565,20.088072,5.022018,20.152452999999998,2.38164,0.59541,2.3895020000000002
U,0,3,1,109,4,440.003799,24.932768,24.95479,415.071031,110.00094975,6.233192,103.76775775,3.2721849999999995,0.8180462499999999,3.278987,19.501942,4.8754855,19.511317,2.158641,0.53966025,2.1644859999999997
U,0,3,1,110,4,320.110387,23.818276000000004,23.898963000000002,296.292111,80.02759675,5.954569000000001,74.07302775,2.5098789999999997,0.6274697499999999,2.5169420000000002,19.042086,4.7605215,19.098738,2.266311,0.56657775,2.283283
U,0,3,1,111,4,376.354428,24.533338000000004,24.553589,351.82108999999997,94.088607,6.133334500000001,87.95527249999999,2.8400440000000002,0.7100110000000001,2.8460629999999996,19.671814000000005,4.917953500000001,19.679869999999998,2.02148,0.50537,2.027656
U,0,3,1,112,4,412.96312,25.551683,25.571676,387.411437,103.24078,6.38792075,96.85285925,3.055264,0.763816,3.061415,20.109804,5.027451,20.117518,2.386615,0.59665375,2.392743
U,0,3,1,113,4,290.127536,23.800070999999996,24.441580000000002,266.327465,72.531884,5.950017749999999,66.58186625,2.217531,0.55438275,2.2238900000000004,18.859204999999996,4.714801249999999,18.867268000000003,2.7233349999999996,0.6808337499999999,3.350422
U,0,3,1,114,4,408.016458,25.259683000000003,25.315185,382.756775,102.0041145,6.314920750000001,95.68919375,3.065038,0.7662595,3.074222,19.609117,4.90227925,19.647944,2.585528,0.646382,2.593019
U,0,3,1,115,4,577.352921,26.876172999999998,26.895896,550.476748,144.33823025,6.7190432499999995,137.619187,4.032228,1.008057,4.038711,20.47891,5.1197275,20.487172,2.3650349999999998,0.5912587499999999,2.370013
U,0,3,1,116,4,304.202688,23.961043,24.008119999999998,280.241645,76.050672,5.99026075,70.06041125,2.392333,0.59808325,2.426336,19.258381,4.81459525,19.266088,2.310329,0.57758225,2.315696
U,0,3,1,117,4,396.17819,24.709184999999998,24.781064999999998,371.469005,99.0445475,6.1772962499999995,92.86725125,2.975506,0.7438765,2.982132,19.598999,4.89974975,19.631968999999998,2.13468,0.53367,2.166964
U,0,3,1,118,4,636.572385,27.914237,27.95843,608.6581480000001,159.14309625,6.97855925,152.16453700000002,4.396489,1.09912225,4.403891,21.376993000000002,5.344248250000001,21.408825,2.140755,0.53518875,2.145714
U,0,3,1,119,4,352.454066,23.799877,23.816982000000003,328.65418900000003,88.1135165,5.94996925,82.16354725000001,2.7177919999999998,0.6794479999999999,2.724765,19.280095,4.82002375,19.288139,1.80199,0.4504975,1.8040779999999998
F,0,3,2,0,4,106.421947,24.784057999999998,24.865216999999998,81.637889,26.60548675,6.1960144999999995,20.40947225,2.894564,0.723641,2.901866,19.59038,4.897595,19.65352,2.2991140000000003,0.5747785000000001,2.309831
F,0,3,2,1,4,103.09257,24.037912,24.110101,79.05465799999999,25.7731425,6.009478,19.763664499999997,2.762566,0.6906415,2.769262,19.161749999999998,4.7904374999999995,19.219399,2.1135960000000003,0.5283990000000001,2.1214399999999998
F,0,3,2,2,4,107.374668,24.117836999999998,24.194916999999997,83.256831,26.843667,6.0294592499999995,20.81420775,2.7104369999999998,0.6776092499999999,2.717954,19.145153,4.78628825,19.178676,2.262247,0.56556175,2.298287
F,0,3,2,3,4,116.224596,24.163252999999997,24.181881,92.06134300000001,29.056149,6.040813249999999,23.015335750000002,2.833176,0.708294,2.838308,19.099059,4.77476475,19.10158,2.2310179999999997,0.5577544999999999,2.241993
F,0,3,2,4,4,112.072814,25.355679000000002,25.451556,86.71713499999998,28.0182035,6.3389197500000005,21.679283749999996,2.821653,0.70541325,2.827939,20.205039,5.05125975,20.28495,2.3289869999999997,0.5822467499999999,2.338667
F,0,3,2,5,4,112.054161,27.347866999999997,27.407003,84.706294,28.01354025,6.836966749999999,21.1765735,6.404171,1.60104275,6.445518000000001,18.989956,4.747489,19.000138,1.9537400000000003,0.48843500000000006,1.961347
F,0,3,2,6,4,115.654841,28.096887000000002,28.154126,87.557954,28.91371025,7.024221750000001,21.8894885,6.348180000000001,1.5870450000000003,6.354004000000001,19.47503,4.8687575,19.484365,2.273677,0.56841925,2.315757
F,0,3,2,7,4,109.786336,27.933314,27.960007,81.85302200000001,27.446584,6.9833285,20.463255500000002,6.292582,1.5731455,6.299818,19.487353,4.87183825,19.498655,2.153379,0.53834475,2.161534
F,0,3,2,8,4,103.733945,23.327242000000002,23.415011000000003,80.40670300000001,25.93348625,5.8318105000000005,20.101675750000002,3.7619,0.940475,3.7695690000000006,17.630451,4.40761275,17.685922,1.934891,0.48372275,1.95952
F,0,3,2,9,4,113.299667,29.128288999999995,29.171113,84.171378,28.32491675,7.282072249999999,21.0428445,7.176742,1.7941855,7.18396,19.807415999999996,4.951853999999999,19.818036,2.144131,0.53603275,2.169117
F,0,3,2,10,4,89.781171,23.167258999999998,23.206151000000002,66.613912,22.44529275,5.7918147499999995,16.653478,2.1773029999999998,0.5443257499999999,2.182496,19.052954,4.7632385,19.079633,1.937002,0.4842505,1.944022
F,0,3,2,11,4,106.700887,23.89575,24.028826,82.805137,26.67522175,5.9739375,20.70128425,2.581428,0.645357,2.588739,18.981442,4.7453605,19.071205,2.33288,0.58322,2.368882
F,0,3,2,12,4,113.825852,30.472183999999995,30.570178000000002,83.353668,28.456463,7.618045999999999,20.838417,8.351306,2.0878265,8.357332,20.183407,5.04585175,20.241074,1.937471,0.48436775,1.9717719999999999
F,0,3,2,13,4,83.268051,22.445106999999997,22.625035999999998,60.82294400000001,20.81701275,5.611276749999999,15.205736000000002,1.99268,0.49817,1.9963909999999998,18.654806999999998,4.6637017499999995,18.825153,1.79762,0.449405,1.8034919999999999
F,0,3,2,14,4,105.914825,23.804663,23.851270000000003,82.11016199999999,26.47870625,5.95116575,20.527540499999997,3.922292,0.980573,3.929618,18.13125,4.5328125,18.164311,1.751121,0.43778025,1.7573409999999998
F,0,3,2,15,4,130.115999,27.402712,27.427176,102.71328699999998,32.52899975,6.850678,25.678321749999995,6.061608,1.515402,6.069992,19.363098,4.8407745,19.372263,1.978006,0.4945015,1.9849210000000002
F,0,3,2,16,4,85.494808,22.644082,22.720802,62.85072600000001,21.373702,5.6610205,15.712681500000002,2.0737159999999997,0.5184289999999999,2.0782920000000003,18.476323,4.61908075,18.528564,2.094043,0.52351075,2.1139460000000003
F,0,3,2,17,4,103.255611,23.972243999999996,24.483519,79.283367,25.81390275,5.993060999999999,19.82084175,2.597002,0.6492505,2.702424,19.283678,4.8209195,19.653807,2.091564,0.522891,2.127288
F,0,3,2,18,4,143.467395,31.43213,31.47751,112.03526500000001,35.86684875,7.8580325,28.008816250000002,8.121108,2.030277,8.128899,21.13528,5.28382,21.164060999999997,2.1757419999999996,0.5439354999999999,2.18455
F,0,3,2,19,4,94.476151,23.538912,23.567132,70.937239,23.61903775,5.884728,17.73430975,2.330663,0.58266575,2.337852,18.917489,4.72937225,18.928744,2.29076,0.57269,2.300536
F,0,3,2,20,4,214.194893,56.40196399999999,56.406143,157.79292900000002,53.54872325,14.100490999999998,39.448232250000004,28.493702,7.1234255,28.484699,26.462691999999997,6.615672999999999,26.471005,1.44557,0.3613925,1.450439
F,0,3,2,21,4,85.690502,23.020576000000002,23.173503,62.66992599999999,21.4226255,5.7551440000000005,15.667481499999997,2.141674,0.5354185,2.147731,18.782424,4.695606,18.902686,2.0964780000000003,0.5241195000000001,2.123086
F,0,3,2,22,4,107.260692,24.435638,24.632341999999998,82.82505400000001,26.815173,6.1089095,20.706263500000002,2.689597,0.67239925,2.697499,19.318232000000002,4.8295580000000005,19.477981999999997,2.427809,0.60695225,2.4568610000000004
F,0,3,2,23,4,310.343818,68.113842,68.20400599999999,242.229976,77.5859545,17.0284605,60.557494,47.06722,11.766805,47.140201000000005,19.383754,4.8459385,19.392570999999997,1.6628680000000002,0.41571700000000006,1.6712339999999997
F,0,3,2,24,4,86.759512,21.175029000000002,21.203104,65.584483,21.689878,5.2937572500000005,16.39612075,2.013494,0.5033735,2.021371,17.107275,4.27681875,17.117702,2.05426,0.513565,2.064031
F,0,3,2,25,4,108.712377,23.850949000000004,23.917418,84.861428,27.17809425,5.962737250000001,21.215357,2.8428560000000003,0.7107140000000001,2.8498629999999996,18.785775,4.69644375,18.814019000000002,2.222318,0.5555795,2.253536
F,0,3,2,26,4,93.032808,23.799836999999997,23.826938,69.232971,23.258202,5.949959249999999,17.30824275,2.453338,0.6133345,2.459411,19.208447,4.80211175,19.219206999999997,2.138052,0.534513,2.14832
F,0,3,2,27,4,146.601591,28.387677999999998,28.475531999999998,118.21391300000002,36.65039775,7.096919499999999,29.553478250000005,4.360753,1.09018825,4.383151,21.730863,5.43271575,21.787430999999998,2.296062,0.5740155,2.3049500000000003
F,0,3,2,28,4,91.758966,13.598201000000001,13.643929,78.160765,22.9397415,3.3995502500000003,19.54019125,1.866212,0.466553,1.872951,10.781544,2.695386,10.816341,0.9504450000000001,0.23761125000000002,0.954637
F,0,3,2,29,4,90.140018,23.162473000000002,23.209347,66.97754499999999,22.5350045,5.7906182500000005,16.744386249999998,2.1433,0.535825,2.149804,18.751131,4.68778275,18.781147,2.268042,0.5670105,2.278396
F,0,3,2,30,4,103.867888,24.082455,24.268345000000004,79.785433,25.966972,6.02061375,19.94635825,2.932506,0.7331265,2.939332,19.206424,4.801606,19.378610000000002,1.9435250000000002,0.48588125000000004,1.950403
F,0,3,2,31,4,127.639608,24.580016,24.812247999999997,103.059592,31.909902,6.145004,25.764898,3.597372,0.899343,3.616916,19.217197,4.80429925,19.412065,1.765447,0.44136175,1.783267
F,0,3,2,32,4,127.601103,25.017229999999998,25.043385,102.583873,31.90027575,6.2543074999999995,25.64596825,3.452478,0.8631195,3.459955,19.454413,4.86360325,19.464582,2.110339,0.52758475,2.118848
F,0,3,2,33,4,95.835206,23.595429000000003,23.624654,72.239777,23.9588015,5.898857250000001,18.05994425,2.390527,0.59763175,2.398935,19.111966000000002,4.777991500000001,19.123667,2.092936,0.523234,2.102052
F,0,3,2,34,4,102.514106,23.455015,23.482411000000003,79.059091,25.6285265,5.86375375,19.76477275,2.3800969999999997,0.5950242499999999,2.387647,18.914245,4.72856125,18.92548,2.160673,0.54016825,2.1692839999999998
F,0,3,2,35,4,127.259778,27.334512,27.364518999999998,99.925266,31.8149445,6.833628,24.9813165,3.9426979999999996,0.9856744999999999,3.9509890000000003,21.085605,5.27140125,21.0967,2.306209,0.57655225,2.31683
F,0,3,2,36,4,86.40885,22.876831,22.949049,63.532019000000005,21.6022125,5.71920775,15.883004750000001,2.0461359999999997,0.5115339999999999,2.052203,18.70676,4.67669,18.736214,2.1239350000000004,0.5309837500000001,2.160632
F,0,3,2,37,4,99.165017,23.892107000000003,23.921581,75.27291,24.79125425,5.973026750000001,18.8182275,2.531642,0.6329105,2.5386290000000002,18.907854,4.7269635,18.918875,2.4526109999999997,0.6131527499999999,2.464077
F,0,3,2,38,4,87.066673,22.875381000000004,22.903983,64.19129199999999,21.76666825,5.718845250000001,16.047822999999998,2.088984,0.522246,2.095918,18.480217000000003,4.620054250000001,18.491722,2.30618,0.576545,2.316343
F,0,3,2,39,4,98.975624,23.122186,23.149392,75.853438,24.743906,5.7805465,18.9633595,2.358145,0.58953625,2.3662289999999997,18.782128,4.695532,18.794014999999998,1.981913,0.49547825,1.989148
F,0,3,2,40,4,93.046978,23.148877,23.176779,69.898101,23.2617445,5.78721925,17.47452525,2.344485,0.58612125,2.351595,18.680601,4.67015025,18.6923,2.123791,0.53094775,2.132884
F,0,3,2,41,4,103.510656,24.154345,24.177280000000003,79.356311,25.877664,6.03858625,19.83907775,2.627225,0.65680625,2.632446,19.727871,4.93196775,19.740239000000003,1.799249,0.44981225,1.804595
F,0,3,2,42,4,108.572883,25.296757,25.405583999999998,83.276126,27.14322075,6.32418925,20.8190315,3.0107630000000003,0.7526907500000001,3.096838,19.965443999999998,4.9913609999999995,19.976388,2.3205500000000003,0.5801375000000001,2.332358
F,0,3,2,43,4,88.077858,23.014443999999997,23.040075,65.06341400000001,22.0194645,5.753610999999999,16.265853500000002,2.2197940000000003,0.5549485000000001,2.225942,18.752454999999998,4.688113749999999,18.76518,2.042195,0.51054875,2.048953
F,0,3,2,44,4,105.800365,23.996071999999998,24.036417999999998,81.804293,26.45009125,5.9990179999999995,20.45107325,2.719513,0.67987825,2.727096,19.304185999999998,4.8260464999999995,19.331459,1.972373,0.49309325,1.9778630000000001
F,0,3,2,45,4,95.395515,23.094082999999998,23.252865000000003,72.301432,23.84887875,5.773520749999999,18.075358,2.461529,0.61538225,2.4693449999999997,18.720695,4.68017375,18.863114000000003,1.911859,0.47796475,1.9204060000000003
F,0,3,2,46,4,110.631001,24.293746,24.323842,86.337255,27.65775025,6.0734365,21.58431375,2.831076,0.707769,2.839017,19.230688999999998,4.8076722499999995,19.242249,2.231981,0.55799525,2.2425759999999997
F,0,3,2,47,4,115.955145,24.913583000000003,24.945088000000002,91.041562,28.98878625,6.228395750000001,22.7603905,2.9964960000000005,0.7491240000000001,3.004352,19.531793,4.88294825,19.54285,2.385294,0.5963235,2.3978859999999997
F,0,3,2,48,4,119.343345,24.601660999999996,24.675215,94.741684,29.83583625,6.150415249999999,23.685421,3.3391619999999995,0.8347904999999999,3.3476909999999998,19.007877999999998,4.7519694999999995,19.063105,2.254621,0.56365525,2.2644189999999997
F,0,3,2,49,4,83.943241,22.822498000000003,22.890722,61.120743,20.98581025,5.705624500000001,15.28018575,1.9058020000000002,0.47645050000000005,1.912865,18.647062000000002,4.6617655000000005,18.683936,2.269634,0.5674085,2.293921
F,0,3,2,50,4,91.022538,22.842935,22.863078,68.179603,22.7556345,5.71073375,17.04490075,2.363295,0.59082375,2.369233,18.473246,4.6183115,18.478789,2.006394,0.5015985,2.015056
F,0,3,2,51,4,94.310344,23.002316,23.054611000000005,71.30802800000001,23.577586,5.750579,17.827007000000002,2.586573,0.64664325,2.594076,18.372155,4.59303875,18.408416000000003,2.0435879999999997,0.5108969999999999,2.0521190000000002
F,0,3,2,52,4,88.172365,22.871891,23.00754,65.300474,22.04309125,5.71797275,16.3251185,2.2430770000000004,0.5607692500000001,2.2489470000000003,18.633715000000002,4.658428750000001,18.755036999999998,1.9950990000000002,0.49877475000000004,2.0035559999999997
F,0,3,2,53,4,103.518054,24.770697,24.801645,78.74735700000001,25.8795135,6.19267425,19.686839250000002,2.7861939999999996,0.6965484999999999,2.794038,19.62639,4.9065975,19.637774,2.358113,0.58952825,2.369833
F,0,3,2,54,4,98.338178,24.181878,24.208402,74.1563,24.5845445,6.0454695,18.539075,2.626378,0.6565945,2.632185,19.464984,4.866246,19.477204999999998,2.090516,0.522629,2.099012
F,0,3,2,55,4,112.194794,24.640848999999996,24.669174,87.553945,28.0486985,6.160212249999999,21.88848625,3.2856310000000004,0.8214077500000001,3.293101,19.301391,4.82534775,19.313334,2.053827,0.51345675,2.062739
F,0,3,2,56,4,127.155541,25.371389999999998,25.424334,101.78415100000001,31.78888525,6.3428474999999995,25.446037750000002,3.7452199999999998,0.9363049999999999,3.754293,19.829991999999997,4.957497999999999,19.842321000000002,1.7961779999999998,0.44904449999999996,1.8277199999999998
F,0,3,2,57,4,95.57043,23.852352999999997,23.881541000000002,71.71807700000001,23.8926075,5.963088249999999,17.929519250000002,2.541938,0.6354845,2.5501069999999997,19.162401,4.79060025,19.173731,2.148014,0.5370035,2.157703
F,0,3,2,58,4,163.37992,31.195801,31.255542999999996,132.184119,40.84498,7.79895025,33.04602975,5.329575,1.33239375,5.3378879999999995,23.8699,5.967475,23.913812999999998,1.9963260000000003,0.49908150000000007,2.003842
F,0,3,2,59,4,126.36006,26.480671,26.509856999999997,99.879389,31.590015,6.62016775,24.96984725,3.662383,0.91559575,3.671118,20.895327,5.22383175,20.907638,1.922961,0.48074025,1.931101
F,0,3,2,60,4,631.130999,124.070216,124.56785400000001,507.06078299999996,157.78274975,31.017554,126.76519574999999,81.707931,20.42698275,81.928272,41.37004700000001,10.342511750000002,41.633627000000004,0.992238,0.2480595,1.0059550000000002
F,0,3,2,61,4,95.160459,13.47503,13.491643999999999,81.685429,23.79011475,3.3687575,20.42135725,1.931869,0.48296725,1.9363499999999998,10.352217,2.58805425,10.359081,1.190944,0.297736,1.196213
F,0,3,2,62,4,91.635701,22.774770999999998,22.797824,68.86093,22.90892525,5.693692749999999,17.2152325,2.2272510000000003,0.5568127500000001,2.233224,18.643179,4.66079475,18.653032,1.904341,0.47608525,1.9115680000000002
F,0,3,2,63,4,84.422428,22.867896000000002,22.918892,61.554531999999995,21.105607,5.7169740000000004,15.388632999999999,2.088123,0.52203075,2.094021,18.614405,4.65360125,18.649966999999997,2.165368,0.541342,2.174904
F,0,3,2,64,4,109.200607,24.362117,24.392464,84.83849000000001,27.30015175,6.09052925,21.209622500000002,2.786214,0.6965535,2.795459,19.288124,4.822031,19.299187,2.287779,0.57194475,2.2978179999999995
F,0,3,2,65,4,87.363485,22.684768,22.742614999999997,64.678717,21.84087125,5.671192,16.16967925,2.0606419999999996,0.5151604999999999,2.096895,18.434028,4.608507,18.444922,2.190098,0.5475245,2.200798
F,0,3,2,66,4,93.50849,22.831690000000002,23.016069,70.67679999999999,23.3771225,5.7079225000000005,17.669199999999996,2.332083,0.58302075,2.339241,18.47612,4.61903,18.645196000000002,2.023487,0.50587175,2.031632
F,0,3,2,67,4,92.488159,23.777673,23.807133999999998,68.710486,23.12203975,5.94441825,17.1776215,2.388452,0.597113,2.395705,19.005474,4.7513685,19.016285,2.383747,0.59593675,2.395144
F,0,3,2,68,4,99.392438,23.766599000000003,23.796984000000002,75.625839,24.8481095,5.941649750000001,18.90645975,2.5366470000000003,0.6341617500000001,2.544951,18.8669,4.716725,18.87761,2.363052,0.590763,2.374423
F,0,3,2,69,4,87.381015,22.469065,22.515206000000003,64.91195,21.84525375,5.61726625,16.2279875,2.072569,0.51814225,2.079502,18.529636,4.632409,18.561692,1.86686,0.466715,1.874012
F,0,3,2,70,4,92.497041,23.180334000000002,23.205599,69.316707,23.12426025,5.7950835000000005,17.32917675,2.2874849999999998,0.5718712499999999,2.293749,18.999366000000002,4.7498415000000005,19.011001,1.8934829999999998,0.47337074999999995,1.900849
F,0,3,2,71,4,107.3874,25.218245,25.283044,82.169155,26.84685,6.30456125,20.54228875,3.1342670000000004,0.7835667500000001,3.163841,19.962612999999997,4.990653249999999,19.989451,2.121365,0.53034125,2.129752
F,0,3,2,72,4,112.619836,23.942874000000003,23.966698,88.676962,28.154959,5.985718500000001,22.1692405,2.991025,0.74775625,2.9975009999999997,19.037303,4.75932575,19.048146000000003,1.914546,0.4786365,1.921051
F,0,3,2,73,4,129.277386,25.49735,25.549260999999998,103.78003600000001,32.3193465,6.3743375,25.945009000000002,3.651252,0.912813,3.6571510000000003,19.75966,4.939915,19.797041,2.0864380000000002,0.5216095000000001,2.095069
F,0,3,2,74,4,103.701061,23.301340000000003,23.326171,80.399721,25.92526525,5.825335000000001,20.09993025,2.504932,0.626233,2.510129,18.765686000000002,4.691421500000001,18.777304,2.030722,0.5076805,2.038738
F,0,3,2,75,4,123.462801,25.087837,25.39846,98.374964,30.86570025,6.27195925,24.593741,3.520189,0.88004725,3.528287,19.506980000000002,4.8767450000000006,19.802010000000003,2.0606679999999997,0.5151669999999999,2.0681629999999998
F,0,3,2,76,4,110.589886,24.7834,24.879020999999998,85.806486,27.6474715,6.19585,21.4516215,2.9746880000000004,0.7436720000000001,2.982627,19.540406,4.8851015,19.61772,2.268306,0.5670765,2.278674
F,0,3,2,77,4,108.943014,24.143034,25.290333,84.79998,27.2357535,6.0357585,21.199995,2.632474,0.6581185,2.6334969999999998,19.274834,4.8187085,20.305185,2.2357259999999997,0.5589314999999999,2.351651
F,0,3,2,78,4,293.218267,87.50150899999998,87.852819,205.71675800000003,73.30456675,21.875377249999996,51.42918950000001,44.587340999999995,11.146835249999999,44.681681,41.427062,10.3567655,41.677957,1.487106,0.3717765,1.493181
F,0,3,2,79,4,114.383869,20.671580999999996,20.696834000000003,93.712288,28.59596725,5.167895249999999,23.428072,2.8098970000000003,0.7024742500000001,2.8165,15.879207999999998,3.9698019999999996,15.888272,1.982476,0.495619,1.992062
F,0,3,2,80,4,92.599117,23.019765999999997,23.075658,69.579351,23.14977925,5.754941499999999,17.39483775,2.4212170000000004,0.6053042500000001,2.4298640000000002,18.556413,4.63910325,18.594938,2.042136,0.510534,2.050856
F,0,3,2,81,4,95.702794,23.296868999999997,23.788743999999998,72.405925,23.9256985,5.824217249999999,18.10148125,2.501263,0.62531575,2.5285889999999998,18.907555,4.72688875,19.330982,1.888051,0.47201275,1.929173
F,0,3,2,82,4,99.984733,23.513351,23.913662,76.471382,24.99618325,5.87833775,19.1178455,2.451485,0.61287125,2.477214,18.928235,4.73205875,19.292641,2.133631,0.53340775,2.143807
F,0,3,2,83,4,97.118784,23.597618,23.642370000000003,73.52116600000001,24.279696,5.8994045,18.380291500000002,2.491601,0.62290025,2.512229,18.993753,4.74843825,19.009184,2.112264,0.528066,2.1209569999999998
F,0,3,2,84,4,98.636863,23.616128000000003,23.691996,75.020735,24.65921575,5.904032000000001,18.75518375,2.642688,0.660672,2.649012,18.894128000000002,4.7235320000000005,18.954792,2.079312,0.519828,2.0881920000000003
F,0,3,2,85,4,92.590344,23.80067,25.323193999999997,68.789674,23.147586,5.9501675,17.1974185,2.506653,0.62666325,2.514633,19.028149,4.75703725,20.519785,2.265868,0.566467,2.2887759999999995
F,0,3,2,86,4,98.966767,23.543982999999997,23.626535,75.42278400000001,24.74169175,5.885995749999999,18.855696000000002,2.541835,0.63545875,2.5769089999999997,18.73125,4.6828125,18.769659,2.270898,0.5677245,2.279967
F,0,3,2,87,4,105.582469,24.645612000000003,24.701364,80.936857,26.39561725,6.161403000000001,20.23421425,2.7255700000000003,0.6813925000000001,2.770627,19.678147000000003,4.919536750000001,19.678546,2.241895,0.56047375,2.252191
F,0,3,2,88,4,103.411983,24.425034,24.522757,78.98694900000001,25.85299575,6.1062585,19.746737250000002,2.8763189999999996,0.7190797499999999,2.883654,19.489732,4.872433,19.571906,2.0589830000000005,0.5147457500000001,2.0671969999999997
F,0,3,2,89,4,100.819754,22.966323000000003,23.036144,77.853431,25.2049385,5.741580750000001,19.46335775,2.451467,0.61286675,2.457404,18.790976,4.697744,18.82975,1.72388,0.43097,1.7489899999999998
F,0,3,2,90,4,102.740188,24.278992,24.305037999999996,78.461196,25.685047,6.069748,19.615299,2.804598,0.7011495,2.8114929999999996,19.4847,4.871175,19.496311,1.9896939999999999,0.49742349999999996,1.997234
F,0,3,2,91,4,106.954956,24.158099000000004,24.212715000000003,82.79685699999999,26.738739,6.039524750000001,20.699214249999997,2.7665330000000004,0.6916332500000001,2.7747960000000003,19.158579000000003,4.789644750000001,19.189307,2.232987,0.55824675,2.248612
F,0,3,2,92,4,108.624628,24.145999,24.413829999999997,84.478629,27.156157,6.03649975,21.11965725,2.7569559999999997,0.6892389999999999,2.8017990000000004,19.519384000000002,4.879846000000001,19.735688,1.8696590000000002,0.46741475000000005,1.8763429999999999
F,0,3,2,93,4,95.669636,23.733083999999998,23.778401000000002,71.936552,23.917409,5.9332709999999995,17.984138,2.5442609999999997,0.6360652499999999,2.551605,18.87385,4.7184625,18.901268,2.314973,0.57874325,2.3255280000000003
F,0,3,2,94,4,102.712238,23.956867000000003,24.006835000000002,78.755371,25.6780595,5.989216750000001,19.68884275,2.630665,0.65766625,2.6383579999999998,19.083207,4.77080175,19.114989,2.242995,0.56074875,2.2534880000000004
F,0,3,2,95,4,100.768029,23.866538000000002,23.895948,76.901491,25.19200725,5.9666345000000005,19.22537275,2.623157,0.65578925,2.62948,18.872818000000002,4.718204500000001,18.885251,2.370563,0.59264075,2.381217
F,0,3,2,96,4,111.327826,25.201496,25.245038,86.12633,27.8319565,6.300374,21.5315825,2.9980160000000002,0.7495040000000001,3.021955,20.118848,5.029712,20.130496,2.084632,0.521158,2.092587
F,0,3,2,97,4,107.061349,23.936253999999998,24.009017999999998,83.12509500000002,26.76533725,5.9840634999999995,20.781273750000004,2.9767170000000003,0.7441792500000001,2.9827790000000003,18.922123,4.73053075,18.980128999999998,2.037414,0.5093535,2.0461099999999997
F,0,3,2,98,4,96.870066,23.380964,23.405167999999996,73.489102,24.2175165,5.845241,18.3722755,2.40971,0.6024275,2.416022,19.117434,4.7793585,19.128448,1.85382,0.463455,1.860698
F,0,3,2,99,4,86.834401,22.422028,22.447062000000003,64.412373,21.70860025,5.605507,16.10309325,2.165081,0.54127025,2.170794,18.239818,4.5599545,18.250210000000003,2.0171289999999997,0.5042822499999999,2.026058
F,0,3,2,100,4,108.407468,23.400874,23.439050000000005,85.00659399999999,27.101867,5.8502185,21.251648499999998,2.656797,0.66419925,2.664083,18.725823000000002,4.6814557500000005,18.747743000000003,2.0182539999999998,0.5045634999999999,2.027224
F,0,3,2,101,4,105.432926,23.020085,23.042659999999998,82.41284099999999,26.3582315,5.75502125,20.603210249999997,2.627811,0.65695275,2.634649,18.672539,4.66813475,18.682526,1.719735,0.42993375,1.7254850000000002
F,0,3,2,102,4,103.851899,23.527237000000003,23.605642,80.324662,25.96297475,5.881809250000001,20.0811655,2.6735040000000003,0.6683760000000001,2.7119590000000002,18.817378,4.7043445,18.848126,2.0363550000000004,0.5090887500000001,2.0455569999999996
F,0,3,2,103,4,103.782972,23.626935999999997,23.653540999999997,80.156036,25.945743,5.906733999999999,20.039009,2.585711,0.64642775,2.5920900000000002,19.035593,4.75889825,19.047392,2.005632,0.501408,2.0140589999999996
F,0,3,2,104,4,106.741277,23.264151,23.303166,83.477126,26.68531925,5.81603775,20.8692815,2.667465,0.66686625,2.6878619999999995,18.583315,4.64582875,18.593588,2.013371,0.50334275,2.021716
F,0,3,2,105,4,111.282549,29.059717999999997,29.113502000000004,82.22283100000001,27.82063725,7.264929499999999,20.555707750000003,8.024154,2.0060385,8.030782,19.16078,4.790195,19.200732000000002,1.874784,0.468696,1.881988
F,0,3,2,106,4,102.824819,24.347131,24.375211,78.477688,25.70620475,6.08678275,19.619422,2.67564,0.66891,2.681594,19.477805,4.86945125,19.489216,2.1936859999999996,0.5484214999999999,2.2044010000000003
F,0,3,2,107,4,103.364561,24.054737000000003,24.104397,79.30982399999999,25.84114025,6.013684250000001,19.827455999999998,2.719208,0.679802,2.726086,19.294578,4.8236445,19.328285,2.040951,0.51023775,2.050026
F,0,3,2,108,4,106.701598,23.484813,23.510647000000002,83.216785,26.6753995,5.87120325,20.80419625,2.811234,0.7028085,2.817608,18.656679,4.66416975,18.667259,2.0169,0.504225,2.02578
F,0,3,2,109,4,103.294263,23.141811,23.320764,80.152452,25.82356575,5.78545275,20.038113,2.79507,0.6987675,2.8011660000000003,18.494089000000002,4.623522250000001,18.660526,1.852652,0.463163,1.8590719999999998
F,0,3,2,110,4,88.713983,22.585442999999998,22.840158000000002,66.12854,22.17849575,5.6463607499999995,16.532135,2.09342,0.523355,2.099522,18.627351,4.65683775,18.869148000000003,1.8646719999999999,0.46616799999999997,1.871488
F,0,3,2,111,4,95.659641,22.899189,22.923672,72.76045199999999,23.91491025,5.72479725,18.190112999999997,2.395702,0.5989255,2.402674,18.632663,4.65816575,18.643352999999998,1.8708240000000003,0.46770600000000007,1.8776450000000002
F,0,3,2,112,4,98.581176,23.926402,24.091048,74.654774,24.645294,5.9816005,18.6636935,2.656575,0.66414375,2.762213,19.242911,4.81072775,19.293056,2.026916,0.506729,2.0357790000000002
F,0,3,2,113,4,83.965473,21.954485000000002,21.978542,62.010988,20.99136825,5.4886212500000005,15.502747,1.9744160000000002,0.49360400000000004,1.978607,17.792065,4.44801625,17.80199,2.188004,0.547001,2.197945
F,0,3,2,114,4,99.926906,23.52998,23.557273000000002,76.39692600000001,24.9817265,5.882495,19.099231500000002,2.626948,0.656737,2.633181,18.685676,4.671419,18.69621,2.217356,0.554339,2.227882
F,0,3,2,115,4,132.797428,24.843414999999997,24.890658,107.954013,33.199357,6.210853749999999,26.98850325,3.413172,0.853293,3.4198700000000004,19.319851999999997,4.829962999999999,19.351193,2.110391,0.52759775,2.1195950000000003
F,0,3,2,116,4,87.420198,22.331502,22.354886,65.088696,21.8550495,5.5828755,16.272174,2.041388,0.510347,2.046048,18.305788,4.576447,18.316035,1.984326,0.4960815,1.9928030000000003
F,0,3,2,117,4,102.376726,23.276472,23.347578,79.100254,25.5941815,5.819118,19.7750635,2.567416,0.641854,2.5987030000000004,18.807152,4.701788,18.839913,1.901904,0.475476,1.908962
F,0,3,2,118,4,137.194915,26.591344,26.766244,110.60357100000002,34.29872875,6.647836,27.650892750000004,3.813486,0.9533715,3.8213669999999995,20.805791,5.20144775,20.863312,1.9720669999999998,0.49301674999999995,2.081565
F,0,3,2,119,4,91.570248,22.974097,23.102966,68.596151,22.892562,5.74352425,17.14903775,2.370362,0.5925905,2.377457,18.904843,4.72621075,18.997667,1.698892,0.424723,1.7278419999999999
