config,level,round,order_index,batch_id,source_records,elapsed_ms_per_batch,compute_sum_ms_per_batch,cpu_sum_ms_per_batch,other_overhead_ms_per_batch,elapsed_ms_per_record,compute_sum_ms_per_record,other_overhead_ms_per_record,compute_A_ms_per_batch,compute_A_ms_per_record,cpu_A_ms_per_batch,compute_B_ms_per_batch,compute_B_ms_per_record,cpu_B_ms_per_batch,compute_C_ms_per_batch,compute_C_ms_per_record,cpu_C_ms_per_batch
U,1,1,0,0,4,124.420312,0.0,0.0,124.420312,31.105078,0.0,31.105078,0.0,0.0,0.0,0.0,0.0,0.0,0.0,0.0,0.0
U,1,1,0,1,4,129.793363,0.0,0.0,129.793363,32.44834075,0.0,32.44834075,0.0,0.0,0.0,0.0,0.0,0.0,0.0,0.0,0.0
U,1,1,0,2,4,117.478431,0.0,0.0,117.478431,29.36960775,0.0,29.36960775,0.0,0.0,0.0,0.0,0.0,0.0,0.0,0.0,0.0
U,1,1,0,3,4,117.232123,0.0,0.0,117.232123,29.30803075,0.0,29.30803075,0.0,0.0,0.0,0.0,0.0,0.0,0.0,0.0,0.0
U,1,1,0,4,4,131.237457,0.0,0.0,131.237457,32.80936425,0.0,32.80936425,0.0,0.0,0.0,0.0,0.0,0.0,0.0,0.0,0.0
U,1,1,0,5,4,125.282833,0.0,0.0,125.282833,31.32070825,0.0,31.32070825,0.0,0.0,0.0,0.0,0.0,0.0,0.0,0.0,0.0
U,1,1,0,6,4,116.323648,0.0,0.0,116.323648,29.080912,0.0,29.080912,0.0,0.0,0.0,0.0,0.0,0.0,0.0,0.0,0.0
U,1,1,0,7,4,124.00138,0.0,0.0,124.00138,31.000345,0.0,31.000345,0.0,0.0,0.0,0.0,0.0,0.0,0.0,0.0,0.0
U,1,1,0,8,4,126.163958,0.0,0.0,126.163958,31.5409895,0.0,31.5409895,0.0,0.0,0.0,0.0,0.0,0.0,0.0,0.0,0.0
U,1,1,0,9,4,127.695029,0.0,0.0,127.695029,31.92375725,0.0,31.92375725,0.0,0.0,0.0,0.0,0.0,0.0,0.0,0.0,0.0
U,1,1,0,10,4,134.044967,0.0,0.0,134.044967,33.51124175,0.0,33.51124175,0.0,0.0,0.0,0.0,0.0,0.0,0.0,0.0,0.0
U,1,1,0,11,4,128.141898,0.0,0.0,128.141898,32.0354745,0.0,32.0354745,0.0,0.0,0.0,0.0,0.0,0.0,0.0,0.0,0.0
U,1,1,0,12,4,140.199654,0.0,0.0,140.199654,35.0499135,0.0,35.0499135,0.0,0.0,0.0,0.0,0.0,0.0,0.0,0.0,0.0
U,1,1,0,13,4,143.644273,0.0,0.0,143.644273,35.91106825,0.0,35.91106825,0.0,0.0,0.0,0.0,0.0,0.0,0.0,0.0,0.0
U,1,1,0,14,4,129.827468,0.0,0.0,129.827468,32.456867,0.0,32.456867,0.0,0.0,0.0,0.0,0.0,0.0,0.0,0.0,0.0
U,1,1,0,15,4,136.758348,0.0,0.0,136.758348,34.189587,0.0,34.189587,0.0,0.0,0.0,0.0,0.0,0.0,0.0,0.0,0.0
U,1,1,0,16,4,133.444756,0.0,0.0,133.444756,33.361189,0.0,33.361189,0.0,0.0,0.0,0.0,0.0,0.0,0.0,0.0,0.0
U,1,1,0,17,4,132.805694,0.0,0.0,132.805694,33.2014235,0.0,33.2014235,0.0,0.0,0.0,0.0,0.0,0.0,0.0,0.0,0.0
U,1,1,0,18,4,120.461441,0.0,0.0,120.461441,30.11536025,0.0,30.11536025,0.0,0.0,0.0,0.0,0.0,0.0,0.0,0.0,0.0
U,1,1,0,19,4,133.423854,0.0,0.0,133.423854,33.3559635,0.0,33.3559635,0.0,0.0,0.0,0.0,0.0,0.0,0.0,0.0,0.0
U,1,1,0,20,4,133.18806,0.0,0.0,133.18806,33.297015,0.0,33.297015,0.0,0.0,0.0,0.0,0.0,0.0,0.0,0.0,0.0
U,1,1,0,21,4,123.170596,0.0,0.0,123.170596,30.792649,0.0,30.792649,0.0,0.0,0.0,0.0,0.0,0.0,0.0,0.0,0.0
U,1,1,0,22,4,139.379405,0.0,0.0,139.379405,34.84485125,0.0,34.84485125,0.0,0.0,0.0,0.0,0.0,0.0,0.0,0.0,0.0
U,1,1,0,23,4,136.700183,0.0,0.0,136.700183,34.17504575,0.0,34.17504575,0.0,0.0,0.0,0.0,0.0,0.0,0.0,0.0,0.0
U,1,1,0,24,4,126.880044,0.0,0.0,126.880044,31.720011,0.0,31.720011,0.0,0.0,0.0,0.0,0.0,0.0,0.0,0.0,0.0
U,1,1,0,25,4,132.761914,0.0,0.0,132.761914,33.1904785,0.0,33.1904785,0.0,0.0,0.0,0.0,0.0,0.0,0.0,0.0,0.0
U,1,1,0,26,4,129.353148,0.0,0.0,129.353148,32.338287,0.0,32.338287,0.0,0.0,0.0,0.0,0.0,0.0,0.0,0.0,0.0
U,1,1,0,27,4,133.73068,0.0,0.0,133.73068,33.43267,0.0,33.43267,0.0,0.0,0.0,0.0,0.0,0.0,0.0,0.0,0.0
U,1,1,0,28,4,128.788307,0.0,0.0,128.788307,32.19707675,0.0,32.19707675,0.0,0.0,0.0,0.0,0.0,0.0,0.0,0.0,0.0
U,1,1,0,29,4,130.30243,0.0,0.0,130.30243,32.5756075,0.0,32.5756075,0.0,0.0,0.0,0.0,0.0,0.0,0.0,0.0,0.0
U,1,1,0,30,4,144.386948,0.0,0.0,144.386948,36.096737,0.0,36.096737,0.0,0.0,0.0,0.0,0.0,0.0,0.0,0.0,0.0
U,1,1,0,31,4,133.427285,0.0,0.0,133.427285,33.35682125,0.0,33.35682125,0.0,0.0,0.0,0.0,0.0,0.0,0.0,0.0,0.0
U,1,1,0,32,4,132.713866,0.0,0.0,132.713866,33.1784665,0.0,33.1784665,0.0,0.0,0.0,0.0,0.0,0.0,0.0,0.0,0.0
U,1,1,0,33,4,137.019134,0.0,0.0,137.019134,34.2547835,0.0,34.2547835,0.0,0.0,0.0,0.0,0.0,0.0,0.0,0.0,0.0
U,1,1,0,34,4,140.095338,0.0,0.0,140.095338,35.0238345,0.0,35.0238345,0.0,0.0,0.0,0.0,0.0,0.0,0.0,0.0,0.0
U,1,1,0,35,4,124.548803,0.0,0.0,124.548803,31.13720075,0.0,31.13720075,0.0,0.0,0.0,0.0,0.0,0.0,0.0,0.0,0.0
U,1,1,0,36,4,136.510614,0.0,0.0,136.510614,34.1276535,0.0,34.1276535,0.0,0.0,0.0,0.0,0.0,0.0,0.0,0.0,0.0
U,1,1,0,37,4,133.15362,0.0,0.0,133.15362,33.288405,0.0,33.288405,0.0,0.0,0.0,0.0,0.0,0.0,0.0,0.0,0.0
U,1,1,0,38,4,136.169758,0.0,0.0,136.169758,34.0424395,0.0,34.0424395,0.0,0.0,0.0,0.0,0.0,0.0,0.0,0.0,0.0
U,1,1,0,39,4,137.670174,0.0,0.0,137.670174,34.4175435,0.0,34.4175435,0.0,0.0,0.0,0.0,0.0,0.0,0.0,0.0,0.0
U,1,1,0,40,4,143.272297,0.0,0.0,143.272297,35.81807425,0.0,35.81807425,0.0,0.0,0.0,0.0,0.0,0.0,0.0,0.0,0.0
U,1,1,0,41,4,127.749151,0.0,0.0,127.749151,31.93728775,0.0,31.93728775,0.0,0.0,0.0,0.0,0.0,0.0,0.0,0.0,0.0
U,1,1,0,42,4,128.077973,0.0,0.0,128.077973,32.01949325,0.0,32.01949325,0.0,0.0,0.0,0.0,0.0,0.0,0.0,0.0,0.0
U,1,1,0,43,4,138.504799,0.0,0.0,138.504799,34.62619975,0.0,34.62619975,0.0,0.0,0.0,0.0,0.0,0.0,0.0,0.0,0.0
U,1,1,0,44,4,139.461529,0.0,0.0,139.461529,34.86538225,0.0,34.86538225,0.0,0.0,0.0,0.0,0.0,0.0,0.0,0.0,0.0
U,1,1,0,45,4,132.350243,0.0,0.0,132.350243,33.08756075,0.0,33.08756075,0.0,0.0,0.0,0.0,0.0,0.0,0.0,0.0,0.0
U,1,1,0,46,4,133.449078,0.0,0.0,133.449078,33.3622695,0.0,33.3622695,0.0,0.0,0.0,0.0,0.0,0.0,0.0,0.0,0.0
U,1,1,0,47,4,124.534412,0.0,0.0,124.534412,31.133603,0.0,31.133603,0.0,0.0,0.0,0.0,0.0,0.0,0.0,0.0,0.0
U,1,1,0,48,4,128.347379,0.0,0.0,128.347379,32.08684475,0.0,32.08684475,0.0,0.0,0.0,0.0,0.0,0.0,0.0,0.0,0.0
U,1,1,0,49,4,135.011792,0.0,0.0,135.011792,33.752948,0.0,33.752948,0.0,0.0,0.0,0.0,0.0,0.0,0.0,0.0,0.0
U,1,1,0,50,4,120.996405,0.0,0.0,120.996405,30.24910125,0.0,30.24910125,0.0,0.0,0.0,0.0,0.0,0.0,0.0,0.0,0.0
U,1,1,0,51,4,139.817636,0.0,0.0,139.817636,34.954409,0.0,34.954409,0.0,0.0,0.0,0.0,0.0,0.0,0.0,0.0,0.0
U,1,1,0,52,4,119.965261,0.0,0.0,119.965261,29.99131525,0.0,29.99131525,0.0,0.0,0.0,0.0,0.0,0.0,0.0,0.0,0.0
U,1,1,0,53,4,132.428348,0.0,0.0,132.428348,33.107087,0.0,33.107087,0.0,0.0,0.0,0.0,0.0,0.0,0.0,0.0,0.0
U,1,1,0,54,4,134.15954,0.0,0.0,134.15954,33.539885,0.0,33.539885,0.0,0.0,0.0,0.0,0.0,0.0,0.0,0.0,0.0
U,1,1,0,55,4,127.573568,0.0,0.0,127.573568,31.893392,0.0,31.893392,0.0,0.0,0.0,0.0,0.0,0.0,0.0,0.0,0.0
U,1,1,0,56,4,125.322419,0.0,0.0,125.322419,31.33060475,0.0,31.33060475,0.0,0.0,0.0,0.0,0.0,0.0,0.0,0.0,0.0
U,1,1,0,57,4,127.422908,0.0,0.0,127.422908,31.855727,0.0,31.855727,0.0,0.0,0.0,0.0,0.0,0.0,0.0,0.0,0.0
U,1,1,0,58,4,123.50939,0.0,0.0,123.50939,30.8773475,0.0,30.8773475,0.0,0.0,0.0,0.0,0.0,0.0,0.0,0.0,0.0
U,1,1,0,59,4,126.885769,0.0,0.0,126.885769,31.72144225,0.0,31.72144225,0.0,0.0,0.0,0.0,0.0,0.0,0.0,0.0,0.0
U,1,1,0,60,4,123.094056,0.0,0.0,123.094056,30.773514,0.0,30.773514,0.0,0.0,0.0,0.0,0.0,0.0,0.0,0.0,0.0
U,1,1,0,61,4,132.90592,0.0,0.0,132.90592,33.22648,0.0,33.22648,0.0,0.0,0.0,0.0,0.0,0.0,0.0,0.0,0.0
U,1,1,0,62,4,140.008323,0.0,0.0,140.008323,35.00208075,0.0,35.00208075,0.0,0.0,0.0,0.0,0.0,0.0,0.0,0.0,0.0
U,1,1,0,63,4,126.480039,0.0,0.0,126.480039,31.62000975,0.0,31.62000975,0.0,0.0,0.0,0.0,0.0,0.0,0.0,0.0,0.0
U,1,1,0,64,4,126.393275,0.0,0.0,126.393275,31.59831875,0.0,31.59831875,0.0,0.0,0.0,0.0,0.0,0.0,0.0,0.0,0.0
U,1,1,0,65,4,121.165605,0.0,0.0,121.165605,30.29140125,0.0,30.29140125,0.0,0.0,0.0,0.0,0.0,0.0,0.0,0.0,0.0
U,1,1,0,66,4,121.416798,0.0,0.0,121.416798,30.3541995,0.0,30.3541995,0.0,0.0,0.0,0.0,0.0,0.0,0.0,0.0,0.0
U,1,1,0,67,4,127.553063,0.0,0.0,127.553063,31.88826575,0.0,31.88826575,0.0,0.0,0.0,0.0,0.0,0.0,0.0,0.0,0.0
U,1,1,0,68,4,131.895197,0.0,0.0,131.895197,32.97379925,0.0,32.97379925,0.0,0.0,0.0,0.0,0.0,0.0,0.0,0.0,0.0
U,1,1,0,69,4,123.723813,0.0,0.0,123.723813,30.93095325,0.0,30.93095325,0.0,0.0,0.0,0.0,0.0,0.0,0.0,0.0,0.0
U,1,1,0,70,4,128.516829,0.0,0.0,128.516829,32.12920725,0.0,32.12920725,0.0,0.0,0.0,0.0,0.0,0.0,0.0,0.0,0.0
U,1,1,0,71,4,122.351344,0.0,0.0,122.351344,30.587836,0.0,30.587836,0.0,0.0,0.0,0.0,0.0,0.0,0.0,0.0,0.0
U,1,1,0,72,4,136.521123,0.0,0.0,136.521123,34.13028075,0.0,34.13028075,0.0,0.0,0.0,0.0,0.0,0.0,0.0,0.0,0.0
U,1,1,0,73,4,128.058003,0.0,0.0,128.058003,32.01450075,0.0,32.01450075,0.0,0.0,0.0,0.0,0.0,0.0,0.0,0.0,0.0
U,1,1,0,74,4,121.389831,0.0,0.0,121.389831,30.34745775,0.0,30.34745775,0.0,0.0,0.0,0.0,0.0,0.0,0.0,0.0,0.0
U,1,1,0,75,4,120.403687,0.0,0.0,120.403687,30.10092175,0.0,30.10092175,0.0,0.0,0.0,0.0,0.0,0.0,0.0,0.0,0.0
U,1,1,0,76,4,121.664522,0.0,0.0,121.664522,30.4161305,0.0,30.4161305,0.0,0.0,0.0,0.0,0.0,0.0,0.0,0.0,0.0
U,1,1,0,77,4,124.90365,0.0,0.0,124.90365,31.2259125,0.0,31.2259125,0.0,0.0,0.0,0.0,0.0,0.0,0.0,0.0,0.0
U,1,1,0,78,4,120.601672,0.0,0.0,120.601672,30.150418,0.0,30.150418,0.0,0.0,0.0,0.0,0.0,0.0,0.0,0.0,0.0
U,1,1,0,79,4,141.657537,0.0,0.0,141.657537,35.41438425,0.0,35.41438425,0.0,0.0,0.0,0.0,0.0,0.0,0.0,0.0,0.0
U,1,1,0,80,4,129.546625,0.0,0.0,129.546625,32.38665625,0.0,32.38665625,0.0,0.0,0.0,0.0,0.0,0.0,0.0,0.0,0.0
U,1,1,0,81,4,142.728259,0.0,0.0,142.728259,35.68206475,0.0,35.68206475,0.0,0.0,0.0,0.0,0.0,0.0,0.0,0.0,0.0
U,1,1,0,82,4,122.610538,0.0,0.0,122.610538,30.6526345,0.0,30.6526345,0.0,0.0,0.0,0.0,0.0,0.0,0.0,0.0,0.0
U,1,1,0,83,4,132.992629,0.0,0.0,132.992629,33.24815725,0.0,33.24815725,0.0,0.0,0.0,0.0,0.0,0.0,0.0,0.0,0.0
U,1,1,0,84,4,128.167027,0.0,0.0,128.167027,32.04175675,0.0,32.04175675,0.0,0.0,0.0,0.0,0.0,0.0,0.0,0.0,0.0
U,1,1,0,85,4,141.192154,0.0,0.0,141.192154,35.2980385,0.0,35.2980385,0.0,0.0,0.0,0.0,0.0,0.0,0.0,0.0,0.0
U,1,1,0,86,4,135.184432,0.0,0.0,135.184432,33.796108,0.0,33.796108,0.0,0.0,0.0,0.0,0.0,0.0,0.0,0.0,0.0
U,1,1,0,87,4,129.658509,0.0,0.0,129.658509,32.41462725,0.0,32.41462725,0.0,0.0,0.0,0.0,0.0,0.0,0.0,0.0,0.0
U,1,1,0,88,4,137.898044,0.0,0.0,137.898044,34.474511,0.0,34.474511,0.0,0.0,0.0,0.0,0.0,0.0,0.0,0.0,0.0
U,1,1,0,89,4,120.851562,0.0,0.0,120.851562,30.2128905,0.0,30.2128905,0.0,0.0,0.0,0.0,0.0,0.0,0.0,0.0,0.0
U,1,1,0,90,4,130.842922,0.0,0.0,130.842922,32.7107305,0.0,32.7107305,0.0,0.0,0.0,0.0,0.0,0.0,0.0,0.0,0.0
U,1,1,0,91,4,123.92617,0.0,0.0,123.92617,30.9815425,0.0,30.9815425,0.0,0.0,0.0,0.0,0.0,0.0,0.0,0.0,0.0
U,1,1,0,92,4,123.833623,0.0,0.0,123.833623,30.95840575,0.0,30.95840575,0.0,0.0,0.0,0.0,0.0,0.0,0.0,0.0,0.0
U,1,1,0,93,4,136.672828,0.0,0.0,136.672828,34.168207,0.0,34.168207,0.0,0.0,0.0,0.0,0.0,0.0,0.0,0.0,0.0
U,1,1,0,94,4,130.039052,0.0,0.0,130.039052,32.509763,0.0,32.509763,0.0,0.0,0.0,0.0,0.0,0.0,0.0,0.0,0.0
U,1,1,0,95,4,130.841647,0.0,0.0,130.841647,32.71041175,0.0,32.71041175,0.0,0.0,0.0,0.0,0.0,0.0,0.0,0.0,0.0
U,1,1,0,96,4,120.089784,0.0,0.0,120.089784,30.022446,0.0,30.022446,0.0,0.0,0.0,0.0,0.0,0.0,0.0,0.0,0.0
U,1,1,0,97,4,119.750486,0.0,0.0,119.750486,29.9376215,0.0,29.9376215,0.0,0.0,0.0,0.0,0.0,0.0,0.0,0.0,0.0
U,1,1,0,98,4,126.777519,0.0,0.0,126.777519,31.69437975,0.0,31.69437975,0.0,0.0,0.0,0.0,0.0,0.0,0.0,0.0,0.0
U,1,1,0,99,4,142.490106,0.0,0.0,142.490106,35.6225265,0.0,35.6225265,0.0,0.0,0.0,0.0,0.0,0.0,0.0,0.0,0.0
U,1,1,0,100,4,133.791653,0.0,0.0,133.791653,33.44791325,0.0,33.44791325,0.0,0.0,0.0,0.0,0.0,0.0,0.0,0.0,0.0
U,1,1,0,101,4,134.420043,0.0,0.0,134.420043,33.60501075,0.0,33.60501075,0.0,0.0,0.0,0.0,0.0,0.0,0.0,0.0,0.0
U,1,1,0,102,4,132.949761,0.0,0.0,132.949761,33.23744025,0.0,33.23744025,0.0,0.0,0.0,0.0,0.0,0.0,0.0,0.0,0.0
U,1,1,0,103,4,123.063265,0.0,0.0,123.063265,30.76581625,0.0,30.76581625,0.0,0.0,0.0,0.0,0.0,0.0,0.0,0.0,0.0
U,1,1,0,104,4,128.522782,0.0,0.0,128.522782,32.1306955,0.0,32.1306955,0.0,0.0,0.0,0.0,0.0,0.0,0.0,0.0,0.0
U,1,1,0,105,4,128.84925,0.0,0.0,128.84925,32.2123125,0.0,32.2123125,0.0,0.0,0.0,0.0,0.0,0.0,0.0,0.0,0.0
U,1,1,0,106,4,120.807115,0.0,0.0,120.807115,30.20177875,0.0,30.20177875,0.0,0.0,0.0,0.0,0.0,0.0,0.0,0.0,0.0
U,1,1,0,107,4,127.245375,0.0,0.0,127.245375,31.81134375,0.0,31.81134375,0.0,0.0,0.0,0.0,0.0,0.0,0.0,0.0,0.0
U,1,1,0,108,4,143.129219,0.0,0.0,143.129219,35.78230475,0.0,35.78230475,0.0,0.0,0.0,0.0,0.0,0.0,0.0,0.0,0.0
U,1,1,0,109,4,131.670442,0.0,0.0,131.670442,32.9176105,0.0,32.9176105,0.0,0.0,0.0,0.0,0.0,0.0,0.0,0.0,0.0
U,1,1,0,110,4,124.940509,0.0,0.0,124.940509,31.23512725,0.0,31.23512725,0.0,0.0,0.0,0.0,0.0,0.0,0.0,0.0,0.0
U,1,1,0,111,4,130.092312,0.0,0.0,130.092312,32.523078,0.0,32.523078,0.0,0.0,0.0,0.0,0.0,0.0,0.0,0.0,0.0
U,1,1,0,112,4,129.923451,0.0,0.0,129.923451,32.48086275,0.0,32.48086275,0.0,0.0,0.0,0.0,0.0,0.0,0.0,0.0,0.0
U,1,1,0,113,4,128.402743,0.0,0.0,128.402743,32.10068575,0.0,32.10068575,0.0,0.0,0.0,0.0,0.0,0.0,0.0,0.0,0.0
U,1,1,0,114,4,128.162583,0.0,0.0,128.162583,32.04064575,0.0,32.04064575,0.0,0.0,0.0,0.0,0.0,0.0,0.0,0.0,0.0
U,1,1,0,115,4,122.795147,0.0,0.0,122.795147,30.69878675,0.0,30.69878675,0.0,0.0,0.0,0.0,0.0,0.0,0.0,0.0,0.0
U,1,1,0,116,4,126.767567,0.0,0.0,126.767567,31.69189175,0.0,31.69189175,0.0,0.0,0.0,0.0,0.0,0.0,0.0,0.0,0.0
U,1,1,0,117,4,133.421975,0.0,0.0,133.421975,33.35549375,0.0,33.35549375,0.0,0.0,0.0,0.0,0.0,0.0,0.0,0.0,0.0
U,1,1,0,118,4,124.629902,0.0,0.0,124.629902,31.1574755,0.0,31.1574755,0.0,0.0,0.0,0.0,0.0,0.0,0.0,0.0,0.0
U,1,1,0,119,4,123.965626,0.0,0.0,123.965626,30.9914065,0.0,30.9914065,0.0,0.0,0.0,0.0,0.0,0.0,0.0,0.0,0.0
U,4,1,1,0,4,180.613904,0.0,0.0,180.613904,45.153476,0.0,45.153476,0.0,0.0,0.0,0.0,0.0,0.0,0.0,0.0,0.0
U,4,1,1,1,4,189.049241,0.0,0.0,189.049241,47.26231025,0.0,47.26231025,0.0,0.0,0.0,0.0,0.0,0.0,0.0,0.0,0.0
U,4,1,1,2,4,178.755571,0.0,0.0,178.755571,44.68889275,0.0,44.68889275,0.0,0.0,0.0,0.0,0.0,0.0,0.0,0.0,0.0
U,4,1,1,3,4,193.078083,0.0,0.0,193.078083,48.26952075,0.0,48.26952075,0.0,0.0,0.0,0.0,0.0,0.0,0.0,0.0,0.0
U,4,1,1,4,4,173.266025,0.0,0.0,173.266025,43.31650625,0.0,43.31650625,0.0,0.0,0.0,0.0,0.0,0.0,0.0,0.0,0.0
U,4,1,1,5,4,196.556258,0.0,0.0,196.556258,49.1390645,0.0,49.1390645,0.0,0.0,0.0,0.0,0.0,0.0,0.0,0.0,0.0
U,4,1,1,6,4,178.196288,0.0,0.0,178.196288,44.549072,0.0,44.549072,0.0,0.0,0.0,0.0,0.0,0.0,0.0,0.0,0.0
U,4,1,1,7,4,155.001698,0.0,0.0,155.001698,38.7504245,0.0,38.7504245,0.0,0.0,0.0,0.0,0.0,0.0,0.0,0.0,0.0
U,4,1,1,8,4,174.2289,0.0,0.0,174.2289,43.557225,0.0,43.557225,0.0,0.0,0.0,0.0,0.0,0.0,0.0,0.0,0.0
U,4,1,1,9,4,170.852596,0.0,0.0,170.852596,42.713149,0.0,42.713149,0.0,0.0,0.0,0.0,0.0,0.0,0.0,0.0,0.0
U,4,1,1,10,4,182.476541,0.0,0.0,182.476541,45.61913525,0.0,45.61913525,0.0,0.0,0.0,0.0,0.0,0.0,0.0,0.0,0.0
U,4,1,1,11,4,191.770957,0.0,0.0,191.770957,47.94273925,0.0,47.94273925,0.0,0.0,0.0,0.0,0.0,0.0,0.0,0.0,0.0
U,4,1,1,12,4,194.552542,0.0,0.0,194.552542,48.6381355,0.0,48.6381355,0.0,0.0,0.0,0.0,0.0,0.0,0.0,0.0,0.0
U,4,1,1,13,4,208.067555,0.0,0.0,208.067555,52.01688875,0.0,52.01688875,0.0,0.0,0.0,0.0,0.0,0.0,0.0,0.0,0.0
U,4,1,1,14,4,206.797308,0.0,0.0,206.797308,51.699327,0.0,51.699327,0.0,0.0,0.0,0.0,0.0,0.0,0.0,0.0,0.0
U,4,1,1,15,4,188.422406,0.0,0.0,188.422406,47.1056015,0.0,47.1056015,0.0,0.0,0.0,0.0,0.0,0.0,0.0,0.0,0.0
U,4,1,1,16,4,199.806997,0.0,0.0,199.806997,49.95174925,0.0,49.95174925,0.0,0.0,0.0,0.0,0.0,0.0,0.0,0.0,0.0
U,4,1,1,17,4,187.198804,0.0,0.0,187.198804,46.799701,0.0,46.799701,0.0,0.0,0.0,0.0,0.0,0.0,0.0,0.0,0.0
U,4,1,1,18,4,182.904235,0.0,0.0,182.904235,45.72605875,0.0,45.72605875,0.0,0.0,0.0,0.0,0.0,0.0,0.0,0.0,0.0
U,4,1,1,19,4,167.137719,0.0,0.0,167.137719,41.78442975,0.0,41.78442975,0.0,0.0,0.0,0.0,0.0,0.0,0.0,0.0,0.0
U,4,1,1,20,4,172.351535,0.0,0.0,172.351535,43.08788375,0.0,43.08788375,0.0,0.0,0.0,0.0,0.0,0.0,0.0,0.0,0.0
U,4,1,1,21,4,181.868803,0.0,0.0,181.868803,45.46720075,0.0,45.46720075,0.0,0.0,0.0,0.0,0.0,0.0,0.0,0.0,0.0
U,4,1,1,22,4,184.340576,0.0,0.0,184.340576,46.085144,0.0,46.085144,0.0,0.0,0.0,0.0,0.0,0.0,0.0,0.0,0.0
U,4,1,1,23,4,168.401676,0.0,0.0,168.401676,42.100419,0.0,42.100419,0.0,0.0,0.0,0.0,0.0,0.0,0.0,0.0,0.0
U,4,1,1,24,4,186.587402,0.0,0.0,186.587402,46.6468505,0.0,46.6468505,0.0,0.0,0.0,0.0,0.0,0.0,0.0,0.0,0.0
U,4,1,1,25,4,191.463495,0.0,0.0,191.463495,47.86587375,0.0,47.86587375,0.0,0.0,0.0,0.0,0.0,0.0,0.0,0.0,0.0
U,4,1,1,26,4,179.712714,0.0,0.0,179.712714,44.9281785,0.0,44.9281785,0.0,0.0,0.0,0.0,0.0,0.0,0.0,0.0,0.0
U,4,1,1,27,4,160.200818,0.0,0.0,160.200818,40.0502045,0.0,40.0502045,0.0,0.0,0.0,0.0,0.0,0.0,0.0,0.0,0.0
U,4,1,1,28,4,176.174542,0.0,0.0,176.174542,44.0436355,0.0,44.0436355,0.0,0.0,0.0,0.0,0.0,0.0,0.0,0.0,0.0
U,4,1,1,29,4,187.289514,0.0,0.0,187.289514,46.8223785,0.0,46.8223785,0.0,0.0,0.0,0.0,0.0,0.0,0.0,0.0,0.0
U,4,1,1,30,4,168.024459,0.0,0.0,168.024459,42.00611475,0.0,42.00611475,0.0,0.0,0.0,0.0,0.0,0.0,0.0,0.0,0.0
U,4,1,1,31,4,198.367078,0.0,0.0,198.367078,49.5917695,0.0,49.5917695,0.0,0.0,0.0,0.0,0.0,0.0,0.0,0.0,0.0
U,4,1,1,32,4,178.724334,0.0,0.0,178.724334,44.6810835,0.0,44.6810835,0.0,0.0,0.0,0.0,0.0,0.0,0.0,0.0,0.0
U,4,1,1,33,4,162.525563,0.0,0.0,162.525563,40.63139075,0.0,40.63139075,0.0,0.0,0.0,0.0,0.0,0.0,0.0,0.0,0.0
U,4,1,1,34,4,184.05412,0.0,0.0,184.05412,46.01353,0.0,46.01353,0.0,0.0,0.0,0.0,0.0,0.0,0.0,0.0,0.0
U,4,1,1,35,4,168.203395,0.0,0.0,168.203395,42.05084875,0.0,42.05084875,0.0,0.0,0.0,0.0,0.0,0.0,0.0,0.0,0.0
U,4,1,1,36,4,186.012383,0.0,0.0,186.012383,46.50309575,0.0,46.50309575,0.0,0.0,0.0,0.0,0.0,0.0,0.0,0.0,0.0
U,4,1,1,37,4,184.184629,0.0,0.0,184.184629,46.04615725,0.0,46.04615725,0.0,0.0,0.0,0.0,0.0,0.0,0.0,0.0,0.0
U,4,1,1,38,4,181.72915,0.0,0.0,181.72915,45.4322875,0.0,45.4322875,0.0,0.0,0.0,0.0,0.0,0.0,0.0,0.0,0.0
U,4,1,1,39,4,166.760451,0.0,0.0,166.760451,41.69011275,0.0,41.69011275,0.0,0.0,0.0,0.0,0.0,0.0,0.0,0.0,0.0
U,4,1,1,40,4,186.226324,0.0,0.0,186.226324,46.556581,0.0,46.556581,0.0,0.0,0.0,0.0,0.0,0.0,0.0,0.0,0.0
U,4,1,1,41,4,183.429324,0.0,0.0,183.429324,45.857331,0.0,45.857331,0.0,0.0,0.0,0.0,0.0,0.0,0.0,0.0,0.0
U,4,1,1,42,4,203.464812,0.0,0.0,203.464812,50.866203,0.0,50.866203,0.0,0.0,0.0,0.0,0.0,0.0,0.0,0.0,0.0
U,4,1,1,43,4,163.844958,0.0,0.0,163.844958,40.9612395,0.0,40.9612395,0.0,0.0,0.0,0.0,0.0,0.0,0.0,0.0,0.0
U,4,1,1,44,4,176.492379,0.0,0.0,176.492379,44.12309475,0.0,44.12309475,0.0,0.0,0.0,0.0,0.0,0.0,0.0,0.0,0.0
U,4,1,1,45,4,155.814288,0.0,0.0,155.814288,38.953572,0.0,38.953572,0.0,0.0,0.0,0.0,0.0,0.0,0.0,0.0,0.0
U,4,1,1,46,4,175.062915,0.0,0.0,175.062915,43.76572875,0.0,43.76572875,0.0,0.0,0.0,0.0,0.0,0.0,0.0,0.0,0.0
U,4,1,1,47,4,194.12757,0.0,0.0,194.12757,48.5318925,0.0,48.5318925,0.0,0.0,0.0,0.0,0.0,0.0,0.0,0.0,0.0
U,4,1,1,48,4,176.748171,0.0,0.0,176.748171,44.18704275,0.0,44.18704275,0.0,0.0,0.0,0.0,0.0,0.0,0.0,0.0,0.0
U,4,1,1,49,4,186.901959,0.0,0.0,186.901959,46.72548975,0.0,46.72548975,0.0,0.0,0.0,0.0,0.0,0.0,0.0,0.0,0.0
U,4,1,1,50,4,197.488887,0.0,0.0,197.488887,49.37222175,0.0,49.37222175,0.0,0.0,0.0,0.0,0.0,0.0,0.0,0.0,0.0
U,4,1,1,51,4,179.657523,0.0,0.0,179.657523,44.91438075,0.0,44.91438075,0.0,0.0,0.0,0.0,0.0,0.0,0.0,0.0,0.0
U,4,1,1,52,4,185.737913,0.0,0.0,185.737913,46.43447825,0.0,46.43447825,0.0,0.0,0.0,0.0,0.0,0.0,0.0,0.0,0.0
U,4,1,1,53,4,172.185621,0.0,0.0,172.185621,43.04640525,0.0,43.04640525,0.0,0.0,0.0,0.0,0.0,0.0,0.0,0.0,0.0
U,4,1,1,54,4,181.02564,0.0,0.0,181.02564,45.25641,0.0,45.25641,0.0,0.0,0.0,0.0,0.0,0.0,0.0,0.0,0.0
U,4,1,1,55,4,198.28156,0.0,0.0,198.28156,49.57039,0.0,49.57039,0.0,0.0,0.0,0.0,0.0,0.0,0.0,0.0,0.0
U,4,1,1,56,4,196.285322,0.0,0.0,196.285322,49.0713305,0.0,49.0713305,0.0,0.0,0.0,0.0,0.0,0.0,0.0,0.0,0.0
U,4,1,1,57,4,178.760087,0.0,0.0,178.760087,44.69002175,0.0,44.69002175,0.0,0.0,0.0,0.0,0.0,0.0,0.0,0.0,0.0
U,4,1,1,58,4,183.251963,0.0,0.0,183.251963,45.81299075,0.0,45.81299075,0.0,0.0,0.0,0.0,0.0,0.0,0.0,0.0,0.0
U,4,1,1,59,4,195.470766,0.0,0.0,195.470766,48.8676915,0.0,48.8676915,0.0,0.0,0.0,0.0,0.0,0.0,0.0,0.0,0.0
U,4,1,1,60,4,158.812629,0.0,0.0,158.812629,39.70315725,0.0,39.70315725,0.0,0.0,0.0,0.0,0.0,0.0,0.0,0.0,0.0
U,4,1,1,61,4,182.515811,0.0,0.0,182.515811,45.62895275,0.0,45.62895275,0.0,0.0,0.0,0.0,0.0,0.0,0.0,0.0,0.0
U,4,1,1,62,4,177.764605,0.0,0.0,177.764605,44.44115125,0.0,44.44115125,0.0,0.0,0.0,0.0,0.0,0.0,0.0,0.0,0.0
U,4,1,1,63,4,172.884939,0.0,0.0,172.884939,43.22123475,0.0,43.22123475,0.0,0.0,0.0,0.0,0.0,0.0,0.0,0.0,0.0
U,4,1,1,64,4,184.949253,0.0,0.0,184.949253,46.23731325,0.0,46.23731325,0.0,0.0,0.0,0.0,0.0,0.0,0.0,0.0,0.0
U,4,1,1,65,4,177.742309,0.0,0.0,177.742309,44.43557725,0.0,44.43557725,0.0,0.0,0.0,0.0,0.0,0.0,0.0,0.0,0.0
U,4,1,1,66,4,182.106512,0.0,0.0,182.106512,45.526628,0.0,45.526628,0.0,0.0,0.0,0.0,0.0,0.0,0.0,0.0,0.0
U,4,1,1,67,4,188.501973,0.0,0.0,188.501973,47.12549325,0.0,47.12549325,0.0,0.0,0.0,0.0,0.0,0.0,0.0,0.0,0.0
U,4,1,1,68,4,175.885755,0.0,0.0,175.885755,43.97143875,0.0,43.97143875,0.0,0.0,0.0,0.0,0.0,0.0,0.0,0.0,0.0
U,4,1,1,69,4,219.48549,0.0,0.0,219.48549,54.8713725,0.0,54.8713725,0.0,0.0,0.0,0.0,0.0,0.0,0.0,0.0,0.0
U,4,1,1,70,4,210.200207,0.0,0.0,210.200207,52.55005175,0.0,52.55005175,0.0,0.0,0.0,0.0,0.0,0.0,0.0,0.0,0.0
U,4,1,1,71,4,185.986744,0.0,0.0,185.986744,46.496686,0.0,46.496686,0.0,0.0,0.0,0.0,0.0,0.0,0.0,0.0,0.0
U,4,1,1,72,4,170.742752,0.0,0.0,170.742752,42.685688,0.0,42.685688,0.0,0.0,0.0,0.0,0.0,0.0,0.0,0.0,0.0
U,4,1,1,73,4,179.786516,0.0,0.0,179.786516,44.946629,0.0,44.946629,0.0,0.0,0.0,0.0,0.0,0.0,0.0,0.0,0.0
U,4,1,1,74,4,202.729172,0.0,0.0,202.729172,50.682293,0.0,50.682293,0.0,0.0,0.0,0.0,0.0,0.0,0.0,0.0,0.0
U,4,1,1,75,4,202.478991,0.0,0.0,202.478991,50.61974775,0.0,50.61974775,0.0,0.0,0.0,0.0,0.0,0.0,0.0,0.0,0.0
U,4,1,1,76,4,169.597048,0.0,0.0,169.597048,42.399262,0.0,42.399262,0.0,0.0,0.0,0.0,0.0,0.0,0.0,0.0,0.0
U,4,1,1,77,4,176.743645,0.0,0.0,176.743645,44.18591125,0.0,44.18591125,0.0,0.0,0.0,0.0,0.0,0.0,0.0,0.0,0.0
U,4,1,1,78,4,168.298501,0.0,0.0,168.298501,42.07462525,0.0,42.07462525,0.0,0.0,0.0,0.0,0.0,0.0,0.0,0.0,0.0
U,4,1,1,79,4,180.644005,0.0,0.0,180.644005,45.16100125,0.0,45.16100125,0.0,0.0,0.0,0.0,0.0,0.0,0.0,0.0,0.0
U,4,1,1,80,4,188.242273,0.0,0.0,188.242273,47.06056825,0.0,47.06056825,0.0,0.0,0.0,0.0,0.0,0.0,0.0,0.0,0.0
U,4,1,1,81,4,179.746181,0.0,0.0,179.746181,44.93654525,0.0,44.93654525,0.0,0.0,0.0,0.0,0.0,0.0,0.0,0.0,0.0
U,4,1,1,82,4,193.098538,0.0,0.0,193.098538,48.2746345,0.0,48.2746345,0.0,0.0,0.0,0.0,0.0,0.0,0.0,0.0,0.0
U,4,1,1,83,4,154.536257,0.0,0.0,154.536257,38.63406425,0.0,38.63406425,0.0,0.0,0.0,0.0,0.0,0.0,0.0,0.0,0.0
U,4,1,1,84,4,176.34506,0.0,0.0,176.34506,44.086265,0.0,44.086265,0.0,0.0,0.0,0.0,0.0,0.0,0.0,0.0,0.0
U,4,1,1,85,4,174.550168,0.0,0.0,174.550168,43.637542,0.0,43.637542,0.0,0.0,0.0,0.0,0.0,0.0,0.0,0.0,0.0
U,4,1,1,86,4,175.809336,0.0,0.0,175.809336,43.952334,0.0,43.952334,0.0,0.0,0.0,0.0,0.0,0.0,0.0,0.0,0.0
U,4,1,1,87,4,167.628523,0.0,0.0,167.628523,41.90713075,0.0,41.90713075,0.0,0.0,0.0,0.0,0.0,0.0,0.0,0.0,0.0
U,4,1,1,88,4,185.95101,0.0,0.0,185.95101,46.4877525,0.0,46.4877525,0.0,0.0,0.0,0.0,0.0,0.0,0.0,0.0,0.0
U,4,1,1,89,4,173.516917,0.0,0.0,173.516917,43.37922925,0.0,43.37922925,0.0,0.0,0.0,0.0,0.0,0.0,0.0,0.0,0.0
U,4,1,1,90,4,160.490015,0.0,0.0,160.490015,40.12250375,0.0,40.12250375,0.0,0.0,0.0,0.0,0.0,0.0,0.0,0.0,0.0
U,4,1,1,91,4,154.772735,0.0,0.0,154.772735,38.69318375,0.0,38.69318375,0.0,0.0,0.0,0.0,0.0,0.0,0.0,0.0,0.0
U,4,1,1,92,4,192.328269,0.0,0.0,192.328269,48.08206725,0.0,48.08206725,0.0,0.0,0.0,0.0,0.0,0.0,0.0,0.0,0.0
U,4,1,1,93,4,200.953661,0.0,0.0,200.953661,50.23841525,0.0,50.23841525,0.0,0.0,0.0,0.0,0.0,0.0,0.0,0.0,0.0
U,4,1,1,94,4,168.013488,0.0,0.0,168.013488,42.003372,0.0,42.003372,0.0,0.0,0.0,0.0,0.0,0.0,0.0,0.0,0.0
U,4,1,1,95,4,202.75387,0.0,0.0,202.75387,50.6884675,0.0,50.6884675,0.0,0.0,0.0,0.0,0.0,0.0,0.0,0.0,0.0
U,4,1,1,96,4,212.392395,0.0,0.0,212.392395,53.09809875,0.0,53.09809875,0.0,0.0,0.0,0.0,0.0,0.0,0.0,0.0,0.0
U,4,1,1,97,4,186.524323,0.0,0.0,186.524323,46.63108075,0.0,46.63108075,0.0,0.0,0.0,0.0,0.0,0.0,0.0,0.0,0.0
U,4,1,1,98,4,190.719656,0.0,0.0,190.719656,47.679914,0.0,47.679914,0.0,0.0,0.0,0.0,0.0,0.0,0.0,0.0,0.0
U,4,1,1,99,4,165.670711,0.0,0.0,165.670711,41.41767775,0.0,41.41767775,0.0,0.0,0.0,0.0,0.0,0.0,0.0,0.0,0.0
U,4,1,1,100,4,215.118859,0.0,0.0,215.118859,53.77971475,0.0,53.77971475,0.0,0.0,0.0,0.0,0.0,0.0,0.0,0.0,0.0
U,4,1,1,101,4,210.196739,0.0,0.0,210.196739,52.54918475,0.0,52.54918475,0.0,0.0,0.0,0.0,0.0,0.0,0.0,0.0,0.0
U,4,1,1,102,4,184.560748,0.0,0.0,184.560748,46.140187,0.0,46.140187,0.0,0.0,0.0,0.0,0.0,0.0,0.0,0.0,0.0
U,4,1,1,103,4,159.86265,0.0,0.0,159.86265,39.9656625,0.0,39.9656625,0.0,0.0,0.0,0.0,0.0,0.0,0.0,0.0,0.0
U,4,1,1,104,4,178.264624,0.0,0.0,178.264624,44.566156,0.0,44.566156,0.0,0.0,0.0,0.0,0.0,0.0,0.0,0.0,0.0
U,4,1,1,105,4,200.622082,0.0,0.0,200.622082,50.1555205,0.0,50.1555205,0.0,0.0,0.0,0.0,0.0,0.0,0.0,0.0,0.0
U,4,1,1,106,4,177.650462,0.0,0.0,177.650462,44.4126155,0.0,44.4126155,0.0,0.0,0.0,0.0,0.0,0.0,0.0,0.0,0.0
U,4,1,1,107,4,160.977693,0.0,0.0,160.977693,40.24442325,0.0,40.24442325,0.0,0.0,0.0,0.0,0.0,0.0,0.0,0.0,0.0
U,4,1,1,108,4,194.13415,0.0,0.0,194.13415,48.5335375,0.0,48.5335375,0.0,0.0,0.0,0.0,0.0,0.0,0.0,0.0,0.0
U,4,1,1,109,4,169.666484,0.0,0.0,169.666484,42.416621,0.0,42.416621,0.0,0.0,0.0,0.0,0.0,0.0,0.0,0.0,0.0
U,4,1,1,110,4,206.398841,0.0,0.0,206.398841,51.59971025,0.0,51.59971025,0.0,0.0,0.0,0.0,0.0,0.0,0.0,0.0,0.0
U,4,1,1,111,4,186.241338,0.0,0.0,186.241338,46.5603345,0.0,46.5603345,0.0,0.0,0.0,0.0,0.0,0.0,0.0,0.0,0.0
U,4,1,1,112,4,200.98537,0.0,0.0,200.98537,50.2463425,0.0,50.2463425,0.0,0.0,0.0,0.0,0.0,0.0,0.0,0.0,0.0
U,4,1,1,113,4,184.502283,0.0,0.0,184.502283,46.12557075,0.0,46.12557075,0.0,0.0,0.0,0.0,0.0,0.0,0.0,0.0,0.0
U,4,1,1,114,4,173.54356,0.0,0.0,173.54356,43.38589,0.0,43.38589,0.0,0.0,0.0,0.0,0.0,0.0,0.0,0.0,0.0
U,4,1,1,115,4,172.858783,0.0,0.0,172.858783,43.21469575,0.0,43.21469575,0.0,0.0,0.0,0.0,0.0,0.0,0.0,0.0,0.0
U,4,1,1,116,4,179.22227,0.0,0.0,179.22227,44.8055675,0.0,44.8055675,0.0,0.0,0.0,0.0,0.0,0.0,0.0,0.0,0.0
U,4,1,1,117,4,178.594971,0.0,0.0,178.594971,44.64874275,0.0,44.64874275,0.0,0.0,0.0,0.0,0.0,0.0,0.0,0.0,0.0
U,4,1,1,118,4,189.768813,0.0,0.0,189.768813,47.44220325,0.0,47.44220325,0.0,0.0,0.0,0.0,0.0,0.0,0.0,0.0,0.0
U,4,1,1,119,4,166.128855,0.0,0.0,166.128855,41.53221375,0.0,41.53221375,0.0,0.0,0.0,0.0,0.0,0.0,0.0,0.0,0.0
U,16,1,2,0,4,332.55774,0.0,0.0,332.55774,83.139435,0.0,83.139435,0.0,0.0,0.0,0.0,0.0,0.0,0.0,0.0,0.0
U,16,1,2,1,4,259.482602,0.0,0.0,259.482602,64.8706505,0.0,64.8706505,0.0,0.0,0.0,0.0,0.0,0.0,0.0,0.0,0.0
U,16,1,2,2,4,254.827494,0.0,0.0,254.827494,63.7068735,0.0,63.7068735,0.0,0.0,0.0,0.0,0.0,0.0,0.0,0.0,0.0
U,16,1,2,3,4,258.964174,0.0,0.0,258.964174,64.7410435,0.0,64.7410435,0.0,0.0,0.0,0.0,0.0,0.0,0.0,0.0,0.0
U,16,1,2,4,4,263.299154,0.0,0.0,263.299154,65.8247885,0.0,65.8247885,0.0,0.0,0.0,0.0,0.0,0.0,0.0,0.0,0.0
U,16,1,2,5,4,254.045829,0.0,0.0,254.045829,63.51145725,0.0,63.51145725,0.0,0.0,0.0,0.0,0.0,0.0,0.0,0.0,0.0
U,16,1,2,6,4,265.99416,0.0,0.0,265.99416,66.49854,0.0,66.49854,0.0,0.0,0.0,0.0,0.0,0.0,0.0,0.0,0.0
U,16,1,2,7,4,258.203623,0.0,0.0,258.203623,64.55090575,0.0,64.55090575,0.0,0.0,0.0,0.0,0.0,0.0,0.0,0.0,0.0
U,16,1,2,8,4,281.044192,0.0,0.0,281.044192,70.261048,0.0,70.261048,0.0,0.0,0.0,0.0,0.0,0.0,0.0,0.0,0.0
U,16,1,2,9,4,289.833482,0.0,0.0,289.833482,72.4583705,0.0,72.4583705,0.0,0.0,0.0,0.0,0.0,0.0,0.0,0.0,0.0
U,16,1,2,10,4,289.090942,0.0,0.0,289.090942,72.2727355,0.0,72.2727355,0.0,0.0,0.0,0.0,0.0,0.0,0.0,0.0,0.0
U,16,1,2,11,4,270.65977,0.0,0.0,270.65977,67.6649425,0.0,67.6649425,0.0,0.0,0.0,0.0,0.0,0.0,0.0,0.0,0.0
U,16,1,2,12,4,267.660708,0.0,0.0,267.660708,66.915177,0.0,66.915177,0.0,0.0,0.0,0.0,0.0,0.0,0.0,0.0,0.0
U,16,1,2,13,4,265.411903,0.0,0.0,265.411903,66.35297575,0.0,66.35297575,0.0,0.0,0.0,0.0,0.0,0.0,0.0,0.0,0.0
U,16,1,2,14,4,298.76358,0.0,0.0,298.76358,74.690895,0.0,74.690895,0.0,0.0,0.0,0.0,0.0,0.0,0.0,0.0,0.0
U,16,1,2,15,4,292.263737,0.0,0.0,292.263737,73.06593425,0.0,73.06593425,0.0,0.0,0.0,0.0,0.0,0.0,0.0,0.0,0.0
U,16,1,2,16,4,291.902959,0.0,0.0,291.902959,72.97573975,0.0,72.97573975,0.0,0.0,0.0,0.0,0.0,0.0,0.0,0.0,0.0
U,16,1,2,17,4,296.017194,0.0,0.0,296.017194,74.0042985,0.0,74.0042985,0.0,0.0,0.0,0.0,0.0,0.0,0.0,0.0,0.0
U,16,1,2,18,4,316.423328,0.0,0.0,316.423328,79.105832,0.0,79.105832,0.0,0.0,0.0,0.0,0.0,0.0,0.0,0.0,0.0
U,16,1,2,19,4,279.680599,0.0,0.0,279.680599,69.92014975,0.0,69.92014975,0.0,0.0,0.0,0.0,0.0,0.0,0.0,0.0,0.0
U,16,1,2,20,4,277.99518,0.0,0.0,277.99518,69.498795,0.0,69.498795,0.0,0.0,0.0,0.0,0.0,0.0,0.0,0.0,0.0
U,16,1,2,21,4,257.919739,0.0,0.0,257.919739,64.47993475,0.0,64.47993475,0.0,0.0,0.0,0.0,0.0,0.0,0.0,0.0,0.0
U,16,1,2,22,4,268.223263,0.0,0.0,268.223263,67.05581575,0.0,67.05581575,0.0,0.0,0.0,0.0,0.0,0.0,0.0,0.0,0.0
U,16,1,2,23,4,271.655346,0.0,0.0,271.655346,67.9138365,0.0,67.9138365,0.0,0.0,0.0,0.0,0.0,0.0,0.0,0.0,0.0
U,16,1,2,24,4,261.371884,0.0,0.0,261.371884,65.342971,0.0,65.342971,0.0,0.0,0.0,0.0,0.0,0.0,0.0,0.0,0.0
U,16,1,2,25,4,289.322741,0.0,0.0,289.322741,72.33068525,0.0,72.33068525,0.0,0.0,0.0,0.0,0.0,0.0,0.0,0.0,0.0
U,16,1,2,26,4,254.805303,0.0,0.0,254.805303,63.70132575,0.0,63.70132575,0.0,0.0,0.0,0.0,0.0,0.0,0.0,0.0,0.0
U,16,1,2,27,4,268.616717,0.0,0.0,268.616717,67.15417925,0.0,67.15417925,0.0,0.0,0.0,0.0,0.0,0.0,0.0,0.0,0.0
U,16,1,2,28,4,266.827301,0.0,0.0,266.827301,66.70682525,0.0,66.70682525,0.0,0.0,0.0,0.0,0.0,0.0,0.0,0.0,0.0
U,16,1,2,29,4,253.633353,0.0,0.0,253.633353,63.40833825,0.0,63.40833825,0.0,0.0,0.0,0.0,0.0,0.0,0.0,0.0,0.0
U,16,1,2,30,4,259.010166,0.0,0.0,259.010166,64.7525415,0.0,64.7525415,0.0,0.0,0.0,0.0,0.0,0.0,0.0,0.0,0.0
U,16,1,2,31,4,287.647072,0.0,0.0,287.647072,71.911768,0.0,71.911768,0.0,0.0,0.0,0.0,0.0,0.0,0.0,0.0,0.0
U,16,1,2,32,4,269.250481,0.0,0.0,269.250481,67.31262025,0.0,67.31262025,0.0,0.0,0.0,0.0,0.0,0.0,0.0,0.0,0.0
U,16,1,2,33,4,271.654029,0.0,0.0,271.654029,67.91350725,0.0,67.91350725,0.0,0.0,0.0,0.0,0.0,0.0,0.0,0.0,0.0
U,16,1,2,34,4,261.235733,0.0,0.0,261.235733,65.30893325,0.0,65.30893325,0.0,0.0,0.0,0.0,0.0,0.0,0.0,0.0,0.0
U,16,1,2,35,4,254.421882,0.0,0.0,254.421882,63.6054705,0.0,63.6054705,0.0,0.0,0.0,0.0,0.0,0.0,0.0,0.0,0.0
U,16,1,2,36,4,260.274439,0.0,0.0,260.274439,65.06860975,0.0,65.06860975,0.0,0.0,0.0,0.0,0.0,0.0,0.0,0.0,0.0
U,16,1,2,37,4,272.969478,0.0,0.0,272.969478,68.2423695,0.0,68.2423695,0.0,0.0,0.0,0.0,0.0,0.0,0.0,0.0,0.0
U,16,1,2,38,4,276.043913,0.0,0.0,276.043913,69.01097825,0.0,69.01097825,0.0,0.0,0.0,0.0,0.0,0.0,0.0,0.0,0.0
U,16,1,2,39,4,326.211878,0.0,0.0,326.211878,81.5529695,0.0,81.5529695,0.0,0.0,0.0,0.0,0.0,0.0,0.0,0.0,0.0
U,16,1,2,40,4,245.365602,0.0,0.0,245.365602,61.3414005,0.0,61.3414005,0.0,0.0,0.0,0.0,0.0,0.0,0.0,0.0,0.0
U,16,1,2,41,4,285.755847,0.0,0.0,285.755847,71.43896175,0.0,71.43896175,0.0,0.0,0.0,0.0,0.0,0.0,0.0,0.0,0.0
U,16,1,2,42,4,253.901955,0.0,0.0,253.901955,63.47548875,0.0,63.47548875,0.0,0.0,0.0,0.0,0.0,0.0,0.0,0.0,0.0
U,16,1,2,43,4,297.679255,0.0,0.0,297.679255,74.41981375,0.0,74.41981375,0.0,0.0,0.0,0.0,0.0,0.0,0.0,0.0,0.0
U,16,1,2,44,4,294.787794,0.0,0.0,294.787794,73.6969485,0.0,73.6969485,0.0,0.0,0.0,0.0,0.0,0.0,0.0,0.0,0.0
U,16,1,2,45,4,284.153696,0.0,0.0,284.153696,71.038424,0.0,71.038424,0.0,0.0,0.0,0.0,0.0,0.0,0.0,0.0,0.0
U,16,1,2,46,4,271.307938,0.0,0.0,271.307938,67.8269845,0.0,67.8269845,0.0,0.0,0.0,0.0,0.0,0.0,0.0,0.0,0.0
U,16,1,2,47,4,254.279393,0.0,0.0,254.279393,63.56984825,0.0,63.56984825,0.0,0.0,0.0,0.0,0.0,0.0,0.0,0.0,0.0
U,16,1,2,48,4,271.120674,0.0,0.0,271.120674,67.7801685,0.0,67.7801685,0.0,0.0,0.0,0.0,0.0,0.0,0.0,0.0,0.0
U,16,1,2,49,4,297.514382,0.0,0.0,297.514382,74.3785955,0.0,74.3785955,0.0,0.0,0.0,0.0,0.0,0.0,0.0,0.0,0.0
U,16,1,2,50,4,288.959742,0.0,0.0,288.959742,72.2399355,0.0,72.2399355,0.0,0.0,0.0,0.0,0.0,0.0,0.0,0.0,0.0
U,16,1,2,51,4,297.387694,0.0,0.0,297.387694,74.3469235,0.0,74.3469235,0.0,0.0,0.0,0.0,0.0,0.0,0.0,0.0,0.0
U,16,1,2,52,4,321.780558,0.0,0.0,321.780558,80.4451395,0.0,80.4451395,0.0,0.0,0.0,0.0,0.0,0.0,0.0,0.0,0.0
U,16,1,2,53,4,284.792257,0.0,0.0,284.792257,71.19806425,0.0,71.19806425,0.0,0.0,0.0,0.0,0.0,0.0,0.0,0.0,0.0
U,16,1,2,54,4,252.181857,0.0,0.0,252.181857,63.04546425,0.0,63.04546425,0.0,0.0,0.0,0.0,0.0,0.0,0.0,0.0,0.0
U,16,1,2,55,4,256.398369,0.0,0.0,256.398369,64.09959225,0.0,64.09959225,0.0,0.0,0.0,0.0,0.0,0.0,0.0,0.0,0.0
U,16,1,2,56,4,295.194574,0.0,0.0,295.194574,73.7986435,0.0,73.7986435,0.0,0.0,0.0,0.0,0.0,0.0,0.0,0.0,0.0
U,16,1,2,57,4,260.806939,0.0,0.0,260.806939,65.20173475,0.0,65.20173475,0.0,0.0,0.0,0.0,0.0,0.0,0.0,0.0,0.0
U,16,1,2,58,4,254.784947,0.0,0.0,254.784947,63.69623675,0.0,63.69623675,0.0,0.0,0.0,0.0,0.0,0.0,0.0,0.0,0.0
U,16,1,2,59,4,289.846502,0.0,0.0,289.846502,72.4616255,0.0,72.4616255,0.0,0.0,0.0,0.0,0.0,0.0,0.0,0.0,0.0
U,16,1,2,60,4,271.1124,0.0,0.0,271.1124,67.7781,0.0,67.7781,0.0,0.0,0.0,0.0,0.0,0.0,0.0,0.0,0.0
U,16,1,2,61,4,249.612837,0.0,0.0,249.612837,62.40320925,0.0,62.40320925,0.0,0.0,0.0,0.0,0.0,0.0,0.0,0.0,0.0
U,16,1,2,62,4,276.36037,0.0,0.0,276.36037,69.0900925,0.0,69.0900925,0.0,0.0,0.0,0.0,0.0,0.0,0.0,0.0,0.0
U,16,1,2,63,4,265.115737,0.0,0.0,265.115737,66.27893425,0.0,66.27893425,0.0,0.0,0.0,0.0,0.0,0.0,0.0,0.0,0.0
U,16,1,2,64,4,258.793212,0.0,0.0,258.793212,64.698303,0.0,64.698303,0.0,0.0,0.0,0.0,0.0,0.0,0.0,0.0,0.0
U,16,1,2,65,4,253.449347,0.0,0.0,253.449347,63.36233675,0.0,63.36233675,0.0,0.0,0.0,0.0,0.0,0.0,0.0,0.0,0.0
U,16,1,2,66,4,257.316713,0.0,0.0,257.316713,64.32917825,0.0,64.32917825,0.0,0.0,0.0,0.0,0.0,0.0,0.0,0.0,0.0
U,16,1,2,67,4,259.313302,0.0,0.0,259.313302,64.8283255,0.0,64.8283255,0.0,0.0,0.0,0.0,0.0,0.0,0.0,0.0,0.0
U,16,1,2,68,4,258.88828,0.0,0.0,258.88828,64.72207,0.0,64.72207,0.0,0.0,0.0,0.0,0.0,0.0,0.0,0.0,0.0
U,16,1,2,69,4,311.748239,0.0,0.0,311.748239,77.93705975,0.0,77.93705975,0.0,0.0,0.0,0.0,0.0,0.0,0.0,0.0,0.0
U,16,1,2,70,4,305.00804,0.0,0.0,305.00804,76.25201,0.0,76.25201,0.0,0.0,0.0,0.0,0.0,0.0,0.0,0.0,0.0
U,16,1,2,71,4,287.045236,0.0,0.0,287.045236,71.761309,0.0,71.761309,0.0,0.0,0.0,0.0,0.0,0.0,0.0,0.0,0.0
U,16,1,2,72,4,283.522977,0.0,0.0,283.522977,70.88074425,0.0,70.88074425,0.0,0.0,0.0,0.0,0.0,0.0,0.0,0.0,0.0
U,16,1,2,73,4,309.78936,0.0,0.0,309.78936,77.44734,0.0,77.44734,0.0,0.0,0.0,0.0,0.0,0.0,0.0,0.0,0.0
U,16,1,2,74,4,262.093666,0.0,0.0,262.093666,65.5234165,0.0,65.5234165,0.0,0.0,0.0,0.0,0.0,0.0,0.0,0.0,0.0
U,16,1,2,75,4,267.580136,0.0,0.0,267.580136,66.895034,0.0,66.895034,0.0,0.0,0.0,0.0,0.0,0.0,0.0,0.0,0.0
U,16,1,2,76,4,265.395437,0.0,0.0,265.395437,66.34885925,0.0,66.34885925,0.0,0.0,0.0,0.0,0.0,0.0,0.0,0.0,0.0
U,16,1,2,77,4,296.529641,0.0,0.0,296.529641,74.13241025,0.0,74.13241025,0.0,0.0,0.0,0.0,0.0,0.0,0.0,0.0,0.0
U,16,1,2,78,4,340.716779,0.0,0.0,340.716779,85.17919475,0.0,85.17919475,0.0,0.0,0.0,0.0,0.0,0.0,0.0,0.0,0.0
U,16,1,2,79,4,293.40193,0.0,0.0,293.40193,73.3504825,0.0,73.3504825,0.0,0.0,0.0,0.0,0.0,0.0,0.0,0.0,0.0
U,16,1,2,80,4,271.014181,0.0,0.0,271.014181,67.75354525,0.0,67.75354525,0.0,0.0,0.0,0.0,0.0,0.0,0.0,0.0,0.0
U,16,1,2,81,4,313.991053,0.0,0.0,313.991053,78.49776325,0.0,78.49776325,0.0,0.0,0.0,0.0,0.0,0.0,0.0,0.0,0.0
U,16,1,2,82,4,295.764947,0.0,0.0,295.764947,73.94123675,0.0,73.94123675,0.0,0.0,0.0,0.0,0.0,0.0,0.0,0.0,0.0
U,16,1,2,83,4,306.875028,0.0,0.0,306.875028,76.718757,0.0,76.718757,0.0,0.0,0.0,0.0,0.0,0.0,0.0,0.0,0.0
U,16,1,2,84,4,277.327407,0.0,0.0,277.327407,69.33185175,0.0,69.33185175,0.0,0.0,0.0,0.0,0.0,0.0,0.0,0.0,0.0
U,16,1,2,85,4,269.899276,0.0,0.0,269.899276,67.474819,0.0,67.474819,0.0,0.0,0.0,0.0,0.0,0.0,0.0,0.0,0.0
U,16,1,2,86,4,304.581277,0.0,0.0,304.581277,76.14531925,0.0,76.14531925,0.0,0.0,0.0,0.0,0.0,0.0,0.0,0.0,0.0
U,16,1,2,87,4,274.735083,0.0,0.0,274.735083,68.68377075,0.0,68.68377075,0.0,0.0,0.0,0.0,0.0,0.0,0.0,0.0,0.0
U,16,1,2,88,4,313.053966,0.0,0.0,313.053966,78.2634915,0.0,78.2634915,0.0,0.0,0.0,0.0,0.0,0.0,0.0,0.0,0.0
U,16,1,2,89,4,273.755778,0.0,0.0,273.755778,68.4389445,0.0,68.4389445,0.0,0.0,0.0,0.0,0.0,0.0,0.0,0.0,0.0
U,16,1,2,90,4,299.977789,0.0,0.0,299.977789,74.99444725,0.0,74.99444725,0.0,0.0,0.0,0.0,0.0,0.0,0.0,0.0,0.0
U,16,1,2,91,4,309.05333,0.0,0.0,309.05333,77.2633325,0.0,77.2633325,0.0,0.0,0.0,0.0,0.0,0.0,0.0,0.0,0.0
U,16,1,2,92,4,310.375192,0.0,0.0,310.375192,77.593798,0.0,77.593798,0.0,0.0,0.0,0.0,0.0,0.0,0.0,0.0,0.0
U,16,1,2,93,4,289.286929,0.0,0.0,289.286929,72.32173225,0.0,72.32173225,0.0,0.0,0.0,0.0,0.0,0.0,0.0,0.0,0.0
U,16,1,2,94,4,282.049278,0.0,0.0,282.049278,70.5123195,0.0,70.5123195,0.0,0.0,0.0,0.0,0.0,0.0,0.0,0.0,0.0
U,16,1,2,95,4,310.025979,0.0,0.0,310.025979,77.50649475,0.0,77.50649475,0.0,0.0,0.0,0.0,0.0,0.0,0.0,0.0,0.0
U,16,1,2,96,4,276.670713,0.0,0.0,276.670713,69.16767825,0.0,69.16767825,0.0,0.0,0.0,0.0,0.0,0.0,0.0,0.0,0.0
U,16,1,2,97,4,296.986533,0.0,0.0,296.986533,74.24663325,0.0,74.24663325,0.0,0.0,0.0,0.0,0.0,0.0,0.0,0.0,0.0
U,16,1,2,98,4,256.833082,0.0,0.0,256.833082,64.2082705,0.0,64.2082705,0.0,0.0,0.0,0.0,0.0,0.0,0.0,0.0,0.0
U,16,1,2,99,4,278.154926,0.0,0.0,278.154926,69.5387315,0.0,69.5387315,0.0,0.0,0.0,0.0,0.0,0.0,0.0,0.0,0.0
U,16,1,2,100,4,269.055874,0.0,0.0,269.055874,67.2639685,0.0,67.2639685,0.0,0.0,0.0,0.0,0.0,0.0,0.0,0.0,0.0
U,16,1,2,101,4,250.15677,0.0,0.0,250.15677,62.5391925,0.0,62.5391925,0.0,0.0,0.0,0.0,0.0,0.0,0.0,0.0,0.0
U,16,1,2,102,4,290.887561,0.0,0.0,290.887561,72.72189025,0.0,72.72189025,0.0,0.0,0.0,0.0,0.0,0.0,0.0,0.0,0.0
U,16,1,2,103,4,249.374856,0.0,0.0,249.374856,62.343714,0.0,62.343714,0.0,0.0,0.0,0.0,0.0,0.0,0.0,0.0,0.0
U,16,1,2,104,4,301.23601,0.0,0.0,301.23601,75.3090025,0.0,75.3090025,0.0,0.0,0.0,0.0,0.0,0.0,0.0,0.0,0.0
U,16,1,2,105,4,304.057489,0.0,0.0,304.057489,76.01437225,0.0,76.01437225,0.0,0.0,0.0,0.0,0.0,0.0,0.0,0.0,0.0
U,16,1,2,106,4,315.909453,0.0,0.0,315.909453,78.97736325,0.0,78.97736325,0.0,0.0,0.0,0.0,0.0,0.0,0.0,0.0,0.0
U,16,1,2,107,4,308.953661,0.0,0.0,308.953661,77.23841525,0.0,77.23841525,0.0,0.0,0.0,0.0,0.0,0.0,0.0,0.0,0.0
U,16,1,2,108,4,315.920935,0.0,0.0,315.920935,78.98023375,0.0,78.98023375,0.0,0.0,0.0,0.0,0.0,0.0,0.0,0.0,0.0
U,16,1,2,109,4,284.455979,0.0,0.0,284.455979,71.11399475,0.0,71.11399475,0.0,0.0,0.0,0.0,0.0,0.0,0.0,0.0,0.0
U,16,1,2,110,4,339.678206,0.0,0.0,339.678206,84.9195515,0.0,84.9195515,0.0,0.0,0.0,0.0,0.0,0.0,0.0,0.0,0.0
U,16,1,2,111,4,324.268858,0.0,0.0,324.268858,81.0672145,0.0,81.0672145,0.0,0.0,0.0,0.0,0.0,0.0,0.0,0.0,0.0
U,16,1,2,112,4,319.791628,0.0,0.0,319.791628,79.947907,0.0,79.947907,0.0,0.0,0.0,0.0,0.0,0.0,0.0,0.0,0.0
U,16,1,2,113,4,246.247684,0.0,0.0,246.247684,61.561921,0.0,61.561921,0.0,0.0,0.0,0.0,0.0,0.0,0.0,0.0,0.0
U,16,1,2,114,4,253.459194,0.0,0.0,253.459194,63.3647985,0.0,63.3647985,0.0,0.0,0.0,0.0,0.0,0.0,0.0,0.0,0.0
U,16,1,2,115,4,303.230191,0.0,0.0,303.230191,75.80754775,0.0,75.80754775,0.0,0.0,0.0,0.0,0.0,0.0,0.0,0.0,0.0
U,16,1,2,116,4,280.95564,0.0,0.0,280.95564,70.23891,0.0,70.23891,0.0,0.0,0.0,0.0,0.0,0.0,0.0,0.0,0.0
U,16,1,2,117,4,306.153449,0.0,0.0,306.153449,76.53836225,0.0,76.53836225,0.0,0.0,0.0,0.0,0.0,0.0,0.0,0.0,0.0
U,16,1,2,118,4,275.426275,0.0,0.0,275.426275,68.85656875,0.0,68.85656875,0.0,0.0,0.0,0.0,0.0,0.0,0.0,0.0,0.0
U,16,1,2,119,4,314.923344,0.0,0.0,314.923344,78.730836,0.0,78.730836,0.0,0.0,0.0,0.0,0.0,0.0,0.0,0.0,0.0
U,64,1,3,0,4,800.964029,0.0,0.0,800.964029,200.24100725,0.0,200.24100725,0.0,0.0,0.0,0.0,0.0,0.0,0.0,0.0,0.0
U,64,1,3,1,4,696.064598,0.0,0.0,696.064598,174.0161495,0.0,174.0161495,0.0,0.0,0.0,0.0,0.0,0.0,0.0,0.0,0.0
U,64,1,3,2,4,600.549078,0.0,0.0,600.549078,150.1372695,0.0,150.1372695,0.0,0.0,0.0,0.0,0.0,0.0,0.0,0.0,0.0
U,64,1,3,3,4,641.098044,0.0,0.0,641.098044,160.274511,0.0,160.274511,0.0,0.0,0.0,0.0,0.0,0.0,0.0,0.0,0.0
U,64,1,3,4,4,576.502164,0.0,0.0,576.502164,144.125541,0.0,144.125541,0.0,0.0,0.0,0.0,0.0,0.0,0.0,0.0,0.0
U,64,1,3,5,4,720.034676,0.0,0.0,720.034676,180.008669,0.0,180.008669,0.0,0.0,0.0,0.0,0.0,0.0,0.0,0.0,0.0
U,64,1,3,6,4,707.96255,0.0,0.0,707.96255,176.9906375,0.0,176.9906375,0.0,0.0,0.0,0.0,0.0,0.0,0.0,0.0,0.0
U,64,1,3,7,4,637.04142,0.0,0.0,637.04142,159.260355,0.0,159.260355,0.0,0.0,0.0,0.0,0.0,0.0,0.0,0.0,0.0
U,64,1,3,8,4,493.77888,0.0,0.0,493.77888,123.44472,0.0,123.44472,0.0,0.0,0.0,0.0,0.0,0.0,0.0,0.0,0.0
U,64,1,3,9,4,497.734851,0.0,0.0,497.734851,124.43371275,0.0,124.43371275,0.0,0.0,0.0,0.0,0.0,0.0,0.0,0.0,0.0
U,64,1,3,10,4,762.872132,0.0,0.0,762.872132,190.718033,0.0,190.718033,0.0,0.0,0.0,0.0,0.0,0.0,0.0,0.0,0.0
U,64,1,3,11,4,672.306384,0.0,0.0,672.306384,168.076596,0.0,168.076596,0.0,0.0,0.0,0.0,0.0,0.0,0.0,0.0,0.0
U,64,1,3,12,4,498.226179,0.0,0.0,498.226179,124.55654475,0.0,124.55654475,0.0,0.0,0.0,0.0,0.0,0.0,0.0,0.0,0.0
U,64,1,3,13,4,727.745901,0.0,0.0,727.745901,181.93647525,0.0,181.93647525,0.0,0.0,0.0,0.0,0.0,0.0,0.0,0.0,0.0
U,64,1,3,14,4,672.654569,0.0,0.0,672.654569,168.16364225,0.0,168.16364225,0.0,0.0,0.0,0.0,0.0,0.0,0.0,0.0,0.0
U,64,1,3,15,4,615.292566,0.0,0.0,615.292566,153.8231415,0.0,153.8231415,0.0,0.0,0.0,0.0,0.0,0.0,0.0,0.0,0.0
U,64,1,3,16,4,648.22389,0.0,0.0,648.22389,162.0559725,0.0,162.0559725,0.0,0.0,0.0,0.0,0.0,0.0,0.0,0.0,0.0
U,64,1,3,17,4,573.776687,0.0,0.0,573.776687,143.44417175,0.0,143.44417175,0.0,0.0,0.0,0.0,0.0,0.0,0.0,0.0,0.0
U,64,1,3,18,4,572.211766,0.0,0.0,572.211766,143.0529415,0.0,143.0529415,0.0,0.0,0.0,0.0,0.0,0.0,0.0,0.0,0.0
U,64,1,3,19,4,501.291236,0.0,0.0,501.291236,125.322809,0.0,125.322809,0.0,0.0,0.0,0.0,0.0,0.0,0.0,0.0,0.0
U,64,1,3,20,4,509.36318,0.0,0.0,509.36318,127.340795,0.0,127.340795,0.0,0.0,0.0,0.0,0.0,0.0,0.0,0.0,0.0
U,64,1,3,21,4,596.813851,0.0,0.0,596.813851,149.20346275,0.0,149.20346275,0.0,0.0,0.0,0.0,0.0,0.0,0.0,0.0,0.0
U,64,1,3,22,4,543.074729,0.0,0.0,543.074729,135.76868225,0.0,135.76868225,0.0,0.0,0.0,0.0,0.0,0.0,0.0,0.0,0.0
U,64,1,3,23,4,726.452685,0.0,0.0,726.452685,181.61317125,0.0,181.61317125,0.0,0.0,0.0,0.0,0.0,0.0,0.0,0.0,0.0
U,64,1,3,24,4,597.569953,0.0,0.0,597.569953,149.39248825,0.0,149.39248825,0.0,0.0,0.0,0.0,0.0,0.0,0.0,0.0,0.0
U,64,1,3,25,4,776.443055,0.0,0.0,776.443055,194.11076375,0.0,194.11076375,0.0,0.0,0.0,0.0,0.0,0.0,0.0,0.0,0.0
U,64,1,3,26,4,657.96824,0.0,0.0,657.96824,164.49206,0.0,164.49206,0.0,0.0,0.0,0.0,0.0,0.0,0.0,0.0,0.0
U,64,1,3,27,4,566.616643,0.0,0.0,566.616643,141.65416075,0.0,141.65416075,0.0,0.0,0.0,0.0,0.0,0.0,0.0,0.0,0.0
U,64,1,3,28,4,611.746116,0.0,0.0,611.746116,152.936529,0.0,152.936529,0.0,0.0,0.0,0.0,0.0,0.0,0.0,0.0,0.0
U,64,1,3,29,4,505.290297,0.0,0.0,505.290297,126.32257425,0.0,126.32257425,0.0,0.0,0.0,0.0,0.0,0.0,0.0,0.0,0.0
U,64,1,3,30,4,500.258887,0.0,0.0,500.258887,125.06472175,0.0,125.06472175,0.0,0.0,0.0,0.0,0.0,0.0,0.0,0.0,0.0
U,64,1,3,31,4,636.046045,0.0,0.0,636.046045,159.01151125,0.0,159.01151125,0.0,0.0,0.0,0.0,0.0,0.0,0.0,0.0,0.0
U,64,1,3,32,4,502.489643,0.0,0.0,502.489643,125.62241075,0.0,125.62241075,0.0,0.0,0.0,0.0,0.0,0.0,0.0,0.0,0.0
U,64,1,3,33,4,714.118481,0.0,0.0,714.118481,178.52962025,0.0,178.52962025,0.0,0.0,0.0,0.0,0.0,0.0,0.0,0.0,0.0
U,64,1,3,34,4,624.305315,0.0,0.0,624.305315,156.07632875,0.0,156.07632875,0.0,0.0,0.0,0.0,0.0,0.0,0.0,0.0,0.0
U,64,1,3,35,4,721.75463,0.0,0.0,721.75463,180.4386575,0.0,180.4386575,0.0,0.0,0.0,0.0,0.0,0.0,0.0,0.0,0.0
U,64,1,3,36,4,715.667332,0.0,0.0,715.667332,178.916833,0.0,178.916833,0.0,0.0,0.0,0.0,0.0,0.0,0.0,0.0,0.0
U,64,1,3,37,4,680.029509,0.0,0.0,680.029509,170.00737725,0.0,170.00737725,0.0,0.0,0.0,0.0,0.0,0.0,0.0,0.0,0.0
U,64,1,3,38,4,618.54427,0.0,0.0,618.54427,154.6360675,0.0,154.6360675,0.0,0.0,0.0,0.0,0.0,0.0,0.0,0.0,0.0
U,64,1,3,39,4,640.293092,0.0,0.0,640.293092,160.073273,0.0,160.073273,0.0,0.0,0.0,0.0,0.0,0.0,0.0,0.0,0.0
U,64,1,3,40,4,586.477024,0.0,0.0,586.477024,146.619256,0.0,146.619256,0.0,0.0,0.0,0.0,0.0,0.0,0.0,0.0,0.0
U,64,1,3,41,4,628.774548,0.0,0.0,628.774548,157.193637,0.0,157.193637,0.0,0.0,0.0,0.0,0.0,0.0,0.0,0.0,0.0
U,64,1,3,42,4,706.967111,0.0,0.0,706.967111,176.74177775,0.0,176.74177775,0.0,0.0,0.0,0.0,0.0,0.0,0.0,0.0,0.0
U,64,1,3,43,4,525.684083,0.0,0.0,525.684083,131.42102075,0.0,131.42102075,0.0,0.0,0.0,0.0,0.0,0.0,0.0,0.0,0.0
U,64,1,3,44,4,490.046181,0.0,0.0,490.046181,122.51154525,0.0,122.51154525,0.0,0.0,0.0,0.0,0.0,0.0,0.0,0.0,0.0
U,64,1,3,45,4,579.083436,0.0,0.0,579.083436,144.770859,0.0,144.770859,0.0,0.0,0.0,0.0,0.0,0.0,0.0,0.0,0.0
U,64,1,3,46,4,598.018834,0.0,0.0,598.018834,149.5047085,0.0,149.5047085,0.0,0.0,0.0,0.0,0.0,0.0,0.0,0.0,0.0
U,64,1,3,47,4,636.842408,0.0,0.0,636.842408,159.210602,0.0,159.210602,0.0,0.0,0.0,0.0,0.0,0.0,0.0,0.0,0.0
U,64,1,3,48,4,692.11233,0.0,0.0,692.11233,173.0280825,0.0,173.0280825,0.0,0.0,0.0,0.0,0.0,0.0,0.0,0.0,0.0
U,64,1,3,49,4,636.018614,0.0,0.0,636.018614,159.0046535,0.0,159.0046535,0.0,0.0,0.0,0.0,0.0,0.0,0.0,0.0,0.0
U,64,1,3,50,4,625.754639,0.0,0.0,625.754639,156.43865975,0.0,156.43865975,0.0,0.0,0.0,0.0,0.0,0.0,0.0,0.0,0.0
U,64,1,3,51,4,688.924758,0.0,0.0,688.924758,172.2311895,0.0,172.2311895,0.0,0.0,0.0,0.0,0.0,0.0,0.0,0.0,0.0
U,64,1,3,52,4,639.019485,0.0,0.0,639.019485,159.75487125,0.0,159.75487125,0.0,0.0,0.0,0.0,0.0,0.0,0.0,0.0,0.0
U,64,1,3,53,4,634.652197,0.0,0.0,634.652197,158.66304925,0.0,158.66304925,0.0,0.0,0.0,0.0,0.0,0.0,0.0,0.0,0.0
U,64,1,3,54,4,602.915928,0.0,0.0,602.915928,150.728982,0.0,150.728982,0.0,0.0,0.0,0.0,0.0,0.0,0.0,0.0,0.0
U,64,1,3,55,4,645.436031,0.0,0.0,645.436031,161.35900775,0.0,161.35900775,0.0,0.0,0.0,0.0,0.0,0.0,0.0,0.0,0.0
U,64,1,3,56,4,658.878905,0.0,0.0,658.878905,164.71972625,0.0,164.71972625,0.0,0.0,0.0,0.0,0.0,0.0,0.0,0.0,0.0
U,64,1,3,57,4,669.177669,0.0,0.0,669.177669,167.29441725,0.0,167.29441725,0.0,0.0,0.0,0.0,0.0,0.0,0.0,0.0,0.0
U,64,1,3,58,4,672.780681,0.0,0.0,672.780681,168.19517025,0.0,168.19517025,0.0,0.0,0.0,0.0,0.0,0.0,0.0,0.0,0.0
U,64,1,3,59,4,757.88279,0.0,0.0,757.88279,189.4706975,0.0,189.4706975,0.0,0.0,0.0,0.0,0.0,0.0,0.0,0.0,0.0
U,64,1,3,60,4,722.304754,0.0,0.0,722.304754,180.5761885,0.0,180.5761885,0.0,0.0,0.0,0.0,0.0,0.0,0.0,0.0,0.0
U,64,1,3,61,4,775.229613,0.0,0.0,775.229613,193.80740325,0.0,193.80740325,0.0,0.0,0.0,0.0,0.0,0.0,0.0,0.0,0.0
U,64,1,3,62,4,656.32529,0.0,0.0,656.32529,164.0813225,0.0,164.0813225,0.0,0.0,0.0,0.0,0.0,0.0,0.0,0.0,0.0
U,64,1,3,63,4,604.148388,0.0,0.0,604.148388,151.037097,0.0,151.037097,0.0,0.0,0.0,0.0,0.0,0.0,0.0,0.0,0.0
U,64,1,3,64,4,497.189187,0.0,0.0,497.189187,124.29729675,0.0,124.29729675,0.0,0.0,0.0,0.0,0.0,0.0,0.0,0.0,0.0
U,64,1,3,65,4,603.264412,0.0,0.0,603.264412,150.816103,0.0,150.816103,0.0,0.0,0.0,0.0,0.0,0.0,0.0,0.0,0.0
U,64,1,3,66,4,608.027369,0.0,0.0,608.027369,152.00684225,0.0,152.00684225,0.0,0.0,0.0,0.0,0.0,0.0,0.0,0.0,0.0
U,64,1,3,67,4,581.81981,0.0,0.0,581.81981,145.4549525,0.0,145.4549525,0.0,0.0,0.0,0.0,0.0,0.0,0.0,0.0,0.0
U,64,1,3,68,4,626.762804,0.0,0.0,626.762804,156.690701,0.0,156.690701,0.0,0.0,0.0,0.0,0.0,0.0,0.0,0.0,0.0
U,64,1,3,69,4,820.01744,0.0,0.0,820.01744,205.00436,0.0,205.00436,0.0,0.0,0.0,0.0,0.0,0.0,0.0,0.0,0.0
U,64,1,3,70,4,633.037393,0.0,0.0,633.037393,158.25934825,0.0,158.25934825,0.0,0.0,0.0,0.0,0.0,0.0,0.0,0.0,0.0
U,64,1,3,71,4,574.9858,0.0,0.0,574.9858,143.74645,0.0,143.74645,0.0,0.0,0.0,0.0,0.0,0.0,0.0,0.0,0.0
U,64,1,3,72,4,732.249218,0.0,0.0,732.249218,183.0623045,0.0,183.0623045,0.0,0.0,0.0,0.0,0.0,0.0,0.0,0.0,0.0
U,64,1,3,73,4,504.051223,0.0,0.0,504.051223,126.01280575,0.0,126.01280575,0.0,0.0,0.0,0.0,0.0,0.0,0.0,0.0,0.0
U,64,1,3,74,4,637.929349,0.0,0.0,637.929349,159.48233725,0.0,159.48233725,0.0,0.0,0.0,0.0,0.0,0.0,0.0,0.0,0.0
U,64,1,3,75,4,860.139992,0.0,0.0,860.139992,215.034998,0.0,215.034998,0.0,0.0,0.0,0.0,0.0,0.0,0.0,0.0,0.0
U,64,1,3,76,4,589.12781,0.0,0.0,589.12781,147.2819525,0.0,147.2819525,0.0,0.0,0.0,0.0,0.0,0.0,0.0,0.0,0.0
U,64,1,3,77,4,502.757405,0.0,0.0,502.757405,125.68935125,0.0,125.68935125,0.0,0.0,0.0,0.0,0.0,0.0,0.0,0.0,0.0
U,64,1,3,78,4,707.889849,0.0,0.0,707.889849,176.97246225,0.0,176.97246225,0.0,0.0,0.0,0.0,0.0,0.0,0.0,0.0,0.0
U,64,1,3,79,4,608.664863,0.0,0.0,608.664863,152.16621575,0.0,152.16621575,0.0,0.0,0.0,0.0,0.0,0.0,0.0,0.0,0.0
U,64,1,3,80,4,549.849012,0.0,0.0,549.849012,137.462253,0.0,137.462253,0.0,0.0,0.0,0.0,0.0,0.0,0.0,0.0,0.0
U,64,1,3,81,4,580.212862,0.0,0.0,580.212862,145.0532155,0.0,145.0532155,0.0,0.0,0.0,0.0,0.0,0.0,0.0,0.0,0.0
U,64,1,3,82,4,626.126843,0.0,0.0,626.126843,156.53171075,0.0,156.53171075,0.0,0.0,0.0,0.0,0.0,0.0,0.0,0.0,0.0
U,64,1,3,83,4,590.302692,0.0,0.0,590.302692,147.575673,0.0,147.575673,0.0,0.0,0.0,0.0,0.0,0.0,0.0,0.0,0.0
U,64,1,3,84,4,504.758416,0.0,0.0,504.758416,126.189604,0.0,126.189604,0.0,0.0,0.0,0.0,0.0,0.0,0.0,0.0,0.0
U,64,1,3,85,4,604.323501,0.0,0.0,604.323501,151.08087525,0.0,151.08087525,0.0,0.0,0.0,0.0,0.0,0.0,0.0,0.0,0.0
U,64,1,3,86,4,531.451232,0.0,0.0,531.451232,132.862808,0.0,132.862808,0.0,0.0,0.0,0.0,0.0,0.0,0.0,0.0,0.0
U,64,1,3,87,4,548.747791,0.0,0.0,548.747791,137.18694775,0.0,137.18694775,0.0,0.0,0.0,0.0,0.0,0.0,0.0,0.0,0.0
U,64,1,3,88,4,659.620213,0.0,0.0,659.620213,164.90505325,0.0,164.90505325,0.0,0.0,0.0,0.0,0.0,0.0,0.0,0.0,0.0
U,64,1,3,89,4,495.282502,0.0,0.0,495.282502,123.8206255,0.0,123.8206255,0.0,0.0,0.0,0.0,0.0,0.0,0.0,0.0,0.0
U,64,1,3,90,4,752.388106,0.0,0.0,752.388106,188.0970265,0.0,188.0970265,0.0,0.0,0.0,0.0,0.0,0.0,0.0,0.0,0.0
U,64,1,3,91,4,592.287415,0.0,0.0,592.287415,148.07185375,0.0,148.07185375,0.0,0.0,0.0,0.0,0.0,0.0,0.0,0.0,0.0
U,64,1,3,92,4,506.153811,0.0,0.0,506.153811,126.53845275,0.0,126.53845275,0.0,0.0,0.0,0.0,0.0,0.0,0.0,0.0,0.0
U,64,1,3,93,4,623.959514,0.0,0.0,623.959514,155.9898785,0.0,155.9898785,0.0,0.0,0.0,0.0,0.0,0.0,0.0,0.0,0.0
U,64,1,3,94,4,503.137234,0.0,0.0,503.137234,125.7843085,0.0,125.7843085,0.0,0.0,0.0,0.0,0.0,0.0,0.0,0.0,0.0
U,64,1,3,95,4,628.258258,0.0,0.0,628.258258,157.0645645,0.0,157.0645645,0.0,0.0,0.0,0.0,0.0,0.0,0.0,0.0,0.0
U,64,1,3,96,4,625.192065,0.0,0.0,625.192065,156.29801625,0.0,156.29801625,0.0,0.0,0.0,0.0,0.0,0.0,0.0,0.0,0.0
U,64,1,3,97,4,500.143412,0.0,0.0,500.143412,125.035853,0.0,125.035853,0.0,0.0,0.0,0.0,0.0,0.0,0.0,0.0,0.0
U,64,1,3,98,4,644.042396,0.0,0.0,644.042396,161.010599,0.0,161.010599,0.0,0.0,0.0,0.0,0.0,0.0,0.0,0.0,0.0
U,64,1,3,99,4,671.164903,0.0,0.0,671.164903,167.79122575,0.0,167.79122575,0.0,0.0,0.0,0.0,0.0,0.0,0.0,0.0,0.0
U,64,1,3,100,4,819.739781,0.0,0.0,819.739781,204.93494525,0.0,204.93494525,0.0,0.0,0.0,0.0,0.0,0.0,0.0,0.0,0.0
U,64,1,3,101,4,769.680183,0.0,0.0,769.680183,192.42004575,0.0,192.42004575,0.0,0.0,0.0,0.0,0.0,0.0,0.0,0.0,0.0
U,64,1,3,102,4,658.241748,0.0,0.0,658.241748,164.560437,0.0,164.560437,0.0,0.0,0.0,0.0,0.0,0.0,0.0,0.0,0.0
U,64,1,3,103,4,547.772122,0.0,0.0,547.772122,136.9430305,0.0,136.9430305,0.0,0.0,0.0,0.0,0.0,0.0,0.0,0.0,0.0
U,64,1,3,104,4,514.946613,0.0,0.0,514.946613,128.73665325,0.0,128.73665325,0.0,0.0,0.0,0.0,0.0,0.0,0.0,0.0,0.0
U,64,1,3,105,4,530.477654,0.0,0.0,530.477654,132.6194135,0.0,132.6194135,0.0,0.0,0.0,0.0,0.0,0.0,0.0,0.0,0.0
U,64,1,3,106,4,494.438529,0.0,0.0,494.438529,123.60963225,0.0,123.60963225,0.0,0.0,0.0,0.0,0.0,0.0,0.0,0.0,0.0
U,64,1,3,107,4,692.981196,0.0,0.0,692.981196,173.245299,0.0,173.245299,0.0,0.0,0.0,0.0,0.0,0.0,0.0,0.0,0.0
U,64,1,3,108,4,602.566532,0.0,0.0,602.566532,150.641633,0.0,150.641633,0.0,0.0,0.0,0.0,0.0,0.0,0.0,0.0,0.0
U,64,1,3,109,4,656.506006,0.0,0.0,656.506006,164.1265015,0.0,164.1265015,0.0,0.0,0.0,0.0,0.0,0.0,0.0,0.0,0.0
U,64,1,3,110,4,499.734857,0.0,0.0,499.734857,124.93371425,0.0,124.93371425,0.0,0.0,0.0,0.0,0.0,0.0,0.0,0.0,0.0
U,64,1,3,111,4,591.822002,0.0,0.0,591.822002,147.9555005,0.0,147.9555005,0.0,0.0,0.0,0.0,0.0,0.0,0.0,0.0,0.0
U,64,1,3,112,4,666.761224,0.0,0.0,666.761224,166.690306,0.0,166.690306,0.0,0.0,0.0,0.0,0.0,0.0,0.0,0.0,0.0
U,64,1,3,113,4,625.132883,0.0,0.0,625.132883,156.28322075,0.0,156.28322075,0.0,0.0,0.0,0.0,0.0,0.0,0.0,0.0,0.0
U,64,1,3,114,4,636.19418,0.0,0.0,636.19418,159.048545,0.0,159.048545,0.0,0.0,0.0,0.0,0.0,0.0,0.0,0.0,0.0
U,64,1,3,115,4,637.586687,0.0,0.0,637.586687,159.39667175,0.0,159.39667175,0.0,0.0,0.0,0.0,0.0,0.0,0.0,0.0,0.0
U,64,1,3,116,4,632.806845,0.0,0.0,632.806845,158.20171125,0.0,158.20171125,0.0,0.0,0.0,0.0,0.0,0.0,0.0,0.0,0.0
U,64,1,3,117,4,504.090928,0.0,0.0,504.090928,126.022732,0.0,126.022732,0.0,0.0,0.0,0.0,0.0,0.0,0.0,0.0,0.0
U,64,1,3,118,4,661.05084,0.0,0.0,661.05084,165.26271,0.0,165.26271,0.0,0.0,0.0,0.0,0.0,0.0,0.0,0.0,0.0
U,64,1,3,119,4,561.660603,0.0,0.0,561.660603,140.41515075,0.0,140.41515075,0.0,0.0,0.0,0.0,0.0,0.0,0.0,0.0,0.0
F,1,1,4,0,4,56.462647,0.0,0.0,56.462647,14.11566175,0.0,14.11566175,0.0,0.0,0.0,0.0,0.0,0.0,0.0,0.0,0.0
F,1,1,4,1,4,76.101815,0.0,0.0,76.101815,19.02545375,0.0,19.02545375,0.0,0.0,0.0,0.0,0.0,0.0,0.0,0.0,0.0
F,1,1,4,2,4,61.296267,0.0,0.0,61.296267,15.32406675,0.0,15.32406675,0.0,0.0,0.0,0.0,0.0,0.0,0.0,0.0,0.0
F,1,1,4,3,4,48.974207,0.0,0.0,48.974207,12.24355175,0.0,12.24355175,0.0,0.0,0.0,0.0,0.0,0.0,0.0,0.0,0.0
F,1,1,4,4,4,59.291279,0.0,0.0,59.291279,14.82281975,0.0,14.82281975,0.0,0.0,0.0,0.0,0.0,0.0,0.0,0.0,0.0
F,1,1,4,5,4,65.198073,0.0,0.0,65.198073,16.29951825,0.0,16.29951825,0.0,0.0,0.0,0.0,0.0,0.0,0.0,0.0,0.0
F,1,1,4,6,4,73.215855,0.0,0.0,73.215855,18.30396375,0.0,18.30396375,0.0,0.0,0.0,0.0,0.0,0.0,0.0,0.0,0.0
F,1,1,4,7,4,56.743042,0.0,0.0,56.743042,14.1857605,0.0,14.1857605,0.0,0.0,0.0,0.0,0.0,0.0,0.0,0.0,0.0
F,1,1,4,8,4,50.619393,0.0,0.0,50.619393,12.65484825,0.0,12.65484825,0.0,0.0,0.0,0.0,0.0,0.0,0.0,0.0,0.0
F,1,1,4,9,4,66.035323,0.0,0.0,66.035323,16.50883075,0.0,16.50883075,0.0,0.0,0.0,0.0,0.0,0.0,0.0,0.0,0.0
F,1,1,4,10,4,51.41931,0.0,0.0,51.41931,12.8548275,0.0,12.8548275,0.0,0.0,0.0,0.0,0.0,0.0,0.0,0.0,0.0
F,1,1,4,11,4,63.195305,0.0,0.0,63.195305,15.79882625,0.0,15.79882625,0.0,0.0,0.0,0.0,0.0,0.0,0.0,0.0,0.0
F,1,1,4,12,4,63.592005,0.0,0.0,63.592005,15.89800125,0.0,15.89800125,0.0,0.0,0.0,0.0,0.0,0.0,0.0,0.0,0.0
F,1,1,4,13,4,63.120732,0.0,0.0,63.120732,15.780183,0.0,15.780183,0.0,0.0,0.0,0.0,0.0,0.0,0.0,0.0,0.0
F,1,1,4,14,4,62.207806,0.0,0.0,62.207806,15.5519515,0.0,15.5519515,0.0,0.0,0.0,0.0,0.0,0.0,0.0,0.0,0.0
F,1,1,4,15,4,69.520184,0.0,0.0,69.520184,17.380046,0.0,17.380046,0.0,0.0,0.0,0.0,0.0,0.0,0.0,0.0,0.0
F,1,1,4,16,4,67.00715,0.0,0.0,67.00715,16.7517875,0.0,16.7517875,0.0,0.0,0.0,0.0,0.0,0.0,0.0,0.0,0.0
F,1,1,4,17,4,59.808363,0.0,0.0,59.808363,14.95209075,0.0,14.95209075,0.0,0.0,0.0,0.0,0.0,0.0,0.0,0.0,0.0
F,1,1,4,18,4,57.61779,0.0,0.0,57.61779,14.4044475,0.0,14.4044475,0.0,0.0,0.0,0.0,0.0,0.0,0.0,0.0,0.0
F,1,1,4,19,4,57.3213,0.0,0.0,57.3213,14.330325,0.0,14.330325,0.0,0.0,0.0,0.0,0.0,0.0,0.0,0.0,0.0
F,1,1,4,20,4,60.613672,0.0,0.0,60.613672,15.153418,0.0,15.153418,0.0,0.0,0.0,0.0,0.0,0.0,0.0,0.0,0.0
F,1,1,4,21,4,53.873122,0.0,0.0,53.873122,13.4682805,0.0,13.4682805,0.0,0.0,0.0,0.0,0.0,0.0,0.0,0.0,0.0
F,1,1,4,22,4,57.951985,0.0,0.0,57.951985,14.48799625,0.0,14.48799625,0.0,0.0,0.0,0.0,0.0,0.0,0.0,0.0,0.0
F,1,1,4,23,4,51.286953,0.0,0.0,51.286953,12.82173825,0.0,12.82173825,0.0,0.0,0.0,0.0,0.0,0.0,0.0,0.0,0.0
F,1,1,4,24,4,55.992315,0.0,0.0,55.992315,13.99807875,0.0,13.99807875,0.0,0.0,0.0,0.0,0.0,0.0,0.0,0.0,0.0
F,1,1,4,25,4,59.671448,0.0,0.0,59.671448,14.917862,0.0,14.917862,0.0,0.0,0.0,0.0,0.0,0.0,0.0,0.0,0.0
F,1,1,4,26,4,54.508908,0.0,0.0,54.508908,13.627227,0.0,13.627227,0.0,0.0,0.0,0.0,0.0,0.0,0.0,0.0,0.0
F,1,1,4,27,4,46.883439,0.0,0.0,46.883439,11.72085975,0.0,11.72085975,0.0,0.0,0.0,0.0,0.0,0.0,0.0,0.0,0.0
F,1,1,4,28,4,51.737614,0.0,0.0,51.737614,12.9344035,0.0,12.9344035,0.0,0.0,0.0,0.0,0.0,0.0,0.0,0.0,0.0
F,1,1,4,29,4,57.67273,0.0,0.0,57.67273,14.4181825,0.0,14.4181825,0.0,0.0,0.0,0.0,0.0,0.0,0.0,0.0,0.0
F,1,1,4,30,4,51.948789,0.0,0.0,51.948789,12.98719725,0.0,12.98719725,0.0,0.0,0.0,0.0,0.0,0.0,0.0,0.0,0.0
F,1,1,4,31,4,47.48201,0.0,0.0,47.48201,11.8705025,0.0,11.8705025,0.0,0.0,0.0,0.0,0.0,0.0,0.0,0.0,0.0
F,1,1,4,32,4,44.709691,0.0,0.0,44.709691,11.17742275,0.0,11.17742275,0.0,0.0,0.0,0.0,0.0,0.0,0.0,0.0,0.0
F,1,1,4,33,4,47.132571,0.0,0.0,47.132571,11.78314275,0.0,11.78314275,0.0,0.0,0.0,0.0,0.0,0.0,0.0,0.0,0.0
F,1,1,4,34,4,53.321463,0.0,0.0,53.321463,13.33036575,0.0,13.33036575,0.0,0.0,0.0,0.0,0.0,0.0,0.0,0.0,0.0
F,1,1,4,35,4,54.789963,0.0,0.0,54.789963,13.69749075,0.0,13.69749075,0.0,0.0,0.0,0.0,0.0,0.0,0.0,0.0,0.0
F,1,1,4,36,4,51.920447,0.0,0.0,51.920447,12.98011175,0.0,12.98011175,0.0,0.0,0.0,0.0,0.0,0.0,0.0,0.0,0.0
F,1,1,4,37,4,50.636043,0.0,0.0,50.636043,12.65901075,0.0,12.65901075,0.0,0.0,0.0,0.0,0.0,0.0,0.0,0.0,0.0
F,1,1,4,38,4,57.157706,0.0,0.0,57.157706,14.2894265,0.0,14.2894265,0.0,0.0,0.0,0.0,0.0,0.0,0.0,0.0,0.0
F,1,1,4,39,4,52.265248,0.0,0.0,52.265248,13.066312,0.0,13.066312,0.0,0.0,0.0,0.0,0.0,0.0,0.0,0.0,0.0
F,1,1,4,40,4,50.290777,0.0,0.0,50.290777,12.57269425,0.0,12.57269425,0.0,0.0,0.0,0.0,0.0,0.0,0.0,0.0,0.0
F,1,1,4,41,4,50.493794,0.0,0.0,50.493794,12.6234485,0.0,12.6234485,0.0,0.0,0.0,0.0,0.0,0.0,0.0,0.0,0.0
F,1,1,4,42,4,59.954922,0.0,0.0,59.954922,14.9887305,0.0,14.9887305,0.0,0.0,0.0,0.0,0.0,0.0,0.0,0.0,0.0
F,1,1,4,43,4,54.407293,0.0,0.0,54.407293,13.60182325,0.0,13.60182325,0.0,0.0,0.0,0.0,0.0,0.0,0.0,0.0,0.0
F,1,1,4,44,4,65.138106,0.0,0.0,65.138106,16.2845265,0.0,16.2845265,0.0,0.0,0.0,0.0,0.0,0.0,0.0,0.0,0.0
F,1,1,4,45,4,48.809924,0.0,0.0,48.809924,12.202481,0.0,12.202481,0.0,0.0,0.0,0.0,0.0,0.0,0.0,0.0,0.0
F,1,1,4,46,4,45.419682,0.0,0.0,45.419682,11.3549205,0.0,11.3549205,0.0,0.0,0.0,0.0,0.0,0.0,0.0,0.0,0.0
F,1,1,4,47,4,44.5349,0.0,0.0,44.5349,11.133725,0.0,11.133725,0.0,0.0,0.0,0.0,0.0,0.0,0.0,0.0,0.0
F,1,1,4,48,4,51.343665,0.0,0.0,51.343665,12.83591625,0.0,12.83591625,0.0,0.0,0.0,0.0,0.0,0.0,0.0,0.0,0.0
F,1,1,4,49,4,49.552673,0.0,0.0,49.552673,12.38816825,0.0,12.38816825,0.0,0.0,0.0,0.0,0.0,0.0,0.0,0.0,0.0
F,1,1,4,50,4,52.374789,0.0,0.0,52.374789,13.09369725,0.0,13.09369725,0.0,0.0,0.0,0.0,0.0,0.0,0.0,0.0,0.0
F,1,1,4,51,4,51.52257,0.0,0.0,51.52257,12.8806425,0.0,12.8806425,0.0,0.0,0.0,0.0,0.0,0.0,0.0,0.0,0.0
F,1,1,4,52,4,43.954129,0.0,0.0,43.954129,10.98853225,0.0,10.98853225,0.0,0.0,0.0,0.0,0.0,0.0,0.0,0.0,0.0
F,1,1,4,53,4,45.136594,0.0,0.0,45.136594,11.2841485,0.0,11.2841485,0.0,0.0,0.0,0.0,0.0,0.0,0.0,0.0,0.0
F,1,1,4,54,4,49.10754,0.0,0.0,49.10754,12.276885,0.0,12.276885,0.0,0.0,0.0,0.0,0.0,0.0,0.0,0.0,0.0
F,1,1,4,55,4,47.026513,0.0,0.0,47.026513,11.75662825,0.0,11.75662825,0.0,0.0,0.0,0.0,0.0,0.0,0.0,0.0,0.0
F,1,1,4,56,4,74.188105,0.0,0.0,74.188105,18.54702625,0.0,18.54702625,0.0,0.0,0.0,0.0,0.0,0.0,0.0,0.0,0.0
F,1,1,4,57,4,54.426425,0.0,0.0,54.426425,13.60660625,0.0,13.60660625,0.0,0.0,0.0,0.0,0.0,0.0,0.0,0.0,0.0
F,1,1,4,58,4,58.1177,0.0,0.0,58.1177,14.529425,0.0,14.529425,0.0,0.0,0.0,0.0,0.0,0.0,0.0,0.0,0.0
F,1,1,4,59,4,55.236268,0.0,0.0,55.236268,13.809067,0.0,13.809067,0.0,0.0,0.0,0.0,0.0,0.0,0.0,0.0,0.0
F,1,1,4,60,4,68.996018,0.0,0.0,68.996018,17.2490045,0.0,17.2490045,0.0,0.0,0.0,0.0,0.0,0.0,0.0,0.0,0.0
F,1,1,4,61,4,57.37522,0.0,0.0,57.37522,14.343805,0.0,14.343805,0.0,0.0,0.0,0.0,0.0,0.0,0.0,0.0,0.0
F,1,1,4,62,4,66.479834,0.0,0.0,66.479834,16.6199585,0.0,16.6199585,0.0,0.0,0.0,0.0,0.0,0.0,0.0,0.0,0.0
F,1,1,4,63,4,55.434958,0.0,0.0,55.434958,13.8587395,0.0,13.8587395,0.0,0.0,0.0,0.0,0.0,0.0,0.0,0.0,0.0
F,1,1,4,64,4,54.707479,0.0,0.0,54.707479,13.67686975,0.0,13.67686975,0.0,0.0,0.0,0.0,0.0,0.0,0.0,0.0,0.0
F,1,1,4,65,4,44.553752,0.0,0.0,44.553752,11.138438,0.0,11.138438,0.0,0.0,0.0,0.0,0.0,0.0,0.0,0.0,0.0
F,1,1,4,66,4,42.165789,0.0,0.0,42.165789,10.54144725,0.0,10.54144725,0.0,0.0,0.0,0.0,0.0,0.0,0.0,0.0,0.0
F,1,1,4,67,4,53.902635,0.0,0.0,53.902635,13.47565875,0.0,13.47565875,0.0,0.0,0.0,0.0,0.0,0.0,0.0,0.0,0.0
F,1,1,4,68,4,51.222645,0.0,0.0,51.222645,12.80566125,0.0,12.80566125,0.0,0.0,0.0,0.0,0.0,0.0,0.0,0.0,0.0
F,1,1,4,69,4,52.110613,0.0,0.0,52.110613,13.02765325,0.0,13.02765325,0.0,0.0,0.0,0.0,0.0,0.0,0.0,0.0,0.0
F,1,1,4,70,4,59.625955,0.0,0.0,59.625955,14.90648875,0.0,14.90648875,0.0,0.0,0.0,0.0,0.0,0.0,0.0,0.0,0.0
F,1,1,4,71,4,66.72355,0.0,0.0,66.72355,16.6808875,0.0,16.6808875,0.0,0.0,0.0,0.0,0.0,0.0,0.0,0.0,0.0
F,1,1,4,72,4,64.446016,0.0,0.0,64.446016,16.111504,0.0,16.111504,0.0,0.0,0.0,0.0,0.0,0.0,0.0,0.0,0.0
F,1,1,4,73,4,73.606847,0.0,0.0,73.606847,18.40171175,0.0,18.40171175,0.0,0.0,0.0,0.0,0.0,0.0,0.0,0.0,0.0
F,1,1,4,74,4,55.589103,0.0,0.0,55.589103,13.89727575,0.0,13.89727575,0.0,0.0,0.0,0.0,0.0,0.0,0.0,0.0,0.0
F,1,1,4,75,4,58.285397,0.0,0.0,58.285397,14.57134925,0.0,14.57134925,0.0,0.0,0.0,0.0,0.0,0.0,0.0,0.0,0.0
F,1,1,4,76,4,43.637855,0.0,0.0,43.637855,10.90946375,0.0,10.90946375,0.0,0.0,0.0,0.0,0.0,0.0,0.0,0.0,0.0
F,1,1,4,77,4,54.431528,0.0,0.0,54.431528,13.607882,0.0,13.607882,0.0,0.0,0.0,0.0,0.0,0.0,0.0,0.0,0.0
F,1,1,4,78,4,47.128977,0.0,0.0,47.128977,11.78224425,0.0,11.78224425,0.0,0.0,0.0,0.0,0.0,0.0,0.0,0.0,0.0
F,1,1,4,79,4,59.771533,0.0,0.0,59.771533,14.94288325,0.0,14.94288325,0.0,0.0,0.0,0.0,0.0,0.0,0.0,0.0,0.0
F,1,1,4,80,4,58.165746,0.0,0.0,58.165746,14.5414365,0.0,14.5414365,0.0,0.0,0.0,0.0,0.0,0.0,0.0,0.0,0.0
F,1,1,4,81,4,46.476702,0.0,0.0,46.476702,11.6191755,0.0,11.6191755,0.0,0.0,0.0,0.0,0.0,0.0,0.0,0.0,0.0
F,1,1,4,82,4,60.454782,0.0,0.0,60.454782,15.1136955,0.0,15.1136955,0.0,0.0,0.0,0.0,0.0,0.0,0.0,0.0,0.0
F,1,1,4,83,4,52.544207,0.0,0.0,52.544207,13.13605175,0.0,13.13605175,0.0,0.0,0.0,0.0,0.0,0.0,0.0,0.0,0.0
F,1,1,4,84,4,51.679619,0.0,0.0,51.679619,12.91990475,0.0,12.91990475,0.0,0.0,0.0,0.0,0.0,0.0,0.0,0.0,0.0
F,1,1,4,85,4,47.704326,0.0,0.0,47.704326,11.9260815,0.0,11.9260815,0.0,0.0,0.0,0.0,0.0,0.0,0.0,0.0,0.0
F,1,1,4,86,4,52.27612,0.0,0.0,52.27612,13.06903,0.0,13.06903,0.0,0.0,0.0,0.0,0.0,0.0,0.0,0.0,0.0
F,1,1,4,87,4,45.442987,0.0,0.0,45.442987,11.36074675,0.0,11.36074675,0.0,0.0,0.0,0.0,0.0,0.0,0.0,0.0,0.0
F,1,1,4,88,4,57.609402,0.0,0.0,57.609402,14.4023505,0.0,14.4023505,0.0,0.0,0.0,0.0,0.0,0.0,0.0,0.0,0.0
F,1,1,4,89,4,49.556382,0.0,0.0,49.556382,12.3890955,0.0,12.3890955,0.0,0.0,0.0,0.0,0.0,0.0,0.0,0.0,0.0
F,1,1,4,90,4,54.272187,0.0,0.0,54.272187,13.56804675,0.0,13.56804675,0.0,0.0,0.0,0.0,0.0,0.0,0.0,0.0,0.0
F,1,1,4,91,4,43.486514,0.0,0.0,43.486514,10.8716285,0.0,10.8716285,0.0,0.0,0.0,0.0,0.0,0.0,0.0,0.0,0.0
F,1,1,4,92,4,52.113734,0.0,0.0,52.113734,13.0284335,0.0,13.0284335,0.0,0.0,0.0,0.0,0.0,0.0,0.0,0.0,0.0
F,1,1,4,93,4,53.084771,0.0,0.0,53.084771,13.27119275,0.0,13.27119275,0.0,0.0,0.0,0.0,0.0,0.0,0.0,0.0,0.0
F,1,1,4,94,4,46.603471,0.0,0.0,46.603471,11.65086775,0.0,11.65086775,0.0,0.0,0.0,0.0,0.0,0.0,0.0,0.0,0.0
F,1,1,4,95,4,61.544821,0.0,0.0,61.544821,15.38620525,0.0,15.38620525,0.0,0.0,0.0,0.0,0.0,0.0,0.0,0.0,0.0
F,1,1,4,96,4,54.775858,0.0,0.0,54.775858,13.6939645,0.0,13.6939645,0.0,0.0,0.0,0.0,0.0,0.0,0.0,0.0,0.0
F,1,1,4,97,4,62.147422,0.0,0.0,62.147422,15.5368555,0.0,15.5368555,0.0,0.0,0.0,0.0,0.0,0.0,0.0,0.0,0.0
F,1,1,4,98,4,62.594532,0.0,0.0,62.594532,15.648633,0.0,15.648633,0.0,0.0,0.0,0.0,0.0,0.0,0.0,0.0,0.0
F,1,1,4,99,4,67.5269,0.0,0.0,67.5269,16.881725,0.0,16.881725,0.0,0.0,0.0,0.0,0.0,0.0,0.0,0.0,0.0
F,1,1,4,100,4,64.582293,0.0,0.0,64.582293,16.14557325,0.0,16.14557325,0.0,0.0,0.0,0.0,0.0,0.0,0.0,0.0,0.0
F,1,1,4,101,4,67.984129,0.0,0.0,67.984129,16.99603225,0.0,16.99603225,0.0,0.0,0.0,0.0,0.0,0.0,0.0,0.0,0.0
F,1,1,4,102,4,63.990192,0.0,0.0,63.990192,15.997548,0.0,15.997548,0.0,0.0,0.0,0.0,0.0,0.0,0.0,0.0,0.0
F,1,1,4,103,4,57.964911,0.0,0.0,57.964911,14.49122775,0.0,14.49122775,0.0,0.0,0.0,0.0,0.0,0.0,0.0,0.0,0.0
F,1,1,4,104,4,50.586209,0.0,0.0,50.586209,12.64655225,0.0,12.64655225,0.0,0.0,0.0,0.0,0.0,0.0,0.0,0.0,0.0
F,1,1,4,105,4,62.751263,0.0,0.0,62.751263,15.68781575,0.0,15.68781575,0.0,0.0,0.0,0.0,0.0,0.0,0.0,0.0,0.0
F,1,1,4,106,4,70.974902,0.0,0.0,70.974902,17.7437255,0.0,17.7437255,0.0,0.0,0.0,0.0,0.0,0.0,0.0,0.0,0.0
F,1,1,4,107,4,63.612434,0.0,0.0,63.612434,15.9031085,0.0,15.9031085,0.0,0.0,0.0,0.0,0.0,0.0,0.0,0.0,0.0
F,1,1,4,108,4,67.504704,0.0,0.0,67.504704,16.876176,0.0,16.876176,0.0,0.0,0.0,0.0,0.0,0.0,0.0,0.0,0.0
F,1,1,4,109,4,54.347835,0.0,0.0,54.347835,13.58695875,0.0,13.58695875,0.0,0.0,0.0,0.0,0.0,0.0,0.0,0.0,0.0
F,1,1,4,110,4,54.446279,0.0,0.0,54.446279,13.61156975,0.0,13.61156975,0.0,0.0,0.0,0.0,0.0,0.0,0.0,0.0,0.0
F,1,1,4,111,4,61.60825,0.0,0.0,61.60825,15.4020625,0.0,15.4020625,0.0,0.0,0.0,0.0,0.0,0.0,0.0,0.0,0.0
F,1,1,4,112,4,70.190351,0.0,0.0,70.190351,17.54758775,0.0,17.54758775,0.0,0.0,0.0,0.0,0.0,0.0,0.0,0.0,0.0
F,1,1,4,113,4,52.210807,0.0,0.0,52.210807,13.05270175,0.0,13.05270175,0.0,0.0,0.0,0.0,0.0,0.0,0.0,0.0,0.0
F,1,1,4,114,4,68.051395,0.0,0.0,68.051395,17.01284875,0.0,17.01284875,0.0,0.0,0.0,0.0,0.0,0.0,0.0,0.0,0.0
F,1,1,4,115,4,62.203441,0.0,0.0,62.203441,15.55086025,0.0,15.55086025,0.0,0.0,0.0,0.0,0.0,0.0,0.0,0.0,0.0
F,1,1,4,116,4,65.253235,0.0,0.0,65.253235,16.31330875,0.0,16.31330875,0.0,0.0,0.0,0.0,0.0,0.0,0.0,0.0,0.0
F,1,1,4,117,4,52.660657,0.0,0.0,52.660657,13.16516425,0.0,13.16516425,0.0,0.0,0.0,0.0,0.0,0.0,0.0,0.0,0.0
F,1,1,4,118,4,60.688122,0.0,0.0,60.688122,15.1720305,0.0,15.1720305,0.0,0.0,0.0,0.0,0.0,0.0,0.0,0.0,0.0
F,1,1,4,119,4,53.316151,0.0,0.0,53.316151,13.32903775,0.0,13.32903775,0.0,0.0,0.0,0.0,0.0,0.0,0.0,0.0,0.0
F,4,1,5,0,4,76.9652,0.0,0.0,76.9652,19.2413,0.0,19.2413,0.0,0.0,0.0,0.0,0.0,0.0,0.0,0.0,0.0
F,4,1,5,1,4,79.26805,0.0,0.0,79.26805,19.8170125,0.0,19.8170125,0.0,0.0,0.0,0.0,0.0,0.0,0.0,0.0,0.0
F,4,1,5,2,4,68.932297,0.0,0.0,68.932297,17.23307425,0.0,17.23307425,0.0,0.0,0.0,0.0,0.0,0.0,0.0,0.0,0.0
F,4,1,5,3,4,68.681792,0.0,0.0,68.681792,17.170448,0.0,17.170448,0.0,0.0,0.0,0.0,0.0,0.0,0.0,0.0,0.0
F,4,1,5,4,4,58.031268,0.0,0.0,58.031268,14.507817,0.0,14.507817,0.0,0.0,0.0,0.0,0.0,0.0,0.0,0.0,0.0
F,4,1,5,5,4,71.473272,0.0,0.0,71.473272,17.868318,0.0,17.868318,0.0,0.0,0.0,0.0,0.0,0.0,0.0,0.0,0.0
F,4,1,5,6,4,65.167859,0.0,0.0,65.167859,16.29196475,0.0,16.29196475,0.0,0.0,0.0,0.0,0.0,0.0,0.0,0.0,0.0
F,4,1,5,7,4,61.527631,0.0,0.0,61.527631,15.38190775,0.0,15.38190775,0.0,0.0,0.0,0.0,0.0,0.0,0.0,0.0,0.0
F,4,1,5,8,4,65.159867,0.0,0.0,65.159867,16.28996675,0.0,16.28996675,0.0,0.0,0.0,0.0,0.0,0.0,0.0,0.0,0.0
F,4,1,5,9,4,77.396362,0.0,0.0,77.396362,19.3490905,0.0,19.3490905,0.0,0.0,0.0,0.0,0.0,0.0,0.0,0.0,0.0
F,4,1,5,10,4,87.317095,0.0,0.0,87.317095,21.82927375,0.0,21.82927375,0.0,0.0,0.0,0.0,0.0,0.0,0.0,0.0,0.0
F,4,1,5,11,4,72.046632,0.0,0.0,72.046632,18.011658,0.0,18.011658,0.0,0.0,0.0,0.0,0.0,0.0,0.0,0.0,0.0
F,4,1,5,12,4,87.567958,0.0,0.0,87.567958,21.8919895,0.0,21.8919895,0.0,0.0,0.0,0.0,0.0,0.0,0.0,0.0,0.0
F,4,1,5,13,4,76.039171,0.0,0.0,76.039171,19.00979275,0.0,19.00979275,0.0,0.0,0.0,0.0,0.0,0.0,0.0,0.0,0.0
F,4,1,5,14,4,80.892655,0.0,0.0,80.892655,20.22316375,0.0,20.22316375,0.0,0.0,0.0,0.0,0.0,0.0,0.0,0.0,0.0
F,4,1,5,15,4,88.246201,0.0,0.0,88.246201,22.06155025,0.0,22.06155025,0.0,0.0,0.0,0.0,0.0,0.0,0.0,0.0,0.0
F,4,1,5,16,4,77.855998,0.0,0.0,77.855998,19.4639995,0.0,19.4639995,0.0,0.0,0.0,0.0,0.0,0.0,0.0,0.0,0.0
F,4,1,5,17,4,94.924705,0.0,0.0,94.924705,23.73117625,0.0,23.73117625,0.0,0.0,0.0,0.0,0.0,0.0,0.0,0.0,0.0
F,4,1,5,18,4,98.89783,0.0,0.0,98.89783,24.7244575,0.0,24.7244575,0.0,0.0,0.0,0.0,0.0,0.0,0.0,0.0,0.0
F,4,1,5,19,4,105.332212,0.0,0.0,105.332212,26.333053,0.0,26.333053,0.0,0.0,0.0,0.0,0.0,0.0,0.0,0.0,0.0
F,4,1,5,20,4,98.858937,0.0,0.0,98.858937,24.71473425,0.0,24.71473425,0.0,0.0,0.0,0.0,0.0,0.0,0.0,0.0,0.0
F,4,1,5,21,4,87.888792,0.0,0.0,87.888792,21.972198,0.0,21.972198,0.0,0.0,0.0,0.0,0.0,0.0,0.0,0.0,0.0
F,4,1,5,22,4,72.836001,0.0,0.0,72.836001,18.20900025,0.0,18.20900025,0.0,0.0,0.0,0.0,0.0,0.0,0.0,0.0,0.0
F,4,1,5,23,4,72.289427,0.0,0.0,72.289427,18.07235675,0.0,18.07235675,0.0,0.0,0.0,0.0,0.0,0.0,0.0,0.0,0.0
F,4,1,5,24,4,74.357406,0.0,0.0,74.357406,18.5893515,0.0,18.5893515,0.0,0.0,0.0,0.0,0.0,0.0,0.0,0.0,0.0
F,4,1,5,25,4,92.839983,0.0,0.0,92.839983,23.20999575,0.0,23.20999575,0.0,0.0,0.0,0.0,0.0,0.0,0.0,0.0,0.0
F,4,1,5,26,4,70.371005,0.0,0.0,70.371005,17.59275125,0.0,17.59275125,0.0,0.0,0.0,0.0,0.0,0.0,0.0,0.0,0.0
F,4,1,5,27,4,92.257461,0.0,0.0,92.257461,23.06436525,0.0,23.06436525,0.0,0.0,0.0,0.0,0.0,0.0,0.0,0.0,0.0
F,4,1,5,28,4,70.015239,0.0,0.0,70.015239,17.50380975,0.0,17.50380975,0.0,0.0,0.0,0.0,0.0,0.0,0.0,0.0,0.0
F,4,1,5,29,4,87.227153,0.0,0.0,87.227153,21.80678825,0.0,21.80678825,0.0,0.0,0.0,0.0,0.0,0.0,0.0,0.0,0.0
F,4,1,5,30,4,75.429031,0.0,0.0,75.429031,18.85725775,0.0,18.85725775,0.0,0.0,0.0,0.0,0.0,0.0,0.0,0.0,0.0
F,4,1,5,31,4,103.607901,0.0,0.0,103.607901,25.90197525,0.0,25.90197525,0.0,0.0,0.0,0.0,0.0,0.0,0.0,0.0,0.0
F,4,1,5,32,4,100.840208,0.0,0.0,100.840208,25.210052,0.0,25.210052,0.0,0.0,0.0,0.0,0.0,0.0,0.0,0.0,0.0
F,4,1,5,33,4,88.795492,0.0,0.0,88.795492,22.198873,0.0,22.198873,0.0,0.0,0.0,0.0,0.0,0.0,0.0,0.0,0.0
F,4,1,5,34,4,68.52752,0.0,0.0,68.52752,17.13188,0.0,17.13188,0.0,0.0,0.0,0.0,0.0,0.0,0.0,0.0,0.0
F,4,1,5,35,4,94.268166,0.0,0.0,94.268166,23.5670415,0.0,23.5670415,0.0,0.0,0.0,0.0,0.0,0.0,0.0,0.0,0.0
F,4,1,5,36,4,62.274375,0.0,0.0,62.274375,15.56859375,0.0,15.56859375,0.0,0.0,0.0,0.0,0.0,0.0,0.0,0.0,0.0
F,4,1,5,37,4,85.089598,0.0,0.0,85.089598,21.2723995,0.0,21.2723995,0.0,0.0,0.0,0.0,0.0,0.0,0.0,0.0,0.0
F,4,1,5,38,4,89.948526,0.0,0.0,89.948526,22.4871315,0.0,22.4871315,0.0,0.0,0.0,0.0,0.0,0.0,0.0,0.0,0.0
F,4,1,5,39,4,82.158405,0.0,0.0,82.158405,20.53960125,0.0,20.53960125,0.0,0.0,0.0,0.0,0.0,0.0,0.0,0.0,0.0
F,4,1,5,40,4,94.285432,0.0,0.0,94.285432,23.571358,0.0,23.571358,0.0,0.0,0.0,0.0,0.0,0.0,0.0,0.0,0.0
F,4,1,5,41,4,95.678863,0.0,0.0,95.678863,23.91971575,0.0,23.91971575,0.0,0.0,0.0,0.0,0.0,0.0,0.0,0.0,0.0
F,4,1,5,42,4,90.747109,0.0,0.0,90.747109,22.68677725,0.0,22.68677725,0.0,0.0,0.0,0.0,0.0,0.0,0.0,0.0,0.0
F,4,1,5,43,4,104.789312,0.0,0.0,104.789312,26.197328,0.0,26.197328,0.0,0.0,0.0,0.0,0.0,0.0,0.0,0.0,0.0
F,4,1,5,44,4,72.372023,0.0,0.0,72.372023,18.09300575,0.0,18.09300575,0.0,0.0,0.0,0.0,0.0,0.0,0.0,0.0,0.0
F,4,1,5,45,4,81.727006,0.0,0.0,81.727006,20.4317515,0.0,20.4317515,0.0,0.0,0.0,0.0,0.0,0.0,0.0,0.0,0.0
F,4,1,5,46,4,69.992424,0.0,0.0,69.992424,17.498106,0.0,17.498106,0.0,0.0,0.0,0.0,0.0,0.0,0.0,0.0,0.0
F,4,1,5,47,4,78.579239,0.0,0.0,78.579239,19.64480975,0.0,19.64480975,0.0,0.0,0.0,0.0,0.0,0.0,0.0,0.0,0.0
F,4,1,5,48,4,83.582888,0.0,0.0,83.582888,20.895722,0.0,20.895722,0.0,0.0,0.0,0.0,0.0,0.0,0.0,0.0,0.0
F,4,1,5,49,4,84.796759,0.0,0.0,84.796759,21.19918975,0.0,21.19918975,0.0,0.0,0.0,0.0,0.0,0.0,0.0,0.0,0.0
F,4,1,5,50,4,92.504164,0.0,0.0,92.504164,23.126041,0.0,23.126041,0.0,0.0,0.0,0.0,0.0,0.0,0.0,0.0,0.0
F,4,1,5,51,4,79.4875,0.0,0.0,79.4875,19.871875,0.0,19.871875,0.0,0.0,0.0,0.0,0.0,0.0,0.0,0.0,0.0
F,4,1,5,52,4,69.075484,0.0,0.0,69.075484,17.268871,0.0,17.268871,0.0,0.0,0.0,0.0,0.0,0.0,0.0,0.0,0.0
F,4,1,5,53,4,85.117823,0.0,0.0,85.117823,21.27945575,0.0,21.27945575,0.0,0.0,0.0,0.0,0.0,0.0,0.0,0.0,0.0
F,4,1,5,54,4,88.974078,0.0,0.0,88.974078,22.2435195,0.0,22.2435195,0.0,0.0,0.0,0.0,0.0,0.0,0.0,0.0,0.0
F,4,1,5,55,4,66.158388,0.0,0.0,66.158388,16.539597,0.0,16.539597,0.0,0.0,0.0,0.0,0.0,0.0,0.0,0.0,0.0
F,4,1,5,56,4,70.043189,0.0,0.0,70.043189,17.51079725,0.0,17.51079725,0.0,0.0,0.0,0.0,0.0,0.0,0.0,0.0,0.0
F,4,1,5,57,4,110.461713,0.0,0.0,110.461713,27.61542825,0.0,27.61542825,0.0,0.0,0.0,0.0,0.0,0.0,0.0,0.0,0.0
F,4,1,5,58,4,92.928285,0.0,0.0,92.928285,23.23207125,0.0,23.23207125,0.0,0.0,0.0,0.0,0.0,0.0,0.0,0.0,0.0
F,4,1,5,59,4,90.058308,0.0,0.0,90.058308,22.514577,0.0,22.514577,0.0,0.0,0.0,0.0,0.0,0.0,0.0,0.0,0.0
F,4,1,5,60,4,80.044435,0.0,0.0,80.044435,20.01110875,0.0,20.01110875,0.0,0.0,0.0,0.0,0.0,0.0,0.0,0.0,0.0
F,4,1,5,61,4,96.248548,0.0,0.0,96.248548,24.062137,0.0,24.062137,0.0,0.0,0.0,0.0,0.0,0.0,0.0,0.0,0.0
F,4,1,5,62,4,65.830545,0.0,0.0,65.830545,16.45763625,0.0,16.45763625,0.0,0.0,0.0,0.0,0.0,0.0,0.0,0.0,0.0
F,4,1,5,63,4,81.676451,0.0,0.0,81.676451,20.41911275,0.0,20.41911275,0.0,0.0,0.0,0.0,0.0,0.0,0.0,0.0,0.0
F,4,1,5,64,4,71.462186,0.0,0.0,71.462186,17.8655465,0.0,17.8655465,0.0,0.0,0.0,0.0,0.0,0.0,0.0,0.0,0.0
F,4,1,5,65,4,88.087544,0.0,0.0,88.087544,22.021886,0.0,22.021886,0.0,0.0,0.0,0.0,0.0,0.0,0.0,0.0,0.0
F,4,1,5,66,4,74.592878,0.0,0.0,74.592878,18.6482195,0.0,18.6482195,0.0,0.0,0.0,0.0,0.0,0.0,0.0,0.0,0.0
F,4,1,5,67,4,79.249865,0.0,0.0,79.249865,19.81246625,0.0,19.81246625,0.0,0.0,0.0,0.0,0.0,0.0,0.0,0.0,0.0
F,4,1,5,68,4,75.715636,0.0,0.0,75.715636,18.928909,0.0,18.928909,0.0,0.0,0.0,0.0,0.0,0.0,0.0,0.0,0.0
F,4,1,5,69,4,86.687496,0.0,0.0,86.687496,21.671874,0.0,21.671874,0.0,0.0,0.0,0.0,0.0,0.0,0.0,0.0,0.0
F,4,1,5,70,4,98.816233,0.0,0.0,98.816233,24.70405825,0.0,24.70405825,0.0,0.0,0.0,0.0,0.0,0.0,0.0,0.0,0.0
F,4,1,5,71,4,96.131835,0.0,0.0,96.131835,24.03295875,0.0,24.03295875,0.0,0.0,0.0,0.0,0.0,0.0,0.0,0.0,0.0
F,4,1,5,72,4,87.425685,0.0,0.0,87.425685,21.85642125,0.0,21.85642125,0.0,0.0,0.0,0.0,0.0,0.0,0.0,0.0,0.0
F,4,1,5,73,4,82.752452,0.0,0.0,82.752452,20.688113,0.0,20.688113,0.0,0.0,0.0,0.0,0.0,0.0,0.0,0.0,0.0
F,4,1,5,74,4,94.777114,0.0,0.0,94.777114,23.6942785,0.0,23.6942785,0.0,0.0,0.0,0.0,0.0,0.0,0.0,0.0,0.0
F,4,1,5,75,4,63.73079,0.0,0.0,63.73079,15.9326975,0.0,15.9326975,0.0,0.0,0.0,0.0,0.0,0.0,0.0,0.0,0.0
F,4,1,5,76,4,85.330433,0.0,0.0,85.330433,21.33260825,0.0,21.33260825,0.0,0.0,0.0,0.0,0.0,0.0,0.0,0.0,0.0
F,4,1,5,77,4,85.564401,0.0,0.0,85.564401,21.39110025,0.0,21.39110025,0.0,0.0,0.0,0.0,0.0,0.0,0.0,0.0,0.0
F,4,1,5,78,4,73.543749,0.0,0.0,73.543749,18.38593725,0.0,18.38593725,0.0,0.0,0.0,0.0,0.0,0.0,0.0,0.0,0.0
F,4,1,5,79,4,83.342902,0.0,0.0,83.342902,20.8357255,0.0,20.8357255,0.0,0.0,0.0,0.0,0.0,0.0,0.0,0.0,0.0
F,4,1,5,80,4,84.250365,0.0,0.0,84.250365,21.06259125,0.0,21.06259125,0.0,0.0,0.0,0.0,0.0,0.0,0.0,0.0,0.0
F,4,1,5,81,4,77.457447,0.0,0.0,77.457447,19.36436175,0.0,19.36436175,0.0,0.0,0.0,0.0,0.0,0.0,0.0,0.0,0.0
F,4,1,5,82,4,94.58081,0.0,0.0,94.58081,23.6452025,0.0,23.6452025,0.0,0.0,0.0,0.0,0.0,0.0,0.0,0.0,0.0
F,4,1,5,83,4,87.837143,0.0,0.0,87.837143,21.95928575,0.0,21.95928575,0.0,0.0,0.0,0.0,0.0,0.0,0.0,0.0,0.0
F,4,1,5,84,4,82.937965,0.0,0.0,82.937965,20.73449125,0.0,20.73449125,0.0,0.0,0.0,0.0,0.0,0.0,0.0,0.0,0.0
F,4,1,5,85,4,80.319006,0.0,0.0,80.319006,20.0797515,0.0,20.0797515,0.0,0.0,0.0,0.0,0.0,0.0,0.0,0.0,0.0
F,4,1,5,86,4,103.061851,0.0,0.0,103.061851,25.76546275,0.0,25.76546275,0.0,0.0,0.0,0.0,0.0,0.0,0.0,0.0,0.0
F,4,1,5,87,4,85.066688,0.0,0.0,85.066688,21.266672,0.0,21.266672,0.0,0.0,0.0,0.0,0.0,0.0,0.0,0.0,0.0
F,4,1,5,88,4,81.048685,0.0,0.0,81.048685,20.26217125,0.0,20.26217125,0.0,0.0,0.0,0.0,0.0,0.0,0.0,0.0,0.0
F,4,1,5,89,4,73.811423,0.0,0.0,73.811423,18.45285575,0.0,18.45285575,0.0,0.0,0.0,0.0,0.0,0.0,0.0,0.0,0.0
F,4,1,5,90,4,76.170912,0.0,0.0,76.170912,19.042728,0.0,19.042728,0.0,0.0,0.0,0.0,0.0,0.0,0.0,0.0,0.0
F,4,1,5,91,4,96.198809,0.0,0.0,96.198809,24.04970225,0.0,24.04970225,0.0,0.0,0.0,0.0,0.0,0.0,0.0,0.0,0.0
F,4,1,5,92,4,70.107232,0.0,0.0,70.107232,17.526808,0.0,17.526808,0.0,0.0,0.0,0.0,0.0,0.0,0.0,0.0,0.0
F,4,1,5,93,4,96.459799,0.0,0.0,96.459799,24.11494975,0.0,24.11494975,0.0,0.0,0.0,0.0,0.0,0.0,0.0,0.0,0.0
F,4,1,5,94,4,95.966001,0.0,0.0,95.966001,23.99150025,0.0,23.99150025,0.0,0.0,0.0,0.0,0.0,0.0,0.0,0.0,0.0
F,4,1,5,95,4,92.392277,0.0,0.0,92.392277,23.09806925,0.0,23.09806925,0.0,0.0,0.0,0.0,0.0,0.0,0.0,0.0,0.0
F,4,1,5,96,4,88.769791,0.0,0.0,88.769791,22.19244775,0.0,22.19244775,0.0,0.0,0.0,0.0,0.0,0.0,0.0,0.0,0.0
F,4,1,5,97,4,93.931688,0.0,0.0,93.931688,23.482922,0.0,23.482922,0.0,0.0,0.0,0.0,0.0,0.0,0.0,0.0,0.0
F,4,1,5,98,4,64.130986,0.0,0.0,64.130986,16.0327465,0.0,16.0327465,0.0,0.0,0.0,0.0,0.0,0.0,0.0,0.0,0.0
F,4,1,5,99,4,72.775127,0.0,0.0,72.775127,18.19378175,0.0,18.19378175,0.0,0.0,0.0,0.0,0.0,0.0,0.0,0.0,0.0
F,4,1,5,100,4,95.037663,0.0,0.0,95.037663,23.75941575,0.0,23.75941575,0.0,0.0,0.0,0.0,0.0,0.0,0.0,0.0,0.0
F,4,1,5,101,4,88.327221,0.0,0.0,88.327221,22.08180525,0.0,22.08180525,0.0,0.0,0.0,0.0,0.0,0.0,0.0,0.0,0.0
F,4,1,5,102,4,96.471978,0.0,0.0,96.471978,24.1179945,0.0,24.1179945,0.0,0.0,0.0,0.0,0.0,0.0,0.0,0.0,0.0
F,4,1,5,103,4,79.300161,0.0,0.0,79.300161,19.82504025,0.0,19.82504025,0.0,0.0,0.0,0.0,0.0,0.0,0.0,0.0,0.0
F,4,1,5,104,4,67.294609,0.0,0.0,67.294609,16.82365225,0.0,16.82365225,0.0,0.0,0.0,0.0,0.0,0.0,0.0,0.0,0.0
F,4,1,5,105,4,77.223274,0.0,0.0,77.223274,19.3058185,0.0,19.3058185,0.0,0.0,0.0,0.0,0.0,0.0,0.0,0.0,0.0
F,4,1,5,106,4,80.604035,0.0,0.0,80.604035,20.15100875,0.0,20.15100875,0.0,0.0,0.0,0.0,0.0,0.0,0.0,0.0,0.0
F,4,1,5,107,4,107.35088,0.0,0.0,107.35088,26.83772,0.0,26.83772,0.0,0.0,0.0,0.0,0.0,0.0,0.0,0.0,0.0
F,4,1,5,108,4,92.120047,0.0,0.0,92.120047,23.03001175,0.0,23.03001175,0.0,0.0,0.0,0.0,0.0,0.0,0.0,0.0,0.0
F,4,1,5,109,4,62.33222,0.0,0.0,62.33222,15.583055,0.0,15.583055,0.0,0.0,0.0,0.0,0.0,0.0,0.0,0.0,0.0
F,4,1,5,110,4,82.185953,0.0,0.0,82.185953,20.54648825,0.0,20.54648825,0.0,0.0,0.0,0.0,0.0,0.0,0.0,0.0,0.0
F,4,1,5,111,4,71.461519,0.0,0.0,71.461519,17.86537975,0.0,17.86537975,0.0,0.0,0.0,0.0,0.0,0.0,0.0,0.0,0.0
F,4,1,5,112,4,70.028636,0.0,0.0,70.028636,17.507159,0.0,17.507159,0.0,0.0,0.0,0.0,0.0,0.0,0.0,0.0,0.0
F,4,1,5,113,4,87.589568,0.0,0.0,87.589568,21.897392,0.0,21.897392,0.0,0.0,0.0,0.0,0.0,0.0,0.0,0.0,0.0
F,4,1,5,114,4,87.524112,0.0,0.0,87.524112,21.881028,0.0,21.881028,0.0,0.0,0.0,0.0,0.0,0.0,0.0,0.0,0.0
F,4,1,5,115,4,78.409797,0.0,0.0,78.409797,19.60244925,0.0,19.60244925,0.0,0.0,0.0,0.0,0.0,0.0,0.0,0.0,0.0
F,4,1,5,116,4,80.935612,0.0,0.0,80.935612,20.233903,0.0,20.233903,0.0,0.0,0.0,0.0,0.0,0.0,0.0,0.0,0.0
F,4,1,5,117,4,86.487006,0.0,0.0,86.487006,21.6217515,0.0,21.6217515,0.0,0.0,0.0,0.0,0.0,0.0,0.0,0.0,0.0
F,4,1,5,118,4,90.585253,0.0,0.0,90.585253,22.64631325,0.0,22.64631325,0.0,0.0,0.0,0.0,0.0,0.0,0.0,0.0,0.0
F,4,1,5,119,4,82.832205,0.0,0.0,82.832205,20.70805125,0.0,20.70805125,0.0,0.0,0.0,0.0,0.0,0.0,0.0,0.0,0.0
F,16,1,6,0,4,285.809017,0.0,0.0,285.809017,71.45225425,0.0,71.45225425,0.0,0.0,0.0,0.0,0.0,0.0,0.0,0.0,0.0
F,16,1,6,1,4,140.548048,0.0,0.0,140.548048,35.137012,0.0,35.137012,0.0,0.0,0.0,0.0,0.0,0.0,0.0,0.0,0.0
F,16,1,6,2,4,133.021917,0.0,0.0,133.021917,33.25547925,0.0,33.25547925,0.0,0.0,0.0,0.0,0.0,0.0,0.0,0.0,0.0
F,16,1,6,3,4,157.784667,0.0,0.0,157.784667,39.44616675,0.0,39.44616675,0.0,0.0,0.0,0.0,0.0,0.0,0.0,0.0,0.0
F,16,1,6,4,4,137.456935,0.0,0.0,137.456935,34.36423375,0.0,34.36423375,0.0,0.0,0.0,0.0,0.0,0.0,0.0,0.0,0.0
F,16,1,6,5,4,176.328344,0.0,0.0,176.328344,44.082086,0.0,44.082086,0.0,0.0,0.0,0.0,0.0,0.0,0.0,0.0,0.0
F,16,1,6,6,4,196.340181,0.0,0.0,196.340181,49.08504525,0.0,49.08504525,0.0,0.0,0.0,0.0,0.0,0.0,0.0,0.0,0.0
F,16,1,6,7,4,140.498567,0.0,0.0,140.498567,35.12464175,0.0,35.12464175,0.0,0.0,0.0,0.0,0.0,0.0,0.0,0.0,0.0
F,16,1,6,8,4,136.688893,0.0,0.0,136.688893,34.17222325,0.0,34.17222325,0.0,0.0,0.0,0.0,0.0,0.0,0.0,0.0,0.0
F,16,1,6,9,4,130.726666,0.0,0.0,130.726666,32.6816665,0.0,32.6816665,0.0,0.0,0.0,0.0,0.0,0.0,0.0,0.0,0.0
F,16,1,6,10,4,143.118765,0.0,0.0,143.118765,35.77969125,0.0,35.77969125,0.0,0.0,0.0,0.0,0.0,0.0,0.0,0.0,0.0
F,16,1,6,11,4,158.378686,0.0,0.0,158.378686,39.5946715,0.0,39.5946715,0.0,0.0,0.0,0.0,0.0,0.0,0.0,0.0,0.0
F,16,1,6,12,4,151.347309,0.0,0.0,151.347309,37.83682725,0.0,37.83682725,0.0,0.0,0.0,0.0,0.0,0.0,0.0,0.0,0.0
F,16,1,6,13,4,160.331626,0.0,0.0,160.331626,40.0829065,0.0,40.0829065,0.0,0.0,0.0,0.0,0.0,0.0,0.0,0.0,0.0
F,16,1,6,14,4,199.785658,0.0,0.0,199.785658,49.9464145,0.0,49.9464145,0.0,0.0,0.0,0.0,0.0,0.0,0.0,0.0,0.0
F,16,1,6,15,4,228.114435,0.0,0.0,228.114435,57.02860875,0.0,57.02860875,0.0,0.0,0.0,0.0,0.0,0.0,0.0,0.0,0.0
F,16,1,6,16,4,233.56287,0.0,0.0,233.56287,58.3907175,0.0,58.3907175,0.0,0.0,0.0,0.0,0.0,0.0,0.0,0.0,0.0
F,16,1,6,17,4,266.952265,0.0,0.0,266.952265,66.73806625,0.0,66.73806625,0.0,0.0,0.0,0.0,0.0,0.0,0.0,0.0,0.0
F,16,1,6,18,4,255.79242,0.0,0.0,255.79242,63.948105,0.0,63.948105,0.0,0.0,0.0,0.0,0.0,0.0,0.0,0.0,0.0
F,16,1,6,19,4,133.096219,0.0,0.0,133.096219,33.27405475,0.0,33.27405475,0.0,0.0,0.0,0.0,0.0,0.0,0.0,0.0,0.0
F,16,1,6,20,4,271.122664,0.0,0.0,271.122664,67.780666,0.0,67.780666,0.0,0.0,0.0,0.0,0.0,0.0,0.0,0.0,0.0
F,16,1,6,21,4,288.693366,0.0,0.0,288.693366,72.1733415,0.0,72.1733415,0.0,0.0,0.0,0.0,0.0,0.0,0.0,0.0,0.0
F,16,1,6,22,4,242.959265,0.0,0.0,242.959265,60.73981625,0.0,60.73981625,0.0,0.0,0.0,0.0,0.0,0.0,0.0,0.0,0.0
F,16,1,6,23,4,251.08441,0.0,0.0,251.08441,62.7711025,0.0,62.7711025,0.0,0.0,0.0,0.0,0.0,0.0,0.0,0.0,0.0
F,16,1,6,24,4,194.837232,0.0,0.0,194.837232,48.709308,0.0,48.709308,0.0,0.0,0.0,0.0,0.0,0.0,0.0,0.0,0.0
F,16,1,6,25,4,127.984679,0.0,0.0,127.984679,31.99616975,0.0,31.99616975,0.0,0.0,0.0,0.0,0.0,0.0,0.0,0.0,0.0
F,16,1,6,26,4,146.627725,0.0,0.0,146.627725,36.65693125,0.0,36.65693125,0.0,0.0,0.0,0.0,0.0,0.0,0.0,0.0,0.0
F,16,1,6,27,4,199.0849,0.0,0.0,199.0849,49.771225,0.0,49.771225,0.0,0.0,0.0,0.0,0.0,0.0,0.0,0.0,0.0
F,16,1,6,28,4,203.151181,0.0,0.0,203.151181,50.78779525,0.0,50.78779525,0.0,0.0,0.0,0.0,0.0,0.0,0.0,0.0,0.0
F,16,1,6,29,4,149.638871,0.0,0.0,149.638871,37.40971775,0.0,37.40971775,0.0,0.0,0.0,0.0,0.0,0.0,0.0,0.0,0.0
F,16,1,6,30,4,130.129173,0.0,0.0,130.129173,32.53229325,0.0,32.53229325,0.0,0.0,0.0,0.0,0.0,0.0,0.0,0.0,0.0
F,16,1,6,31,4,180.352185,0.0,0.0,180.352185,45.08804625,0.0,45.08804625,0.0,0.0,0.0,0.0,0.0,0.0,0.0,0.0,0.0
F,16,1,6,32,4,173.500824,0.0,0.0,173.500824,43.375206,0.0,43.375206,0.0,0.0,0.0,0.0,0.0,0.0,0.0,0.0,0.0
F,16,1,6,33,4,270.348007,0.0,0.0,270.348007,67.58700175,0.0,67.58700175,0.0,0.0,0.0,0.0,0.0,0.0,0.0,0.0,0.0
F,16,1,6,34,4,219.326799,0.0,0.0,219.326799,54.83169975,0.0,54.83169975,0.0,0.0,0.0,0.0,0.0,0.0,0.0,0.0,0.0
F,16,1,6,35,4,269.915962,0.0,0.0,269.915962,67.4789905,0.0,67.4789905,0.0,0.0,0.0,0.0,0.0,0.0,0.0,0.0,0.0
F,16,1,6,36,4,280.706073,0.0,0.0,280.706073,70.17651825,0.0,70.17651825,0.0,0.0,0.0,0.0,0.0,0.0,0.0,0.0,0.0
F,16,1,6,37,4,169.128533,0.0,0.0,169.128533,42.28213325,0.0,42.28213325,0.0,0.0,0.0,0.0,0.0,0.0,0.0,0.0,0.0
F,16,1,6,38,4,263.330142,0.0,0.0,263.330142,65.8325355,0.0,65.8325355,0.0,0.0,0.0,0.0,0.0,0.0,0.0,0.0,0.0
F,16,1,6,39,4,250.555976,0.0,0.0,250.555976,62.638994,0.0,62.638994,0.0,0.0,0.0,0.0,0.0,0.0,0.0,0.0,0.0
F,16,1,6,40,4,215.875969,0.0,0.0,215.875969,53.96899225,0.0,53.96899225,0.0,0.0,0.0,0.0,0.0,0.0,0.0,0.0,0.0
F,16,1,6,41,4,136.981138,0.0,0.0,136.981138,34.2452845,0.0,34.2452845,0.0,0.0,0.0,0.0,0.0,0.0,0.0,0.0,0.0
F,16,1,6,42,4,129.470609,0.0,0.0,129.470609,32.36765225,0.0,32.36765225,0.0,0.0,0.0,0.0,0.0,0.0,0.0,0.0,0.0
F,16,1,6,43,4,206.639044,0.0,0.0,206.639044,51.659761,0.0,51.659761,0.0,0.0,0.0,0.0,0.0,0.0,0.0,0.0,0.0
F,16,1,6,44,4,219.315592,0.0,0.0,219.315592,54.828898,0.0,54.828898,0.0,0.0,0.0,0.0,0.0,0.0,0.0,0.0,0.0
F,16,1,6,45,4,161.851299,0.0,0.0,161.851299,40.46282475,0.0,40.46282475,0.0,0.0,0.0,0.0,0.0,0.0,0.0,0.0,0.0
F,16,1,6,46,4,256.621586,0.0,0.0,256.621586,64.1553965,0.0,64.1553965,0.0,0.0,0.0,0.0,0.0,0.0,0.0,0.0,0.0
F,16,1,6,47,4,252.754139,0.0,0.0,252.754139,63.18853475,0.0,63.18853475,0.0,0.0,0.0,0.0,0.0,0.0,0.0,0.0,0.0
F,16,1,6,48,4,267.344631,0.0,0.0,267.344631,66.83615775,0.0,66.83615775,0.0,0.0,0.0,0.0,0.0,0.0,0.0,0.0,0.0
F,16,1,6,49,4,203.405643,0.0,0.0,203.405643,50.85141075,0.0,50.85141075,0.0,0.0,0.0,0.0,0.0,0.0,0.0,0.0,0.0
F,16,1,6,50,4,226.052176,0.0,0.0,226.052176,56.513044,0.0,56.513044,0.0,0.0,0.0,0.0,0.0,0.0,0.0,0.0,0.0
F,16,1,6,51,4,127.55899,0.0,0.0,127.55899,31.8897475,0.0,31.8897475,0.0,0.0,0.0,0.0,0.0,0.0,0.0,0.0,0.0
F,16,1,6,52,4,127.512073,0.0,0.0,127.512073,31.87801825,0.0,31.87801825,0.0,0.0,0.0,0.0,0.0,0.0,0.0,0.0,0.0
F,16,1,6,53,4,270.598257,0.0,0.0,270.598257,67.64956425,0.0,67.64956425,0.0,0.0,0.0,0.0,0.0,0.0,0.0,0.0,0.0
F,16,1,6,54,4,152.908428,0.0,0.0,152.908428,38.227107,0.0,38.227107,0.0,0.0,0.0,0.0,0.0,0.0,0.0,0.0,0.0
F,16,1,6,55,4,273.761768,0.0,0.0,273.761768,68.440442,0.0,68.440442,0.0,0.0,0.0,0.0,0.0,0.0,0.0,0.0,0.0
F,16,1,6,56,4,149.496319,0.0,0.0,149.496319,37.37407975,0.0,37.37407975,0.0,0.0,0.0,0.0,0.0,0.0,0.0,0.0,0.0
F,16,1,6,57,4,281.695002,0.0,0.0,281.695002,70.4237505,0.0,70.4237505,0.0,0.0,0.0,0.0,0.0,0.0,0.0,0.0,0.0
F,16,1,6,58,4,279.005396,0.0,0.0,279.005396,69.751349,0.0,69.751349,0.0,0.0,0.0,0.0,0.0,0.0,0.0,0.0,0.0
F,16,1,6,59,4,238.656329,0.0,0.0,238.656329,59.66408225,0.0,59.66408225,0.0,0.0,0.0,0.0,0.0,0.0,0.0,0.0,0.0
F,16,1,6,60,4,127.867569,0.0,0.0,127.867569,31.96689225,0.0,31.96689225,0.0,0.0,0.0,0.0,0.0,0.0,0.0,0.0,0.0
F,16,1,6,61,4,208.521849,0.0,0.0,208.521849,52.13046225,0.0,52.13046225,0.0,0.0,0.0,0.0,0.0,0.0,0.0,0.0,0.0
F,16,1,6,62,4,127.690118,0.0,0.0,127.690118,31.9225295,0.0,31.9225295,0.0,0.0,0.0,0.0,0.0,0.0,0.0,0.0,0.0
F,16,1,6,63,4,266.43979,0.0,0.0,266.43979,66.6099475,0.0,66.6099475,0.0,0.0,0.0,0.0,0.0,0.0,0.0,0.0,0.0
F,16,1,6,64,4,219.511476,0.0,0.0,219.511476,54.877869,0.0,54.877869,0.0,0.0,0.0,0.0,0.0,0.0,0.0,0.0,0.0
F,16,1,6,65,4,261.794316,0.0,0.0,261.794316,65.448579,0.0,65.448579,0.0,0.0,0.0,0.0,0.0,0.0,0.0,0.0,0.0
F,16,1,6,66,4,188.232171,0.0,0.0,188.232171,47.05804275,0.0,47.05804275,0.0,0.0,0.0,0.0,0.0,0.0,0.0,0.0,0.0
F,16,1,6,67,4,142.382996,0.0,0.0,142.382996,35.595749,0.0,35.595749,0.0,0.0,0.0,0.0,0.0,0.0,0.0,0.0,0.0
F,16,1,6,68,4,129.281053,0.0,0.0,129.281053,32.32026325,0.0,32.32026325,0.0,0.0,0.0,0.0,0.0,0.0,0.0,0.0,0.0
F,16,1,6,69,4,168.138483,0.0,0.0,168.138483,42.03462075,0.0,42.03462075,0.0,0.0,0.0,0.0,0.0,0.0,0.0,0.0,0.0
F,16,1,6,70,4,225.089691,0.0,0.0,225.089691,56.27242275,0.0,56.27242275,0.0,0.0,0.0,0.0,0.0,0.0,0.0,0.0,0.0
F,16,1,6,71,4,127.890954,0.0,0.0,127.890954,31.9727385,0.0,31.9727385,0.0,0.0,0.0,0.0,0.0,0.0,0.0,0.0,0.0
F,16,1,6,72,4,131.261178,0.0,0.0,131.261178,32.8152945,0.0,32.8152945,0.0,0.0,0.0,0.0,0.0,0.0,0.0,0.0,0.0
F,16,1,6,73,4,228.398975,0.0,0.0,228.398975,57.09974375,0.0,57.09974375,0.0,0.0,0.0,0.0,0.0,0.0,0.0,0.0,0.0
F,16,1,6,74,4,141.782774,0.0,0.0,141.782774,35.4456935,0.0,35.4456935,0.0,0.0,0.0,0.0,0.0,0.0,0.0,0.0,0.0
F,16,1,6,75,4,156.685943,0.0,0.0,156.685943,39.17148575,0.0,39.17148575,0.0,0.0,0.0,0.0,0.0,0.0,0.0,0.0,0.0
F,16,1,6,76,4,157.930869,0.0,0.0,157.930869,39.48271725,0.0,39.48271725,0.0,0.0,0.0,0.0,0.0,0.0,0.0,0.0,0.0
F,16,1,6,77,4,162.058486,0.0,0.0,162.058486,40.5146215,0.0,40.5146215,0.0,0.0,0.0,0.0,0.0,0.0,0.0,0.0,0.0
F,16,1,6,78,4,238.615677,0.0,0.0,238.615677,59.65391925,0.0,59.65391925,0.0,0.0,0.0,0.0,0.0,0.0,0.0,0.0,0.0
F,16,1,6,79,4,261.393074,0.0,0.0,261.393074,65.3482685,0.0,65.3482685,0.0,0.0,0.0,0.0,0.0,0.0,0.0,0.0,0.0
F,16,1,6,80,4,134.418279,0.0,0.0,134.418279,33.60456975,0.0,33.60456975,0.0,0.0,0.0,0.0,0.0,0.0,0.0,0.0,0.0
F,16,1,6,81,4,207.167186,0.0,0.0,207.167186,51.7917965,0.0,51.7917965,0.0,0.0,0.0,0.0,0.0,0.0,0.0,0.0,0.0
F,16,1,6,82,4,211.484912,0.0,0.0,211.484912,52.871228,0.0,52.871228,0.0,0.0,0.0,0.0,0.0,0.0,0.0,0.0,0.0
F,16,1,6,83,4,135.10689,0.0,0.0,135.10689,33.7767225,0.0,33.7767225,0.0,0.0,0.0,0.0,0.0,0.0,0.0,0.0,0.0
F,16,1,6,84,4,139.249079,0.0,0.0,139.249079,34.81226975,0.0,34.81226975,0.0,0.0,0.0,0.0,0.0,0.0,0.0,0.0,0.0
F,16,1,6,85,4,134.905474,0.0,0.0,134.905474,33.7263685,0.0,33.7263685,0.0,0.0,0.0,0.0,0.0,0.0,0.0,0.0,0.0
F,16,1,6,86,4,152.545693,0.0,0.0,152.545693,38.13642325,0.0,38.13642325,0.0,0.0,0.0,0.0,0.0,0.0,0.0,0.0,0.0
F,16,1,6,87,4,173.94545,0.0,0.0,173.94545,43.4863625,0.0,43.4863625,0.0,0.0,0.0,0.0,0.0,0.0,0.0,0.0,0.0
F,16,1,6,88,4,174.398381,0.0,0.0,174.398381,43.59959525,0.0,43.59959525,0.0,0.0,0.0,0.0,0.0,0.0,0.0,0.0,0.0
F,16,1,6,89,4,182.41992,0.0,0.0,182.41992,45.60498,0.0,45.60498,0.0,0.0,0.0,0.0,0.0,0.0,0.0,0.0,0.0
F,16,1,6,90,4,173.575234,0.0,0.0,173.575234,43.3938085,0.0,43.3938085,0.0,0.0,0.0,0.0,0.0,0.0,0.0,0.0,0.0
F,16,1,6,91,4,127.812697,0.0,0.0,127.812697,31.95317425,0.0,31.95317425,0.0,0.0,0.0,0.0,0.0,0.0,0.0,0.0,0.0
F,16,1,6,92,4,128.054316,0.0,0.0,128.054316,32.013579,0.0,32.013579,0.0,0.0,0.0,0.0,0.0,0.0,0.0,0.0,0.0
F,16,1,6,93,4,188.526436,0.0,0.0,188.526436,47.131609,0.0,47.131609,0.0,0.0,0.0,0.0,0.0,0.0,0.0,0.0,0.0
F,16,1,6,94,4,128.045875,0.0,0.0,128.045875,32.01146875,0.0,32.01146875,0.0,0.0,0.0,0.0,0.0,0.0,0.0,0.0,0.0
F,16,1,6,95,4,158.855046,0.0,0.0,158.855046,39.7137615,0.0,39.7137615,0.0,0.0,0.0,0.0,0.0,0.0,0.0,0.0,0.0
F,16,1,6,96,4,143.414298,0.0,0.0,143.414298,35.8535745,0.0,35.8535745,0.0,0.0,0.0,0.0,0.0,0.0,0.0,0.0,0.0
F,16,1,6,97,4,143.597843,0.0,0.0,143.597843,35.89946075,0.0,35.89946075,0.0,0.0,0.0,0.0,0.0,0.0,0.0,0.0,0.0
F,16,1,6,98,4,140.14228,0.0,0.0,140.14228,35.03557,0.0,35.03557,0.0,0.0,0.0,0.0,0.0,0.0,0.0,0.0,0.0
F,16,1,6,99,4,151.925805,0.0,0.0,151.925805,37.98145125,0.0,37.98145125,0.0,0.0,0.0,0.0,0.0,0.0,0.0,0.0,0.0
F,16,1,6,100,4,127.992549,0.0,0.0,127.992549,31.99813725,0.0,31.99813725,0.0,0.0,0.0,0.0,0.0,0.0,0.0,0.0,0.0
F,16,1,6,101,4,142.432028,0.0,0.0,142.432028,35.608007,0.0,35.608007,0.0,0.0,0.0,0.0,0.0,0.0,0.0,0.0,0.0
F,16,1,6,102,4,148.889642,0.0,0.0,148.889642,37.2224105,0.0,37.2224105,0.0,0.0,0.0,0.0,0.0,0.0,0.0,0.0,0.0
F,16,1,6,103,4,148.391291,0.0,0.0,148.391291,37.09782275,0.0,37.09782275,0.0,0.0,0.0,0.0,0.0,0.0,0.0,0.0,0.0
F,16,1,6,104,4,227.184111,0.0,0.0,227.184111,56.79602775,0.0,56.79602775,0.0,0.0,0.0,0.0,0.0,0.0,0.0,0.0,0.0
F,16,1,6,105,4,128.334334,0.0,0.0,128.334334,32.0835835,0.0,32.0835835,0.0,0.0,0.0,0.0,0.0,0.0,0.0,0.0,0.0
F,16,1,6,106,4,211.171971,0.0,0.0,211.171971,52.79299275,0.0,52.79299275,0.0,0.0,0.0,0.0,0.0,0.0,0.0,0.0,0.0
F,16,1,6,107,4,129.417605,0.0,0.0,129.417605,32.35440125,0.0,32.35440125,0.0,0.0,0.0,0.0,0.0,0.0,0.0,0.0,0.0
F,16,1,6,108,4,216.564583,0.0,0.0,216.564583,54.14114575,0.0,54.14114575,0.0,0.0,0.0,0.0,0.0,0.0,0.0,0.0,0.0
F,16,1,6,109,4,134.262331,0.0,0.0,134.262331,33.56558275,0.0,33.56558275,0.0,0.0,0.0,0.0,0.0,0.0,0.0,0.0,0.0
F,16,1,6,110,4,209.070787,0.0,0.0,209.070787,52.26769675,0.0,52.26769675,0.0,0.0,0.0,0.0,0.0,0.0,0.0,0.0,0.0
F,16,1,6,111,4,269.795049,0.0,0.0,269.795049,67.44876225,0.0,67.44876225,0.0,0.0,0.0,0.0,0.0,0.0,0.0,0.0,0.0
F,16,1,6,112,4,274.242622,0.0,0.0,274.242622,68.5606555,0.0,68.5606555,0.0,0.0,0.0,0.0,0.0,0.0,0.0,0.0,0.0
F,16,1,6,113,4,248.950844,0.0,0.0,248.950844,62.237711,0.0,62.237711,0.0,0.0,0.0,0.0,0.0,0.0,0.0,0.0,0.0
F,16,1,6,114,4,199.800677,0.0,0.0,199.800677,49.95016925,0.0,49.95016925,0.0,0.0,0.0,0.0,0.0,0.0,0.0,0.0,0.0
F,16,1,6,115,4,258.844575,0.0,0.0,258.844575,64.71114375,0.0,64.71114375,0.0,0.0,0.0,0.0,0.0,0.0,0.0,0.0,0.0
F,16,1,6,116,4,226.067897,0.0,0.0,226.067897,56.51697425,0.0,56.51697425,0.0,0.0,0.0,0.0,0.0,0.0,0.0,0.0,0.0
F,16,1,6,117,4,161.478624,0.0,0.0,161.478624,40.369656,0.0,40.369656,0.0,0.0,0.0,0.0,0.0,0.0,0.0,0.0,0.0
F,16,1,6,118,4,238.858768,0.0,0.0,238.858768,59.714692,0.0,59.714692,0.0,0.0,0.0,0.0,0.0,0.0,0.0,0.0,0.0
F,16,1,6,119,4,239.037148,0.0,0.0,239.037148,59.759287,0.0,59.759287,0.0,0.0,0.0,0.0,0.0,0.0,0.0,0.0,0.0
F,64,1,7,0,4,916.64175,0.0,0.0,916.64175,229.1604375,0.0,229.1604375,0.0,0.0,0.0,0.0,0.0,0.0,0.0,0.0,0.0
F,64,1,7,1,4,407.305366,0.0,0.0,407.305366,101.8263415,0.0,101.8263415,0.0,0.0,0.0,0.0,0.0,0.0,0.0,0.0,0.0
F,64,1,7,2,4,493.496103,0.0,0.0,493.496103,123.37402575,0.0,123.37402575,0.0,0.0,0.0,0.0,0.0,0.0,0.0,0.0,0.0
F,64,1,7,3,4,621.477154,0.0,0.0,621.477154,155.3692885,0.0,155.3692885,0.0,0.0,0.0,0.0,0.0,0.0,0.0,0.0,0.0
F,64,1,7,4,4,824.596669,0.0,0.0,824.596669,206.14916725,0.0,206.14916725,0.0,0.0,0.0,0.0,0.0,0.0,0.0,0.0,0.0
F,64,1,7,5,4,836.917345,0.0,0.0,836.917345,209.22933625,0.0,209.22933625,0.0,0.0,0.0,0.0,0.0,0.0,0.0,0.0,0.0
F,64,1,7,6,4,824.344661,0.0,0.0,824.344661,206.08616525,0.0,206.08616525,0.0,0.0,0.0,0.0,0.0,0.0,0.0,0.0,0.0
F,64,1,7,7,4,908.099557,0.0,0.0,908.099557,227.02488925,0.0,227.02488925,0.0,0.0,0.0,0.0,0.0,0.0,0.0,0.0,0.0
F,64,1,7,8,4,714.313921,0.0,0.0,714.313921,178.57848025,0.0,178.57848025,0.0,0.0,0.0,0.0,0.0,0.0,0.0,0.0,0.0
F,64,1,7,9,4,626.995784,0.0,0.0,626.995784,156.748946,0.0,156.748946,0.0,0.0,0.0,0.0,0.0,0.0,0.0,0.0,0.0
F,64,1,7,10,4,959.667015,0.0,0.0,959.667015,239.91675375,0.0,239.91675375,0.0,0.0,0.0,0.0,0.0,0.0,0.0,0.0,0.0
F,64,1,7,11,4,951.835748,0.0,0.0,951.835748,237.958937,0.0,237.958937,0.0,0.0,0.0,0.0,0.0,0.0,0.0,0.0,0.0
F,64,1,7,12,4,913.487132,0.0,0.0,913.487132,228.371783,0.0,228.371783,0.0,0.0,0.0,0.0,0.0,0.0,0.0,0.0,0.0
F,64,1,7,13,4,840.752751,0.0,0.0,840.752751,210.18818775,0.0,210.18818775,0.0,0.0,0.0,0.0,0.0,0.0,0.0,0.0,0.0
F,64,1,7,14,4,834.756829,0.0,0.0,834.756829,208.68920725,0.0,208.68920725,0.0,0.0,0.0,0.0,0.0,0.0,0.0,0.0,0.0
F,64,1,7,15,4,962.225535,0.0,0.0,962.225535,240.55638375,0.0,240.55638375,0.0,0.0,0.0,0.0,0.0,0.0,0.0,0.0,0.0
F,64,1,7,16,4,920.211719,0.0,0.0,920.211719,230.05292975,0.0,230.05292975,0.0,0.0,0.0,0.0,0.0,0.0,0.0,0.0,0.0
F,64,1,7,17,4,896.984534,0.0,0.0,896.984534,224.2461335,0.0,224.2461335,0.0,0.0,0.0,0.0,0.0,0.0,0.0,0.0,0.0
F,64,1,7,18,4,570.072386,0.0,0.0,570.072386,142.5180965,0.0,142.5180965,0.0,0.0,0.0,0.0,0.0,0.0,0.0,0.0,0.0
F,64,1,7,19,4,713.391576,0.0,0.0,713.391576,178.347894,0.0,178.347894,0.0,0.0,0.0,0.0,0.0,0.0,0.0,0.0,0.0
F,64,1,7,20,4,513.6444,0.0,0.0,513.6444,128.4111,0.0,128.4111,0.0,0.0,0.0,0.0,0.0,0.0,0.0,0.0,0.0
F,64,1,7,21,4,584.154777,0.0,0.0,584.154777,146.03869425,0.0,146.03869425,0.0,0.0,0.0,0.0,0.0,0.0,0.0,0.0,0.0
F,64,1,7,22,4,706.497799,0.0,0.0,706.497799,176.62444975,0.0,176.62444975,0.0,0.0,0.0,0.0,0.0,0.0,0.0,0.0,0.0
F,64,1,7,23,4,578.967291,0.0,0.0,578.967291,144.74182275,0.0,144.74182275,0.0,0.0,0.0,0.0,0.0,0.0,0.0,0.0,0.0
F,64,1,7,24,4,734.67427,0.0,0.0,734.67427,183.6685675,0.0,183.6685675,0.0,0.0,0.0,0.0,0.0,0.0,0.0,0.0,0.0
F,64,1,7,25,4,410.601794,0.0,0.0,410.601794,102.6504485,0.0,102.6504485,0.0,0.0,0.0,0.0,0.0,0.0,0.0,0.0,0.0
F,64,1,7,26,4,850.849268,0.0,0.0,850.849268,212.712317,0.0,212.712317,0.0,0.0,0.0,0.0,0.0,0.0,0.0,0.0,0.0
F,64,1,7,27,4,540.604267,0.0,0.0,540.604267,135.15106675,0.0,135.15106675,0.0,0.0,0.0,0.0,0.0,0.0,0.0,0.0,0.0
F,64,1,7,28,4,410.37621,0.0,0.0,410.37621,102.5940525,0.0,102.5940525,0.0,0.0,0.0,0.0,0.0,0.0,0.0,0.0,0.0
F,64,1,7,29,4,530.673453,0.0,0.0,530.673453,132.66836325,0.0,132.66836325,0.0,0.0,0.0,0.0,0.0,0.0,0.0,0.0,0.0
F,64,1,7,30,4,407.325487,0.0,0.0,407.325487,101.83137175,0.0,101.83137175,0.0,0.0,0.0,0.0,0.0,0.0,0.0,0.0,0.0
F,64,1,7,31,4,404.926288,0.0,0.0,404.926288,101.231572,0.0,101.231572,0.0,0.0,0.0,0.0,0.0,0.0,0.0,0.0,0.0
F,64,1,7,32,4,403.062736,0.0,0.0,403.062736,100.765684,0.0,100.765684,0.0,0.0,0.0,0.0,0.0,0.0,0.0,0.0,0.0
F,64,1,7,33,4,960.641654,0.0,0.0,960.641654,240.1604135,0.0,240.1604135,0.0,0.0,0.0,0.0,0.0,0.0,0.0,0.0,0.0
F,64,1,7,34,4,885.659341,0.0,0.0,885.659341,221.41483525,0.0,221.41483525,0.0,0.0,0.0,0.0,0.0,0.0,0.0,0.0,0.0
F,64,1,7,35,4,404.799747,0.0,0.0,404.799747,101.19993675,0.0,101.19993675,0.0,0.0,0.0,0.0,0.0,0.0,0.0,0.0,0.0
F,64,1,7,36,4,831.913429,0.0,0.0,831.913429,207.97835725,0.0,207.97835725,0.0,0.0,0.0,0.0,0.0,0.0,0.0,0.0,0.0
F,64,1,7,37,4,1090.973613,0.0,0.0,1090.973613,272.74340325,0.0,272.74340325,0.0,0.0,0.0,0.0,0.0,0.0,0.0,0.0,0.0
F,64,1,7,38,4,837.466613,0.0,0.0,837.466613,209.36665325,0.0,209.36665325,0.0,0.0,0.0,0.0,0.0,0.0,0.0,0.0,0.0
F,64,1,7,39,4,942.556817,0.0,0.0,942.556817,235.63920425,0.0,235.63920425,0.0,0.0,0.0,0.0,0.0,0.0,0.0,0.0,0.0
F,64,1,7,40,4,839.6844,0.0,0.0,839.6844,209.9211,0.0,209.9211,0.0,0.0,0.0,0.0,0.0,0.0,0.0,0.0,0.0
F,64,1,7,41,4,964.113016,0.0,0.0,964.113016,241.028254,0.0,241.028254,0.0,0.0,0.0,0.0,0.0,0.0,0.0,0.0,0.0
F,64,1,7,42,4,881.428378,0.0,0.0,881.428378,220.3570945,0.0,220.3570945,0.0,0.0,0.0,0.0,0.0,0.0,0.0,0.0,0.0
F,64,1,7,43,4,785.563192,0.0,0.0,785.563192,196.390798,0.0,196.390798,0.0,0.0,0.0,0.0,0.0,0.0,0.0,0.0,0.0
F,64,1,7,44,4,728.344415,0.0,0.0,728.344415,182.08610375,0.0,182.08610375,0.0,0.0,0.0,0.0,0.0,0.0,0.0,0.0,0.0
F,64,1,7,45,4,969.018559,0.0,0.0,969.018559,242.25463975,0.0,242.25463975,0.0,0.0,0.0,0.0,0.0,0.0,0.0,0.0,0.0
F,64,1,7,46,4,1025.424427,0.0,0.0,1025.424427,256.35610675,0.0,256.35610675,0.0,0.0,0.0,0.0,0.0,0.0,0.0,0.0,0.0
F,64,1,7,47,4,911.356909,0.0,0.0,911.356909,227.83922725,0.0,227.83922725,0.0,0.0,0.0,0.0,0.0,0.0,0.0,0.0,0.0
F,64,1,7,48,4,1020.978676,0.0,0.0,1020.978676,255.244669,0.0,255.244669,0.0,0.0,0.0,0.0,0.0,0.0,0.0,0.0,0.0
F,64,1,7,49,4,1029.856916,0.0,0.0,1029.856916,257.464229,0.0,257.464229,0.0,0.0,0.0,0.0,0.0,0.0,0.0,0.0,0.0
F,64,1,7,50,4,926.325992,0.0,0.0,926.325992,231.581498,0.0,231.581498,0.0,0.0,0.0,0.0,0.0,0.0,0.0,0.0,0.0
F,64,1,7,51,4,865.63945,0.0,0.0,865.63945,216.4098625,0.0,216.4098625,0.0,0.0,0.0,0.0,0.0,0.0,0.0,0.0,0.0
F,64,1,7,52,4,947.351534,0.0,0.0,947.351534,236.8378835,0.0,236.8378835,0.0,0.0,0.0,0.0,0.0,0.0,0.0,0.0,0.0
F,64,1,7,53,4,872.037756,0.0,0.0,872.037756,218.009439,0.0,218.009439,0.0,0.0,0.0,0.0,0.0,0.0,0.0,0.0,0.0
F,64,1,7,54,4,798.6924,0.0,0.0,798.6924,199.6731,0.0,199.6731,0.0,0.0,0.0,0.0,0.0,0.0,0.0,0.0,0.0
F,64,1,7,55,4,923.278537,0.0,0.0,923.278537,230.81963425,0.0,230.81963425,0.0,0.0,0.0,0.0,0.0,0.0,0.0,0.0,0.0
F,64,1,7,56,4,944.329815,0.0,0.0,944.329815,236.08245375,0.0,236.08245375,0.0,0.0,0.0,0.0,0.0,0.0,0.0,0.0,0.0
F,64,1,7,57,4,409.124661,0.0,0.0,409.124661,102.28116525,0.0,102.28116525,0.0,0.0,0.0,0.0,0.0,0.0,0.0,0.0,0.0
F,64,1,7,58,4,908.101741,0.0,0.0,908.101741,227.02543525,0.0,227.02543525,0.0,0.0,0.0,0.0,0.0,0.0,0.0,0.0,0.0
F,64,1,7,59,4,412.750455,0.0,0.0,412.750455,103.18761375,0.0,103.18761375,0.0,0.0,0.0,0.0,0.0,0.0,0.0,0.0,0.0
F,64,1,7,60,4,805.54107,0.0,0.0,805.54107,201.3852675,0.0,201.3852675,0.0,0.0,0.0,0.0,0.0,0.0,0.0,0.0,0.0
F,64,1,7,61,4,865.463208,0.0,0.0,865.463208,216.365802,0.0,216.365802,0.0,0.0,0.0,0.0,0.0,0.0,0.0,0.0,0.0
F,64,1,7,62,4,969.53274,0.0,0.0,969.53274,242.383185,0.0,242.383185,0.0,0.0,0.0,0.0,0.0,0.0,0.0,0.0,0.0
F,64,1,7,63,4,982.312039,0.0,0.0,982.312039,245.57800975,0.0,245.57800975,0.0,0.0,0.0,0.0,0.0,0.0,0.0,0.0,0.0
F,64,1,7,64,4,797.815754,0.0,0.0,797.815754,199.4539385,0.0,199.4539385,0.0,0.0,0.0,0.0,0.0,0.0,0.0,0.0,0.0
F,64,1,7,65,4,854.649295,0.0,0.0,854.649295,213.66232375,0.0,213.66232375,0.0,0.0,0.0,0.0,0.0,0.0,0.0,0.0,0.0
F,64,1,7,66,4,997.01326,0.0,0.0,997.01326,249.253315,0.0,249.253315,0.0,0.0,0.0,0.0,0.0,0.0,0.0,0.0,0.0
F,64,1,7,67,4,917.562308,0.0,0.0,917.562308,229.390577,0.0,229.390577,0.0,0.0,0.0,0.0,0.0,0.0,0.0,0.0,0.0
F,64,1,7,68,4,836.387051,0.0,0.0,836.387051,209.09676275,0.0,209.09676275,0.0,0.0,0.0,0.0,0.0,0.0,0.0,0.0,0.0
F,64,1,7,69,4,953.540018,0.0,0.0,953.540018,238.3850045,0.0,238.3850045,0.0,0.0,0.0,0.0,0.0,0.0,0.0,0.0,0.0
F,64,1,7,70,4,1022.591108,0.0,0.0,1022.591108,255.647777,0.0,255.647777,0.0,0.0,0.0,0.0,0.0,0.0,0.0,0.0,0.0
F,64,1,7,71,4,975.215696,0.0,0.0,975.215696,243.803924,0.0,243.803924,0.0,0.0,0.0,0.0,0.0,0.0,0.0,0.0,0.0
F,64,1,7,72,4,899.283445,0.0,0.0,899.283445,224.82086125,0.0,224.82086125,0.0,0.0,0.0,0.0,0.0,0.0,0.0,0.0,0.0
F,64,1,7,73,4,752.957837,0.0,0.0,752.957837,188.23945925,0.0,188.23945925,0.0,0.0,0.0,0.0,0.0,0.0,0.0,0.0,0.0
F,64,1,7,74,4,744.659468,0.0,0.0,744.659468,186.164867,0.0,186.164867,0.0,0.0,0.0,0.0,0.0,0.0,0.0,0.0,0.0
F,64,1,7,75,4,912.36671,0.0,0.0,912.36671,228.0916775,0.0,228.0916775,0.0,0.0,0.0,0.0,0.0,0.0,0.0,0.0,0.0
F,64,1,7,76,4,970.831879,0.0,0.0,970.831879,242.70796975,0.0,242.70796975,0.0,0.0,0.0,0.0,0.0,0.0,0.0,0.0,0.0
F,64,1,7,77,4,925.99352,0.0,0.0,925.99352,231.49838,0.0,231.49838,0.0,0.0,0.0,0.0,0.0,0.0,0.0,0.0,0.0
F,64,1,7,78,4,868.012148,0.0,0.0,868.012148,217.003037,0.0,217.003037,0.0,0.0,0.0,0.0,0.0,0.0,0.0,0.0,0.0
F,64,1,7,79,4,889.292427,0.0,0.0,889.292427,222.32310675,0.0,222.32310675,0.0,0.0,0.0,0.0,0.0,0.0,0.0,0.0,0.0
F,64,1,7,80,4,851.138835,0.0,0.0,851.138835,212.78470875,0.0,212.78470875,0.0,0.0,0.0,0.0,0.0,0.0,0.0,0.0,0.0
F,64,1,7,81,4,822.163797,0.0,0.0,822.163797,205.54094925,0.0,205.54094925,0.0,0.0,0.0,0.0,0.0,0.0,0.0,0.0,0.0
F,64,1,7,82,4,938.169478,0.0,0.0,938.169478,234.5423695,0.0,234.5423695,0.0,0.0,0.0,0.0,0.0,0.0,0.0,0.0,0.0
F,64,1,7,83,4,575.260769,0.0,0.0,575.260769,143.81519225,0.0,143.81519225,0.0,0.0,0.0,0.0,0.0,0.0,0.0,0.0,0.0
F,64,1,7,84,4,1009.803484,0.0,0.0,1009.803484,252.450871,0.0,252.450871,0.0,0.0,0.0,0.0,0.0,0.0,0.0,0.0,0.0
F,64,1,7,85,4,416.985489,0.0,0.0,416.985489,104.24637225,0.0,104.24637225,0.0,0.0,0.0,0.0,0.0,0.0,0.0,0.0,0.0
F,64,1,7,86,4,738.599736,0.0,0.0,738.599736,184.649934,0.0,184.649934,0.0,0.0,0.0,0.0,0.0,0.0,0.0,0.0,0.0
F,64,1,7,87,4,748.996373,0.0,0.0,748.996373,187.24909325,0.0,187.24909325,0.0,0.0,0.0,0.0,0.0,0.0,0.0,0.0,0.0
F,64,1,7,88,4,947.534954,0.0,0.0,947.534954,236.8837385,0.0,236.8837385,0.0,0.0,0.0,0.0,0.0,0.0,0.0,0.0,0.0
F,64,1,7,89,4,787.899604,0.0,0.0,787.899604,196.974901,0.0,196.974901,0.0,0.0,0.0,0.0,0.0,0.0,0.0,0.0,0.0
F,64,1,7,90,4,1012.372094,0.0,0.0,1012.372094,253.0930235,0.0,253.0930235,0.0,0.0,0.0,0.0,0.0,0.0,0.0,0.0,0.0
F,64,1,7,91,4,889.240097,0.0,0.0,889.240097,222.31002425,0.0,222.31002425,0.0,0.0,0.0,0.0,0.0,0.0,0.0,0.0,0.0
F,64,1,7,92,4,796.588369,0.0,0.0,796.588369,199.14709225,0.0,199.14709225,0.0,0.0,0.0,0.0,0.0,0.0,0.0,0.0,0.0
F,64,1,7,93,4,407.264755,0.0,0.0,407.264755,101.81618875,0.0,101.81618875,0.0,0.0,0.0,0.0,0.0,0.0,0.0,0.0,0.0
F,64,1,7,94,4,866.342142,0.0,0.0,866.342142,216.5855355,0.0,216.5855355,0.0,0.0,0.0,0.0,0.0,0.0,0.0,0.0,0.0
F,64,1,7,95,4,436.928421,0.0,0.0,436.928421,109.23210525,0.0,109.23210525,0.0,0.0,0.0,0.0,0.0,0.0,0.0,0.0,0.0
F,64,1,7,96,4,893.440255,0.0,0.0,893.440255,223.36006375,0.0,223.36006375,0.0,0.0,0.0,0.0,0.0,0.0,0.0,0.0,0.0
F,64,1,7,97,4,949.451582,0.0,0.0,949.451582,237.3628955,0.0,237.3628955,0.0,0.0,0.0,0.0,0.0,0.0,0.0,0.0,0.0
F,64,1,7,98,4,998.499188,0.0,0.0,998.499188,249.624797,0.0,249.624797,0.0,0.0,0.0,0.0,0.0,0.0,0.0,0.0,0.0
F,64,1,7,99,4,410.379153,0.0,0.0,410.379153,102.59478825,0.0,102.59478825,0.0,0.0,0.0,0.0,0.0,0.0,0.0,0.0,0.0
F,64,1,7,100,4,750.431687,0.0,0.0,750.431687,187.60792175,0.0,187.60792175,0.0,0.0,0.0,0.0,0.0,0.0,0.0,0.0,0.0
F,64,1,7,101,4,920.997618,0.0,0.0,920.997618,230.2494045,0.0,230.2494045,0.0,0.0,0.0,0.0,0.0,0.0,0.0,0.0,0.0
F,64,1,7,102,4,892.399932,0.0,0.0,892.399932,223.099983,0.0,223.099983,0.0,0.0,0.0,0.0,0.0,0.0,0.0,0.0,0.0
F,64,1,7,103,4,642.236725,0.0,0.0,642.236725,160.55918125,0.0,160.55918125,0.0,0.0,0.0,0.0,0.0,0.0,0.0,0.0,0.0
F,64,1,7,104,4,943.536011,0.0,0.0,943.536011,235.88400275,0.0,235.88400275,0.0,0.0,0.0,0.0,0.0,0.0,0.0,0.0,0.0
F,64,1,7,105,4,406.197128,0.0,0.0,406.197128,101.549282,0.0,101.549282,0.0,0.0,0.0,0.0,0.0,0.0,0.0,0.0,0.0
F,64,1,7,106,4,811.265729,0.0,0.0,811.265729,202.81643225,0.0,202.81643225,0.0,0.0,0.0,0.0,0.0,0.0,0.0,0.0,0.0
F,64,1,7,107,4,801.443631,0.0,0.0,801.443631,200.36090775,0.0,200.36090775,0.0,0.0,0.0,0.0,0.0,0.0,0.0,0.0,0.0
F,64,1,7,108,4,905.42655,0.0,0.0,905.42655,226.3566375,0.0,226.3566375,0.0,0.0,0.0,0.0,0.0,0.0,0.0,0.0,0.0
F,64,1,7,109,4,783.380621,0.0,0.0,783.380621,195.84515525,0.0,195.84515525,0.0,0.0,0.0,0.0,0.0,0.0,0.0,0.0,0.0
F,64,1,7,110,4,943.50207,0.0,0.0,943.50207,235.8755175,0.0,235.8755175,0.0,0.0,0.0,0.0,0.0,0.0,0.0,0.0,0.0
F,64,1,7,111,4,916.442504,0.0,0.0,916.442504,229.110626,0.0,229.110626,0.0,0.0,0.0,0.0,0.0,0.0,0.0,0.0,0.0
F,64,1,7,112,4,807.488341,0.0,0.0,807.488341,201.87208525,0.0,201.87208525,0.0,0.0,0.0,0.0,0.0,0.0,0.0,0.0,0.0
F,64,1,7,113,4,924.935394,0.0,0.0,924.935394,231.2338485,0.0,231.2338485,0.0,0.0,0.0,0.0,0.0,0.0,0.0,0.0,0.0
F,64,1,7,114,4,525.311958,0.0,0.0,525.311958,131.3279895,0.0,131.3279895,0.0,0.0,0.0,0.0,0.0,0.0,0.0,0.0,0.0
F,64,1,7,115,4,408.222207,0.0,0.0,408.222207,102.05555175,0.0,102.05555175,0.0,0.0,0.0,0.0,0.0,0.0,0.0,0.0,0.0
F,64,1,7,116,4,799.360918,0.0,0.0,799.360918,199.8402295,0.0,199.8402295,0.0,0.0,0.0,0.0,0.0,0.0,0.0,0.0,0.0
F,64,1,7,117,4,409.002127,0.0,0.0,409.002127,102.25053175,0.0,102.25053175,0.0,0.0,0.0,0.0,0.0,0.0,0.0,0.0,0.0
F,64,1,7,118,4,943.815537,0.0,0.0,943.815537,235.95388425,0.0,235.95388425,0.0,0.0,0.0,0.0,0.0,0.0,0.0,0.0,0.0
F,64,1,7,119,4,831.770447,0.0,0.0,831.770447,207.94261175,0.0,207.94261175,0.0,0.0,0.0,0.0,0.0,0.0,0.0,0.0,0.0
U,4,2,0,0,4,158.358537,0.0,0.0,158.358537,39.58963425,0.0,39.58963425,0.0,0.0,0.0,0.0,0.0,0.0,0.0,0.0,0.0
U,4,2,0,1,4,176.049702,0.0,0.0,176.049702,44.0124255,0.0,44.0124255,0.0,0.0,0.0,0.0,0.0,0.0,0.0,0.0,0.0
U,4,2,0,2,4,168.767542,0.0,0.0,168.767542,42.1918855,0.0,42.1918855,0.0,0.0,0.0,0.0,0.0,0.0,0.0,0.0,0.0
U,4,2,0,3,4,176.02482,0.0,0.0,176.02482,44.006205,0.0,44.006205,0.0,0.0,0.0,0.0,0.0,0.0,0.0,0.0,0.0
U,4,2,0,4,4,154.613347,0.0,0.0,154.613347,38.65333675,0.0,38.65333675,0.0,0.0,0.0,0.0,0.0,0.0,0.0,0.0,0.0
U,4,2,0,5,4,182.440958,0.0,0.0,182.440958,45.6102395,0.0,45.6102395,0.0,0.0,0.0,0.0,0.0,0.0,0.0,0.0,0.0
U,4,2,0,6,4,163.757555,0.0,0.0,163.757555,40.93938875,0.0,40.93938875,0.0,0.0,0.0,0.0,0.0,0.0,0.0,0.0,0.0
U,4,2,0,7,4,153.391425,0.0,0.0,153.391425,38.34785625,0.0,38.34785625,0.0,0.0,0.0,0.0,0.0,0.0,0.0,0.0,0.0
U,4,2,0,8,4,195.501213,0.0,0.0,195.501213,48.87530325,0.0,48.87530325,0.0,0.0,0.0,0.0,0.0,0.0,0.0,0.0,0.0
U,4,2,0,9,4,186.739435,0.0,0.0,186.739435,46.68485875,0.0,46.68485875,0.0,0.0,0.0,0.0,0.0,0.0,0.0,0.0,0.0
U,4,2,0,10,4,201.354188,0.0,0.0,201.354188,50.338547,0.0,50.338547,0.0,0.0,0.0,0.0,0.0,0.0,0.0,0.0,0.0
U,4,2,0,11,4,175.695522,0.0,0.0,175.695522,43.9238805,0.0,43.9238805,0.0,0.0,0.0,0.0,0.0,0.0,0.0,0.0,0.0
U,4,2,0,12,4,165.94811,0.0,0.0,165.94811,41.4870275,0.0,41.4870275,0.0,0.0,0.0,0.0,0.0,0.0,0.0,0.0,0.0
U,4,2,0,13,4,161.989432,0.0,0.0,161.989432,40.497358,0.0,40.497358,0.0,0.0,0.0,0.0,0.0,0.0,0.0,0.0,0.0
U,4,2,0,14,4,188.463173,0.0,0.0,188.463173,47.11579325,0.0,47.11579325,0.0,0.0,0.0,0.0,0.0,0.0,0.0,0.0,0.0
U,4,2,0,15,4,183.627259,0.0,0.0,183.627259,45.90681475,0.0,45.90681475,0.0,0.0,0.0,0.0,0.0,0.0,0.0,0.0,0.0
U,4,2,0,16,4,195.586979,0.0,0.0,195.586979,48.89674475,0.0,48.89674475,0.0,0.0,0.0,0.0,0.0,0.0,0.0,0.0,0.0
U,4,2,0,17,4,179.416562,0.0,0.0,179.416562,44.8541405,0.0,44.8541405,0.0,0.0,0.0,0.0,0.0,0.0,0.0,0.0,0.0
U,4,2,0,18,4,183.840717,0.0,0.0,183.840717,45.96017925,0.0,45.96017925,0.0,0.0,0.0,0.0,0.0,0.0,0.0,0.0,0.0
U,4,2,0,19,4,168.107917,0.0,0.0,168.107917,42.02697925,0.0,42.02697925,0.0,0.0,0.0,0.0,0.0,0.0,0.0,0.0,0.0
U,4,2,0,20,4,202.443623,0.0,0.0,202.443623,50.61090575,0.0,50.61090575,0.0,0.0,0.0,0.0,0.0,0.0,0.0,0.0,0.0
U,4,2,0,21,4,174.840435,0.0,0.0,174.840435,43.71010875,0.0,43.71010875,0.0,0.0,0.0,0.0,0.0,0.0,0.0,0.0,0.0
U,4,2,0,22,4,193.052663,0.0,0.0,193.052663,48.26316575,0.0,48.26316575,0.0,0.0,0.0,0.0,0.0,0.0,0.0,0.0,0.0
U,4,2,0,23,4,180.079374,0.0,0.0,180.079374,45.0198435,0.0,45.0198435,0.0,0.0,0.0,0.0,0.0,0.0,0.0,0.0,0.0
U,4,2,0,24,4,195.18676,0.0,0.0,195.18676,48.79669,0.0,48.79669,0.0,0.0,0.0,0.0,0.0,0.0,0.0,0.0,0.0
U,4,2,0,25,4,183.470124,0.0,0.0,183.470124,45.867531,0.0,45.867531,0.0,0.0,0.0,0.0,0.0,0.0,0.0,0.0,0.0
U,4,2,0,26,4,168.789799,0.0,0.0,168.789799,42.19744975,0.0,42.19744975,0.0,0.0,0.0,0.0,0.0,0.0,0.0,0.0,0.0
U,4,2,0,27,4,185.148599,0.0,0.0,185.148599,46.28714975,0.0,46.28714975,0.0,0.0,0.0,0.0,0.0,0.0,0.0,0.0,0.0
U,4,2,0,28,4,182.55672,0.0,0.0,182.55672,45.63918,0.0,45.63918,0.0,0.0,0.0,0.0,0.0,0.0,0.0,0.0,0.0
U,4,2,0,29,4,193.401457,0.0,0.0,193.401457,48.35036425,0.0,48.35036425,0.0,0.0,0.0,0.0,0.0,0.0,0.0,0.0,0.0
U,4,2,0,30,4,185.558282,0.0,0.0,185.558282,46.3895705,0.0,46.3895705,0.0,0.0,0.0,0.0,0.0,0.0,0.0,0.0,0.0
U,4,2,0,31,4,161.489812,0.0,0.0,161.489812,40.372453,0.0,40.372453,0.0,0.0,0.0,0.0,0.0,0.0,0.0,0.0,0.0
U,4,2,0,32,4,184.314428,0.0,0.0,184.314428,46.078607,0.0,46.078607,0.0,0.0,0.0,0.0,0.0,0.0,0.0,0.0,0.0
U,4,2,0,33,4,189.306032,0.0,0.0,189.306032,47.326508,0.0,47.326508,0.0,0.0,0.0,0.0,0.0,0.0,0.0,0.0,0.0
U,4,2,0,34,4,178.611296,0.0,0.0,178.611296,44.652824,0.0,44.652824,0.0,0.0,0.0,0.0,0.0,0.0,0.0,0.0,0.0
U,4,2,0,35,4,161.849014,0.0,0.0,161.849014,40.4622535,0.0,40.4622535,0.0,0.0,0.0,0.0,0.0,0.0,0.0,0.0,0.0
U,4,2,0,36,4,200.942617,0.0,0.0,200.942617,50.23565425,0.0,50.23565425,0.0,0.0,0.0,0.0,0.0,0.0,0.0,0.0,0.0
U,4,2,0,37,4,173.193603,0.0,0.0,173.193603,43.29840075,0.0,43.29840075,0.0,0.0,0.0,0.0,0.0,0.0,0.0,0.0,0.0
U,4,2,0,38,4,177.060059,0.0,0.0,177.060059,44.26501475,0.0,44.26501475,0.0,0.0,0.0,0.0,0.0,0.0,0.0,0.0,0.0
U,4,2,0,39,4,186.547391,0.0,0.0,186.547391,46.63684775,0.0,46.63684775,0.0,0.0,0.0,0.0,0.0,0.0,0.0,0.0,0.0
U,4,2,0,40,4,205.533866,0.0,0.0,205.533866,51.3834665,0.0,51.3834665,0.0,0.0,0.0,0.0,0.0,0.0,0.0,0.0,0.0
U,4,2,0,41,4,195.695475,0.0,0.0,195.695475,48.92386875,0.0,48.92386875,0.0,0.0,0.0,0.0,0.0,0.0,0.0,0.0,0.0
U,4,2,0,42,4,188.17676,0.0,0.0,188.17676,47.04419,0.0,47.04419,0.0,0.0,0.0,0.0,0.0,0.0,0.0,0.0,0.0
U,4,2,0,43,4,187.954759,0.0,0.0,187.954759,46.98868975,0.0,46.98868975,0.0,0.0,0.0,0.0,0.0,0.0,0.0,0.0,0.0
U,4,2,0,44,4,185.701256,0.0,0.0,185.701256,46.425314,0.0,46.425314,0.0,0.0,0.0,0.0,0.0,0.0,0.0,0.0,0.0
U,4,2,0,45,4,188.325151,0.0,0.0,188.325151,47.08128775,0.0,47.08128775,0.0,0.0,0.0,0.0,0.0,0.0,0.0,0.0,0.0
U,4,2,0,46,4,185.413651,0.0,0.0,185.413651,46.35341275,0.0,46.35341275,0.0,0.0,0.0,0.0,0.0,0.0,0.0,0.0,0.0
U,4,2,0,47,4,179.760815,0.0,0.0,179.760815,44.94020375,0.0,44.94020375,0.0,0.0,0.0,0.0,0.0,0.0,0.0,0.0,0.0
U,4,2,0,48,4,172.224826,0.0,0.0,172.224826,43.0562065,0.0,43.0562065,0.0,0.0,0.0,0.0,0.0,0.0,0.0,0.0,0.0
U,4,2,0,49,4,176.158815,0.0,0.0,176.158815,44.03970375,0.0,44.03970375,0.0,0.0,0.0,0.0,0.0,0.0,0.0,0.0,0.0
U,4,2,0,50,4,169.178787,0.0,0.0,169.178787,42.29469675,0.0,42.29469675,0.0,0.0,0.0,0.0,0.0,0.0,0.0,0.0,0.0
U,4,2,0,51,4,200.516084,0.0,0.0,200.516084,50.129021,0.0,50.129021,0.0,0.0,0.0,0.0,0.0,0.0,0.0,0.0,0.0
U,4,2,0,52,4,178.198311,0.0,0.0,178.198311,44.54957775,0.0,44.54957775,0.0,0.0,0.0,0.0,0.0,0.0,0.0,0.0,0.0
U,4,2,0,53,4,175.012065,0.0,0.0,175.012065,43.75301625,0.0,43.75301625,0.0,0.0,0.0,0.0,0.0,0.0,0.0,0.0,0.0
U,4,2,0,54,4,195.279364,0.0,0.0,195.279364,48.819841,0.0,48.819841,0.0,0.0,0.0,0.0,0.0,0.0,0.0,0.0,0.0
U,4,2,0,55,4,180.348586,0.0,0.0,180.348586,45.0871465,0.0,45.0871465,0.0,0.0,0.0,0.0,0.0,0.0,0.0,0.0,0.0
U,4,2,0,56,4,188.304912,0.0,0.0,188.304912,47.076228,0.0,47.076228,0.0,0.0,0.0,0.0,0.0,0.0,0.0,0.0,0.0
U,4,2,0,57,4,187.065801,0.0,0.0,187.065801,46.76645025,0.0,46.76645025,0.0,0.0,0.0,0.0,0.0,0.0,0.0,0.0,0.0
U,4,2,0,58,4,177.764995,0.0,0.0,177.764995,44.44124875,0.0,44.44124875,0.0,0.0,0.0,0.0,0.0,0.0,0.0,0.0,0.0
U,4,2,0,59,4,180.593245,0.0,0.0,180.593245,45.14831125,0.0,45.14831125,0.0,0.0,0.0,0.0,0.0,0.0,0.0,0.0,0.0
U,4,2,0,60,4,182.174881,0.0,0.0,182.174881,45.54372025,0.0,45.54372025,0.0,0.0,0.0,0.0,0.0,0.0,0.0,0.0,0.0
U,4,2,0,61,4,201.982456,0.0,0.0,201.982456,50.495614,0.0,50.495614,0.0,0.0,0.0,0.0,0.0,0.0,0.0,0.0,0.0
U,4,2,0,62,4,202.680505,0.0,0.0,202.680505,50.67012625,0.0,50.67012625,0.0,0.0,0.0,0.0,0.0,0.0,0.0,0.0,0.0
U,4,2,0,63,4,194.799803,0.0,0.0,194.799803,48.69995075,0.0,48.69995075,0.0,0.0,0.0,0.0,0.0,0.0,0.0,0.0,0.0
U,4,2,0,64,4,185.660901,0.0,0.0,185.660901,46.41522525,0.0,46.41522525,0.0,0.0,0.0,0.0,0.0,0.0,0.0,0.0,0.0
U,4,2,0,65,4,190.108551,0.0,0.0,190.108551,47.52713775,0.0,47.52713775,0.0,0.0,0.0,0.0,0.0,0.0,0.0,0.0,0.0
U,4,2,0,66,4,186.958441,0.0,0.0,186.958441,46.73961025,0.0,46.73961025,0.0,0.0,0.0,0.0,0.0,0.0,0.0,0.0,0.0
U,4,2,0,67,4,180.429704,0.0,0.0,180.429704,45.107426,0.0,45.107426,0.0,0.0,0.0,0.0,0.0,0.0,0.0,0.0,0.0
U,4,2,0,68,4,195.348144,0.0,0.0,195.348144,48.837036,0.0,48.837036,0.0,0.0,0.0,0.0,0.0,0.0,0.0,0.0,0.0
U,4,2,0,69,4,170.249486,0.0,0.0,170.249486,42.5623715,0.0,42.5623715,0.0,0.0,0.0,0.0,0.0,0.0,0.0,0.0,0.0
U,4,2,0,70,4,203.131473,0.0,0.0,203.131473,50.78286825,0.0,50.78286825,0.0,0.0,0.0,0.0,0.0,0.0,0.0,0.0,0.0
U,4,2,0,71,4,208.773504,0.0,0.0,208.773504,52.193376,0.0,52.193376,0.0,0.0,0.0,0.0,0.0,0.0,0.0,0.0,0.0
U,4,2,0,72,4,166.184075,0.0,0.0,166.184075,41.54601875,0.0,41.54601875,0.0,0.0,0.0,0.0,0.0,0.0,0.0,0.0,0.0
U,4,2,0,73,4,183.385168,0.0,0.0,183.385168,45.846292,0.0,45.846292,0.0,0.0,0.0,0.0,0.0,0.0,0.0,0.0,0.0
U,4,2,0,74,4,192.124164,0.0,0.0,192.124164,48.031041,0.0,48.031041,0.0,0.0,0.0,0.0,0.0,0.0,0.0,0.0,0.0
U,4,2,0,75,4,184.445863,0.0,0.0,184.445863,46.11146575,0.0,46.11146575,0.0,0.0,0.0,0.0,0.0,0.0,0.0,0.0,0.0
U,4,2,0,76,4,175.065747,0.0,0.0,175.065747,43.76643675,0.0,43.76643675,0.0,0.0,0.0,0.0,0.0,0.0,0.0,0.0,0.0
U,4,2,0,77,4,201.064746,0.0,0.0,201.064746,50.2661865,0.0,50.2661865,0.0,0.0,0.0,0.0,0.0,0.0,0.0,0.0,0.0
U,4,2,0,78,4,172.665518,0.0,0.0,172.665518,43.1663795,0.0,43.1663795,0.0,0.0,0.0,0.0,0.0,0.0,0.0,0.0,0.0
U,4,2,0,79,4,203.859108,0.0,0.0,203.859108,50.964777,0.0,50.964777,0.0,0.0,0.0,0.0,0.0,0.0,0.0,0.0,0.0
U,4,2,0,80,4,197.539345,0.0,0.0,197.539345,49.38483625,0.0,49.38483625,0.0,0.0,0.0,0.0,0.0,0.0,0.0,0.0,0.0
U,4,2,0,81,4,169.444879,0.0,0.0,169.444879,42.36121975,0.0,42.36121975,0.0,0.0,0.0,0.0,0.0,0.0,0.0,0.0,0.0
U,4,2,0,82,4,207.083096,0.0,0.0,207.083096,51.770774,0.0,51.770774,0.0,0.0,0.0,0.0,0.0,0.0,0.0,0.0,0.0
U,4,2,0,83,4,168.204848,0.0,0.0,168.204848,42.051212,0.0,42.051212,0.0,0.0,0.0,0.0,0.0,0.0,0.0,0.0,0.0
U,4,2,0,84,4,184.064336,0.0,0.0,184.064336,46.016084,0.0,46.016084,0.0,0.0,0.0,0.0,0.0,0.0,0.0,0.0,0.0
U,4,2,0,85,4,175.133871,0.0,0.0,175.133871,43.78346775,0.0,43.78346775,0.0,0.0,0.0,0.0,0.0,0.0,0.0,0.0,0.0
U,4,2,0,86,4,187.386587,0.0,0.0,187.386587,46.84664675,0.0,46.84664675,0.0,0.0,0.0,0.0,0.0,0.0,0.0,0.0,0.0
U,4,2,0,87,4,189.590772,0.0,0.0,189.590772,47.397693,0.0,47.397693,0.0,0.0,0.0,0.0,0.0,0.0,0.0,0.0,0.0
U,4,2,0,88,4,174.988049,0.0,0.0,174.988049,43.74701225,0.0,43.74701225,0.0,0.0,0.0,0.0,0.0,0.0,0.0,0.0,0.0
U,4,2,0,89,4,186.240998,0.0,0.0,186.240998,46.5602495,0.0,46.5602495,0.0,0.0,0.0,0.0,0.0,0.0,0.0,0.0,0.0
U,4,2,0,90,4,167.634111,0.0,0.0,167.634111,41.90852775,0.0,41.90852775,0.0,0.0,0.0,0.0,0.0,0.0,0.0,0.0,0.0
U,4,2,0,91,4,160.445297,0.0,0.0,160.445297,40.11132425,0.0,40.11132425,0.0,0.0,0.0,0.0,0.0,0.0,0.0,0.0,0.0
U,4,2,0,92,4,168.058997,0.0,0.0,168.058997,42.01474925,0.0,42.01474925,0.0,0.0,0.0,0.0,0.0,0.0,0.0,0.0,0.0
U,4,2,0,93,4,170.330915,0.0,0.0,170.330915,42.58272875,0.0,42.58272875,0.0,0.0,0.0,0.0,0.0,0.0,0.0,0.0,0.0
U,4,2,0,94,4,171.325668,0.0,0.0,171.325668,42.831417,0.0,42.831417,0.0,0.0,0.0,0.0,0.0,0.0,0.0,0.0,0.0
U,4,2,0,95,4,170.825536,0.0,0.0,170.825536,42.706384,0.0,42.706384,0.0,0.0,0.0,0.0,0.0,0.0,0.0,0.0,0.0
U,4,2,0,96,4,170.806651,0.0,0.0,170.806651,42.70166275,0.0,42.70166275,0.0,0.0,0.0,0.0,0.0,0.0,0.0,0.0,0.0
U,4,2,0,97,4,167.44248,0.0,0.0,167.44248,41.86062,0.0,41.86062,0.0,0.0,0.0,0.0,0.0,0.0,0.0,0.0,0.0
U,4,2,0,98,4,186.511642,0.0,0.0,186.511642,46.6279105,0.0,46.6279105,0.0,0.0,0.0,0.0,0.0,0.0,0.0,0.0,0.0
U,4,2,0,99,4,181.764066,0.0,0.0,181.764066,45.4410165,0.0,45.4410165,0.0,0.0,0.0,0.0,0.0,0.0,0.0,0.0,0.0
U,4,2,0,100,4,163.738396,0.0,0.0,163.738396,40.934599,0.0,40.934599,0.0,0.0,0.0,0.0,0.0,0.0,0.0,0.0,0.0
U,4,2,0,101,4,182.690718,0.0,0.0,182.690718,45.6726795,0.0,45.6726795,0.0,0.0,0.0,0.0,0.0,0.0,0.0,0.0,0.0
U,4,2,0,102,4,174.542635,0.0,0.0,174.542635,43.63565875,0.0,43.63565875,0.0,0.0,0.0,0.0,0.0,0.0,0.0,0.0,0.0
U,4,2,0,103,4,186.31189,0.0,0.0,186.31189,46.5779725,0.0,46.5779725,0.0,0.0,0.0,0.0,0.0,0.0,0.0,0.0,0.0
U,4,2,0,104,4,183.348991,0.0,0.0,183.348991,45.83724775,0.0,45.83724775,0.0,0.0,0.0,0.0,0.0,0.0,0.0,0.0,0.0
U,4,2,0,105,4,180.228654,0.0,0.0,180.228654,45.0571635,0.0,45.0571635,0.0,0.0,0.0,0.0,0.0,0.0,0.0,0.0,0.0
U,4,2,0,106,4,182.026292,0.0,0.0,182.026292,45.506573,0.0,45.506573,0.0,0.0,0.0,0.0,0.0,0.0,0.0,0.0,0.0
U,4,2,0,107,4,184.776941,0.0,0.0,184.776941,46.19423525,0.0,46.19423525,0.0,0.0,0.0,0.0,0.0,0.0,0.0,0.0,0.0
U,4,2,0,108,4,195.285229,0.0,0.0,195.285229,48.82130725,0.0,48.82130725,0.0,0.0,0.0,0.0,0.0,0.0,0.0,0.0,0.0
U,4,2,0,109,4,178.685332,0.0,0.0,178.685332,44.671333,0.0,44.671333,0.0,0.0,0.0,0.0,0.0,0.0,0.0,0.0,0.0
U,4,2,0,110,4,178.067549,0.0,0.0,178.067549,44.51688725,0.0,44.51688725,0.0,0.0,0.0,0.0,0.0,0.0,0.0,0.0,0.0
U,4,2,0,111,4,159.24847,0.0,0.0,159.24847,39.8121175,0.0,39.8121175,0.0,0.0,0.0,0.0,0.0,0.0,0.0,0.0,0.0
U,4,2,0,112,4,158.744407,0.0,0.0,158.744407,39.68610175,0.0,39.68610175,0.0,0.0,0.0,0.0,0.0,0.0,0.0,0.0,0.0
U,4,2,0,113,4,176.543599,0.0,0.0,176.543599,44.13589975,0.0,44.13589975,0.0,0.0,0.0,0.0,0.0,0.0,0.0,0.0,0.0
U,4,2,0,114,4,173.387645,0.0,0.0,173.387645,43.34691125,0.0,43.34691125,0.0,0.0,0.0,0.0,0.0,0.0,0.0,0.0,0.0
U,4,2,0,115,4,163.181326,0.0,0.0,163.181326,40.7953315,0.0,40.7953315,0.0,0.0,0.0,0.0,0.0,0.0,0.0,0.0,0.0
U,4,2,0,116,4,167.321425,0.0,0.0,167.321425,41.83035625,0.0,41.83035625,0.0,0.0,0.0,0.0,0.0,0.0,0.0,0.0,0.0
U,4,2,0,117,4,191.516895,0.0,0.0,191.516895,47.87922375,0.0,47.87922375,0.0,0.0,0.0,0.0,0.0,0.0,0.0,0.0,0.0
U,4,2,0,118,4,186.093915,0.0,0.0,186.093915,46.52347875,0.0,46.52347875,0.0,0.0,0.0,0.0,0.0,0.0,0.0,0.0,0.0
U,4,2,0,119,4,175.508726,0.0,0.0,175.508726,43.8771815,0.0,43.8771815,0.0,0.0,0.0,0.0,0.0,0.0,0.0,0.0,0.0
U,16,2,1,0,4,310.963359,0.0,0.0,310.963359,77.74083975,0.0,77.74083975,0.0,0.0,0.0,0.0,0.0,0.0,0.0,0.0,0.0
U,16,2,1,1,4,275.291227,0.0,0.0,275.291227,68.82280675,0.0,68.82280675,0.0,0.0,0.0,0.0,0.0,0.0,0.0,0.0,0.0
U,16,2,1,2,4,288.623722,0.0,0.0,288.623722,72.1559305,0.0,72.1559305,0.0,0.0,0.0,0.0,0.0,0.0,0.0,0.0,0.0
U,16,2,1,3,4,276.785332,0.0,0.0,276.785332,69.196333,0.0,69.196333,0.0,0.0,0.0,0.0,0.0,0.0,0.0,0.0,0.0
U,16,2,1,4,4,348.151017,0.0,0.0,348.151017,87.03775425,0.0,87.03775425,0.0,0.0,0.0,0.0,0.0,0.0,0.0,0.0,0.0
U,16,2,1,5,4,221.610479,0.0,0.0,221.610479,55.40261975,0.0,55.40261975,0.0,0.0,0.0,0.0,0.0,0.0,0.0,0.0,0.0
U,16,2,1,6,4,305.672482,0.0,0.0,305.672482,76.4181205,0.0,76.4181205,0.0,0.0,0.0,0.0,0.0,0.0,0.0,0.0,0.0
U,16,2,1,7,4,284.024201,0.0,0.0,284.024201,71.00605025,0.0,71.00605025,0.0,0.0,0.0,0.0,0.0,0.0,0.0,0.0,0.0
U,16,2,1,8,4,334.97766,0.0,0.0,334.97766,83.744415,0.0,83.744415,0.0,0.0,0.0,0.0,0.0,0.0,0.0,0.0,0.0
U,16,2,1,9,4,329.363926,0.0,0.0,329.363926,82.3409815,0.0,82.3409815,0.0,0.0,0.0,0.0,0.0,0.0,0.0,0.0,0.0
U,16,2,1,10,4,314.811346,0.0,0.0,314.811346,78.7028365,0.0,78.7028365,0.0,0.0,0.0,0.0,0.0,0.0,0.0,0.0,0.0
U,16,2,1,11,4,369.744789,0.0,0.0,369.744789,92.43619725,0.0,92.43619725,0.0,0.0,0.0,0.0,0.0,0.0,0.0,0.0,0.0
U,16,2,1,12,4,287.488872,0.0,0.0,287.488872,71.872218,0.0,71.872218,0.0,0.0,0.0,0.0,0.0,0.0,0.0,0.0,0.0
U,16,2,1,13,4,361.238685,0.0,0.0,361.238685,90.30967125,0.0,90.30967125,0.0,0.0,0.0,0.0,0.0,0.0,0.0,0.0,0.0
U,16,2,1,14,4,280.914507,0.0,0.0,280.914507,70.22862675,0.0,70.22862675,0.0,0.0,0.0,0.0,0.0,0.0,0.0,0.0,0.0
U,16,2,1,15,4,294.059179,0.0,0.0,294.059179,73.51479475,0.0,73.51479475,0.0,0.0,0.0,0.0,0.0,0.0,0.0,0.0,0.0
U,16,2,1,16,4,304.857071,0.0,0.0,304.857071,76.21426775,0.0,76.21426775,0.0,0.0,0.0,0.0,0.0,0.0,0.0,0.0,0.0
U,16,2,1,17,4,282.080265,0.0,0.0,282.080265,70.52006625,0.0,70.52006625,0.0,0.0,0.0,0.0,0.0,0.0,0.0,0.0,0.0
U,16,2,1,18,4,299.828394,0.0,0.0,299.828394,74.9570985,0.0,74.9570985,0.0,0.0,0.0,0.0,0.0,0.0,0.0,0.0,0.0
U,16,2,1,19,4,293.648001,0.0,0.0,293.648001,73.41200025,0.0,73.41200025,0.0,0.0,0.0,0.0,0.0,0.0,0.0,0.0,0.0
U,16,2,1,20,4,255.219977,0.0,0.0,255.219977,63.80499425,0.0,63.80499425,0.0,0.0,0.0,0.0,0.0,0.0,0.0,0.0,0.0
U,16,2,1,21,4,276.10367,0.0,0.0,276.10367,69.0259175,0.0,69.0259175,0.0,0.0,0.0,0.0,0.0,0.0,0.0,0.0,0.0
U,16,2,1,22,4,273.167342,0.0,0.0,273.167342,68.2918355,0.0,68.2918355,0.0,0.0,0.0,0.0,0.0,0.0,0.0,0.0,0.0
U,16,2,1,23,4,295.316882,0.0,0.0,295.316882,73.8292205,0.0,73.8292205,0.0,0.0,0.0,0.0,0.0,0.0,0.0,0.0,0.0
U,16,2,1,24,4,284.746648,0.0,0.0,284.746648,71.186662,0.0,71.186662,0.0,0.0,0.0,0.0,0.0,0.0,0.0,0.0,0.0
U,16,2,1,25,4,321.836646,0.0,0.0,321.836646,80.4591615,0.0,80.4591615,0.0,0.0,0.0,0.0,0.0,0.0,0.0,0.0,0.0
U,16,2,1,26,4,357.421819,0.0,0.0,357.421819,89.35545475,0.0,89.35545475,0.0,0.0,0.0,0.0,0.0,0.0,0.0,0.0,0.0
U,16,2,1,27,4,279.736618,0.0,0.0,279.736618,69.9341545,0.0,69.9341545,0.0,0.0,0.0,0.0,0.0,0.0,0.0,0.0,0.0
U,16,2,1,28,4,307.130936,0.0,0.0,307.130936,76.782734,0.0,76.782734,0.0,0.0,0.0,0.0,0.0,0.0,0.0,0.0,0.0
U,16,2,1,29,4,272.441965,0.0,0.0,272.441965,68.11049125,0.0,68.11049125,0.0,0.0,0.0,0.0,0.0,0.0,0.0,0.0,0.0
U,16,2,1,30,4,306.703792,0.0,0.0,306.703792,76.675948,0.0,76.675948,0.0,0.0,0.0,0.0,0.0,0.0,0.0,0.0,0.0
U,16,2,1,31,4,333.005396,0.0,0.0,333.005396,83.251349,0.0,83.251349,0.0,0.0,0.0,0.0,0.0,0.0,0.0,0.0,0.0
U,16,2,1,32,4,263.533722,0.0,0.0,263.533722,65.8834305,0.0,65.8834305,0.0,0.0,0.0,0.0,0.0,0.0,0.0,0.0,0.0
U,16,2,1,33,4,275.820504,0.0,0.0,275.820504,68.955126,0.0,68.955126,0.0,0.0,0.0,0.0,0.0,0.0,0.0,0.0,0.0
U,16,2,1,34,4,323.571199,0.0,0.0,323.571199,80.89279975,0.0,80.89279975,0.0,0.0,0.0,0.0,0.0,0.0,0.0,0.0,0.0
U,16,2,1,35,4,307.590636,0.0,0.0,307.590636,76.897659,0.0,76.897659,0.0,0.0,0.0,0.0,0.0,0.0,0.0,0.0,0.0
U,16,2,1,36,4,357.239319,0.0,0.0,357.239319,89.30982975,0.0,89.30982975,0.0,0.0,0.0,0.0,0.0,0.0,0.0,0.0,0.0
U,16,2,1,37,4,309.112213,0.0,0.0,309.112213,77.27805325,0.0,77.27805325,0.0,0.0,0.0,0.0,0.0,0.0,0.0,0.0,0.0
U,16,2,1,38,4,290.486086,0.0,0.0,290.486086,72.6215215,0.0,72.6215215,0.0,0.0,0.0,0.0,0.0,0.0,0.0,0.0,0.0
U,16,2,1,39,4,357.331316,0.0,0.0,357.331316,89.332829,0.0,89.332829,0.0,0.0,0.0,0.0,0.0,0.0,0.0,0.0,0.0
U,16,2,1,40,4,332.590335,0.0,0.0,332.590335,83.14758375,0.0,83.14758375,0.0,0.0,0.0,0.0,0.0,0.0,0.0,0.0,0.0
U,16,2,1,41,4,266.046069,0.0,0.0,266.046069,66.51151725,0.0,66.51151725,0.0,0.0,0.0,0.0,0.0,0.0,0.0,0.0,0.0
U,16,2,1,42,4,320.505892,0.0,0.0,320.505892,80.126473,0.0,80.126473,0.0,0.0,0.0,0.0,0.0,0.0,0.0,0.0,0.0
U,16,2,1,43,4,298.360609,0.0,0.0,298.360609,74.59015225,0.0,74.59015225,0.0,0.0,0.0,0.0,0.0,0.0,0.0,0.0,0.0
U,16,2,1,44,4,293.408376,0.0,0.0,293.408376,73.352094,0.0,73.352094,0.0,0.0,0.0,0.0,0.0,0.0,0.0,0.0,0.0
U,16,2,1,45,4,291.360753,0.0,0.0,291.360753,72.84018825,0.0,72.84018825,0.0,0.0,0.0,0.0,0.0,0.0,0.0,0.0,0.0
U,16,2,1,46,4,328.446056,0.0,0.0,328.446056,82.111514,0.0,82.111514,0.0,0.0,0.0,0.0,0.0,0.0,0.0,0.0,0.0
U,16,2,1,47,4,268.603167,0.0,0.0,268.603167,67.15079175,0.0,67.15079175,0.0,0.0,0.0,0.0,0.0,0.0,0.0,0.0,0.0
U,16,2,1,48,4,316.624744,0.0,0.0,316.624744,79.156186,0.0,79.156186,0.0,0.0,0.0,0.0,0.0,0.0,0.0,0.0,0.0
U,16,2,1,49,4,294.193068,0.0,0.0,294.193068,73.548267,0.0,73.548267,0.0,0.0,0.0,0.0,0.0,0.0,0.0,0.0,0.0
U,16,2,1,50,4,308.598253,0.0,0.0,308.598253,77.14956325,0.0,77.14956325,0.0,0.0,0.0,0.0,0.0,0.0,0.0,0.0,0.0
U,16,2,1,51,4,295.386906,0.0,0.0,295.386906,73.8467265,0.0,73.8467265,0.0,0.0,0.0,0.0,0.0,0.0,0.0,0.0,0.0
U,16,2,1,52,4,292.275103,0.0,0.0,292.275103,73.06877575,0.0,73.06877575,0.0,0.0,0.0,0.0,0.0,0.0,0.0,0.0,0.0
U,16,2,1,53,4,252.091907,0.0,0.0,252.091907,63.02297675,0.0,63.02297675,0.0,0.0,0.0,0.0,0.0,0.0,0.0,0.0,0.0
U,16,2,1,54,4,286.125211,0.0,0.0,286.125211,71.53130275,0.0,71.53130275,0.0,0.0,0.0,0.0,0.0,0.0,0.0,0.0,0.0
U,16,2,1,55,4,256.795064,0.0,0.0,256.795064,64.198766,0.0,64.198766,0.0,0.0,0.0,0.0,0.0,0.0,0.0,0.0,0.0
U,16,2,1,56,4,263.247466,0.0,0.0,263.247466,65.8118665,0.0,65.8118665,0.0,0.0,0.0,0.0,0.0,0.0,0.0,0.0,0.0
U,16,2,1,57,4,263.557865,0.0,0.0,263.557865,65.88946625,0.0,65.88946625,0.0,0.0,0.0,0.0,0.0,0.0,0.0,0.0,0.0
U,16,2,1,58,4,273.017342,0.0,0.0,273.017342,68.2543355,0.0,68.2543355,0.0,0.0,0.0,0.0,0.0,0.0,0.0,0.0,0.0
U,16,2,1,59,4,223.075141,0.0,0.0,223.075141,55.76878525,0.0,55.76878525,0.0,0.0,0.0,0.0,0.0,0.0,0.0,0.0,0.0
U,16,2,1,60,4,276.108996,0.0,0.0,276.108996,69.027249,0.0,69.027249,0.0,0.0,0.0,0.0,0.0,0.0,0.0,0.0,0.0
U,16,2,1,61,4,336.893431,0.0,0.0,336.893431,84.22335775,0.0,84.22335775,0.0,0.0,0.0,0.0,0.0,0.0,0.0,0.0,0.0
U,16,2,1,62,4,317.576925,0.0,0.0,317.576925,79.39423125,0.0,79.39423125,0.0,0.0,0.0,0.0,0.0,0.0,0.0,0.0,0.0
U,16,2,1,63,4,265.0628,0.0,0.0,265.0628,66.2657,0.0,66.2657,0.0,0.0,0.0,0.0,0.0,0.0,0.0,0.0,0.0
U,16,2,1,64,4,263.629454,0.0,0.0,263.629454,65.9073635,0.0,65.9073635,0.0,0.0,0.0,0.0,0.0,0.0,0.0,0.0,0.0
U,16,2,1,65,4,275.515269,0.0,0.0,275.515269,68.87881725,0.0,68.87881725,0.0,0.0,0.0,0.0,0.0,0.0,0.0,0.0,0.0
U,16,2,1,66,4,255.704741,0.0,0.0,255.704741,63.92618525,0.0,63.92618525,0.0,0.0,0.0,0.0,0.0,0.0,0.0,0.0,0.0
U,16,2,1,67,4,276.249377,0.0,0.0,276.249377,69.06234425,0.0,69.06234425,0.0,0.0,0.0,0.0,0.0,0.0,0.0,0.0,0.0
U,16,2,1,68,4,298.241873,0.0,0.0,298.241873,74.56046825,0.0,74.56046825,0.0,0.0,0.0,0.0,0.0,0.0,0.0,0.0,0.0
U,16,2,1,69,4,288.31338,0.0,0.0,288.31338,72.078345,0.0,72.078345,0.0,0.0,0.0,0.0,0.0,0.0,0.0,0.0,0.0
U,16,2,1,70,4,278.435421,0.0,0.0,278.435421,69.60885525,0.0,69.60885525,0.0,0.0,0.0,0.0,0.0,0.0,0.0,0.0,0.0
U,16,2,1,71,4,256.110529,0.0,0.0,256.110529,64.02763225,0.0,64.02763225,0.0,0.0,0.0,0.0,0.0,0.0,0.0,0.0,0.0
U,16,2,1,72,4,255.021417,0.0,0.0,255.021417,63.75535425,0.0,63.75535425,0.0,0.0,0.0,0.0,0.0,0.0,0.0,0.0,0.0
U,16,2,1,73,4,289.052114,0.0,0.0,289.052114,72.2630285,0.0,72.2630285,0.0,0.0,0.0,0.0,0.0,0.0,0.0,0.0,0.0
U,16,2,1,74,4,291.64689,0.0,0.0,291.64689,72.9117225,0.0,72.9117225,0.0,0.0,0.0,0.0,0.0,0.0,0.0,0.0,0.0
U,16,2,1,75,4,252.8977,0.0,0.0,252.8977,63.224425,0.0,63.224425,0.0,0.0,0.0,0.0,0.0,0.0,0.0,0.0,0.0
U,16,2,1,76,4,278.81765,0.0,0.0,278.81765,69.7044125,0.0,69.7044125,0.0,0.0,0.0,0.0,0.0,0.0,0.0,0.0,0.0
U,16,2,1,77,4,252.638228,0.0,0.0,252.638228,63.159557,0.0,63.159557,0.0,0.0,0.0,0.0,0.0,0.0,0.0,0.0,0.0
U,16,2,1,78,4,271.691243,0.0,0.0,271.691243,67.92281075,0.0,67.92281075,0.0,0.0,0.0,0.0,0.0,0.0,0.0,0.0,0.0
U,16,2,1,79,4,293.726785,0.0,0.0,293.726785,73.43169625,0.0,73.43169625,0.0,0.0,0.0,0.0,0.0,0.0,0.0,0.0,0.0
U,16,2,1,80,4,283.475074,0.0,0.0,283.475074,70.8687685,0.0,70.8687685,0.0,0.0,0.0,0.0,0.0,0.0,0.0,0.0,0.0
U,16,2,1,81,4,241.862189,0.0,0.0,241.862189,60.46554725,0.0,60.46554725,0.0,0.0,0.0,0.0,0.0,0.0,0.0,0.0,0.0
U,16,2,1,82,4,313.905553,0.0,0.0,313.905553,78.47638825,0.0,78.47638825,0.0,0.0,0.0,0.0,0.0,0.0,0.0,0.0,0.0
U,16,2,1,83,4,257.097915,0.0,0.0,257.097915,64.27447875,0.0,64.27447875,0.0,0.0,0.0,0.0,0.0,0.0,0.0,0.0,0.0
U,16,2,1,84,4,289.057212,0.0,0.0,289.057212,72.264303,0.0,72.264303,0.0,0.0,0.0,0.0,0.0,0.0,0.0,0.0,0.0
U,16,2,1,85,4,299.133617,0.0,0.0,299.133617,74.78340425,0.0,74.78340425,0.0,0.0,0.0,0.0,0.0,0.0,0.0,0.0,0.0
U,16,2,1,86,4,268.417304,0.0,0.0,268.417304,67.104326,0.0,67.104326,0.0,0.0,0.0,0.0,0.0,0.0,0.0,0.0,0.0
U,16,2,1,87,4,298.271709,0.0,0.0,298.271709,74.56792725,0.0,74.56792725,0.0,0.0,0.0,0.0,0.0,0.0,0.0,0.0,0.0
U,16,2,1,88,4,291.980314,0.0,0.0,291.980314,72.9950785,0.0,72.9950785,0.0,0.0,0.0,0.0,0.0,0.0,0.0,0.0,0.0
U,16,2,1,89,4,243.826414,0.0,0.0,243.826414,60.9566035,0.0,60.9566035,0.0,0.0,0.0,0.0,0.0,0.0,0.0,0.0,0.0
U,16,2,1,90,4,292.116836,0.0,0.0,292.116836,73.029209,0.0,73.029209,0.0,0.0,0.0,0.0,0.0,0.0,0.0,0.0,0.0
U,16,2,1,91,4,269.098579,0.0,0.0,269.098579,67.27464475,0.0,67.27464475,0.0,0.0,0.0,0.0,0.0,0.0,0.0,0.0,0.0
U,16,2,1,92,4,261.284677,0.0,0.0,261.284677,65.32116925,0.0,65.32116925,0.0,0.0,0.0,0.0,0.0,0.0,0.0,0.0,0.0
U,16,2,1,93,4,272.940327,0.0,0.0,272.940327,68.23508175,0.0,68.23508175,0.0,0.0,0.0,0.0,0.0,0.0,0.0,0.0,0.0
U,16,2,1,94,4,300.575732,0.0,0.0,300.575732,75.143933,0.0,75.143933,0.0,0.0,0.0,0.0,0.0,0.0,0.0,0.0,0.0
U,16,2,1,95,4,243.8308,0.0,0.0,243.8308,60.9577,0.0,60.9577,0.0,0.0,0.0,0.0,0.0,0.0,0.0,0.0,0.0
U,16,2,1,96,4,310.260823,0.0,0.0,310.260823,77.56520575,0.0,77.56520575,0.0,0.0,0.0,0.0,0.0,0.0,0.0,0.0,0.0
U,16,2,1,97,4,275.176716,0.0,0.0,275.176716,68.794179,0.0,68.794179,0.0,0.0,0.0,0.0,0.0,0.0,0.0,0.0,0.0
U,16,2,1,98,4,285.925192,0.0,0.0,285.925192,71.481298,0.0,71.481298,0.0,0.0,0.0,0.0,0.0,0.0,0.0,0.0,0.0
U,16,2,1,99,4,280.253793,0.0,0.0,280.253793,70.06344825,0.0,70.06344825,0.0,0.0,0.0,0.0,0.0,0.0,0.0,0.0,0.0
U,16,2,1,100,4,293.513135,0.0,0.0,293.513135,73.37828375,0.0,73.37828375,0.0,0.0,0.0,0.0,0.0,0.0,0.0,0.0,0.0
U,16,2,1,101,4,280.082393,0.0,0.0,280.082393,70.02059825,0.0,70.02059825,0.0,0.0,0.0,0.0,0.0,0.0,0.0,0.0,0.0
U,16,2,1,102,4,284.661551,0.0,0.0,284.661551,71.16538775,0.0,71.16538775,0.0,0.0,0.0,0.0,0.0,0.0,0.0,0.0,0.0
U,16,2,1,103,4,267.541719,0.0,0.0,267.541719,66.88542975,0.0,66.88542975,0.0,0.0,0.0,0.0,0.0,0.0,0.0,0.0,0.0
U,16,2,1,104,4,247.160886,0.0,0.0,247.160886,61.7902215,0.0,61.7902215,0.0,0.0,0.0,0.0,0.0,0.0,0.0,0.0,0.0
U,16,2,1,105,4,261.345938,0.0,0.0,261.345938,65.3364845,0.0,65.3364845,0.0,0.0,0.0,0.0,0.0,0.0,0.0,0.0,0.0
U,16,2,1,106,4,277.290906,0.0,0.0,277.290906,69.3227265,0.0,69.3227265,0.0,0.0,0.0,0.0,0.0,0.0,0.0,0.0,0.0
U,16,2,1,107,4,270.027794,0.0,0.0,270.027794,67.5069485,0.0,67.5069485,0.0,0.0,0.0,0.0,0.0,0.0,0.0,0.0,0.0
U,16,2,1,108,4,311.321886,0.0,0.0,311.321886,77.8304715,0.0,77.8304715,0.0,0.0,0.0,0.0,0.0,0.0,0.0,0.0,0.0
U,16,2,1,109,4,286.53591,0.0,0.0,286.53591,71.6339775,0.0,71.6339775,0.0,0.0,0.0,0.0,0.0,0.0,0.0,0.0,0.0
U,16,2,1,110,4,286.93931,0.0,0.0,286.93931,71.7348275,0.0,71.7348275,0.0,0.0,0.0,0.0,0.0,0.0,0.0,0.0,0.0
U,16,2,1,111,4,266.475933,0.0,0.0,266.475933,66.61898325,0.0,66.61898325,0.0,0.0,0.0,0.0,0.0,0.0,0.0,0.0,0.0
U,16,2,1,112,4,256.972653,0.0,0.0,256.972653,64.24316325,0.0,64.24316325,0.0,0.0,0.0,0.0,0.0,0.0,0.0,0.0,0.0
U,16,2,1,113,4,255.55266,0.0,0.0,255.55266,63.888165,0.0,63.888165,0.0,0.0,0.0,0.0,0.0,0.0,0.0,0.0,0.0
U,16,2,1,114,4,265.583367,0.0,0.0,265.583367,66.39584175,0.0,66.39584175,0.0,0.0,0.0,0.0,0.0,0.0,0.0,0.0,0.0
U,16,2,1,115,4,279.665461,0.0,0.0,279.665461,69.91636525,0.0,69.91636525,0.0,0.0,0.0,0.0,0.0,0.0,0.0,0.0,0.0
U,16,2,1,116,4,245.979426,0.0,0.0,245.979426,61.4948565,0.0,61.4948565,0.0,0.0,0.0,0.0,0.0,0.0,0.0,0.0,0.0
U,16,2,1,117,4,297.091921,0.0,0.0,297.091921,74.27298025,0.0,74.27298025,0.0,0.0,0.0,0.0,0.0,0.0,0.0,0.0,0.0
U,16,2,1,118,4,257.330476,0.0,0.0,257.330476,64.332619,0.0,64.332619,0.0,0.0,0.0,0.0,0.0,0.0,0.0,0.0,0.0
U,16,2,1,119,4,248.870598,0.0,0.0,248.870598,62.2176495,0.0,62.2176495,0.0,0.0,0.0,0.0,0.0,0.0,0.0,0.0,0.0
U,64,2,2,0,4,765.0684,0.0,0.0,765.0684,191.2671,0.0,191.2671,0.0,0.0,0.0,0.0,0.0,0.0,0.0,0.0,0.0
U,64,2,2,1,4,678.185279,0.0,0.0,678.185279,169.54631975,0.0,169.54631975,0.0,0.0,0.0,0.0,0.0,0.0,0.0,0.0,0.0
U,64,2,2,2,4,753.347616,0.0,0.0,753.347616,188.336904,0.0,188.336904,0.0,0.0,0.0,0.0,0.0,0.0,0.0,0.0,0.0
U,64,2,2,3,4,757.434502,0.0,0.0,757.434502,189.3586255,0.0,189.3586255,0.0,0.0,0.0,0.0,0.0,0.0,0.0,0.0,0.0
U,64,2,2,4,4,772.48499,0.0,0.0,772.48499,193.1212475,0.0,193.1212475,0.0,0.0,0.0,0.0,0.0,0.0,0.0,0.0,0.0
U,64,2,2,5,4,769.026492,0.0,0.0,769.026492,192.256623,0.0,192.256623,0.0,0.0,0.0,0.0,0.0,0.0,0.0,0.0,0.0
U,64,2,2,6,4,636.223988,0.0,0.0,636.223988,159.055997,0.0,159.055997,0.0,0.0,0.0,0.0,0.0,0.0,0.0,0.0,0.0
U,64,2,2,7,4,682.565964,0.0,0.0,682.565964,170.641491,0.0,170.641491,0.0,0.0,0.0,0.0,0.0,0.0,0.0,0.0,0.0
U,64,2,2,8,4,616.657526,0.0,0.0,616.657526,154.1643815,0.0,154.1643815,0.0,0.0,0.0,0.0,0.0,0.0,0.0,0.0,0.0
U,64,2,2,9,4,815.840193,0.0,0.0,815.840193,203.96004825,0.0,203.96004825,0.0,0.0,0.0,0.0,0.0,0.0,0.0,0.0,0.0
U,64,2,2,10,4,836.078929,0.0,0.0,836.078929,209.01973225,0.0,209.01973225,0.0,0.0,0.0,0.0,0.0,0.0,0.0,0.0,0.0
U,64,2,2,11,4,615.215786,0.0,0.0,615.215786,153.8039465,0.0,153.8039465,0.0,0.0,0.0,0.0,0.0,0.0,0.0,0.0,0.0
U,64,2,2,12,4,730.261721,0.0,0.0,730.261721,182.56543025,0.0,182.56543025,0.0,0.0,0.0,0.0,0.0,0.0,0.0,0.0,0.0
U,64,2,2,13,4,778.373301,0.0,0.0,778.373301,194.59332525,0.0,194.59332525,0.0,0.0,0.0,0.0,0.0,0.0,0.0,0.0,0.0
U,64,2,2,14,4,643.876372,0.0,0.0,643.876372,160.969093,0.0,160.969093,0.0,0.0,0.0,0.0,0.0,0.0,0.0,0.0,0.0
U,64,2,2,15,4,737.659167,0.0,0.0,737.659167,184.41479175,0.0,184.41479175,0.0,0.0,0.0,0.0,0.0,0.0,0.0,0.0,0.0
U,64,2,2,16,4,811.281439,0.0,0.0,811.281439,202.82035975,0.0,202.82035975,0.0,0.0,0.0,0.0,0.0,0.0,0.0,0.0,0.0
U,64,2,2,17,4,784.466096,0.0,0.0,784.466096,196.116524,0.0,196.116524,0.0,0.0,0.0,0.0,0.0,0.0,0.0,0.0,0.0
U,64,2,2,18,4,635.052671,0.0,0.0,635.052671,158.76316775,0.0,158.76316775,0.0,0.0,0.0,0.0,0.0,0.0,0.0,0.0,0.0
U,64,2,2,19,4,698.171253,0.0,0.0,698.171253,174.54281325,0.0,174.54281325,0.0,0.0,0.0,0.0,0.0,0.0,0.0,0.0,0.0
U,64,2,2,20,4,496.235961,0.0,0.0,496.235961,124.05899025,0.0,124.05899025,0.0,0.0,0.0,0.0,0.0,0.0,0.0,0.0,0.0
U,64,2,2,21,4,767.906139,0.0,0.0,767.906139,191.97653475,0.0,191.97653475,0.0,0.0,0.0,0.0,0.0,0.0,0.0,0.0,0.0
U,64,2,2,22,4,780.613988,0.0,0.0,780.613988,195.153497,0.0,195.153497,0.0,0.0,0.0,0.0,0.0,0.0,0.0,0.0,0.0
U,64,2,2,23,4,709.141619,0.0,0.0,709.141619,177.28540475,0.0,177.28540475,0.0,0.0,0.0,0.0,0.0,0.0,0.0,0.0,0.0
U,64,2,2,24,4,578.565962,0.0,0.0,578.565962,144.6414905,0.0,144.6414905,0.0,0.0,0.0,0.0,0.0,0.0,0.0,0.0,0.0
U,64,2,2,25,4,519.34076,0.0,0.0,519.34076,129.83519,0.0,129.83519,0.0,0.0,0.0,0.0,0.0,0.0,0.0,0.0,0.0
U,64,2,2,26,4,503.804399,0.0,0.0,503.804399,125.95109975,0.0,125.95109975,0.0,0.0,0.0,0.0,0.0,0.0,0.0,0.0,0.0
U,64,2,2,27,4,556.183548,0.0,0.0,556.183548,139.045887,0.0,139.045887,0.0,0.0,0.0,0.0,0.0,0.0,0.0,0.0,0.0
U,64,2,2,28,4,514.48733,0.0,0.0,514.48733,128.6218325,0.0,128.6218325,0.0,0.0,0.0,0.0,0.0,0.0,0.0,0.0,0.0
U,64,2,2,29,4,502.017041,0.0,0.0,502.017041,125.50426025,0.0,125.50426025,0.0,0.0,0.0,0.0,0.0,0.0,0.0,0.0,0.0
U,64,2,2,30,4,515.130708,0.0,0.0,515.130708,128.782677,0.0,128.782677,0.0,0.0,0.0,0.0,0.0,0.0,0.0,0.0,0.0
U,64,2,2,31,4,510.282523,0.0,0.0,510.282523,127.57063075,0.0,127.57063075,0.0,0.0,0.0,0.0,0.0,0.0,0.0,0.0,0.0
U,64,2,2,32,4,849.993694,0.0,0.0,849.993694,212.4984235,0.0,212.4984235,0.0,0.0,0.0,0.0,0.0,0.0,0.0,0.0,0.0
U,64,2,2,33,4,827.337475,0.0,0.0,827.337475,206.83436875,0.0,206.83436875,0.0,0.0,0.0,0.0,0.0,0.0,0.0,0.0,0.0
U,64,2,2,34,4,655.004104,0.0,0.0,655.004104,163.751026,0.0,163.751026,0.0,0.0,0.0,0.0,0.0,0.0,0.0,0.0,0.0
U,64,2,2,35,4,667.336462,0.0,0.0,667.336462,166.8341155,0.0,166.8341155,0.0,0.0,0.0,0.0,0.0,0.0,0.0,0.0,0.0
U,64,2,2,36,4,778.367957,0.0,0.0,778.367957,194.59198925,0.0,194.59198925,0.0,0.0,0.0,0.0,0.0,0.0,0.0,0.0,0.0
U,64,2,2,37,4,618.029225,0.0,0.0,618.029225,154.50730625,0.0,154.50730625,0.0,0.0,0.0,0.0,0.0,0.0,0.0,0.0,0.0
U,64,2,2,38,4,588.957824,0.0,0.0,588.957824,147.239456,0.0,147.239456,0.0,0.0,0.0,0.0,0.0,0.0,0.0,0.0,0.0
U,64,2,2,39,4,634.518008,0.0,0.0,634.518008,158.629502,0.0,158.629502,0.0,0.0,0.0,0.0,0.0,0.0,0.0,0.0,0.0
U,64,2,2,40,4,654.245398,0.0,0.0,654.245398,163.5613495,0.0,163.5613495,0.0,0.0,0.0,0.0,0.0,0.0,0.0,0.0,0.0
U,64,2,2,41,4,519.337508,0.0,0.0,519.337508,129.834377,0.0,129.834377,0.0,0.0,0.0,0.0,0.0,0.0,0.0,0.0,0.0
U,64,2,2,42,4,651.888026,0.0,0.0,651.888026,162.9720065,0.0,162.9720065,0.0,0.0,0.0,0.0,0.0,0.0,0.0,0.0,0.0
U,64,2,2,43,4,760.424713,0.0,0.0,760.424713,190.10617825,0.0,190.10617825,0.0,0.0,0.0,0.0,0.0,0.0,0.0,0.0,0.0
U,64,2,2,44,4,625.714495,0.0,0.0,625.714495,156.42862375,0.0,156.42862375,0.0,0.0,0.0,0.0,0.0,0.0,0.0,0.0,0.0
U,64,2,2,45,4,651.043158,0.0,0.0,651.043158,162.7607895,0.0,162.7607895,0.0,0.0,0.0,0.0,0.0,0.0,0.0,0.0,0.0
U,64,2,2,46,4,607.124927,0.0,0.0,607.124927,151.78123175,0.0,151.78123175,0.0,0.0,0.0,0.0,0.0,0.0,0.0,0.0,0.0
U,64,2,2,47,4,559.813208,0.0,0.0,559.813208,139.953302,0.0,139.953302,0.0,0.0,0.0,0.0,0.0,0.0,0.0,0.0,0.0
U,64,2,2,48,4,568.117412,0.0,0.0,568.117412,142.029353,0.0,142.029353,0.0,0.0,0.0,0.0,0.0,0.0,0.0,0.0,0.0
U,64,2,2,49,4,569.334656,0.0,0.0,569.334656,142.333664,0.0,142.333664,0.0,0.0,0.0,0.0,0.0,0.0,0.0,0.0,0.0
U,64,2,2,50,4,590.858128,0.0,0.0,590.858128,147.714532,0.0,147.714532,0.0,0.0,0.0,0.0,0.0,0.0,0.0,0.0,0.0
U,64,2,2,51,4,703.817066,0.0,0.0,703.817066,175.9542665,0.0,175.9542665,0.0,0.0,0.0,0.0,0.0,0.0,0.0,0.0,0.0
U,64,2,2,52,4,695.110662,0.0,0.0,695.110662,173.7776655,0.0,173.7776655,0.0,0.0,0.0,0.0,0.0,0.0,0.0,0.0,0.0
U,64,2,2,53,4,712.723773,0.0,0.0,712.723773,178.18094325,0.0,178.18094325,0.0,0.0,0.0,0.0,0.0,0.0,0.0,0.0,0.0
U,64,2,2,54,4,524.982958,0.0,0.0,524.982958,131.2457395,0.0,131.2457395,0.0,0.0,0.0,0.0,0.0,0.0,0.0,0.0,0.0
U,64,2,2,55,4,639.367397,0.0,0.0,639.367397,159.84184925,0.0,159.84184925,0.0,0.0,0.0,0.0,0.0,0.0,0.0,0.0,0.0
U,64,2,2,56,4,768.747294,0.0,0.0,768.747294,192.1868235,0.0,192.1868235,0.0,0.0,0.0,0.0,0.0,0.0,0.0,0.0,0.0
U,64,2,2,57,4,559.005607,0.0,0.0,559.005607,139.75140175,0.0,139.75140175,0.0,0.0,0.0,0.0,0.0,0.0,0.0,0.0,0.0
U,64,2,2,58,4,681.940052,0.0,0.0,681.940052,170.485013,0.0,170.485013,0.0,0.0,0.0,0.0,0.0,0.0,0.0,0.0,0.0
U,64,2,2,59,4,520.691614,0.0,0.0,520.691614,130.1729035,0.0,130.1729035,0.0,0.0,0.0,0.0,0.0,0.0,0.0,0.0,0.0
U,64,2,2,60,4,789.624176,0.0,0.0,789.624176,197.406044,0.0,197.406044,0.0,0.0,0.0,0.0,0.0,0.0,0.0,0.0,0.0
U,64,2,2,61,4,658.693997,0.0,0.0,658.693997,164.67349925,0.0,164.67349925,0.0,0.0,0.0,0.0,0.0,0.0,0.0,0.0,0.0
U,64,2,2,62,4,895.625833,0.0,0.0,895.625833,223.90645825,0.0,223.90645825,0.0,0.0,0.0,0.0,0.0,0.0,0.0,0.0,0.0
U,64,2,2,63,4,666.331576,0.0,0.0,666.331576,166.582894,0.0,166.582894,0.0,0.0,0.0,0.0,0.0,0.0,0.0,0.0,0.0
U,64,2,2,64,4,713.049269,0.0,0.0,713.049269,178.26231725,0.0,178.26231725,0.0,0.0,0.0,0.0,0.0,0.0,0.0,0.0,0.0
U,64,2,2,65,4,751.467605,0.0,0.0,751.467605,187.86690125,0.0,187.86690125,0.0,0.0,0.0,0.0,0.0,0.0,0.0,0.0,0.0
U,64,2,2,66,4,622.025205,0.0,0.0,622.025205,155.50630125,0.0,155.50630125,0.0,0.0,0.0,0.0,0.0,0.0,0.0,0.0,0.0
U,64,2,2,67,4,651.272904,0.0,0.0,651.272904,162.818226,0.0,162.818226,0.0,0.0,0.0,0.0,0.0,0.0,0.0,0.0,0.0
U,64,2,2,68,4,500.744215,0.0,0.0,500.744215,125.18605375,0.0,125.18605375,0.0,0.0,0.0,0.0,0.0,0.0,0.0,0.0,0.0
U,64,2,2,69,4,751.775854,0.0,0.0,751.775854,187.9439635,0.0,187.9439635,0.0,0.0,0.0,0.0,0.0,0.0,0.0,0.0,0.0
U,64,2,2,70,4,504.337317,0.0,0.0,504.337317,126.08432925,0.0,126.08432925,0.0,0.0,0.0,0.0,0.0,0.0,0.0,0.0,0.0
U,64,2,2,71,4,828.474601,0.0,0.0,828.474601,207.11865025,0.0,207.11865025,0.0,0.0,0.0,0.0,0.0,0.0,0.0,0.0,0.0
U,64,2,2,72,4,812.370815,0.0,0.0,812.370815,203.09270375,0.0,203.09270375,0.0,0.0,0.0,0.0,0.0,0.0,0.0,0.0,0.0
U,64,2,2,73,4,708.588511,0.0,0.0,708.588511,177.14712775,0.0,177.14712775,0.0,0.0,0.0,0.0,0.0,0.0,0.0,0.0,0.0
U,64,2,2,74,4,614.070879,0.0,0.0,614.070879,153.51771975,0.0,153.51771975,0.0,0.0,0.0,0.0,0.0,0.0,0.0,0.0,0.0
U,64,2,2,75,4,833.983922,0.0,0.0,833.983922,208.4959805,0.0,208.4959805,0.0,0.0,0.0,0.0,0.0,0.0,0.0,0.0,0.0
U,64,2,2,76,4,811.957667,0.0,0.0,811.957667,202.98941675,0.0,202.98941675,0.0,0.0,0.0,0.0,0.0,0.0,0.0,0.0,0.0
U,64,2,2,77,4,752.889084,0.0,0.0,752.889084,188.222271,0.0,188.222271,0.0,0.0,0.0,0.0,0.0,0.0,0.0,0.0,0.0
U,64,2,2,78,4,596.665731,0.0,0.0,596.665731,149.16643275,0.0,149.16643275,0.0,0.0,0.0,0.0,0.0,0.0,0.0,0.0,0.0
U,64,2,2,79,4,512.217803,0.0,0.0,512.217803,128.05445075,0.0,128.05445075,0.0,0.0,0.0,0.0,0.0,0.0,0.0,0.0,0.0
U,64,2,2,80,4,510.174318,0.0,0.0,510.174318,127.5435795,0.0,127.5435795,0.0,0.0,0.0,0.0,0.0,0.0,0.0,0.0,0.0
U,64,2,2,81,4,998.002685,0.0,0.0,998.002685,249.50067125,0.0,249.50067125,0.0,0.0,0.0,0.0,0.0,0.0,0.0,0.0,0.0
U,64,2,2,82,4,911.314784,0.0,0.0,911.314784,227.828696,0.0,227.828696,0.0,0.0,0.0,0.0,0.0,0.0,0.0,0.0,0.0
U,64,2,2,83,4,1020.426327,0.0,0.0,1020.426327,255.10658175,0.0,255.10658175,0.0,0.0,0.0,0.0,0.0,0.0,0.0,0.0,0.0
U,64,2,2,84,4,648.637731,0.0,0.0,648.637731,162.15943275,0.0,162.15943275,0.0,0.0,0.0,0.0,0.0,0.0,0.0,0.0,0.0
U,64,2,2,85,4,576.403574,0.0,0.0,576.403574,144.1008935,0.0,144.1008935,0.0,0.0,0.0,0.0,0.0,0.0,0.0,0.0,0.0
U,64,2,2,86,4,593.588743,0.0,0.0,593.588743,148.39718575,0.0,148.39718575,0.0,0.0,0.0,0.0,0.0,0.0,0.0,0.0,0.0
U,64,2,2,87,4,502.315537,0.0,0.0,502.315537,125.57888425,0.0,125.57888425,0.0,0.0,0.0,0.0,0.0,0.0,0.0,0.0,0.0
U,64,2,2,88,4,657.186087,0.0,0.0,657.186087,164.29652175,0.0,164.29652175,0.0,0.0,0.0,0.0,0.0,0.0,0.0,0.0,0.0
U,64,2,2,89,4,696.868372,0.0,0.0,696.868372,174.217093,0.0,174.217093,0.0,0.0,0.0,0.0,0.0,0.0,0.0,0.0,0.0
U,64,2,2,90,4,964.821657,0.0,0.0,964.821657,241.20541425,0.0,241.20541425,0.0,0.0,0.0,0.0,0.0,0.0,0.0,0.0,0.0
U,64,2,2,91,4,799.416143,0.0,0.0,799.416143,199.85403575,0.0,199.85403575,0.0,0.0,0.0,0.0,0.0,0.0,0.0,0.0,0.0
U,64,2,2,92,4,621.719449,0.0,0.0,621.719449,155.42986225,0.0,155.42986225,0.0,0.0,0.0,0.0,0.0,0.0,0.0,0.0,0.0
U,64,2,2,93,4,573.255038,0.0,0.0,573.255038,143.3137595,0.0,143.3137595,0.0,0.0,0.0,0.0,0.0,0.0,0.0,0.0,0.0
U,64,2,2,94,4,518.950832,0.0,0.0,518.950832,129.737708,0.0,129.737708,0.0,0.0,0.0,0.0,0.0,0.0,0.0,0.0,0.0
U,64,2,2,95,4,765.972892,0.0,0.0,765.972892,191.493223,0.0,191.493223,0.0,0.0,0.0,0.0,0.0,0.0,0.0,0.0,0.0
U,64,2,2,96,4,565.356855,0.0,0.0,565.356855,141.33921375,0.0,141.33921375,0.0,0.0,0.0,0.0,0.0,0.0,0.0,0.0,0.0
U,64,2,2,97,4,666.973584,0.0,0.0,666.973584,166.743396,0.0,166.743396,0.0,0.0,0.0,0.0,0.0,0.0,0.0,0.0,0.0
U,64,2,2,98,4,574.090526,0.0,0.0,574.090526,143.5226315,0.0,143.5226315,0.0,0.0,0.0,0.0,0.0,0.0,0.0,0.0,0.0
U,64,2,2,99,4,839.61471,0.0,0.0,839.61471,209.9036775,0.0,209.9036775,0.0,0.0,0.0,0.0,0.0,0.0,0.0,0.0,0.0
U,64,2,2,100,4,692.200415,0.0,0.0,692.200415,173.05010375,0.0,173.05010375,0.0,0.0,0.0,0.0,0.0,0.0,0.0,0.0,0.0
U,64,2,2,101,4,841.582495,0.0,0.0,841.582495,210.39562375,0.0,210.39562375,0.0,0.0,0.0,0.0,0.0,0.0,0.0,0.0,0.0
U,64,2,2,102,4,726.954846,0.0,0.0,726.954846,181.7387115,0.0,181.7387115,0.0,0.0,0.0,0.0,0.0,0.0,0.0,0.0,0.0
U,64,2,2,103,4,488.883972,0.0,0.0,488.883972,122.220993,0.0,122.220993,0.0,0.0,0.0,0.0,0.0,0.0,0.0,0.0,0.0
U,64,2,2,104,4,580.508993,0.0,0.0,580.508993,145.12724825,0.0,145.12724825,0.0,0.0,0.0,0.0,0.0,0.0,0.0,0.0,0.0
U,64,2,2,105,4,494.203302,0.0,0.0,494.203302,123.5508255,0.0,123.5508255,0.0,0.0,0.0,0.0,0.0,0.0,0.0,0.0,0.0
U,64,2,2,106,4,567.250834,0.0,0.0,567.250834,141.8127085,0.0,141.8127085,0.0,0.0,0.0,0.0,0.0,0.0,0.0,0.0,0.0
U,64,2,2,107,4,533.327328,0.0,0.0,533.327328,133.331832,0.0,133.331832,0.0,0.0,0.0,0.0,0.0,0.0,0.0,0.0,0.0
U,64,2,2,108,4,503.248954,0.0,0.0,503.248954,125.8122385,0.0,125.8122385,0.0,0.0,0.0,0.0,0.0,0.0,0.0,0.0,0.0
U,64,2,2,109,4,688.596132,0.0,0.0,688.596132,172.149033,0.0,172.149033,0.0,0.0,0.0,0.0,0.0,0.0,0.0,0.0,0.0
U,64,2,2,110,4,652.559374,0.0,0.0,652.559374,163.1398435,0.0,163.1398435,0.0,0.0,0.0,0.0,0.0,0.0,0.0,0.0,0.0
U,64,2,2,111,4,651.804718,0.0,0.0,651.804718,162.9511795,0.0,162.9511795,0.0,0.0,0.0,0.0,0.0,0.0,0.0,0.0,0.0
U,64,2,2,112,4,639.04102,0.0,0.0,639.04102,159.760255,0.0,159.760255,0.0,0.0,0.0,0.0,0.0,0.0,0.0,0.0,0.0
U,64,2,2,113,4,746.152438,0.0,0.0,746.152438,186.5381095,0.0,186.5381095,0.0,0.0,0.0,0.0,0.0,0.0,0.0,0.0,0.0
U,64,2,2,114,4,755.773202,0.0,0.0,755.773202,188.9433005,0.0,188.9433005,0.0,0.0,0.0,0.0,0.0,0.0,0.0,0.0,0.0
U,64,2,2,115,4,576.938006,0.0,0.0,576.938006,144.2345015,0.0,144.2345015,0.0,0.0,0.0,0.0,0.0,0.0,0.0,0.0,0.0
U,64,2,2,116,4,750.1242,0.0,0.0,750.1242,187.53105,0.0,187.53105,0.0,0.0,0.0,0.0,0.0,0.0,0.0,0.0,0.0
U,64,2,2,117,4,514.669857,0.0,0.0,514.669857,128.66746425,0.0,128.66746425,0.0,0.0,0.0,0.0,0.0,0.0,0.0,0.0,0.0
U,64,2,2,118,4,601.150529,0.0,0.0,601.150529,150.28763225,0.0,150.28763225,0.0,0.0,0.0,0.0,0.0,0.0,0.0,0.0,0.0
U,64,2,2,119,4,628.159846,0.0,0.0,628.159846,157.0399615,0.0,157.0399615,0.0,0.0,0.0,0.0,0.0,0.0,0.0,0.0,0.0
F,1,2,3,0,4,59.733488,0.0,0.0,59.733488,14.933372,0.0,14.933372,0.0,0.0,0.0,0.0,0.0,0.0,0.0,0.0,0.0
F,1,2,3,1,4,53.961178,0.0,0.0,53.961178,13.4902945,0.0,13.4902945,0.0,0.0,0.0,0.0,0.0,0.0,0.0,0.0,0.0
F,1,2,3,2,4,70.972943,0.0,0.0,70.972943,17.74323575,0.0,17.74323575,0.0,0.0,0.0,0.0,0.0,0.0,0.0,0.0,0.0
F,1,2,3,3,4,69.391574,0.0,0.0,69.391574,17.3478935,0.0,17.3478935,0.0,0.0,0.0,0.0,0.0,0.0,0.0,0.0,0.0
F,1,2,3,4,4,77.509684,0.0,0.0,77.509684,19.377421,0.0,19.377421,0.0,0.0,0.0,0.0,0.0,0.0,0.0,0.0,0.0
F,1,2,3,5,4,54.350472,0.0,0.0,54.350472,13.587618,0.0,13.587618,0.0,0.0,0.0,0.0,0.0,0.0,0.0,0.0,0.0
F,1,2,3,6,4,54.982924,0.0,0.0,54.982924,13.745731,0.0,13.745731,0.0,0.0,0.0,0.0,0.0,0.0,0.0,0.0,0.0
F,1,2,3,7,4,59.828377,0.0,0.0,59.828377,14.95709425,0.0,14.95709425,0.0,0.0,0.0,0.0,0.0,0.0,0.0,0.0,0.0
F,1,2,3,8,4,49.413897,0.0,0.0,49.413897,12.35347425,0.0,12.35347425,0.0,0.0,0.0,0.0,0.0,0.0,0.0,0.0,0.0
F,1,2,3,9,4,61.53839,0.0,0.0,61.53839,15.3845975,0.0,15.3845975,0.0,0.0,0.0,0.0,0.0,0.0,0.0,0.0,0.0
F,1,2,3,10,4,55.557407,0.0,0.0,55.557407,13.88935175,0.0,13.88935175,0.0,0.0,0.0,0.0,0.0,0.0,0.0,0.0,0.0
F,1,2,3,11,4,64.995569,0.0,0.0,64.995569,16.24889225,0.0,16.24889225,0.0,0.0,0.0,0.0,0.0,0.0,0.0,0.0,0.0
F,1,2,3,12,4,64.225251,0.0,0.0,64.225251,16.05631275,0.0,16.05631275,0.0,0.0,0.0,0.0,0.0,0.0,0.0,0.0,0.0
F,1,2,3,13,4,71.856435,0.0,0.0,71.856435,17.96410875,0.0,17.96410875,0.0,0.0,0.0,0.0,0.0,0.0,0.0,0.0,0.0
F,1,2,3,14,4,65.90089,0.0,0.0,65.90089,16.4752225,0.0,16.4752225,0.0,0.0,0.0,0.0,0.0,0.0,0.0,0.0,0.0
F,1,2,3,15,4,52.58533,0.0,0.0,52.58533,13.1463325,0.0,13.1463325,0.0,0.0,0.0,0.0,0.0,0.0,0.0,0.0,0.0
F,1,2,3,16,4,64.988132,0.0,0.0,64.988132,16.247033,0.0,16.247033,0.0,0.0,0.0,0.0,0.0,0.0,0.0,0.0,0.0
F,1,2,3,17,4,52.157049,0.0,0.0,52.157049,13.03926225,0.0,13.03926225,0.0,0.0,0.0,0.0,0.0,0.0,0.0,0.0,0.0
F,1,2,3,18,4,50.527517,0.0,0.0,50.527517,12.63187925,0.0,12.63187925,0.0,0.0,0.0,0.0,0.0,0.0,0.0,0.0,0.0
F,1,2,3,19,4,67.937368,0.0,0.0,67.937368,16.984342,0.0,16.984342,0.0,0.0,0.0,0.0,0.0,0.0,0.0,0.0,0.0
F,1,2,3,20,4,69.872388,0.0,0.0,69.872388,17.468097,0.0,17.468097,0.0,0.0,0.0,0.0,0.0,0.0,0.0,0.0,0.0
F,1,2,3,21,4,70.768001,0.0,0.0,70.768001,17.69200025,0.0,17.69200025,0.0,0.0,0.0,0.0,0.0,0.0,0.0,0.0,0.0
F,1,2,3,22,4,59.662602,0.0,0.0,59.662602,14.9156505,0.0,14.9156505,0.0,0.0,0.0,0.0,0.0,0.0,0.0,0.0,0.0
F,1,2,3,23,4,50.405576,0.0,0.0,50.405576,12.601394,0.0,12.601394,0.0,0.0,0.0,0.0,0.0,0.0,0.0,0.0,0.0
F,1,2,3,24,4,51.921393,0.0,0.0,51.921393,12.98034825,0.0,12.98034825,0.0,0.0,0.0,0.0,0.0,0.0,0.0,0.0,0.0
F,1,2,3,25,4,57.152191,0.0,0.0,57.152191,14.28804775,0.0,14.28804775,0.0,0.0,0.0,0.0,0.0,0.0,0.0,0.0,0.0
F,1,2,3,26,4,70.177753,0.0,0.0,70.177753,17.54443825,0.0,17.54443825,0.0,0.0,0.0,0.0,0.0,0.0,0.0,0.0,0.0
F,1,2,3,27,4,50.330418,0.0,0.0,50.330418,12.5826045,0.0,12.5826045,0.0,0.0,0.0,0.0,0.0,0.0,0.0,0.0,0.0
F,1,2,3,28,4,51.288468,0.0,0.0,51.288468,12.822117,0.0,12.822117,0.0,0.0,0.0,0.0,0.0,0.0,0.0,0.0,0.0
F,1,2,3,29,4,69.183831,0.0,0.0,69.183831,17.29595775,0.0,17.29595775,0.0,0.0,0.0,0.0,0.0,0.0,0.0,0.0,0.0
F,1,2,3,30,4,59.831802,0.0,0.0,59.831802,14.9579505,0.0,14.9579505,0.0,0.0,0.0,0.0,0.0,0.0,0.0,0.0,0.0
F,1,2,3,31,4,57.061103,0.0,0.0,57.061103,14.26527575,0.0,14.26527575,0.0,0.0,0.0,0.0,0.0,0.0,0.0,0.0,0.0
F,1,2,3,32,4,68.526187,0.0,0.0,68.526187,17.13154675,0.0,17.13154675,0.0,0.0,0.0,0.0,0.0,0.0,0.0,0.0,0.0
F,1,2,3,33,4,52.036793,0.0,0.0,52.036793,13.00919825,0.0,13.00919825,0.0,0.0,0.0,0.0,0.0,0.0,0.0,0.0,0.0
F,1,2,3,34,4,71.642038,0.0,0.0,71.642038,17.9105095,0.0,17.9105095,0.0,0.0,0.0,0.0,0.0,0.0,0.0,0.0,0.0
F,1,2,3,35,4,60.689623,0.0,0.0,60.689623,15.17240575,0.0,15.17240575,0.0,0.0,0.0,0.0,0.0,0.0,0.0,0.0,0.0
F,1,2,3,36,4,56.522268,0.0,0.0,56.522268,14.130567,0.0,14.130567,0.0,0.0,0.0,0.0,0.0,0.0,0.0,0.0,0.0
F,1,2,3,37,4,50.656347,0.0,0.0,50.656347,12.66408675,0.0,12.66408675,0.0,0.0,0.0,0.0,0.0,0.0,0.0,0.0,0.0
F,1,2,3,38,4,49.89897,0.0,0.0,49.89897,12.4747425,0.0,12.4747425,0.0,0.0,0.0,0.0,0.0,0.0,0.0,0.0,0.0
F,1,2,3,39,4,50.051746,0.0,0.0,50.051746,12.5129365,0.0,12.5129365,0.0,0.0,0.0,0.0,0.0,0.0,0.0,0.0,0.0
F,1,2,3,40,4,56.947008,0.0,0.0,56.947008,14.236752,0.0,14.236752,0.0,0.0,0.0,0.0,0.0,0.0,0.0,0.0,0.0
F,1,2,3,41,4,58.399942,0.0,0.0,58.399942,14.5999855,0.0,14.5999855,0.0,0.0,0.0,0.0,0.0,0.0,0.0,0.0,0.0
F,1,2,3,42,4,52.102539,0.0,0.0,52.102539,13.02563475,0.0,13.02563475,0.0,0.0,0.0,0.0,0.0,0.0,0.0,0.0,0.0
F,1,2,3,43,4,51.628795,0.0,0.0,51.628795,12.90719875,0.0,12.90719875,0.0,0.0,0.0,0.0,0.0,0.0,0.0,0.0,0.0
F,1,2,3,44,4,66.493677,0.0,0.0,66.493677,16.62341925,0.0,16.62341925,0.0,0.0,0.0,0.0,0.0,0.0,0.0,0.0,0.0
F,1,2,3,45,4,51.208085,0.0,0.0,51.208085,12.80202125,0.0,12.80202125,0.0,0.0,0.0,0.0,0.0,0.0,0.0,0.0,0.0
F,1,2,3,46,4,50.216888,0.0,0.0,50.216888,12.554222,0.0,12.554222,0.0,0.0,0.0,0.0,0.0,0.0,0.0,0.0,0.0
F,1,2,3,47,4,50.611752,0.0,0.0,50.611752,12.652938,0.0,12.652938,0.0,0.0,0.0,0.0,0.0,0.0,0.0,0.0,0.0
F,1,2,3,48,4,57.926528,0.0,0.0,57.926528,14.481632,0.0,14.481632,0.0,0.0,0.0,0.0,0.0,0.0,0.0,0.0,0.0
F,1,2,3,49,4,57.19241,0.0,0.0,57.19241,14.2981025,0.0,14.2981025,0.0,0.0,0.0,0.0,0.0,0.0,0.0,0.0,0.0
F,1,2,3,50,4,57.774238,0.0,0.0,57.774238,14.4435595,0.0,14.4435595,0.0,0.0,0.0,0.0,0.0,0.0,0.0,0.0,0.0
F,1,2,3,51,4,65.093178,0.0,0.0,65.093178,16.2732945,0.0,16.2732945,0.0,0.0,0.0,0.0,0.0,0.0,0.0,0.0,0.0
F,1,2,3,52,4,63.11378,0.0,0.0,63.11378,15.778445,0.0,15.778445,0.0,0.0,0.0,0.0,0.0,0.0,0.0,0.0,0.0
F,1,2,3,53,4,52.109067,0.0,0.0,52.109067,13.02726675,0.0,13.02726675,0.0,0.0,0.0,0.0,0.0,0.0,0.0,0.0,0.0
F,1,2,3,54,4,67.416533,0.0,0.0,67.416533,16.85413325,0.0,16.85413325,0.0,0.0,0.0,0.0,0.0,0.0,0.0,0.0,0.0
F,1,2,3,55,4,62.275893,0.0,0.0,62.275893,15.56897325,0.0,15.56897325,0.0,0.0,0.0,0.0,0.0,0.0,0.0,0.0,0.0
F,1,2,3,56,4,63.487253,0.0,0.0,63.487253,15.87181325,0.0,15.87181325,0.0,0.0,0.0,0.0,0.0,0.0,0.0,0.0,0.0
F,1,2,3,57,4,56.24333,0.0,0.0,56.24333,14.0608325,0.0,14.0608325,0.0,0.0,0.0,0.0,0.0,0.0,0.0,0.0,0.0
F,1,2,3,58,4,50.264564,0.0,0.0,50.264564,12.566141,0.0,12.566141,0.0,0.0,0.0,0.0,0.0,0.0,0.0,0.0,0.0
F,1,2,3,59,4,58.08793,0.0,0.0,58.08793,14.5219825,0.0,14.5219825,0.0,0.0,0.0,0.0,0.0,0.0,0.0,0.0,0.0
F,1,2,3,60,4,50.382137,0.0,0.0,50.382137,12.59553425,0.0,12.59553425,0.0,0.0,0.0,0.0,0.0,0.0,0.0,0.0,0.0
F,1,2,3,61,4,51.008912,0.0,0.0,51.008912,12.752228,0.0,12.752228,0.0,0.0,0.0,0.0,0.0,0.0,0.0,0.0,0.0
F,1,2,3,62,4,58.632853,0.0,0.0,58.632853,14.65821325,0.0,14.65821325,0.0,0.0,0.0,0.0,0.0,0.0,0.0,0.0,0.0
F,1,2,3,63,4,50.574147,0.0,0.0,50.574147,12.64353675,0.0,12.64353675,0.0,0.0,0.0,0.0,0.0,0.0,0.0,0.0,0.0
F,1,2,3,64,4,49.822108,0.0,0.0,49.822108,12.455527,0.0,12.455527,0.0,0.0,0.0,0.0,0.0,0.0,0.0,0.0,0.0
F,1,2,3,65,4,57.768553,0.0,0.0,57.768553,14.44213825,0.0,14.44213825,0.0,0.0,0.0,0.0,0.0,0.0,0.0,0.0,0.0
F,1,2,3,66,4,58.05157,0.0,0.0,58.05157,14.5128925,0.0,14.5128925,0.0,0.0,0.0,0.0,0.0,0.0,0.0,0.0,0.0
F,1,2,3,67,4,66.635324,0.0,0.0,66.635324,16.658831,0.0,16.658831,0.0,0.0,0.0,0.0,0.0,0.0,0.0,0.0,0.0
F,1,2,3,68,4,58.844155,0.0,0.0,58.844155,14.71103875,0.0,14.71103875,0.0,0.0,0.0,0.0,0.0,0.0,0.0,0.0,0.0
F,1,2,3,69,4,64.592636,0.0,0.0,64.592636,16.148159,0.0,16.148159,0.0,0.0,0.0,0.0,0.0,0.0,0.0,0.0,0.0
F,1,2,3,70,4,64.250956,0.0,0.0,64.250956,16.062739,0.0,16.062739,0.0,0.0,0.0,0.0,0.0,0.0,0.0,0.0,0.0
F,1,2,3,71,4,66.304092,0.0,0.0,66.304092,16.576023,0.0,16.576023,0.0,0.0,0.0,0.0,0.0,0.0,0.0,0.0,0.0
F,1,2,3,72,4,53.08925,0.0,0.0,53.08925,13.2723125,0.0,13.2723125,0.0,0.0,0.0,0.0,0.0,0.0,0.0,0.0,0.0
F,1,2,3,73,4,50.921172,0.0,0.0,50.921172,12.730293,0.0,12.730293,0.0,0.0,0.0,0.0,0.0,0.0,0.0,0.0,0.0
F,1,2,3,74,4,49.106439,0.0,0.0,49.106439,12.27660975,0.0,12.27660975,0.0,0.0,0.0,0.0,0.0,0.0,0.0,0.0,0.0
F,1,2,3,75,4,59.299664,0.0,0.0,59.299664,14.824916,0.0,14.824916,0.0,0.0,0.0,0.0,0.0,0.0,0.0,0.0,0.0
F,1,2,3,76,4,58.147771,0.0,0.0,58.147771,14.53694275,0.0,14.53694275,0.0,0.0,0.0,0.0,0.0,0.0,0.0,0.0,0.0
F,1,2,3,77,4,50.076695,0.0,0.0,50.076695,12.51917375,0.0,12.51917375,0.0,0.0,0.0,0.0,0.0,0.0,0.0,0.0,0.0
F,1,2,3,78,4,63.309709,0.0,0.0,63.309709,15.82742725,0.0,15.82742725,0.0,0.0,0.0,0.0,0.0,0.0,0.0,0.0,0.0
F,1,2,3,79,4,57.62026,0.0,0.0,57.62026,14.405065,0.0,14.405065,0.0,0.0,0.0,0.0,0.0,0.0,0.0,0.0,0.0
F,1,2,3,80,4,50.608601,0.0,0.0,50.608601,12.65215025,0.0,12.65215025,0.0,0.0,0.0,0.0,0.0,0.0,0.0,0.0,0.0
F,1,2,3,81,4,63.663481,0.0,0.0,63.663481,15.91587025,0.0,15.91587025,0.0,0.0,0.0,0.0,0.0,0.0,0.0,0.0,0.0
F,1,2,3,82,4,61.666195,0.0,0.0,61.666195,15.41654875,0.0,15.41654875,0.0,0.0,0.0,0.0,0.0,0.0,0.0,0.0,0.0
F,1,2,3,83,4,59.165162,0.0,0.0,59.165162,14.7912905,0.0,14.7912905,0.0,0.0,0.0,0.0,0.0,0.0,0.0,0.0,0.0
F,1,2,3,84,4,51.304205,0.0,0.0,51.304205,12.82605125,0.0,12.82605125,0.0,0.0,0.0,0.0,0.0,0.0,0.0,0.0,0.0
F,1,2,3,85,4,62.873854,0.0,0.0,62.873854,15.7184635,0.0,15.7184635,0.0,0.0,0.0,0.0,0.0,0.0,0.0,0.0,0.0
F,1,2,3,86,4,67.763611,0.0,0.0,67.763611,16.94090275,0.0,16.94090275,0.0,0.0,0.0,0.0,0.0,0.0,0.0,0.0,0.0
F,1,2,3,87,4,69.686375,0.0,0.0,69.686375,17.42159375,0.0,17.42159375,0.0,0.0,0.0,0.0,0.0,0.0,0.0,0.0,0.0
F,1,2,3,88,4,70.380905,0.0,0.0,70.380905,17.59522625,0.0,17.59522625,0.0,0.0,0.0,0.0,0.0,0.0,0.0,0.0,0.0
F,1,2,3,89,4,57.587459,0.0,0.0,57.587459,14.39686475,0.0,14.39686475,0.0,0.0,0.0,0.0,0.0,0.0,0.0,0.0,0.0
F,1,2,3,90,4,59.567584,0.0,0.0,59.567584,14.891896,0.0,14.891896,0.0,0.0,0.0,0.0,0.0,0.0,0.0,0.0,0.0
F,1,2,3,91,4,51.779836,0.0,0.0,51.779836,12.944959,0.0,12.944959,0.0,0.0,0.0,0.0,0.0,0.0,0.0,0.0,0.0
F,1,2,3,92,4,55.503534,0.0,0.0,55.503534,13.8758835,0.0,13.8758835,0.0,0.0,0.0,0.0,0.0,0.0,0.0,0.0,0.0
F,1,2,3,93,4,54.256443,0.0,0.0,54.256443,13.56411075,0.0,13.56411075,0.0,0.0,0.0,0.0,0.0,0.0,0.0,0.0,0.0
F,1,2,3,94,4,49.624173,0.0,0.0,49.624173,12.40604325,0.0,12.40604325,0.0,0.0,0.0,0.0,0.0,0.0,0.0,0.0,0.0
F,1,2,3,95,4,74.462582,0.0,0.0,74.462582,18.6156455,0.0,18.6156455,0.0,0.0,0.0,0.0,0.0,0.0,0.0,0.0,0.0
F,1,2,3,96,4,50.791398,0.0,0.0,50.791398,12.6978495,0.0,12.6978495,0.0,0.0,0.0,0.0,0.0,0.0,0.0,0.0,0.0
F,1,2,3,97,4,58.578425,0.0,0.0,58.578425,14.64460625,0.0,14.64460625,0.0,0.0,0.0,0.0,0.0,0.0,0.0,0.0,0.0
F,1,2,3,98,4,60.568453,0.0,0.0,60.568453,15.14211325,0.0,15.14211325,0.0,0.0,0.0,0.0,0.0,0.0,0.0,0.0,0.0
F,1,2,3,99,4,50.947835,0.0,0.0,50.947835,12.73695875,0.0,12.73695875,0.0,0.0,0.0,0.0,0.0,0.0,0.0,0.0,0.0
F,1,2,3,100,4,50.723622,0.0,0.0,50.723622,12.6809055,0.0,12.6809055,0.0,0.0,0.0,0.0,0.0,0.0,0.0,0.0,0.0
F,1,2,3,101,4,51.854379,0.0,0.0,51.854379,12.96359475,0.0,12.96359475,0.0,0.0,0.0,0.0,0.0,0.0,0.0,0.0,0.0
F,1,2,3,102,4,66.478016,0.0,0.0,66.478016,16.619504,0.0,16.619504,0.0,0.0,0.0,0.0,0.0,0.0,0.0,0.0,0.0
F,1,2,3,103,4,52.868976,0.0,0.0,52.868976,13.217244,0.0,13.217244,0.0,0.0,0.0,0.0,0.0,0.0,0.0,0.0,0.0
F,1,2,3,104,4,50.61561,0.0,0.0,50.61561,12.6539025,0.0,12.6539025,0.0,0.0,0.0,0.0,0.0,0.0,0.0,0.0,0.0
F,1,2,3,105,4,62.555372,0.0,0.0,62.555372,15.638843,0.0,15.638843,0.0,0.0,0.0,0.0,0.0,0.0,0.0,0.0,0.0
F,1,2,3,106,4,60.221936,0.0,0.0,60.221936,15.055484,0.0,15.055484,0.0,0.0,0.0,0.0,0.0,0.0,0.0,0.0,0.0
F,1,2,3,107,4,68.847167,0.0,0.0,68.847167,17.21179175,0.0,17.21179175,0.0,0.0,0.0,0.0,0.0,0.0,0.0,0.0,0.0
F,1,2,3,108,4,55.849933,0.0,0.0,55.849933,13.96248325,0.0,13.96248325,0.0,0.0,0.0,0.0,0.0,0.0,0.0,0.0,0.0
F,1,2,3,109,4,55.409342,0.0,0.0,55.409342,13.8523355,0.0,13.8523355,0.0,0.0,0.0,0.0,0.0,0.0,0.0,0.0,0.0
F,1,2,3,110,4,59.497094,0.0,0.0,59.497094,14.8742735,0.0,14.8742735,0.0,0.0,0.0,0.0,0.0,0.0,0.0,0.0,0.0
F,1,2,3,111,4,52.89481,0.0,0.0,52.89481,13.2237025,0.0,13.2237025,0.0,0.0,0.0,0.0,0.0,0.0,0.0,0.0,0.0
F,1,2,3,112,4,51.176823,0.0,0.0,51.176823,12.79420575,0.0,12.79420575,0.0,0.0,0.0,0.0,0.0,0.0,0.0,0.0,0.0
F,1,2,3,113,4,60.094532,0.0,0.0,60.094532,15.023633,0.0,15.023633,0.0,0.0,0.0,0.0,0.0,0.0,0.0,0.0,0.0
F,1,2,3,114,4,56.924206,0.0,0.0,56.924206,14.2310515,0.0,14.2310515,0.0,0.0,0.0,0.0,0.0,0.0,0.0,0.0,0.0
F,1,2,3,115,4,65.547595,0.0,0.0,65.547595,16.38689875,0.0,16.38689875,0.0,0.0,0.0,0.0,0.0,0.0,0.0,0.0,0.0
F,1,2,3,116,4,58.407143,0.0,0.0,58.407143,14.60178575,0.0,14.60178575,0.0,0.0,0.0,0.0,0.0,0.0,0.0,0.0,0.0
F,1,2,3,117,4,59.451947,0.0,0.0,59.451947,14.86298675,0.0,14.86298675,0.0,0.0,0.0,0.0,0.0,0.0,0.0,0.0,0.0
F,1,2,3,118,4,63.379384,0.0,0.0,63.379384,15.844846,0.0,15.844846,0.0,0.0,0.0,0.0,0.0,0.0,0.0,0.0,0.0
F,1,2,3,119,4,56.778242,0.0,0.0,56.778242,14.1945605,0.0,14.1945605,0.0,0.0,0.0,0.0,0.0,0.0,0.0,0.0,0.0
F,4,2,4,0,4,67.881785,0.0,0.0,67.881785,16.97044625,0.0,16.97044625,0.0,0.0,0.0,0.0,0.0,0.0,0.0,0.0,0.0
F,4,2,4,1,4,84.954667,0.0,0.0,84.954667,21.23866675,0.0,21.23866675,0.0,0.0,0.0,0.0,0.0,0.0,0.0,0.0,0.0
F,4,2,4,2,4,69.518916,0.0,0.0,69.518916,17.379729,0.0,17.379729,0.0,0.0,0.0,0.0,0.0,0.0,0.0,0.0,0.0
F,4,2,4,3,4,72.419606,0.0,0.0,72.419606,18.1049015,0.0,18.1049015,0.0,0.0,0.0,0.0,0.0,0.0,0.0,0.0,0.0
F,4,2,4,4,4,82.258044,0.0,0.0,82.258044,20.564511,0.0,20.564511,0.0,0.0,0.0,0.0,0.0,0.0,0.0,0.0,0.0
F,4,2,4,5,4,76.966915,0.0,0.0,76.966915,19.24172875,0.0,19.24172875,0.0,0.0,0.0,0.0,0.0,0.0,0.0,0.0,0.0
F,4,2,4,6,4,107.425344,0.0,0.0,107.425344,26.856336,0.0,26.856336,0.0,0.0,0.0,0.0,0.0,0.0,0.0,0.0,0.0
F,4,2,4,7,4,111.819053,0.0,0.0,111.819053,27.95476325,0.0,27.95476325,0.0,0.0,0.0,0.0,0.0,0.0,0.0,0.0,0.0
F,4,2,4,8,4,71.491839,0.0,0.0,71.491839,17.87295975,0.0,17.87295975,0.0,0.0,0.0,0.0,0.0,0.0,0.0,0.0,0.0
F,4,2,4,9,4,62.128627,0.0,0.0,62.128627,15.53215675,0.0,15.53215675,0.0,0.0,0.0,0.0,0.0,0.0,0.0,0.0,0.0
F,4,2,4,10,4,66.116725,0.0,0.0,66.116725,16.52918125,0.0,16.52918125,0.0,0.0,0.0,0.0,0.0,0.0,0.0,0.0,0.0
F,4,2,4,11,4,82.091206,0.0,0.0,82.091206,20.5228015,0.0,20.5228015,0.0,0.0,0.0,0.0,0.0,0.0,0.0,0.0,0.0
F,4,2,4,12,4,95.222252,0.0,0.0,95.222252,23.805563,0.0,23.805563,0.0,0.0,0.0,0.0,0.0,0.0,0.0,0.0,0.0
F,4,2,4,13,4,91.136957,0.0,0.0,91.136957,22.78423925,0.0,22.78423925,0.0,0.0,0.0,0.0,0.0,0.0,0.0,0.0,0.0
F,4,2,4,14,4,117.505186,0.0,0.0,117.505186,29.3762965,0.0,29.3762965,0.0,0.0,0.0,0.0,0.0,0.0,0.0,0.0,0.0
F,4,2,4,15,4,93.040416,0.0,0.0,93.040416,23.260104,0.0,23.260104,0.0,0.0,0.0,0.0,0.0,0.0,0.0,0.0,0.0
F,4,2,4,16,4,80.826777,0.0,0.0,80.826777,20.20669425,0.0,20.20669425,0.0,0.0,0.0,0.0,0.0,0.0,0.0,0.0,0.0
F,4,2,4,17,4,96.884718,0.0,0.0,96.884718,24.2211795,0.0,24.2211795,0.0,0.0,0.0,0.0,0.0,0.0,0.0,0.0,0.0
F,4,2,4,18,4,75.310455,0.0,0.0,75.310455,18.82761375,0.0,18.82761375,0.0,0.0,0.0,0.0,0.0,0.0,0.0,0.0,0.0
F,4,2,4,19,4,91.190217,0.0,0.0,91.190217,22.79755425,0.0,22.79755425,0.0,0.0,0.0,0.0,0.0,0.0,0.0,0.0,0.0
F,4,2,4,20,4,102.325934,0.0,0.0,102.325934,25.5814835,0.0,25.5814835,0.0,0.0,0.0,0.0,0.0,0.0,0.0,0.0,0.0
F,4,2,4,21,4,111.496577,0.0,0.0,111.496577,27.87414425,0.0,27.87414425,0.0,0.0,0.0,0.0,0.0,0.0,0.0,0.0,0.0
F,4,2,4,22,4,89.241654,0.0,0.0,89.241654,22.3104135,0.0,22.3104135,0.0,0.0,0.0,0.0,0.0,0.0,0.0,0.0,0.0
F,4,2,4,23,4,69.215237,0.0,0.0,69.215237,17.30380925,0.0,17.30380925,0.0,0.0,0.0,0.0,0.0,0.0,0.0,0.0,0.0
F,4,2,4,24,4,66.85259,0.0,0.0,66.85259,16.7131475,0.0,16.7131475,0.0,0.0,0.0,0.0,0.0,0.0,0.0,0.0,0.0
F,4,2,4,25,4,97.976602,0.0,0.0,97.976602,24.4941505,0.0,24.4941505,0.0,0.0,0.0,0.0,0.0,0.0,0.0,0.0,0.0
F,4,2,4,26,4,89.629821,0.0,0.0,89.629821,22.40745525,0.0,22.40745525,0.0,0.0,0.0,0.0,0.0,0.0,0.0,0.0,0.0
F,4,2,4,27,4,119.963958,0.0,0.0,119.963958,29.9909895,0.0,29.9909895,0.0,0.0,0.0,0.0,0.0,0.0,0.0,0.0,0.0
F,4,2,4,28,4,81.406478,0.0,0.0,81.406478,20.3516195,0.0,20.3516195,0.0,0.0,0.0,0.0,0.0,0.0,0.0,0.0,0.0
F,4,2,4,29,4,66.836967,0.0,0.0,66.836967,16.70924175,0.0,16.70924175,0.0,0.0,0.0,0.0,0.0,0.0,0.0,0.0,0.0
F,4,2,4,30,4,59.357088,0.0,0.0,59.357088,14.839272,0.0,14.839272,0.0,0.0,0.0,0.0,0.0,0.0,0.0,0.0,0.0
F,4,2,4,31,4,82.386659,0.0,0.0,82.386659,20.59666475,0.0,20.59666475,0.0,0.0,0.0,0.0,0.0,0.0,0.0,0.0,0.0
F,4,2,4,32,4,76.681918,0.0,0.0,76.681918,19.1704795,0.0,19.1704795,0.0,0.0,0.0,0.0,0.0,0.0,0.0,0.0,0.0
F,4,2,4,33,4,71.178786,0.0,0.0,71.178786,17.7946965,0.0,17.7946965,0.0,0.0,0.0,0.0,0.0,0.0,0.0,0.0,0.0
F,4,2,4,34,4,75.155973,0.0,0.0,75.155973,18.78899325,0.0,18.78899325,0.0,0.0,0.0,0.0,0.0,0.0,0.0,0.0,0.0
F,4,2,4,35,4,77.958845,0.0,0.0,77.958845,19.48971125,0.0,19.48971125,0.0,0.0,0.0,0.0,0.0,0.0,0.0,0.0,0.0
F,4,2,4,36,4,83.746341,0.0,0.0,83.746341,20.93658525,0.0,20.93658525,0.0,0.0,0.0,0.0,0.0,0.0,0.0,0.0,0.0
F,4,2,4,37,4,83.490975,0.0,0.0,83.490975,20.87274375,0.0,20.87274375,0.0,0.0,0.0,0.0,0.0,0.0,0.0,0.0,0.0
F,4,2,4,38,4,76.114104,0.0,0.0,76.114104,19.028526,0.0,19.028526,0.0,0.0,0.0,0.0,0.0,0.0,0.0,0.0,0.0
F,4,2,4,39,4,97.832457,0.0,0.0,97.832457,24.45811425,0.0,24.45811425,0.0,0.0,0.0,0.0,0.0,0.0,0.0,0.0,0.0
F,4,2,4,40,4,58.026545,0.0,0.0,58.026545,14.50663625,0.0,14.50663625,0.0,0.0,0.0,0.0,0.0,0.0,0.0,0.0,0.0
F,4,2,4,41,4,62.649984,0.0,0.0,62.649984,15.662496,0.0,15.662496,0.0,0.0,0.0,0.0,0.0,0.0,0.0,0.0,0.0
F,4,2,4,42,4,64.149524,0.0,0.0,64.149524,16.037381,0.0,16.037381,0.0,0.0,0.0,0.0,0.0,0.0,0.0,0.0,0.0
F,4,2,4,43,4,66.663951,0.0,0.0,66.663951,16.66598775,0.0,16.66598775,0.0,0.0,0.0,0.0,0.0,0.0,0.0,0.0,0.0
F,4,2,4,44,4,65.46125,0.0,0.0,65.46125,16.3653125,0.0,16.3653125,0.0,0.0,0.0,0.0,0.0,0.0,0.0,0.0,0.0
F,4,2,4,45,4,58.67197,0.0,0.0,58.67197,14.6679925,0.0,14.6679925,0.0,0.0,0.0,0.0,0.0,0.0,0.0,0.0,0.0
F,4,2,4,46,4,65.651583,0.0,0.0,65.651583,16.41289575,0.0,16.41289575,0.0,0.0,0.0,0.0,0.0,0.0,0.0,0.0,0.0
F,4,2,4,47,4,57.972717,0.0,0.0,57.972717,14.49317925,0.0,14.49317925,0.0,0.0,0.0,0.0,0.0,0.0,0.0,0.0,0.0
F,4,2,4,48,4,56.345398,0.0,0.0,56.345398,14.0863495,0.0,14.0863495,0.0,0.0,0.0,0.0,0.0,0.0,0.0,0.0,0.0
F,4,2,4,49,4,71.431366,0.0,0.0,71.431366,17.8578415,0.0,17.8578415,0.0,0.0,0.0,0.0,0.0,0.0,0.0,0.0,0.0
F,4,2,4,50,4,67.927458,0.0,0.0,67.927458,16.9818645,0.0,16.9818645,0.0,0.0,0.0,0.0,0.0,0.0,0.0,0.0,0.0
F,4,2,4,51,4,92.855225,0.0,0.0,92.855225,23.21380625,0.0,23.21380625,0.0,0.0,0.0,0.0,0.0,0.0,0.0,0.0,0.0
F,4,2,4,52,4,87.242069,0.0,0.0,87.242069,21.81051725,0.0,21.81051725,0.0,0.0,0.0,0.0,0.0,0.0,0.0,0.0,0.0
F,4,2,4,53,4,96.022712,0.0,0.0,96.022712,24.005678,0.0,24.005678,0.0,0.0,0.0,0.0,0.0,0.0,0.0,0.0,0.0
F,4,2,4,54,4,101.475006,0.0,0.0,101.475006,25.3687515,0.0,25.3687515,0.0,0.0,0.0,0.0,0.0,0.0,0.0,0.0,0.0
F,4,2,4,55,4,63.85878,0.0,0.0,63.85878,15.964695,0.0,15.964695,0.0,0.0,0.0,0.0,0.0,0.0,0.0,0.0,0.0
F,4,2,4,56,4,82.805765,0.0,0.0,82.805765,20.70144125,0.0,20.70144125,0.0,0.0,0.0,0.0,0.0,0.0,0.0,0.0,0.0
F,4,2,4,57,4,59.694069,0.0,0.0,59.694069,14.92351725,0.0,14.92351725,0.0,0.0,0.0,0.0,0.0,0.0,0.0,0.0,0.0
F,4,2,4,58,4,64.456193,0.0,0.0,64.456193,16.11404825,0.0,16.11404825,0.0,0.0,0.0,0.0,0.0,0.0,0.0,0.0,0.0
F,4,2,4,59,4,58.502618,0.0,0.0,58.502618,14.6256545,0.0,14.6256545,0.0,0.0,0.0,0.0,0.0,0.0,0.0,0.0,0.0
F,4,2,4,60,4,69.369551,0.0,0.0,69.369551,17.34238775,0.0,17.34238775,0.0,0.0,0.0,0.0,0.0,0.0,0.0,0.0,0.0
F,4,2,4,61,4,68.356383,0.0,0.0,68.356383,17.08909575,0.0,17.08909575,0.0,0.0,0.0,0.0,0.0,0.0,0.0,0.0,0.0
F,4,2,4,62,4,75.264731,0.0,0.0,75.264731,18.81618275,0.0,18.81618275,0.0,0.0,0.0,0.0,0.0,0.0,0.0,0.0,0.0
F,4,2,4,63,4,71.55851,0.0,0.0,71.55851,17.8896275,0.0,17.8896275,0.0,0.0,0.0,0.0,0.0,0.0,0.0,0.0,0.0
F,4,2,4,64,4,58.821343,0.0,0.0,58.821343,14.70533575,0.0,14.70533575,0.0,0.0,0.0,0.0,0.0,0.0,0.0,0.0,0.0
F,4,2,4,65,4,58.405587,0.0,0.0,58.405587,14.60139675,0.0,14.60139675,0.0,0.0,0.0,0.0,0.0,0.0,0.0,0.0,0.0
F,4,2,4,66,4,87.779459,0.0,0.0,87.779459,21.94486475,0.0,21.94486475,0.0,0.0,0.0,0.0,0.0,0.0,0.0,0.0,0.0
F,4,2,4,67,4,91.747253,0.0,0.0,91.747253,22.93681325,0.0,22.93681325,0.0,0.0,0.0,0.0,0.0,0.0,0.0,0.0,0.0
F,4,2,4,68,4,76.310333,0.0,0.0,76.310333,19.07758325,0.0,19.07758325,0.0,0.0,0.0,0.0,0.0,0.0,0.0,0.0,0.0
F,4,2,4,69,4,69.651655,0.0,0.0,69.651655,17.41291375,0.0,17.41291375,0.0,0.0,0.0,0.0,0.0,0.0,0.0,0.0,0.0
F,4,2,4,70,4,67.710795,0.0,0.0,67.710795,16.92769875,0.0,16.92769875,0.0,0.0,0.0,0.0,0.0,0.0,0.0,0.0,0.0
F,4,2,4,71,4,71.755179,0.0,0.0,71.755179,17.93879475,0.0,17.93879475,0.0,0.0,0.0,0.0,0.0,0.0,0.0,0.0,0.0
F,4,2,4,72,4,72.425147,0.0,0.0,72.425147,18.10628675,0.0,18.10628675,0.0,0.0,0.0,0.0,0.0,0.0,0.0,0.0,0.0
F,4,2,4,73,4,84.890309,0.0,0.0,84.890309,21.22257725,0.0,21.22257725,0.0,0.0,0.0,0.0,0.0,0.0,0.0,0.0,0.0
F,4,2,4,74,4,84.360305,0.0,0.0,84.360305,21.09007625,0.0,21.09007625,0.0,0.0,0.0,0.0,0.0,0.0,0.0,0.0,0.0
F,4,2,4,75,4,91.865158,0.0,0.0,91.865158,22.9662895,0.0,22.9662895,0.0,0.0,0.0,0.0,0.0,0.0,0.0,0.0,0.0
F,4,2,4,76,4,81.177308,0.0,0.0,81.177308,20.294327,0.0,20.294327,0.0,0.0,0.0,0.0,0.0,0.0,0.0,0.0,0.0
F,4,2,4,77,4,93.48817,0.0,0.0,93.48817,23.3720425,0.0,23.3720425,0.0,0.0,0.0,0.0,0.0,0.0,0.0,0.0,0.0
F,4,2,4,78,4,87.114274,0.0,0.0,87.114274,21.7785685,0.0,21.7785685,0.0,0.0,0.0,0.0,0.0,0.0,0.0,0.0,0.0
F,4,2,4,79,4,99.060591,0.0,0.0,99.060591,24.76514775,0.0,24.76514775,0.0,0.0,0.0,0.0,0.0,0.0,0.0,0.0,0.0
F,4,2,4,80,4,82.563983,0.0,0.0,82.563983,20.64099575,0.0,20.64099575,0.0,0.0,0.0,0.0,0.0,0.0,0.0,0.0,0.0
F,4,2,4,81,4,89.528311,0.0,0.0,89.528311,22.38207775,0.0,22.38207775,0.0,0.0,0.0,0.0,0.0,0.0,0.0,0.0,0.0
F,4,2,4,82,4,76.994939,0.0,0.0,76.994939,19.24873475,0.0,19.24873475,0.0,0.0,0.0,0.0,0.0,0.0,0.0,0.0,0.0
F,4,2,4,83,4,71.629172,0.0,0.0,71.629172,17.907293,0.0,17.907293,0.0,0.0,0.0,0.0,0.0,0.0,0.0,0.0,0.0
F,4,2,4,84,4,75.16256,0.0,0.0,75.16256,18.79064,0.0,18.79064,0.0,0.0,0.0,0.0,0.0,0.0,0.0,0.0,0.0
F,4,2,4,85,4,76.704832,0.0,0.0,76.704832,19.176208,0.0,19.176208,0.0,0.0,0.0,0.0,0.0,0.0,0.0,0.0,0.0
F,4,2,4,86,4,70.833078,0.0,0.0,70.833078,17.7082695,0.0,17.7082695,0.0,0.0,0.0,0.0,0.0,0.0,0.0,0.0,0.0
F,4,2,4,87,4,70.386492,0.0,0.0,70.386492,17.596623,0.0,17.596623,0.0,0.0,0.0,0.0,0.0,0.0,0.0,0.0,0.0
F,4,2,4,88,4,66.306587,0.0,0.0,66.306587,16.57664675,0.0,16.57664675,0.0,0.0,0.0,0.0,0.0,0.0,0.0,0.0,0.0
F,4,2,4,89,4,78.550399,0.0,0.0,78.550399,19.63759975,0.0,19.63759975,0.0,0.0,0.0,0.0,0.0,0.0,0.0,0.0,0.0
F,4,2,4,90,4,89.418768,0.0,0.0,89.418768,22.354692,0.0,22.354692,0.0,0.0,0.0,0.0,0.0,0.0,0.0,0.0,0.0
F,4,2,4,91,4,90.414514,0.0,0.0,90.414514,22.6036285,0.0,22.6036285,0.0,0.0,0.0,0.0,0.0,0.0,0.0,0.0,0.0
F,4,2,4,92,4,81.655528,0.0,0.0,81.655528,20.413882,0.0,20.413882,0.0,0.0,0.0,0.0,0.0,0.0,0.0,0.0,0.0
F,4,2,4,93,4,72.863585,0.0,0.0,72.863585,18.21589625,0.0,18.21589625,0.0,0.0,0.0,0.0,0.0,0.0,0.0,0.0,0.0
F,4,2,4,94,4,79.304665,0.0,0.0,79.304665,19.82616625,0.0,19.82616625,0.0,0.0,0.0,0.0,0.0,0.0,0.0,0.0,0.0
F,4,2,4,95,4,85.918126,0.0,0.0,85.918126,21.4795315,0.0,21.4795315,0.0,0.0,0.0,0.0,0.0,0.0,0.0,0.0,0.0
F,4,2,4,96,4,79.871628,0.0,0.0,79.871628,19.967907,0.0,19.967907,0.0,0.0,0.0,0.0,0.0,0.0,0.0,0.0,0.0
F,4,2,4,97,4,80.079087,0.0,0.0,80.079087,20.01977175,0.0,20.01977175,0.0,0.0,0.0,0.0,0.0,0.0,0.0,0.0,0.0
F,4,2,4,98,4,85.992983,0.0,0.0,85.992983,21.49824575,0.0,21.49824575,0.0,0.0,0.0,0.0,0.0,0.0,0.0,0.0,0.0
F,4,2,4,99,4,82.91257,0.0,0.0,82.91257,20.7281425,0.0,20.7281425,0.0,0.0,0.0,0.0,0.0,0.0,0.0,0.0,0.0
F,4,2,4,100,4,81.368648,0.0,0.0,81.368648,20.342162,0.0,20.342162,0.0,0.0,0.0,0.0,0.0,0.0,0.0,0.0,0.0
F,4,2,4,101,4,73.940769,0.0,0.0,73.940769,18.48519225,0.0,18.48519225,0.0,0.0,0.0,0.0,0.0,0.0,0.0,0.0,0.0
F,4,2,4,102,4,94.686367,0.0,0.0,94.686367,23.67159175,0.0,23.67159175,0.0,0.0,0.0,0.0,0.0,0.0,0.0,0.0,0.0
F,4,2,4,103,4,75.868194,0.0,0.0,75.868194,18.9670485,0.0,18.9670485,0.0,0.0,0.0,0.0,0.0,0.0,0.0,0.0,0.0
F,4,2,4,104,4,83.84745,0.0,0.0,83.84745,20.9618625,0.0,20.9618625,0.0,0.0,0.0,0.0,0.0,0.0,0.0,0.0,0.0
F,4,2,4,105,4,70.792502,0.0,0.0,70.792502,17.6981255,0.0,17.6981255,0.0,0.0,0.0,0.0,0.0,0.0,0.0,0.0,0.0
F,4,2,4,106,4,88.3074,0.0,0.0,88.3074,22.07685,0.0,22.07685,0.0,0.0,0.0,0.0,0.0,0.0,0.0,0.0,0.0
F,4,2,4,107,4,68.798177,0.0,0.0,68.798177,17.19954425,0.0,17.19954425,0.0,0.0,0.0,0.0,0.0,0.0,0.0,0.0,0.0
F,4,2,4,108,4,86.023359,0.0,0.0,86.023359,21.50583975,0.0,21.50583975,0.0,0.0,0.0,0.0,0.0,0.0,0.0,0.0,0.0
F,4,2,4,109,4,78.598445,0.0,0.0,78.598445,19.64961125,0.0,19.64961125,0.0,0.0,0.0,0.0,0.0,0.0,0.0,0.0,0.0
F,4,2,4,110,4,80.27669,0.0,0.0,80.27669,20.0691725,0.0,20.0691725,0.0,0.0,0.0,0.0,0.0,0.0,0.0,0.0,0.0
F,4,2,4,111,4,99.252175,0.0,0.0,99.252175,24.81304375,0.0,24.81304375,0.0,0.0,0.0,0.0,0.0,0.0,0.0,0.0,0.0
F,4,2,4,112,4,91.00279,0.0,0.0,91.00279,22.7506975,0.0,22.7506975,0.0,0.0,0.0,0.0,0.0,0.0,0.0,0.0,0.0
F,4,2,4,113,4,86.999255,0.0,0.0,86.999255,21.74981375,0.0,21.74981375,0.0,0.0,0.0,0.0,0.0,0.0,0.0,0.0,0.0
F,4,2,4,114,4,83.747747,0.0,0.0,83.747747,20.93693675,0.0,20.93693675,0.0,0.0,0.0,0.0,0.0,0.0,0.0,0.0,0.0
F,4,2,4,115,4,94.190842,0.0,0.0,94.190842,23.5477105,0.0,23.5477105,0.0,0.0,0.0,0.0,0.0,0.0,0.0,0.0,0.0
F,4,2,4,116,4,77.024356,0.0,0.0,77.024356,19.256089,0.0,19.256089,0.0,0.0,0.0,0.0,0.0,0.0,0.0,0.0,0.0
F,4,2,4,117,4,74.153693,0.0,0.0,74.153693,18.53842325,0.0,18.53842325,0.0,0.0,0.0,0.0,0.0,0.0,0.0,0.0,0.0
F,4,2,4,118,4,81.883414,0.0,0.0,81.883414,20.4708535,0.0,20.4708535,0.0,0.0,0.0,0.0,0.0,0.0,0.0,0.0,0.0
F,4,2,4,119,4,68.156209,0.0,0.0,68.156209,17.03905225,0.0,17.03905225,0.0,0.0,0.0,0.0,0.0,0.0,0.0,0.0,0.0
F,16,2,5,0,4,295.980394,0.0,0.0,295.980394,73.9950985,0.0,73.9950985,0.0,0.0,0.0,0.0,0.0,0.0,0.0,0.0,0.0
F,16,2,5,1,4,287.944917,0.0,0.0,287.944917,71.98622925,0.0,71.98622925,0.0,0.0,0.0,0.0,0.0,0.0,0.0,0.0,0.0
F,16,2,5,2,4,133.334216,0.0,0.0,133.334216,33.333554,0.0,33.333554,0.0,0.0,0.0,0.0,0.0,0.0,0.0,0.0,0.0
F,16,2,5,3,4,132.194384,0.0,0.0,132.194384,33.048596,0.0,33.048596,0.0,0.0,0.0,0.0,0.0,0.0,0.0,0.0,0.0
F,16,2,5,4,4,239.742594,0.0,0.0,239.742594,59.9356485,0.0,59.9356485,0.0,0.0,0.0,0.0,0.0,0.0,0.0,0.0,0.0
F,16,2,5,5,4,244.717778,0.0,0.0,244.717778,61.1794445,0.0,61.1794445,0.0,0.0,0.0,0.0,0.0,0.0,0.0,0.0,0.0
F,16,2,5,6,4,130.389535,0.0,0.0,130.389535,32.59738375,0.0,32.59738375,0.0,0.0,0.0,0.0,0.0,0.0,0.0,0.0,0.0
F,16,2,5,7,4,280.821937,0.0,0.0,280.821937,70.20548425,0.0,70.20548425,0.0,0.0,0.0,0.0,0.0,0.0,0.0,0.0,0.0
F,16,2,5,8,4,131.744411,0.0,0.0,131.744411,32.93610275,0.0,32.93610275,0.0,0.0,0.0,0.0,0.0,0.0,0.0,0.0,0.0
F,16,2,5,9,4,261.995892,0.0,0.0,261.995892,65.498973,0.0,65.498973,0.0,0.0,0.0,0.0,0.0,0.0,0.0,0.0,0.0
F,16,2,5,10,4,239.221653,0.0,0.0,239.221653,59.80541325,0.0,59.80541325,0.0,0.0,0.0,0.0,0.0,0.0,0.0,0.0,0.0
F,16,2,5,11,4,129.497489,0.0,0.0,129.497489,32.37437225,0.0,32.37437225,0.0,0.0,0.0,0.0,0.0,0.0,0.0,0.0,0.0
F,16,2,5,12,4,158.836107,0.0,0.0,158.836107,39.70902675,0.0,39.70902675,0.0,0.0,0.0,0.0,0.0,0.0,0.0,0.0,0.0
F,16,2,5,13,4,170.321502,0.0,0.0,170.321502,42.5803755,0.0,42.5803755,0.0,0.0,0.0,0.0,0.0,0.0,0.0,0.0,0.0
F,16,2,5,14,4,141.818288,0.0,0.0,141.818288,35.454572,0.0,35.454572,0.0,0.0,0.0,0.0,0.0,0.0,0.0,0.0,0.0
F,16,2,5,15,4,136.775496,0.0,0.0,136.775496,34.193874,0.0,34.193874,0.0,0.0,0.0,0.0,0.0,0.0,0.0,0.0,0.0
F,16,2,5,16,4,160.559407,0.0,0.0,160.559407,40.13985175,0.0,40.13985175,0.0,0.0,0.0,0.0,0.0,0.0,0.0,0.0,0.0
F,16,2,5,17,4,152.957159,0.0,0.0,152.957159,38.23928975,0.0,38.23928975,0.0,0.0,0.0,0.0,0.0,0.0,0.0,0.0,0.0
F,16,2,5,18,4,265.128779,0.0,0.0,265.128779,66.28219475,0.0,66.28219475,0.0,0.0,0.0,0.0,0.0,0.0,0.0,0.0,0.0
F,16,2,5,19,4,194.954869,0.0,0.0,194.954869,48.73871725,0.0,48.73871725,0.0,0.0,0.0,0.0,0.0,0.0,0.0,0.0,0.0
F,16,2,5,20,4,149.278462,0.0,0.0,149.278462,37.3196155,0.0,37.3196155,0.0,0.0,0.0,0.0,0.0,0.0,0.0,0.0,0.0
F,16,2,5,21,4,135.622534,0.0,0.0,135.622534,33.9056335,0.0,33.9056335,0.0,0.0,0.0,0.0,0.0,0.0,0.0,0.0,0.0
F,16,2,5,22,4,131.527683,0.0,0.0,131.527683,32.88192075,0.0,32.88192075,0.0,0.0,0.0,0.0,0.0,0.0,0.0,0.0,0.0
F,16,2,5,23,4,174.833723,0.0,0.0,174.833723,43.70843075,0.0,43.70843075,0.0,0.0,0.0,0.0,0.0,0.0,0.0,0.0,0.0
F,16,2,5,24,4,135.798813,0.0,0.0,135.798813,33.94970325,0.0,33.94970325,0.0,0.0,0.0,0.0,0.0,0.0,0.0,0.0,0.0
F,16,2,5,25,4,153.9441,0.0,0.0,153.9441,38.486025,0.0,38.486025,0.0,0.0,0.0,0.0,0.0,0.0,0.0,0.0,0.0
F,16,2,5,26,4,129.958436,0.0,0.0,129.958436,32.489609,0.0,32.489609,0.0,0.0,0.0,0.0,0.0,0.0,0.0,0.0,0.0
F,16,2,5,27,4,213.367984,0.0,0.0,213.367984,53.341996,0.0,53.341996,0.0,0.0,0.0,0.0,0.0,0.0,0.0,0.0,0.0
F,16,2,5,28,4,272.807073,0.0,0.0,272.807073,68.20176825,0.0,68.20176825,0.0,0.0,0.0,0.0,0.0,0.0,0.0,0.0,0.0
F,16,2,5,29,4,239.60977,0.0,0.0,239.60977,59.9024425,0.0,59.9024425,0.0,0.0,0.0,0.0,0.0,0.0,0.0,0.0,0.0
F,16,2,5,30,4,130.910183,0.0,0.0,130.910183,32.72754575,0.0,32.72754575,0.0,0.0,0.0,0.0,0.0,0.0,0.0,0.0,0.0
F,16,2,5,31,4,251.859234,0.0,0.0,251.859234,62.9648085,0.0,62.9648085,0.0,0.0,0.0,0.0,0.0,0.0,0.0,0.0,0.0
F,16,2,5,32,4,245.725024,0.0,0.0,245.725024,61.431256,0.0,61.431256,0.0,0.0,0.0,0.0,0.0,0.0,0.0,0.0,0.0
F,16,2,5,33,4,278.205081,0.0,0.0,278.205081,69.55127025,0.0,69.55127025,0.0,0.0,0.0,0.0,0.0,0.0,0.0,0.0,0.0
F,16,2,5,34,4,132.791196,0.0,0.0,132.791196,33.197799,0.0,33.197799,0.0,0.0,0.0,0.0,0.0,0.0,0.0,0.0,0.0
F,16,2,5,35,4,128.069118,0.0,0.0,128.069118,32.0172795,0.0,32.0172795,0.0,0.0,0.0,0.0,0.0,0.0,0.0,0.0,0.0
F,16,2,5,36,4,234.031779,0.0,0.0,234.031779,58.50794475,0.0,58.50794475,0.0,0.0,0.0,0.0,0.0,0.0,0.0,0.0,0.0
F,16,2,5,37,4,204.987208,0.0,0.0,204.987208,51.246802,0.0,51.246802,0.0,0.0,0.0,0.0,0.0,0.0,0.0,0.0,0.0
F,16,2,5,38,4,128.976839,0.0,0.0,128.976839,32.24420975,0.0,32.24420975,0.0,0.0,0.0,0.0,0.0,0.0,0.0,0.0,0.0
F,16,2,5,39,4,240.50478,0.0,0.0,240.50478,60.126195,0.0,60.126195,0.0,0.0,0.0,0.0,0.0,0.0,0.0,0.0,0.0
F,16,2,5,40,4,241.272723,0.0,0.0,241.272723,60.31818075,0.0,60.31818075,0.0,0.0,0.0,0.0,0.0,0.0,0.0,0.0,0.0
F,16,2,5,41,4,280.351491,0.0,0.0,280.351491,70.08787275,0.0,70.08787275,0.0,0.0,0.0,0.0,0.0,0.0,0.0,0.0,0.0
F,16,2,5,42,4,291.890252,0.0,0.0,291.890252,72.972563,0.0,72.972563,0.0,0.0,0.0,0.0,0.0,0.0,0.0,0.0,0.0
F,16,2,5,43,4,259.062857,0.0,0.0,259.062857,64.76571425,0.0,64.76571425,0.0,0.0,0.0,0.0,0.0,0.0,0.0,0.0,0.0
F,16,2,5,44,4,131.759448,0.0,0.0,131.759448,32.939862,0.0,32.939862,0.0,0.0,0.0,0.0,0.0,0.0,0.0,0.0,0.0
F,16,2,5,45,4,274.126987,0.0,0.0,274.126987,68.53174675,0.0,68.53174675,0.0,0.0,0.0,0.0,0.0,0.0,0.0,0.0,0.0
F,16,2,5,46,4,212.387697,0.0,0.0,212.387697,53.09692425,0.0,53.09692425,0.0,0.0,0.0,0.0,0.0,0.0,0.0,0.0,0.0
F,16,2,5,47,4,272.43679,0.0,0.0,272.43679,68.1091975,0.0,68.1091975,0.0,0.0,0.0,0.0,0.0,0.0,0.0,0.0,0.0
F,16,2,5,48,4,130.684179,0.0,0.0,130.684179,32.67104475,0.0,32.67104475,0.0,0.0,0.0,0.0,0.0,0.0,0.0,0.0,0.0
F,16,2,5,49,4,130.238341,0.0,0.0,130.238341,32.55958525,0.0,32.55958525,0.0,0.0,0.0,0.0,0.0,0.0,0.0,0.0,0.0
F,16,2,5,50,4,131.678352,0.0,0.0,131.678352,32.919588,0.0,32.919588,0.0,0.0,0.0,0.0,0.0,0.0,0.0,0.0,0.0
F,16,2,5,51,4,129.967141,0.0,0.0,129.967141,32.49178525,0.0,32.49178525,0.0,0.0,0.0,0.0,0.0,0.0,0.0,0.0,0.0
F,16,2,5,52,4,128.168824,0.0,0.0,128.168824,32.042206,0.0,32.042206,0.0,0.0,0.0,0.0,0.0,0.0,0.0,0.0,0.0
F,16,2,5,53,4,129.590482,0.0,0.0,129.590482,32.3976205,0.0,32.3976205,0.0,0.0,0.0,0.0,0.0,0.0,0.0,0.0,0.0
F,16,2,5,54,4,125.976867,0.0,0.0,125.976867,31.49421675,0.0,31.49421675,0.0,0.0,0.0,0.0,0.0,0.0,0.0,0.0,0.0
F,16,2,5,55,4,127.287869,0.0,0.0,127.287869,31.82196725,0.0,31.82196725,0.0,0.0,0.0,0.0,0.0,0.0,0.0,0.0,0.0
F,16,2,5,56,4,173.573572,0.0,0.0,173.573572,43.393393,0.0,43.393393,0.0,0.0,0.0,0.0,0.0,0.0,0.0,0.0,0.0
F,16,2,5,57,4,271.385253,0.0,0.0,271.385253,67.84631325,0.0,67.84631325,0.0,0.0,0.0,0.0,0.0,0.0,0.0,0.0,0.0
F,16,2,5,58,4,262.179743,0.0,0.0,262.179743,65.54493575,0.0,65.54493575,0.0,0.0,0.0,0.0,0.0,0.0,0.0,0.0,0.0
F,16,2,5,59,4,133.248619,0.0,0.0,133.248619,33.31215475,0.0,33.31215475,0.0,0.0,0.0,0.0,0.0,0.0,0.0,0.0,0.0
F,16,2,5,60,4,269.102033,0.0,0.0,269.102033,67.27550825,0.0,67.27550825,0.0,0.0,0.0,0.0,0.0,0.0,0.0,0.0,0.0
F,16,2,5,61,4,256.064684,0.0,0.0,256.064684,64.016171,0.0,64.016171,0.0,0.0,0.0,0.0,0.0,0.0,0.0,0.0,0.0
F,16,2,5,62,4,220.452784,0.0,0.0,220.452784,55.113196,0.0,55.113196,0.0,0.0,0.0,0.0,0.0,0.0,0.0,0.0,0.0
F,16,2,5,63,4,205.849905,0.0,0.0,205.849905,51.46247625,0.0,51.46247625,0.0,0.0,0.0,0.0,0.0,0.0,0.0,0.0,0.0
F,16,2,5,64,4,237.134262,0.0,0.0,237.134262,59.2835655,0.0,59.2835655,0.0,0.0,0.0,0.0,0.0,0.0,0.0,0.0,0.0
F,16,2,5,65,4,130.392265,0.0,0.0,130.392265,32.59806625,0.0,32.59806625,0.0,0.0,0.0,0.0,0.0,0.0,0.0,0.0,0.0
F,16,2,5,66,4,136.213568,0.0,0.0,136.213568,34.053392,0.0,34.053392,0.0,0.0,0.0,0.0,0.0,0.0,0.0,0.0,0.0
F,16,2,5,67,4,246.572868,0.0,0.0,246.572868,61.643217,0.0,61.643217,0.0,0.0,0.0,0.0,0.0,0.0,0.0,0.0,0.0
F,16,2,5,68,4,242.303099,0.0,0.0,242.303099,60.57577475,0.0,60.57577475,0.0,0.0,0.0,0.0,0.0,0.0,0.0,0.0,0.0
F,16,2,5,69,4,128.482698,0.0,0.0,128.482698,32.1206745,0.0,32.1206745,0.0,0.0,0.0,0.0,0.0,0.0,0.0,0.0,0.0
F,16,2,5,70,4,129.982398,0.0,0.0,129.982398,32.4955995,0.0,32.4955995,0.0,0.0,0.0,0.0,0.0,0.0,0.0,0.0,0.0
F,16,2,5,71,4,196.38224,0.0,0.0,196.38224,49.09556,0.0,49.09556,0.0,0.0,0.0,0.0,0.0,0.0,0.0,0.0,0.0
F,16,2,5,72,4,216.591115,0.0,0.0,216.591115,54.14777875,0.0,54.14777875,0.0,0.0,0.0,0.0,0.0,0.0,0.0,0.0,0.0
F,16,2,5,73,4,128.417667,0.0,0.0,128.417667,32.10441675,0.0,32.10441675,0.0,0.0,0.0,0.0,0.0,0.0,0.0,0.0,0.0
F,16,2,5,74,4,127.604174,0.0,0.0,127.604174,31.9010435,0.0,31.9010435,0.0,0.0,0.0,0.0,0.0,0.0,0.0,0.0,0.0
F,16,2,5,75,4,222.313071,0.0,0.0,222.313071,55.57826775,0.0,55.57826775,0.0,0.0,0.0,0.0,0.0,0.0,0.0,0.0,0.0
F,16,2,5,76,4,229.925448,0.0,0.0,229.925448,57.481362,0.0,57.481362,0.0,0.0,0.0,0.0,0.0,0.0,0.0,0.0,0.0
F,16,2,5,77,4,259.948123,0.0,0.0,259.948123,64.98703075,0.0,64.98703075,0.0,0.0,0.0,0.0,0.0,0.0,0.0,0.0,0.0
F,16,2,5,78,4,300.71849,0.0,0.0,300.71849,75.1796225,0.0,75.1796225,0.0,0.0,0.0,0.0,0.0,0.0,0.0,0.0,0.0
F,16,2,5,79,4,234.131242,0.0,0.0,234.131242,58.5328105,0.0,58.5328105,0.0,0.0,0.0,0.0,0.0,0.0,0.0,0.0,0.0
F,16,2,5,80,4,137.320213,0.0,0.0,137.320213,34.33005325,0.0,34.33005325,0.0,0.0,0.0,0.0,0.0,0.0,0.0,0.0,0.0
F,16,2,5,81,4,131.49277,0.0,0.0,131.49277,32.8731925,0.0,32.8731925,0.0,0.0,0.0,0.0,0.0,0.0,0.0,0.0,0.0
F,16,2,5,82,4,284.28718,0.0,0.0,284.28718,71.071795,0.0,71.071795,0.0,0.0,0.0,0.0,0.0,0.0,0.0,0.0,0.0
F,16,2,5,83,4,136.302578,0.0,0.0,136.302578,34.0756445,0.0,34.0756445,0.0,0.0,0.0,0.0,0.0,0.0,0.0,0.0,0.0
F,16,2,5,84,4,135.171771,0.0,0.0,135.171771,33.79294275,0.0,33.79294275,0.0,0.0,0.0,0.0,0.0,0.0,0.0,0.0,0.0
F,16,2,5,85,4,159.574158,0.0,0.0,159.574158,39.8935395,0.0,39.8935395,0.0,0.0,0.0,0.0,0.0,0.0,0.0,0.0,0.0
F,16,2,5,86,4,129.98774,0.0,0.0,129.98774,32.496935,0.0,32.496935,0.0,0.0,0.0,0.0,0.0,0.0,0.0,0.0,0.0
F,16,2,5,87,4,135.970818,0.0,0.0,135.970818,33.9927045,0.0,33.9927045,0.0,0.0,0.0,0.0,0.0,0.0,0.0,0.0,0.0
F,16,2,5,88,4,144.992708,0.0,0.0,144.992708,36.248177,0.0,36.248177,0.0,0.0,0.0,0.0,0.0,0.0,0.0,0.0,0.0
F,16,2,5,89,4,258.211736,0.0,0.0,258.211736,64.552934,0.0,64.552934,0.0,0.0,0.0,0.0,0.0,0.0,0.0,0.0,0.0
F,16,2,5,90,4,207.000449,0.0,0.0,207.000449,51.75011225,0.0,51.75011225,0.0,0.0,0.0,0.0,0.0,0.0,0.0,0.0,0.0
F,16,2,5,91,4,228.897848,0.0,0.0,228.897848,57.224462,0.0,57.224462,0.0,0.0,0.0,0.0,0.0,0.0,0.0,0.0,0.0
F,16,2,5,92,4,170.302624,0.0,0.0,170.302624,42.575656,0.0,42.575656,0.0,0.0,0.0,0.0,0.0,0.0,0.0,0.0,0.0
F,16,2,5,93,4,144.985883,0.0,0.0,144.985883,36.24647075,0.0,36.24647075,0.0,0.0,0.0,0.0,0.0,0.0,0.0,0.0,0.0
F,16,2,5,94,4,130.893047,0.0,0.0,130.893047,32.72326175,0.0,32.72326175,0.0,0.0,0.0,0.0,0.0,0.0,0.0,0.0,0.0
F,16,2,5,95,4,130.357821,0.0,0.0,130.357821,32.58945525,0.0,32.58945525,0.0,0.0,0.0,0.0,0.0,0.0,0.0,0.0,0.0
F,16,2,5,96,4,206.608582,0.0,0.0,206.608582,51.6521455,0.0,51.6521455,0.0,0.0,0.0,0.0,0.0,0.0,0.0,0.0,0.0
F,16,2,5,97,4,155.796578,0.0,0.0,155.796578,38.9491445,0.0,38.9491445,0.0,0.0,0.0,0.0,0.0,0.0,0.0,0.0,0.0
F,16,2,5,98,4,214.233009,0.0,0.0,214.233009,53.55825225,0.0,53.55825225,0.0,0.0,0.0,0.0,0.0,0.0,0.0,0.0,0.0
F,16,2,5,99,4,128.012444,0.0,0.0,128.012444,32.003111,0.0,32.003111,0.0,0.0,0.0,0.0,0.0,0.0,0.0,0.0,0.0
F,16,2,5,100,4,132.838708,0.0,0.0,132.838708,33.209677,0.0,33.209677,0.0,0.0,0.0,0.0,0.0,0.0,0.0,0.0,0.0
F,16,2,5,101,4,129.610968,0.0,0.0,129.610968,32.402742,0.0,32.402742,0.0,0.0,0.0,0.0,0.0,0.0,0.0,0.0,0.0
F,16,2,5,102,4,143.936554,0.0,0.0,143.936554,35.9841385,0.0,35.9841385,0.0,0.0,0.0,0.0,0.0,0.0,0.0,0.0,0.0
F,16,2,5,103,4,237.016168,0.0,0.0,237.016168,59.254042,0.0,59.254042,0.0,0.0,0.0,0.0,0.0,0.0,0.0,0.0,0.0
F,16,2,5,104,4,223.205496,0.0,0.0,223.205496,55.801374,0.0,55.801374,0.0,0.0,0.0,0.0,0.0,0.0,0.0,0.0,0.0
F,16,2,5,105,4,176.173138,0.0,0.0,176.173138,44.0432845,0.0,44.0432845,0.0,0.0,0.0,0.0,0.0,0.0,0.0,0.0,0.0
F,16,2,5,106,4,209.949592,0.0,0.0,209.949592,52.487398,0.0,52.487398,0.0,0.0,0.0,0.0,0.0,0.0,0.0,0.0,0.0
F,16,2,5,107,4,128.089702,0.0,0.0,128.089702,32.0224255,0.0,32.0224255,0.0,0.0,0.0,0.0,0.0,0.0,0.0,0.0,0.0
F,16,2,5,108,4,128.918076,0.0,0.0,128.918076,32.229519,0.0,32.229519,0.0,0.0,0.0,0.0,0.0,0.0,0.0,0.0,0.0
F,16,2,5,109,4,162.013413,0.0,0.0,162.013413,40.50335325,0.0,40.50335325,0.0,0.0,0.0,0.0,0.0,0.0,0.0,0.0,0.0
F,16,2,5,110,4,240.762283,0.0,0.0,240.762283,60.19057075,0.0,60.19057075,0.0,0.0,0.0,0.0,0.0,0.0,0.0,0.0,0.0
F,16,2,5,111,4,134.279524,0.0,0.0,134.279524,33.569881,0.0,33.569881,0.0,0.0,0.0,0.0,0.0,0.0,0.0,0.0,0.0
F,16,2,5,112,4,143.684922,0.0,0.0,143.684922,35.9212305,0.0,35.9212305,0.0,0.0,0.0,0.0,0.0,0.0,0.0,0.0,0.0
F,16,2,5,113,4,157.166216,0.0,0.0,157.166216,39.291554,0.0,39.291554,0.0,0.0,0.0,0.0,0.0,0.0,0.0,0.0,0.0
F,16,2,5,114,4,136.07254,0.0,0.0,136.07254,34.018135,0.0,34.018135,0.0,0.0,0.0,0.0,0.0,0.0,0.0,0.0,0.0
F,16,2,5,115,4,164.878387,0.0,0.0,164.878387,41.21959675,0.0,41.21959675,0.0,0.0,0.0,0.0,0.0,0.0,0.0,0.0,0.0
F,16,2,5,116,4,235.183869,0.0,0.0,235.183869,58.79596725,0.0,58.79596725,0.0,0.0,0.0,0.0,0.0,0.0,0.0,0.0,0.0
F,16,2,5,117,4,169.752924,0.0,0.0,169.752924,42.438231,0.0,42.438231,0.0,0.0,0.0,0.0,0.0,0.0,0.0,0.0,0.0
F,16,2,5,118,4,267.246608,0.0,0.0,267.246608,66.811652,0.0,66.811652,0.0,0.0,0.0,0.0,0.0,0.0,0.0,0.0,0.0
F,16,2,5,119,4,270.531525,0.0,0.0,270.531525,67.63288125,0.0,67.63288125,0.0,0.0,0.0,0.0,0.0,0.0,0.0,0.0,0.0
F,64,2,6,0,4,416.861355,0.0,0.0,416.861355,104.21533875,0.0,104.21533875,0.0,0.0,0.0,0.0,0.0,0.0,0.0,0.0,0.0
F,64,2,6,1,4,407.700531,0.0,0.0,407.700531,101.92513275,0.0,101.92513275,0.0,0.0,0.0,0.0,0.0,0.0,0.0,0.0,0.0
F,64,2,6,2,4,402.113591,0.0,0.0,402.113591,100.52839775,0.0,100.52839775,0.0,0.0,0.0,0.0,0.0,0.0,0.0,0.0,0.0
F,64,2,6,3,4,404.259366,0.0,0.0,404.259366,101.0648415,0.0,101.0648415,0.0,0.0,0.0,0.0,0.0,0.0,0.0,0.0,0.0
F,64,2,6,4,4,933.129737,0.0,0.0,933.129737,233.28243425,0.0,233.28243425,0.0,0.0,0.0,0.0,0.0,0.0,0.0,0.0,0.0
F,64,2,6,5,4,897.513453,0.0,0.0,897.513453,224.37836325,0.0,224.37836325,0.0,0.0,0.0,0.0,0.0,0.0,0.0,0.0,0.0
F,64,2,6,6,4,446.63293,0.0,0.0,446.63293,111.6582325,0.0,111.6582325,0.0,0.0,0.0,0.0,0.0,0.0,0.0,0.0,0.0
F,64,2,6,7,4,923.620207,0.0,0.0,923.620207,230.90505175,0.0,230.90505175,0.0,0.0,0.0,0.0,0.0,0.0,0.0,0.0,0.0
F,64,2,6,8,4,738.650507,0.0,0.0,738.650507,184.66262675,0.0,184.66262675,0.0,0.0,0.0,0.0,0.0,0.0,0.0,0.0,0.0
F,64,2,6,9,4,475.278732,0.0,0.0,475.278732,118.819683,0.0,118.819683,0.0,0.0,0.0,0.0,0.0,0.0,0.0,0.0,0.0
F,64,2,6,10,4,474.442212,0.0,0.0,474.442212,118.610553,0.0,118.610553,0.0,0.0,0.0,0.0,0.0,0.0,0.0,0.0,0.0
F,64,2,6,11,4,865.26926,0.0,0.0,865.26926,216.317315,0.0,216.317315,0.0,0.0,0.0,0.0,0.0,0.0,0.0,0.0,0.0
F,64,2,6,12,4,411.519609,0.0,0.0,411.519609,102.87990225,0.0,102.87990225,0.0,0.0,0.0,0.0,0.0,0.0,0.0,0.0,0.0
F,64,2,6,13,4,1105.200567,0.0,0.0,1105.200567,276.30014175,0.0,276.30014175,0.0,0.0,0.0,0.0,0.0,0.0,0.0,0.0,0.0
F,64,2,6,14,4,932.501797,0.0,0.0,932.501797,233.12544925,0.0,233.12544925,0.0,0.0,0.0,0.0,0.0,0.0,0.0,0.0,0.0
F,64,2,6,15,4,407.830754,0.0,0.0,407.830754,101.9576885,0.0,101.9576885,0.0,0.0,0.0,0.0,0.0,0.0,0.0,0.0,0.0
F,64,2,6,16,4,673.127605,0.0,0.0,673.127605,168.28190125,0.0,168.28190125,0.0,0.0,0.0,0.0,0.0,0.0,0.0,0.0,0.0
F,64,2,6,17,4,402.970188,0.0,0.0,402.970188,100.742547,0.0,100.742547,0.0,0.0,0.0,0.0,0.0,0.0,0.0,0.0,0.0
F,64,2,6,18,4,918.178221,0.0,0.0,918.178221,229.54455525,0.0,229.54455525,0.0,0.0,0.0,0.0,0.0,0.0,0.0,0.0,0.0
F,64,2,6,19,4,403.005633,0.0,0.0,403.005633,100.75140825,0.0,100.75140825,0.0,0.0,0.0,0.0,0.0,0.0,0.0,0.0,0.0
F,64,2,6,20,4,1011.074854,0.0,0.0,1011.074854,252.7687135,0.0,252.7687135,0.0,0.0,0.0,0.0,0.0,0.0,0.0,0.0,0.0
F,64,2,6,21,4,807.195053,0.0,0.0,807.195053,201.79876325,0.0,201.79876325,0.0,0.0,0.0,0.0,0.0,0.0,0.0,0.0,0.0
F,64,2,6,22,4,651.190825,0.0,0.0,651.190825,162.79770625,0.0,162.79770625,0.0,0.0,0.0,0.0,0.0,0.0,0.0,0.0,0.0
F,64,2,6,23,4,406.26694,0.0,0.0,406.26694,101.566735,0.0,101.566735,0.0,0.0,0.0,0.0,0.0,0.0,0.0,0.0,0.0
F,64,2,6,24,4,408.155224,0.0,0.0,408.155224,102.038806,0.0,102.038806,0.0,0.0,0.0,0.0,0.0,0.0,0.0,0.0,0.0
F,64,2,6,25,4,404.001626,0.0,0.0,404.001626,101.0004065,0.0,101.0004065,0.0,0.0,0.0,0.0,0.0,0.0,0.0,0.0,0.0
F,64,2,6,26,4,723.503697,0.0,0.0,723.503697,180.87592425,0.0,180.87592425,0.0,0.0,0.0,0.0,0.0,0.0,0.0,0.0,0.0
F,64,2,6,27,4,945.680286,0.0,0.0,945.680286,236.4200715,0.0,236.4200715,0.0,0.0,0.0,0.0,0.0,0.0,0.0,0.0,0.0
F,64,2,6,28,4,418.22256,0.0,0.0,418.22256,104.55564,0.0,104.55564,0.0,0.0,0.0,0.0,0.0,0.0,0.0,0.0,0.0
F,64,2,6,29,4,410.262494,0.0,0.0,410.262494,102.5656235,0.0,102.5656235,0.0,0.0,0.0,0.0,0.0,0.0,0.0,0.0,0.0
F,64,2,6,30,4,405.611659,0.0,0.0,405.611659,101.40291475,0.0,101.40291475,0.0,0.0,0.0,0.0,0.0,0.0,0.0,0.0,0.0
F,64,2,6,31,4,842.675521,0.0,0.0,842.675521,210.66888025,0.0,210.66888025,0.0,0.0,0.0,0.0,0.0,0.0,0.0,0.0,0.0
F,64,2,6,32,4,405.052783,0.0,0.0,405.052783,101.26319575,0.0,101.26319575,0.0,0.0,0.0,0.0,0.0,0.0,0.0,0.0,0.0
F,64,2,6,33,4,403.229278,0.0,0.0,403.229278,100.8073195,0.0,100.8073195,0.0,0.0,0.0,0.0,0.0,0.0,0.0,0.0,0.0
F,64,2,6,34,4,732.592925,0.0,0.0,732.592925,183.14823125,0.0,183.14823125,0.0,0.0,0.0,0.0,0.0,0.0,0.0,0.0,0.0
F,64,2,6,35,4,724.64717,0.0,0.0,724.64717,181.1617925,0.0,181.1617925,0.0,0.0,0.0,0.0,0.0,0.0,0.0,0.0,0.0
F,64,2,6,36,4,405.367567,0.0,0.0,405.367567,101.34189175,0.0,101.34189175,0.0,0.0,0.0,0.0,0.0,0.0,0.0,0.0,0.0
F,64,2,6,37,4,825.955601,0.0,0.0,825.955601,206.48890025,0.0,206.48890025,0.0,0.0,0.0,0.0,0.0,0.0,0.0,0.0,0.0
F,64,2,6,38,4,884.783155,0.0,0.0,884.783155,221.19578875,0.0,221.19578875,0.0,0.0,0.0,0.0,0.0,0.0,0.0,0.0,0.0
F,64,2,6,39,4,749.900827,0.0,0.0,749.900827,187.47520675,0.0,187.47520675,0.0,0.0,0.0,0.0,0.0,0.0,0.0,0.0,0.0
F,64,2,6,40,4,408.983391,0.0,0.0,408.983391,102.24584775,0.0,102.24584775,0.0,0.0,0.0,0.0,0.0,0.0,0.0,0.0,0.0
F,64,2,6,41,4,413.948501,0.0,0.0,413.948501,103.48712525,0.0,103.48712525,0.0,0.0,0.0,0.0,0.0,0.0,0.0,0.0,0.0
F,64,2,6,42,4,561.786208,0.0,0.0,561.786208,140.446552,0.0,140.446552,0.0,0.0,0.0,0.0,0.0,0.0,0.0,0.0,0.0
F,64,2,6,43,4,943.232558,0.0,0.0,943.232558,235.8081395,0.0,235.8081395,0.0,0.0,0.0,0.0,0.0,0.0,0.0,0.0,0.0
F,64,2,6,44,4,685.991091,0.0,0.0,685.991091,171.49777275,0.0,171.49777275,0.0,0.0,0.0,0.0,0.0,0.0,0.0,0.0,0.0
F,64,2,6,45,4,957.948358,0.0,0.0,957.948358,239.4870895,0.0,239.4870895,0.0,0.0,0.0,0.0,0.0,0.0,0.0,0.0,0.0
F,64,2,6,46,4,911.126229,0.0,0.0,911.126229,227.78155725,0.0,227.78155725,0.0,0.0,0.0,0.0,0.0,0.0,0.0,0.0,0.0
F,64,2,6,47,4,405.590602,0.0,0.0,405.590602,101.3976505,0.0,101.3976505,0.0,0.0,0.0,0.0,0.0,0.0,0.0,0.0,0.0
F,64,2,6,48,4,519.655654,0.0,0.0,519.655654,129.9139135,0.0,129.9139135,0.0,0.0,0.0,0.0,0.0,0.0,0.0,0.0,0.0
F,64,2,6,49,4,612.167424,0.0,0.0,612.167424,153.041856,0.0,153.041856,0.0,0.0,0.0,0.0,0.0,0.0,0.0,0.0,0.0
F,64,2,6,50,4,829.896903,0.0,0.0,829.896903,207.47422575,0.0,207.47422575,0.0,0.0,0.0,0.0,0.0,0.0,0.0,0.0,0.0
F,64,2,6,51,4,408.270111,0.0,0.0,408.270111,102.06752775,0.0,102.06752775,0.0,0.0,0.0,0.0,0.0,0.0,0.0,0.0,0.0
F,64,2,6,52,4,1027.918495,0.0,0.0,1027.918495,256.97962375,0.0,256.97962375,0.0,0.0,0.0,0.0,0.0,0.0,0.0,0.0,0.0
F,64,2,6,53,4,979.265109,0.0,0.0,979.265109,244.81627725,0.0,244.81627725,0.0,0.0,0.0,0.0,0.0,0.0,0.0,0.0,0.0
F,64,2,6,54,4,972.592149,0.0,0.0,972.592149,243.14803725,0.0,243.14803725,0.0,0.0,0.0,0.0,0.0,0.0,0.0,0.0,0.0
F,64,2,6,55,4,405.01326,0.0,0.0,405.01326,101.253315,0.0,101.253315,0.0,0.0,0.0,0.0,0.0,0.0,0.0,0.0,0.0
F,64,2,6,56,4,482.127822,0.0,0.0,482.127822,120.5319555,0.0,120.5319555,0.0,0.0,0.0,0.0,0.0,0.0,0.0,0.0,0.0
F,64,2,6,57,4,656.697619,0.0,0.0,656.697619,164.17440475,0.0,164.17440475,0.0,0.0,0.0,0.0,0.0,0.0,0.0,0.0,0.0
F,64,2,6,58,4,407.055574,0.0,0.0,407.055574,101.7638935,0.0,101.7638935,0.0,0.0,0.0,0.0,0.0,0.0,0.0,0.0,0.0
F,64,2,6,59,4,404.146903,0.0,0.0,404.146903,101.03672575,0.0,101.03672575,0.0,0.0,0.0,0.0,0.0,0.0,0.0,0.0,0.0
F,64,2,6,60,4,1114.022756,0.0,0.0,1114.022756,278.505689,0.0,278.505689,0.0,0.0,0.0,0.0,0.0,0.0,0.0,0.0,0.0
F,64,2,6,61,4,954.773756,0.0,0.0,954.773756,238.693439,0.0,238.693439,0.0,0.0,0.0,0.0,0.0,0.0,0.0,0.0,0.0
F,64,2,6,62,4,954.163001,0.0,0.0,954.163001,238.54075025,0.0,238.54075025,0.0,0.0,0.0,0.0,0.0,0.0,0.0,0.0,0.0
F,64,2,6,63,4,811.37706,0.0,0.0,811.37706,202.844265,0.0,202.844265,0.0,0.0,0.0,0.0,0.0,0.0,0.0,0.0,0.0
F,64,2,6,64,4,407.225384,0.0,0.0,407.225384,101.806346,0.0,101.806346,0.0,0.0,0.0,0.0,0.0,0.0,0.0,0.0,0.0
F,64,2,6,65,4,408.197344,0.0,0.0,408.197344,102.049336,0.0,102.049336,0.0,0.0,0.0,0.0,0.0,0.0,0.0,0.0,0.0
F,64,2,6,66,4,405.560875,0.0,0.0,405.560875,101.39021875,0.0,101.39021875,0.0,0.0,0.0,0.0,0.0,0.0,0.0,0.0,0.0
F,64,2,6,67,4,897.050668,0.0,0.0,897.050668,224.262667,0.0,224.262667,0.0,0.0,0.0,0.0,0.0,0.0,0.0,0.0,0.0
F,64,2,6,68,4,770.596615,0.0,0.0,770.596615,192.64915375,0.0,192.64915375,0.0,0.0,0.0,0.0,0.0,0.0,0.0,0.0,0.0
F,64,2,6,69,4,403.508238,0.0,0.0,403.508238,100.8770595,0.0,100.8770595,0.0,0.0,0.0,0.0,0.0,0.0,0.0,0.0,0.0
F,64,2,6,70,4,406.877912,0.0,0.0,406.877912,101.719478,0.0,101.719478,0.0,0.0,0.0,0.0,0.0,0.0,0.0,0.0,0.0
F,64,2,6,71,4,401.767291,0.0,0.0,401.767291,100.44182275,0.0,100.44182275,0.0,0.0,0.0,0.0,0.0,0.0,0.0,0.0,0.0
F,64,2,6,72,4,404.86768,0.0,0.0,404.86768,101.21692,0.0,101.21692,0.0,0.0,0.0,0.0,0.0,0.0,0.0,0.0,0.0
F,64,2,6,73,4,737.158,0.0,0.0,737.158,184.2895,0.0,184.2895,0.0,0.0,0.0,0.0,0.0,0.0,0.0,0.0,0.0
F,64,2,6,74,4,420.204377,0.0,0.0,420.204377,105.05109425,0.0,105.05109425,0.0,0.0,0.0,0.0,0.0,0.0,0.0,0.0,0.0
F,64,2,6,75,4,482.44056,0.0,0.0,482.44056,120.61014,0.0,120.61014,0.0,0.0,0.0,0.0,0.0,0.0,0.0,0.0,0.0
F,64,2,6,76,4,610.841111,0.0,0.0,610.841111,152.71027775,0.0,152.71027775,0.0,0.0,0.0,0.0,0.0,0.0,0.0,0.0,0.0
F,64,2,6,77,4,493.212086,0.0,0.0,493.212086,123.3030215,0.0,123.3030215,0.0,0.0,0.0,0.0,0.0,0.0,0.0,0.0,0.0
F,64,2,6,78,4,480.304684,0.0,0.0,480.304684,120.076171,0.0,120.076171,0.0,0.0,0.0,0.0,0.0,0.0,0.0,0.0,0.0
F,64,2,6,79,4,853.700337,0.0,0.0,853.700337,213.42508425,0.0,213.42508425,0.0,0.0,0.0,0.0,0.0,0.0,0.0,0.0,0.0
F,64,2,6,80,4,402.516397,0.0,0.0,402.516397,100.62909925,0.0,100.62909925,0.0,0.0,0.0,0.0,0.0,0.0,0.0,0.0,0.0
F,64,2,6,81,4,403.146287,0.0,0.0,403.146287,100.78657175,0.0,100.78657175,0.0,0.0,0.0,0.0,0.0,0.0,0.0,0.0,0.0
F,64,2,6,82,4,1185.79832,0.0,0.0,1185.79832,296.44958,0.0,296.44958,0.0,0.0,0.0,0.0,0.0,0.0,0.0,0.0,0.0
F,64,2,6,83,4,730.185391,0.0,0.0,730.185391,182.54634775,0.0,182.54634775,0.0,0.0,0.0,0.0,0.0,0.0,0.0,0.0,0.0
F,64,2,6,84,4,414.091548,0.0,0.0,414.091548,103.522887,0.0,103.522887,0.0,0.0,0.0,0.0,0.0,0.0,0.0,0.0,0.0
F,64,2,6,85,4,513.322226,0.0,0.0,513.322226,128.3305565,0.0,128.3305565,0.0,0.0,0.0,0.0,0.0,0.0,0.0,0.0,0.0
F,64,2,6,86,4,478.244453,0.0,0.0,478.244453,119.56111325,0.0,119.56111325,0.0,0.0,0.0,0.0,0.0,0.0,0.0,0.0,0.0
F,64,2,6,87,4,527.136539,0.0,0.0,527.136539,131.78413475,0.0,131.78413475,0.0,0.0,0.0,0.0,0.0,0.0,0.0,0.0,0.0
F,64,2,6,88,4,807.43548,0.0,0.0,807.43548,201.85887,0.0,201.85887,0.0,0.0,0.0,0.0,0.0,0.0,0.0,0.0,0.0
F,64,2,6,89,4,739.547214,0.0,0.0,739.547214,184.8868035,0.0,184.8868035,0.0,0.0,0.0,0.0,0.0,0.0,0.0,0.0,0.0
F,64,2,6,90,4,923.530149,0.0,0.0,923.530149,230.88253725,0.0,230.88253725,0.0,0.0,0.0,0.0,0.0,0.0,0.0,0.0,0.0
F,64,2,6,91,4,408.984427,0.0,0.0,408.984427,102.24610675,0.0,102.24610675,0.0,0.0,0.0,0.0,0.0,0.0,0.0,0.0,0.0
F,64,2,6,92,4,860.488083,0.0,0.0,860.488083,215.12202075,0.0,215.12202075,0.0,0.0,0.0,0.0,0.0,0.0,0.0,0.0,0.0
F,64,2,6,93,4,850.396049,0.0,0.0,850.396049,212.59901225,0.0,212.59901225,0.0,0.0,0.0,0.0,0.0,0.0,0.0,0.0,0.0
F,64,2,6,94,4,435.848848,0.0,0.0,435.848848,108.962212,0.0,108.962212,0.0,0.0,0.0,0.0,0.0,0.0,0.0,0.0,0.0
F,64,2,6,95,4,594.093247,0.0,0.0,594.093247,148.52331175,0.0,148.52331175,0.0,0.0,0.0,0.0,0.0,0.0,0.0,0.0,0.0
F,64,2,6,96,4,407.859848,0.0,0.0,407.859848,101.964962,0.0,101.964962,0.0,0.0,0.0,0.0,0.0,0.0,0.0,0.0,0.0
F,64,2,6,97,4,407.810161,0.0,0.0,407.810161,101.95254025,0.0,101.95254025,0.0,0.0,0.0,0.0,0.0,0.0,0.0,0.0,0.0
F,64,2,6,98,4,471.302233,0.0,0.0,471.302233,117.82555825,0.0,117.82555825,0.0,0.0,0.0,0.0,0.0,0.0,0.0,0.0,0.0
F,64,2,6,99,4,906.037994,0.0,0.0,906.037994,226.5094985,0.0,226.5094985,0.0,0.0,0.0,0.0,0.0,0.0,0.0,0.0,0.0
F,64,2,6,100,4,958.804138,0.0,0.0,958.804138,239.7010345,0.0,239.7010345,0.0,0.0,0.0,0.0,0.0,0.0,0.0,0.0,0.0
F,64,2,6,101,4,1015.314578,0.0,0.0,1015.314578,253.8286445,0.0,253.8286445,0.0,0.0,0.0,0.0,0.0,0.0,0.0,0.0,0.0
F,64,2,6,102,4,410.894041,0.0,0.0,410.894041,102.72351025,0.0,102.72351025,0.0,0.0,0.0,0.0,0.0,0.0,0.0,0.0,0.0
F,64,2,6,103,4,927.093108,0.0,0.0,927.093108,231.773277,0.0,231.773277,0.0,0.0,0.0,0.0,0.0,0.0,0.0,0.0,0.0
F,64,2,6,104,4,417.158479,0.0,0.0,417.158479,104.28961975,0.0,104.28961975,0.0,0.0,0.0,0.0,0.0,0.0,0.0,0.0,0.0
F,64,2,6,105,4,407.247631,0.0,0.0,407.247631,101.81190775,0.0,101.81190775,0.0,0.0,0.0,0.0,0.0,0.0,0.0,0.0,0.0
F,64,2,6,106,4,729.724191,0.0,0.0,729.724191,182.43104775,0.0,182.43104775,0.0,0.0,0.0,0.0,0.0,0.0,0.0,0.0,0.0
F,64,2,6,107,4,680.464412,0.0,0.0,680.464412,170.116103,0.0,170.116103,0.0,0.0,0.0,0.0,0.0,0.0,0.0,0.0,0.0
F,64,2,6,108,4,893.848599,0.0,0.0,893.848599,223.46214975,0.0,223.46214975,0.0,0.0,0.0,0.0,0.0,0.0,0.0,0.0,0.0
F,64,2,6,109,4,793.687886,0.0,0.0,793.687886,198.4219715,0.0,198.4219715,0.0,0.0,0.0,0.0,0.0,0.0,0.0,0.0,0.0
F,64,2,6,110,4,404.629862,0.0,0.0,404.629862,101.1574655,0.0,101.1574655,0.0,0.0,0.0,0.0,0.0,0.0,0.0,0.0,0.0
F,64,2,6,111,4,403.177796,0.0,0.0,403.177796,100.794449,0.0,100.794449,0.0,0.0,0.0,0.0,0.0,0.0,0.0,0.0,0.0
F,64,2,6,112,4,489.955479,0.0,0.0,489.955479,122.48886975,0.0,122.48886975,0.0,0.0,0.0,0.0,0.0,0.0,0.0,0.0,0.0
F,64,2,6,113,4,944.028062,0.0,0.0,944.028062,236.0070155,0.0,236.0070155,0.0,0.0,0.0,0.0,0.0,0.0,0.0,0.0,0.0
F,64,2,6,114,4,437.667702,0.0,0.0,437.667702,109.4169255,0.0,109.4169255,0.0,0.0,0.0,0.0,0.0,0.0,0.0,0.0,0.0
F,64,2,6,115,4,728.646568,0.0,0.0,728.646568,182.161642,0.0,182.161642,0.0,0.0,0.0,0.0,0.0,0.0,0.0,0.0,0.0
F,64,2,6,116,4,408.292748,0.0,0.0,408.292748,102.073187,0.0,102.073187,0.0,0.0,0.0,0.0,0.0,0.0,0.0,0.0,0.0
F,64,2,6,117,4,412.14072,0.0,0.0,412.14072,103.03518,0.0,103.03518,0.0,0.0,0.0,0.0,0.0,0.0,0.0,0.0,0.0
F,64,2,6,118,4,649.945898,0.0,0.0,649.945898,162.4864745,0.0,162.4864745,0.0,0.0,0.0,0.0,0.0,0.0,0.0,0.0,0.0
F,64,2,6,119,4,406.255077,0.0,0.0,406.255077,101.56376925,0.0,101.56376925,0.0,0.0,0.0,0.0,0.0,0.0,0.0,0.0,0.0
U,1,2,7,0,4,120.458513,0.0,0.0,120.458513,30.11462825,0.0,30.11462825,0.0,0.0,0.0,0.0,0.0,0.0,0.0,0.0,0.0
U,1,2,7,1,4,128.473855,0.0,0.0,128.473855,32.11846375,0.0,32.11846375,0.0,0.0,0.0,0.0,0.0,0.0,0.0,0.0,0.0
U,1,2,7,2,4,135.931378,0.0,0.0,135.931378,33.9828445,0.0,33.9828445,0.0,0.0,0.0,0.0,0.0,0.0,0.0,0.0,0.0
U,1,2,7,3,4,132.317472,0.0,0.0,132.317472,33.079368,0.0,33.079368,0.0,0.0,0.0,0.0,0.0,0.0,0.0,0.0,0.0
U,1,2,7,4,4,126.984279,0.0,0.0,126.984279,31.74606975,0.0,31.74606975,0.0,0.0,0.0,0.0,0.0,0.0,0.0,0.0,0.0
U,1,2,7,5,4,127.784223,0.0,0.0,127.784223,31.94605575,0.0,31.94605575,0.0,0.0,0.0,0.0,0.0,0.0,0.0,0.0,0.0
U,1,2,7,6,4,136.215329,0.0,0.0,136.215329,34.05383225,0.0,34.05383225,0.0,0.0,0.0,0.0,0.0,0.0,0.0,0.0,0.0
U,1,2,7,7,4,138.913059,0.0,0.0,138.913059,34.72826475,0.0,34.72826475,0.0,0.0,0.0,0.0,0.0,0.0,0.0,0.0,0.0
U,1,2,7,8,4,126.752284,0.0,0.0,126.752284,31.688071,0.0,31.688071,0.0,0.0,0.0,0.0,0.0,0.0,0.0,0.0,0.0
U,1,2,7,9,4,133.04421,0.0,0.0,133.04421,33.2610525,0.0,33.2610525,0.0,0.0,0.0,0.0,0.0,0.0,0.0,0.0,0.0
U,1,2,7,10,4,120.738064,0.0,0.0,120.738064,30.184516,0.0,30.184516,0.0,0.0,0.0,0.0,0.0,0.0,0.0,0.0,0.0
U,1,2,7,11,4,122.686781,0.0,0.0,122.686781,30.67169525,0.0,30.67169525,0.0,0.0,0.0,0.0,0.0,0.0,0.0,0.0,0.0
U,1,2,7,12,4,148.994817,0.0,0.0,148.994817,37.24870425,0.0,37.24870425,0.0,0.0,0.0,0.0,0.0,0.0,0.0,0.0,0.0
U,1,2,7,13,4,133.388695,0.0,0.0,133.388695,33.34717375,0.0,33.34717375,0.0,0.0,0.0,0.0,0.0,0.0,0.0,0.0,0.0
U,1,2,7,14,4,144.275544,0.0,0.0,144.275544,36.068886,0.0,36.068886,0.0,0.0,0.0,0.0,0.0,0.0,0.0,0.0,0.0
U,1,2,7,15,4,135.481087,0.0,0.0,135.481087,33.87027175,0.0,33.87027175,0.0,0.0,0.0,0.0,0.0,0.0,0.0,0.0,0.0
U,1,2,7,16,4,130.126189,0.0,0.0,130.126189,32.53154725,0.0,32.53154725,0.0,0.0,0.0,0.0,0.0,0.0,0.0,0.0,0.0
U,1,2,7,17,4,122.60883,0.0,0.0,122.60883,30.6522075,0.0,30.6522075,0.0,0.0,0.0,0.0,0.0,0.0,0.0,0.0,0.0
U,1,2,7,18,4,128.085936,0.0,0.0,128.085936,32.021484,0.0,32.021484,0.0,0.0,0.0,0.0,0.0,0.0,0.0,0.0,0.0
U,1,2,7,19,4,137.395369,0.0,0.0,137.395369,34.34884225,0.0,34.34884225,0.0,0.0,0.0,0.0,0.0,0.0,0.0,0.0,0.0
U,1,2,7,20,4,132.935913,0.0,0.0,132.935913,33.23397825,0.0,33.23397825,0.0,0.0,0.0,0.0,0.0,0.0,0.0,0.0,0.0
U,1,2,7,21,4,132.961256,0.0,0.0,132.961256,33.240314,0.0,33.240314,0.0,0.0,0.0,0.0,0.0,0.0,0.0,0.0,0.0
U,1,2,7,22,4,127.527764,0.0,0.0,127.527764,31.881941,0.0,31.881941,0.0,0.0,0.0,0.0,0.0,0.0,0.0,0.0,0.0
U,1,2,7,23,4,129.894935,0.0,0.0,129.894935,32.47373375,0.0,32.47373375,0.0,0.0,0.0,0.0,0.0,0.0,0.0,0.0,0.0
U,1,2,7,24,4,127.485811,0.0,0.0,127.485811,31.87145275,0.0,31.87145275,0.0,0.0,0.0,0.0,0.0,0.0,0.0,0.0,0.0
U,1,2,7,25,4,130.564052,0.0,0.0,130.564052,32.641013,0.0,32.641013,0.0,0.0,0.0,0.0,0.0,0.0,0.0,0.0,0.0
U,1,2,7,26,4,132.190728,0.0,0.0,132.190728,33.047682,0.0,33.047682,0.0,0.0,0.0,0.0,0.0,0.0,0.0,0.0,0.0
U,1,2,7,27,4,122.555022,0.0,0.0,122.555022,30.6387555,0.0,30.6387555,0.0,0.0,0.0,0.0,0.0,0.0,0.0,0.0,0.0
U,1,2,7,28,4,130.749757,0.0,0.0,130.749757,32.68743925,0.0,32.68743925,0.0,0.0,0.0,0.0,0.0,0.0,0.0,0.0,0.0
U,1,2,7,29,4,143.169905,0.0,0.0,143.169905,35.79247625,0.0,35.79247625,0.0,0.0,0.0,0.0,0.0,0.0,0.0,0.0,0.0
U,1,2,7,30,4,132.107326,0.0,0.0,132.107326,33.0268315,0.0,33.0268315,0.0,0.0,0.0,0.0,0.0,0.0,0.0,0.0,0.0
U,1,2,7,31,4,127.37578,0.0,0.0,127.37578,31.843945,0.0,31.843945,0.0,0.0,0.0,0.0,0.0,0.0,0.0,0.0,0.0
U,1,2,7,32,4,137.138744,0.0,0.0,137.138744,34.284686,0.0,34.284686,0.0,0.0,0.0,0.0,0.0,0.0,0.0,0.0,0.0
U,1,2,7,33,4,133.739421,0.0,0.0,133.739421,33.43485525,0.0,33.43485525,0.0,0.0,0.0,0.0,0.0,0.0,0.0,0.0,0.0
U,1,2,7,34,4,135.464032,0.0,0.0,135.464032,33.866008,0.0,33.866008,0.0,0.0,0.0,0.0,0.0,0.0,0.0,0.0,0.0
U,1,2,7,35,4,128.995528,0.0,0.0,128.995528,32.248882,0.0,32.248882,0.0,0.0,0.0,0.0,0.0,0.0,0.0,0.0,0.0
U,1,2,7,36,4,128.696094,0.0,0.0,128.696094,32.1740235,0.0,32.1740235,0.0,0.0,0.0,0.0,0.0,0.0,0.0,0.0,0.0
U,1,2,7,37,4,128.853787,0.0,0.0,128.853787,32.21344675,0.0,32.21344675,0.0,0.0,0.0,0.0,0.0,0.0,0.0,0.0,0.0
U,1,2,7,38,4,125.119247,0.0,0.0,125.119247,31.27981175,0.0,31.27981175,0.0,0.0,0.0,0.0,0.0,0.0,0.0,0.0,0.0
U,1,2,7,39,4,137.399268,0.0,0.0,137.399268,34.349817,0.0,34.349817,0.0,0.0,0.0,0.0,0.0,0.0,0.0,0.0,0.0
U,1,2,7,40,4,124.19253,0.0,0.0,124.19253,31.0481325,0.0,31.0481325,0.0,0.0,0.0,0.0,0.0,0.0,0.0,0.0,0.0
U,1,2,7,41,4,133.706736,0.0,0.0,133.706736,33.426684,0.0,33.426684,0.0,0.0,0.0,0.0,0.0,0.0,0.0,0.0,0.0
U,1,2,7,42,4,128.814225,0.0,0.0,128.814225,32.20355625,0.0,32.20355625,0.0,0.0,0.0,0.0,0.0,0.0,0.0,0.0,0.0
U,1,2,7,43,4,129.37876,0.0,0.0,129.37876,32.34469,0.0,32.34469,0.0,0.0,0.0,0.0,0.0,0.0,0.0,0.0,0.0
U,1,2,7,44,4,131.458374,0.0,0.0,131.458374,32.8645935,0.0,32.8645935,0.0,0.0,0.0,0.0,0.0,0.0,0.0,0.0,0.0
U,1,2,7,45,4,132.946422,0.0,0.0,132.946422,33.2366055,0.0,33.2366055,0.0,0.0,0.0,0.0,0.0,0.0,0.0,0.0,0.0
U,1,2,7,46,4,123.442157,0.0,0.0,123.442157,30.86053925,0.0,30.86053925,0.0,0.0,0.0,0.0,0.0,0.0,0.0,0.0,0.0
U,1,2,7,47,4,125.761191,0.0,0.0,125.761191,31.44029775,0.0,31.44029775,0.0,0.0,0.0,0.0,0.0,0.0,0.0,0.0,0.0
U,1,2,7,48,4,121.535896,0.0,0.0,121.535896,30.383974,0.0,30.383974,0.0,0.0,0.0,0.0,0.0,0.0,0.0,0.0,0.0
U,1,2,7,49,4,130.245545,0.0,0.0,130.245545,32.56138625,0.0,32.56138625,0.0,0.0,0.0,0.0,0.0,0.0,0.0,0.0,0.0
U,1,2,7,50,4,135.784398,0.0,0.0,135.784398,33.9460995,0.0,33.9460995,0.0,0.0,0.0,0.0,0.0,0.0,0.0,0.0,0.0
U,1,2,7,51,4,133.047883,0.0,0.0,133.047883,33.26197075,0.0,33.26197075,0.0,0.0,0.0,0.0,0.0,0.0,0.0,0.0,0.0
U,1,2,7,52,4,122.991631,0.0,0.0,122.991631,30.74790775,0.0,30.74790775,0.0,0.0,0.0,0.0,0.0,0.0,0.0,0.0,0.0
U,1,2,7,53,4,121.882111,0.0,0.0,121.882111,30.47052775,0.0,30.47052775,0.0,0.0,0.0,0.0,0.0,0.0,0.0,0.0,0.0
U,1,2,7,54,4,120.919002,0.0,0.0,120.919002,30.2297505,0.0,30.2297505,0.0,0.0,0.0,0.0,0.0,0.0,0.0,0.0,0.0
U,1,2,7,55,4,126.336873,0.0,0.0,126.336873,31.58421825,0.0,31.58421825,0.0,0.0,0.0,0.0,0.0,0.0,0.0,0.0,0.0
U,1,2,7,56,4,120.711552,0.0,0.0,120.711552,30.177888,0.0,30.177888,0.0,0.0,0.0,0.0,0.0,0.0,0.0,0.0,0.0
U,1,2,7,57,4,126.042728,0.0,0.0,126.042728,31.510682,0.0,31.510682,0.0,0.0,0.0,0.0,0.0,0.0,0.0,0.0,0.0
U,1,2,7,58,4,131.042393,0.0,0.0,131.042393,32.76059825,0.0,32.76059825,0.0,0.0,0.0,0.0,0.0,0.0,0.0,0.0,0.0
U,1,2,7,59,4,123.047734,0.0,0.0,123.047734,30.7619335,0.0,30.7619335,0.0,0.0,0.0,0.0,0.0,0.0,0.0,0.0,0.0
U,1,2,7,60,4,132.197526,0.0,0.0,132.197526,33.0493815,0.0,33.0493815,0.0,0.0,0.0,0.0,0.0,0.0,0.0,0.0,0.0
U,1,2,7,61,4,130.055777,0.0,0.0,130.055777,32.51394425,0.0,32.51394425,0.0,0.0,0.0,0.0,0.0,0.0,0.0,0.0,0.0
U,1,2,7,62,4,121.137533,0.0,0.0,121.137533,30.28438325,0.0,30.28438325,0.0,0.0,0.0,0.0,0.0,0.0,0.0,0.0,0.0
U,1,2,7,63,4,134.802329,0.0,0.0,134.802329,33.70058225,0.0,33.70058225,0.0,0.0,0.0,0.0,0.0,0.0,0.0,0.0,0.0
U,1,2,7,64,4,140.375277,0.0,0.0,140.375277,35.09381925,0.0,35.09381925,0.0,0.0,0.0,0.0,0.0,0.0,0.0,0.0,0.0
U,1,2,7,65,4,130.9456,0.0,0.0,130.9456,32.7364,0.0,32.7364,0.0,0.0,0.0,0.0,0.0,0.0,0.0,0.0,0.0
U,1,2,7,66,4,125.462139,0.0,0.0,125.462139,31.36553475,0.0,31.36553475,0.0,0.0,0.0,0.0,0.0,0.0,0.0,0.0,0.0
U,1,2,7,67,4,122.054986,0.0,0.0,122.054986,30.5137465,0.0,30.5137465,0.0,0.0,0.0,0.0,0.0,0.0,0.0,0.0,0.0
U,1,2,7,68,4,121.188243,0.0,0.0,121.188243,30.29706075,0.0,30.29706075,0.0,0.0,0.0,0.0,0.0,0.0,0.0,0.0,0.0
U,1,2,7,69,4,125.114867,0.0,0.0,125.114867,31.27871675,0.0,31.27871675,0.0,0.0,0.0,0.0,0.0,0.0,0.0,0.0,0.0
U,1,2,7,70,4,126.956695,0.0,0.0,126.956695,31.73917375,0.0,31.73917375,0.0,0.0,0.0,0.0,0.0,0.0,0.0,0.0,0.0
U,1,2,7,71,4,120.681175,0.0,0.0,120.681175,30.17029375,0.0,30.17029375,0.0,0.0,0.0,0.0,0.0,0.0,0.0,0.0,0.0
U,1,2,7,72,4,123.658577,0.0,0.0,123.658577,30.91464425,0.0,30.91464425,0.0,0.0,0.0,0.0,0.0,0.0,0.0,0.0,0.0
U,1,2,7,73,4,124.964443,0.0,0.0,124.964443,31.24111075,0.0,31.24111075,0.0,0.0,0.0,0.0,0.0,0.0,0.0,0.0,0.0
U,1,2,7,74,4,141.86939,0.0,0.0,141.86939,35.4673475,0.0,35.4673475,0.0,0.0,0.0,0.0,0.0,0.0,0.0,0.0,0.0
U,1,2,7,75,4,133.838429,0.0,0.0,133.838429,33.45960725,0.0,33.45960725,0.0,0.0,0.0,0.0,0.0,0.0,0.0,0.0,0.0
U,1,2,7,76,4,136.101153,0.0,0.0,136.101153,34.02528825,0.0,34.02528825,0.0,0.0,0.0,0.0,0.0,0.0,0.0,0.0,0.0
U,1,2,7,77,4,123.652853,0.0,0.0,123.652853,30.91321325,0.0,30.91321325,0.0,0.0,0.0,0.0,0.0,0.0,0.0,0.0,0.0
U,1,2,7,78,4,129.564404,0.0,0.0,129.564404,32.391101,0.0,32.391101,0.0,0.0,0.0,0.0,0.0,0.0,0.0,0.0,0.0
U,1,2,7,79,4,128.873859,0.0,0.0,128.873859,32.21846475,0.0,32.21846475,0.0,0.0,0.0,0.0,0.0,0.0,0.0,0.0,0.0
U,1,2,7,80,4,129.258691,0.0,0.0,129.258691,32.31467275,0.0,32.31467275,0.0,0.0,0.0,0.0,0.0,0.0,0.0,0.0,0.0
U,1,2,7,81,4,129.959038,0.0,0.0,129.959038,32.4897595,0.0,32.4897595,0.0,0.0,0.0,0.0,0.0,0.0,0.0,0.0,0.0
U,1,2,7,82,4,132.616952,0.0,0.0,132.616952,33.154238,0.0,33.154238,0.0,0.0,0.0,0.0,0.0,0.0,0.0,0.0,0.0
U,1,2,7,83,4,135.875145,0.0,0.0,135.875145,33.96878625,0.0,33.96878625,0.0,0.0,0.0,0.0,0.0,0.0,0.0,0.0,0.0
U,1,2,7,84,4,120.698491,0.0,0.0,120.698491,30.17462275,0.0,30.17462275,0.0,0.0,0.0,0.0,0.0,0.0,0.0,0.0,0.0
U,1,2,7,85,4,138.488566,0.0,0.0,138.488566,34.6221415,0.0,34.6221415,0.0,0.0,0.0,0.0,0.0,0.0,0.0,0.0,0.0
U,1,2,7,86,4,137.422938,0.0,0.0,137.422938,34.3557345,0.0,34.3557345,0.0,0.0,0.0,0.0,0.0,0.0,0.0,0.0,0.0
U,1,2,7,87,4,135.157372,0.0,0.0,135.157372,33.789343,0.0,33.789343,0.0,0.0,0.0,0.0,0.0,0.0,0.0,0.0,0.0
U,1,2,7,88,4,129.080317,0.0,0.0,129.080317,32.27007925,0.0,32.27007925,0.0,0.0,0.0,0.0,0.0,0.0,0.0,0.0,0.0
U,1,2,7,89,4,129.919273,0.0,0.0,129.919273,32.47981825,0.0,32.47981825,0.0,0.0,0.0,0.0,0.0,0.0,0.0,0.0,0.0
U,1,2,7,90,4,130.383039,0.0,0.0,130.383039,32.59575975,0.0,32.59575975,0.0,0.0,0.0,0.0,0.0,0.0,0.0,0.0,0.0
U,1,2,7,91,4,130.629752,0.0,0.0,130.629752,32.657438,0.0,32.657438,0.0,0.0,0.0,0.0,0.0,0.0,0.0,0.0,0.0
U,1,2,7,92,4,128.633722,0.0,0.0,128.633722,32.1584305,0.0,32.1584305,0.0,0.0,0.0,0.0,0.0,0.0,0.0,0.0,0.0
U,1,2,7,93,4,134.279683,0.0,0.0,134.279683,33.56992075,0.0,33.56992075,0.0,0.0,0.0,0.0,0.0,0.0,0.0,0.0,0.0
U,1,2,7,94,4,120.11046,0.0,0.0,120.11046,30.027615,0.0,30.027615,0.0,0.0,0.0,0.0,0.0,0.0,0.0,0.0,0.0
U,1,2,7,95,4,123.390609,0.0,0.0,123.390609,30.84765225,0.0,30.84765225,0.0,0.0,0.0,0.0,0.0,0.0,0.0,0.0,0.0
U,1,2,7,96,4,130.940687,0.0,0.0,130.940687,32.73517175,0.0,32.73517175,0.0,0.0,0.0,0.0,0.0,0.0,0.0,0.0,0.0
U,1,2,7,97,4,121.403161,0.0,0.0,121.403161,30.35079025,0.0,30.35079025,0.0,0.0,0.0,0.0,0.0,0.0,0.0,0.0,0.0
U,1,2,7,98,4,129.296843,0.0,0.0,129.296843,32.32421075,0.0,32.32421075,0.0,0.0,0.0,0.0,0.0,0.0,0.0,0.0,0.0
U,1,2,7,99,4,123.583737,0.0,0.0,123.583737,30.89593425,0.0,30.89593425,0.0,0.0,0.0,0.0,0.0,0.0,0.0,0.0,0.0
U,1,2,7,100,4,125.244642,0.0,0.0,125.244642,31.3111605,0.0,31.3111605,0.0,0.0,0.0,0.0,0.0,0.0,0.0,0.0,0.0
U,1,2,7,101,4,127.235561,0.0,0.0,127.235561,31.80889025,0.0,31.80889025,0.0,0.0,0.0,0.0,0.0,0.0,0.0,0.0,0.0
U,1,2,7,102,4,133.439566,0.0,0.0,133.439566,33.3598915,0.0,33.3598915,0.0,0.0,0.0,0.0,0.0,0.0,0.0,0.0,0.0
U,1,2,7,103,4,122.376306,0.0,0.0,122.376306,30.5940765,0.0,30.5940765,0.0,0.0,0.0,0.0,0.0,0.0,0.0,0.0,0.0
U,1,2,7,104,4,133.709789,0.0,0.0,133.709789,33.42744725,0.0,33.42744725,0.0,0.0,0.0,0.0,0.0,0.0,0.0,0.0,0.0
U,1,2,7,105,4,141.953414,0.0,0.0,141.953414,35.4883535,0.0,35.4883535,0.0,0.0,0.0,0.0,0.0,0.0,0.0,0.0,0.0
U,1,2,7,106,4,135.175423,0.0,0.0,135.175423,33.79385575,0.0,33.79385575,0.0,0.0,0.0,0.0,0.0,0.0,0.0,0.0,0.0
U,1,2,7,107,4,131.125139,0.0,0.0,131.125139,32.78128475,0.0,32.78128475,0.0,0.0,0.0,0.0,0.0,0.0,0.0,0.0,0.0
U,1,2,7,108,4,122.082606,0.0,0.0,122.082606,30.5206515,0.0,30.5206515,0.0,0.0,0.0,0.0,0.0,0.0,0.0,0.0,0.0
U,1,2,7,109,4,119.329482,0.0,0.0,119.329482,29.8323705,0.0,29.8323705,0.0,0.0,0.0,0.0,0.0,0.0,0.0,0.0,0.0
U,1,2,7,110,4,126.737863,0.0,0.0,126.737863,31.68446575,0.0,31.68446575,0.0,0.0,0.0,0.0,0.0,0.0,0.0,0.0,0.0
U,1,2,7,111,4,128.908283,0.0,0.0,128.908283,32.22707075,0.0,32.22707075,0.0,0.0,0.0,0.0,0.0,0.0,0.0,0.0,0.0
U,1,2,7,112,4,127.284781,0.0,0.0,127.284781,31.82119525,0.0,31.82119525,0.0,0.0,0.0,0.0,0.0,0.0,0.0,0.0,0.0
U,1,2,7,113,4,137.817254,0.0,0.0,137.817254,34.4543135,0.0,34.4543135,0.0,0.0,0.0,0.0,0.0,0.0,0.0,0.0,0.0
U,1,2,7,114,4,126.19739,0.0,0.0,126.19739,31.5493475,0.0,31.5493475,0.0,0.0,0.0,0.0,0.0,0.0,0.0,0.0,0.0
U,1,2,7,115,4,133.29913,0.0,0.0,133.29913,33.3247825,0.0,33.3247825,0.0,0.0,0.0,0.0,0.0,0.0,0.0,0.0,0.0
U,1,2,7,116,4,123.053213,0.0,0.0,123.053213,30.76330325,0.0,30.76330325,0.0,0.0,0.0,0.0,0.0,0.0,0.0,0.0,0.0
U,1,2,7,117,4,128.378975,0.0,0.0,128.378975,32.09474375,0.0,32.09474375,0.0,0.0,0.0,0.0,0.0,0.0,0.0,0.0,0.0
U,1,2,7,118,4,131.494195,0.0,0.0,131.494195,32.87354875,0.0,32.87354875,0.0,0.0,0.0,0.0,0.0,0.0,0.0,0.0,0.0
U,1,2,7,119,4,125.47795,0.0,0.0,125.47795,31.3694875,0.0,31.3694875,0.0,0.0,0.0,0.0,0.0,0.0,0.0,0.0,0.0
U,16,3,0,0,4,264.994285,0.0,0.0,264.994285,66.24857125,0.0,66.24857125,0.0,0.0,0.0,0.0,0.0,0.0,0.0,0.0,0.0
U,16,3,0,1,4,299.851109,0.0,0.0,299.851109,74.96277725,0.0,74.96277725,0.0,0.0,0.0,0.0,0.0,0.0,0.0,0.0,0.0
U,16,3,0,2,4,263.758986,0.0,0.0,263.758986,65.9397465,0.0,65.9397465,0.0,0.0,0.0,0.0,0.0,0.0,0.0,0.0,0.0
U,16,3,0,3,4,282.304935,0.0,0.0,282.304935,70.57623375,0.0,70.57623375,0.0,0.0,0.0,0.0,0.0,0.0,0.0,0.0,0.0
U,16,3,0,4,4,253.265663,0.0,0.0,253.265663,63.31641575,0.0,63.31641575,0.0,0.0,0.0,0.0,0.0,0.0,0.0,0.0,0.0
U,16,3,0,5,4,264.397686,0.0,0.0,264.397686,66.0994215,0.0,66.0994215,0.0,0.0,0.0,0.0,0.0,0.0,0.0,0.0,0.0
U,16,3,0,6,4,258.169891,0.0,0.0,258.169891,64.54247275,0.0,64.54247275,0.0,0.0,0.0,0.0,0.0,0.0,0.0,0.0,0.0
U,16,3,0,7,4,292.873001,0.0,0.0,292.873001,73.21825025,0.0,73.21825025,0.0,0.0,0.0,0.0,0.0,0.0,0.0,0.0,0.0
U,16,3,0,8,4,316.430066,0.0,0.0,316.430066,79.1075165,0.0,79.1075165,0.0,0.0,0.0,0.0,0.0,0.0,0.0,0.0,0.0
U,16,3,0,9,4,313.355687,0.0,0.0,313.355687,78.33892175,0.0,78.33892175,0.0,0.0,0.0,0.0,0.0,0.0,0.0,0.0,0.0
U,16,3,0,10,4,293.444514,0.0,0.0,293.444514,73.3611285,0.0,73.3611285,0.0,0.0,0.0,0.0,0.0,0.0,0.0,0.0,0.0
U,16,3,0,11,4,284.314418,0.0,0.0,284.314418,71.0786045,0.0,71.0786045,0.0,0.0,0.0,0.0,0.0,0.0,0.0,0.0,0.0
U,16,3,0,12,4,279.597725,0.0,0.0,279.597725,69.89943125,0.0,69.89943125,0.0,0.0,0.0,0.0,0.0,0.0,0.0,0.0,0.0
U,16,3,0,13,4,283.116251,0.0,0.0,283.116251,70.77906275,0.0,70.77906275,0.0,0.0,0.0,0.0,0.0,0.0,0.0,0.0,0.0
U,16,3,0,14,4,328.596275,0.0,0.0,328.596275,82.14906875,0.0,82.14906875,0.0,0.0,0.0,0.0,0.0,0.0,0.0,0.0,0.0
U,16,3,0,15,4,243.347289,0.0,0.0,243.347289,60.83682225,0.0,60.83682225,0.0,0.0,0.0,0.0,0.0,0.0,0.0,0.0,0.0
U,16,3,0,16,4,325.438581,0.0,0.0,325.438581,81.35964525,0.0,81.35964525,0.0,0.0,0.0,0.0,0.0,0.0,0.0,0.0,0.0
U,16,3,0,17,4,303.09359,0.0,0.0,303.09359,75.7733975,0.0,75.7733975,0.0,0.0,0.0,0.0,0.0,0.0,0.0,0.0,0.0
U,16,3,0,18,4,332.146525,0.0,0.0,332.146525,83.03663125,0.0,83.03663125,0.0,0.0,0.0,0.0,0.0,0.0,0.0,0.0,0.0
U,16,3,0,19,4,350.038083,0.0,0.0,350.038083,87.50952075,0.0,87.50952075,0.0,0.0,0.0,0.0,0.0,0.0,0.0,0.0,0.0
U,16,3,0,20,4,341.943481,0.0,0.0,341.943481,85.48587025,0.0,85.48587025,0.0,0.0,0.0,0.0,0.0,0.0,0.0,0.0,0.0
U,16,3,0,21,4,292.174089,0.0,0.0,292.174089,73.04352225,0.0,73.04352225,0.0,0.0,0.0,0.0,0.0,0.0,0.0,0.0,0.0
U,16,3,0,22,4,321.1232,0.0,0.0,321.1232,80.2808,0.0,80.2808,0.0,0.0,0.0,0.0,0.0,0.0,0.0,0.0,0.0
U,16,3,0,23,4,338.092199,0.0,0.0,338.092199,84.52304975,0.0,84.52304975,0.0,0.0,0.0,0.0,0.0,0.0,0.0,0.0,0.0
U,16,3,0,24,4,276.802161,0.0,0.0,276.802161,69.20054025,0.0,69.20054025,0.0,0.0,0.0,0.0,0.0,0.0,0.0,0.0,0.0
U,16,3,0,25,4,303.082363,0.0,0.0,303.082363,75.77059075,0.0,75.77059075,0.0,0.0,0.0,0.0,0.0,0.0,0.0,0.0,0.0
U,16,3,0,26,4,287.397316,0.0,0.0,287.397316,71.849329,0.0,71.849329,0.0,0.0,0.0,0.0,0.0,0.0,0.0,0.0,0.0
U,16,3,0,27,4,271.335207,0.0,0.0,271.335207,67.83380175,0.0,67.83380175,0.0,0.0,0.0,0.0,0.0,0.0,0.0,0.0,0.0
U,16,3,0,28,4,317.906109,0.0,0.0,317.906109,79.47652725,0.0,79.47652725,0.0,0.0,0.0,0.0,0.0,0.0,0.0,0.0,0.0
U,16,3,0,29,4,271.811314,0.0,0.0,271.811314,67.9528285,0.0,67.9528285,0.0,0.0,0.0,0.0,0.0,0.0,0.0,0.0,0.0
U,16,3,0,30,4,359.089673,0.0,0.0,359.089673,89.77241825,0.0,89.77241825,0.0,0.0,0.0,0.0,0.0,0.0,0.0,0.0,0.0
U,16,3,0,31,4,316.044549,0.0,0.0,316.044549,79.01113725,0.0,79.01113725,0.0,0.0,0.0,0.0,0.0,0.0,0.0,0.0,0.0
U,16,3,0,32,4,259.288969,0.0,0.0,259.288969,64.82224225,0.0,64.82224225,0.0,0.0,0.0,0.0,0.0,0.0,0.0,0.0,0.0
U,16,3,0,33,4,294.211974,0.0,0.0,294.211974,73.5529935,0.0,73.5529935,0.0,0.0,0.0,0.0,0.0,0.0,0.0,0.0,0.0
U,16,3,0,34,4,254.400124,0.0,0.0,254.400124,63.600031,0.0,63.600031,0.0,0.0,0.0,0.0,0.0,0.0,0.0,0.0,0.0
U,16,3,0,35,4,270.508758,0.0,0.0,270.508758,67.6271895,0.0,67.6271895,0.0,0.0,0.0,0.0,0.0,0.0,0.0,0.0,0.0
U,16,3,0,36,4,257.636457,0.0,0.0,257.636457,64.40911425,0.0,64.40911425,0.0,0.0,0.0,0.0,0.0,0.0,0.0,0.0,0.0
U,16,3,0,37,4,341.812096,0.0,0.0,341.812096,85.453024,0.0,85.453024,0.0,0.0,0.0,0.0,0.0,0.0,0.0,0.0,0.0
U,16,3,0,38,4,244.783257,0.0,0.0,244.783257,61.19581425,0.0,61.19581425,0.0,0.0,0.0,0.0,0.0,0.0,0.0,0.0,0.0
U,16,3,0,39,4,308.216277,0.0,0.0,308.216277,77.05406925,0.0,77.05406925,0.0,0.0,0.0,0.0,0.0,0.0,0.0,0.0,0.0
U,16,3,0,40,4,345.565276,0.0,0.0,345.565276,86.391319,0.0,86.391319,0.0,0.0,0.0,0.0,0.0,0.0,0.0,0.0,0.0
U,16,3,0,41,4,282.888386,0.0,0.0,282.888386,70.7220965,0.0,70.7220965,0.0,0.0,0.0,0.0,0.0,0.0,0.0,0.0,0.0
U,16,3,0,42,4,346.880799,0.0,0.0,346.880799,86.72019975,0.0,86.72019975,0.0,0.0,0.0,0.0,0.0,0.0,0.0,0.0,0.0
U,16,3,0,43,4,278.721811,0.0,0.0,278.721811,69.68045275,0.0,69.68045275,0.0,0.0,0.0,0.0,0.0,0.0,0.0,0.0,0.0
U,16,3,0,44,4,253.363589,0.0,0.0,253.363589,63.34089725,0.0,63.34089725,0.0,0.0,0.0,0.0,0.0,0.0,0.0,0.0,0.0
U,16,3,0,45,4,291.361684,0.0,0.0,291.361684,72.840421,0.0,72.840421,0.0,0.0,0.0,0.0,0.0,0.0,0.0,0.0,0.0
U,16,3,0,46,4,264.169534,0.0,0.0,264.169534,66.0423835,0.0,66.0423835,0.0,0.0,0.0,0.0,0.0,0.0,0.0,0.0,0.0
U,16,3,0,47,4,298.61305,0.0,0.0,298.61305,74.6532625,0.0,74.6532625,0.0,0.0,0.0,0.0,0.0,0.0,0.0,0.0,0.0
U,16,3,0,48,4,286.444378,0.0,0.0,286.444378,71.6110945,0.0,71.6110945,0.0,0.0,0.0,0.0,0.0,0.0,0.0,0.0,0.0
U,16,3,0,49,4,270.862998,0.0,0.0,270.862998,67.7157495,0.0,67.7157495,0.0,0.0,0.0,0.0,0.0,0.0,0.0,0.0,0.0
U,16,3,0,50,4,276.374058,0.0,0.0,276.374058,69.0935145,0.0,69.0935145,0.0,0.0,0.0,0.0,0.0,0.0,0.0,0.0,0.0
U,16,3,0,51,4,252.965392,0.0,0.0,252.965392,63.241348,0.0,63.241348,0.0,0.0,0.0,0.0,0.0,0.0,0.0,0.0,0.0
U,16,3,0,52,4,269.234502,0.0,0.0,269.234502,67.3086255,0.0,67.3086255,0.0,0.0,0.0,0.0,0.0,0.0,0.0,0.0,0.0
U,16,3,0,53,4,276.039825,0.0,0.0,276.039825,69.00995625,0.0,69.00995625,0.0,0.0,0.0,0.0,0.0,0.0,0.0,0.0,0.0
U,16,3,0,54,4,269.650104,0.0,0.0,269.650104,67.412526,0.0,67.412526,0.0,0.0,0.0,0.0,0.0,0.0,0.0,0.0,0.0
U,16,3,0,55,4,258.591413,0.0,0.0,258.591413,64.64785325,0.0,64.64785325,0.0,0.0,0.0,0.0,0.0,0.0,0.0,0.0,0.0
U,16,3,0,56,4,257.657292,0.0,0.0,257.657292,64.414323,0.0,64.414323,0.0,0.0,0.0,0.0,0.0,0.0,0.0,0.0,0.0
U,16,3,0,57,4,261.527166,0.0,0.0,261.527166,65.3817915,0.0,65.3817915,0.0,0.0,0.0,0.0,0.0,0.0,0.0,0.0,0.0
U,16,3,0,58,4,275.633444,0.0,0.0,275.633444,68.908361,0.0,68.908361,0.0,0.0,0.0,0.0,0.0,0.0,0.0,0.0,0.0
U,16,3,0,59,4,282.900552,0.0,0.0,282.900552,70.725138,0.0,70.725138,0.0,0.0,0.0,0.0,0.0,0.0,0.0,0.0,0.0
U,16,3,0,60,4,343.960705,0.0,0.0,343.960705,85.99017625,0.0,85.99017625,0.0,0.0,0.0,0.0,0.0,0.0,0.0,0.0,0.0
U,16,3,0,61,4,290.682434,0.0,0.0,290.682434,72.6706085,0.0,72.6706085,0.0,0.0,0.0,0.0,0.0,0.0,0.0,0.0,0.0
U,16,3,0,62,4,286.959049,0.0,0.0,286.959049,71.73976225,0.0,71.73976225,0.0,0.0,0.0,0.0,0.0,0.0,0.0,0.0,0.0
U,16,3,0,63,4,288.212239,0.0,0.0,288.212239,72.05305975,0.0,72.05305975,0.0,0.0,0.0,0.0,0.0,0.0,0.0,0.0,0.0
U,16,3,0,64,4,270.486834,0.0,0.0,270.486834,67.6217085,0.0,67.6217085,0.0,0.0,0.0,0.0,0.0,0.0,0.0,0.0,0.0
U,16,3,0,65,4,257.99697,0.0,0.0,257.99697,64.4992425,0.0,64.4992425,0.0,0.0,0.0,0.0,0.0,0.0,0.0,0.0,0.0
U,16,3,0,66,4,295.077449,0.0,0.0,295.077449,73.76936225,0.0,73.76936225,0.0,0.0,0.0,0.0,0.0,0.0,0.0,0.0,0.0
U,16,3,0,67,4,327.473813,0.0,0.0,327.473813,81.86845325,0.0,81.86845325,0.0,0.0,0.0,0.0,0.0,0.0,0.0,0.0,0.0
U,16,3,0,68,4,283.339728,0.0,0.0,283.339728,70.834932,0.0,70.834932,0.0,0.0,0.0,0.0,0.0,0.0,0.0,0.0,0.0
U,16,3,0,69,4,280.506301,0.0,0.0,280.506301,70.12657525,0.0,70.12657525,0.0,0.0,0.0,0.0,0.0,0.0,0.0,0.0,0.0
U,16,3,0,70,4,273.983481,0.0,0.0,273.983481,68.49587025,0.0,68.49587025,0.0,0.0,0.0,0.0,0.0,0.0,0.0,0.0,0.0
U,16,3,0,71,4,250.469114,0.0,0.0,250.469114,62.6172785,0.0,62.6172785,0.0,0.0,0.0,0.0,0.0,0.0,0.0,0.0,0.0
U,16,3,0,72,4,268.632194,0.0,0.0,268.632194,67.1580485,0.0,67.1580485,0.0,0.0,0.0,0.0,0.0,0.0,0.0,0.0,0.0
U,16,3,0,73,4,257.902721,0.0,0.0,257.902721,64.47568025,0.0,64.47568025,0.0,0.0,0.0,0.0,0.0,0.0,0.0,0.0,0.0
U,16,3,0,74,4,255.616617,0.0,0.0,255.616617,63.90415425,0.0,63.90415425,0.0,0.0,0.0,0.0,0.0,0.0,0.0,0.0,0.0
U,16,3,0,75,4,277.005576,0.0,0.0,277.005576,69.251394,0.0,69.251394,0.0,0.0,0.0,0.0,0.0,0.0,0.0,0.0,0.0
U,16,3,0,76,4,297.249254,0.0,0.0,297.249254,74.3123135,0.0,74.3123135,0.0,0.0,0.0,0.0,0.0,0.0,0.0,0.0,0.0
U,16,3,0,77,4,287.319986,0.0,0.0,287.319986,71.8299965,0.0,71.8299965,0.0,0.0,0.0,0.0,0.0,0.0,0.0,0.0,0.0
U,16,3,0,78,4,307.094204,0.0,0.0,307.094204,76.773551,0.0,76.773551,0.0,0.0,0.0,0.0,0.0,0.0,0.0,0.0,0.0
U,16,3,0,79,4,301.596664,0.0,0.0,301.596664,75.399166,0.0,75.399166,0.0,0.0,0.0,0.0,0.0,0.0,0.0,0.0,0.0
U,16,3,0,80,4,247.732983,0.0,0.0,247.732983,61.93324575,0.0,61.93324575,0.0,0.0,0.0,0.0,0.0,0.0,0.0,0.0,0.0
U,16,3,0,81,4,315.230712,0.0,0.0,315.230712,78.807678,0.0,78.807678,0.0,0.0,0.0,0.0,0.0,0.0,0.0,0.0,0.0
U,16,3,0,82,4,316.515845,0.0,0.0,316.515845,79.12896125,0.0,79.12896125,0.0,0.0,0.0,0.0,0.0,0.0,0.0,0.0,0.0
U,16,3,0,83,4,299.350638,0.0,0.0,299.350638,74.8376595,0.0,74.8376595,0.0,0.0,0.0,0.0,0.0,0.0,0.0,0.0,0.0
U,16,3,0,84,4,308.591912,0.0,0.0,308.591912,77.147978,0.0,77.147978,0.0,0.0,0.0,0.0,0.0,0.0,0.0,0.0,0.0
U,16,3,0,85,4,223.587508,0.0,0.0,223.587508,55.896877,0.0,55.896877,0.0,0.0,0.0,0.0,0.0,0.0,0.0,0.0,0.0
U,16,3,0,86,4,294.734345,0.0,0.0,294.734345,73.68358625,0.0,73.68358625,0.0,0.0,0.0,0.0,0.0,0.0,0.0,0.0,0.0
U,16,3,0,87,4,302.369775,0.0,0.0,302.369775,75.59244375,0.0,75.59244375,0.0,0.0,0.0,0.0,0.0,0.0,0.0,0.0,0.0
U,16,3,0,88,4,278.663628,0.0,0.0,278.663628,69.665907,0.0,69.665907,0.0,0.0,0.0,0.0,0.0,0.0,0.0,0.0,0.0
U,16,3,0,89,4,264.833287,0.0,0.0,264.833287,66.20832175,0.0,66.20832175,0.0,0.0,0.0,0.0,0.0,0.0,0.0,0.0,0.0
U,16,3,0,90,4,261.258573,0.0,0.0,261.258573,65.31464325,0.0,65.31464325,0.0,0.0,0.0,0.0,0.0,0.0,0.0,0.0,0.0
U,16,3,0,91,4,255.032988,0.0,0.0,255.032988,63.758247,0.0,63.758247,0.0,0.0,0.0,0.0,0.0,0.0,0.0,0.0,0.0
U,16,3,0,92,4,282.799367,0.0,0.0,282.799367,70.69984175,0.0,70.69984175,0.0,0.0,0.0,0.0,0.0,0.0,0.0,0.0,0.0
U,16,3,0,93,4,257.193961,0.0,0.0,257.193961,64.29849025,0.0,64.29849025,0.0,0.0,0.0,0.0,0.0,0.0,0.0,0.0,0.0
U,16,3,0,94,4,259.640061,0.0,0.0,259.640061,64.91001525,0.0,64.91001525,0.0,0.0,0.0,0.0,0.0,0.0,0.0,0.0,0.0
U,16,3,0,95,4,310.544724,0.0,0.0,310.544724,77.636181,0.0,77.636181,0.0,0.0,0.0,0.0,0.0,0.0,0.0,0.0,0.0
U,16,3,0,96,4,296.300943,0.0,0.0,296.300943,74.07523575,0.0,74.07523575,0.0,0.0,0.0,0.0,0.0,0.0,0.0,0.0,0.0
U,16,3,0,97,4,293.075444,0.0,0.0,293.075444,73.268861,0.0,73.268861,0.0,0.0,0.0,0.0,0.0,0.0,0.0,0.0,0.0
U,16,3,0,98,4,329.939662,0.0,0.0,329.939662,82.4849155,0.0,82.4849155,0.0,0.0,0.0,0.0,0.0,0.0,0.0,0.0,0.0
U,16,3,0,99,4,285.529032,0.0,0.0,285.529032,71.382258,0.0,71.382258,0.0,0.0,0.0,0.0,0.0,0.0,0.0,0.0,0.0
U,16,3,0,100,4,291.726826,0.0,0.0,291.726826,72.9317065,0.0,72.9317065,0.0,0.0,0.0,0.0,0.0,0.0,0.0,0.0,0.0
U,16,3,0,101,4,242.832424,0.0,0.0,242.832424,60.708106,0.0,60.708106,0.0,0.0,0.0,0.0,0.0,0.0,0.0,0.0,0.0
U,16,3,0,102,4,257.261691,0.0,0.0,257.261691,64.31542275,0.0,64.31542275,0.0,0.0,0.0,0.0,0.0,0.0,0.0,0.0,0.0
U,16,3,0,103,4,257.910968,0.0,0.0,257.910968,64.477742,0.0,64.477742,0.0,0.0,0.0,0.0,0.0,0.0,0.0,0.0,0.0
U,16,3,0,104,4,283.86598,0.0,0.0,283.86598,70.966495,0.0,70.966495,0.0,0.0,0.0,0.0,0.0,0.0,0.0,0.0,0.0
U,16,3,0,105,4,282.117694,0.0,0.0,282.117694,70.5294235,0.0,70.5294235,0.0,0.0,0.0,0.0,0.0,0.0,0.0,0.0,0.0
U,16,3,0,106,4,279.574509,0.0,0.0,279.574509,69.89362725,0.0,69.89362725,0.0,0.0,0.0,0.0,0.0,0.0,0.0,0.0,0.0
U,16,3,0,107,4,297.8319,0.0,0.0,297.8319,74.457975,0.0,74.457975,0.0,0.0,0.0,0.0,0.0,0.0,0.0,0.0,0.0
U,16,3,0,108,4,281.636428,0.0,0.0,281.636428,70.409107,0.0,70.409107,0.0,0.0,0.0,0.0,0.0,0.0,0.0,0.0,0.0
U,16,3,0,109,4,302.597267,0.0,0.0,302.597267,75.64931675,0.0,75.64931675,0.0,0.0,0.0,0.0,0.0,0.0,0.0,0.0,0.0
U,16,3,0,110,4,304.793446,0.0,0.0,304.793446,76.1983615,0.0,76.1983615,0.0,0.0,0.0,0.0,0.0,0.0,0.0,0.0,0.0
U,16,3,0,111,4,296.432107,0.0,0.0,296.432107,74.10802675,0.0,74.10802675,0.0,0.0,0.0,0.0,0.0,0.0,0.0,0.0,0.0
U,16,3,0,112,4,246.211018,0.0,0.0,246.211018,61.5527545,0.0,61.5527545,0.0,0.0,0.0,0.0,0.0,0.0,0.0,0.0,0.0
U,16,3,0,113,4,260.265216,0.0,0.0,260.265216,65.066304,0.0,65.066304,0.0,0.0,0.0,0.0,0.0,0.0,0.0,0.0,0.0
U,16,3,0,114,4,335.034387,0.0,0.0,335.034387,83.75859675,0.0,83.75859675,0.0,0.0,0.0,0.0,0.0,0.0,0.0,0.0,0.0
U,16,3,0,115,4,239.020074,0.0,0.0,239.020074,59.7550185,0.0,59.7550185,0.0,0.0,0.0,0.0,0.0,0.0,0.0,0.0,0.0
U,16,3,0,116,4,257.860756,0.0,0.0,257.860756,64.465189,0.0,64.465189,0.0,0.0,0.0,0.0,0.0,0.0,0.0,0.0,0.0
U,16,3,0,117,4,297.467496,0.0,0.0,297.467496,74.366874,0.0,74.366874,0.0,0.0,0.0,0.0,0.0,0.0,0.0,0.0,0.0
U,16,3,0,118,4,316.42081,0.0,0.0,316.42081,79.1052025,0.0,79.1052025,0.0,0.0,0.0,0.0,0.0,0.0,0.0,0.0,0.0
U,16,3,0,119,4,254.339789,0.0,0.0,254.339789,63.58494725,0.0,63.58494725,0.0,0.0,0.0,0.0,0.0,0.0,0.0,0.0,0.0
U,64,3,1,0,4,637.792056,0.0,0.0,637.792056,159.448014,0.0,159.448014,0.0,0.0,0.0,0.0,0.0,0.0,0.0,0.0,0.0
U,64,3,1,1,4,874.359115,0.0,0.0,874.359115,218.58977875,0.0,218.58977875,0.0,0.0,0.0,0.0,0.0,0.0,0.0,0.0,0.0
U,64,3,1,2,4,864.921708,0.0,0.0,864.921708,216.230427,0.0,216.230427,0.0,0.0,0.0,0.0,0.0,0.0,0.0,0.0,0.0
U,64,3,1,3,4,903.713227,0.0,0.0,903.713227,225.92830675,0.0,225.92830675,0.0,0.0,0.0,0.0,0.0,0.0,0.0,0.0,0.0
U,64,3,1,4,4,1117.648916,0.0,0.0,1117.648916,279.412229,0.0,279.412229,0.0,0.0,0.0,0.0,0.0,0.0,0.0,0.0,0.0
U,64,3,1,5,4,853.593476,0.0,0.0,853.593476,213.398369,0.0,213.398369,0.0,0.0,0.0,0.0,0.0,0.0,0.0,0.0,0.0
U,64,3,1,6,4,1017.36612,0.0,0.0,1017.36612,254.34153,0.0,254.34153,0.0,0.0,0.0,0.0,0.0,0.0,0.0,0.0,0.0
U,64,3,1,7,4,773.216777,0.0,0.0,773.216777,193.30419425,0.0,193.30419425,0.0,0.0,0.0,0.0,0.0,0.0,0.0,0.0,0.0
U,64,3,1,8,4,911.24425,0.0,0.0,911.24425,227.8110625,0.0,227.8110625,0.0,0.0,0.0,0.0,0.0,0.0,0.0,0.0,0.0
U,64,3,1,9,4,769.45843,0.0,0.0,769.45843,192.3646075,0.0,192.3646075,0.0,0.0,0.0,0.0,0.0,0.0,0.0,0.0,0.0
U,64,3,1,10,4,988.059099,0.0,0.0,988.059099,247.01477475,0.0,247.01477475,0.0,0.0,0.0,0.0,0.0,0.0,0.0,0.0,0.0
U,64,3,1,11,4,827.426553,0.0,0.0,827.426553,206.85663825,0.0,206.85663825,0.0,0.0,0.0,0.0,0.0,0.0,0.0,0.0,0.0
U,64,3,1,12,4,769.708062,0.0,0.0,769.708062,192.4270155,0.0,192.4270155,0.0,0.0,0.0,0.0,0.0,0.0,0.0,0.0,0.0
U,64,3,1,13,4,720.207233,0.0,0.0,720.207233,180.05180825,0.0,180.05180825,0.0,0.0,0.0,0.0,0.0,0.0,0.0,0.0,0.0
U,64,3,1,14,4,769.329045,0.0,0.0,769.329045,192.33226125,0.0,192.33226125,0.0,0.0,0.0,0.0,0.0,0.0,0.0,0.0,0.0
U,64,3,1,15,4,525.496987,0.0,0.0,525.496987,131.37424675,0.0,131.37424675,0.0,0.0,0.0,0.0,0.0,0.0,0.0,0.0,0.0
U,64,3,1,16,4,846.152783,0.0,0.0,846.152783,211.53819575,0.0,211.53819575,0.0,0.0,0.0,0.0,0.0,0.0,0.0,0.0,0.0
U,64,3,1,17,4,625.593319,0.0,0.0,625.593319,156.39832975,0.0,156.39832975,0.0,0.0,0.0,0.0,0.0,0.0,0.0,0.0,0.0
U,64,3,1,18,4,657.123649,0.0,0.0,657.123649,164.28091225,0.0,164.28091225,0.0,0.0,0.0,0.0,0.0,0.0,0.0,0.0,0.0
U,64,3,1,19,4,684.393934,0.0,0.0,684.393934,171.0984835,0.0,171.0984835,0.0,0.0,0.0,0.0,0.0,0.0,0.0,0.0,0.0
U,64,3,1,20,4,704.286358,0.0,0.0,704.286358,176.0715895,0.0,176.0715895,0.0,0.0,0.0,0.0,0.0,0.0,0.0,0.0,0.0
U,64,3,1,21,4,651.174588,0.0,0.0,651.174588,162.793647,0.0,162.793647,0.0,0.0,0.0,0.0,0.0,0.0,0.0,0.0,0.0
U,64,3,1,22,4,762.79971,0.0,0.0,762.79971,190.6999275,0.0,190.6999275,0.0,0.0,0.0,0.0,0.0,0.0,0.0,0.0,0.0
U,64,3,1,23,4,857.72788,0.0,0.0,857.72788,214.43197,0.0,214.43197,0.0,0.0,0.0,0.0,0.0,0.0,0.0,0.0,0.0
U,64,3,1,24,4,855.11115,0.0,0.0,855.11115,213.7777875,0.0,213.7777875,0.0,0.0,0.0,0.0,0.0,0.0,0.0,0.0,0.0
U,64,3,1,25,4,666.742523,0.0,0.0,666.742523,166.68563075,0.0,166.68563075,0.0,0.0,0.0,0.0,0.0,0.0,0.0,0.0,0.0
U,64,3,1,26,4,557.036268,0.0,0.0,557.036268,139.259067,0.0,139.259067,0.0,0.0,0.0,0.0,0.0,0.0,0.0,0.0,0.0
U,64,3,1,27,4,740.370077,0.0,0.0,740.370077,185.09251925,0.0,185.09251925,0.0,0.0,0.0,0.0,0.0,0.0,0.0,0.0,0.0
U,64,3,1,28,4,605.195341,0.0,0.0,605.195341,151.29883525,0.0,151.29883525,0.0,0.0,0.0,0.0,0.0,0.0,0.0,0.0,0.0
U,64,3,1,29,4,631.033734,0.0,0.0,631.033734,157.7584335,0.0,157.7584335,0.0,0.0,0.0,0.0,0.0,0.0,0.0,0.0,0.0
U,64,3,1,30,4,919.243132,0.0,0.0,919.243132,229.810783,0.0,229.810783,0.0,0.0,0.0,0.0,0.0,0.0,0.0,0.0,0.0
U,64,3,1,31,4,820.842783,0.0,0.0,820.842783,205.21069575,0.0,205.21069575,0.0,0.0,0.0,0.0,0.0,0.0,0.0,0.0,0.0
U,64,3,1,32,4,806.534868,0.0,0.0,806.534868,201.633717,0.0,201.633717,0.0,0.0,0.0,0.0,0.0,0.0,0.0,0.0,0.0
U,64,3,1,33,4,976.31591,0.0,0.0,976.31591,244.0789775,0.0,244.0789775,0.0,0.0,0.0,0.0,0.0,0.0,0.0,0.0,0.0
U,64,3,1,34,4,1044.81475,0.0,0.0,1044.81475,261.2036875,0.0,261.2036875,0.0,0.0,0.0,0.0,0.0,0.0,0.0,0.0,0.0
U,64,3,1,35,4,827.346415,0.0,0.0,827.346415,206.83660375,0.0,206.83660375,0.0,0.0,0.0,0.0,0.0,0.0,0.0,0.0,0.0
U,64,3,1,36,4,910.007369,0.0,0.0,910.007369,227.50184225,0.0,227.50184225,0.0,0.0,0.0,0.0,0.0,0.0,0.0,0.0,0.0
U,64,3,1,37,4,718.110687,0.0,0.0,718.110687,179.52767175,0.0,179.52767175,0.0,0.0,0.0,0.0,0.0,0.0,0.0,0.0,0.0
U,64,3,1,38,4,497.642798,0.0,0.0,497.642798,124.4106995,0.0,124.4106995,0.0,0.0,0.0,0.0,0.0,0.0,0.0,0.0,0.0
U,64,3,1,39,4,820.087313,0.0,0.0,820.087313,205.02182825,0.0,205.02182825,0.0,0.0,0.0,0.0,0.0,0.0,0.0,0.0,0.0
U,64,3,1,40,4,702.943344,0.0,0.0,702.943344,175.735836,0.0,175.735836,0.0,0.0,0.0,0.0,0.0,0.0,0.0,0.0,0.0
U,64,3,1,41,4,833.361855,0.0,0.0,833.361855,208.34046375,0.0,208.34046375,0.0,0.0,0.0,0.0,0.0,0.0,0.0,0.0,0.0
U,64,3,1,42,4,696.577351,0.0,0.0,696.577351,174.14433775,0.0,174.14433775,0.0,0.0,0.0,0.0,0.0,0.0,0.0,0.0,0.0
U,64,3,1,43,4,676.852525,0.0,0.0,676.852525,169.21313125,0.0,169.21313125,0.0,0.0,0.0,0.0,0.0,0.0,0.0,0.0,0.0
U,64,3,1,44,4,844.337266,0.0,0.0,844.337266,211.0843165,0.0,211.0843165,0.0,0.0,0.0,0.0,0.0,0.0,0.0,0.0,0.0
U,64,3,1,45,4,977.901673,0.0,0.0,977.901673,244.47541825,0.0,244.47541825,0.0,0.0,0.0,0.0,0.0,0.0,0.0,0.0,0.0
U,64,3,1,46,4,845.140401,0.0,0.0,845.140401,211.28510025,0.0,211.28510025,0.0,0.0,0.0,0.0,0.0,0.0,0.0,0.0,0.0
U,64,3,1,47,4,756.683774,0.0,0.0,756.683774,189.1709435,0.0,189.1709435,0.0,0.0,0.0,0.0,0.0,0.0,0.0,0.0,0.0
U,64,3,1,48,4,744.23704,0.0,0.0,744.23704,186.05926,0.0,186.05926,0.0,0.0,0.0,0.0,0.0,0.0,0.0,0.0,0.0
U,64,3,1,49,4,839.094422,0.0,0.0,839.094422,209.7736055,0.0,209.7736055,0.0,0.0,0.0,0.0,0.0,0.0,0.0,0.0,0.0
U,64,3,1,50,4,512.788984,0.0,0.0,512.788984,128.197246,0.0,128.197246,0.0,0.0,0.0,0.0,0.0,0.0,0.0,0.0,0.0
U,64,3,1,51,4,639.184402,0.0,0.0,639.184402,159.7961005,0.0,159.7961005,0.0,0.0,0.0,0.0,0.0,0.0,0.0,0.0,0.0
U,64,3,1,52,4,502.486605,0.0,0.0,502.486605,125.62165125,0.0,125.62165125,0.0,0.0,0.0,0.0,0.0,0.0,0.0,0.0,0.0
U,64,3,1,53,4,530.008404,0.0,0.0,530.008404,132.502101,0.0,132.502101,0.0,0.0,0.0,0.0,0.0,0.0,0.0,0.0,0.0
U,64,3,1,54,4,644.304861,0.0,0.0,644.304861,161.07621525,0.0,161.07621525,0.0,0.0,0.0,0.0,0.0,0.0,0.0,0.0,0.0
U,64,3,1,55,4,580.848023,0.0,0.0,580.848023,145.21200575,0.0,145.21200575,0.0,0.0,0.0,0.0,0.0,0.0,0.0,0.0,0.0
U,64,3,1,56,4,523.761986,0.0,0.0,523.761986,130.9404965,0.0,130.9404965,0.0,0.0,0.0,0.0,0.0,0.0,0.0,0.0,0.0
U,64,3,1,57,4,513.340033,0.0,0.0,513.340033,128.33500825,0.0,128.33500825,0.0,0.0,0.0,0.0,0.0,0.0,0.0,0.0,0.0
U,64,3,1,58,4,522.81521,0.0,0.0,522.81521,130.7038025,0.0,130.7038025,0.0,0.0,0.0,0.0,0.0,0.0,0.0,0.0,0.0
U,64,3,1,59,4,678.586387,0.0,0.0,678.586387,169.64659675,0.0,169.64659675,0.0,0.0,0.0,0.0,0.0,0.0,0.0,0.0,0.0
U,64,3,1,60,4,695.129992,0.0,0.0,695.129992,173.782498,0.0,173.782498,0.0,0.0,0.0,0.0,0.0,0.0,0.0,0.0,0.0
U,64,3,1,61,4,634.020169,0.0,0.0,634.020169,158.50504225,0.0,158.50504225,0.0,0.0,0.0,0.0,0.0,0.0,0.0,0.0,0.0
U,64,3,1,62,4,556.517225,0.0,0.0,556.517225,139.12930625,0.0,139.12930625,0.0,0.0,0.0,0.0,0.0,0.0,0.0,0.0,0.0
U,64,3,1,63,4,741.783374,0.0,0.0,741.783374,185.4458435,0.0,185.4458435,0.0,0.0,0.0,0.0,0.0,0.0,0.0,0.0,0.0
U,64,3,1,64,4,691.975499,0.0,0.0,691.975499,172.99387475,0.0,172.99387475,0.0,0.0,0.0,0.0,0.0,0.0,0.0,0.0,0.0
U,64,3,1,65,4,922.583267,0.0,0.0,922.583267,230.64581675,0.0,230.64581675,0.0,0.0,0.0,0.0,0.0,0.0,0.0,0.0,0.0
U,64,3,1,66,4,810.039872,0.0,0.0,810.039872,202.509968,0.0,202.509968,0.0,0.0,0.0,0.0,0.0,0.0,0.0,0.0,0.0
U,64,3,1,67,4,587.464531,0.0,0.0,587.464531,146.86613275,0.0,146.86613275,0.0,0.0,0.0,0.0,0.0,0.0,0.0,0.0,0.0
U,64,3,1,68,4,871.452119,0.0,0.0,871.452119,217.86302975,0.0,217.86302975,0.0,0.0,0.0,0.0,0.0,0.0,0.0,0.0,0.0
U,64,3,1,69,4,816.795605,0.0,0.0,816.795605,204.19890125,0.0,204.19890125,0.0,0.0,0.0,0.0,0.0,0.0,0.0,0.0,0.0
U,64,3,1,70,4,698.840638,0.0,0.0,698.840638,174.7101595,0.0,174.7101595,0.0,0.0,0.0,0.0,0.0,0.0,0.0,0.0,0.0
U,64,3,1,71,4,658.65797,0.0,0.0,658.65797,164.6644925,0.0,164.6644925,0.0,0.0,0.0,0.0,0.0,0.0,0.0,0.0,0.0
U,64,3,1,72,4,925.658472,0.0,0.0,925.658472,231.414618,0.0,231.414618,0.0,0.0,0.0,0.0,0.0,0.0,0.0,0.0,0.0
U,64,3,1,73,4,932.722344,0.0,0.0,932.722344,233.180586,0.0,233.180586,0.0,0.0,0.0,0.0,0.0,0.0,0.0,0.0,0.0
U,64,3,1,74,4,615.92072,0.0,0.0,615.92072,153.98018,0.0,153.98018,0.0,0.0,0.0,0.0,0.0,0.0,0.0,0.0,0.0
U,64,3,1,75,4,784.425716,0.0,0.0,784.425716,196.106429,0.0,196.106429,0.0,0.0,0.0,0.0,0.0,0.0,0.0,0.0,0.0
U,64,3,1,76,4,740.059403,0.0,0.0,740.059403,185.01485075,0.0,185.01485075,0.0,0.0,0.0,0.0,0.0,0.0,0.0,0.0,0.0
U,64,3,1,77,4,801.127705,0.0,0.0,801.127705,200.28192625,0.0,200.28192625,0.0,0.0,0.0,0.0,0.0,0.0,0.0,0.0,0.0
U,64,3,1,78,4,733.533322,0.0,0.0,733.533322,183.3833305,0.0,183.3833305,0.0,0.0,0.0,0.0,0.0,0.0,0.0,0.0,0.0
U,64,3,1,79,4,703.062566,0.0,0.0,703.062566,175.7656415,0.0,175.7656415,0.0,0.0,0.0,0.0,0.0,0.0,0.0,0.0,0.0
U,64,3,1,80,4,661.930047,0.0,0.0,661.930047,165.48251175,0.0,165.48251175,0.0,0.0,0.0,0.0,0.0,0.0,0.0,0.0,0.0
U,64,3,1,81,4,850.589513,0.0,0.0,850.589513,212.64737825,0.0,212.64737825,0.0,0.0,0.0,0.0,0.0,0.0,0.0,0.0,0.0
U,64,3,1,82,4,736.050097,0.0,0.0,736.050097,184.01252425,0.0,184.01252425,0.0,0.0,0.0,0.0,0.0,0.0,0.0,0.0,0.0
U,64,3,1,83,4,728.391008,0.0,0.0,728.391008,182.097752,0.0,182.097752,0.0,0.0,0.0,0.0,0.0,0.0,0.0,0.0,0.0
U,64,3,1,84,4,792.029319,0.0,0.0,792.029319,198.00732975,0.0,198.00732975,0.0,0.0,0.0,0.0,0.0,0.0,0.0,0.0,0.0
U,64,3,1,85,4,867.591094,0.0,0.0,867.591094,216.8977735,0.0,216.8977735,0.0,0.0,0.0,0.0,0.0,0.0,0.0,0.0,0.0
U,64,3,1,86,4,625.990983,0.0,0.0,625.990983,156.49774575,0.0,156.49774575,0.0,0.0,0.0,0.0,0.0,0.0,0.0,0.0,0.0
U,64,3,1,87,4,806.220585,0.0,0.0,806.220585,201.55514625,0.0,201.55514625,0.0,0.0,0.0,0.0,0.0,0.0,0.0,0.0,0.0
U,64,3,1,88,4,634.279675,0.0,0.0,634.279675,158.56991875,0.0,158.56991875,0.0,0.0,0.0,0.0,0.0,0.0,0.0,0.0,0.0
U,64,3,1,89,4,812.815338,0.0,0.0,812.815338,203.2038345,0.0,203.2038345,0.0,0.0,0.0,0.0,0.0,0.0,0.0,0.0,0.0
U,64,3,1,90,4,938.848528,0.0,0.0,938.848528,234.712132,0.0,234.712132,0.0,0.0,0.0,0.0,0.0,0.0,0.0,0.0,0.0
U,64,3,1,91,4,986.54757,0.0,0.0,986.54757,246.6368925,0.0,246.6368925,0.0,0.0,0.0,0.0,0.0,0.0,0.0,0.0,0.0
U,64,3,1,92,4,786.478296,0.0,0.0,786.478296,196.619574,0.0,196.619574,0.0,0.0,0.0,0.0,0.0,0.0,0.0,0.0,0.0
U,64,3,1,93,4,757.806956,0.0,0.0,757.806956,189.451739,0.0,189.451739,0.0,0.0,0.0,0.0,0.0,0.0,0.0,0.0,0.0
U,64,3,1,94,4,851.076439,0.0,0.0,851.076439,212.76910975,0.0,212.76910975,0.0,0.0,0.0,0.0,0.0,0.0,0.0,0.0,0.0
U,64,3,1,95,4,663.825689,0.0,0.0,663.825689,165.95642225,0.0,165.95642225,0.0,0.0,0.0,0.0,0.0,0.0,0.0,0.0,0.0
U,64,3,1,96,4,825.383884,0.0,0.0,825.383884,206.345971,0.0,206.345971,0.0,0.0,0.0,0.0,0.0,0.0,0.0,0.0,0.0
U,64,3,1,97,4,671.461686,0.0,0.0,671.461686,167.8654215,0.0,167.8654215,0.0,0.0,0.0,0.0,0.0,0.0,0.0,0.0,0.0
U,64,3,1,98,4,823.709003,0.0,0.0,823.709003,205.92725075,0.0,205.92725075,0.0,0.0,0.0,0.0,0.0,0.0,0.0,0.0,0.0
U,64,3,1,99,4,669.750793,0.0,0.0,669.750793,167.43769825,0.0,167.43769825,0.0,0.0,0.0,0.0,0.0,0.0,0.0,0.0,0.0
U,64,3,1,100,4,873.257369,0.0,0.0,873.257369,218.31434225,0.0,218.31434225,0.0,0.0,0.0,0.0,0.0,0.0,0.0,0.0,0.0
U,64,3,1,101,4,689.912527,0.0,0.0,689.912527,172.47813175,0.0,172.47813175,0.0,0.0,0.0,0.0,0.0,0.0,0.0,0.0,0.0
U,64,3,1,102,4,656.19655,0.0,0.0,656.19655,164.0491375,0.0,164.0491375,0.0,0.0,0.0,0.0,0.0,0.0,0.0,0.0,0.0
U,64,3,1,103,4,759.507526,0.0,0.0,759.507526,189.8768815,0.0,189.8768815,0.0,0.0,0.0,0.0,0.0,0.0,0.0,0.0,0.0
U,64,3,1,104,4,822.172617,0.0,0.0,822.172617,205.54315425,0.0,205.54315425,0.0,0.0,0.0,0.0,0.0,0.0,0.0,0.0,0.0
U,64,3,1,105,4,768.815019,0.0,0.0,768.815019,192.20375475,0.0,192.20375475,0.0,0.0,0.0,0.0,0.0,0.0,0.0,0.0,0.0
U,64,3,1,106,4,725.881739,0.0,0.0,725.881739,181.47043475,0.0,181.47043475,0.0,0.0,0.0,0.0,0.0,0.0,0.0,0.0,0.0
U,64,3,1,107,4,665.908963,0.0,0.0,665.908963,166.47724075,0.0,166.47724075,0.0,0.0,0.0,0.0,0.0,0.0,0.0,0.0,0.0
U,64,3,1,108,4,818.138303,0.0,0.0,818.138303,204.53457575,0.0,204.53457575,0.0,0.0,0.0,0.0,0.0,0.0,0.0,0.0,0.0
U,64,3,1,109,4,718.392153,0.0,0.0,718.392153,179.59803825,0.0,179.59803825,0.0,0.0,0.0,0.0,0.0,0.0,0.0,0.0,0.0
U,64,3,1,110,4,725.618564,0.0,0.0,725.618564,181.404641,0.0,181.404641,0.0,0.0,0.0,0.0,0.0,0.0,0.0,0.0,0.0
U,64,3,1,111,4,631.969205,0.0,0.0,631.969205,157.99230125,0.0,157.99230125,0.0,0.0,0.0,0.0,0.0,0.0,0.0,0.0,0.0
U,64,3,1,112,4,782.592865,0.0,0.0,782.592865,195.64821625,0.0,195.64821625,0.0,0.0,0.0,0.0,0.0,0.0,0.0,0.0,0.0
U,64,3,1,113,4,626.520946,0.0,0.0,626.520946,156.6302365,0.0,156.6302365,0.0,0.0,0.0,0.0,0.0,0.0,0.0,0.0,0.0
U,64,3,1,114,4,929.635936,0.0,0.0,929.635936,232.408984,0.0,232.408984,0.0,0.0,0.0,0.0,0.0,0.0,0.0,0.0,0.0
U,64,3,1,115,4,894.108915,0.0,0.0,894.108915,223.52722875,0.0,223.52722875,0.0,0.0,0.0,0.0,0.0,0.0,0.0,0.0,0.0
U,64,3,1,116,4,863.558832,0.0,0.0,863.558832,215.889708,0.0,215.889708,0.0,0.0,0.0,0.0,0.0,0.0,0.0,0.0,0.0
U,64,3,1,117,4,643.306444,0.0,0.0,643.306444,160.826611,0.0,160.826611,0.0,0.0,0.0,0.0,0.0,0.0,0.0,0.0,0.0
U,64,3,1,118,4,836.159221,0.0,0.0,836.159221,209.03980525,0.0,209.03980525,0.0,0.0,0.0,0.0,0.0,0.0,0.0,0.0,0.0
U,64,3,1,119,4,847.093252,0.0,0.0,847.093252,211.773313,0.0,211.773313,0.0,0.0,0.0,0.0,0.0,0.0,0.0,0.0,0.0
F,1,3,2,0,4,54.32579,0.0,0.0,54.32579,13.5814475,0.0,13.5814475,0.0,0.0,0.0,0.0,0.0,0.0,0.0,0.0,0.0
F,1,3,2,1,4,65.002222,0.0,0.0,65.002222,16.2505555,0.0,16.2505555,0.0,0.0,0.0,0.0,0.0,0.0,0.0,0.0,0.0
F,1,3,2,2,4,55.14121,0.0,0.0,55.14121,13.7853025,0.0,13.7853025,0.0,0.0,0.0,0.0,0.0,0.0,0.0,0.0,0.0
F,1,3,2,3,4,51.108722,0.0,0.0,51.108722,12.7771805,0.0,12.7771805,0.0,0.0,0.0,0.0,0.0,0.0,0.0,0.0,0.0
F,1,3,2,4,4,55.913208,0.0,0.0,55.913208,13.978302,0.0,13.978302,0.0,0.0,0.0,0.0,0.0,0.0,0.0,0.0,0.0
F,1,3,2,5,4,52.835102,0.0,0.0,52.835102,13.2087755,0.0,13.2087755,0.0,0.0,0.0,0.0,0.0,0.0,0.0,0.0,0.0
F,1,3,2,6,4,51.714188,0.0,0.0,51.714188,12.928547,0.0,12.928547,0.0,0.0,0.0,0.0,0.0,0.0,0.0,0.0,0.0
F,1,3,2,7,4,70.962561,0.0,0.0,70.962561,17.74064025,0.0,17.74064025,0.0,0.0,0.0,0.0,0.0,0.0,0.0,0.0,0.0
F,1,3,2,8,4,60.051796,0.0,0.0,60.051796,15.012949,0.0,15.012949,0.0,0.0,0.0,0.0,0.0,0.0,0.0,0.0,0.0
F,1,3,2,9,4,61.350183,0.0,0.0,61.350183,15.33754575,0.0,15.33754575,0.0,0.0,0.0,0.0,0.0,0.0,0.0,0.0,0.0
F,1,3,2,10,4,60.241219,0.0,0.0,60.241219,15.06030475,0.0,15.06030475,0.0,0.0,0.0,0.0,0.0,0.0,0.0,0.0,0.0
F,1,3,2,11,4,51.64422,0.0,0.0,51.64422,12.911055,0.0,12.911055,0.0,0.0,0.0,0.0,0.0,0.0,0.0,0.0,0.0
F,1,3,2,12,4,52.737708,0.0,0.0,52.737708,13.184427,0.0,13.184427,0.0,0.0,0.0,0.0,0.0,0.0,0.0,0.0,0.0
F,1,3,2,13,4,58.324313,0.0,0.0,58.324313,14.58107825,0.0,14.58107825,0.0,0.0,0.0,0.0,0.0,0.0,0.0,0.0,0.0
F,1,3,2,14,4,57.616451,0.0,0.0,57.616451,14.40411275,0.0,14.40411275,0.0,0.0,0.0,0.0,0.0,0.0,0.0,0.0,0.0
F,1,3,2,15,4,60.265772,0.0,0.0,60.265772,15.066443,0.0,15.066443,0.0,0.0,0.0,0.0,0.0,0.0,0.0,0.0,0.0
F,1,3,2,16,4,51.437611,0.0,0.0,51.437611,12.85940275,0.0,12.85940275,0.0,0.0,0.0,0.0,0.0,0.0,0.0,0.0,0.0
F,1,3,2,17,4,54.346836,0.0,0.0,54.346836,13.586709,0.0,13.586709,0.0,0.0,0.0,0.0,0.0,0.0,0.0,0.0,0.0
F,1,3,2,18,4,51.85361,0.0,0.0,51.85361,12.9634025,0.0,12.9634025,0.0,0.0,0.0,0.0,0.0,0.0,0.0,0.0,0.0
F,1,3,2,19,4,70.575531,0.0,0.0,70.575531,17.64388275,0.0,17.64388275,0.0,0.0,0.0,0.0,0.0,0.0,0.0,0.0,0.0
F,1,3,2,20,4,73.780983,0.0,0.0,73.780983,18.44524575,0.0,18.44524575,0.0,0.0,0.0,0.0,0.0,0.0,0.0,0.0,0.0
F,1,3,2,21,4,70.03955,0.0,0.0,70.03955,17.5098875,0.0,17.5098875,0.0,0.0,0.0,0.0,0.0,0.0,0.0,0.0,0.0
F,1,3,2,22,4,61.609891,0.0,0.0,61.609891,15.40247275,0.0,15.40247275,0.0,0.0,0.0,0.0,0.0,0.0,0.0,0.0,0.0
F,1,3,2,23,4,51.020943,0.0,0.0,51.020943,12.75523575,0.0,12.75523575,0.0,0.0,0.0,0.0,0.0,0.0,0.0,0.0,0.0
F,1,3,2,24,4,51.427585,0.0,0.0,51.427585,12.85689625,0.0,12.85689625,0.0,0.0,0.0,0.0,0.0,0.0,0.0,0.0,0.0
F,1,3,2,25,4,65.891965,0.0,0.0,65.891965,16.47299125,0.0,16.47299125,0.0,0.0,0.0,0.0,0.0,0.0,0.0,0.0,0.0
F,1,3,2,26,4,65.117705,0.0,0.0,65.117705,16.27942625,0.0,16.27942625,0.0,0.0,0.0,0.0,0.0,0.0,0.0,0.0,0.0
F,1,3,2,27,4,60.361468,0.0,0.0,60.361468,15.090367,0.0,15.090367,0.0,0.0,0.0,0.0,0.0,0.0,0.0,0.0,0.0
F,1,3,2,28,4,50.949722,0.0,0.0,50.949722,12.7374305,0.0,12.7374305,0.0,0.0,0.0,0.0,0.0,0.0,0.0,0.0,0.0
F,1,3,2,29,4,49.89115,0.0,0.0,49.89115,12.4727875,0.0,12.4727875,0.0,0.0,0.0,0.0,0.0,0.0,0.0,0.0,0.0
F,1,3,2,30,4,48.483212,0.0,0.0,48.483212,12.120803,0.0,12.120803,0.0,0.0,0.0,0.0,0.0,0.0,0.0,0.0,0.0
F,1,3,2,31,4,56.001013,0.0,0.0,56.001013,14.00025325,0.0,14.00025325,0.0,0.0,0.0,0.0,0.0,0.0,0.0,0.0,0.0
F,1,3,2,32,4,70.196356,0.0,0.0,70.196356,17.549089,0.0,17.549089,0.0,0.0,0.0,0.0,0.0,0.0,0.0,0.0,0.0
F,1,3,2,33,4,67.997119,0.0,0.0,67.997119,16.99927975,0.0,16.99927975,0.0,0.0,0.0,0.0,0.0,0.0,0.0,0.0,0.0
F,1,3,2,34,4,55.745769,0.0,0.0,55.745769,13.93644225,0.0,13.93644225,0.0,0.0,0.0,0.0,0.0,0.0,0.0,0.0,0.0
F,1,3,2,35,4,62.104997,0.0,0.0,62.104997,15.52624925,0.0,15.52624925,0.0,0.0,0.0,0.0,0.0,0.0,0.0,0.0,0.0
F,1,3,2,36,4,65.996885,0.0,0.0,65.996885,16.49922125,0.0,16.49922125,0.0,0.0,0.0,0.0,0.0,0.0,0.0,0.0,0.0
F,1,3,2,37,4,70.436553,0.0,0.0,70.436553,17.60913825,0.0,17.60913825,0.0,0.0,0.0,0.0,0.0,0.0,0.0,0.0,0.0
F,1,3,2,38,4,65.319878,0.0,0.0,65.319878,16.3299695,0.0,16.3299695,0.0,0.0,0.0,0.0,0.0,0.0,0.0,0.0,0.0
F,1,3,2,39,4,60.484976,0.0,0.0,60.484976,15.121244,0.0,15.121244,0.0,0.0,0.0,0.0,0.0,0.0,0.0,0.0,0.0
F,1,3,2,40,4,51.995006,0.0,0.0,51.995006,12.9987515,0.0,12.9987515,0.0,0.0,0.0,0.0,0.0,0.0,0.0,0.0,0.0
F,1,3,2,41,4,58.50906,0.0,0.0,58.50906,14.627265,0.0,14.627265,0.0,0.0,0.0,0.0,0.0,0.0,0.0,0.0,0.0
F,1,3,2,42,4,62.487091,0.0,0.0,62.487091,15.62177275,0.0,15.62177275,0.0,0.0,0.0,0.0,0.0,0.0,0.0,0.0,0.0
F,1,3,2,43,4,59.698995,0.0,0.0,59.698995,14.92474875,0.0,14.92474875,0.0,0.0,0.0,0.0,0.0,0.0,0.0,0.0,0.0
F,1,3,2,44,4,51.029497,0.0,0.0,51.029497,12.75737425,0.0,12.75737425,0.0,0.0,0.0,0.0,0.0,0.0,0.0,0.0,0.0
F,1,3,2,45,4,52.423485,0.0,0.0,52.423485,13.10587125,0.0,13.10587125,0.0,0.0,0.0,0.0,0.0,0.0,0.0,0.0,0.0
F,1,3,2,46,4,59.370355,0.0,0.0,59.370355,14.84258875,0.0,14.84258875,0.0,0.0,0.0,0.0,0.0,0.0,0.0,0.0,0.0
F,1,3,2,47,4,66.542617,0.0,0.0,66.542617,16.63565425,0.0,16.63565425,0.0,0.0,0.0,0.0,0.0,0.0,0.0,0.0,0.0
F,1,3,2,48,4,61.228919,0.0,0.0,61.228919,15.30722975,0.0,15.30722975,0.0,0.0,0.0,0.0,0.0,0.0,0.0,0.0,0.0
F,1,3,2,49,4,60.819016,0.0,0.0,60.819016,15.204754,0.0,15.204754,0.0,0.0,0.0,0.0,0.0,0.0,0.0,0.0,0.0
F,1,3,2,50,4,65.654497,0.0,0.0,65.654497,16.41362425,0.0,16.41362425,0.0,0.0,0.0,0.0,0.0,0.0,0.0,0.0,0.0
F,1,3,2,51,4,59.606122,0.0,0.0,59.606122,14.9015305,0.0,14.9015305,0.0,0.0,0.0,0.0,0.0,0.0,0.0,0.0,0.0
F,1,3,2,52,4,64.909425,0.0,0.0,64.909425,16.22735625,0.0,16.22735625,0.0,0.0,0.0,0.0,0.0,0.0,0.0,0.0,0.0
F,1,3,2,53,4,50.109032,0.0,0.0,50.109032,12.527258,0.0,12.527258,0.0,0.0,0.0,0.0,0.0,0.0,0.0,0.0,0.0
F,1,3,2,54,4,70.352175,0.0,0.0,70.352175,17.58804375,0.0,17.58804375,0.0,0.0,0.0,0.0,0.0,0.0,0.0,0.0,0.0
F,1,3,2,55,4,50.880971,0.0,0.0,50.880971,12.72024275,0.0,12.72024275,0.0,0.0,0.0,0.0,0.0,0.0,0.0,0.0,0.0
F,1,3,2,56,4,69.358885,0.0,0.0,69.358885,17.33972125,0.0,17.33972125,0.0,0.0,0.0,0.0,0.0,0.0,0.0,0.0,0.0
F,1,3,2,57,4,70.43435,0.0,0.0,70.43435,17.6085875,0.0,17.6085875,0.0,0.0,0.0,0.0,0.0,0.0,0.0,0.0,0.0
F,1,3,2,58,4,65.525092,0.0,0.0,65.525092,16.381273,0.0,16.381273,0.0,0.0,0.0,0.0,0.0,0.0,0.0,0.0,0.0
F,1,3,2,59,4,54.897267,0.0,0.0,54.897267,13.72431675,0.0,13.72431675,0.0,0.0,0.0,0.0,0.0,0.0,0.0,0.0,0.0
F,1,3,2,60,4,73.125687,0.0,0.0,73.125687,18.28142175,0.0,18.28142175,0.0,0.0,0.0,0.0,0.0,0.0,0.0,0.0,0.0
F,1,3,2,61,4,67.598581,0.0,0.0,67.598581,16.89964525,0.0,16.89964525,0.0,0.0,0.0,0.0,0.0,0.0,0.0,0.0,0.0
F,1,3,2,62,4,62.312921,0.0,0.0,62.312921,15.57823025,0.0,15.57823025,0.0,0.0,0.0,0.0,0.0,0.0,0.0,0.0,0.0
F,1,3,2,63,4,54.668411,0.0,0.0,54.668411,13.66710275,0.0,13.66710275,0.0,0.0,0.0,0.0,0.0,0.0,0.0,0.0,0.0
F,1,3,2,64,4,47.879925,0.0,0.0,47.879925,11.96998125,0.0,11.96998125,0.0,0.0,0.0,0.0,0.0,0.0,0.0,0.0,0.0
F,1,3,2,65,4,56.373317,0.0,0.0,56.373317,14.09332925,0.0,14.09332925,0.0,0.0,0.0,0.0,0.0,0.0,0.0,0.0,0.0
F,1,3,2,66,4,58.872035,0.0,0.0,58.872035,14.71800875,0.0,14.71800875,0.0,0.0,0.0,0.0,0.0,0.0,0.0,0.0,0.0
F,1,3,2,67,4,60.119246,0.0,0.0,60.119246,15.0298115,0.0,15.0298115,0.0,0.0,0.0,0.0,0.0,0.0,0.0,0.0,0.0
F,1,3,2,68,4,67.998583,0.0,0.0,67.998583,16.99964575,0.0,16.99964575,0.0,0.0,0.0,0.0,0.0,0.0,0.0,0.0,0.0
F,1,3,2,69,4,65.136271,0.0,0.0,65.136271,16.28406775,0.0,16.28406775,0.0,0.0,0.0,0.0,0.0,0.0,0.0,0.0,0.0
F,1,3,2,70,4,54.129947,0.0,0.0,54.129947,13.53248675,0.0,13.53248675,0.0,0.0,0.0,0.0,0.0,0.0,0.0,0.0,0.0
F,1,3,2,71,4,79.725211,0.0,0.0,79.725211,19.93130275,0.0,19.93130275,0.0,0.0,0.0,0.0,0.0,0.0,0.0,0.0,0.0
F,1,3,2,72,4,63.700712,0.0,0.0,63.700712,15.925178,0.0,15.925178,0.0,0.0,0.0,0.0,0.0,0.0,0.0,0.0,0.0
F,1,3,2,73,4,55.825422,0.0,0.0,55.825422,13.9563555,0.0,13.9563555,0.0,0.0,0.0,0.0,0.0,0.0,0.0,0.0,0.0
F,1,3,2,74,4,71.328602,0.0,0.0,71.328602,17.8321505,0.0,17.8321505,0.0,0.0,0.0,0.0,0.0,0.0,0.0,0.0,0.0
F,1,3,2,75,4,67.363517,0.0,0.0,67.363517,16.84087925,0.0,16.84087925,0.0,0.0,0.0,0.0,0.0,0.0,0.0,0.0,0.0
F,1,3,2,76,4,53.585302,0.0,0.0,53.585302,13.3963255,0.0,13.3963255,0.0,0.0,0.0,0.0,0.0,0.0,0.0,0.0,0.0
F,1,3,2,77,4,55.568261,0.0,0.0,55.568261,13.89206525,0.0,13.89206525,0.0,0.0,0.0,0.0,0.0,0.0,0.0,0.0,0.0
F,1,3,2,78,4,51.862031,0.0,0.0,51.862031,12.96550775,0.0,12.96550775,0.0,0.0,0.0,0.0,0.0,0.0,0.0,0.0,0.0
F,1,3,2,79,4,51.208335,0.0,0.0,51.208335,12.80208375,0.0,12.80208375,0.0,0.0,0.0,0.0,0.0,0.0,0.0,0.0,0.0
F,1,3,2,80,4,53.027202,0.0,0.0,53.027202,13.2568005,0.0,13.2568005,0.0,0.0,0.0,0.0,0.0,0.0,0.0,0.0,0.0
F,1,3,2,81,4,72.571428,0.0,0.0,72.571428,18.142857,0.0,18.142857,0.0,0.0,0.0,0.0,0.0,0.0,0.0,0.0,0.0
F,1,3,2,82,4,58.916774,0.0,0.0,58.916774,14.7291935,0.0,14.7291935,0.0,0.0,0.0,0.0,0.0,0.0,0.0,0.0,0.0
F,1,3,2,83,4,57.543248,0.0,0.0,57.543248,14.385812,0.0,14.385812,0.0,0.0,0.0,0.0,0.0,0.0,0.0,0.0,0.0
F,1,3,2,84,4,63.473453,0.0,0.0,63.473453,15.86836325,0.0,15.86836325,0.0,0.0,0.0,0.0,0.0,0.0,0.0,0.0,0.0
F,1,3,2,85,4,55.985118,0.0,0.0,55.985118,13.9962795,0.0,13.9962795,0.0,0.0,0.0,0.0,0.0,0.0,0.0,0.0,0.0
F,1,3,2,86,4,51.147673,0.0,0.0,51.147673,12.78691825,0.0,12.78691825,0.0,0.0,0.0,0.0,0.0,0.0,0.0,0.0,0.0
F,1,3,2,87,4,51.263813,0.0,0.0,51.263813,12.81595325,0.0,12.81595325,0.0,0.0,0.0,0.0,0.0,0.0,0.0,0.0,0.0
F,1,3,2,88,4,52.567087,0.0,0.0,52.567087,13.14177175,0.0,13.14177175,0.0,0.0,0.0,0.0,0.0,0.0,0.0,0.0,0.0
F,1,3,2,89,4,52.563325,0.0,0.0,52.563325,13.14083125,0.0,13.14083125,0.0,0.0,0.0,0.0,0.0,0.0,0.0,0.0,0.0
F,1,3,2,90,4,53.017532,0.0,0.0,53.017532,13.254383,0.0,13.254383,0.0,0.0,0.0,0.0,0.0,0.0,0.0,0.0,0.0
F,1,3,2,91,4,50.231211,0.0,0.0,50.231211,12.55780275,0.0,12.55780275,0.0,0.0,0.0,0.0,0.0,0.0,0.0,0.0,0.0
F,1,3,2,92,4,54.480337,0.0,0.0,54.480337,13.62008425,0.0,13.62008425,0.0,0.0,0.0,0.0,0.0,0.0,0.0,0.0,0.0
F,1,3,2,93,4,51.474222,0.0,0.0,51.474222,12.8685555,0.0,12.8685555,0.0,0.0,0.0,0.0,0.0,0.0,0.0,0.0,0.0
F,1,3,2,94,4,51.542255,0.0,0.0,51.542255,12.88556375,0.0,12.88556375,0.0,0.0,0.0,0.0,0.0,0.0,0.0,0.0,0.0
F,1,3,2,95,4,52.154384,0.0,0.0,52.154384,13.038596,0.0,13.038596,0.0,0.0,0.0,0.0,0.0,0.0,0.0,0.0,0.0
F,1,3,2,96,4,50.370972,0.0,0.0,50.370972,12.592743,0.0,12.592743,0.0,0.0,0.0,0.0,0.0,0.0,0.0,0.0,0.0
F,1,3,2,97,4,52.655101,0.0,0.0,52.655101,13.16377525,0.0,13.16377525,0.0,0.0,0.0,0.0,0.0,0.0,0.0,0.0,0.0
F,1,3,2,98,4,60.04588,0.0,0.0,60.04588,15.01147,0.0,15.01147,0.0,0.0,0.0,0.0,0.0,0.0,0.0,0.0,0.0
F,1,3,2,99,4,60.164062,0.0,0.0,60.164062,15.0410155,0.0,15.0410155,0.0,0.0,0.0,0.0,0.0,0.0,0.0,0.0,0.0
F,1,3,2,100,4,59.244148,0.0,0.0,59.244148,14.811037,0.0,14.811037,0.0,0.0,0.0,0.0,0.0,0.0,0.0,0.0,0.0
F,1,3,2,101,4,59.697368,0.0,0.0,59.697368,14.924342,0.0,14.924342,0.0,0.0,0.0,0.0,0.0,0.0,0.0,0.0,0.0
F,1,3,2,102,4,60.588006,0.0,0.0,60.588006,15.1470015,0.0,15.1470015,0.0,0.0,0.0,0.0,0.0,0.0,0.0,0.0,0.0
F,1,3,2,103,4,53.308051,0.0,0.0,53.308051,13.32701275,0.0,13.32701275,0.0,0.0,0.0,0.0,0.0,0.0,0.0,0.0,0.0
F,1,3,2,104,4,60.898825,0.0,0.0,60.898825,15.22470625,0.0,15.22470625,0.0,0.0,0.0,0.0,0.0,0.0,0.0,0.0,0.0
F,1,3,2,105,4,53.560846,0.0,0.0,53.560846,13.3902115,0.0,13.3902115,0.0,0.0,0.0,0.0,0.0,0.0,0.0,0.0,0.0
F,1,3,2,106,4,51.01391,0.0,0.0,51.01391,12.7534775,0.0,12.7534775,0.0,0.0,0.0,0.0,0.0,0.0,0.0,0.0,0.0
F,1,3,2,107,4,52.064473,0.0,0.0,52.064473,13.01611825,0.0,13.01611825,0.0,0.0,0.0,0.0,0.0,0.0,0.0,0.0,0.0
F,1,3,2,108,4,60.378469,0.0,0.0,60.378469,15.09461725,0.0,15.09461725,0.0,0.0,0.0,0.0,0.0,0.0,0.0,0.0,0.0
F,1,3,2,109,4,70.810573,0.0,0.0,70.810573,17.70264325,0.0,17.70264325,0.0,0.0,0.0,0.0,0.0,0.0,0.0,0.0,0.0
F,1,3,2,110,4,72.934232,0.0,0.0,72.934232,18.233558,0.0,18.233558,0.0,0.0,0.0,0.0,0.0,0.0,0.0,0.0,0.0
F,1,3,2,111,4,61.275781,0.0,0.0,61.275781,15.31894525,0.0,15.31894525,0.0,0.0,0.0,0.0,0.0,0.0,0.0,0.0,0.0
F,1,3,2,112,4,76.907347,0.0,0.0,76.907347,19.22683675,0.0,19.22683675,0.0,0.0,0.0,0.0,0.0,0.0,0.0,0.0,0.0
F,1,3,2,113,4,51.854075,0.0,0.0,51.854075,12.96351875,0.0,12.96351875,0.0,0.0,0.0,0.0,0.0,0.0,0.0,0.0,0.0
F,1,3,2,114,4,65.563479,0.0,0.0,65.563479,16.39086975,0.0,16.39086975,0.0,0.0,0.0,0.0,0.0,0.0,0.0,0.0,0.0
F,1,3,2,115,4,63.131215,0.0,0.0,63.131215,15.78280375,0.0,15.78280375,0.0,0.0,0.0,0.0,0.0,0.0,0.0,0.0,0.0
F,1,3,2,116,4,58.868872,0.0,0.0,58.868872,14.717218,0.0,14.717218,0.0,0.0,0.0,0.0,0.0,0.0,0.0,0.0,0.0
F,1,3,2,117,4,66.149625,0.0,0.0,66.149625,16.53740625,0.0,16.53740625,0.0,0.0,0.0,0.0,0.0,0.0,0.0,0.0,0.0
F,1,3,2,118,4,73.655767,0.0,0.0,73.655767,18.41394175,0.0,18.41394175,0.0,0.0,0.0,0.0,0.0,0.0,0.0,0.0,0.0
F,1,3,2,119,4,51.842815,0.0,0.0,51.842815,12.96070375,0.0,12.96070375,0.0,0.0,0.0,0.0,0.0,0.0,0.0,0.0,0.0
F,4,3,3,0,4,96.506699,0.0,0.0,96.506699,24.12667475,0.0,24.12667475,0.0,0.0,0.0,0.0,0.0,0.0,0.0,0.0,0.0
F,4,3,3,1,4,79.808365,0.0,0.0,79.808365,19.95209125,0.0,19.95209125,0.0,0.0,0.0,0.0,0.0,0.0,0.0,0.0,0.0
F,4,3,3,2,4,95.750059,0.0,0.0,95.750059,23.93751475,0.0,23.93751475,0.0,0.0,0.0,0.0,0.0,0.0,0.0,0.0,0.0
F,4,3,3,3,4,93.815769,0.0,0.0,93.815769,23.45394225,0.0,23.45394225,0.0,0.0,0.0,0.0,0.0,0.0,0.0,0.0,0.0
F,4,3,3,4,4,69.818301,0.0,0.0,69.818301,17.45457525,0.0,17.45457525,0.0,0.0,0.0,0.0,0.0,0.0,0.0,0.0,0.0
F,4,3,3,5,4,84.259462,0.0,0.0,84.259462,21.0648655,0.0,21.0648655,0.0,0.0,0.0,0.0,0.0,0.0,0.0,0.0,0.0
F,4,3,3,6,4,81.646865,0.0,0.0,81.646865,20.41171625,0.0,20.41171625,0.0,0.0,0.0,0.0,0.0,0.0,0.0,0.0,0.0
F,4,3,3,7,4,84.271092,0.0,0.0,84.271092,21.067773,0.0,21.067773,0.0,0.0,0.0,0.0,0.0,0.0,0.0,0.0,0.0
F,4,3,3,8,4,91.377786,0.0,0.0,91.377786,22.8444465,0.0,22.8444465,0.0,0.0,0.0,0.0,0.0,0.0,0.0,0.0,0.0
F,4,3,3,9,4,82.178446,0.0,0.0,82.178446,20.5446115,0.0,20.5446115,0.0,0.0,0.0,0.0,0.0,0.0,0.0,0.0,0.0
F,4,3,3,10,4,89.487526,0.0,0.0,89.487526,22.3718815,0.0,22.3718815,0.0,0.0,0.0,0.0,0.0,0.0,0.0,0.0,0.0
F,4,3,3,11,4,86.788503,0.0,0.0,86.788503,21.69712575,0.0,21.69712575,0.0,0.0,0.0,0.0,0.0,0.0,0.0,0.0,0.0
F,4,3,3,12,4,79.621438,0.0,0.0,79.621438,19.9053595,0.0,19.9053595,0.0,0.0,0.0,0.0,0.0,0.0,0.0,0.0,0.0
F,4,3,3,13,4,93.816296,0.0,0.0,93.816296,23.454074,0.0,23.454074,0.0,0.0,0.0,0.0,0.0,0.0,0.0,0.0,0.0
F,4,3,3,14,4,83.897871,0.0,0.0,83.897871,20.97446775,0.0,20.97446775,0.0,0.0,0.0,0.0,0.0,0.0,0.0,0.0,0.0
F,4,3,3,15,4,91.923941,0.0,0.0,91.923941,22.98098525,0.0,22.98098525,0.0,0.0,0.0,0.0,0.0,0.0,0.0,0.0,0.0
F,4,3,3,16,4,95.280939,0.0,0.0,95.280939,23.82023475,0.0,23.82023475,0.0,0.0,0.0,0.0,0.0,0.0,0.0,0.0,0.0
F,4,3,3,17,4,92.605252,0.0,0.0,92.605252,23.151313,0.0,23.151313,0.0,0.0,0.0,0.0,0.0,0.0,0.0,0.0,0.0
F,4,3,3,18,4,90.194379,0.0,0.0,90.194379,22.54859475,0.0,22.54859475,0.0,0.0,0.0,0.0,0.0,0.0,0.0,0.0,0.0
F,4,3,3,19,4,115.898058,0.0,0.0,115.898058,28.9745145,0.0,28.9745145,0.0,0.0,0.0,0.0,0.0,0.0,0.0,0.0,0.0
F,4,3,3,20,4,97.999405,0.0,0.0,97.999405,24.49985125,0.0,24.49985125,0.0,0.0,0.0,0.0,0.0,0.0,0.0,0.0,0.0
F,4,3,3,21,4,74.862136,0.0,0.0,74.862136,18.715534,0.0,18.715534,0.0,0.0,0.0,0.0,0.0,0.0,0.0,0.0,0.0
F,4,3,3,22,4,72.321254,0.0,0.0,72.321254,18.0803135,0.0,18.0803135,0.0,0.0,0.0,0.0,0.0,0.0,0.0,0.0,0.0
F,4,3,3,23,4,97.820885,0.0,0.0,97.820885,24.45522125,0.0,24.45522125,0.0,0.0,0.0,0.0,0.0,0.0,0.0,0.0,0.0
F,4,3,3,24,4,84.598198,0.0,0.0,84.598198,21.1495495,0.0,21.1495495,0.0,0.0,0.0,0.0,0.0,0.0,0.0,0.0,0.0
F,4,3,3,25,4,91.218365,0.0,0.0,91.218365,22.80459125,0.0,22.80459125,0.0,0.0,0.0,0.0,0.0,0.0,0.0,0.0,0.0
F,4,3,3,26,4,75.428723,0.0,0.0,75.428723,18.85718075,0.0,18.85718075,0.0,0.0,0.0,0.0,0.0,0.0,0.0,0.0,0.0
F,4,3,3,27,4,96.621773,0.0,0.0,96.621773,24.15544325,0.0,24.15544325,0.0,0.0,0.0,0.0,0.0,0.0,0.0,0.0,0.0
F,4,3,3,28,4,80.322619,0.0,0.0,80.322619,20.08065475,0.0,20.08065475,0.0,0.0,0.0,0.0,0.0,0.0,0.0,0.0,0.0
F,4,3,3,29,4,92.570483,0.0,0.0,92.570483,23.14262075,0.0,23.14262075,0.0,0.0,0.0,0.0,0.0,0.0,0.0,0.0,0.0
F,4,3,3,30,4,92.41178,0.0,0.0,92.41178,23.102945,0.0,23.102945,0.0,0.0,0.0,0.0,0.0,0.0,0.0,0.0,0.0
F,4,3,3,31,4,92.936845,0.0,0.0,92.936845,23.23421125,0.0,23.23421125,0.0,0.0,0.0,0.0,0.0,0.0,0.0,0.0,0.0
F,4,3,3,32,4,91.096651,0.0,0.0,91.096651,22.77416275,0.0,22.77416275,0.0,0.0,0.0,0.0,0.0,0.0,0.0,0.0,0.0
F,4,3,3,33,4,90.491479,0.0,0.0,90.491479,22.62286975,0.0,22.62286975,0.0,0.0,0.0,0.0,0.0,0.0,0.0,0.0,0.0
F,4,3,3,34,4,101.893041,0.0,0.0,101.893041,25.47326025,0.0,25.47326025,0.0,0.0,0.0,0.0,0.0,0.0,0.0,0.0,0.0
F,4,3,3,35,4,97.18853,0.0,0.0,97.18853,24.2971325,0.0,24.2971325,0.0,0.0,0.0,0.0,0.0,0.0,0.0,0.0,0.0
F,4,3,3,36,4,91.993778,0.0,0.0,91.993778,22.9984445,0.0,22.9984445,0.0,0.0,0.0,0.0,0.0,0.0,0.0,0.0,0.0
F,4,3,3,37,4,79.639262,0.0,0.0,79.639262,19.9098155,0.0,19.9098155,0.0,0.0,0.0,0.0,0.0,0.0,0.0,0.0,0.0
F,4,3,3,38,4,72.51614,0.0,0.0,72.51614,18.129035,0.0,18.129035,0.0,0.0,0.0,0.0,0.0,0.0,0.0,0.0,0.0
F,4,3,3,39,4,86.205853,0.0,0.0,86.205853,21.55146325,0.0,21.55146325,0.0,0.0,0.0,0.0,0.0,0.0,0.0,0.0,0.0
F,4,3,3,40,4,85.431048,0.0,0.0,85.431048,21.357762,0.0,21.357762,0.0,0.0,0.0,0.0,0.0,0.0,0.0,0.0,0.0
F,4,3,3,41,4,92.873482,0.0,0.0,92.873482,23.2183705,0.0,23.2183705,0.0,0.0,0.0,0.0,0.0,0.0,0.0,0.0,0.0
F,4,3,3,42,4,82.176874,0.0,0.0,82.176874,20.5442185,0.0,20.5442185,0.0,0.0,0.0,0.0,0.0,0.0,0.0,0.0,0.0
F,4,3,3,43,4,75.240759,0.0,0.0,75.240759,18.81018975,0.0,18.81018975,0.0,0.0,0.0,0.0,0.0,0.0,0.0,0.0,0.0
F,4,3,3,44,4,90.442656,0.0,0.0,90.442656,22.610664,0.0,22.610664,0.0,0.0,0.0,0.0,0.0,0.0,0.0,0.0,0.0
F,4,3,3,45,4,79.077969,0.0,0.0,79.077969,19.76949225,0.0,19.76949225,0.0,0.0,0.0,0.0,0.0,0.0,0.0,0.0,0.0
F,4,3,3,46,4,75.069341,0.0,0.0,75.069341,18.76733525,0.0,18.76733525,0.0,0.0,0.0,0.0,0.0,0.0,0.0,0.0,0.0
F,4,3,3,47,4,75.434617,0.0,0.0,75.434617,18.85865425,0.0,18.85865425,0.0,0.0,0.0,0.0,0.0,0.0,0.0,0.0,0.0
F,4,3,3,48,4,73.530136,0.0,0.0,73.530136,18.382534,0.0,18.382534,0.0,0.0,0.0,0.0,0.0,0.0,0.0,0.0,0.0
F,4,3,3,49,4,90.055783,0.0,0.0,90.055783,22.51394575,0.0,22.51394575,0.0,0.0,0.0,0.0,0.0,0.0,0.0,0.0,0.0
F,4,3,3,50,4,79.758144,0.0,0.0,79.758144,19.939536,0.0,19.939536,0.0,0.0,0.0,0.0,0.0,0.0,0.0,0.0,0.0
F,4,3,3,51,4,79.54712,0.0,0.0,79.54712,19.88678,0.0,19.88678,0.0,0.0,0.0,0.0,0.0,0.0,0.0,0.0,0.0
F,4,3,3,52,4,74.040651,0.0,0.0,74.040651,18.51016275,0.0,18.51016275,0.0,0.0,0.0,0.0,0.0,0.0,0.0,0.0,0.0
F,4,3,3,53,4,86.247121,0.0,0.0,86.247121,21.56178025,0.0,21.56178025,0.0,0.0,0.0,0.0,0.0,0.0,0.0,0.0,0.0
F,4,3,3,54,4,80.640935,0.0,0.0,80.640935,20.16023375,0.0,20.16023375,0.0,0.0,0.0,0.0,0.0,0.0,0.0,0.0,0.0
F,4,3,3,55,4,78.232004,0.0,0.0,78.232004,19.558001,0.0,19.558001,0.0,0.0,0.0,0.0,0.0,0.0,0.0,0.0,0.0
F,4,3,3,56,4,78.811982,0.0,0.0,78.811982,19.7029955,0.0,19.7029955,0.0,0.0,0.0,0.0,0.0,0.0,0.0,0.0,0.0
F,4,3,3,57,4,86.544809,0.0,0.0,86.544809,21.63620225,0.0,21.63620225,0.0,0.0,0.0,0.0,0.0,0.0,0.0,0.0,0.0
F,4,3,3,58,4,93.478107,0.0,0.0,93.478107,23.36952675,0.0,23.36952675,0.0,0.0,0.0,0.0,0.0,0.0,0.0,0.0,0.0
F,4,3,3,59,4,97.120539,0.0,0.0,97.120539,24.28013475,0.0,24.28013475,0.0,0.0,0.0,0.0,0.0,0.0,0.0,0.0,0.0
F,4,3,3,60,4,85.376513,0.0,0.0,85.376513,21.34412825,0.0,21.34412825,0.0,0.0,0.0,0.0,0.0,0.0,0.0,0.0,0.0
F,4,3,3,61,4,104.986764,0.0,0.0,104.986764,26.246691,0.0,26.246691,0.0,0.0,0.0,0.0,0.0,0.0,0.0,0.0,0.0
F,4,3,3,62,4,86.91523,0.0,0.0,86.91523,21.7288075,0.0,21.7288075,0.0,0.0,0.0,0.0,0.0,0.0,0.0,0.0,0.0
F,4,3,3,63,4,85.400573,0.0,0.0,85.400573,21.35014325,0.0,21.35014325,0.0,0.0,0.0,0.0,0.0,0.0,0.0,0.0,0.0
F,4,3,3,64,4,93.61514,0.0,0.0,93.61514,23.403785,0.0,23.403785,0.0,0.0,0.0,0.0,0.0,0.0,0.0,0.0,0.0
F,4,3,3,65,4,83.55533,0.0,0.0,83.55533,20.8888325,0.0,20.8888325,0.0,0.0,0.0,0.0,0.0,0.0,0.0,0.0,0.0
F,4,3,3,66,4,72.478119,0.0,0.0,72.478119,18.11952975,0.0,18.11952975,0.0,0.0,0.0,0.0,0.0,0.0,0.0,0.0,0.0
F,4,3,3,67,4,85.023401,0.0,0.0,85.023401,21.25585025,0.0,21.25585025,0.0,0.0,0.0,0.0,0.0,0.0,0.0,0.0,0.0
F,4,3,3,68,4,85.553375,0.0,0.0,85.553375,21.38834375,0.0,21.38834375,0.0,0.0,0.0,0.0,0.0,0.0,0.0,0.0,0.0
F,4,3,3,69,4,92.254503,0.0,0.0,92.254503,23.06362575,0.0,23.06362575,0.0,0.0,0.0,0.0,0.0,0.0,0.0,0.0,0.0
F,4,3,3,70,4,92.06607,0.0,0.0,92.06607,23.0165175,0.0,23.0165175,0.0,0.0,0.0,0.0,0.0,0.0,0.0,0.0,0.0
F,4,3,3,71,4,75.093236,0.0,0.0,75.093236,18.773309,0.0,18.773309,0.0,0.0,0.0,0.0,0.0,0.0,0.0,0.0,0.0
F,4,3,3,72,4,84.740806,0.0,0.0,84.740806,21.1852015,0.0,21.1852015,0.0,0.0,0.0,0.0,0.0,0.0,0.0,0.0,0.0
F,4,3,3,73,4,76.915925,0.0,0.0,76.915925,19.22898125,0.0,19.22898125,0.0,0.0,0.0,0.0,0.0,0.0,0.0,0.0,0.0
F,4,3,3,74,4,85.815728,0.0,0.0,85.815728,21.453932,0.0,21.453932,0.0,0.0,0.0,0.0,0.0,0.0,0.0,0.0,0.0
F,4,3,3,75,4,106.912221,0.0,0.0,106.912221,26.72805525,0.0,26.72805525,0.0,0.0,0.0,0.0,0.0,0.0,0.0,0.0,0.0
F,4,3,3,76,4,97.282088,0.0,0.0,97.282088,24.320522,0.0,24.320522,0.0,0.0,0.0,0.0,0.0,0.0,0.0,0.0,0.0
F,4,3,3,77,4,84.894591,0.0,0.0,84.894591,21.22364775,0.0,21.22364775,0.0,0.0,0.0,0.0,0.0,0.0,0.0,0.0,0.0
F,4,3,3,78,4,86.022723,0.0,0.0,86.022723,21.50568075,0.0,21.50568075,0.0,0.0,0.0,0.0,0.0,0.0,0.0,0.0,0.0
F,4,3,3,79,4,109.719788,0.0,0.0,109.719788,27.429947,0.0,27.429947,0.0,0.0,0.0,0.0,0.0,0.0,0.0,0.0,0.0
F,4,3,3,80,4,92.713938,0.0,0.0,92.713938,23.1784845,0.0,23.1784845,0.0,0.0,0.0,0.0,0.0,0.0,0.0,0.0,0.0
F,4,3,3,81,4,81.592996,0.0,0.0,81.592996,20.398249,0.0,20.398249,0.0,0.0,0.0,0.0,0.0,0.0,0.0,0.0,0.0
F,4,3,3,82,4,66.629104,0.0,0.0,66.629104,16.657276,0.0,16.657276,0.0,0.0,0.0,0.0,0.0,0.0,0.0,0.0,0.0
F,4,3,3,83,4,84.587888,0.0,0.0,84.587888,21.146972,0.0,21.146972,0.0,0.0,0.0,0.0,0.0,0.0,0.0,0.0,0.0
F,4,3,3,84,4,84.519439,0.0,0.0,84.519439,21.12985975,0.0,21.12985975,0.0,0.0,0.0,0.0,0.0,0.0,0.0,0.0,0.0
F,4,3,3,85,4,81.565763,0.0,0.0,81.565763,20.39144075,0.0,20.39144075,0.0,0.0,0.0,0.0,0.0,0.0,0.0,0.0,0.0
F,4,3,3,86,4,76.061054,0.0,0.0,76.061054,19.0152635,0.0,19.0152635,0.0,0.0,0.0,0.0,0.0,0.0,0.0,0.0,0.0
F,4,3,3,87,4,101.458976,0.0,0.0,101.458976,25.364744,0.0,25.364744,0.0,0.0,0.0,0.0,0.0,0.0,0.0,0.0,0.0
F,4,3,3,88,4,87.076679,0.0,0.0,87.076679,21.76916975,0.0,21.76916975,0.0,0.0,0.0,0.0,0.0,0.0,0.0,0.0,0.0
F,4,3,3,89,4,97.265237,0.0,0.0,97.265237,24.31630925,0.0,24.31630925,0.0,0.0,0.0,0.0,0.0,0.0,0.0,0.0,0.0
F,4,3,3,90,4,79.197746,0.0,0.0,79.197746,19.7994365,0.0,19.7994365,0.0,0.0,0.0,0.0,0.0,0.0,0.0,0.0,0.0
F,4,3,3,91,4,95.307241,0.0,0.0,95.307241,23.82681025,0.0,23.82681025,0.0,0.0,0.0,0.0,0.0,0.0,0.0,0.0,0.0
F,4,3,3,92,4,94.592679,0.0,0.0,94.592679,23.64816975,0.0,23.64816975,0.0,0.0,0.0,0.0,0.0,0.0,0.0,0.0,0.0
F,4,3,3,93,4,77.865588,0.0,0.0,77.865588,19.466397,0.0,19.466397,0.0,0.0,0.0,0.0,0.0,0.0,0.0,0.0,0.0
F,4,3,3,94,4,76.501625,0.0,0.0,76.501625,19.12540625,0.0,19.12540625,0.0,0.0,0.0,0.0,0.0,0.0,0.0,0.0,0.0
F,4,3,3,95,4,70.71456,0.0,0.0,70.71456,17.67864,0.0,17.67864,0.0,0.0,0.0,0.0,0.0,0.0,0.0,0.0,0.0
F,4,3,3,96,4,82.525615,0.0,0.0,82.525615,20.63140375,0.0,20.63140375,0.0,0.0,0.0,0.0,0.0,0.0,0.0,0.0,0.0
F,4,3,3,97,4,75.465899,0.0,0.0,75.465899,18.86647475,0.0,18.86647475,0.0,0.0,0.0,0.0,0.0,0.0,0.0,0.0,0.0
F,4,3,3,98,4,88.336565,0.0,0.0,88.336565,22.08414125,0.0,22.08414125,0.0,0.0,0.0,0.0,0.0,0.0,0.0,0.0,0.0
F,4,3,3,99,4,84.667033,0.0,0.0,84.667033,21.16675825,0.0,21.16675825,0.0,0.0,0.0,0.0,0.0,0.0,0.0,0.0,0.0
F,4,3,3,100,4,102.618133,0.0,0.0,102.618133,25.65453325,0.0,25.65453325,0.0,0.0,0.0,0.0,0.0,0.0,0.0,0.0,0.0
F,4,3,3,101,4,83.57597,0.0,0.0,83.57597,20.8939925,0.0,20.8939925,0.0,0.0,0.0,0.0,0.0,0.0,0.0,0.0,0.0
F,4,3,3,102,4,91.769128,0.0,0.0,91.769128,22.942282,0.0,22.942282,0.0,0.0,0.0,0.0,0.0,0.0,0.0,0.0,0.0
F,4,3,3,103,4,87.329421,0.0,0.0,87.329421,21.83235525,0.0,21.83235525,0.0,0.0,0.0,0.0,0.0,0.0,0.0,0.0,0.0
F,4,3,3,104,4,90.296692,0.0,0.0,90.296692,22.574173,0.0,22.574173,0.0,0.0,0.0,0.0,0.0,0.0,0.0,0.0,0.0
F,4,3,3,105,4,80.758063,0.0,0.0,80.758063,20.18951575,0.0,20.18951575,0.0,0.0,0.0,0.0,0.0,0.0,0.0,0.0,0.0
F,4,3,3,106,4,97.777644,0.0,0.0,97.777644,24.444411,0.0,24.444411,0.0,0.0,0.0,0.0,0.0,0.0,0.0,0.0,0.0
F,4,3,3,107,4,99.726158,0.0,0.0,99.726158,24.9315395,0.0,24.9315395,0.0,0.0,0.0,0.0,0.0,0.0,0.0,0.0,0.0
F,4,3,3,108,4,97.981043,0.0,0.0,97.981043,24.49526075,0.0,24.49526075,0.0,0.0,0.0,0.0,0.0,0.0,0.0,0.0,0.0
F,4,3,3,109,4,93.93108,0.0,0.0,93.93108,23.48277,0.0,23.48277,0.0,0.0,0.0,0.0,0.0,0.0,0.0,0.0,0.0
F,4,3,3,110,4,99.729617,0.0,0.0,99.729617,24.93240425,0.0,24.93240425,0.0,0.0,0.0,0.0,0.0,0.0,0.0,0.0,0.0
F,4,3,3,111,4,92.050696,0.0,0.0,92.050696,23.012674,0.0,23.012674,0.0,0.0,0.0,0.0,0.0,0.0,0.0,0.0,0.0
F,4,3,3,112,4,79.803803,0.0,0.0,79.803803,19.95095075,0.0,19.95095075,0.0,0.0,0.0,0.0,0.0,0.0,0.0,0.0,0.0
F,4,3,3,113,4,97.155494,0.0,0.0,97.155494,24.2888735,0.0,24.2888735,0.0,0.0,0.0,0.0,0.0,0.0,0.0,0.0,0.0
F,4,3,3,114,4,92.692945,0.0,0.0,92.692945,23.17323625,0.0,23.17323625,0.0,0.0,0.0,0.0,0.0,0.0,0.0,0.0,0.0
F,4,3,3,115,4,99.236913,0.0,0.0,99.236913,24.80922825,0.0,24.80922825,0.0,0.0,0.0,0.0,0.0,0.0,0.0,0.0,0.0
F,4,3,3,116,4,87.342696,0.0,0.0,87.342696,21.835674,0.0,21.835674,0.0,0.0,0.0,0.0,0.0,0.0,0.0,0.0,0.0
F,4,3,3,117,4,91.523088,0.0,0.0,91.523088,22.880772,0.0,22.880772,0.0,0.0,0.0,0.0,0.0,0.0,0.0,0.0,0.0
F,4,3,3,118,4,102.553226,0.0,0.0,102.553226,25.6383065,0.0,25.6383065,0.0,0.0,0.0,0.0,0.0,0.0,0.0,0.0,0.0
F,4,3,3,119,4,98.350068,0.0,0.0,98.350068,24.587517,0.0,24.587517,0.0,0.0,0.0,0.0,0.0,0.0,0.0,0.0,0.0
F,16,3,4,0,4,206.593413,0.0,0.0,206.593413,51.64835325,0.0,51.64835325,0.0,0.0,0.0,0.0,0.0,0.0,0.0,0.0,0.0
F,16,3,4,1,4,233.373295,0.0,0.0,233.373295,58.34332375,0.0,58.34332375,0.0,0.0,0.0,0.0,0.0,0.0,0.0,0.0,0.0
F,16,3,4,2,4,241.141868,0.0,0.0,241.141868,60.285467,0.0,60.285467,0.0,0.0,0.0,0.0,0.0,0.0,0.0,0.0,0.0
F,16,3,4,3,4,134.991297,0.0,0.0,134.991297,33.74782425,0.0,33.74782425,0.0,0.0,0.0,0.0,0.0,0.0,0.0,0.0,0.0
F,16,3,4,4,4,133.831395,0.0,0.0,133.831395,33.45784875,0.0,33.45784875,0.0,0.0,0.0,0.0,0.0,0.0,0.0,0.0,0.0
F,16,3,4,5,4,129.83925,0.0,0.0,129.83925,32.4598125,0.0,32.4598125,0.0,0.0,0.0,0.0,0.0,0.0,0.0,0.0,0.0
F,16,3,4,6,4,128.373315,0.0,0.0,128.373315,32.09332875,0.0,32.09332875,0.0,0.0,0.0,0.0,0.0,0.0,0.0,0.0,0.0
F,16,3,4,7,4,134.179066,0.0,0.0,134.179066,33.5447665,0.0,33.5447665,0.0,0.0,0.0,0.0,0.0,0.0,0.0,0.0,0.0
F,16,3,4,8,4,149.298557,0.0,0.0,149.298557,37.32463925,0.0,37.32463925,0.0,0.0,0.0,0.0,0.0,0.0,0.0,0.0,0.0
F,16,3,4,9,4,140.423357,0.0,0.0,140.423357,35.10583925,0.0,35.10583925,0.0,0.0,0.0,0.0,0.0,0.0,0.0,0.0,0.0
F,16,3,4,10,4,196.520897,0.0,0.0,196.520897,49.13022425,0.0,49.13022425,0.0,0.0,0.0,0.0,0.0,0.0,0.0,0.0,0.0
F,16,3,4,11,4,141.350698,0.0,0.0,141.350698,35.3376745,0.0,35.3376745,0.0,0.0,0.0,0.0,0.0,0.0,0.0,0.0,0.0
F,16,3,4,12,4,176.207126,0.0,0.0,176.207126,44.0517815,0.0,44.0517815,0.0,0.0,0.0,0.0,0.0,0.0,0.0,0.0,0.0
F,16,3,4,13,4,243.21332,0.0,0.0,243.21332,60.80333,0.0,60.80333,0.0,0.0,0.0,0.0,0.0,0.0,0.0,0.0,0.0
F,16,3,4,14,4,281.943558,0.0,0.0,281.943558,70.4858895,0.0,70.4858895,0.0,0.0,0.0,0.0,0.0,0.0,0.0,0.0,0.0
F,16,3,4,15,4,261.585557,0.0,0.0,261.585557,65.39638925,0.0,65.39638925,0.0,0.0,0.0,0.0,0.0,0.0,0.0,0.0,0.0
F,16,3,4,16,4,136.673498,0.0,0.0,136.673498,34.1683745,0.0,34.1683745,0.0,0.0,0.0,0.0,0.0,0.0,0.0,0.0,0.0
F,16,3,4,17,4,182.547979,0.0,0.0,182.547979,45.63699475,0.0,45.63699475,0.0,0.0,0.0,0.0,0.0,0.0,0.0,0.0,0.0
F,16,3,4,18,4,129.388915,0.0,0.0,129.388915,32.34722875,0.0,32.34722875,0.0,0.0,0.0,0.0,0.0,0.0,0.0,0.0,0.0
F,16,3,4,19,4,234.825889,0.0,0.0,234.825889,58.70647225,0.0,58.70647225,0.0,0.0,0.0,0.0,0.0,0.0,0.0,0.0,0.0
F,16,3,4,20,4,253.91849,0.0,0.0,253.91849,63.4796225,0.0,63.4796225,0.0,0.0,0.0,0.0,0.0,0.0,0.0,0.0,0.0
F,16,3,4,21,4,217.345221,0.0,0.0,217.345221,54.33630525,0.0,54.33630525,0.0,0.0,0.0,0.0,0.0,0.0,0.0,0.0,0.0
F,16,3,4,22,4,134.760042,0.0,0.0,134.760042,33.6900105,0.0,33.6900105,0.0,0.0,0.0,0.0,0.0,0.0,0.0,0.0,0.0
F,16,3,4,23,4,131.871245,0.0,0.0,131.871245,32.96781125,0.0,32.96781125,0.0,0.0,0.0,0.0,0.0,0.0,0.0,0.0,0.0
F,16,3,4,24,4,169.96026,0.0,0.0,169.96026,42.490065,0.0,42.490065,0.0,0.0,0.0,0.0,0.0,0.0,0.0,0.0,0.0
F,16,3,4,25,4,217.548368,0.0,0.0,217.548368,54.387092,0.0,54.387092,0.0,0.0,0.0,0.0,0.0,0.0,0.0,0.0,0.0
F,16,3,4,26,4,129.258819,0.0,0.0,129.258819,32.31470475,0.0,32.31470475,0.0,0.0,0.0,0.0,0.0,0.0,0.0,0.0,0.0
F,16,3,4,27,4,257.696361,0.0,0.0,257.696361,64.42409025,0.0,64.42409025,0.0,0.0,0.0,0.0,0.0,0.0,0.0,0.0,0.0
F,16,3,4,28,4,259.807383,0.0,0.0,259.807383,64.95184575,0.0,64.95184575,0.0,0.0,0.0,0.0,0.0,0.0,0.0,0.0,0.0
F,16,3,4,29,4,279.698533,0.0,0.0,279.698533,69.92463325,0.0,69.92463325,0.0,0.0,0.0,0.0,0.0,0.0,0.0,0.0,0.0
F,16,3,4,30,4,179.082117,0.0,0.0,179.082117,44.77052925,0.0,44.77052925,0.0,0.0,0.0,0.0,0.0,0.0,0.0,0.0,0.0
F,16,3,4,31,4,274.147197,0.0,0.0,274.147197,68.53679925,0.0,68.53679925,0.0,0.0,0.0,0.0,0.0,0.0,0.0,0.0,0.0
F,16,3,4,32,4,230.938544,0.0,0.0,230.938544,57.734636,0.0,57.734636,0.0,0.0,0.0,0.0,0.0,0.0,0.0,0.0,0.0
F,16,3,4,33,4,130.356128,0.0,0.0,130.356128,32.589032,0.0,32.589032,0.0,0.0,0.0,0.0,0.0,0.0,0.0,0.0,0.0
F,16,3,4,34,4,218.115211,0.0,0.0,218.115211,54.52880275,0.0,54.52880275,0.0,0.0,0.0,0.0,0.0,0.0,0.0,0.0,0.0
F,16,3,4,35,4,259.316292,0.0,0.0,259.316292,64.829073,0.0,64.829073,0.0,0.0,0.0,0.0,0.0,0.0,0.0,0.0,0.0
F,16,3,4,36,4,193.998958,0.0,0.0,193.998958,48.4997395,0.0,48.4997395,0.0,0.0,0.0,0.0,0.0,0.0,0.0,0.0,0.0
F,16,3,4,37,4,133.701396,0.0,0.0,133.701396,33.425349,0.0,33.425349,0.0,0.0,0.0,0.0,0.0,0.0,0.0,0.0,0.0
F,16,3,4,38,4,250.884157,0.0,0.0,250.884157,62.72103925,0.0,62.72103925,0.0,0.0,0.0,0.0,0.0,0.0,0.0,0.0,0.0
F,16,3,4,39,4,242.821884,0.0,0.0,242.821884,60.705471,0.0,60.705471,0.0,0.0,0.0,0.0,0.0,0.0,0.0,0.0,0.0
F,16,3,4,40,4,303.072508,0.0,0.0,303.072508,75.768127,0.0,75.768127,0.0,0.0,0.0,0.0,0.0,0.0,0.0,0.0,0.0
F,16,3,4,41,4,222.923054,0.0,0.0,222.923054,55.7307635,0.0,55.7307635,0.0,0.0,0.0,0.0,0.0,0.0,0.0,0.0,0.0
F,16,3,4,42,4,255.67534,0.0,0.0,255.67534,63.918835,0.0,63.918835,0.0,0.0,0.0,0.0,0.0,0.0,0.0,0.0,0.0
F,16,3,4,43,4,163.066518,0.0,0.0,163.066518,40.7666295,0.0,40.7666295,0.0,0.0,0.0,0.0,0.0,0.0,0.0,0.0,0.0
F,16,3,4,44,4,139.773946,0.0,0.0,139.773946,34.9434865,0.0,34.9434865,0.0,0.0,0.0,0.0,0.0,0.0,0.0,0.0,0.0
F,16,3,4,45,4,163.809293,0.0,0.0,163.809293,40.95232325,0.0,40.95232325,0.0,0.0,0.0,0.0,0.0,0.0,0.0,0.0,0.0
F,16,3,4,46,4,129.408312,0.0,0.0,129.408312,32.352078,0.0,32.352078,0.0,0.0,0.0,0.0,0.0,0.0,0.0,0.0,0.0
F,16,3,4,47,4,126.923443,0.0,0.0,126.923443,31.73086075,0.0,31.73086075,0.0,0.0,0.0,0.0,0.0,0.0,0.0,0.0,0.0
F,16,3,4,48,4,236.440978,0.0,0.0,236.440978,59.1102445,0.0,59.1102445,0.0,0.0,0.0,0.0,0.0,0.0,0.0,0.0,0.0
F,16,3,4,49,4,253.337657,0.0,0.0,253.337657,63.33441425,0.0,63.33441425,0.0,0.0,0.0,0.0,0.0,0.0,0.0,0.0,0.0
F,16,3,4,50,4,228.423956,0.0,0.0,228.423956,57.105989,0.0,57.105989,0.0,0.0,0.0,0.0,0.0,0.0,0.0,0.0,0.0
F,16,3,4,51,4,132.085955,0.0,0.0,132.085955,33.02148875,0.0,33.02148875,0.0,0.0,0.0,0.0,0.0,0.0,0.0,0.0,0.0
F,16,3,4,52,4,174.748684,0.0,0.0,174.748684,43.687171,0.0,43.687171,0.0,0.0,0.0,0.0,0.0,0.0,0.0,0.0,0.0
F,16,3,4,53,4,127.527142,0.0,0.0,127.527142,31.8817855,0.0,31.8817855,0.0,0.0,0.0,0.0,0.0,0.0,0.0,0.0,0.0
F,16,3,4,54,4,146.434421,0.0,0.0,146.434421,36.60860525,0.0,36.60860525,0.0,0.0,0.0,0.0,0.0,0.0,0.0,0.0,0.0
F,16,3,4,55,4,175.769965,0.0,0.0,175.769965,43.94249125,0.0,43.94249125,0.0,0.0,0.0,0.0,0.0,0.0,0.0,0.0,0.0
F,16,3,4,56,4,164.459739,0.0,0.0,164.459739,41.11493475,0.0,41.11493475,0.0,0.0,0.0,0.0,0.0,0.0,0.0,0.0,0.0
F,16,3,4,57,4,228.590907,0.0,0.0,228.590907,57.14772675,0.0,57.14772675,0.0,0.0,0.0,0.0,0.0,0.0,0.0,0.0,0.0
F,16,3,4,58,4,257.70475,0.0,0.0,257.70475,64.4261875,0.0,64.4261875,0.0,0.0,0.0,0.0,0.0,0.0,0.0,0.0,0.0
F,16,3,4,59,4,139.051714,0.0,0.0,139.051714,34.7629285,0.0,34.7629285,0.0,0.0,0.0,0.0,0.0,0.0,0.0,0.0,0.0
F,16,3,4,60,4,246.002071,0.0,0.0,246.002071,61.50051775,0.0,61.50051775,0.0,0.0,0.0,0.0,0.0,0.0,0.0,0.0,0.0
F,16,3,4,61,4,234.689245,0.0,0.0,234.689245,58.67231125,0.0,58.67231125,0.0,0.0,0.0,0.0,0.0,0.0,0.0,0.0,0.0
F,16,3,4,62,4,205.59837,0.0,0.0,205.59837,51.3995925,0.0,51.3995925,0.0,0.0,0.0,0.0,0.0,0.0,0.0,0.0,0.0
F,16,3,4,63,4,230.438898,0.0,0.0,230.438898,57.6097245,0.0,57.6097245,0.0,0.0,0.0,0.0,0.0,0.0,0.0,0.0,0.0
F,16,3,4,64,4,278.061531,0.0,0.0,278.061531,69.51538275,0.0,69.51538275,0.0,0.0,0.0,0.0,0.0,0.0,0.0,0.0,0.0
F,16,3,4,65,4,207.543251,0.0,0.0,207.543251,51.88581275,0.0,51.88581275,0.0,0.0,0.0,0.0,0.0,0.0,0.0,0.0,0.0
F,16,3,4,66,4,222.75759,0.0,0.0,222.75759,55.6893975,0.0,55.6893975,0.0,0.0,0.0,0.0,0.0,0.0,0.0,0.0,0.0
F,16,3,4,67,4,242.880719,0.0,0.0,242.880719,60.72017975,0.0,60.72017975,0.0,0.0,0.0,0.0,0.0,0.0,0.0,0.0,0.0
F,16,3,4,68,4,254.060021,0.0,0.0,254.060021,63.51500525,0.0,63.51500525,0.0,0.0,0.0,0.0,0.0,0.0,0.0,0.0,0.0
F,16,3,4,69,4,253.851346,0.0,0.0,253.851346,63.4628365,0.0,63.4628365,0.0,0.0,0.0,0.0,0.0,0.0,0.0,0.0,0.0
F,16,3,4,70,4,195.269295,0.0,0.0,195.269295,48.81732375,0.0,48.81732375,0.0,0.0,0.0,0.0,0.0,0.0,0.0,0.0,0.0
F,16,3,4,71,4,162.020872,0.0,0.0,162.020872,40.505218,0.0,40.505218,0.0,0.0,0.0,0.0,0.0,0.0,0.0,0.0,0.0
F,16,3,4,72,4,140.253124,0.0,0.0,140.253124,35.063281,0.0,35.063281,0.0,0.0,0.0,0.0,0.0,0.0,0.0,0.0,0.0
F,16,3,4,73,4,134.15225,0.0,0.0,134.15225,33.5380625,0.0,33.5380625,0.0,0.0,0.0,0.0,0.0,0.0,0.0,0.0,0.0
F,16,3,4,74,4,128.128196,0.0,0.0,128.128196,32.032049,0.0,32.032049,0.0,0.0,0.0,0.0,0.0,0.0,0.0,0.0,0.0
F,16,3,4,75,4,150.174716,0.0,0.0,150.174716,37.543679,0.0,37.543679,0.0,0.0,0.0,0.0,0.0,0.0,0.0,0.0,0.0
F,16,3,4,76,4,148.828052,0.0,0.0,148.828052,37.207013,0.0,37.207013,0.0,0.0,0.0,0.0,0.0,0.0,0.0,0.0,0.0
F,16,3,4,77,4,164.978798,0.0,0.0,164.978798,41.2446995,0.0,41.2446995,0.0,0.0,0.0,0.0,0.0,0.0,0.0,0.0,0.0
F,16,3,4,78,4,154.048044,0.0,0.0,154.048044,38.512011,0.0,38.512011,0.0,0.0,0.0,0.0,0.0,0.0,0.0,0.0,0.0
F,16,3,4,79,4,129.800325,0.0,0.0,129.800325,32.45008125,0.0,32.45008125,0.0,0.0,0.0,0.0,0.0,0.0,0.0,0.0,0.0
F,16,3,4,80,4,136.711589,0.0,0.0,136.711589,34.17789725,0.0,34.17789725,0.0,0.0,0.0,0.0,0.0,0.0,0.0,0.0,0.0
F,16,3,4,81,4,128.488997,0.0,0.0,128.488997,32.12224925,0.0,32.12224925,0.0,0.0,0.0,0.0,0.0,0.0,0.0,0.0,0.0
F,16,3,4,82,4,152.020634,0.0,0.0,152.020634,38.0051585,0.0,38.0051585,0.0,0.0,0.0,0.0,0.0,0.0,0.0,0.0,0.0
F,16,3,4,83,4,154.367814,0.0,0.0,154.367814,38.5919535,0.0,38.5919535,0.0,0.0,0.0,0.0,0.0,0.0,0.0,0.0,0.0
F,16,3,4,84,4,170.51825,0.0,0.0,170.51825,42.6295625,0.0,42.6295625,0.0,0.0,0.0,0.0,0.0,0.0,0.0,0.0,0.0
F,16,3,4,85,4,160.815849,0.0,0.0,160.815849,40.20396225,0.0,40.20396225,0.0,0.0,0.0,0.0,0.0,0.0,0.0,0.0,0.0
F,16,3,4,86,4,180.565826,0.0,0.0,180.565826,45.1414565,0.0,45.1414565,0.0,0.0,0.0,0.0,0.0,0.0,0.0,0.0,0.0
F,16,3,4,87,4,131.948038,0.0,0.0,131.948038,32.9870095,0.0,32.9870095,0.0,0.0,0.0,0.0,0.0,0.0,0.0,0.0,0.0
F,16,3,4,88,4,164.245954,0.0,0.0,164.245954,41.0614885,0.0,41.0614885,0.0,0.0,0.0,0.0,0.0,0.0,0.0,0.0,0.0
F,16,3,4,89,4,163.490415,0.0,0.0,163.490415,40.87260375,0.0,40.87260375,0.0,0.0,0.0,0.0,0.0,0.0,0.0,0.0,0.0
F,16,3,4,90,4,179.236905,0.0,0.0,179.236905,44.80922625,0.0,44.80922625,0.0,0.0,0.0,0.0,0.0,0.0,0.0,0.0,0.0
F,16,3,4,91,4,155.476396,0.0,0.0,155.476396,38.869099,0.0,38.869099,0.0,0.0,0.0,0.0,0.0,0.0,0.0,0.0,0.0
F,16,3,4,92,4,136.566316,0.0,0.0,136.566316,34.141579,0.0,34.141579,0.0,0.0,0.0,0.0,0.0,0.0,0.0,0.0,0.0
F,16,3,4,93,4,136.503662,0.0,0.0,136.503662,34.1259155,0.0,34.1259155,0.0,0.0,0.0,0.0,0.0,0.0,0.0,0.0,0.0
F,16,3,4,94,4,132.935192,0.0,0.0,132.935192,33.233798,0.0,33.233798,0.0,0.0,0.0,0.0,0.0,0.0,0.0,0.0,0.0
F,16,3,4,95,4,138.971524,0.0,0.0,138.971524,34.742881,0.0,34.742881,0.0,0.0,0.0,0.0,0.0,0.0,0.0,0.0,0.0
F,16,3,4,96,4,137.972675,0.0,0.0,137.972675,34.49316875,0.0,34.49316875,0.0,0.0,0.0,0.0,0.0,0.0,0.0,0.0,0.0
F,16,3,4,97,4,187.617602,0.0,0.0,187.617602,46.9044005,0.0,46.9044005,0.0,0.0,0.0,0.0,0.0,0.0,0.0,0.0,0.0
F,16,3,4,98,4,147.761288,0.0,0.0,147.761288,36.940322,0.0,36.940322,0.0,0.0,0.0,0.0,0.0,0.0,0.0,0.0,0.0
F,16,3,4,99,4,126.293482,0.0,0.0,126.293482,31.5733705,0.0,31.5733705,0.0,0.0,0.0,0.0,0.0,0.0,0.0,0.0,0.0
F,16,3,4,100,4,166.56096,0.0,0.0,166.56096,41.64024,0.0,41.64024,0.0,0.0,0.0,0.0,0.0,0.0,0.0,0.0,0.0
F,16,3,4,101,4,174.80298,0.0,0.0,174.80298,43.700745,0.0,43.700745,0.0,0.0,0.0,0.0,0.0,0.0,0.0,0.0,0.0
F,16,3,4,102,4,158.112254,0.0,0.0,158.112254,39.5280635,0.0,39.5280635,0.0,0.0,0.0,0.0,0.0,0.0,0.0,0.0,0.0
F,16,3,4,103,4,175.796055,0.0,0.0,175.796055,43.94901375,0.0,43.94901375,0.0,0.0,0.0,0.0,0.0,0.0,0.0,0.0,0.0
F,16,3,4,104,4,166.071272,0.0,0.0,166.071272,41.517818,0.0,41.517818,0.0,0.0,0.0,0.0,0.0,0.0,0.0,0.0,0.0
F,16,3,4,105,4,128.657434,0.0,0.0,128.657434,32.1643585,0.0,32.1643585,0.0,0.0,0.0,0.0,0.0,0.0,0.0,0.0,0.0
F,16,3,4,106,4,130.779171,0.0,0.0,130.779171,32.69479275,0.0,32.69479275,0.0,0.0,0.0,0.0,0.0,0.0,0.0,0.0,0.0
F,16,3,4,107,4,186.722774,0.0,0.0,186.722774,46.6806935,0.0,46.6806935,0.0,0.0,0.0,0.0,0.0,0.0,0.0,0.0,0.0
F,16,3,4,108,4,162.754573,0.0,0.0,162.754573,40.68864325,0.0,40.68864325,0.0,0.0,0.0,0.0,0.0,0.0,0.0,0.0,0.0
F,16,3,4,109,4,156.674607,0.0,0.0,156.674607,39.16865175,0.0,39.16865175,0.0,0.0,0.0,0.0,0.0,0.0,0.0,0.0,0.0
F,16,3,4,110,4,150.179612,0.0,0.0,150.179612,37.544903,0.0,37.544903,0.0,0.0,0.0,0.0,0.0,0.0,0.0,0.0,0.0
F,16,3,4,111,4,136.119814,0.0,0.0,136.119814,34.0299535,0.0,34.0299535,0.0,0.0,0.0,0.0,0.0,0.0,0.0,0.0,0.0
F,16,3,4,112,4,135.782169,0.0,0.0,135.782169,33.94554225,0.0,33.94554225,0.0,0.0,0.0,0.0,0.0,0.0,0.0,0.0,0.0
F,16,3,4,113,4,135.224049,0.0,0.0,135.224049,33.80601225,0.0,33.80601225,0.0,0.0,0.0,0.0,0.0,0.0,0.0,0.0,0.0
F,16,3,4,114,4,150.14271,0.0,0.0,150.14271,37.5356775,0.0,37.5356775,0.0,0.0,0.0,0.0,0.0,0.0,0.0,0.0,0.0
F,16,3,4,115,4,193.919131,0.0,0.0,193.919131,48.47978275,0.0,48.47978275,0.0,0.0,0.0,0.0,0.0,0.0,0.0,0.0,0.0
F,16,3,4,116,4,168.518472,0.0,0.0,168.518472,42.129618,0.0,42.129618,0.0,0.0,0.0,0.0,0.0,0.0,0.0,0.0,0.0
F,16,3,4,117,4,159.622973,0.0,0.0,159.622973,39.90574325,0.0,39.90574325,0.0,0.0,0.0,0.0,0.0,0.0,0.0,0.0,0.0
F,16,3,4,118,4,129.569277,0.0,0.0,129.569277,32.39231925,0.0,32.39231925,0.0,0.0,0.0,0.0,0.0,0.0,0.0,0.0,0.0
F,16,3,4,119,4,133.439786,0.0,0.0,133.439786,33.3599465,0.0,33.3599465,0.0,0.0,0.0,0.0,0.0,0.0,0.0,0.0,0.0
F,64,3,5,0,4,579.164494,0.0,0.0,579.164494,144.7911235,0.0,144.7911235,0.0,0.0,0.0,0.0,0.0,0.0,0.0,0.0,0.0
F,64,3,5,1,4,642.732166,0.0,0.0,642.732166,160.6830415,0.0,160.6830415,0.0,0.0,0.0,0.0,0.0,0.0,0.0,0.0,0.0
F,64,3,5,2,4,542.406336,0.0,0.0,542.406336,135.601584,0.0,135.601584,0.0,0.0,0.0,0.0,0.0,0.0,0.0,0.0,0.0
F,64,3,5,3,4,489.566036,0.0,0.0,489.566036,122.391509,0.0,122.391509,0.0,0.0,0.0,0.0,0.0,0.0,0.0,0.0,0.0
F,64,3,5,4,4,560.725245,0.0,0.0,560.725245,140.18131125,0.0,140.18131125,0.0,0.0,0.0,0.0,0.0,0.0,0.0,0.0,0.0
F,64,3,5,5,4,413.063102,0.0,0.0,413.063102,103.2657755,0.0,103.2657755,0.0,0.0,0.0,0.0,0.0,0.0,0.0,0.0,0.0
F,64,3,5,6,4,673.813935,0.0,0.0,673.813935,168.45348375,0.0,168.45348375,0.0,0.0,0.0,0.0,0.0,0.0,0.0,0.0,0.0
F,64,3,5,7,4,573.676868,0.0,0.0,573.676868,143.419217,0.0,143.419217,0.0,0.0,0.0,0.0,0.0,0.0,0.0,0.0,0.0
F,64,3,5,8,4,481.116147,0.0,0.0,481.116147,120.27903675,0.0,120.27903675,0.0,0.0,0.0,0.0,0.0,0.0,0.0,0.0,0.0
F,64,3,5,9,4,516.511744,0.0,0.0,516.511744,129.127936,0.0,129.127936,0.0,0.0,0.0,0.0,0.0,0.0,0.0,0.0,0.0
F,64,3,5,10,4,434.710867,0.0,0.0,434.710867,108.67771675,0.0,108.67771675,0.0,0.0,0.0,0.0,0.0,0.0,0.0,0.0,0.0
F,64,3,5,11,4,707.872521,0.0,0.0,707.872521,176.96813025,0.0,176.96813025,0.0,0.0,0.0,0.0,0.0,0.0,0.0,0.0,0.0
F,64,3,5,12,4,701.776203,0.0,0.0,701.776203,175.44405075,0.0,175.44405075,0.0,0.0,0.0,0.0,0.0,0.0,0.0,0.0,0.0
F,64,3,5,13,4,543.234571,0.0,0.0,543.234571,135.80864275,0.0,135.80864275,0.0,0.0,0.0,0.0,0.0,0.0,0.0,0.0,0.0
F,64,3,5,14,4,448.677419,0.0,0.0,448.677419,112.16935475,0.0,112.16935475,0.0,0.0,0.0,0.0,0.0,0.0,0.0,0.0,0.0
F,64,3,5,15,4,491.289367,0.0,0.0,491.289367,122.82234175,0.0,122.82234175,0.0,0.0,0.0,0.0,0.0,0.0,0.0,0.0,0.0
F,64,3,5,16,4,674.358364,0.0,0.0,674.358364,168.589591,0.0,168.589591,0.0,0.0,0.0,0.0,0.0,0.0,0.0,0.0,0.0
F,64,3,5,17,4,403.538867,0.0,0.0,403.538867,100.88471675,0.0,100.88471675,0.0,0.0,0.0,0.0,0.0,0.0,0.0,0.0,0.0
F,64,3,5,18,4,495.730051,0.0,0.0,495.730051,123.93251275,0.0,123.93251275,0.0,0.0,0.0,0.0,0.0,0.0,0.0,0.0,0.0
F,64,3,5,19,4,506.079096,0.0,0.0,506.079096,126.519774,0.0,126.519774,0.0,0.0,0.0,0.0,0.0,0.0,0.0,0.0,0.0
F,64,3,5,20,4,964.216636,0.0,0.0,964.216636,241.054159,0.0,241.054159,0.0,0.0,0.0,0.0,0.0,0.0,0.0,0.0,0.0
F,64,3,5,21,4,567.048507,0.0,0.0,567.048507,141.76212675,0.0,141.76212675,0.0,0.0,0.0,0.0,0.0,0.0,0.0,0.0,0.0
F,64,3,5,22,4,523.620873,0.0,0.0,523.620873,130.90521825,0.0,130.90521825,0.0,0.0,0.0,0.0,0.0,0.0,0.0,0.0,0.0
F,64,3,5,23,4,783.123201,0.0,0.0,783.123201,195.78080025,0.0,195.78080025,0.0,0.0,0.0,0.0,0.0,0.0,0.0,0.0,0.0
F,64,3,5,24,4,649.653629,0.0,0.0,649.653629,162.41340725,0.0,162.41340725,0.0,0.0,0.0,0.0,0.0,0.0,0.0,0.0,0.0
F,64,3,5,25,4,557.202369,0.0,0.0,557.202369,139.30059225,0.0,139.30059225,0.0,0.0,0.0,0.0,0.0,0.0,0.0,0.0,0.0
F,64,3,5,26,4,476.460096,0.0,0.0,476.460096,119.115024,0.0,119.115024,0.0,0.0,0.0,0.0,0.0,0.0,0.0,0.0,0.0
F,64,3,5,27,4,430.580553,0.0,0.0,430.580553,107.64513825,0.0,107.64513825,0.0,0.0,0.0,0.0,0.0,0.0,0.0,0.0,0.0
F,64,3,5,28,4,408.454492,0.0,0.0,408.454492,102.113623,0.0,102.113623,0.0,0.0,0.0,0.0,0.0,0.0,0.0,0.0,0.0
F,64,3,5,29,4,419.970698,0.0,0.0,419.970698,104.9926745,0.0,104.9926745,0.0,0.0,0.0,0.0,0.0,0.0,0.0,0.0,0.0
F,64,3,5,30,4,509.094206,0.0,0.0,509.094206,127.2735515,0.0,127.2735515,0.0,0.0,0.0,0.0,0.0,0.0,0.0,0.0,0.0
F,64,3,5,31,4,687.068685,0.0,0.0,687.068685,171.76717125,0.0,171.76717125,0.0,0.0,0.0,0.0,0.0,0.0,0.0,0.0,0.0
F,64,3,5,32,4,806.58502,0.0,0.0,806.58502,201.646255,0.0,201.646255,0.0,0.0,0.0,0.0,0.0,0.0,0.0,0.0,0.0
F,64,3,5,33,4,802.764018,0.0,0.0,802.764018,200.6910045,0.0,200.6910045,0.0,0.0,0.0,0.0,0.0,0.0,0.0,0.0,0.0
F,64,3,5,34,4,429.151193,0.0,0.0,429.151193,107.28779825,0.0,107.28779825,0.0,0.0,0.0,0.0,0.0,0.0,0.0,0.0,0.0
F,64,3,5,35,4,406.006791,0.0,0.0,406.006791,101.50169775,0.0,101.50169775,0.0,0.0,0.0,0.0,0.0,0.0,0.0,0.0,0.0
F,64,3,5,36,4,513.770253,0.0,0.0,513.770253,128.44256325,0.0,128.44256325,0.0,0.0,0.0,0.0,0.0,0.0,0.0,0.0,0.0
F,64,3,5,37,4,452.110839,0.0,0.0,452.110839,113.02770975,0.0,113.02770975,0.0,0.0,0.0,0.0,0.0,0.0,0.0,0.0,0.0
F,64,3,5,38,4,775.123082,0.0,0.0,775.123082,193.7807705,0.0,193.7807705,0.0,0.0,0.0,0.0,0.0,0.0,0.0,0.0,0.0
F,64,3,5,39,4,817.704805,0.0,0.0,817.704805,204.42620125,0.0,204.42620125,0.0,0.0,0.0,0.0,0.0,0.0,0.0,0.0,0.0
F,64,3,5,40,4,818.563567,0.0,0.0,818.563567,204.64089175,0.0,204.64089175,0.0,0.0,0.0,0.0,0.0,0.0,0.0,0.0,0.0
F,64,3,5,41,4,635.214293,0.0,0.0,635.214293,158.80357325,0.0,158.80357325,0.0,0.0,0.0,0.0,0.0,0.0,0.0,0.0,0.0
F,64,3,5,42,4,541.124382,0.0,0.0,541.124382,135.2810955,0.0,135.2810955,0.0,0.0,0.0,0.0,0.0,0.0,0.0,0.0,0.0
F,64,3,5,43,4,505.225714,0.0,0.0,505.225714,126.3064285,0.0,126.3064285,0.0,0.0,0.0,0.0,0.0,0.0,0.0,0.0,0.0
F,64,3,5,44,4,405.671329,0.0,0.0,405.671329,101.41783225,0.0,101.41783225,0.0,0.0,0.0,0.0,0.0,0.0,0.0,0.0,0.0
F,64,3,5,45,4,418.268599,0.0,0.0,418.268599,104.56714975,0.0,104.56714975,0.0,0.0,0.0,0.0,0.0,0.0,0.0,0.0,0.0
F,64,3,5,46,4,633.986585,0.0,0.0,633.986585,158.49664625,0.0,158.49664625,0.0,0.0,0.0,0.0,0.0,0.0,0.0,0.0,0.0
F,64,3,5,47,4,865.766092,0.0,0.0,865.766092,216.441523,0.0,216.441523,0.0,0.0,0.0,0.0,0.0,0.0,0.0,0.0,0.0
F,64,3,5,48,4,555.680688,0.0,0.0,555.680688,138.920172,0.0,138.920172,0.0,0.0,0.0,0.0,0.0,0.0,0.0,0.0,0.0
F,64,3,5,49,4,597.629807,0.0,0.0,597.629807,149.40745175,0.0,149.40745175,0.0,0.0,0.0,0.0,0.0,0.0,0.0,0.0,0.0
F,64,3,5,50,4,518.478713,0.0,0.0,518.478713,129.61967825,0.0,129.61967825,0.0,0.0,0.0,0.0,0.0,0.0,0.0,0.0,0.0
F,64,3,5,51,4,482.811001,0.0,0.0,482.811001,120.70275025,0.0,120.70275025,0.0,0.0,0.0,0.0,0.0,0.0,0.0,0.0,0.0
F,64,3,5,52,4,760.266169,0.0,0.0,760.266169,190.06654225,0.0,190.06654225,0.0,0.0,0.0,0.0,0.0,0.0,0.0,0.0,0.0
F,64,3,5,53,4,810.660669,0.0,0.0,810.660669,202.66516725,0.0,202.66516725,0.0,0.0,0.0,0.0,0.0,0.0,0.0,0.0,0.0
F,64,3,5,54,4,407.502861,0.0,0.0,407.502861,101.87571525,0.0,101.87571525,0.0,0.0,0.0,0.0,0.0,0.0,0.0,0.0,0.0
F,64,3,5,55,4,408.150492,0.0,0.0,408.150492,102.037623,0.0,102.037623,0.0,0.0,0.0,0.0,0.0,0.0,0.0,0.0,0.0
F,64,3,5,56,4,485.164208,0.0,0.0,485.164208,121.291052,0.0,121.291052,0.0,0.0,0.0,0.0,0.0,0.0,0.0,0.0,0.0
F,64,3,5,57,4,404.042612,0.0,0.0,404.042612,101.010653,0.0,101.010653,0.0,0.0,0.0,0.0,0.0,0.0,0.0,0.0,0.0
F,64,3,5,58,4,472.834248,0.0,0.0,472.834248,118.208562,0.0,118.208562,0.0,0.0,0.0,0.0,0.0,0.0,0.0,0.0,0.0
F,64,3,5,59,4,459.340664,0.0,0.0,459.340664,114.835166,0.0,114.835166,0.0,0.0,0.0,0.0,0.0,0.0,0.0,0.0,0.0
F,64,3,5,60,4,777.922807,0.0,0.0,777.922807,194.48070175,0.0,194.48070175,0.0,0.0,0.0,0.0,0.0,0.0,0.0,0.0,0.0
F,64,3,5,61,4,459.900952,0.0,0.0,459.900952,114.975238,0.0,114.975238,0.0,0.0,0.0,0.0,0.0,0.0,0.0,0.0,0.0
F,64,3,5,62,4,413.034434,0.0,0.0,413.034434,103.2586085,0.0,103.2586085,0.0,0.0,0.0,0.0,0.0,0.0,0.0,0.0,0.0
F,64,3,5,63,4,405.679143,0.0,0.0,405.679143,101.41978575,0.0,101.41978575,0.0,0.0,0.0,0.0,0.0,0.0,0.0,0.0,0.0
F,64,3,5,64,4,406.743913,0.0,0.0,406.743913,101.68597825,0.0,101.68597825,0.0,0.0,0.0,0.0,0.0,0.0,0.0,0.0,0.0
F,64,3,5,65,4,408.488197,0.0,0.0,408.488197,102.12204925,0.0,102.12204925,0.0,0.0,0.0,0.0,0.0,0.0,0.0,0.0,0.0
F,64,3,5,66,4,472.683014,0.0,0.0,472.683014,118.1707535,0.0,118.1707535,0.0,0.0,0.0,0.0,0.0,0.0,0.0,0.0,0.0
F,64,3,5,67,4,517.60979,0.0,0.0,517.60979,129.4024475,0.0,129.4024475,0.0,0.0,0.0,0.0,0.0,0.0,0.0,0.0,0.0
F,64,3,5,68,4,407.31789,0.0,0.0,407.31789,101.8294725,0.0,101.8294725,0.0,0.0,0.0,0.0,0.0,0.0,0.0,0.0,0.0
F,64,3,5,69,4,406.755825,0.0,0.0,406.755825,101.68895625,0.0,101.68895625,0.0,0.0,0.0,0.0,0.0,0.0,0.0,0.0,0.0
F,64,3,5,70,4,407.677986,0.0,0.0,407.677986,101.9194965,0.0,101.9194965,0.0,0.0,0.0,0.0,0.0,0.0,0.0,0.0,0.0
F,64,3,5,71,4,559.760412,0.0,0.0,559.760412,139.940103,0.0,139.940103,0.0,0.0,0.0,0.0,0.0,0.0,0.0,0.0,0.0
F,64,3,5,72,4,418.405756,0.0,0.0,418.405756,104.601439,0.0,104.601439,0.0,0.0,0.0,0.0,0.0,0.0,0.0,0.0,0.0
F,64,3,5,73,4,628.5219,0.0,0.0,628.5219,157.130475,0.0,157.130475,0.0,0.0,0.0,0.0,0.0,0.0,0.0,0.0,0.0
F,64,3,5,74,4,420.00183,0.0,0.0,420.00183,105.0004575,0.0,105.0004575,0.0,0.0,0.0,0.0,0.0,0.0,0.0,0.0,0.0
F,64,3,5,75,4,418.179066,0.0,0.0,418.179066,104.5447665,0.0,104.5447665,0.0,0.0,0.0,0.0,0.0,0.0,0.0,0.0,0.0
F,64,3,5,76,4,407.412611,0.0,0.0,407.412611,101.85315275,0.0,101.85315275,0.0,0.0,0.0,0.0,0.0,0.0,0.0,0.0,0.0
F,64,3,5,77,4,725.05103,0.0,0.0,725.05103,181.2627575,0.0,181.2627575,0.0,0.0,0.0,0.0,0.0,0.0,0.0,0.0,0.0
F,64,3,5,78,4,647.863239,0.0,0.0,647.863239,161.96580975,0.0,161.96580975,0.0,0.0,0.0,0.0,0.0,0.0,0.0,0.0,0.0
F,64,3,5,79,4,937.098414,0.0,0.0,937.098414,234.2746035,0.0,234.2746035,0.0,0.0,0.0,0.0,0.0,0.0,0.0,0.0,0.0
F,64,3,5,80,4,819.738241,0.0,0.0,819.738241,204.93456025,0.0,204.93456025,0.0,0.0,0.0,0.0,0.0,0.0,0.0,0.0,0.0
F,64,3,5,81,4,522.595933,0.0,0.0,522.595933,130.64898325,0.0,130.64898325,0.0,0.0,0.0,0.0,0.0,0.0,0.0,0.0,0.0
F,64,3,5,82,4,438.586978,0.0,0.0,438.586978,109.6467445,0.0,109.6467445,0.0,0.0,0.0,0.0,0.0,0.0,0.0,0.0,0.0
F,64,3,5,83,4,413.986937,0.0,0.0,413.986937,103.49673425,0.0,103.49673425,0.0,0.0,0.0,0.0,0.0,0.0,0.0,0.0,0.0
F,64,3,5,84,4,406.214692,0.0,0.0,406.214692,101.553673,0.0,101.553673,0.0,0.0,0.0,0.0,0.0,0.0,0.0,0.0,0.0
F,64,3,5,85,4,436.563655,0.0,0.0,436.563655,109.14091375,0.0,109.14091375,0.0,0.0,0.0,0.0,0.0,0.0,0.0,0.0,0.0
F,64,3,5,86,4,403.614666,0.0,0.0,403.614666,100.9036665,0.0,100.9036665,0.0,0.0,0.0,0.0,0.0,0.0,0.0,0.0,0.0
F,64,3,5,87,4,513.893189,0.0,0.0,513.893189,128.47329725,0.0,128.47329725,0.0,0.0,0.0,0.0,0.0,0.0,0.0,0.0,0.0
F,64,3,5,88,4,649.039925,0.0,0.0,649.039925,162.25998125,0.0,162.25998125,0.0,0.0,0.0,0.0,0.0,0.0,0.0,0.0,0.0
F,64,3,5,89,4,540.777451,0.0,0.0,540.777451,135.19436275,0.0,135.19436275,0.0,0.0,0.0,0.0,0.0,0.0,0.0,0.0,0.0
F,64,3,5,90,4,815.953155,0.0,0.0,815.953155,203.98828875,0.0,203.98828875,0.0,0.0,0.0,0.0,0.0,0.0,0.0,0.0,0.0
F,64,3,5,91,4,786.236371,0.0,0.0,786.236371,196.55909275,0.0,196.55909275,0.0,0.0,0.0,0.0,0.0,0.0,0.0,0.0,0.0
F,64,3,5,92,4,404.962269,0.0,0.0,404.962269,101.24056725,0.0,101.24056725,0.0,0.0,0.0,0.0,0.0,0.0,0.0,0.0,0.0
F,64,3,5,93,4,415.141857,0.0,0.0,415.141857,103.78546425,0.0,103.78546425,0.0,0.0,0.0,0.0,0.0,0.0,0.0,0.0,0.0
F,64,3,5,94,4,408.916368,0.0,0.0,408.916368,102.229092,0.0,102.229092,0.0,0.0,0.0,0.0,0.0,0.0,0.0,0.0,0.0
F,64,3,5,95,4,510.146084,0.0,0.0,510.146084,127.536521,0.0,127.536521,0.0,0.0,0.0,0.0,0.0,0.0,0.0,0.0,0.0
F,64,3,5,96,4,470.10443,0.0,0.0,470.10443,117.5261075,0.0,117.5261075,0.0,0.0,0.0,0.0,0.0,0.0,0.0,0.0,0.0
F,64,3,5,97,4,643.548101,0.0,0.0,643.548101,160.88702525,0.0,160.88702525,0.0,0.0,0.0,0.0,0.0,0.0,0.0,0.0,0.0
F,64,3,5,98,4,412.593581,0.0,0.0,412.593581,103.14839525,0.0,103.14839525,0.0,0.0,0.0,0.0,0.0,0.0,0.0,0.0,0.0
F,64,3,5,99,4,428.108263,0.0,0.0,428.108263,107.02706575,0.0,107.02706575,0.0,0.0,0.0,0.0,0.0,0.0,0.0,0.0,0.0
F,64,3,5,100,4,417.629765,0.0,0.0,417.629765,104.40744125,0.0,104.40744125,0.0,0.0,0.0,0.0,0.0,0.0,0.0,0.0,0.0
F,64,3,5,101,4,568.889024,0.0,0.0,568.889024,142.222256,0.0,142.222256,0.0,0.0,0.0,0.0,0.0,0.0,0.0,0.0,0.0
F,64,3,5,102,4,674.964708,0.0,0.0,674.964708,168.741177,0.0,168.741177,0.0,0.0,0.0,0.0,0.0,0.0,0.0,0.0,0.0
F,64,3,5,103,4,599.01286,0.0,0.0,599.01286,149.753215,0.0,149.753215,0.0,0.0,0.0,0.0,0.0,0.0,0.0,0.0,0.0
F,64,3,5,104,4,554.432954,0.0,0.0,554.432954,138.6082385,0.0,138.6082385,0.0,0.0,0.0,0.0,0.0,0.0,0.0,0.0,0.0
F,64,3,5,105,4,482.25835,0.0,0.0,482.25835,120.5645875,0.0,120.5645875,0.0,0.0,0.0,0.0,0.0,0.0,0.0,0.0,0.0
F,64,3,5,106,4,408.822129,0.0,0.0,408.822129,102.20553225,0.0,102.20553225,0.0,0.0,0.0,0.0,0.0,0.0,0.0,0.0,0.0
F,64,3,5,107,4,413.423449,0.0,0.0,413.423449,103.35586225,0.0,103.35586225,0.0,0.0,0.0,0.0,0.0,0.0,0.0,0.0,0.0
F,64,3,5,108,4,541.78426,0.0,0.0,541.78426,135.446065,0.0,135.446065,0.0,0.0,0.0,0.0,0.0,0.0,0.0,0.0,0.0
F,64,3,5,109,4,404.999485,0.0,0.0,404.999485,101.24987125,0.0,101.24987125,0.0,0.0,0.0,0.0,0.0,0.0,0.0,0.0,0.0
F,64,3,5,110,4,626.759132,0.0,0.0,626.759132,156.689783,0.0,156.689783,0.0,0.0,0.0,0.0,0.0,0.0,0.0,0.0,0.0
F,64,3,5,111,4,767.131469,0.0,0.0,767.131469,191.78286725,0.0,191.78286725,0.0,0.0,0.0,0.0,0.0,0.0,0.0,0.0,0.0
F,64,3,5,112,4,474.37895,0.0,0.0,474.37895,118.5947375,0.0,118.5947375,0.0,0.0,0.0,0.0,0.0,0.0,0.0,0.0,0.0
F,64,3,5,113,4,502.341395,0.0,0.0,502.341395,125.58534875,0.0,125.58534875,0.0,0.0,0.0,0.0,0.0,0.0,0.0,0.0,0.0
F,64,3,5,114,4,517.578812,0.0,0.0,517.578812,129.394703,0.0,129.394703,0.0,0.0,0.0,0.0,0.0,0.0,0.0,0.0,0.0
F,64,3,5,115,4,570.859942,0.0,0.0,570.859942,142.7149855,0.0,142.7149855,0.0,0.0,0.0,0.0,0.0,0.0,0.0,0.0,0.0
F,64,3,5,116,4,442.742288,0.0,0.0,442.742288,110.685572,0.0,110.685572,0.0,0.0,0.0,0.0,0.0,0.0,0.0,0.0,0.0
F,64,3,5,117,4,528.117664,0.0,0.0,528.117664,132.029416,0.0,132.029416,0.0,0.0,0.0,0.0,0.0,0.0,0.0,0.0,0.0
F,64,3,5,118,4,476.327851,0.0,0.0,476.327851,119.08196275,0.0,119.08196275,0.0,0.0,0.0,0.0,0.0,0.0,0.0,0.0,0.0
F,64,3,5,119,4,413.26531,0.0,0.0,413.26531,103.3163275,0.0,103.3163275,0.0,0.0,0.0,0.0,0.0,0.0,0.0,0.0,0.0
U,1,3,6,0,4,121.642907,0.0,0.0,121.642907,30.41072675,0.0,30.41072675,0.0,0.0,0.0,0.0,0.0,0.0,0.0,0.0,0.0
U,1,3,6,1,4,130.058508,0.0,0.0,130.058508,32.514627,0.0,32.514627,0.0,0.0,0.0,0.0,0.0,0.0,0.0,0.0,0.0
U,1,3,6,2,4,136.616131,0.0,0.0,136.616131,34.15403275,0.0,34.15403275,0.0,0.0,0.0,0.0,0.0,0.0,0.0,0.0,0.0
U,1,3,6,3,4,122.807315,0.0,0.0,122.807315,30.70182875,0.0,30.70182875,0.0,0.0,0.0,0.0,0.0,0.0,0.0,0.0,0.0
U,1,3,6,4,4,122.287486,0.0,0.0,122.287486,30.5718715,0.0,30.5718715,0.0,0.0,0.0,0.0,0.0,0.0,0.0,0.0,0.0
U,1,3,6,5,4,127.812157,0.0,0.0,127.812157,31.95303925,0.0,31.95303925,0.0,0.0,0.0,0.0,0.0,0.0,0.0,0.0,0.0
U,1,3,6,6,4,128.601398,0.0,0.0,128.601398,32.1503495,0.0,32.1503495,0.0,0.0,0.0,0.0,0.0,0.0,0.0,0.0,0.0
U,1,3,6,7,4,129.349057,0.0,0.0,129.349057,32.33726425,0.0,32.33726425,0.0,0.0,0.0,0.0,0.0,0.0,0.0,0.0,0.0
U,1,3,6,8,4,122.663777,0.0,0.0,122.663777,30.66594425,0.0,30.66594425,0.0,0.0,0.0,0.0,0.0,0.0,0.0,0.0,0.0
U,1,3,6,9,4,120.424327,0.0,0.0,120.424327,30.10608175,0.0,30.10608175,0.0,0.0,0.0,0.0,0.0,0.0,0.0,0.0,0.0
U,1,3,6,10,4,128.063695,0.0,0.0,128.063695,32.01592375,0.0,32.01592375,0.0,0.0,0.0,0.0,0.0,0.0,0.0,0.0,0.0
U,1,3,6,11,4,129.201451,0.0,0.0,129.201451,32.30036275,0.0,32.30036275,0.0,0.0,0.0,0.0,0.0,0.0,0.0,0.0,0.0
U,1,3,6,12,4,131.110665,0.0,0.0,131.110665,32.77766625,0.0,32.77766625,0.0,0.0,0.0,0.0,0.0,0.0,0.0,0.0,0.0
U,1,3,6,13,4,119.964993,0.0,0.0,119.964993,29.99124825,0.0,29.99124825,0.0,0.0,0.0,0.0,0.0,0.0,0.0,0.0,0.0
U,1,3,6,14,4,127.84308,0.0,0.0,127.84308,31.96077,0.0,31.96077,0.0,0.0,0.0,0.0,0.0,0.0,0.0,0.0,0.0
U,1,3,6,15,4,132.21585,0.0,0.0,132.21585,33.0539625,0.0,33.0539625,0.0,0.0,0.0,0.0,0.0,0.0,0.0,0.0,0.0
U,1,3,6,16,4,140.08785,0.0,0.0,140.08785,35.0219625,0.0,35.0219625,0.0,0.0,0.0,0.0,0.0,0.0,0.0,0.0,0.0
U,1,3,6,17,4,131.256046,0.0,0.0,131.256046,32.8140115,0.0,32.8140115,0.0,0.0,0.0,0.0,0.0,0.0,0.0,0.0,0.0
U,1,3,6,18,4,135.375721,0.0,0.0,135.375721,33.84393025,0.0,33.84393025,0.0,0.0,0.0,0.0,0.0,0.0,0.0,0.0,0.0
U,1,3,6,19,4,125.519762,0.0,0.0,125.519762,31.3799405,0.0,31.3799405,0.0,0.0,0.0,0.0,0.0,0.0,0.0,0.0,0.0
U,1,3,6,20,4,133.25931,0.0,0.0,133.25931,33.3148275,0.0,33.3148275,0.0,0.0,0.0,0.0,0.0,0.0,0.0,0.0,0.0
U,1,3,6,21,4,123.499626,0.0,0.0,123.499626,30.8749065,0.0,30.8749065,0.0,0.0,0.0,0.0,0.0,0.0,0.0,0.0,0.0
U,1,3,6,22,4,136.091484,0.0,0.0,136.091484,34.022871,0.0,34.022871,0.0,0.0,0.0,0.0,0.0,0.0,0.0,0.0,0.0
U,1,3,6,23,4,120.956846,0.0,0.0,120.956846,30.2392115,0.0,30.2392115,0.0,0.0,0.0,0.0,0.0,0.0,0.0,0.0,0.0
U,1,3,6,24,4,120.171249,0.0,0.0,120.171249,30.04281225,0.0,30.04281225,0.0,0.0,0.0,0.0,0.0,0.0,0.0,0.0,0.0
U,1,3,6,25,4,121.106837,0.0,0.0,121.106837,30.27670925,0.0,30.27670925,0.0,0.0,0.0,0.0,0.0,0.0,0.0,0.0,0.0
U,1,3,6,26,4,122.859867,0.0,0.0,122.859867,30.71496675,0.0,30.71496675,0.0,0.0,0.0,0.0,0.0,0.0,0.0,0.0,0.0
U,1,3,6,27,4,127.894075,0.0,0.0,127.894075,31.97351875,0.0,31.97351875,0.0,0.0,0.0,0.0,0.0,0.0,0.0,0.0,0.0
U,1,3,6,28,4,126.844141,0.0,0.0,126.844141,31.71103525,0.0,31.71103525,0.0,0.0,0.0,0.0,0.0,0.0,0.0,0.0,0.0
U,1,3,6,29,4,135.081759,0.0,0.0,135.081759,33.77043975,0.0,33.77043975,0.0,0.0,0.0,0.0,0.0,0.0,0.0,0.0,0.0
U,1,3,6,30,4,138.58402,0.0,0.0,138.58402,34.646005,0.0,34.646005,0.0,0.0,0.0,0.0,0.0,0.0,0.0,0.0,0.0
U,1,3,6,31,4,128.683175,0.0,0.0,128.683175,32.17079375,0.0,32.17079375,0.0,0.0,0.0,0.0,0.0,0.0,0.0,0.0,0.0
U,1,3,6,32,4,123.995678,0.0,0.0,123.995678,30.9989195,0.0,30.9989195,0.0,0.0,0.0,0.0,0.0,0.0,0.0,0.0,0.0
U,1,3,6,33,4,130.939692,0.0,0.0,130.939692,32.734923,0.0,32.734923,0.0,0.0,0.0,0.0,0.0,0.0,0.0,0.0,0.0
U,1,3,6,34,4,128.256312,0.0,0.0,128.256312,32.064078,0.0,32.064078,0.0,0.0,0.0,0.0,0.0,0.0,0.0,0.0,0.0
U,1,3,6,35,4,136.012202,0.0,0.0,136.012202,34.0030505,0.0,34.0030505,0.0,0.0,0.0,0.0,0.0,0.0,0.0,0.0,0.0
U,1,3,6,36,4,130.220983,0.0,0.0,130.220983,32.55524575,0.0,32.55524575,0.0,0.0,0.0,0.0,0.0,0.0,0.0,0.0,0.0
U,1,3,6,37,4,139.945363,0.0,0.0,139.945363,34.98634075,0.0,34.98634075,0.0,0.0,0.0,0.0,0.0,0.0,0.0,0.0,0.0
U,1,3,6,38,4,133.05642,0.0,0.0,133.05642,33.264105,0.0,33.264105,0.0,0.0,0.0,0.0,0.0,0.0,0.0,0.0,0.0
U,1,3,6,39,4,136.042379,0.0,0.0,136.042379,34.01059475,0.0,34.01059475,0.0,0.0,0.0,0.0,0.0,0.0,0.0,0.0,0.0
U,1,3,6,40,4,128.404621,0.0,0.0,128.404621,32.10115525,0.0,32.10115525,0.0,0.0,0.0,0.0,0.0,0.0,0.0,0.0,0.0
U,1,3,6,41,4,128.622022,0.0,0.0,128.622022,32.1555055,0.0,32.1555055,0.0,0.0,0.0,0.0,0.0,0.0,0.0,0.0,0.0
U,1,3,6,42,4,133.702691,0.0,0.0,133.702691,33.42567275,0.0,33.42567275,0.0,0.0,0.0,0.0,0.0,0.0,0.0,0.0,0.0
U,1,3,6,43,4,134.646087,0.0,0.0,134.646087,33.66152175,0.0,33.66152175,0.0,0.0,0.0,0.0,0.0,0.0,0.0,0.0,0.0
U,1,3,6,44,4,122.631728,0.0,0.0,122.631728,30.657932,0.0,30.657932,0.0,0.0,0.0,0.0,0.0,0.0,0.0,0.0,0.0
U,1,3,6,45,4,129.189546,0.0,0.0,129.189546,32.2973865,0.0,32.2973865,0.0,0.0,0.0,0.0,0.0,0.0,0.0,0.0,0.0
U,1,3,6,46,4,134.392661,0.0,0.0,134.392661,33.59816525,0.0,33.59816525,0.0,0.0,0.0,0.0,0.0,0.0,0.0,0.0,0.0
U,1,3,6,47,4,129.014405,0.0,0.0,129.014405,32.25360125,0.0,32.25360125,0.0,0.0,0.0,0.0,0.0,0.0,0.0,0.0,0.0
U,1,3,6,48,4,138.693603,0.0,0.0,138.693603,34.67340075,0.0,34.67340075,0.0,0.0,0.0,0.0,0.0,0.0,0.0,0.0,0.0
U,1,3,6,49,4,122.112861,0.0,0.0,122.112861,30.52821525,0.0,30.52821525,0.0,0.0,0.0,0.0,0.0,0.0,0.0,0.0,0.0
U,1,3,6,50,4,128.29562,0.0,0.0,128.29562,32.073905,0.0,32.073905,0.0,0.0,0.0,0.0,0.0,0.0,0.0,0.0,0.0
U,1,3,6,51,4,126.200087,0.0,0.0,126.200087,31.55002175,0.0,31.55002175,0.0,0.0,0.0,0.0,0.0,0.0,0.0,0.0,0.0
U,1,3,6,52,4,127.840947,0.0,0.0,127.840947,31.96023675,0.0,31.96023675,0.0,0.0,0.0,0.0,0.0,0.0,0.0,0.0,0.0
U,1,3,6,53,4,122.786723,0.0,0.0,122.786723,30.69668075,0.0,30.69668075,0.0,0.0,0.0,0.0,0.0,0.0,0.0,0.0,0.0
U,1,3,6,54,4,123.166248,0.0,0.0,123.166248,30.791562,0.0,30.791562,0.0,0.0,0.0,0.0,0.0,0.0,0.0,0.0,0.0
U,1,3,6,55,4,149.133338,0.0,0.0,149.133338,37.2833345,0.0,37.2833345,0.0,0.0,0.0,0.0,0.0,0.0,0.0,0.0,0.0
U,1,3,6,56,4,125.335139,0.0,0.0,125.335139,31.33378475,0.0,31.33378475,0.0,0.0,0.0,0.0,0.0,0.0,0.0,0.0,0.0
U,1,3,6,57,4,128.286529,0.0,0.0,128.286529,32.07163225,0.0,32.07163225,0.0,0.0,0.0,0.0,0.0,0.0,0.0,0.0,0.0
U,1,3,6,58,4,123.440713,0.0,0.0,123.440713,30.86017825,0.0,30.86017825,0.0,0.0,0.0,0.0,0.0,0.0,0.0,0.0,0.0
U,1,3,6,59,4,126.32897,0.0,0.0,126.32897,31.5822425,0.0,31.5822425,0.0,0.0,0.0,0.0,0.0,0.0,0.0,0.0,0.0
U,1,3,6,60,4,122.277928,0.0,0.0,122.277928,30.569482,0.0,30.569482,0.0,0.0,0.0,0.0,0.0,0.0,0.0,0.0,0.0
U,1,3,6,61,4,129.155314,0.0,0.0,129.155314,32.2888285,0.0,32.2888285,0.0,0.0,0.0,0.0,0.0,0.0,0.0,0.0,0.0
U,1,3,6,62,4,133.110224,0.0,0.0,133.110224,33.277556,0.0,33.277556,0.0,0.0,0.0,0.0,0.0,0.0,0.0,0.0,0.0
U,1,3,6,63,4,134.135337,0.0,0.0,134.135337,33.53383425,0.0,33.53383425,0.0,0.0,0.0,0.0,0.0,0.0,0.0,0.0,0.0
U,1,3,6,64,4,125.021176,0.0,0.0,125.021176,31.255294,0.0,31.255294,0.0,0.0,0.0,0.0,0.0,0.0,0.0,0.0,0.0
U,1,3,6,65,4,120.403322,0.0,0.0,120.403322,30.1008305,0.0,30.1008305,0.0,0.0,0.0,0.0,0.0,0.0,0.0,0.0,0.0
U,1,3,6,66,4,128.325752,0.0,0.0,128.325752,32.081438,0.0,32.081438,0.0,0.0,0.0,0.0,0.0,0.0,0.0,0.0,0.0
U,1,3,6,67,4,123.65619,0.0,0.0,123.65619,30.9140475,0.0,30.9140475,0.0,0.0,0.0,0.0,0.0,0.0,0.0,0.0,0.0
U,1,3,6,68,4,124.76953,0.0,0.0,124.76953,31.1923825,0.0,31.1923825,0.0,0.0,0.0,0.0,0.0,0.0,0.0,0.0,0.0
U,1,3,6,69,4,140.670459,0.0,0.0,140.670459,35.16761475,0.0,35.16761475,0.0,0.0,0.0,0.0,0.0,0.0,0.0,0.0,0.0
U,1,3,6,70,4,123.276733,0.0,0.0,123.276733,30.81918325,0.0,30.81918325,0.0,0.0,0.0,0.0,0.0,0.0,0.0,0.0,0.0
U,1,3,6,71,4,120.40733,0.0,0.0,120.40733,30.1018325,0.0,30.1018325,0.0,0.0,0.0,0.0,0.0,0.0,0.0,0.0,0.0
U,1,3,6,72,4,121.4851,0.0,0.0,121.4851,30.371275,0.0,30.371275,0.0,0.0,0.0,0.0,0.0,0.0,0.0,0.0,0.0
U,1,3,6,73,4,125.715345,0.0,0.0,125.715345,31.42883625,0.0,31.42883625,0.0,0.0,0.0,0.0,0.0,0.0,0.0,0.0,0.0
U,1,3,6,74,4,136.576086,0.0,0.0,136.576086,34.1440215,0.0,34.1440215,0.0,0.0,0.0,0.0,0.0,0.0,0.0,0.0,0.0
U,1,3,6,75,4,133.340153,0.0,0.0,133.340153,33.33503825,0.0,33.33503825,0.0,0.0,0.0,0.0,0.0,0.0,0.0,0.0,0.0
U,1,3,6,76,4,119.058856,0.0,0.0,119.058856,29.764714,0.0,29.764714,0.0,0.0,0.0,0.0,0.0,0.0,0.0,0.0,0.0
U,1,3,6,77,4,127.746072,0.0,0.0,127.746072,31.936518,0.0,31.936518,0.0,0.0,0.0,0.0,0.0,0.0,0.0,0.0,0.0
U,1,3,6,78,4,132.708528,0.0,0.0,132.708528,33.177132,0.0,33.177132,0.0,0.0,0.0,0.0,0.0,0.0,0.0,0.0,0.0
U,1,3,6,79,4,129.525963,0.0,0.0,129.525963,32.38149075,0.0,32.38149075,0.0,0.0,0.0,0.0,0.0,0.0,0.0,0.0,0.0
U,1,3,6,80,4,131.781188,0.0,0.0,131.781188,32.945297,0.0,32.945297,0.0,0.0,0.0,0.0,0.0,0.0,0.0,0.0,0.0
U,1,3,6,81,4,127.125485,0.0,0.0,127.125485,31.78137125,0.0,31.78137125,0.0,0.0,0.0,0.0,0.0,0.0,0.0,0.0,0.0
U,1,3,6,82,4,130.652122,0.0,0.0,130.652122,32.6630305,0.0,32.6630305,0.0,0.0,0.0,0.0,0.0,0.0,0.0,0.0,0.0
U,1,3,6,83,4,130.051455,0.0,0.0,130.051455,32.51286375,0.0,32.51286375,0.0,0.0,0.0,0.0,0.0,0.0,0.0,0.0,0.0
U,1,3,6,84,4,127.514015,0.0,0.0,127.514015,31.87850375,0.0,31.87850375,0.0,0.0,0.0,0.0,0.0,0.0,0.0,0.0,0.0
U,1,3,6,85,4,122.885325,0.0,0.0,122.885325,30.72133125,0.0,30.72133125,0.0,0.0,0.0,0.0,0.0,0.0,0.0,0.0,0.0
U,1,3,6,86,4,129.238151,0.0,0.0,129.238151,32.30953775,0.0,32.30953775,0.0,0.0,0.0,0.0,0.0,0.0,0.0,0.0,0.0
U,1,3,6,87,4,124.363263,0.0,0.0,124.363263,31.09081575,0.0,31.09081575,0.0,0.0,0.0,0.0,0.0,0.0,0.0,0.0,0.0
U,1,3,6,88,4,129.909307,0.0,0.0,129.909307,32.47732675,0.0,32.47732675,0.0,0.0,0.0,0.0,0.0,0.0,0.0,0.0,0.0
U,1,3,6,89,4,130.534845,0.0,0.0,130.534845,32.63371125,0.0,32.63371125,0.0,0.0,0.0,0.0,0.0,0.0,0.0,0.0,0.0
U,1,3,6,90,4,128.529852,0.0,0.0,128.529852,32.132463,0.0,32.132463,0.0,0.0,0.0,0.0,0.0,0.0,0.0,0.0,0.0
U,1,3,6,91,4,138.675882,0.0,0.0,138.675882,34.6689705,0.0,34.6689705,0.0,0.0,0.0,0.0,0.0,0.0,0.0,0.0,0.0
U,1,3,6,92,4,123.955556,0.0,0.0,123.955556,30.988889,0.0,30.988889,0.0,0.0,0.0,0.0,0.0,0.0,0.0,0.0,0.0
U,1,3,6,93,4,130.273798,0.0,0.0,130.273798,32.5684495,0.0,32.5684495,0.0,0.0,0.0,0.0,0.0,0.0,0.0,0.0,0.0
U,1,3,6,94,4,136.724803,0.0,0.0,136.724803,34.18120075,0.0,34.18120075,0.0,0.0,0.0,0.0,0.0,0.0,0.0,0.0,0.0
U,1,3,6,95,4,140.439739,0.0,0.0,140.439739,35.10993475,0.0,35.10993475,0.0,0.0,0.0,0.0,0.0,0.0,0.0,0.0,0.0
U,1,3,6,96,4,131.72081,0.0,0.0,131.72081,32.9302025,0.0,32.9302025,0.0,0.0,0.0,0.0,0.0,0.0,0.0,0.0,0.0
U,1,3,6,97,4,139.846483,0.0,0.0,139.846483,34.96162075,0.0,34.96162075,0.0,0.0,0.0,0.0,0.0,0.0,0.0,0.0,0.0
U,1,3,6,98,4,138.863309,0.0,0.0,138.863309,34.71582725,0.0,34.71582725,0.0,0.0,0.0,0.0,0.0,0.0,0.0,0.0,0.0
U,1,3,6,99,4,130.569382,0.0,0.0,130.569382,32.6423455,0.0,32.6423455,0.0,0.0,0.0,0.0,0.0,0.0,0.0,0.0,0.0
U,1,3,6,100,4,132.038422,0.0,0.0,132.038422,33.0096055,0.0,33.0096055,0.0,0.0,0.0,0.0,0.0,0.0,0.0,0.0,0.0
U,1,3,6,101,4,132.436033,0.0,0.0,132.436033,33.10900825,0.0,33.10900825,0.0,0.0,0.0,0.0,0.0,0.0,0.0,0.0,0.0
U,1,3,6,102,4,135.829428,0.0,0.0,135.829428,33.957357,0.0,33.957357,0.0,0.0,0.0,0.0,0.0,0.0,0.0,0.0,0.0
U,1,3,6,103,4,130.471991,0.0,0.0,130.471991,32.61799775,0.0,32.61799775,0.0,0.0,0.0,0.0,0.0,0.0,0.0,0.0,0.0
U,1,3,6,104,4,136.387233,0.0,0.0,136.387233,34.09680825,0.0,34.09680825,0.0,0.0,0.0,0.0,0.0,0.0,0.0,0.0,0.0
U,1,3,6,105,4,129.943945,0.0,0.0,129.943945,32.48598625,0.0,32.48598625,0.0,0.0,0.0,0.0,0.0,0.0,0.0,0.0,0.0
U,1,3,6,106,4,123.90775,0.0,0.0,123.90775,30.9769375,0.0,30.9769375,0.0,0.0,0.0,0.0,0.0,0.0,0.0,0.0,0.0
U,1,3,6,107,4,123.298785,0.0,0.0,123.298785,30.82469625,0.0,30.82469625,0.0,0.0,0.0,0.0,0.0,0.0,0.0,0.0,0.0
U,1,3,6,108,4,136.372881,0.0,0.0,136.372881,34.09322025,0.0,34.09322025,0.0,0.0,0.0,0.0,0.0,0.0,0.0,0.0,0.0
U,1,3,6,109,4,123.628351,0.0,0.0,123.628351,30.90708775,0.0,30.90708775,0.0,0.0,0.0,0.0,0.0,0.0,0.0,0.0,0.0
U,1,3,6,110,4,135.05869,0.0,0.0,135.05869,33.7646725,0.0,33.7646725,0.0,0.0,0.0,0.0,0.0,0.0,0.0,0.0,0.0
U,1,3,6,111,4,136.025977,0.0,0.0,136.025977,34.00649425,0.0,34.00649425,0.0,0.0,0.0,0.0,0.0,0.0,0.0,0.0,0.0
U,1,3,6,112,4,123.748551,0.0,0.0,123.748551,30.93713775,0.0,30.93713775,0.0,0.0,0.0,0.0,0.0,0.0,0.0,0.0,0.0
U,1,3,6,113,4,131.118569,0.0,0.0,131.118569,32.77964225,0.0,32.77964225,0.0,0.0,0.0,0.0,0.0,0.0,0.0,0.0,0.0
U,1,3,6,114,4,133.034211,0.0,0.0,133.034211,33.25855275,0.0,33.25855275,0.0,0.0,0.0,0.0,0.0,0.0,0.0,0.0,0.0
U,1,3,6,115,4,145.682244,0.0,0.0,145.682244,36.420561,0.0,36.420561,0.0,0.0,0.0,0.0,0.0,0.0,0.0,0.0,0.0
U,1,3,6,116,4,121.131926,0.0,0.0,121.131926,30.2829815,0.0,30.2829815,0.0,0.0,0.0,0.0,0.0,0.0,0.0,0.0,0.0
U,1,3,6,117,4,125.595205,0.0,0.0,125.595205,31.39880125,0.0,31.39880125,0.0,0.0,0.0,0.0,0.0,0.0,0.0,0.0,0.0
U,1,3,6,118,4,119.993439,0.0,0.0,119.993439,29.99835975,0.0,29.99835975,0.0,0.0,0.0,0.0,0.0,0.0,0.0,0.0,0.0
U,1,3,6,119,4,129.630835,0.0,0.0,129.630835,32.40770875,0.0,32.40770875,0.0,0.0,0.0,0.0,0.0,0.0,0.0,0.0,0.0
U,4,3,7,0,4,160.198543,0.0,0.0,160.198543,40.04963575,0.0,40.04963575,0.0,0.0,0.0,0.0,0.0,0.0,0.0,0.0,0.0
U,4,3,7,1,4,165.20693,0.0,0.0,165.20693,41.3017325,0.0,41.3017325,0.0,0.0,0.0,0.0,0.0,0.0,0.0,0.0,0.0
U,4,3,7,2,4,162.429732,0.0,0.0,162.429732,40.607433,0.0,40.607433,0.0,0.0,0.0,0.0,0.0,0.0,0.0,0.0,0.0
U,4,3,7,3,4,161.2898,0.0,0.0,161.2898,40.32245,0.0,40.32245,0.0,0.0,0.0,0.0,0.0,0.0,0.0,0.0,0.0
U,4,3,7,4,4,156.141212,0.0,0.0,156.141212,39.035303,0.0,39.035303,0.0,0.0,0.0,0.0,0.0,0.0,0.0,0.0,0.0
U,4,3,7,5,4,155.910706,0.0,0.0,155.910706,38.9776765,0.0,38.9776765,0.0,0.0,0.0,0.0,0.0,0.0,0.0,0.0,0.0
U,4,3,7,6,4,171.618547,0.0,0.0,171.618547,42.90463675,0.0,42.90463675,0.0,0.0,0.0,0.0,0.0,0.0,0.0,0.0,0.0
U,4,3,7,7,4,184.716091,0.0,0.0,184.716091,46.17902275,0.0,46.17902275,0.0,0.0,0.0,0.0,0.0,0.0,0.0,0.0,0.0
U,4,3,7,8,4,197.924663,0.0,0.0,197.924663,49.48116575,0.0,49.48116575,0.0,0.0,0.0,0.0,0.0,0.0,0.0,0.0,0.0
U,4,3,7,9,4,196.020651,0.0,0.0,196.020651,49.00516275,0.0,49.00516275,0.0,0.0,0.0,0.0,0.0,0.0,0.0,0.0,0.0
U,4,3,7,10,4,194.199459,0.0,0.0,194.199459,48.54986475,0.0,48.54986475,0.0,0.0,0.0,0.0,0.0,0.0,0.0,0.0,0.0
U,4,3,7,11,4,202.502135,0.0,0.0,202.502135,50.62553375,0.0,50.62553375,0.0,0.0,0.0,0.0,0.0,0.0,0.0,0.0,0.0
U,4,3,7,12,4,187.721924,0.0,0.0,187.721924,46.930481,0.0,46.930481,0.0,0.0,0.0,0.0,0.0,0.0,0.0,0.0,0.0
U,4,3,7,13,4,185.923139,0.0,0.0,185.923139,46.48078475,0.0,46.48078475,0.0,0.0,0.0,0.0,0.0,0.0,0.0,0.0,0.0
U,4,3,7,14,4,196.636248,0.0,0.0,196.636248,49.159062,0.0,49.159062,0.0,0.0,0.0,0.0,0.0,0.0,0.0,0.0,0.0
U,4,3,7,15,4,208.855758,0.0,0.0,208.855758,52.2139395,0.0,52.2139395,0.0,0.0,0.0,0.0,0.0,0.0,0.0,0.0,0.0
U,4,3,7,16,4,197.618695,0.0,0.0,197.618695,49.40467375,0.0,49.40467375,0.0,0.0,0.0,0.0,0.0,0.0,0.0,0.0,0.0
U,4,3,7,17,4,165.554164,0.0,0.0,165.554164,41.388541,0.0,41.388541,0.0,0.0,0.0,0.0,0.0,0.0,0.0,0.0,0.0
U,4,3,7,18,4,190.574053,0.0,0.0,190.574053,47.64351325,0.0,47.64351325,0.0,0.0,0.0,0.0,0.0,0.0,0.0,0.0,0.0
U,4,3,7,19,4,187.206976,0.0,0.0,187.206976,46.801744,0.0,46.801744,0.0,0.0,0.0,0.0,0.0,0.0,0.0,0.0,0.0
U,4,3,7,20,4,201.44954,0.0,0.0,201.44954,50.362385,0.0,50.362385,0.0,0.0,0.0,0.0,0.0,0.0,0.0,0.0,0.0
U,4,3,7,21,4,186.372488,0.0,0.0,186.372488,46.593122,0.0,46.593122,0.0,0.0,0.0,0.0,0.0,0.0,0.0,0.0,0.0
U,4,3,7,22,4,187.465837,0.0,0.0,187.465837,46.86645925,0.0,46.86645925,0.0,0.0,0.0,0.0,0.0,0.0,0.0,0.0,0.0
U,4,3,7,23,4,153.720915,0.0,0.0,153.720915,38.43022875,0.0,38.43022875,0.0,0.0,0.0,0.0,0.0,0.0,0.0,0.0,0.0
U,4,3,7,24,4,175.357113,0.0,0.0,175.357113,43.83927825,0.0,43.83927825,0.0,0.0,0.0,0.0,0.0,0.0,0.0,0.0,0.0
U,4,3,7,25,4,166.87316,0.0,0.0,166.87316,41.71829,0.0,41.71829,0.0,0.0,0.0,0.0,0.0,0.0,0.0,0.0,0.0
U,4,3,7,26,4,188.24529,0.0,0.0,188.24529,47.0613225,0.0,47.0613225,0.0,0.0,0.0,0.0,0.0,0.0,0.0,0.0,0.0
U,4,3,7,27,4,160.957417,0.0,0.0,160.957417,40.23935425,0.0,40.23935425,0.0,0.0,0.0,0.0,0.0,0.0,0.0,0.0,0.0
U,4,3,7,28,4,168.671749,0.0,0.0,168.671749,42.16793725,0.0,42.16793725,0.0,0.0,0.0,0.0,0.0,0.0,0.0,0.0,0.0
U,4,3,7,29,4,193.694435,0.0,0.0,193.694435,48.42360875,0.0,48.42360875,0.0,0.0,0.0,0.0,0.0,0.0,0.0,0.0,0.0
U,4,3,7,30,4,184.502428,0.0,0.0,184.502428,46.125607,0.0,46.125607,0.0,0.0,0.0,0.0,0.0,0.0,0.0,0.0,0.0
U,4,3,7,31,4,168.829466,0.0,0.0,168.829466,42.2073665,0.0,42.2073665,0.0,0.0,0.0,0.0,0.0,0.0,0.0,0.0,0.0
U,4,3,7,32,4,155.687835,0.0,0.0,155.687835,38.92195875,0.0,38.92195875,0.0,0.0,0.0,0.0,0.0,0.0,0.0,0.0,0.0
U,4,3,7,33,4,183.079607,0.0,0.0,183.079607,45.76990175,0.0,45.76990175,0.0,0.0,0.0,0.0,0.0,0.0,0.0,0.0,0.0
U,4,3,7,34,4,156.057212,0.0,0.0,156.057212,39.014303,0.0,39.014303,0.0,0.0,0.0,0.0,0.0,0.0,0.0,0.0,0.0
U,4,3,7,35,4,190.970299,0.0,0.0,190.970299,47.74257475,0.0,47.74257475,0.0,0.0,0.0,0.0,0.0,0.0,0.0,0.0,0.0
U,4,3,7,36,4,188.970664,0.0,0.0,188.970664,47.242666,0.0,47.242666,0.0,0.0,0.0,0.0,0.0,0.0,0.0,0.0,0.0
U,4,3,7,37,4,178.445505,0.0,0.0,178.445505,44.61137625,0.0,44.61137625,0.0,0.0,0.0,0.0,0.0,0.0,0.0,0.0,0.0
U,4,3,7,38,4,179.712451,0.0,0.0,179.712451,44.92811275,0.0,44.92811275,0.0,0.0,0.0,0.0,0.0,0.0,0.0,0.0,0.0
U,4,3,7,39,4,184.471332,0.0,0.0,184.471332,46.117833,0.0,46.117833,0.0,0.0,0.0,0.0,0.0,0.0,0.0,0.0,0.0
U,4,3,7,40,4,191.79849,0.0,0.0,191.79849,47.9496225,0.0,47.9496225,0.0,0.0,0.0,0.0,0.0,0.0,0.0,0.0,0.0
U,4,3,7,41,4,215.604691,0.0,0.0,215.604691,53.90117275,0.0,53.90117275,0.0,0.0,0.0,0.0,0.0,0.0,0.0,0.0,0.0
U,4,3,7,42,4,179.841016,0.0,0.0,179.841016,44.960254,0.0,44.960254,0.0,0.0,0.0,0.0,0.0,0.0,0.0,0.0,0.0
U,4,3,7,43,4,135.198176,0.0,0.0,135.198176,33.799544,0.0,33.799544,0.0,0.0,0.0,0.0,0.0,0.0,0.0,0.0,0.0
U,4,3,7,44,4,148.140707,0.0,0.0,148.140707,37.03517675,0.0,37.03517675,0.0,0.0,0.0,0.0,0.0,0.0,0.0,0.0,0.0
U,4,3,7,45,4,176.28967,0.0,0.0,176.28967,44.0724175,0.0,44.0724175,0.0,0.0,0.0,0.0,0.0,0.0,0.0,0.0,0.0
U,4,3,7,46,4,195.924153,0.0,0.0,195.924153,48.98103825,0.0,48.98103825,0.0,0.0,0.0,0.0,0.0,0.0,0.0,0.0,0.0
U,4,3,7,47,4,164.587422,0.0,0.0,164.587422,41.1468555,0.0,41.1468555,0.0,0.0,0.0,0.0,0.0,0.0,0.0,0.0,0.0
U,4,3,7,48,4,169.312725,0.0,0.0,169.312725,42.32818125,0.0,42.32818125,0.0,0.0,0.0,0.0,0.0,0.0,0.0,0.0,0.0
U,4,3,7,49,4,195.276134,0.0,0.0,195.276134,48.8190335,0.0,48.8190335,0.0,0.0,0.0,0.0,0.0,0.0,0.0,0.0,0.0
U,4,3,7,50,4,190.578264,0.0,0.0,190.578264,47.644566,0.0,47.644566,0.0,0.0,0.0,0.0,0.0,0.0,0.0,0.0,0.0
U,4,3,7,51,4,169.143642,0.0,0.0,169.143642,42.2859105,0.0,42.2859105,0.0,0.0,0.0,0.0,0.0,0.0,0.0,0.0,0.0
U,4,3,7,52,4,173.210547,0.0,0.0,173.210547,43.30263675,0.0,43.30263675,0.0,0.0,0.0,0.0,0.0,0.0,0.0,0.0,0.0
U,4,3,7,53,4,158.032467,0.0,0.0,158.032467,39.50811675,0.0,39.50811675,0.0,0.0,0.0,0.0,0.0,0.0,0.0,0.0,0.0
U,4,3,7,54,4,170.282339,0.0,0.0,170.282339,42.57058475,0.0,42.57058475,0.0,0.0,0.0,0.0,0.0,0.0,0.0,0.0,0.0
U,4,3,7,55,4,178.972242,0.0,0.0,178.972242,44.7430605,0.0,44.7430605,0.0,0.0,0.0,0.0,0.0,0.0,0.0,0.0,0.0
U,4,3,7,56,4,179.223606,0.0,0.0,179.223606,44.8059015,0.0,44.8059015,0.0,0.0,0.0,0.0,0.0,0.0,0.0,0.0,0.0
U,4,3,7,57,4,178.514288,0.0,0.0,178.514288,44.628572,0.0,44.628572,0.0,0.0,0.0,0.0,0.0,0.0,0.0,0.0,0.0
U,4,3,7,58,4,168.082383,0.0,0.0,168.082383,42.02059575,0.0,42.02059575,0.0,0.0,0.0,0.0,0.0,0.0,0.0,0.0,0.0
U,4,3,7,59,4,177.357023,0.0,0.0,177.357023,44.33925575,0.0,44.33925575,0.0,0.0,0.0,0.0,0.0,0.0,0.0,0.0,0.0
U,4,3,7,60,4,177.573863,0.0,0.0,177.573863,44.39346575,0.0,44.39346575,0.0,0.0,0.0,0.0,0.0,0.0,0.0,0.0,0.0
U,4,3,7,61,4,189.418556,0.0,0.0,189.418556,47.354639,0.0,47.354639,0.0,0.0,0.0,0.0,0.0,0.0,0.0,0.0,0.0
U,4,3,7,62,4,181.054681,0.0,0.0,181.054681,45.26367025,0.0,45.26367025,0.0,0.0,0.0,0.0,0.0,0.0,0.0,0.0,0.0
U,4,3,7,63,4,173.065123,0.0,0.0,173.065123,43.26628075,0.0,43.26628075,0.0,0.0,0.0,0.0,0.0,0.0,0.0,0.0,0.0
U,4,3,7,64,4,164.536233,0.0,0.0,164.536233,41.13405825,0.0,41.13405825,0.0,0.0,0.0,0.0,0.0,0.0,0.0,0.0,0.0
U,4,3,7,65,4,183.368568,0.0,0.0,183.368568,45.842142,0.0,45.842142,0.0,0.0,0.0,0.0,0.0,0.0,0.0,0.0,0.0
U,4,3,7,66,4,175.214118,0.0,0.0,175.214118,43.8035295,0.0,43.8035295,0.0,0.0,0.0,0.0,0.0,0.0,0.0,0.0,0.0
U,4,3,7,67,4,157.900464,0.0,0.0,157.900464,39.475116,0.0,39.475116,0.0,0.0,0.0,0.0,0.0,0.0,0.0,0.0,0.0
U,4,3,7,68,4,182.046293,0.0,0.0,182.046293,45.51157325,0.0,45.51157325,0.0,0.0,0.0,0.0,0.0,0.0,0.0,0.0,0.0
U,4,3,7,69,4,183.401745,0.0,0.0,183.401745,45.85043625,0.0,45.85043625,0.0,0.0,0.0,0.0,0.0,0.0,0.0,0.0,0.0
U,4,3,7,70,4,208.802925,0.0,0.0,208.802925,52.20073125,0.0,52.20073125,0.0,0.0,0.0,0.0,0.0,0.0,0.0,0.0,0.0
U,4,3,7,71,4,208.530922,0.0,0.0,208.530922,52.1327305,0.0,52.1327305,0.0,0.0,0.0,0.0,0.0,0.0,0.0,0.0,0.0
U,4,3,7,72,4,154.081207,0.0,0.0,154.081207,38.52030175,0.0,38.52030175,0.0,0.0,0.0,0.0,0.0,0.0,0.0,0.0,0.0
U,4,3,7,73,4,171.393421,0.0,0.0,171.393421,42.84835525,0.0,42.84835525,0.0,0.0,0.0,0.0,0.0,0.0,0.0,0.0,0.0
U,4,3,7,74,4,171.506862,0.0,0.0,171.506862,42.8767155,0.0,42.8767155,0.0,0.0,0.0,0.0,0.0,0.0,0.0,0.0,0.0
U,4,3,7,75,4,180.124404,0.0,0.0,180.124404,45.031101,0.0,45.031101,0.0,0.0,0.0,0.0,0.0,0.0,0.0,0.0,0.0
U,4,3,7,76,4,172.236513,0.0,0.0,172.236513,43.05912825,0.0,43.05912825,0.0,0.0,0.0,0.0,0.0,0.0,0.0,0.0,0.0
U,4,3,7,77,4,172.720343,0.0,0.0,172.720343,43.18008575,0.0,43.18008575,0.0,0.0,0.0,0.0,0.0,0.0,0.0,0.0,0.0
U,4,3,7,78,4,162.908346,0.0,0.0,162.908346,40.7270865,0.0,40.7270865,0.0,0.0,0.0,0.0,0.0,0.0,0.0,0.0,0.0
U,4,3,7,79,4,185.680697,0.0,0.0,185.680697,46.42017425,0.0,46.42017425,0.0,0.0,0.0,0.0,0.0,0.0,0.0,0.0,0.0
U,4,3,7,80,4,181.060304,0.0,0.0,181.060304,45.265076,0.0,45.265076,0.0,0.0,0.0,0.0,0.0,0.0,0.0,0.0,0.0
U,4,3,7,81,4,176.703882,0.0,0.0,176.703882,44.1759705,0.0,44.1759705,0.0,0.0,0.0,0.0,0.0,0.0,0.0,0.0,0.0
U,4,3,7,82,4,176.806705,0.0,0.0,176.806705,44.20167625,0.0,44.20167625,0.0,0.0,0.0,0.0,0.0,0.0,0.0,0.0,0.0
U,4,3,7,83,4,179.002808,0.0,0.0,179.002808,44.750702,0.0,44.750702,0.0,0.0,0.0,0.0,0.0,0.0,0.0,0.0,0.0
U,4,3,7,84,4,159.660864,0.0,0.0,159.660864,39.915216,0.0,39.915216,0.0,0.0,0.0,0.0,0.0,0.0,0.0,0.0,0.0
U,4,3,7,85,4,160.464172,0.0,0.0,160.464172,40.116043,0.0,40.116043,0.0,0.0,0.0,0.0,0.0,0.0,0.0,0.0,0.0
U,4,3,7,86,4,189.348039,0.0,0.0,189.348039,47.33700975,0.0,47.33700975,0.0,0.0,0.0,0.0,0.0,0.0,0.0,0.0,0.0
U,4,3,7,87,4,163.361111,0.0,0.0,163.361111,40.84027775,0.0,40.84027775,0.0,0.0,0.0,0.0,0.0,0.0,0.0,0.0,0.0
U,4,3,7,88,4,187.700574,0.0,0.0,187.700574,46.9251435,0.0,46.9251435,0.0,0.0,0.0,0.0,0.0,0.0,0.0,0.0,0.0
U,4,3,7,89,4,172.196395,0.0,0.0,172.196395,43.04909875,0.0,43.04909875,0.0,0.0,0.0,0.0,0.0,0.0,0.0,0.0,0.0
U,4,3,7,90,4,208.254436,0.0,0.0,208.254436,52.063609,0.0,52.063609,0.0,0.0,0.0,0.0,0.0,0.0,0.0,0.0,0.0
U,4,3,7,91,4,190.264661,0.0,0.0,190.264661,47.56616525,0.0,47.56616525,0.0,0.0,0.0,0.0,0.0,0.0,0.0,0.0,0.0
U,4,3,7,92,4,175.423316,0.0,0.0,175.423316,43.855829,0.0,43.855829,0.0,0.0,0.0,0.0,0.0,0.0,0.0,0.0,0.0
U,4,3,7,93,4,200.900897,0.0,0.0,200.900897,50.22522425,0.0,50.22522425,0.0,0.0,0.0,0.0,0.0,0.0,0.0,0.0,0.0
U,4,3,7,94,4,218.331258,0.0,0.0,218.331258,54.5828145,0.0,54.5828145,0.0,0.0,0.0,0.0,0.0,0.0,0.0,0.0,0.0
U,4,3,7,95,4,199.524896,0.0,0.0,199.524896,49.881224,0.0,49.881224,0.0,0.0,0.0,0.0,0.0,0.0,0.0,0.0,0.0
U,4,3,7,96,4,187.97026,0.0,0.0,187.97026,46.992565,0.0,46.992565,0.0,0.0,0.0,0.0,0.0,0.0,0.0,0.0,0.0
U,4,3,7,97,4,189.460591,0.0,0.0,189.460591,47.36514775,0.0,47.36514775,0.0,0.0,0.0,0.0,0.0,0.0,0.0,0.0,0.0
U,4,3,7,98,4,209.556957,0.0,0.0,209.556957,52.38923925,0.0,52.38923925,0.0,0.0,0.0,0.0,0.0,0.0,0.0,0.0,0.0
U,4,3,7,99,4,177.844621,0.0,0.0,177.844621,44.46115525,0.0,44.46115525,0.0,0.0,0.0,0.0,0.0,0.0,0.0,0.0,0.0
U,4,3,7,100,4,178.179116,0.0,0.0,178.179116,44.544779,0.0,44.544779,0.0,0.0,0.0,0.0,0.0,0.0,0.0,0.0,0.0
U,4,3,7,101,4,174.442606,0.0,0.0,174.442606,43.6106515,0.0,43.6106515,0.0,0.0,0.0,0.0,0.0,0.0,0.0,0.0,0.0
U,4,3,7,102,4,192.332856,0.0,0.0,192.332856,48.083214,0.0,48.083214,0.0,0.0,0.0,0.0,0.0,0.0,0.0,0.0,0.0
U,4,3,7,103,4,171.067893,0.0,0.0,171.067893,42.76697325,0.0,42.76697325,0.0,0.0,0.0,0.0,0.0,0.0,0.0,0.0,0.0
U,4,3,7,104,4,189.897628,0.0,0.0,189.897628,47.474407,0.0,47.474407,0.0,0.0,0.0,0.0,0.0,0.0,0.0,0.0,0.0
U,4,3,7,105,4,206.181946,0.0,0.0,206.181946,51.5454865,0.0,51.5454865,0.0,0.0,0.0,0.0,0.0,0.0,0.0,0.0,0.0
U,4,3,7,106,4,165.979168,0.0,0.0,165.979168,41.494792,0.0,41.494792,0.0,0.0,0.0,0.0,0.0,0.0,0.0,0.0,0.0
U,4,3,7,107,4,181.168303,0.0,0.0,181.168303,45.29207575,0.0,45.29207575,0.0,0.0,0.0,0.0,0.0,0.0,0.0,0.0,0.0
U,4,3,7,108,4,166.477095,0.0,0.0,166.477095,41.61927375,0.0,41.61927375,0.0,0.0,0.0,0.0,0.0,0.0,0.0,0.0,0.0
U,4,3,7,109,4,155.098537,0.0,0.0,155.098537,38.77463425,0.0,38.77463425,0.0,0.0,0.0,0.0,0.0,0.0,0.0,0.0,0.0
U,4,3,7,110,4,163.632016,0.0,0.0,163.632016,40.908004,0.0,40.908004,0.0,0.0,0.0,0.0,0.0,0.0,0.0,0.0,0.0
U,4,3,7,111,4,166.778379,0.0,0.0,166.778379,41.69459475,0.0,41.69459475,0.0,0.0,0.0,0.0,0.0,0.0,0.0,0.0,0.0
U,4,3,7,112,4,158.091358,0.0,0.0,158.091358,39.5228395,0.0,39.5228395,0.0,0.0,0.0,0.0,0.0,0.0,0.0,0.0,0.0
U,4,3,7,113,4,180.008725,0.0,0.0,180.008725,45.00218125,0.0,45.00218125,0.0,0.0,0.0,0.0,0.0,0.0,0.0,0.0,0.0
U,4,3,7,114,4,207.306124,0.0,0.0,207.306124,51.826531,0.0,51.826531,0.0,0.0,0.0,0.0,0.0,0.0,0.0,0.0,0.0
U,4,3,7,115,4,194.832359,0.0,0.0,194.832359,48.70808975,0.0,48.70808975,0.0,0.0,0.0,0.0,0.0,0.0,0.0,0.0,0.0
U,4,3,7,116,4,176.142325,0.0,0.0,176.142325,44.03558125,0.0,44.03558125,0.0,0.0,0.0,0.0,0.0,0.0,0.0,0.0,0.0
U,4,3,7,117,4,178.561913,0.0,0.0,178.561913,44.64047825,0.0,44.64047825,0.0,0.0,0.0,0.0,0.0,0.0,0.0,0.0,0.0
U,4,3,7,118,4,169.095133,0.0,0.0,169.095133,42.27378325,0.0,42.27378325,0.0,0.0,0.0,0.0,0.0,0.0,0.0,0.0,0.0
U,4,3,7,119,4,173.631232,0.0,0.0,173.631232,43.407808,0.0,43.407808,0.0,0.0,0.0,0.0,0.0,0.0,0.0,0.0,0.0
