operator,cell_id,representation_class,size_id,pair_id,origin,train_or_validation,block_id,height,width,calls,mean_ms,median_ms,p10_ms,p90_ms,std_ms,min_ms,max_ms,accumulated_sec,measurement_protocol,implementation,parameters,seed_rule,block_seed,source_ids,n_sources,elements,serialized_bytes,native_bytes,dtype,shape,contiguous,container,out_elements,out_serialized_bytes,out_native_bytes,out_dtype,out_shape,out_contiguous,out_representation_class
jitter,jitter:uint8:1ch:xt0,uint8:1ch,xt0,,extension,train,0,512,512,400,1.6551704704761505,1.6500568017363548,1.5633161179721355,1.7460073344409466,0.06999207274855883,1.5164343640208244,2.157595008611679,0.6620681881904602,ch32_scale_affine_20260927,torchvision.transforms.ColorJitter,"{""brightness"": 0.1, ""contrast"": 0.1, ""hue"": 0.1, ""saturation"": 0.1}",torch.manual_seed/random.seed(base_seed + 100000*block_id + call_index); set outside the timing window,20260927,"0,1,2,3",4,262144.0,262565.0,262144.0,torch.uint8,"[1, 512, 512]",True,Tensor,262144.0,262568.0,262144.0,torch.uint8,"[1, 512, 512]",True,uint8:1ch
jitter,jitter:uint8:1ch:xt1,uint8:1ch,xt1,,extension,train,0,736,736,400,3.1592472083866596,3.1484407372772694,2.9595956206321716,3.386807907372713,0.15993396267117352,2.8567230328917503,3.630010411143303,1.2636988833546638,ch32_scale_affine_20260927,torchvision.transforms.ColorJitter,"{""brightness"": 0.1, ""contrast"": 0.1, ""hue"": 0.1, ""saturation"": 0.1}",torch.manual_seed/random.seed(base_seed + 100000*block_id + call_index); set outside the timing window,20260927,"0,1,2,3",4,541696.0,542117.0,541696.0,torch.uint8,"[1, 736, 736]",True,Tensor,541696.0,542120.0,541696.0,torch.uint8,"[1, 736, 736]",True,uint8:1ch
jitter,jitter:uint8:1ch:xt2,uint8:1ch,xt2,,extension,train,0,1024,1024,173,8.68942367849667,7.352347485721111,6.958271935582161,14.034751243889332,2.7235683698221114,6.477268412709236,18.236768431961536,1.5032702963799238,ch32_scale_affine_20260927,torchvision.transforms.ColorJitter,"{""brightness"": 0.1, ""contrast"": 0.1, ""hue"": 0.1, ""saturation"": 0.1}",torch.manual_seed/random.seed(base_seed + 100000*block_id + call_index); set outside the timing window,20260927,"0,1,2,3",4,1048576.0,1048997.0,1048576.0,torch.uint8,"[1, 1024, 1024]",True,Tensor,1048576.0,1049000.0,1048576.0,torch.uint8,"[1, 1024, 1024]",True,uint8:1ch
jitter,jitter:uint8:1ch:xt3,uint8:1ch,xt3,,extension,train,0,1098,1098,186,8.082811815804371,8.050082717090845,7.759036496281624,8.511883206665516,0.45254196888899006,6.905357353389263,10.31714677810669,1.503402997739613,ch32_scale_affine_20260927,torchvision.transforms.ColorJitter,"{""brightness"": 0.1, ""contrast"": 0.1, ""hue"": 0.1, ""saturation"": 0.1}",torch.manual_seed/random.seed(base_seed + 100000*block_id + call_index); set outside the timing window,20260927,"0,1,2,3",4,1205604.0,1206025.0,1205604.0,torch.uint8,"[1, 1098, 1098]",True,Tensor,1205604.0,1206028.0,1205604.0,torch.uint8,"[1, 1098, 1098]",True,uint8:1ch
jitter,jitter:uint8:1ch:xv0,uint8:1ch,xv0,,extension,validation,0,640,640,400,2.3599074059166014,2.3514735512435436,2.2953557781875134,2.4282406084239483,0.08062643745197273,2.2456608712673187,3.5457918420434,0.9439629623666406,ch32_scale_affine_20260927,torchvision.transforms.ColorJitter,"{""brightness"": 0.1, ""contrast"": 0.1, ""hue"": 0.1, ""saturation"": 0.1}",torch.manual_seed/random.seed(base_seed + 100000*block_id + call_index); set outside the timing window,20260927,"0,1,2,3",4,409600.0,410021.0,409600.0,torch.uint8,"[1, 640, 640]",True,Tensor,409600.0,410024.0,409600.0,torch.uint8,"[1, 640, 640]",True,uint8:1ch
jitter,jitter:uint8:1ch:xv1,uint8:1ch,xv1,,extension,validation,0,832,832,341,4.406509260016103,3.9417073130607605,3.723421134054661,4.7861747443675995,1.2306210200902916,3.6127781495451927,11.815972626209259,1.502619657665491,ch32_scale_affine_20260927,torchvision.transforms.ColorJitter,"{""brightness"": 0.1, ""contrast"": 0.1, ""hue"": 0.1, ""saturation"": 0.1}",torch.manual_seed/random.seed(base_seed + 100000*block_id + call_index); set outside the timing window,20260927,"0,1,2,3",4,692224.0,692645.0,692224.0,torch.uint8,"[1, 832, 832]",True,Tensor,692224.0,692648.0,692224.0,torch.uint8,"[1, 832, 832]",True,uint8:1ch
jitter,jitter:uint8:1ch:xv2,uint8:1ch,xv2,,extension,validation,0,960,960,150,10.003182105720043,6.655387580394745,6.146821938455105,15.128057356923819,3.85870657437303,5.690829828381538,15.830005519092083,1.5004773158580065,ch32_scale_affine_20260927,torchvision.transforms.ColorJitter,"{""brightness"": 0.1, ""contrast"": 0.1, ""hue"": 0.1, ""saturation"": 0.1}",torch.manual_seed/random.seed(base_seed + 100000*block_id + call_index); set outside the timing window,20260927,"0,1,2,3",4,921600.0,922021.0,921600.0,torch.uint8,"[1, 960, 960]",True,Tensor,921600.0,922024.0,921600.0,torch.uint8,"[1, 960, 960]",True,uint8:1ch
jitter,jitter:uint8:1ch:xv3,uint8:1ch,xv3,,extension,validation,0,1088,1088,145,10.354812359758492,10.274152271449566,8.153797686100006,12.550140172243118,1.7759282855533867,6.845394149422646,15.169056132435799,1.5014477921649814,ch32_scale_affine_20260927,torchvision.transforms.ColorJitter,"{""brightness"": 0.1, ""contrast"": 0.1, ""hue"": 0.1, ""saturation"": 0.1}",torch.manual_seed/random.seed(base_seed + 100000*block_id + call_index); set outside the timing window,20260927,"0,1,2,3",4,1183744.0,1184165.0,1183744.0,torch.uint8,"[1, 1088, 1088]",True,Tensor,1183744.0,1184168.0,1183744.0,torch.uint8,"[1, 1088, 1088]",True,uint8:1ch
crop,crop:uint8:1ch:xt0,uint8:1ch,xt0,,extension,train,0,448,448,400,0.6796966656111181,0.6765550933778286,0.6484260782599449,0.7088852114975452,0.03527039822770528,0.6250403821468353,1.1073695495724678,0.27187866624444723,ch32_scale_affine_20260927,torchvision.transforms.RandomResizedCrop,"{""ratio"": [0.75, 1.3333333], ""scale"": [0.08, 1.0], ""size"": [244, 244]}",torch.manual_seed/random.seed(base_seed + 100000*block_id + call_index); set outside the timing window,20260927,"0,1,2,3",4,200704.0,201125.0,200704.0,torch.uint8,"[1, 448, 448]",True,Tensor,59536.0,59944.0,59536.0,torch.uint8,"[1, 244, 244]",True,uint8:1ch
crop,crop:uint8:1ch:xt1,uint8:1ch,xt1,,extension,train,0,672,672,400,0.7935911137610674,0.7919925265014172,0.6910474039614201,0.9000957943499088,0.07829220917348927,0.6460240110754967,1.0038316249847412,0.31743644550442696,ch32_scale_affine_20260927,torchvision.transforms.RandomResizedCrop,"{""ratio"": [0.75, 1.3333333], ""scale"": [0.08, 1.0], ""size"": [244, 244]}",torch.manual_seed/random.seed(base_seed + 100000*block_id + call_index); set outside the timing window,20260927,"0,1,2,3",4,451584.0,452005.0,451584.0,torch.uint8,"[1, 672, 672]",True,Tensor,59536.0,59944.0,59536.0,torch.uint8,"[1, 244, 244]",True,uint8:1ch
crop,crop:uint8:1ch:xt2,uint8:1ch,xt2,,extension,train,0,832,832,400,0.8470787270925939,0.8307592943310738,0.6995492614805698,1.0115530341863632,0.11454878406446829,0.6523942574858665,1.1726683005690575,0.33883149083703756,ch32_scale_affine_20260927,torchvision.transforms.RandomResizedCrop,"{""ratio"": [0.75, 1.3333333], ""scale"": [0.08, 1.0], ""size"": [244, 244]}",torch.manual_seed/random.seed(base_seed + 100000*block_id + call_index); set outside the timing window,20260927,"0,1,2,3",4,692224.0,692645.0,692224.0,torch.uint8,"[1, 832, 832]",True,Tensor,59536.0,59944.0,59536.0,torch.uint8,"[1, 244, 244]",True,uint8:1ch
crop,crop:uint8:1ch:xt3,uint8:1ch,xt3,,extension,train,0,960,960,400,0.821613862644881,0.8240360766649246,0.6891136057674885,0.9575509466230869,0.09923712776970638,0.6457045674324036,1.0896651074290276,0.3286455450579524,ch32_scale_affine_20260927,torchvision.transforms.RandomResizedCrop,"{""ratio"": [0.75, 1.3333333], ""scale"": [0.08, 1.0], ""size"": [244, 244]}",torch.manual_seed/random.seed(base_seed + 100000*block_id + call_index); set outside the timing window,20260927,"0,1,2,3",4,921600.0,922021.0,921600.0,torch.uint8,"[1, 960, 960]",True,Tensor,59536.0,59944.0,59536.0,torch.uint8,"[1, 244, 244]",True,uint8:1ch
crop,crop:uint8:1ch:xv0,uint8:1ch,xv0,,extension,validation,0,576,576,400,0.7175683369860053,0.7135230116546154,0.6617981940507889,0.7788797840476036,0.04590179399381309,0.6329873576760292,1.0449597612023354,0.2870273347944021,ch32_scale_affine_20260927,torchvision.transforms.RandomResizedCrop,"{""ratio"": [0.75, 1.3333333], ""scale"": [0.08, 1.0], ""size"": [244, 244]}",torch.manual_seed/random.seed(base_seed + 100000*block_id + call_index); set outside the timing window,20260927,"0,1,2,3",4,331776.0,332197.0,331776.0,torch.uint8,"[1, 576, 576]",True,Tensor,59536.0,59944.0,59536.0,torch.uint8,"[1, 244, 244]",True,uint8:1ch
crop,crop:uint8:1ch:xv1,uint8:1ch,xv1,,extension,validation,0,768,768,400,0.8460952155292034,0.8300342597067356,0.6953375414013863,1.0102739557623863,0.1136709927198146,0.6434842944145203,1.0894304141402245,0.33843808621168137,ch32_scale_affine_20260927,torchvision.transforms.RandomResizedCrop,"{""ratio"": [0.75, 1.3333333], ""scale"": [0.08, 1.0], ""size"": [244, 244]}",torch.manual_seed/random.seed(base_seed + 100000*block_id + call_index); set outside the timing window,20260927,"0,1,2,3",4,589824.0,590245.0,589824.0,torch.uint8,"[1, 768, 768]",True,Tensor,59536.0,59944.0,59536.0,torch.uint8,"[1, 244, 244]",True,uint8:1ch
crop,crop:uint8:1ch:xv2,uint8:1ch,xv2,,extension,validation,0,896,896,400,0.8552776789292693,0.8678403683006763,0.7061104290187359,0.9861242957413198,0.10326534295225673,0.6520561873912811,1.3206759467720985,0.3421110715717077,ch32_scale_affine_20260927,torchvision.transforms.RandomResizedCrop,"{""ratio"": [0.75, 1.3333333], ""scale"": [0.08, 1.0], ""size"": [244, 244]}",torch.manual_seed/random.seed(base_seed + 100000*block_id + call_index); set outside the timing window,20260927,"0,1,2,3",4,802816.0,803237.0,802816.0,torch.uint8,"[1, 896, 896]",True,Tensor,59536.0,59944.0,59536.0,torch.uint8,"[1, 244, 244]",True,uint8:1ch
crop,crop:uint8:1ch:xv3,uint8:1ch,xv3,,extension,validation,0,986,986,400,0.9532559290528297,0.8895471692085266,0.7410379126667976,1.1426038108766081,0.35989672261894523,0.6747506558895111,3.6879461258649826,0.3813023716211319,ch32_scale_affine_20260927,torchvision.transforms.RandomResizedCrop,"{""ratio"": [0.75, 1.3333333], ""scale"": [0.08, 1.0], ""size"": [244, 244]}",torch.manual_seed/random.seed(base_seed + 100000*block_id + call_index); set outside the timing window,20260927,"0,1,2,3",4,972196.0,972617.0,972196.0,torch.uint8,"[1, 986, 986]",True,Tensor,59536.0,59944.0,59536.0,torch.uint8,"[1, 244, 244]",True,uint8:1ch
flip,flip:uint8:1ch:nt0,uint8:1ch,nt0,,extension,train,0,64,64,400,0.053977370262145996,0.052418094128370285,0.041363947093486786,0.06739124655723572,0.011477622254288783,0.03945641219615936,0.08110981434583664,0.0215909481048584,ch32_scale_affine_20260927,torchvision.transforms.RandomHorizontalFlip,"{""p"": 0.5}",torch.manual_seed/random.seed(base_seed + 100000*block_id + call_index); set outside the timing window,20260927,"0,1,2,3",4,4096.0,4503.0,4096.0,torch.uint8,"[1, 64, 64]",True,Tensor,4096.0,4503.0,4096.0,torch.uint8,"[1, 64, 64]",True,uint8:1ch
flip,flip:uint8:1ch:nt1,uint8:1ch,nt1,,extension,train,0,144,144,400,0.05792693933472037,0.057608820497989655,0.03880932927131653,0.07844585925340652,0.014746935226805046,0.0368533656001091,0.09111501276493073,0.02317077573388815,ch32_scale_affine_20260927,torchvision.transforms.RandomHorizontalFlip,"{""p"": 0.5}",torch.manual_seed/random.seed(base_seed + 100000*block_id + call_index); set outside the timing window,20260927,"0,1,2,3",4,20736.0,21143.0,20736.0,torch.uint8,"[1, 144, 144]",True,Tensor,20736.0,21143.0,20736.0,torch.uint8,"[1, 144, 144]",True,uint8:1ch
flip,flip:uint8:1ch:nt2,uint8:1ch,nt2,,extension,train,0,224,224,400,0.046048539225012064,0.04176609218120575,0.034042540937662125,0.05878917872905731,0.011228576795520723,0.03312341868877411,0.07339194416999817,0.018419415690004826,ch32_scale_affine_20260927,torchvision.transforms.RandomHorizontalFlip,"{""p"": 0.5}",torch.manual_seed/random.seed(base_seed + 100000*block_id + call_index); set outside the timing window,20260927,"0,1,2,3",4,50176.0,50583.0,50176.0,torch.uint8,"[1, 224, 224]",True,Tensor,50176.0,50583.0,50176.0,torch.uint8,"[1, 224, 224]",True,uint8:1ch
flip,flip:uint8:1ch:nt3,uint8:1ch,nt3,,extension,train,0,320,320,400,0.061292804311960936,0.06382260471582413,0.04209531471133232,0.07872013375163081,0.020867209298401808,0.037455931305885315,0.18372293561697006,0.024517121724784374,ch32_scale_affine_20260927,torchvision.transforms.RandomHorizontalFlip,"{""p"": 0.5}",torch.manual_seed/random.seed(base_seed + 100000*block_id + call_index); set outside the timing window,20260927,"0,1,2,3",4,102400.0,102821.0,102400.0,torch.uint8,"[1, 320, 320]",True,Tensor,102400.0,102821.0,102400.0,torch.uint8,"[1, 320, 320]",True,uint8:1ch
flip,flip:uint8:1ch:nt4,uint8:1ch,nt4,,extension,train,0,448,448,400,0.06985886953771114,0.06467802450060844,0.04222821444272995,0.10684570297598839,0.02388836821316632,0.04080589860677719,0.12450572103261948,0.027943547815084457,ch32_scale_affine_20260927,torchvision.transforms.RandomHorizontalFlip,"{""p"": 0.5}",torch.manual_seed/random.seed(base_seed + 100000*block_id + call_index); set outside the timing window,20260927,"0,1,2,3",4,200704.0,201125.0,200704.0,torch.uint8,"[1, 448, 448]",True,Tensor,200704.0,201125.0,200704.0,torch.uint8,"[1, 448, 448]",True,uint8:1ch
flip,flip:uint8:1ch:nt5,uint8:1ch,nt5,,extension,train,0,640,640,400,0.07314795395359397,0.05719950422644615,0.040694884955883026,0.10934397578239441,0.02889692294049501,0.038693659007549286,0.12760795652866364,0.029259181581437588,ch32_scale_affine_20260927,torchvision.transforms.RandomHorizontalFlip,"{""p"": 0.5}",torch.manual_seed/random.seed(base_seed + 100000*block_id + call_index); set outside the timing window,20260927,"0,1,2,3",4,409600.0,410021.0,409600.0,torch.uint8,"[1, 640, 640]",True,Tensor,409600.0,410021.0,409600.0,torch.uint8,"[1, 640, 640]",True,uint8:1ch
flip,flip:uint8:1ch:nt6,uint8:1ch,nt6,,extension,train,0,832,832,400,0.08377754595130682,0.051942188292741776,0.04298863932490349,0.13120025396347046,0.03988862043232455,0.040191225707530975,0.17302390187978745,0.03351101838052273,ch32_scale_affine_20260927,torchvision.transforms.RandomHorizontalFlip,"{""p"": 0.5}",torch.manual_seed/random.seed(base_seed + 100000*block_id + call_index); set outside the timing window,20260927,"0,1,2,3",4,692224.0,692645.0,692224.0,torch.uint8,"[1, 832, 832]",True,Tensor,692224.0,692645.0,692224.0,torch.uint8,"[1, 832, 832]",True,uint8:1ch
flip,flip:uint8:1ch:nt7,uint8:1ch,nt7,,extension,train,0,1024,1024,400,0.12853128369897604,0.06561493501067162,0.0393659807741642,0.25078197941184044,0.08720185639851155,0.038333237171173096,0.2874387428164482,0.051412513479590416,ch32_scale_affine_20260927,torchvision.transforms.RandomHorizontalFlip,"{""p"": 0.5}",torch.manual_seed/random.seed(base_seed + 100000*block_id + call_index); set outside the timing window,20260927,"0,1,2,3",4,1048576.0,1048997.0,1048576.0,torch.uint8,"[1, 1024, 1024]",True,Tensor,1048576.0,1048997.0,1048576.0,torch.uint8,"[1, 1024, 1024]",True,uint8:1ch
flip,flip:uint8:1ch:nv0,uint8:1ch,nv0,,extension,validation,0,96,96,400,0.05791396601125598,0.05598925054073334,0.038840994238853455,0.0825047492980957,0.015323930736250112,0.03713555634021759,0.11562183499336243,0.023165586404502392,ch32_scale_affine_20260927,torchvision.transforms.RandomHorizontalFlip,"{""p"": 0.5}",torch.manual_seed/random.seed(base_seed + 100000*block_id + call_index); set outside the timing window,20260927,"0,1,2,3",4,9216.0,9623.0,9216.0,torch.uint8,"[1, 96, 96]",True,Tensor,9216.0,9623.0,9216.0,torch.uint8,"[1, 96, 96]",True,uint8:1ch
flip,flip:uint8:1ch:nv1,uint8:1ch,nv1,,extension,validation,0,192,192,400,0.047850850969552994,0.04482688382267952,0.03374200314283371,0.06235241889953614,0.012394411122391872,0.03298930823802948,0.0751689076423645,0.019140340387821198,ch32_scale_affine_20260927,torchvision.transforms.RandomHorizontalFlip,"{""p"": 0.5}",torch.manual_seed/random.seed(base_seed + 100000*block_id + call_index); set outside the timing window,20260927,"0,1,2,3",4,36864.0,37271.0,36864.0,torch.uint8,"[1, 192, 192]",True,Tensor,36864.0,37271.0,36864.0,torch.uint8,"[1, 192, 192]",True,uint8:1ch
flip,flip:uint8:1ch:nv2,uint8:1ch,nv2,,extension,validation,0,384,384,400,0.06690156646072865,0.061017926782369614,0.043840985745191574,0.09154565632343292,0.01962318172136817,0.038955360651016235,0.1050969585776329,0.026760626584291458,ch32_scale_affine_20260927,torchvision.transforms.RandomHorizontalFlip,"{""p"": 0.5}",torch.manual_seed/random.seed(base_seed + 100000*block_id + call_index); set outside the timing window,20260927,"0,1,2,3",4,147456.0,147877.0,147456.0,torch.uint8,"[1, 384, 384]",True,Tensor,147456.0,147877.0,147456.0,torch.uint8,"[1, 384, 384]",True,uint8:1ch
flip,flip:uint8:1ch:nv3,uint8:1ch,nv3,,extension,validation,0,704,704,400,0.06769201019778848,0.04648463800549507,0.03855740651488304,0.09908890351653099,0.0283103403160008,0.03739725798368454,0.11535268276929855,0.02707680407911539,ch32_scale_affine_20260927,torchvision.transforms.RandomHorizontalFlip,"{""p"": 0.5}",torch.manual_seed/random.seed(base_seed + 100000*block_id + call_index); set outside the timing window,20260927,"0,1,2,3",4,495616.0,496037.0,495616.0,torch.uint8,"[1, 704, 704]",True,Tensor,495616.0,496037.0,495616.0,torch.uint8,"[1, 704, 704]",True,uint8:1ch
grayscale,grayscale:uint8:1ch:nt0,uint8:1ch,nt0,,extension,train,0,64,64,400,0.032383701764047146,0.03171153366565704,0.030771642923355103,0.03391150385141373,0.0024013443284134264,0.03001466393470764,0.04721246659755707,0.012953480705618858,ch32_scale_affine_20260927,torchvision.transforms.Grayscale,"{""num_output_channels"": 1}",torch.manual_seed/random.seed(base_seed + 100000*block_id + call_index); set outside the timing window,20260927,"0,1,2,3",4,4096.0,4503.0,4096.0,torch.uint8,"[1, 64, 64]",True,Tensor,4096.0,4503.0,4096.0,torch.uint8,"[1, 64, 64]",True,uint8:1ch
grayscale,grayscale:uint8:1ch:nt1,uint8:1ch,nt1,,extension,train,0,144,144,400,0.02824807772412896,0.027728267014026642,0.0269242562353611,0.029312260448932648,0.0029820218979911255,0.026156194508075714,0.07628556340932846,0.011299231089651585,ch32_scale_affine_20260927,torchvision.transforms.Grayscale,"{""num_output_channels"": 1}",torch.manual_seed/random.seed(base_seed + 100000*block_id + call_index); set outside the timing window,20260927,"0,1,2,3",4,20736.0,21143.0,20736.0,torch.uint8,"[1, 144, 144]",True,Tensor,20736.0,21143.0,20736.0,torch.uint8,"[1, 144, 144]",True,uint8:1ch
grayscale,grayscale:uint8:1ch:nt2,uint8:1ch,nt2,,extension,train,0,224,224,400,0.03230750560760498,0.031134113669395447,0.029562972486019135,0.03587054088711739,0.003797036120417748,0.028250738978385925,0.08149072527885437,0.012923002243041992,ch32_scale_affine_20260927,torchvision.transforms.Grayscale,"{""num_output_channels"": 1}",torch.manual_seed/random.seed(base_seed + 100000*block_id + call_index); set outside the timing window,20260927,"0,1,2,3",4,50176.0,50583.0,50176.0,torch.uint8,"[1, 224, 224]",True,Tensor,50176.0,50583.0,50176.0,torch.uint8,"[1, 224, 224]",True,uint8:1ch
grayscale,grayscale:uint8:1ch:nt3,uint8:1ch,nt3,,extension,train,0,320,320,400,0.039574289694428444,0.03695627674460411,0.03384063020348549,0.04782378673553467,0.005631831361821107,0.03302004188299179,0.05437247455120087,0.015829715877771378,ch32_scale_affine_20260927,torchvision.transforms.Grayscale,"{""num_output_channels"": 1}",torch.manual_seed/random.seed(base_seed + 100000*block_id + call_index); set outside the timing window,20260927,"0,1,2,3",4,102400.0,102821.0,102400.0,torch.uint8,"[1, 320, 320]",True,Tensor,102400.0,102821.0,102400.0,torch.uint8,"[1, 320, 320]",True,uint8:1ch
grayscale,grayscale:uint8:1ch:nt4,uint8:1ch,nt4,,extension,train,0,448,448,400,0.046297842636704445,0.045579858124256134,0.041773635894060135,0.051699765026569366,0.004220212933728817,0.040082260966300964,0.07699988782405853,0.018519137054681778,ch32_scale_affine_20260927,torchvision.transforms.Grayscale,"{""num_output_channels"": 1}",torch.manual_seed/random.seed(base_seed + 100000*block_id + call_index); set outside the timing window,20260927,"0,1,2,3",4,200704.0,201125.0,200704.0,torch.uint8,"[1, 448, 448]",True,Tensor,200704.0,201125.0,200704.0,torch.uint8,"[1, 448, 448]",True,uint8:1ch
grayscale,grayscale:uint8:1ch:nt5,uint8:1ch,nt5,,extension,train,0,640,640,400,0.0605837139301002,0.05968986079096794,0.05767885595560074,0.06309133023023605,0.005341684119187816,0.05628261715173721,0.14226045459508896,0.02423348557204008,ch32_scale_affine_20260927,torchvision.transforms.Grayscale,"{""num_output_channels"": 1}",torch.manual_seed/random.seed(base_seed + 100000*block_id + call_index); set outside the timing window,20260927,"0,1,2,3",4,409600.0,410021.0,409600.0,torch.uint8,"[1, 640, 640]",True,Tensor,409600.0,410021.0,409600.0,torch.uint8,"[1, 640, 640]",True,uint8:1ch
grayscale,grayscale:uint8:1ch:nt6,uint8:1ch,nt6,,extension,train,0,832,832,400,0.08674723096191883,0.08537154644727707,0.08196551352739334,0.0937875360250473,0.005036317057151203,0.07903482764959335,0.11899136006832123,0.03469889238476753,ch32_scale_affine_20260927,torchvision.transforms.Grayscale,"{""num_output_channels"": 1}",torch.manual_seed/random.seed(base_seed + 100000*block_id + call_index); set outside the timing window,20260927,"0,1,2,3",4,692224.0,692645.0,692224.0,torch.uint8,"[1, 832, 832]",True,Tensor,692224.0,692645.0,692224.0,torch.uint8,"[1, 832, 832]",True,uint8:1ch
grayscale,grayscale:uint8:1ch:nt7,uint8:1ch,nt7,,extension,train,0,1024,1024,400,0.17726443009451032,0.1651812344789505,0.15438497066497803,0.2095477655529976,0.02263622695551962,0.15207938849925995,0.2241469919681549,0.07090577203780413,ch32_scale_affine_20260927,torchvision.transforms.Grayscale,"{""num_output_channels"": 1}",torch.manual_seed/random.seed(base_seed + 100000*block_id + call_index); set outside the timing window,20260927,"0,1,2,3",4,1048576.0,1048997.0,1048576.0,torch.uint8,"[1, 1024, 1024]",True,Tensor,1048576.0,1048997.0,1048576.0,torch.uint8,"[1, 1024, 1024]",True,uint8:1ch
grayscale,grayscale:uint8:1ch:nv0,uint8:1ch,nv0,,extension,validation,0,96,96,400,0.028978288173675537,0.028409529477357864,0.02682376652956009,0.03131357952952385,0.002496327445725389,0.025984831154346466,0.042504630982875824,0.011591315269470215,ch32_scale_affine_20260927,torchvision.transforms.Grayscale,"{""num_output_channels"": 1}",torch.manual_seed/random.seed(base_seed + 100000*block_id + call_index); set outside the timing window,20260927,"0,1,2,3",4,9216.0,9623.0,9216.0,torch.uint8,"[1, 96, 96]",True,Tensor,9216.0,9623.0,9216.0,torch.uint8,"[1, 96, 96]",True,uint8:1ch
grayscale,grayscale:uint8:1ch:nv1,uint8:1ch,nv1,,extension,validation,0,192,192,400,0.031839669682085514,0.03120163455605507,0.029593612998723984,0.03409720957279205,0.0036192079962565887,0.028879381716251373,0.08585862815380096,0.012735867872834206,ch32_scale_affine_20260927,torchvision.transforms.Grayscale,"{""num_output_channels"": 1}",torch.manual_seed/random.seed(base_seed + 100000*block_id + call_index); set outside the timing window,20260927,"0,1,2,3",4,36864.0,37271.0,36864.0,torch.uint8,"[1, 192, 192]",True,Tensor,36864.0,37271.0,36864.0,torch.uint8,"[1, 192, 192]",True,uint8:1ch
grayscale,grayscale:uint8:1ch:nv2,uint8:1ch,nv2,,extension,validation,0,384,384,400,0.04085844149813056,0.039589591324329376,0.03825780004262924,0.047989841550588615,0.0037335517559392096,0.03551505506038666,0.058280304074287415,0.016343376599252224,ch32_scale_affine_20260927,torchvision.transforms.Grayscale,"{""num_output_channels"": 1}",torch.manual_seed/random.seed(base_seed + 100000*block_id + call_index); set outside the timing window,20260927,"0,1,2,3",4,147456.0,147877.0,147456.0,torch.uint8,"[1, 384, 384]",True,Tensor,147456.0,147877.0,147456.0,torch.uint8,"[1, 384, 384]",True,uint8:1ch
grayscale,grayscale:uint8:1ch:nv3,uint8:1ch,nv3,,extension,validation,0,704,704,400,0.07173398043960333,0.07098307833075523,0.06420426070690155,0.07780436426401138,0.0065446846986936605,0.06264448165893555,0.1212460920214653,0.02869359217584133,ch32_scale_affine_20260927,torchvision.transforms.Grayscale,"{""num_output_channels"": 1}",torch.manual_seed/random.seed(base_seed + 100000*block_id + call_index); set outside the timing window,20260927,"0,1,2,3",4,495616.0,496037.0,495616.0,torch.uint8,"[1, 704, 704]",True,Tensor,495616.0,496037.0,495616.0,torch.uint8,"[1, 704, 704]",True,uint8:1ch
grayscale,grayscale:float32:1ch:nt0,float32:1ch,nt0,,extension,train,0,64,64,400,0.03080660244449973,0.028709881007671356,0.027527008205652237,0.039027538150548935,0.0046292523151642,0.026771798729896545,0.05385000258684158,0.012322640977799892,ch32_scale_affine_20260927,torchvision.transforms.Grayscale,"{""num_output_channels"": 1}",torch.manual_seed/random.seed(base_seed + 100000*block_id + call_index); set outside the timing window,20260927,"0,1,2,3",4,4096.0,16792.0,16384.0,torch.float32,"[1, 64, 64]",True,Tensor,4096.0,16792.0,16384.0,torch.float32,"[1, 64, 64]",True,float32:1ch
grayscale,grayscale:float32:1ch:nt1,float32:1ch,nt1,,extension,train,0,144,144,400,0.03297015791758895,0.03200303763151169,0.030941329896450043,0.03529787063598633,0.0027454952387601225,0.03019440919160843,0.05055312067270279,0.01318806316703558,ch32_scale_affine_20260927,torchvision.transforms.Grayscale,"{""num_output_channels"": 1}",torch.manual_seed/random.seed(base_seed + 100000*block_id + call_index); set outside the timing window,20260927,"0,1,2,3",4,20736.0,83361.0,82944.0,torch.float32,"[1, 144, 144]",True,Tensor,20736.0,83361.0,82944.0,torch.float32,"[1, 144, 144]",True,float32:1ch
grayscale,grayscale:float32:1ch:nt2,float32:1ch,nt2,,extension,train,0,224,224,400,0.041193277575075626,0.040531158447265625,0.039511919021606445,0.04336293786764145,0.002481014393313547,0.03845524042844772,0.05616340786218643,0.01647731103003025,ch32_scale_affine_20260927,torchvision.transforms.Grayscale,"{""num_output_channels"": 1}",torch.manual_seed/random.seed(base_seed + 100000*block_id + call_index); set outside the timing window,20260927,"0,1,2,3",4,50176.0,201121.0,200704.0,torch.float32,"[1, 224, 224]",True,Tensor,50176.0,201121.0,200704.0,torch.float32,"[1, 224, 224]",True,float32:1ch
grayscale,grayscale:float32:1ch:nt3,float32:1ch,nt3,,extension,train,0,320,320,400,0.06682750768959522,0.05967402830719948,0.05700206384062767,0.08305804803967476,0.010936962493000125,0.055878423154354095,0.0965222716331482,0.02673100307583809,ch32_scale_affine_20260927,torchvision.transforms.Grayscale,"{""num_output_channels"": 1}",torch.manual_seed/random.seed(base_seed + 100000*block_id + call_index); set outside the timing window,20260927,"0,1,2,3",4,102400.0,410022.0,409600.0,torch.float32,"[1, 320, 320]",True,Tensor,102400.0,410022.0,409600.0,torch.float32,"[1, 320, 320]",True,float32:1ch
grayscale,grayscale:float32:1ch:nt4,float32:1ch,nt4,,extension,train,0,448,448,400,0.10902734706178308,0.10459497570991516,0.09101182222366333,0.1326809637248516,0.016459728626713688,0.08851010352373123,0.1479675993323326,0.04361093882471323,ch32_scale_affine_20260927,torchvision.transforms.Grayscale,"{""num_output_channels"": 1}",torch.manual_seed/random.seed(base_seed + 100000*block_id + call_index); set outside the timing window,20260927,"0,1,2,3",4,200704.0,803238.0,802816.0,torch.float32,"[1, 448, 448]",True,Tensor,200704.0,803238.0,802816.0,torch.float32,"[1, 448, 448]",True,float32:1ch
grayscale,grayscale:float32:1ch:nt5,float32:1ch,nt5,,extension,train,0,640,640,400,0.2549857785925269,0.2442975528538227,0.23374510928988457,0.28884634375572205,0.022568978844009078,0.22972654551267624,0.3302376717329025,0.10199431143701077,ch32_scale_affine_20260927,torchvision.transforms.Grayscale,"{""num_output_channels"": 1}",torch.manual_seed/random.seed(base_seed + 100000*block_id + call_index); set outside the timing window,20260927,"0,1,2,3",4,409600.0,1638822.0,1638400.0,torch.float32,"[1, 640, 640]",True,Tensor,409600.0,1638822.0,1638400.0,torch.float32,"[1, 640, 640]",True,float32:1ch
grayscale,grayscale:float32:1ch:nt6,float32:1ch,nt6,,extension,train,0,832,832,400,0.41252883384004235,0.4080208018422127,0.3942773677408695,0.43619126081466675,0.016712196110315262,0.3833891823887825,0.5063805729150772,0.16501153353601694,ch32_scale_affine_20260927,torchvision.transforms.Grayscale,"{""num_output_channels"": 1}",torch.manual_seed/random.seed(base_seed + 100000*block_id + call_index); set outside the timing window,20260927,"0,1,2,3",4,692224.0,2769318.0,2768896.0,torch.float32,"[1, 832, 832]",True,Tensor,692224.0,2769318.0,2768896.0,torch.float32,"[1, 832, 832]",True,float32:1ch
grayscale,grayscale:float32:1ch:nt7,float32:1ch,nt7,,extension,train,0,1024,1024,400,0.6078333058394492,0.605299137532711,0.5861912854015827,0.6300229579210281,0.02320276927665636,0.5562910810112953,0.8006561547517776,0.24313332233577967,ch32_scale_affine_20260927,torchvision.transforms.Grayscale,"{""num_output_channels"": 1}",torch.manual_seed/random.seed(base_seed + 100000*block_id + call_index); set outside the timing window,20260927,"0,1,2,3",4,1048576.0,4194726.0,4194304.0,torch.float32,"[1, 1024, 1024]",True,Tensor,1048576.0,4194726.0,4194304.0,torch.float32,"[1, 1024, 1024]",True,float32:1ch
grayscale,grayscale:float32:1ch:nv0,float32:1ch,nv0,,extension,validation,0,96,96,400,0.03165575210005045,0.03129569813609123,0.03013191744685173,0.033027492463588715,0.0019081403675666397,0.02938881516456604,0.04292093217372894,0.01266230084002018,ch32_scale_affine_20260927,torchvision.transforms.Grayscale,"{""num_output_channels"": 1}",torch.manual_seed/random.seed(base_seed + 100000*block_id + call_index); set outside the timing window,20260927,"0,1,2,3",4,9216.0,37272.0,36864.0,torch.float32,"[1, 96, 96]",True,Tensor,9216.0,37272.0,36864.0,torch.float32,"[1, 96, 96]",True,float32:1ch
grayscale,grayscale:float32:1ch:nv1,float32:1ch,nv1,,extension,validation,0,192,192,400,0.03744329325854778,0.03695068880915642,0.03602076321840286,0.03886409103870392,0.0020903451162858256,0.035383738577365875,0.05590636283159256,0.014977317303419113,ch32_scale_affine_20260927,torchvision.transforms.Grayscale,"{""num_output_channels"": 1}",torch.manual_seed/random.seed(base_seed + 100000*block_id + call_index); set outside the timing window,20260927,"0,1,2,3",4,36864.0,147873.0,147456.0,torch.float32,"[1, 192, 192]",True,Tensor,36864.0,147873.0,147456.0,torch.float32,"[1, 192, 192]",True,float32:1ch
grayscale,grayscale:float32:1ch:nv2,float32:1ch,nv2,,extension,validation,0,384,384,400,0.07253816351294518,0.07189670577645302,0.0696456991136074,0.07498990744352341,0.003058736079636011,0.06844010204076767,0.08861813694238663,0.02901526540517807,ch32_scale_affine_20260927,torchvision.transforms.Grayscale,"{""num_output_channels"": 1}",torch.manual_seed/random.seed(base_seed + 100000*block_id + call_index); set outside the timing window,20260927,"0,1,2,3",4,147456.0,590246.0,589824.0,torch.float32,"[1, 384, 384]",True,Tensor,147456.0,590246.0,589824.0,torch.float32,"[1, 384, 384]",True,float32:1ch
grayscale,grayscale:float32:1ch:nv3,float32:1ch,nv3,,extension,validation,0,704,704,400,0.29274717438966036,0.288503710180521,0.27853380888700485,0.31284382566809654,0.015019592657666416,0.2717869356274605,0.40490273386240005,0.11709886975586414,ch32_scale_affine_20260927,torchvision.transforms.Grayscale,"{""num_output_channels"": 1}",torch.manual_seed/random.seed(base_seed + 100000*block_id + call_index); set outside the timing window,20260927,"0,1,2,3",4,495616.0,1982886.0,1982464.0,torch.float32,"[1, 704, 704]",True,Tensor,495616.0,1982886.0,1982464.0,torch.float32,"[1, 704, 704]",True,float32:1ch
blur,blur:float32:1ch:t4,float32:1ch,t4,,control,control,0,224,224,327,7.717823558444277,2.2976938635110855,2.2152097895741463,26.062263175845146,14.149198646661452,2.1722642704844475,85.13947855681181,2.5237283036112785,ch32_scale_affine_20260927,torchvision.transforms.GaussianBlur,"{""kernel_size"": 11, ""sigma"": [0.1, 2.0]}",torch.manual_seed/random.seed(base_seed + 100000*block_id + call_index); set outside the timing window,20260927,"0,1,2,3",4,50176.0,201121.0,200704.0,torch.float32,"[1, 224, 224]",True,Tensor,50176.0,201122.0,200704.0,torch.float32,"[1, 224, 224]",True,float32:1ch
blur,blur:uint8:3ch:t7,uint8:3ch,t7,,control,control,0,512,512,73,35.08624809551729,27.61712670326233,25.794073939323425,30.481239035725594,23.629046896825653,25.18466766923666,151.01174730807543,2.561296110972762,ch32_scale_affine_20260927,torchvision.transforms.GaussianBlur,"{""kernel_size"": 11, ""sigma"": [0.1, 2.0]}",torch.manual_seed/random.seed(base_seed + 100000*block_id + call_index); set outside the timing window,20260927,"0,1,2,3",4,786432.0,786856.0,786432.0,torch.uint8,"[3, 512, 512]",True,Tensor,786432.0,786856.0,786432.0,torch.uint8,"[3, 512, 512]",True,uint8:3ch
jitter,jitter:float32:3ch:t4,float32:3ch,t4,,control,control,0,224,224,202,7.449208399151812,7.411948870867491,6.903022713959217,7.94864883646369,0.36909735897646895,6.617269478738308,8.207117207348347,1.504740096628666,ch32_scale_affine_20260927,torchvision.transforms.ColorJitter,"{""brightness"": 0.1, ""contrast"": 0.1, ""hue"": 0.1, ""saturation"": 0.1}",torch.manual_seed/random.seed(base_seed + 100000*block_id + call_index); set outside the timing window,20260927,"0,1,2,3",4,150528.0,602532.0,602112.0,torch.float32,"[3, 224, 224]",True,Tensor,150528.0,602532.0,602112.0,torch.float32,"[3, 224, 224]",False,float32:3ch
jitter,jitter:uint8:1ch:t7,uint8:1ch,t7,,control,control,0,512,512,400,1.6547891683876514,1.6473517753183842,1.576971635222435,1.7401029355823994,0.06903696209174576,1.5359362587332726,2.0732730627059937,0.6619156673550606,ch32_scale_affine_20260927,torchvision.transforms.ColorJitter,"{""brightness"": 0.1, ""contrast"": 0.1, ""hue"": 0.1, ""saturation"": 0.1}",torch.manual_seed/random.seed(base_seed + 100000*block_id + call_index); set outside the timing window,20260927,"0,1,2,3",4,262144.0,262565.0,262144.0,torch.uint8,"[1, 512, 512]",True,Tensor,262144.0,262568.0,262144.0,torch.uint8,"[1, 512, 512]",True,uint8:1ch
crop,crop:float32:3ch:t6,float32:3ch,t6,,control,control,0,384,384,400,1.7747632809914649,1.7686826176941395,1.6452311538159847,1.9089378416538239,0.11025970926501644,1.4073224738240242,2.4883532896637917,0.7099053123965859,ch32_scale_affine_20260927,torchvision.transforms.RandomResizedCrop,"{""ratio"": [0.75, 1.3333333], ""scale"": [0.08, 1.0], ""size"": [244, 244]}",torch.manual_seed/random.seed(base_seed + 100000*block_id + call_index); set outside the timing window,20260927,"0,1,2,3",4,442368.0,1769897.0,1769472.0,torch.float32,"[3, 384, 384]",True,Tensor,178608.0,714852.0,714432.0,torch.float32,"[3, 244, 244]",True,float32:3ch
crop,crop:uint8:1ch:t7,uint8:1ch,t7,,control,control,0,448,448,400,0.702486818190664,0.691637396812439,0.6474386900663376,0.7870690897107124,0.05223679192441653,0.628267414867878,1.075909473001957,0.2809947272762656,ch32_scale_affine_20260927,torchvision.transforms.RandomResizedCrop,"{""ratio"": [0.75, 1.3333333], ""scale"": [0.08, 1.0], ""size"": [244, 244]}",torch.manual_seed/random.seed(base_seed + 100000*block_id + call_index); set outside the timing window,20260927,"0,1,2,3",4,200704.0,201125.0,200704.0,torch.uint8,"[1, 448, 448]",True,Tensor,59536.0,59944.0,59536.0,torch.uint8,"[1, 244, 244]",True,uint8:1ch
grayscale,grayscale:float32:3ch:t4,float32:3ch,t4,,control,control,0,224,224,400,0.18673185724765062,0.1819916069507599,0.1660444773733616,0.21237898617982864,0.01743180756444791,0.16267132014036179,0.234115868806839,0.07469274289906025,ch32_scale_affine_20260927,torchvision.transforms.Grayscale,"{""num_output_channels"": 1}",torch.manual_seed/random.seed(base_seed + 100000*block_id + call_index); set outside the timing window,20260927,"0,1,2,3",4,150528.0,602532.0,602112.0,torch.float32,"[3, 224, 224]",True,Tensor,50176.0,201122.0,200704.0,torch.float32,"[1, 224, 224]",True,float32:1ch
flip,flip:float32:3ch:t4,float32:3ch,t4,,control,control,0,224,224,400,0.07184914080426097,0.04744110628962517,0.03810804337263107,0.10732756927609444,0.033117064589823254,0.03740377724170685,0.1610768958926201,0.028739656321704388,ch32_scale_affine_20260927,torchvision.transforms.RandomHorizontalFlip,"{""p"": 0.5}",torch.manual_seed/random.seed(base_seed + 100000*block_id + call_index); set outside the timing window,20260927,"0,1,2,3",4,150528.0,602532.0,602112.0,torch.float32,"[3, 224, 224]",True,Tensor,150528.0,602532.0,602112.0,torch.float32,"[3, 224, 224]",True,float32:3ch
jitter,jitter:uint8:1ch:xt0,uint8:1ch,xt0,,extension,train,1,512,512,400,1.622229830827564,1.5999930910766125,1.5542714856564999,1.7301940359175205,0.07757738303190595,1.5165973454713821,2.102259546518326,0.6488919323310256,ch32_scale_affine_20260927,torchvision.transforms.ColorJitter,"{""brightness"": 0.1, ""contrast"": 0.1, ""hue"": 0.1, ""saturation"": 0.1}",torch.manual_seed/random.seed(base_seed + 100000*block_id + call_index); set outside the timing window,20360927,"0,1,2,3",4,262144.0,262565.0,262144.0,torch.uint8,"[1, 512, 512]",True,Tensor,262144.0,262568.0,262144.0,torch.uint8,"[1, 512, 512]",True,uint8:1ch
jitter,jitter:uint8:1ch:xt1,uint8:1ch,xt1,,extension,train,1,736,736,400,3.4292500047013164,3.404935821890831,3.0774067156016827,3.730572946369648,0.43220962099170607,2.8663156554102898,8.528385311365128,1.3717000018805265,ch32_scale_affine_20260927,torchvision.transforms.ColorJitter,"{""brightness"": 0.1, ""contrast"": 0.1, ""hue"": 0.1, ""saturation"": 0.1}",torch.manual_seed/random.seed(base_seed + 100000*block_id + call_index); set outside the timing window,20360927,"0,1,2,3",4,541696.0,542117.0,541696.0,torch.uint8,"[1, 736, 736]",True,Tensor,541696.0,542120.0,541696.0,torch.uint8,"[1, 736, 736]",True,uint8:1ch
jitter,jitter:uint8:1ch:xt2,uint8:1ch,xt2,,extension,train,1,1024,1024,124,12.145339443738903,13.012203853577375,7.183008175343275,18.00878793001175,4.426542162516952,6.616470403969288,19.74604744464159,1.506022091023624,ch32_scale_affine_20260927,torchvision.transforms.ColorJitter,"{""brightness"": 0.1, ""contrast"": 0.1, ""hue"": 0.1, ""saturation"": 0.1}",torch.manual_seed/random.seed(base_seed + 100000*block_id + call_index); set outside the timing window,20360927,"0,1,2,3",4,1048576.0,1048997.0,1048576.0,torch.uint8,"[1, 1024, 1024]",True,Tensor,1048576.0,1049000.0,1048576.0,torch.uint8,"[1, 1024, 1024]",True,uint8:1ch
jitter,jitter:uint8:1ch:xt3,uint8:1ch,xt3,,extension,train,1,1098,1098,177,8.49148048098478,8.207074366509914,7.3186613619327545,9.949493408203125,1.4431957432438092,7.035343907773495,17.63846166431904,1.502992045134306,ch32_scale_affine_20260927,torchvision.transforms.ColorJitter,"{""brightness"": 0.1, ""contrast"": 0.1, ""hue"": 0.1, ""saturation"": 0.1}",torch.manual_seed/random.seed(base_seed + 100000*block_id + call_index); set outside the timing window,20360927,"0,1,2,3",4,1205604.0,1206025.0,1205604.0,torch.uint8,"[1, 1098, 1098]",True,Tensor,1205604.0,1206028.0,1205604.0,torch.uint8,"[1, 1098, 1098]",True,uint8:1ch
jitter,jitter:uint8:1ch:xv0,uint8:1ch,xv0,,extension,validation,1,640,640,400,2.4306518770754337,2.3783165961503983,2.26955721154809,2.667216118425131,0.1515605275604845,2.18807440251112,2.814999781548977,0.9722607508301735,ch32_scale_affine_20260927,torchvision.transforms.ColorJitter,"{""brightness"": 0.1, ""contrast"": 0.1, ""hue"": 0.1, ""saturation"": 0.1}",torch.manual_seed/random.seed(base_seed + 100000*block_id + call_index); set outside the timing window,20360927,"0,1,2,3",4,409600.0,410021.0,409600.0,torch.uint8,"[1, 640, 640]",True,Tensor,409600.0,410024.0,409600.0,torch.uint8,"[1, 640, 640]",True,uint8:1ch
jitter,jitter:uint8:1ch:xv1,uint8:1ch,xv1,,extension,validation,1,832,832,367,4.095802921040506,4.091107286512852,3.7084586918354034,4.642507247626782,0.36033839676340274,3.5751331597566605,5.20184263586998,1.5031596720218658,ch32_scale_affine_20260927,torchvision.transforms.ColorJitter,"{""brightness"": 0.1, ""contrast"": 0.1, ""hue"": 0.1, ""saturation"": 0.1}",torch.manual_seed/random.seed(base_seed + 100000*block_id + call_index); set outside the timing window,20360927,"0,1,2,3",4,692224.0,692645.0,692224.0,torch.uint8,"[1, 832, 832]",True,Tensor,692224.0,692648.0,692224.0,torch.uint8,"[1, 832, 832]",True,uint8:1ch
jitter,jitter:uint8:1ch:xv2,uint8:1ch,xv2,,extension,validation,1,960,960,201,7.469586963158342,6.469757296144962,6.197454407811165,11.277660727500916,2.2808132737643527,5.152713507413864,14.459826983511448,1.5013869795948267,ch32_scale_affine_20260927,torchvision.transforms.ColorJitter,"{""brightness"": 0.1, ""contrast"": 0.1, ""hue"": 0.1, ""saturation"": 0.1}",torch.manual_seed/random.seed(base_seed + 100000*block_id + call_index); set outside the timing window,20360927,"0,1,2,3",4,921600.0,922021.0,921600.0,torch.uint8,"[1, 960, 960]",True,Tensor,921600.0,922024.0,921600.0,torch.uint8,"[1, 960, 960]",True,uint8:1ch
jitter,jitter:uint8:1ch:xv3,uint8:1ch,xv3,,extension,validation,1,1088,1088,156,9.663782828750136,9.466603398323059,7.505306508392096,12.262113858014345,1.9218794034297395,6.660850718617439,16.7807349935174,1.5075501212850213,ch32_scale_affine_20260927,torchvision.transforms.ColorJitter,"{""brightness"": 0.1, ""contrast"": 0.1, ""hue"": 0.1, ""saturation"": 0.1}",torch.manual_seed/random.seed(base_seed + 100000*block_id + call_index); set outside the timing window,20360927,"0,1,2,3",4,1183744.0,1184165.0,1183744.0,torch.uint8,"[1, 1088, 1088]",True,Tensor,1183744.0,1184168.0,1183744.0,torch.uint8,"[1, 1088, 1088]",True,uint8:1ch
crop,crop:uint8:1ch:xt0,uint8:1ch,xt0,,extension,train,1,448,448,400,0.7182599185034633,0.7215333171188831,0.6568594835698605,0.776203628629446,0.048196252753385134,0.6284015253186226,0.8631674572825432,0.2873039674013853,ch32_scale_affine_20260927,torchvision.transforms.RandomResizedCrop,"{""ratio"": [0.75, 1.3333333], ""scale"": [0.08, 1.0], ""size"": [244, 244]}",torch.manual_seed/random.seed(base_seed + 100000*block_id + call_index); set outside the timing window,20360927,"0,1,2,3",4,200704.0,201125.0,200704.0,torch.uint8,"[1, 448, 448]",True,Tensor,59536.0,59944.0,59536.0,torch.uint8,"[1, 244, 244]",True,uint8:1ch
crop,crop:uint8:1ch:xt1,uint8:1ch,xt1,,extension,train,1,672,672,400,0.7608203589916229,0.7569557055830956,0.6933153606951237,0.8217728696763515,0.060096287215489375,0.6501851603388786,1.4153756201267242,0.30432814359664917,ch32_scale_affine_20260927,torchvision.transforms.RandomResizedCrop,"{""ratio"": [0.75, 1.3333333], ""scale"": [0.08, 1.0], ""size"": [244, 244]}",torch.manual_seed/random.seed(base_seed + 100000*block_id + call_index); set outside the timing window,20360927,"0,1,2,3",4,451584.0,452005.0,451584.0,torch.uint8,"[1, 672, 672]",True,Tensor,59536.0,59944.0,59536.0,torch.uint8,"[1, 244, 244]",True,uint8:1ch
crop,crop:uint8:1ch:xt2,uint8:1ch,xt2,,extension,train,1,832,832,400,0.8585865725763142,0.8675898425281048,0.7424747571349144,0.9523598477244377,0.0795685976719511,0.6634853780269623,1.0705040767788887,0.3434346290305257,ch32_scale_affine_20260927,torchvision.transforms.RandomResizedCrop,"{""ratio"": [0.75, 1.3333333], ""scale"": [0.08, 1.0], ""size"": [244, 244]}",torch.manual_seed/random.seed(base_seed + 100000*block_id + call_index); set outside the timing window,20360927,"0,1,2,3",4,692224.0,692645.0,692224.0,torch.uint8,"[1, 832, 832]",True,Tensor,59536.0,59944.0,59536.0,torch.uint8,"[1, 244, 244]",True,uint8:1ch
crop,crop:uint8:1ch:xt3,uint8:1ch,xt3,,extension,train,1,960,960,400,0.8918068441562355,0.8818283677101135,0.7200696505606174,1.0148081928491592,0.17978192795738251,0.6779143586754799,2.0103557035326958,0.3567227376624942,ch32_scale_affine_20260927,torchvision.transforms.RandomResizedCrop,"{""ratio"": [0.75, 1.3333333], ""scale"": [0.08, 1.0], ""size"": [244, 244]}",torch.manual_seed/random.seed(base_seed + 100000*block_id + call_index); set outside the timing window,20360927,"0,1,2,3",4,921600.0,922021.0,921600.0,torch.uint8,"[1, 960, 960]",True,Tensor,59536.0,59944.0,59536.0,torch.uint8,"[1, 244, 244]",True,uint8:1ch
crop,crop:uint8:1ch:xv0,uint8:1ch,xv0,,extension,validation,1,576,576,400,0.702580870129168,0.704591628164053,0.6545277312397957,0.7437790744006634,0.035899486493793674,0.624421052634716,0.8578002452850342,0.2810323480516672,ch32_scale_affine_20260927,torchvision.transforms.RandomResizedCrop,"{""ratio"": [0.75, 1.3333333], ""scale"": [0.08, 1.0], ""size"": [244, 244]}",torch.manual_seed/random.seed(base_seed + 100000*block_id + call_index); set outside the timing window,20360927,"0,1,2,3",4,331776.0,332197.0,331776.0,torch.uint8,"[1, 576, 576]",True,Tensor,59536.0,59944.0,59536.0,torch.uint8,"[1, 244, 244]",True,uint8:1ch
crop,crop:uint8:1ch:xv1,uint8:1ch,xv1,,extension,validation,1,768,768,400,0.7709013158455491,0.7695667445659637,0.6956985220313072,0.8500014431774616,0.06096258286356453,0.6397189572453499,1.0018497705459595,0.30836052633821964,ch32_scale_affine_20260927,torchvision.transforms.RandomResizedCrop,"{""ratio"": [0.75, 1.3333333], ""scale"": [0.08, 1.0], ""size"": [244, 244]}",torch.manual_seed/random.seed(base_seed + 100000*block_id + call_index); set outside the timing window,20360927,"0,1,2,3",4,589824.0,590245.0,589824.0,torch.uint8,"[1, 768, 768]",True,Tensor,59536.0,59944.0,59536.0,torch.uint8,"[1, 244, 244]",True,uint8:1ch
crop,crop:uint8:1ch:xv2,uint8:1ch,xv2,,extension,validation,1,896,896,400,0.8226544177159667,0.8085314184427261,0.7083039730787277,0.9221318177878857,0.1209572551788822,0.6469422951340675,2.2498350590467453,0.3290617670863867,ch32_scale_affine_20260927,torchvision.transforms.RandomResizedCrop,"{""ratio"": [0.75, 1.3333333], ""scale"": [0.08, 1.0], ""size"": [244, 244]}",torch.manual_seed/random.seed(base_seed + 100000*block_id + call_index); set outside the timing window,20360927,"0,1,2,3",4,802816.0,803237.0,802816.0,torch.uint8,"[1, 896, 896]",True,Tensor,59536.0,59944.0,59536.0,torch.uint8,"[1, 244, 244]",True,uint8:1ch
crop,crop:uint8:1ch:xv3,uint8:1ch,xv3,,extension,validation,1,986,986,400,1.0515806451439857,0.957190990447998,0.8151811547577381,1.0811470448970795,0.528162366051841,0.7156971842050552,3.864428959786892,0.4206322580575943,ch32_scale_affine_20260927,torchvision.transforms.RandomResizedCrop,"{""ratio"": [0.75, 1.3333333], ""scale"": [0.08, 1.0], ""size"": [244, 244]}",torch.manual_seed/random.seed(base_seed + 100000*block_id + call_index); set outside the timing window,20360927,"0,1,2,3",4,972196.0,972617.0,972196.0,torch.uint8,"[1, 986, 986]",True,Tensor,59536.0,59944.0,59536.0,torch.uint8,"[1, 244, 244]",True,uint8:1ch
flip,flip:uint8:1ch:nt0,uint8:1ch,nt0,,extension,train,1,64,64,400,0.0465524778701365,0.038304366171360016,0.03351746127009392,0.06110621616244316,0.012881987038003532,0.03262236714363098,0.07651001214981079,0.0186209911480546,ch32_scale_affine_20260927,torchvision.transforms.RandomHorizontalFlip,"{""p"": 0.5}",torch.manual_seed/random.seed(base_seed + 100000*block_id + call_index); set outside the timing window,20360927,"0,1,2,3",4,4096.0,4503.0,4096.0,torch.uint8,"[1, 64, 64]",True,Tensor,4096.0,4503.0,4096.0,torch.uint8,"[1, 64, 64]",True,uint8:1ch
flip,flip:uint8:1ch:nt1,uint8:1ch,nt1,,extension,train,1,144,144,400,0.05041977623477578,0.055666081607341766,0.03318833187222481,0.06558429449796677,0.018876413326853973,0.03229454159736633,0.13113580644130707,0.020167910493910313,ch32_scale_affine_20260927,torchvision.transforms.RandomHorizontalFlip,"{""p"": 0.5}",torch.manual_seed/random.seed(base_seed + 100000*block_id + call_index); set outside the timing window,20360927,"0,1,2,3",4,20736.0,21143.0,20736.0,torch.uint8,"[1, 144, 144]",True,Tensor,20736.0,21143.0,20736.0,torch.uint8,"[1, 144, 144]",True,uint8:1ch
flip,flip:uint8:1ch:nt2,uint8:1ch,nt2,,extension,train,1,224,224,400,0.051984216552227736,0.04682270810008049,0.039143022149801254,0.06497427821159363,0.011421206189270073,0.03796815872192383,0.08966214954853058,0.020793686620891094,ch32_scale_affine_20260927,torchvision.transforms.RandomHorizontalFlip,"{""p"": 0.5}",torch.manual_seed/random.seed(base_seed + 100000*block_id + call_index); set outside the timing window,20360927,"0,1,2,3",4,50176.0,50583.0,50176.0,torch.uint8,"[1, 224, 224]",True,Tensor,50176.0,50583.0,50176.0,torch.uint8,"[1, 224, 224]",True,uint8:1ch
flip,flip:uint8:1ch:nt3,uint8:1ch,nt3,,extension,train,1,320,320,400,0.05413307575508952,0.04532793536782265,0.03821449354290962,0.07549775764346124,0.015154433139818672,0.037183985114097595,0.09361375123262405,0.02165323030203581,ch32_scale_affine_20260927,torchvision.transforms.RandomHorizontalFlip,"{""p"": 0.5}",torch.manual_seed/random.seed(base_seed + 100000*block_id + call_index); set outside the timing window,20360927,"0,1,2,3",4,102400.0,102821.0,102400.0,torch.uint8,"[1, 320, 320]",True,Tensor,102400.0,102821.0,102400.0,torch.uint8,"[1, 320, 320]",True,uint8:1ch
flip,flip:uint8:1ch:nt4,uint8:1ch,nt4,,extension,train,1,448,448,400,0.06491233827546239,0.05869800224900246,0.04039360210299492,0.10203253477811815,0.021563245793823353,0.03825966268777847,0.12506358325481415,0.025964935310184956,ch32_scale_affine_20260927,torchvision.transforms.RandomHorizontalFlip,"{""p"": 0.5}",torch.manual_seed/random.seed(base_seed + 100000*block_id + call_index); set outside the timing window,20360927,"0,1,2,3",4,200704.0,201125.0,200704.0,torch.uint8,"[1, 448, 448]",True,Tensor,200704.0,201125.0,200704.0,torch.uint8,"[1, 448, 448]",True,uint8:1ch
flip,flip:uint8:1ch:nt5,uint8:1ch,nt5,,extension,train,1,640,640,400,0.07137217558920383,0.05188398063182831,0.043108779937028885,0.10540084913372993,0.027179038630839918,0.04072580486536026,0.11804234236478806,0.028548870235681534,ch32_scale_affine_20260927,torchvision.transforms.RandomHorizontalFlip,"{""p"": 0.5}",torch.manual_seed/random.seed(base_seed + 100000*block_id + call_index); set outside the timing window,20360927,"0,1,2,3",4,409600.0,410021.0,409600.0,torch.uint8,"[1, 640, 640]",True,Tensor,409600.0,410021.0,409600.0,torch.uint8,"[1, 640, 640]",True,uint8:1ch
flip,flip:uint8:1ch:nt6,uint8:1ch,nt6,,extension,train,1,832,832,400,0.08013803977519274,0.0485861673951149,0.04400080069899559,0.12524565681815147,0.038266590748631105,0.041495077311992645,0.1750616356730461,0.032055215910077095,ch32_scale_affine_20260927,torchvision.transforms.RandomHorizontalFlip,"{""p"": 0.5}",torch.manual_seed/random.seed(base_seed + 100000*block_id + call_index); set outside the timing window,20360927,"0,1,2,3",4,692224.0,692645.0,692224.0,torch.uint8,"[1, 832, 832]",True,Tensor,692224.0,692645.0,692224.0,torch.uint8,"[1, 832, 832]",True,uint8:1ch
flip,flip:uint8:1ch:nt7,uint8:1ch,nt7,,extension,train,1,1024,1024,400,0.12082103407010436,0.04199426621198654,0.038947444409132004,0.2333122305572033,0.08931347936031417,0.03739353269338608,0.25671347975730896,0.048328413628041744,ch32_scale_affine_20260927,torchvision.transforms.RandomHorizontalFlip,"{""p"": 0.5}",torch.manual_seed/random.seed(base_seed + 100000*block_id + call_index); set outside the timing window,20360927,"0,1,2,3",4,1048576.0,1048997.0,1048576.0,torch.uint8,"[1, 1024, 1024]",True,Tensor,1048576.0,1048997.0,1048576.0,torch.uint8,"[1, 1024, 1024]",True,uint8:1ch
flip,flip:uint8:1ch:nv0,uint8:1ch,nv0,,extension,validation,1,96,96,400,0.05689116660505533,0.055546872317790985,0.03798492252826691,0.08225049823522568,0.015670516988657672,0.03663916140794754,0.10902341455221176,0.022756466642022133,ch32_scale_affine_20260927,torchvision.transforms.RandomHorizontalFlip,"{""p"": 0.5}",torch.manual_seed/random.seed(base_seed + 100000*block_id + call_index); set outside the timing window,20360927,"0,1,2,3",4,9216.0,9623.0,9216.0,torch.uint8,"[1, 96, 96]",True,Tensor,9216.0,9623.0,9216.0,torch.uint8,"[1, 96, 96]",True,uint8:1ch
flip,flip:uint8:1ch:nv1,uint8:1ch,nv1,,extension,validation,1,192,192,400,0.04716672468930483,0.03932090476155281,0.034379493445158005,0.06174836307764053,0.012319833637766751,0.03332551568746567,0.08576828986406326,0.01886668987572193,ch32_scale_affine_20260927,torchvision.transforms.RandomHorizontalFlip,"{""p"": 0.5}",torch.manual_seed/random.seed(base_seed + 100000*block_id + call_index); set outside the timing window,20360927,"0,1,2,3",4,36864.0,37271.0,36864.0,torch.uint8,"[1, 192, 192]",True,Tensor,36864.0,37271.0,36864.0,torch.uint8,"[1, 192, 192]",True,uint8:1ch
flip,flip:uint8:1ch:nv2,uint8:1ch,nv2,,extension,validation,1,384,384,400,0.052152571734040976,0.04304945468902588,0.035712309181690216,0.07138922810554504,0.015361541398707972,0.0344347208738327,0.1000668853521347,0.02086102869361639,ch32_scale_affine_20260927,torchvision.transforms.RandomHorizontalFlip,"{""p"": 0.5}",torch.manual_seed/random.seed(base_seed + 100000*block_id + call_index); set outside the timing window,20360927,"0,1,2,3",4,147456.0,147877.0,147456.0,torch.uint8,"[1, 384, 384]",True,Tensor,147456.0,147877.0,147456.0,torch.uint8,"[1, 384, 384]",True,uint8:1ch
flip,flip:uint8:1ch:nv3,uint8:1ch,nv3,,extension,validation,1,704,704,400,0.07524453336372972,0.049573369324207306,0.044152792543172836,0.11617448180913925,0.031692671842808814,0.042173080146312714,0.13292301446199417,0.030097813345491886,ch32_scale_affine_20260927,torchvision.transforms.RandomHorizontalFlip,"{""p"": 0.5}",torch.manual_seed/random.seed(base_seed + 100000*block_id + call_index); set outside the timing window,20360927,"0,1,2,3",4,495616.0,496037.0,495616.0,torch.uint8,"[1, 704, 704]",True,Tensor,495616.0,496037.0,495616.0,torch.uint8,"[1, 704, 704]",True,uint8:1ch
grayscale,grayscale:uint8:1ch:nt0,uint8:1ch,nt0,,extension,train,1,64,64,400,0.026990994811058044,0.026501715183258057,0.025903992354869843,0.028050970286130905,0.002521434793418782,0.025412067770957947,0.06669759750366211,0.010796397924423218,ch32_scale_affine_20260927,torchvision.transforms.Grayscale,"{""num_output_channels"": 1}",torch.manual_seed/random.seed(base_seed + 100000*block_id + call_index); set outside the timing window,20360927,"0,1,2,3",4,4096.0,4503.0,4096.0,torch.uint8,"[1, 64, 64]",True,Tensor,4096.0,4503.0,4096.0,torch.uint8,"[1, 64, 64]",True,uint8:1ch
grayscale,grayscale:uint8:1ch:nt1,uint8:1ch,nt1,,extension,train,1,144,144,400,0.027780092786997557,0.027247704565525055,0.026077590882778168,0.029507745057344437,0.0023463534023258803,0.025263987481594086,0.04176981747150421,0.011112037114799023,ch32_scale_affine_20260927,torchvision.transforms.Grayscale,"{""num_output_channels"": 1}",torch.manual_seed/random.seed(base_seed + 100000*block_id + call_index); set outside the timing window,20360927,"0,1,2,3",4,20736.0,21143.0,20736.0,torch.uint8,"[1, 144, 144]",True,Tensor,20736.0,21143.0,20736.0,torch.uint8,"[1, 144, 144]",True,uint8:1ch
grayscale,grayscale:uint8:1ch:nt2,uint8:1ch,nt2,,extension,train,1,224,224,400,0.03217448480427265,0.03154482692480087,0.030932016670703888,0.033685192465782166,0.0022483872760060823,0.030103139579296112,0.04908815026283264,0.01286979392170906,ch32_scale_affine_20260927,torchvision.transforms.Grayscale,"{""num_output_channels"": 1}",torch.manual_seed/random.seed(base_seed + 100000*block_id + call_index); set outside the timing window,20360927,"0,1,2,3",4,50176.0,50583.0,50176.0,torch.uint8,"[1, 224, 224]",True,Tensor,50176.0,50583.0,50176.0,torch.uint8,"[1, 224, 224]",True,uint8:1ch
grayscale,grayscale:uint8:1ch:nt3,uint8:1ch,nt3,,extension,train,1,320,320,400,0.03587209852412343,0.035054516047239304,0.03448016941547394,0.03746198490262032,0.0024984558030697293,0.03392249345779419,0.04873983561992645,0.014348839409649372,ch32_scale_affine_20260927,torchvision.transforms.Grayscale,"{""num_output_channels"": 1}",torch.manual_seed/random.seed(base_seed + 100000*block_id + call_index); set outside the timing window,20360927,"0,1,2,3",4,102400.0,102821.0,102400.0,torch.uint8,"[1, 320, 320]",True,Tensor,102400.0,102821.0,102400.0,torch.uint8,"[1, 320, 320]",True,uint8:1ch
grayscale,grayscale:uint8:1ch:nt4,uint8:1ch,nt4,,extension,train,1,448,448,400,0.041324105113744736,0.040584709495306015,0.039695482701063156,0.0430988147854805,0.002641625438199543,0.03882497549057007,0.05669984966516495,0.016529642045497894,ch32_scale_affine_20260927,torchvision.transforms.Grayscale,"{""num_output_channels"": 1}",torch.manual_seed/random.seed(base_seed + 100000*block_id + call_index); set outside the timing window,20360927,"0,1,2,3",4,200704.0,201125.0,200704.0,torch.uint8,"[1, 448, 448]",True,Tensor,200704.0,201125.0,200704.0,torch.uint8,"[1, 448, 448]",True,uint8:1ch
grayscale,grayscale:uint8:1ch:nt5,uint8:1ch,nt5,,extension,train,1,640,640,400,0.06473819725215435,0.06273528560996056,0.06085345521569252,0.07325243204832078,0.005235565794702739,0.057184137403964996,0.08940976113080978,0.02589527890086174,ch32_scale_affine_20260927,torchvision.transforms.Grayscale,"{""num_output_channels"": 1}",torch.manual_seed/random.seed(base_seed + 100000*block_id + call_index); set outside the timing window,20360927,"0,1,2,3",4,409600.0,410021.0,409600.0,torch.uint8,"[1, 640, 640]",True,Tensor,409600.0,410021.0,409600.0,torch.uint8,"[1, 640, 640]",True,uint8:1ch
grayscale,grayscale:uint8:1ch:nt6,uint8:1ch,nt6,,extension,train,1,832,832,400,0.0812137988395989,0.08011236786842346,0.07830066606402397,0.08437931537628174,0.0042936170309007945,0.07706135511398315,0.13478565961122513,0.03248551953583956,ch32_scale_affine_20260927,torchvision.transforms.Grayscale,"{""num_output_channels"": 1}",torch.manual_seed/random.seed(base_seed + 100000*block_id + call_index); set outside the timing window,20360927,"0,1,2,3",4,692224.0,692645.0,692224.0,torch.uint8,"[1, 832, 832]",True,Tensor,692224.0,692645.0,692224.0,torch.uint8,"[1, 832, 832]",True,uint8:1ch
grayscale,grayscale:uint8:1ch:nt7,uint8:1ch,nt7,,extension,train,1,1024,1024,400,0.17620960250496864,0.17413217574357986,0.1623125746846199,0.19599562510848045,0.013274777775662779,0.1463238149881363,0.21473225206136703,0.07048384100198746,ch32_scale_affine_20260927,torchvision.transforms.Grayscale,"{""num_output_channels"": 1}",torch.manual_seed/random.seed(base_seed + 100000*block_id + call_index); set outside the timing window,20360927,"0,1,2,3",4,1048576.0,1048997.0,1048576.0,torch.uint8,"[1, 1024, 1024]",True,Tensor,1048576.0,1048997.0,1048576.0,torch.uint8,"[1, 1024, 1024]",True,uint8:1ch
grayscale,grayscale:uint8:1ch:nv0,uint8:1ch,nv0,,extension,validation,1,96,96,400,0.02857472049072385,0.027698930352926254,0.02657826989889145,0.030651316046714783,0.002633619083396623,0.025869347155094147,0.044665299355983734,0.01142988819628954,ch32_scale_affine_20260927,torchvision.transforms.Grayscale,"{""num_output_channels"": 1}",torch.manual_seed/random.seed(base_seed + 100000*block_id + call_index); set outside the timing window,20360927,"0,1,2,3",4,9216.0,9623.0,9216.0,torch.uint8,"[1, 96, 96]",True,Tensor,9216.0,9623.0,9216.0,torch.uint8,"[1, 96, 96]",True,uint8:1ch
grayscale,grayscale:uint8:1ch:nv1,uint8:1ch,nv1,,extension,validation,1,192,192,400,0.034239087253808975,0.033875927329063416,0.031221844255924225,0.03566062077879906,0.003137629000154881,0.029752962291240692,0.06603822112083435,0.01369563490152359,ch32_scale_affine_20260927,torchvision.transforms.Grayscale,"{""num_output_channels"": 1}",torch.manual_seed/random.seed(base_seed + 100000*block_id + call_index); set outside the timing window,20360927,"0,1,2,3",4,36864.0,37271.0,36864.0,torch.uint8,"[1, 192, 192]",True,Tensor,36864.0,37271.0,36864.0,torch.uint8,"[1, 192, 192]",True,uint8:1ch
grayscale,grayscale:uint8:1ch:nv2,uint8:1ch,nv2,,extension,validation,1,384,384,400,0.03927486715838313,0.038380734622478485,0.03657853230834007,0.042072590440511703,0.0033842574717510413,0.035793520510196686,0.06814301013946533,0.015709946863353252,ch32_scale_affine_20260927,torchvision.transforms.Grayscale,"{""num_output_channels"": 1}",torch.manual_seed/random.seed(base_seed + 100000*block_id + call_index); set outside the timing window,20360927,"0,1,2,3",4,147456.0,147877.0,147456.0,torch.uint8,"[1, 384, 384]",True,Tensor,147456.0,147877.0,147456.0,torch.uint8,"[1, 384, 384]",True,uint8:1ch
grayscale,grayscale:uint8:1ch:nv3,uint8:1ch,nv3,,extension,validation,1,704,704,400,0.07615583017468452,0.07636239752173424,0.06631119176745415,0.08607544004917145,0.008067648401168689,0.06409361958503723,0.11115428060293198,0.03046233206987381,ch32_scale_affine_20260927,torchvision.transforms.Grayscale,"{""num_output_channels"": 1}",torch.manual_seed/random.seed(base_seed + 100000*block_id + call_index); set outside the timing window,20360927,"0,1,2,3",4,495616.0,496037.0,495616.0,torch.uint8,"[1, 704, 704]",True,Tensor,495616.0,496037.0,495616.0,torch.uint8,"[1, 704, 704]",True,uint8:1ch
grayscale,grayscale:float32:1ch:nt0,float32:1ch,nt0,,extension,train,1,64,64,400,0.02753274515271187,0.026965048164129257,0.02640392631292343,0.028839893639087677,0.0019289276258656223,0.025879591703414917,0.041768886148929596,0.011013098061084747,ch32_scale_affine_20260927,torchvision.transforms.Grayscale,"{""num_output_channels"": 1}",torch.manual_seed/random.seed(base_seed + 100000*block_id + call_index); set outside the timing window,20360927,"0,1,2,3",4,4096.0,16792.0,16384.0,torch.float32,"[1, 64, 64]",True,Tensor,4096.0,16792.0,16384.0,torch.float32,"[1, 64, 64]",True,float32:1ch
grayscale,grayscale:float32:1ch:nt1,float32:1ch,nt1,,extension,train,1,144,144,400,0.047178007662296295,0.04499545320868492,0.03704475238919258,0.058661215007305145,0.00792268444543782,0.031570903956890106,0.07165875285863876,0.018871203064918518,ch32_scale_affine_20260927,torchvision.transforms.Grayscale,"{""num_output_channels"": 1}",torch.manual_seed/random.seed(base_seed + 100000*block_id + call_index); set outside the timing window,20360927,"0,1,2,3",4,20736.0,83361.0,82944.0,torch.float32,"[1, 144, 144]",True,Tensor,20736.0,83361.0,82944.0,torch.float32,"[1, 144, 144]",True,float32:1ch
grayscale,grayscale:float32:1ch:nt2,float32:1ch,nt2,,extension,train,1,224,224,400,0.04281511530280113,0.04220055416226387,0.04128431901335716,0.044649746268987656,0.002432130952107762,0.0405898317694664,0.057658180594444275,0.017126046121120453,ch32_scale_affine_20260927,torchvision.transforms.Grayscale,"{""num_output_channels"": 1}",torch.manual_seed/random.seed(base_seed + 100000*block_id + call_index); set outside the timing window,20360927,"0,1,2,3",4,50176.0,201121.0,200704.0,torch.float32,"[1, 224, 224]",True,Tensor,50176.0,201121.0,200704.0,torch.float32,"[1, 224, 224]",True,float32:1ch
grayscale,grayscale:float32:1ch:nt3,float32:1ch,nt3,,extension,train,1,320,320,400,0.05924337776377797,0.05809543654322624,0.05680276080965996,0.06352784112095833,0.004238571197879354,0.05554966628551483,0.11614896357059479,0.02369735110551119,ch32_scale_affine_20260927,torchvision.transforms.Grayscale,"{""num_output_channels"": 1}",torch.manual_seed/random.seed(base_seed + 100000*block_id + call_index); set outside the timing window,20360927,"0,1,2,3",4,102400.0,410022.0,409600.0,torch.float32,"[1, 320, 320]",True,Tensor,102400.0,410022.0,409600.0,torch.float32,"[1, 320, 320]",True,float32:1ch
grayscale,grayscale:float32:1ch:nt4,float32:1ch,nt4,,extension,train,1,448,448,400,0.09079958777874708,0.08967332541942596,0.08704429492354393,0.09597195312380791,0.004063822338516479,0.08608214557170868,0.10813586413860321,0.03631983511149883,ch32_scale_affine_20260927,torchvision.transforms.Grayscale,"{""num_output_channels"": 1}",torch.manual_seed/random.seed(base_seed + 100000*block_id + call_index); set outside the timing window,20360927,"0,1,2,3",4,200704.0,803238.0,802816.0,torch.float32,"[1, 448, 448]",True,Tensor,200704.0,803238.0,802816.0,torch.float32,"[1, 448, 448]",True,float32:1ch
grayscale,grayscale:float32:1ch:nt5,float32:1ch,nt5,,extension,train,1,640,640,400,0.25987475644797087,0.2589793875813484,0.2313891425728798,0.2913380041718483,0.02353207343067588,0.21067820489406586,0.32016821205616,0.10394990257918835,ch32_scale_affine_20260927,torchvision.transforms.Grayscale,"{""num_output_channels"": 1}",torch.manual_seed/random.seed(base_seed + 100000*block_id + call_index); set outside the timing window,20360927,"0,1,2,3",4,409600.0,1638822.0,1638400.0,torch.float32,"[1, 640, 640]",True,Tensor,409600.0,1638822.0,1638400.0,torch.float32,"[1, 640, 640]",True,float32:1ch
grayscale,grayscale:float32:1ch:nt6,float32:1ch,nt6,,extension,train,1,832,832,400,0.4007646581158042,0.3933529369533062,0.3753848373889923,0.4399794153869152,0.02612135569598935,0.3360379487276077,0.498930923640728,0.16030586324632168,ch32_scale_affine_20260927,torchvision.transforms.Grayscale,"{""num_output_channels"": 1}",torch.manual_seed/random.seed(base_seed + 100000*block_id + call_index); set outside the timing window,20360927,"0,1,2,3",4,692224.0,2769318.0,2768896.0,torch.float32,"[1, 832, 832]",True,Tensor,692224.0,2769318.0,2768896.0,torch.float32,"[1, 832, 832]",True,float32:1ch
grayscale,grayscale:float32:1ch:nt7,float32:1ch,nt7,,extension,train,1,1024,1024,400,0.6538994028232992,0.64830482006073,0.6133735179901123,0.7073697634041309,0.03466304493637437,0.583854503929615,0.7772678509354591,0.26155976112931967,ch32_scale_affine_20260927,torchvision.transforms.Grayscale,"{""num_output_channels"": 1}",torch.manual_seed/random.seed(base_seed + 100000*block_id + call_index); set outside the timing window,20360927,"0,1,2,3",4,1048576.0,4194726.0,4194304.0,torch.float32,"[1, 1024, 1024]",True,Tensor,1048576.0,4194726.0,4194304.0,torch.float32,"[1, 1024, 1024]",True,float32:1ch
grayscale,grayscale:float32:1ch:nv0,float32:1ch,nv0,,extension,validation,1,96,96,400,0.037001294549554586,0.037004705518484116,0.033216364681720734,0.039853062480688095,0.0032818018372876515,0.030955299735069275,0.055652111768722534,0.014800517819821835,ch32_scale_affine_20260927,torchvision.transforms.Grayscale,"{""num_output_channels"": 1}",torch.manual_seed/random.seed(base_seed + 100000*block_id + call_index); set outside the timing window,20360927,"0,1,2,3",4,9216.0,37272.0,36864.0,torch.float32,"[1, 96, 96]",True,Tensor,9216.0,37272.0,36864.0,torch.float32,"[1, 96, 96]",True,float32:1ch
grayscale,grayscale:float32:1ch:nv1,float32:1ch,nv1,,extension,validation,1,192,192,400,0.037254507187753916,0.03676721826195717,0.03602355718612671,0.03841361030936241,0.0019956982864039545,0.035210512578487396,0.05094800144433975,0.014901802875101566,ch32_scale_affine_20260927,torchvision.transforms.Grayscale,"{""num_output_channels"": 1}",torch.manual_seed/random.seed(base_seed + 100000*block_id + call_index); set outside the timing window,20360927,"0,1,2,3",4,36864.0,147873.0,147456.0,torch.float32,"[1, 192, 192]",True,Tensor,36864.0,147873.0,147456.0,torch.float32,"[1, 192, 192]",True,float32:1ch
grayscale,grayscale:float32:1ch:nv2,float32:1ch,nv2,,extension,validation,1,384,384,400,0.07283033337444067,0.0716610811650753,0.07045017555356026,0.07705381140112877,0.0037777754141792553,0.0692903995513916,0.11008046567440033,0.029132133349776268,ch32_scale_affine_20260927,torchvision.transforms.Grayscale,"{""num_output_channels"": 1}",torch.manual_seed/random.seed(base_seed + 100000*block_id + call_index); set outside the timing window,20360927,"0,1,2,3",4,147456.0,590246.0,589824.0,torch.float32,"[1, 384, 384]",True,Tensor,147456.0,590246.0,589824.0,torch.float32,"[1, 384, 384]",True,float32:1ch
grayscale,grayscale:float32:1ch:nv3,float32:1ch,nv3,,extension,validation,1,704,704,400,0.3106260090135038,0.3098943270742893,0.27915462851524353,0.3419901244342327,0.02639025552545509,0.25167129933834076,0.5060937255620956,0.12425040360540152,ch32_scale_affine_20260927,torchvision.transforms.Grayscale,"{""num_output_channels"": 1}",torch.manual_seed/random.seed(base_seed + 100000*block_id + call_index); set outside the timing window,20360927,"0,1,2,3",4,495616.0,1982886.0,1982464.0,torch.float32,"[1, 704, 704]",True,Tensor,495616.0,1982886.0,1982464.0,torch.float32,"[1, 704, 704]",True,float32:1ch
blur,blur:float32:1ch:t4,float32:1ch,t4,,control,control,1,224,224,365,6.883235515592849,2.3150984197854996,2.2586515173316,26.200672239065174,12.375950368416756,2.2024158388376236,85.23079752922058,2.51238096319139,ch32_scale_affine_20260927,torchvision.transforms.GaussianBlur,"{""kernel_size"": 11, ""sigma"": [0.1, 2.0]}",torch.manual_seed/random.seed(base_seed + 100000*block_id + call_index); set outside the timing window,20360927,"0,1,2,3",4,50176.0,201121.0,200704.0,torch.float32,"[1, 224, 224]",True,Tensor,50176.0,201122.0,200704.0,torch.float32,"[1, 224, 224]",True,float32:1ch
blur,blur:uint8:3ch:t7,uint8:3ch,t7,,control,control,1,512,512,59,42.621150518120345,28.340641409158707,26.434222981333733,44.17270757257957,49.37241338003274,24.769126437604427,276.14190708845854,2.5146478805691004,ch32_scale_affine_20260927,torchvision.transforms.GaussianBlur,"{""kernel_size"": 11, ""sigma"": [0.1, 2.0]}",torch.manual_seed/random.seed(base_seed + 100000*block_id + call_index); set outside the timing window,20360927,"0,1,2,3",4,786432.0,786856.0,786432.0,torch.uint8,"[3, 512, 512]",True,Tensor,786432.0,786856.0,786432.0,torch.uint8,"[3, 512, 512]",True,uint8:3ch
jitter,jitter:float32:3ch:t4,float32:3ch,t4,,control,control,1,224,224,196,7.665176823621198,7.627790793776512,7.26194866001606,8.109996560961008,0.36556997280679876,6.864583119750023,10.208884254097939,1.5023746574297547,ch32_scale_affine_20260927,torchvision.transforms.ColorJitter,"{""brightness"": 0.1, ""contrast"": 0.1, ""hue"": 0.1, ""saturation"": 0.1}",torch.manual_seed/random.seed(base_seed + 100000*block_id + call_index); set outside the timing window,20360927,"0,1,2,3",4,150528.0,602532.0,602112.0,torch.float32,"[3, 224, 224]",True,Tensor,150528.0,602532.0,602112.0,torch.float32,"[3, 224, 224]",False,float32:3ch
jitter,jitter:uint8:1ch:t7,uint8:1ch,t7,,control,control,1,512,512,400,1.6422000993043184,1.6242270357906818,1.5585352666676044,1.7136139795184135,0.15246321664632004,1.5198104083538055,4.229748621582985,0.6568800397217274,ch32_scale_affine_20260927,torchvision.transforms.ColorJitter,"{""brightness"": 0.1, ""contrast"": 0.1, ""hue"": 0.1, ""saturation"": 0.1}",torch.manual_seed/random.seed(base_seed + 100000*block_id + call_index); set outside the timing window,20360927,"0,1,2,3",4,262144.0,262565.0,262144.0,torch.uint8,"[1, 512, 512]",True,Tensor,262144.0,262568.0,262144.0,torch.uint8,"[1, 512, 512]",True,uint8:1ch
crop,crop:float32:3ch:t6,float32:3ch,t6,,control,control,1,384,384,400,1.7863257927820086,1.7853379249572754,1.6495096497237682,1.9313178025186062,0.10737088174199245,1.4086570590734482,2.0807581022381783,0.7145303171128035,ch32_scale_affine_20260927,torchvision.transforms.RandomResizedCrop,"{""ratio"": [0.75, 1.3333333], ""scale"": [0.08, 1.0], ""size"": [244, 244]}",torch.manual_seed/random.seed(base_seed + 100000*block_id + call_index); set outside the timing window,20360927,"0,1,2,3",4,442368.0,1769897.0,1769472.0,torch.float32,"[3, 384, 384]",True,Tensor,178608.0,714852.0,714432.0,torch.float32,"[3, 244, 244]",True,float32:3ch
crop,crop:uint8:1ch:t7,uint8:1ch,t7,,control,control,1,448,448,400,0.7030639285221696,0.7027303799986839,0.6658569909632206,0.7396036759018898,0.02951440637434502,0.6388993933796883,0.8311029523611069,0.28122557140886784,ch32_scale_affine_20260927,torchvision.transforms.RandomResizedCrop,"{""ratio"": [0.75, 1.3333333], ""scale"": [0.08, 1.0], ""size"": [244, 244]}",torch.manual_seed/random.seed(base_seed + 100000*block_id + call_index); set outside the timing window,20360927,"0,1,2,3",4,200704.0,201125.0,200704.0,torch.uint8,"[1, 448, 448]",True,Tensor,59536.0,59944.0,59536.0,torch.uint8,"[1, 244, 244]",True,uint8:1ch
grayscale,grayscale:float32:3ch:t4,float32:3ch,t4,,control,control,1,224,224,400,0.1790623157285154,0.1757955178618431,0.16886647790670395,0.19357698038220406,0.012060098812974146,0.16073230654001236,0.2577146515250206,0.07162492629140615,ch32_scale_affine_20260927,torchvision.transforms.Grayscale,"{""num_output_channels"": 1}",torch.manual_seed/random.seed(base_seed + 100000*block_id + call_index); set outside the timing window,20360927,"0,1,2,3",4,150528.0,602532.0,602112.0,torch.float32,"[3, 224, 224]",True,Tensor,50176.0,201122.0,200704.0,torch.float32,"[1, 224, 224]",True,float32:1ch
flip,flip:float32:3ch:t4,float32:3ch,t4,,control,control,1,224,224,400,0.06928459741175175,0.04389416426420212,0.03900965675711632,0.10411357507109642,0.03164851308361623,0.037697143852710724,0.1316489651799202,0.0277138389647007,ch32_scale_affine_20260927,torchvision.transforms.RandomHorizontalFlip,"{""p"": 0.5}",torch.manual_seed/random.seed(base_seed + 100000*block_id + call_index); set outside the timing window,20360927,"0,1,2,3",4,150528.0,602532.0,602112.0,torch.float32,"[3, 224, 224]",True,Tensor,150528.0,602532.0,602112.0,torch.float32,"[3, 224, 224]",True,float32:3ch
jitter,jitter:uint8:1ch:xt0,uint8:1ch,xt0,,extension,train,2,512,512,400,1.6940832021646202,1.6920864582061768,1.5775504522025585,1.8406285904347897,0.09780806714434083,1.5351176261901855,1.9637877121567726,0.6776332808658481,ch32_scale_affine_20260927,torchvision.transforms.ColorJitter,"{""brightness"": 0.1, ""contrast"": 0.1, ""hue"": 0.1, ""saturation"": 0.1}",torch.manual_seed/random.seed(base_seed + 100000*block_id + call_index); set outside the timing window,20460927,"0,1,2,3",4,262144.0,262565.0,262144.0,torch.uint8,"[1, 512, 512]",True,Tensor,262144.0,262568.0,262144.0,torch.uint8,"[1, 512, 512]",True,uint8:1ch
jitter,jitter:uint8:1ch:xt1,uint8:1ch,xt1,,extension,train,2,736,736,400,3.2527488050982356,3.1851795502007008,3.0024519190192223,3.461304120719433,0.29912714063006385,2.8863251209259033,4.584101028740406,1.3010995220392942,ch32_scale_affine_20260927,torchvision.transforms.ColorJitter,"{""brightness"": 0.1, ""contrast"": 0.1, ""hue"": 0.1, ""saturation"": 0.1}",torch.manual_seed/random.seed(base_seed + 100000*block_id + call_index); set outside the timing window,20460927,"0,1,2,3",4,541696.0,542117.0,541696.0,torch.uint8,"[1, 736, 736]",True,Tensor,541696.0,542120.0,541696.0,torch.uint8,"[1, 736, 736]",True,uint8:1ch
jitter,jitter:uint8:1ch:xt2,uint8:1ch,xt2,,extension,train,2,1024,1024,145,10.354202760961549,7.533534429967403,6.1751339584589005,16.95116199553013,4.258618934458813,5.9429677203297615,20.137663930654526,1.5013594003394246,ch32_scale_affine_20260927,torchvision.transforms.ColorJitter,"{""brightness"": 0.1, ""contrast"": 0.1, ""hue"": 0.1, ""saturation"": 0.1}",torch.manual_seed/random.seed(base_seed + 100000*block_id + call_index); set outside the timing window,20460927,"0,1,2,3",4,1048576.0,1048997.0,1048576.0,torch.uint8,"[1, 1024, 1024]",True,Tensor,1048576.0,1049000.0,1048576.0,torch.uint8,"[1, 1024, 1024]",True,uint8:1ch
jitter,jitter:uint8:1ch:xt3,uint8:1ch,xt3,,extension,train,2,1098,1098,177,8.48604297781058,7.951055653393269,7.175823487341404,9.278356656432152,1.9462654579491205,6.628800183534622,17.664712853729725,1.5020296070724726,ch32_scale_affine_20260927,torchvision.transforms.ColorJitter,"{""brightness"": 0.1, ""contrast"": 0.1, ""hue"": 0.1, ""saturation"": 0.1}",torch.manual_seed/random.seed(base_seed + 100000*block_id + call_index); set outside the timing window,20460927,"0,1,2,3",4,1205604.0,1206025.0,1205604.0,torch.uint8,"[1, 1098, 1098]",True,Tensor,1205604.0,1206028.0,1205604.0,torch.uint8,"[1, 1098, 1098]",True,uint8:1ch
jitter,jitter:uint8:1ch:xv0,uint8:1ch,xv0,,extension,validation,2,640,640,400,2.2848435305058956,2.262215130031109,2.221268694847822,2.353216055780649,0.12741263090905414,2.1831514313817024,3.592732362449169,0.9139374122023582,ch32_scale_affine_20260927,torchvision.transforms.ColorJitter,"{""brightness"": 0.1, ""contrast"": 0.1, ""hue"": 0.1, ""saturation"": 0.1}",torch.manual_seed/random.seed(base_seed + 100000*block_id + call_index); set outside the timing window,20460927,"0,1,2,3",4,409600.0,410021.0,409600.0,torch.uint8,"[1, 640, 640]",True,Tensor,409600.0,410024.0,409600.0,torch.uint8,"[1, 640, 640]",True,uint8:1ch
jitter,jitter:uint8:1ch:xv1,uint8:1ch,xv1,,extension,validation,2,832,832,362,4.151694623249177,4.017964005470276,3.6970716901123524,4.85011786222458,0.46052217471673923,3.613586537539959,5.5314404889941216,1.5029134536162019,ch32_scale_affine_20260927,torchvision.transforms.ColorJitter,"{""brightness"": 0.1, ""contrast"": 0.1, ""hue"": 0.1, ""saturation"": 0.1}",torch.manual_seed/random.seed(base_seed + 100000*block_id + call_index); set outside the timing window,20460927,"0,1,2,3",4,692224.0,692645.0,692224.0,torch.uint8,"[1, 832, 832]",True,Tensor,692224.0,692648.0,692224.0,torch.uint8,"[1, 832, 832]",True,uint8:1ch
jitter,jitter:uint8:1ch:xv2,uint8:1ch,xv2,,extension,validation,2,960,960,235,6.39133863547381,6.283565424382687,5.868343077600002,6.753950193524361,0.8084641770421841,5.205884575843811,11.474665254354477,1.5019645793363452,ch32_scale_affine_20260927,torchvision.transforms.ColorJitter,"{""brightness"": 0.1, ""contrast"": 0.1, ""hue"": 0.1, ""saturation"": 0.1}",torch.manual_seed/random.seed(base_seed + 100000*block_id + call_index); set outside the timing window,20460927,"0,1,2,3",4,921600.0,922021.0,921600.0,torch.uint8,"[1, 960, 960]",True,Tensor,921600.0,922024.0,921600.0,torch.uint8,"[1, 960, 960]",True,uint8:1ch
jitter,jitter:uint8:1ch:xv3,uint8:1ch,xv3,,extension,validation,2,1088,1088,159,9.454317279628613,8.86658113449812,7.748286426067352,12.031303346157076,1.6939002943252015,6.66568148881197,13.876658864319324,1.5032364474609494,ch32_scale_affine_20260927,torchvision.transforms.ColorJitter,"{""brightness"": 0.1, ""contrast"": 0.1, ""hue"": 0.1, ""saturation"": 0.1}",torch.manual_seed/random.seed(base_seed + 100000*block_id + call_index); set outside the timing window,20460927,"0,1,2,3",4,1183744.0,1184165.0,1183744.0,torch.uint8,"[1, 1088, 1088]",True,Tensor,1183744.0,1184168.0,1183744.0,torch.uint8,"[1, 1088, 1088]",True,uint8:1ch
crop,crop:uint8:1ch:xt0,uint8:1ch,xt0,,extension,train,2,448,448,400,0.73613554937765,0.7016225717961788,0.6530921906232834,0.8604392409324646,0.08052698485833061,0.6258198991417885,0.9512128308415413,0.29445421975106,ch32_scale_affine_20260927,torchvision.transforms.RandomResizedCrop,"{""ratio"": [0.75, 1.3333333], ""scale"": [0.08, 1.0], ""size"": [244, 244]}",torch.manual_seed/random.seed(base_seed + 100000*block_id + call_index); set outside the timing window,20460927,"0,1,2,3",4,200704.0,201125.0,200704.0,torch.uint8,"[1, 448, 448]",True,Tensor,59536.0,59944.0,59536.0,torch.uint8,"[1, 244, 244]",True,uint8:1ch
crop,crop:uint8:1ch:xt1,uint8:1ch,xt1,,extension,train,2,672,672,400,0.7665001088753343,0.7538595236837864,0.6861045025289059,0.865476205945015,0.07110635538573823,0.6417548283934593,0.9991005063056946,0.3066000435501337,ch32_scale_affine_20260927,torchvision.transforms.RandomResizedCrop,"{""ratio"": [0.75, 1.3333333], ""scale"": [0.08, 1.0], ""size"": [244, 244]}",torch.manual_seed/random.seed(base_seed + 100000*block_id + call_index); set outside the timing window,20460927,"0,1,2,3",4,451584.0,452005.0,451584.0,torch.uint8,"[1, 672, 672]",True,Tensor,59536.0,59944.0,59536.0,torch.uint8,"[1, 244, 244]",True,uint8:1ch
crop,crop:uint8:1ch:xt2,uint8:1ch,xt2,,extension,train,2,832,832,400,0.7988271838985384,0.7947986014187336,0.7163221016526222,0.8782121352851391,0.08950375542782282,0.6648879498243332,2.1263109520077705,0.31953087355941534,ch32_scale_affine_20260927,torchvision.transforms.RandomResizedCrop,"{""ratio"": [0.75, 1.3333333], ""scale"": [0.08, 1.0], ""size"": [244, 244]}",torch.manual_seed/random.seed(base_seed + 100000*block_id + call_index); set outside the timing window,20460927,"0,1,2,3",4,692224.0,692645.0,692224.0,torch.uint8,"[1, 832, 832]",True,Tensor,59536.0,59944.0,59536.0,torch.uint8,"[1, 244, 244]",True,uint8:1ch
crop,crop:uint8:1ch:xt3,uint8:1ch,xt3,,extension,train,2,960,960,400,0.8808708703145385,0.8522365242242813,0.7290705107152462,1.093203853815794,0.13539817237460267,0.66375732421875,1.6696611419320107,0.3523483481258154,ch32_scale_affine_20260927,torchvision.transforms.RandomResizedCrop,"{""ratio"": [0.75, 1.3333333], ""scale"": [0.08, 1.0], ""size"": [244, 244]}",torch.manual_seed/random.seed(base_seed + 100000*block_id + call_index); set outside the timing window,20460927,"0,1,2,3",4,921600.0,922021.0,921600.0,torch.uint8,"[1, 960, 960]",True,Tensor,59536.0,59944.0,59536.0,torch.uint8,"[1, 244, 244]",True,uint8:1ch
crop,crop:uint8:1ch:xv0,uint8:1ch,xv0,,extension,validation,2,576,576,400,0.7158364448696375,0.7138494402170181,0.6720206700265408,0.7596109062433243,0.033594462110273136,0.6430046632885933,0.8531054481863976,0.286334577947855,ch32_scale_affine_20260927,torchvision.transforms.RandomResizedCrop,"{""ratio"": [0.75, 1.3333333], ""scale"": [0.08, 1.0], ""size"": [244, 244]}",torch.manual_seed/random.seed(base_seed + 100000*block_id + call_index); set outside the timing window,20460927,"0,1,2,3",4,331776.0,332197.0,331776.0,torch.uint8,"[1, 576, 576]",True,Tensor,59536.0,59944.0,59536.0,torch.uint8,"[1, 244, 244]",True,uint8:1ch
crop,crop:uint8:1ch:xv1,uint8:1ch,xv1,,extension,validation,2,768,768,400,0.8274609153158963,0.8092308416962624,0.7009877823293209,0.9753530845046043,0.10413508358117078,0.6489204242825508,1.1362973600625992,0.3309843661263585,ch32_scale_affine_20260927,torchvision.transforms.RandomResizedCrop,"{""ratio"": [0.75, 1.3333333], ""scale"": [0.08, 1.0], ""size"": [244, 244]}",torch.manual_seed/random.seed(base_seed + 100000*block_id + call_index); set outside the timing window,20460927,"0,1,2,3",4,589824.0,590245.0,589824.0,torch.uint8,"[1, 768, 768]",True,Tensor,59536.0,59944.0,59536.0,torch.uint8,"[1, 244, 244]",True,uint8:1ch
crop,crop:uint8:1ch:xv2,uint8:1ch,xv2,,extension,validation,2,896,896,400,0.871138081420213,0.8624796755611897,0.7466882467269897,0.9974634274840355,0.09972767494329572,0.6663519889116287,1.2048566713929176,0.3484552325680852,ch32_scale_affine_20260927,torchvision.transforms.RandomResizedCrop,"{""ratio"": [0.75, 1.3333333], ""scale"": [0.08, 1.0], ""size"": [244, 244]}",torch.manual_seed/random.seed(base_seed + 100000*block_id + call_index); set outside the timing window,20460927,"0,1,2,3",4,802816.0,803237.0,802816.0,torch.uint8,"[1, 896, 896]",True,Tensor,59536.0,59944.0,59536.0,torch.uint8,"[1, 244, 244]",True,uint8:1ch
crop,crop:uint8:1ch:xv3,uint8:1ch,xv3,,extension,validation,2,986,986,400,0.8958883071318269,0.8882647380232811,0.7832647301256657,0.9675241075456142,0.18241127405276397,0.6960881873965263,3.588315099477768,0.35835532285273075,ch32_scale_affine_20260927,torchvision.transforms.RandomResizedCrop,"{""ratio"": [0.75, 1.3333333], ""scale"": [0.08, 1.0], ""size"": [244, 244]}",torch.manual_seed/random.seed(base_seed + 100000*block_id + call_index); set outside the timing window,20460927,"0,1,2,3",4,972196.0,972617.0,972196.0,torch.uint8,"[1, 986, 986]",True,Tensor,59536.0,59944.0,59536.0,torch.uint8,"[1, 244, 244]",True,uint8:1ch
flip,flip:uint8:1ch:nt0,uint8:1ch,nt0,,extension,train,2,64,64,400,0.04902705317363143,0.04478543996810913,0.03804704174399376,0.059836264699697495,0.01027602882626794,0.037078745663166046,0.07912237197160721,0.019610821269452572,ch32_scale_affine_20260927,torchvision.transforms.RandomHorizontalFlip,"{""p"": 0.5}",torch.manual_seed/random.seed(base_seed + 100000*block_id + call_index); set outside the timing window,20460927,"0,1,2,3",4,4096.0,4503.0,4096.0,torch.uint8,"[1, 64, 64]",True,Tensor,4096.0,4503.0,4096.0,torch.uint8,"[1, 64, 64]",True,uint8:1ch
flip,flip:uint8:1ch:nt1,uint8:1ch,nt1,,extension,train,2,144,144,400,0.057275237049907446,0.05087209865450859,0.0423140823841095,0.07559778168797493,0.013320309474434197,0.03980565816164017,0.09641889482736588,0.02291009481996298,ch32_scale_affine_20260927,torchvision.transforms.RandomHorizontalFlip,"{""p"": 0.5}",torch.manual_seed/random.seed(base_seed + 100000*block_id + call_index); set outside the timing window,20460927,"0,1,2,3",4,20736.0,21143.0,20736.0,torch.uint8,"[1, 144, 144]",True,Tensor,20736.0,21143.0,20736.0,torch.uint8,"[1, 144, 144]",True,uint8:1ch
flip,flip:uint8:1ch:nt2,uint8:1ch,nt2,,extension,train,2,224,224,400,0.04557346226647496,0.038104597479104996,0.03419937565922737,0.058169662952423096,0.011180901624671063,0.03292970359325409,0.07455144077539444,0.018229384906589985,ch32_scale_affine_20260927,torchvision.transforms.RandomHorizontalFlip,"{""p"": 0.5}",torch.manual_seed/random.seed(base_seed + 100000*block_id + call_index); set outside the timing window,20460927,"0,1,2,3",4,50176.0,50583.0,50176.0,torch.uint8,"[1, 224, 224]",True,Tensor,50176.0,50583.0,50176.0,torch.uint8,"[1, 224, 224]",True,uint8:1ch
flip,flip:uint8:1ch:nt3,uint8:1ch,nt3,,extension,train,2,320,320,400,0.05147311603650451,0.04433421418070793,0.036982446908950806,0.06768591701984406,0.013735232986469233,0.0357162207365036,0.08218735456466675,0.020589246414601803,ch32_scale_affine_20260927,torchvision.transforms.RandomHorizontalFlip,"{""p"": 0.5}",torch.manual_seed/random.seed(base_seed + 100000*block_id + call_index); set outside the timing window,20460927,"0,1,2,3",4,102400.0,102821.0,102400.0,torch.uint8,"[1, 320, 320]",True,Tensor,102400.0,102821.0,102400.0,torch.uint8,"[1, 320, 320]",True,uint8:1ch
flip,flip:uint8:1ch:nt4,uint8:1ch,nt4,,extension,train,2,448,448,400,0.05513615207746625,0.042280182242393494,0.03711991012096405,0.0757560133934021,0.01759328947857568,0.03574136644601822,0.09043700993061066,0.0220544608309865,ch32_scale_affine_20260927,torchvision.transforms.RandomHorizontalFlip,"{""p"": 0.5}",torch.manual_seed/random.seed(base_seed + 100000*block_id + call_index); set outside the timing window,20460927,"0,1,2,3",4,200704.0,201125.0,200704.0,torch.uint8,"[1, 448, 448]",True,Tensor,200704.0,201125.0,200704.0,torch.uint8,"[1, 448, 448]",True,uint8:1ch
flip,flip:uint8:1ch:nt5,uint8:1ch,nt5,,extension,train,2,640,640,400,0.06266708252951503,0.04306947812438011,0.03789747133851051,0.09232619777321815,0.025171695221778666,0.03676675260066986,0.11237524449825287,0.02506683301180601,ch32_scale_affine_20260927,torchvision.transforms.RandomHorizontalFlip,"{""p"": 0.5}",torch.manual_seed/random.seed(base_seed + 100000*block_id + call_index); set outside the timing window,20460927,"0,1,2,3",4,409600.0,410021.0,409600.0,torch.uint8,"[1, 640, 640]",True,Tensor,409600.0,410021.0,409600.0,torch.uint8,"[1, 640, 640]",True,uint8:1ch
flip,flip:uint8:1ch:nt6,uint8:1ch,nt6,,extension,train,2,832,832,400,0.07985340664163232,0.0491458922624588,0.04071388393640518,0.12404825538396835,0.03813483194889252,0.03958679735660553,0.16219168901443481,0.03194136265665293,ch32_scale_affine_20260927,torchvision.transforms.RandomHorizontalFlip,"{""p"": 0.5}",torch.manual_seed/random.seed(base_seed + 100000*block_id + call_index); set outside the timing window,20460927,"0,1,2,3",4,692224.0,692645.0,692224.0,torch.uint8,"[1, 832, 832]",True,Tensor,692224.0,692645.0,692224.0,torch.uint8,"[1, 832, 832]",True,uint8:1ch
flip,flip:uint8:1ch:nt7,uint8:1ch,nt7,,extension,train,2,1024,1024,400,0.1198361674323678,0.049622729420661926,0.03871973603963852,0.22704368457198143,0.08503762897097905,0.03761798143386841,0.25124475359916687,0.04793446697294712,ch32_scale_affine_20260927,torchvision.transforms.RandomHorizontalFlip,"{""p"": 0.5}",torch.manual_seed/random.seed(base_seed + 100000*block_id + call_index); set outside the timing window,20460927,"0,1,2,3",4,1048576.0,1048997.0,1048576.0,torch.uint8,"[1, 1024, 1024]",True,Tensor,1048576.0,1048997.0,1048576.0,torch.uint8,"[1, 1024, 1024]",True,uint8:1ch
flip,flip:uint8:1ch:nv0,uint8:1ch,nv0,,extension,validation,2,96,96,400,0.05622008349746466,0.056848395615816116,0.038356147706508636,0.07221149280667305,0.020342189640847188,0.03677979111671448,0.3762096166610718,0.022488033398985863,ch32_scale_affine_20260927,torchvision.transforms.RandomHorizontalFlip,"{""p"": 0.5}",torch.manual_seed/random.seed(base_seed + 100000*block_id + call_index); set outside the timing window,20460927,"0,1,2,3",4,9216.0,9623.0,9216.0,torch.uint8,"[1, 96, 96]",True,Tensor,9216.0,9623.0,9216.0,torch.uint8,"[1, 96, 96]",True,uint8:1ch
flip,flip:uint8:1ch:nv1,uint8:1ch,nv1,,extension,validation,2,192,192,400,0.049707088619470596,0.041913241147994995,0.03835279494524002,0.061165355145931244,0.011298910741316911,0.037376768887043,0.0942004844546318,0.01988283544778824,ch32_scale_affine_20260927,torchvision.transforms.RandomHorizontalFlip,"{""p"": 0.5}",torch.manual_seed/random.seed(base_seed + 100000*block_id + call_index); set outside the timing window,20460927,"0,1,2,3",4,36864.0,37271.0,36864.0,torch.uint8,"[1, 192, 192]",True,Tensor,36864.0,37271.0,36864.0,torch.uint8,"[1, 192, 192]",True,uint8:1ch
flip,flip:uint8:1ch:nv2,uint8:1ch,nv2,,extension,validation,2,384,384,400,0.06252799881622195,0.05484791472554207,0.04332028329372406,0.08792998269200325,0.018302514594466746,0.040004029870033264,0.10480545461177826,0.02501119952648878,ch32_scale_affine_20260927,torchvision.transforms.RandomHorizontalFlip,"{""p"": 0.5}",torch.manual_seed/random.seed(base_seed + 100000*block_id + call_index); set outside the timing window,20460927,"0,1,2,3",4,147456.0,147877.0,147456.0,torch.uint8,"[1, 384, 384]",True,Tensor,147456.0,147877.0,147456.0,torch.uint8,"[1, 384, 384]",True,uint8:1ch
flip,flip:uint8:1ch:nv3,uint8:1ch,nv3,,extension,validation,2,704,704,400,0.07297832984477282,0.058791134506464005,0.03901999443769455,0.12206304818391801,0.03164906929330736,0.03797002136707306,0.1414027065038681,0.029191331937909126,ch32_scale_affine_20260927,torchvision.transforms.RandomHorizontalFlip,"{""p"": 0.5}",torch.manual_seed/random.seed(base_seed + 100000*block_id + call_index); set outside the timing window,20460927,"0,1,2,3",4,495616.0,496037.0,495616.0,torch.uint8,"[1, 704, 704]",True,Tensor,495616.0,496037.0,495616.0,torch.uint8,"[1, 704, 704]",True,uint8:1ch
grayscale,grayscale:uint8:1ch:nt0,uint8:1ch,nt0,,extension,train,2,64,64,400,0.027191932313144207,0.02648681402206421,0.02535143867135048,0.02974923700094223,0.002344859258456938,0.02449098974466324,0.041639432311058044,0.010876772925257683,ch32_scale_affine_20260927,torchvision.transforms.Grayscale,"{""num_output_channels"": 1}",torch.manual_seed/random.seed(base_seed + 100000*block_id + call_index); set outside the timing window,20460927,"0,1,2,3",4,4096.0,4503.0,4096.0,torch.uint8,"[1, 64, 64]",True,Tensor,4096.0,4503.0,4096.0,torch.uint8,"[1, 64, 64]",True,uint8:1ch
grayscale,grayscale:uint8:1ch:nt1,uint8:1ch,nt1,,extension,train,2,144,144,400,0.03421708708629012,0.030213501304388046,0.028885994106531143,0.044568628072738654,0.006552868353329288,0.028131529688835144,0.05757715553045273,0.013686834834516048,ch32_scale_affine_20260927,torchvision.transforms.Grayscale,"{""num_output_channels"": 1}",torch.manual_seed/random.seed(base_seed + 100000*block_id + call_index); set outside the timing window,20460927,"0,1,2,3",4,20736.0,21143.0,20736.0,torch.uint8,"[1, 144, 144]",True,Tensor,20736.0,21143.0,20736.0,torch.uint8,"[1, 144, 144]",True,uint8:1ch
grayscale,grayscale:uint8:1ch:nt2,uint8:1ch,nt2,,extension,train,2,224,224,400,0.03070732345804572,0.030300114303827286,0.029728654772043228,0.031656399369239814,0.0016578861215381779,0.029258430004119873,0.0399518758058548,0.012282929383218288,ch32_scale_affine_20260927,torchvision.transforms.Grayscale,"{""num_output_channels"": 1}",torch.manual_seed/random.seed(base_seed + 100000*block_id + call_index); set outside the timing window,20460927,"0,1,2,3",4,50176.0,50583.0,50176.0,torch.uint8,"[1, 224, 224]",True,Tensor,50176.0,50583.0,50176.0,torch.uint8,"[1, 224, 224]",True,uint8:1ch
grayscale,grayscale:uint8:1ch:nt3,uint8:1ch,nt3,,extension,train,2,320,320,400,0.04080129321664572,0.036422163248062134,0.033262837678194046,0.05090869963169098,0.007981077051469184,0.03235042095184326,0.09117741137742996,0.016320517286658287,ch32_scale_affine_20260927,torchvision.transforms.Grayscale,"{""num_output_channels"": 1}",torch.manual_seed/random.seed(base_seed + 100000*block_id + call_index); set outside the timing window,20460927,"0,1,2,3",4,102400.0,102821.0,102400.0,torch.uint8,"[1, 320, 320]",True,Tensor,102400.0,102821.0,102400.0,torch.uint8,"[1, 320, 320]",True,uint8:1ch
grayscale,grayscale:uint8:1ch:nt4,uint8:1ch,nt4,,extension,train,2,448,448,400,0.043674116022884846,0.04283338785171509,0.04166979342699051,0.04529915750026703,0.003546318991387259,0.040823593735694885,0.09061582386493683,0.01746964640915394,ch32_scale_affine_20260927,torchvision.transforms.Grayscale,"{""num_output_channels"": 1}",torch.manual_seed/random.seed(base_seed + 100000*block_id + call_index); set outside the timing window,20460927,"0,1,2,3",4,200704.0,201125.0,200704.0,torch.uint8,"[1, 448, 448]",True,Tensor,200704.0,201125.0,200704.0,torch.uint8,"[1, 448, 448]",True,uint8:1ch
grayscale,grayscale:uint8:1ch:nt5,uint8:1ch,nt5,,extension,train,2,640,640,400,0.05780161125585437,0.05710124969482422,0.05531627684831619,0.05956580862402916,0.0041080704210537606,0.05389004945755005,0.11667143553495407,0.023120644502341747,ch32_scale_affine_20260927,torchvision.transforms.Grayscale,"{""num_output_channels"": 1}",torch.manual_seed/random.seed(base_seed + 100000*block_id + call_index); set outside the timing window,20460927,"0,1,2,3",4,409600.0,410021.0,409600.0,torch.uint8,"[1, 640, 640]",True,Tensor,409600.0,410021.0,409600.0,torch.uint8,"[1, 640, 640]",True,uint8:1ch
grayscale,grayscale:uint8:1ch:nt6,uint8:1ch,nt6,,extension,train,2,832,832,400,0.0853928318247199,0.08172169327735901,0.07751043885946274,0.09477399289608002,0.007738496730389848,0.07652584463357925,0.11910684406757355,0.03415713272988796,ch32_scale_affine_20260927,torchvision.transforms.Grayscale,"{""num_output_channels"": 1}",torch.manual_seed/random.seed(base_seed + 100000*block_id + call_index); set outside the timing window,20460927,"0,1,2,3",4,692224.0,692645.0,692224.0,torch.uint8,"[1, 832, 832]",True,Tensor,692224.0,692645.0,692224.0,torch.uint8,"[1, 832, 832]",True,uint8:1ch
grayscale,grayscale:uint8:1ch:nt7,uint8:1ch,nt7,,extension,train,2,1024,1024,400,0.17414980102330446,0.17474964261054993,0.1577654853463173,0.19064685329794884,0.01417524626611314,0.1444229856133461,0.2246396616101265,0.06965992040932178,ch32_scale_affine_20260927,torchvision.transforms.Grayscale,"{""num_output_channels"": 1}",torch.manual_seed/random.seed(base_seed + 100000*block_id + call_index); set outside the timing window,20460927,"0,1,2,3",4,1048576.0,1048997.0,1048576.0,torch.uint8,"[1, 1024, 1024]",True,Tensor,1048576.0,1048997.0,1048576.0,torch.uint8,"[1, 1024, 1024]",True,uint8:1ch
grayscale,grayscale:uint8:1ch:nv0,uint8:1ch,nv0,,extension,validation,2,96,96,400,0.03264327999204397,0.03197323530912399,0.02963421866297722,0.035901833325624466,0.003109577433409289,0.0284658744931221,0.05204696208238602,0.013057311996817589,ch32_scale_affine_20260927,torchvision.transforms.Grayscale,"{""num_output_channels"": 1}",torch.manual_seed/random.seed(base_seed + 100000*block_id + call_index); set outside the timing window,20460927,"0,1,2,3",4,9216.0,9623.0,9216.0,torch.uint8,"[1, 96, 96]",True,Tensor,9216.0,9623.0,9216.0,torch.uint8,"[1, 96, 96]",True,uint8:1ch
grayscale,grayscale:uint8:1ch:nv1,uint8:1ch,nv1,,extension,validation,2,192,192,400,0.03573527093976736,0.03540609031915665,0.03252187743782997,0.03837188705801964,0.0028439359203509874,0.03145541995763779,0.05221087485551834,0.014294108375906944,ch32_scale_affine_20260927,torchvision.transforms.Grayscale,"{""num_output_channels"": 1}",torch.manual_seed/random.seed(base_seed + 100000*block_id + call_index); set outside the timing window,20460927,"0,1,2,3",4,36864.0,37271.0,36864.0,torch.uint8,"[1, 192, 192]",True,Tensor,36864.0,37271.0,36864.0,torch.uint8,"[1, 192, 192]",True,uint8:1ch
grayscale,grayscale:uint8:1ch:nv2,uint8:1ch,nv2,,extension,validation,2,384,384,400,0.037066093645989895,0.03662239760160446,0.03581419587135315,0.03844648599624634,0.0017463648485035788,0.035188160836696625,0.05012843757867813,0.014826437458395958,ch32_scale_affine_20260927,torchvision.transforms.Grayscale,"{""num_output_channels"": 1}",torch.manual_seed/random.seed(base_seed + 100000*block_id + call_index); set outside the timing window,20460927,"0,1,2,3",4,147456.0,147877.0,147456.0,torch.uint8,"[1, 384, 384]",True,Tensor,147456.0,147877.0,147456.0,torch.uint8,"[1, 384, 384]",True,uint8:1ch
grayscale,grayscale:uint8:1ch:nv3,uint8:1ch,nv3,,extension,validation,2,704,704,400,0.06498748902231455,0.06405124440789223,0.06246166303753853,0.06993068382143976,0.0031852557782061563,0.06129313260316849,0.08010957390069962,0.02599499560892582,ch32_scale_affine_20260927,torchvision.transforms.Grayscale,"{""num_output_channels"": 1}",torch.manual_seed/random.seed(base_seed + 100000*block_id + call_index); set outside the timing window,20460927,"0,1,2,3",4,495616.0,496037.0,495616.0,torch.uint8,"[1, 704, 704]",True,Tensor,495616.0,496037.0,495616.0,torch.uint8,"[1, 704, 704]",True,uint8:1ch
grayscale,grayscale:float32:1ch:nt0,float32:1ch,nt0,,extension,train,2,64,64,400,0.0299868849106133,0.029012560844421387,0.027400720864534378,0.033251941204071045,0.003984384922021793,0.02675876021385193,0.08559878915548325,0.01199475396424532,ch32_scale_affine_20260927,torchvision.transforms.Grayscale,"{""num_output_channels"": 1}",torch.manual_seed/random.seed(base_seed + 100000*block_id + call_index); set outside the timing window,20460927,"0,1,2,3",4,4096.0,16792.0,16384.0,torch.float32,"[1, 64, 64]",True,Tensor,4096.0,16792.0,16384.0,torch.float32,"[1, 64, 64]",True,float32:1ch
grayscale,grayscale:float32:1ch:nt1,float32:1ch,nt1,,extension,train,2,144,144,400,0.03515315242111683,0.03421958535909653,0.03285398706793785,0.037127360701560974,0.002917325150127423,0.032281503081321716,0.053456053137779236,0.014061260968446732,ch32_scale_affine_20260927,torchvision.transforms.Grayscale,"{""num_output_channels"": 1}",torch.manual_seed/random.seed(base_seed + 100000*block_id + call_index); set outside the timing window,20460927,"0,1,2,3",4,20736.0,83361.0,82944.0,torch.float32,"[1, 144, 144]",True,Tensor,20736.0,83361.0,82944.0,torch.float32,"[1, 144, 144]",True,float32:1ch
grayscale,grayscale:float32:1ch:nt2,float32:1ch,nt2,,extension,train,2,224,224,400,0.04566629184409976,0.04460662603378296,0.0412975437939167,0.05137128755450249,0.004421429007261476,0.04041288048028946,0.06463192403316498,0.018266516737639904,ch32_scale_affine_20260927,torchvision.transforms.Grayscale,"{""num_output_channels"": 1}",torch.manual_seed/random.seed(base_seed + 100000*block_id + call_index); set outside the timing window,20460927,"0,1,2,3",4,50176.0,201121.0,200704.0,torch.float32,"[1, 224, 224]",True,Tensor,50176.0,201121.0,200704.0,torch.float32,"[1, 224, 224]",True,float32:1ch
grayscale,grayscale:float32:1ch:nt3,float32:1ch,nt3,,extension,train,2,320,320,400,0.059228455647826195,0.058516860008239746,0.05656508728861809,0.06207805126905441,0.0030521505610551303,0.05540996789932251,0.07409509271383286,0.023691382259130478,ch32_scale_affine_20260927,torchvision.transforms.Grayscale,"{""num_output_channels"": 1}",torch.manual_seed/random.seed(base_seed + 100000*block_id + call_index); set outside the timing window,20460927,"0,1,2,3",4,102400.0,410022.0,409600.0,torch.float32,"[1, 320, 320]",True,Tensor,102400.0,410022.0,409600.0,torch.float32,"[1, 320, 320]",True,float32:1ch
grayscale,grayscale:float32:1ch:nt4,float32:1ch,nt4,,extension,train,2,448,448,400,0.10300526861101389,0.09766267612576485,0.08921092376112938,0.13576708734035495,0.01623935971532002,0.08632149547338486,0.16311835497617722,0.041202107444405556,ch32_scale_affine_20260927,torchvision.transforms.Grayscale,"{""num_output_channels"": 1}",torch.manual_seed/random.seed(base_seed + 100000*block_id + call_index); set outside the timing window,20460927,"0,1,2,3",4,200704.0,803238.0,802816.0,torch.float32,"[1, 448, 448]",True,Tensor,200704.0,803238.0,802816.0,torch.float32,"[1, 448, 448]",True,float32:1ch
grayscale,grayscale:float32:1ch:nt5,float32:1ch,nt5,,extension,train,2,640,640,400,0.24531837785616517,0.23647956550121307,0.23033525794744492,0.2706635743379594,0.02449252906966571,0.20752381533384323,0.34529808908700943,0.09812735114246607,ch32_scale_affine_20260927,torchvision.transforms.Grayscale,"{""num_output_channels"": 1}",torch.manual_seed/random.seed(base_seed + 100000*block_id + call_index); set outside the timing window,20460927,"0,1,2,3",4,409600.0,1638822.0,1638400.0,torch.float32,"[1, 640, 640]",True,Tensor,409600.0,1638822.0,1638400.0,torch.float32,"[1, 640, 640]",True,float32:1ch
grayscale,grayscale:float32:1ch:nt6,float32:1ch,nt6,,extension,train,2,832,832,400,0.4512093006633222,0.44834520667791367,0.4138763062655926,0.49520106986165047,0.0312317652576485,0.3799488767981529,0.5312608554959297,0.18048372026532888,ch32_scale_affine_20260927,torchvision.transforms.Grayscale,"{""num_output_channels"": 1}",torch.manual_seed/random.seed(base_seed + 100000*block_id + call_index); set outside the timing window,20460927,"0,1,2,3",4,692224.0,2769318.0,2768896.0,torch.float32,"[1, 832, 832]",True,Tensor,692224.0,2769318.0,2768896.0,torch.float32,"[1, 832, 832]",True,float32:1ch
grayscale,grayscale:float32:1ch:nt7,float32:1ch,nt7,,extension,train,2,1024,1024,400,0.6190160545520484,0.6076572462916374,0.5812034010887146,0.6697047501802444,0.0376350090078254,0.5590841174125671,0.7769269868731499,0.24760642182081938,ch32_scale_affine_20260927,torchvision.transforms.Grayscale,"{""num_output_channels"": 1}",torch.manual_seed/random.seed(base_seed + 100000*block_id + call_index); set outside the timing window,20460927,"0,1,2,3",4,1048576.0,4194726.0,4194304.0,torch.float32,"[1, 1024, 1024]",True,Tensor,1048576.0,4194726.0,4194304.0,torch.float32,"[1, 1024, 1024]",True,float32:1ch
grayscale,grayscale:float32:1ch:nv0,float32:1ch,nv0,,extension,validation,2,96,96,400,0.030555063858628273,0.03009103238582611,0.02820715308189392,0.03311922773718834,0.0023105657756901064,0.027013011276721954,0.04133395850658417,0.01222202554345131,ch32_scale_affine_20260927,torchvision.transforms.Grayscale,"{""num_output_channels"": 1}",torch.manual_seed/random.seed(base_seed + 100000*block_id + call_index); set outside the timing window,20460927,"0,1,2,3",4,9216.0,37272.0,36864.0,torch.float32,"[1, 96, 96]",True,Tensor,9216.0,37272.0,36864.0,torch.float32,"[1, 96, 96]",True,float32:1ch
grayscale,grayscale:float32:1ch:nv1,float32:1ch,nv1,,extension,validation,2,192,192,400,0.037738922983407974,0.03676116466522217,0.03603007644414902,0.03999881446361542,0.003001397455273548,0.03530271351337433,0.06821751594543457,0.01509556919336319,ch32_scale_affine_20260927,torchvision.transforms.Grayscale,"{""num_output_channels"": 1}",torch.manual_seed/random.seed(base_seed + 100000*block_id + call_index); set outside the timing window,20460927,"0,1,2,3",4,36864.0,147873.0,147456.0,torch.float32,"[1, 192, 192]",True,Tensor,36864.0,147873.0,147456.0,torch.float32,"[1, 192, 192]",True,float32:1ch
grayscale,grayscale:float32:1ch:nv2,float32:1ch,nv2,,extension,validation,2,384,384,400,0.07742639863863587,0.07665716111660004,0.07376670837402344,0.07963217794895172,0.003709466679678195,0.07268879562616348,0.10112021118402481,0.03097055945545435,ch32_scale_affine_20260927,torchvision.transforms.Grayscale,"{""num_output_channels"": 1}",torch.manual_seed/random.seed(base_seed + 100000*block_id + call_index); set outside the timing window,20460927,"0,1,2,3",4,147456.0,590246.0,589824.0,torch.float32,"[1, 384, 384]",True,Tensor,147456.0,590246.0,589824.0,torch.float32,"[1, 384, 384]",True,float32:1ch
grayscale,grayscale:float32:1ch:nv3,float32:1ch,nv3,,extension,validation,2,704,704,400,0.308894794434309,0.3035031259059906,0.28519313782453537,0.3379915840923786,0.02155483322068053,0.27245841920375824,0.3848318010568619,0.1235579177737236,ch32_scale_affine_20260927,torchvision.transforms.Grayscale,"{""num_output_channels"": 1}",torch.manual_seed/random.seed(base_seed + 100000*block_id + call_index); set outside the timing window,20460927,"0,1,2,3",4,495616.0,1982886.0,1982464.0,torch.float32,"[1, 704, 704]",True,Tensor,495616.0,1982886.0,1982464.0,torch.float32,"[1, 704, 704]",True,float32:1ch
blur,blur:float32:1ch:t4,float32:1ch,t4,,control,control,2,224,224,375,6.667445495724678,2.2620391100645065,2.2069601342082024,26.485229283571265,11.43547961432669,2.1751131862401962,85.08127927780151,2.5002920608967543,ch32_scale_affine_20260927,torchvision.transforms.GaussianBlur,"{""kernel_size"": 11, ""sigma"": [0.1, 2.0]}",torch.manual_seed/random.seed(base_seed + 100000*block_id + call_index); set outside the timing window,20460927,"0,1,2,3",4,50176.0,201121.0,200704.0,torch.float32,"[1, 224, 224]",True,Tensor,50176.0,201122.0,200704.0,torch.float32,"[1, 224, 224]",True,float32:1ch
blur,blur:uint8:3ch:t7,uint8:3ch,t7,,control,control,2,512,512,37,67.74566176573973,28.412790969014168,26.46800223737955,164.1725640743971,87.37586920808069,25.76595637947321,453.06816045194864,2.50658948533237,ch32_scale_affine_20260927,torchvision.transforms.GaussianBlur,"{""kernel_size"": 11, ""sigma"": [0.1, 2.0]}",torch.manual_seed/random.seed(base_seed + 100000*block_id + call_index); set outside the timing window,20460927,"0,1,2,3",4,786432.0,786856.0,786432.0,torch.uint8,"[3, 512, 512]",True,Tensor,786432.0,786856.0,786432.0,torch.uint8,"[3, 512, 512]",True,uint8:3ch
jitter,jitter:float32:3ch:t4,float32:3ch,t4,,control,control,2,224,224,207,7.248624142457322,7.1545494720339775,6.786874122917652,7.7688757330179214,0.458613689138275,6.548489443957806,9.905313141644001,1.5004651974886656,ch32_scale_affine_20260927,torchvision.transforms.ColorJitter,"{""brightness"": 0.1, ""contrast"": 0.1, ""hue"": 0.1, ""saturation"": 0.1}",torch.manual_seed/random.seed(base_seed + 100000*block_id + call_index); set outside the timing window,20460927,"0,1,2,3",4,150528.0,602532.0,602112.0,torch.float32,"[3, 224, 224]",True,Tensor,150528.0,602532.0,602112.0,torch.float32,"[3, 224, 224]",False,float32:3ch
jitter,jitter:uint8:1ch:t7,uint8:1ch,t7,,control,control,2,512,512,400,1.6088423249311745,1.5805684961378574,1.5116007067263126,1.7551182769238949,0.08966068010952279,1.4793779700994492,1.8384428694844246,0.6435369299724698,ch32_scale_affine_20260927,torchvision.transforms.ColorJitter,"{""brightness"": 0.1, ""contrast"": 0.1, ""hue"": 0.1, ""saturation"": 0.1}",torch.manual_seed/random.seed(base_seed + 100000*block_id + call_index); set outside the timing window,20460927,"0,1,2,3",4,262144.0,262565.0,262144.0,torch.uint8,"[1, 512, 512]",True,Tensor,262144.0,262568.0,262144.0,torch.uint8,"[1, 512, 512]",True,uint8:1ch
crop,crop:float32:3ch:t6,float32:3ch,t6,,control,control,2,384,384,400,1.7678619339130819,1.7692162655293941,1.649018656462431,1.8706923350691795,0.08345766344741261,1.5945164486765862,1.9850004464387894,0.7071447735652328,ch32_scale_affine_20260927,torchvision.transforms.RandomResizedCrop,"{""ratio"": [0.75, 1.3333333], ""scale"": [0.08, 1.0], ""size"": [244, 244]}",torch.manual_seed/random.seed(base_seed + 100000*block_id + call_index); set outside the timing window,20460927,"0,1,2,3",4,442368.0,1769897.0,1769472.0,torch.float32,"[3, 384, 384]",True,Tensor,178608.0,714852.0,714432.0,torch.float32,"[3, 244, 244]",True,float32:3ch
crop,crop:uint8:1ch:t7,uint8:1ch,t7,,control,control,2,448,448,400,0.6923497817479074,0.682879239320755,0.6470796652138233,0.7489636540412903,0.04014882168967161,0.6232066079974174,0.8299397304654121,0.27693991269916296,ch32_scale_affine_20260927,torchvision.transforms.RandomResizedCrop,"{""ratio"": [0.75, 1.3333333], ""scale"": [0.08, 1.0], ""size"": [244, 244]}",torch.manual_seed/random.seed(base_seed + 100000*block_id + call_index); set outside the timing window,20460927,"0,1,2,3",4,200704.0,201125.0,200704.0,torch.uint8,"[1, 448, 448]",True,Tensor,59536.0,59944.0,59536.0,torch.uint8,"[1, 244, 244]",True,uint8:1ch
grayscale,grayscale:float32:3ch:t4,float32:3ch,t4,,control,control,2,224,224,400,0.18587485887110233,0.18637580797076225,0.16868123784661293,0.2031862735748291,0.01907972423227999,0.16509927809238434,0.41696708649396896,0.07434994354844093,ch32_scale_affine_20260927,torchvision.transforms.Grayscale,"{""num_output_channels"": 1}",torch.manual_seed/random.seed(base_seed + 100000*block_id + call_index); set outside the timing window,20460927,"0,1,2,3",4,150528.0,602532.0,602112.0,torch.float32,"[3, 224, 224]",True,Tensor,50176.0,201122.0,200704.0,torch.float32,"[1, 224, 224]",True,float32:1ch
flip,flip:float32:3ch:t4,float32:3ch,t4,,control,control,2,224,224,400,0.07930385880172253,0.05286233499646187,0.04076845943927765,0.12338785454630852,0.0361871465421492,0.039353035390377045,0.15445612370967865,0.03172154352068901,ch32_scale_affine_20260927,torchvision.transforms.RandomHorizontalFlip,"{""p"": 0.5}",torch.manual_seed/random.seed(base_seed + 100000*block_id + call_index); set outside the timing window,20460927,"0,1,2,3",4,150528.0,602532.0,602112.0,torch.float32,"[3, 224, 224]",True,Tensor,150528.0,602532.0,602112.0,torch.float32,"[3, 224, 224]",True,float32:3ch
