operator,cell_id,representation_class,size_id,pair_id,batch,origin,train_or_validation,block_id,height,width,calls,mean_ms,median_ms,p10_ms,p90_ms,std_ms,min_ms,max_ms,accumulated_sec,measurement_protocol,implementation,parameters,seed_rule,block_seed,source_ids,n_sources,elements,serialized_bytes,native_bytes,dtype,shape,contiguous,container,out_elements,out_serialized_bytes,out_native_bytes,out_dtype,out_shape,out_contiguous,out_representation_class
blur,blur:float32:3ch:t0,float32:3ch,t0,,round1_20260927,baseline,train,0,64,64,400,1.0994406649842858,0.6705787964165211,0.655748788267374,2.5858321227133274,1.1201134584772567,0.6123557686805725,7.274542935192585,0.43977626599371433,ch32_scale_affine_20260927,torchvision.transforms.GaussianBlur,"{""kernel_size"": 11, ""sigma"": [0.1, 2.0]}",torch.manual_seed/random.seed(base_seed + 100000*block_id + call_index); set outside the timing window,20260927,"0,1,2,3",4,12288.0,49561.0,49152.0,torch.float32,"[3, 64, 64]",True,Tensor,12288.0,49559.0,49152.0,torch.float32,"[3, 64, 64]",True,float32:3ch
blur,blur:float32:3ch:v0,float32:3ch,v0,,round1_20260927,baseline,validation,0,80,80,400,1.4990717940963805,0.7979697547852993,0.774714257568121,3.8134681060910265,1.7766523098375944,0.761931762099266,11.175631545484066,0.5996287176385522,ch32_scale_affine_20260927,torchvision.transforms.GaussianBlur,"{""kernel_size"": 11, ""sigma"": [0.1, 2.0]}",torch.manual_seed/random.seed(base_seed + 100000*block_id + call_index); set outside the timing window,20260927,"0,1,2,3",4,19200.0,77216.0,76800.0,torch.float32,"[3, 80, 80]",True,Tensor,19200.0,77216.0,76800.0,torch.float32,"[3, 80, 80]",True,float32:3ch
blur,blur:float32:3ch:t1,float32:3ch,t1,,round1_20260927,baseline,train,0,96,96,400,1.9156154920347035,0.9533953852951527,0.9392168372869492,5.261364486068487,2.517391771198703,0.9282240644097328,15.822050161659718,0.7662461968138814,ch32_scale_affine_20260927,torchvision.transforms.GaussianBlur,"{""kernel_size"": 11, ""sigma"": [0.1, 2.0]}",torch.manual_seed/random.seed(base_seed + 100000*block_id + call_index); set outside the timing window,20260927,"0,1,2,3",4,27648.0,111008.0,110592.0,torch.float32,"[3, 96, 96]",True,Tensor,27648.0,111008.0,110592.0,torch.float32,"[3, 96, 96]",True,float32:3ch
blur,blur:float32:3ch:t2,float32:3ch,t2,,round1_20260927,baseline,train,0,144,144,400,3.8724534679204226,1.693226397037506,1.6576852649450302,11.37636248022318,5.673798375822873,1.6353270038962364,35.293214954435825,1.548981387168169,ch32_scale_affine_20260927,torchvision.transforms.GaussianBlur,"{""kernel_size"": 11, ""sigma"": [0.1, 2.0]}",torch.manual_seed/random.seed(base_seed + 100000*block_id + call_index); set outside the timing window,20260927,"0,1,2,3",4,62208.0,249248.0,248832.0,torch.float32,"[3, 144, 144]",True,Tensor,62208.0,249248.0,248832.0,torch.float32,"[3, 144, 144]",True,float32:3ch
blur,blur:float32:3ch:v1,float32:3ch,v1,,round1_20260927,baseline,validation,0,160,160,400,4.70774499932304,2.0324704237282276,1.9831938669085503,13.99299204349518,6.99437375690735,1.9513145089149475,43.35443302989006,1.883097999729216,ch32_scale_affine_20260927,torchvision.transforms.GaussianBlur,"{""kernel_size"": 11, ""sigma"": [0.1, 2.0]}",torch.manual_seed/random.seed(base_seed + 100000*block_id + call_index); set outside the timing window,20260927,"0,1,2,3",4,76800.0,307618.0,307200.0,torch.float32,"[3, 160, 160]",True,Tensor,76800.0,307618.0,307200.0,torch.float32,"[3, 160, 160]",True,float32:3ch
blur,blur:float32:3ch:t3,float32:3ch,t3,,round1_20260927,baseline,train,0,192,192,371,6.770752008873819,2.8357747942209244,2.7738679200410843,20.023825578391552,9.9886016400016,2.7402695268392563,62.33319640159607,2.5119489952921867,ch32_scale_affine_20260927,torchvision.transforms.GaussianBlur,"{""kernel_size"": 11, ""sigma"": [0.1, 2.0]}",torch.manual_seed/random.seed(base_seed + 100000*block_id + call_index); set outside the timing window,20260927,"0,1,2,3",4,110592.0,442786.0,442368.0,torch.float32,"[3, 192, 192]",True,Tensor,110592.0,442786.0,442368.0,torch.float32,"[3, 192, 192]",True,float32:3ch
blur,blur:float32:3ch:t4,float32:3ch,t4,,round1_20260927,baseline,train,0,224,224,298,8.468800524387184,3.5748565569519997,3.5175432451069355,26.90272219479084,12.701188061733056,3.4539811313152313,84.55007150769234,2.5237025562673807,ch32_scale_affine_20260927,torchvision.transforms.GaussianBlur,"{""kernel_size"": 11, ""sigma"": [0.1, 2.0]}",torch.manual_seed/random.seed(base_seed + 100000*block_id + call_index); set outside the timing window,20260927,"0,1,2,3",4,150528.0,602530.0,602112.0,torch.float32,"[3, 224, 224]",True,Tensor,150528.0,602530.0,602112.0,torch.float32,"[3, 224, 224]",True,float32:3ch
blur,blur:float32:3ch:v2,float32:3ch,v2,,round1_20260927,baseline,validation,0,256,256,233,10.853298512075591,4.654174670577049,4.547231458127499,35.73910407721997,16.07117532340632,4.473327659070492,110.46306230127811,2.528818553313613,ch32_scale_affine_20260927,torchvision.transforms.GaussianBlur,"{""kernel_size"": 11, ""sigma"": [0.1, 2.0]}",torch.manual_seed/random.seed(base_seed + 100000*block_id + call_index); set outside the timing window,20260927,"0,1,2,3",4,196608.0,786855.0,786432.0,torch.float32,"[3, 256, 256]",True,Tensor,196608.0,786855.0,786432.0,torch.float32,"[3, 256, 256]",True,float32:3ch
blur,blur:float32:3ch:t5,float32:3ch,t5,,round1_20260927,baseline,train,0,288,288,161,15.553778829920736,9.56969428807497,5.555588752031326,46.90784402191639,20.446283719199684,5.44371921569109,139.3431220203638,2.5041583916172385,ch32_scale_affine_20260927,torchvision.transforms.GaussianBlur,"{""kernel_size"": 11, ""sigma"": [0.1, 2.0]}",torch.manual_seed/random.seed(base_seed + 100000*block_id + call_index); set outside the timing window,20260927,"0,1,2,3",4,248832.0,995751.0,995328.0,torch.float32,"[3, 288, 288]",True,Tensor,248832.0,995751.0,995328.0,torch.float32,"[3, 288, 288]",True,float32:3ch
blur,blur:float32:3ch:t6,float32:3ch,t6,,round1_20260927,baseline,train,0,384,384,122,21.068978092831667,9.839042089879513,9.677594900131226,52.56479727104306,29.21684507487803,9.55673772841692,179.24399115145206,2.5704153273254633,ch32_scale_affine_20260927,torchvision.transforms.GaussianBlur,"{""kernel_size"": 11, ""sigma"": [0.1, 2.0]}",torch.manual_seed/random.seed(base_seed + 100000*block_id + call_index); set outside the timing window,20260927,"0,1,2,3",4,442368.0,1769895.0,1769472.0,torch.float32,"[3, 384, 384]",True,Tensor,442368.0,1769895.0,1769472.0,torch.float32,"[3, 384, 384]",True,float32:3ch
blur,blur:float32:3ch:v3,float32:3ch,v3,,round1_20260927,baseline,validation,0,448,448,91,27.600938126772316,13.34411557763815,13.03508598357439,71.18732668459415,36.010497373427626,12.968170456588268,243.92288364470005,2.5116853695362806,ch32_scale_affine_20260927,torchvision.transforms.GaussianBlur,"{""kernel_size"": 11, ""sigma"": [0.1, 2.0]}",torch.manual_seed/random.seed(base_seed + 100000*block_id + call_index); set outside the timing window,20260927,"0,1,2,3",4,602112.0,2408871.0,2408448.0,torch.float32,"[3, 448, 448]",True,Tensor,602112.0,2408871.0,2408448.0,torch.float32,"[3, 448, 448]",True,float32:3ch
blur,blur:float32:3ch:t7,float32:3ch,t7,,round1_20260927,baseline,train,0,512,512,73,34.91498107626422,30.975744128227234,21.582769975066185,33.41966886073351,24.507216446799678,21.180806681513786,156.7068612203002,2.548793618567288,ch32_scale_affine_20260927,torchvision.transforms.GaussianBlur,"{""kernel_size"": 11, ""sigma"": [0.1, 2.0]}",torch.manual_seed/random.seed(base_seed + 100000*block_id + call_index); set outside the timing window,20260927,"0,1,2,3",4,786432.0,3146151.0,3145728.0,torch.float32,"[3, 512, 512]",True,Tensor,786432.0,3146151.0,3145728.0,torch.float32,"[3, 512, 512]",True,float32:3ch
blur,blur:float32:1ch:t0,float32:1ch,t0,,round1_20260927,baseline,train,0,64,64,400,0.9451597766019404,0.4991712048649788,0.47841938212513924,2.500657085329295,1.163984047245049,0.4708673804998398,7.270271889865398,0.37806391064077616,ch32_scale_affine_20260927,torchvision.transforms.GaussianBlur,"{""kernel_size"": 11, ""sigma"": [0.1, 2.0]}",torch.manual_seed/random.seed(base_seed + 100000*block_id + call_index); set outside the timing window,20260927,"0,1,2,3",4,4096.0,16790.0,16384.0,torch.float32,"[1, 64, 64]",True,Tensor,4096.0,16791.0,16384.0,torch.float32,"[1, 64, 64]",True,float32:1ch
blur,blur:float32:1ch:v0,float32:1ch,v0,,round1_20260927,baseline,validation,0,80,80,400,1.2508927867747843,0.5634245462715626,0.5489656701683998,3.617506008595228,1.792320856692867,0.5375724285840988,11.209203861653805,0.5003571147099137,ch32_scale_affine_20260927,torchvision.transforms.GaussianBlur,"{""kernel_size"": 11, ""sigma"": [0.1, 2.0]}",torch.manual_seed/random.seed(base_seed + 100000*block_id + call_index); set outside the timing window,20260927,"0,1,2,3",4,6400.0,26006.0,25600.0,torch.float32,"[1, 80, 80]",True,Tensor,6400.0,26007.0,25600.0,torch.float32,"[1, 80, 80]",True,float32:1ch
blur,blur:float32:1ch:t1,float32:1ch,t1,,round1_20260927,baseline,train,0,96,96,400,1.679053409025073,0.6994199939072132,0.6580795161426067,5.071405693888664,2.5784151495948824,0.6476854905486107,15.94468392431736,0.6716213636100292,ch32_scale_affine_20260927,torchvision.transforms.GaussianBlur,"{""kernel_size"": 11, ""sigma"": [0.1, 2.0]}",torch.manual_seed/random.seed(base_seed + 100000*block_id + call_index); set outside the timing window,20260927,"0,1,2,3",4,9216.0,37270.0,36864.0,torch.float32,"[1, 96, 96]",True,Tensor,9216.0,37271.0,36864.0,torch.float32,"[1, 96, 96]",True,float32:1ch
blur,blur:float32:1ch:t2,float32:1ch,t2,,round1_20260927,baseline,train,0,144,144,400,3.8272573659196496,1.1447402648627758,1.1164198629558086,11.105585377663374,10.89623173492088,1.0930337011814117,188.10977693647146,1.5309029463678598,ch32_scale_affine_20260927,torchvision.transforms.GaussianBlur,"{""kernel_size"": 11, ""sigma"": [0.1, 2.0]}",torch.manual_seed/random.seed(base_seed + 100000*block_id + call_index); set outside the timing window,20260927,"0,1,2,3",4,20736.0,83359.0,82944.0,torch.float32,"[1, 144, 144]",True,Tensor,20736.0,83360.0,82944.0,torch.float32,"[1, 144, 144]",True,float32:1ch
blur,blur:float32:1ch:v1,float32:1ch,v1,,round1_20260927,baseline,validation,0,160,160,400,4.014896035660058,1.2753899209201336,1.2414701282978058,13.486440852284433,7.1570948115935495,1.2284237891435623,43.584383092820644,1.6059584142640233,ch32_scale_affine_20260927,torchvision.transforms.GaussianBlur,"{""kernel_size"": 11, ""sigma"": [0.1, 2.0]}",torch.manual_seed/random.seed(base_seed + 100000*block_id + call_index); set outside the timing window,20260927,"0,1,2,3",4,25600.0,102815.0,102400.0,torch.float32,"[1, 160, 160]",True,Tensor,25600.0,102816.0,102400.0,torch.float32,"[1, 160, 160]",True,float32:1ch
blur,blur:float32:1ch:t3,float32:1ch,t3,,round1_20260927,baseline,train,0,192,192,400,5.752767042722553,1.7414353787899017,1.7067265696823597,19.265928491950035,10.295493044180951,1.6885921359062195,62.64509819447994,2.301106817089021,ch32_scale_affine_20260927,torchvision.transforms.GaussianBlur,"{""kernel_size"": 11, ""sigma"": [0.1, 2.0]}",torch.manual_seed/random.seed(base_seed + 100000*block_id + call_index); set outside the timing window,20260927,"0,1,2,3",4,36864.0,147871.0,147456.0,torch.float32,"[1, 192, 192]",True,Tensor,36864.0,147872.0,147456.0,torch.float32,"[1, 192, 192]",True,float32:1ch
blur,blur:float32:1ch:t4,float32:1ch,t4,,round1_20260927,baseline,train,0,224,224,330,7.576411903243173,2.1465341560542583,2.1199853159487247,25.974289886653427,14.323316491335232,2.0916499197483063,85.19329596310854,2.500215928070247,ch32_scale_affine_20260927,torchvision.transforms.GaussianBlur,"{""kernel_size"": 11, ""sigma"": [0.1, 2.0]}",torch.manual_seed/random.seed(base_seed + 100000*block_id + call_index); set outside the timing window,20260927,"0,1,2,3",4,50176.0,201119.0,200704.0,torch.float32,"[1, 224, 224]",True,Tensor,50176.0,201120.0,200704.0,torch.float32,"[1, 224, 224]",True,float32:1ch
blur,blur:float32:1ch:v2,float32:1ch,v2,,round1_20260927,baseline,validation,0,256,256,283,8.938820404082852,2.8157606720924377,2.7624430134892464,33.92272237688303,15.932891443467433,2.726178616285324,111.16443201899529,2.5296861743554473,ch32_scale_affine_20260927,torchvision.transforms.GaussianBlur,"{""kernel_size"": 11, ""sigma"": [0.1, 2.0]}",torch.manual_seed/random.seed(base_seed + 100000*block_id + call_index); set outside the timing window,20260927,"0,1,2,3",4,65536.0,262564.0,262144.0,torch.float32,"[1, 256, 256]",True,Tensor,65536.0,262567.0,262144.0,torch.float32,"[1, 256, 256]",True,float32:1ch
blur,blur:float32:1ch:t5,float32:1ch,t5,,round1_20260927,baseline,train,0,288,288,224,11.363643392022434,3.4608375281095505,3.297868650406599,43.06085398420692,20.95316647932867,3.256097435951233,140.29721356928349,2.545456119813025,ch32_scale_affine_20260927,torchvision.transforms.GaussianBlur,"{""kernel_size"": 11, ""sigma"": [0.1, 2.0]}",torch.manual_seed/random.seed(base_seed + 100000*block_id + call_index); set outside the timing window,20260927,"0,1,2,3",4,82944.0,332196.0,331776.0,torch.float32,"[1, 288, 288]",True,Tensor,82944.0,332199.0,331776.0,torch.float32,"[1, 288, 288]",True,float32:1ch
blur,blur:float32:1ch:t6,float32:1ch,t6,,round1_20260927,baseline,train,0,384,384,130,19.381243699731733,6.165893282741308,5.899494607001543,56.06070375069998,32.69939746599363,5.83778228610754,188.12641967087984,2.5195616809651256,ch32_scale_affine_20260927,torchvision.transforms.GaussianBlur,"{""kernel_size"": 11, ""sigma"": [0.1, 2.0]}",torch.manual_seed/random.seed(base_seed + 100000*block_id + call_index); set outside the timing window,20260927,"0,1,2,3",4,147456.0,590244.0,589824.0,torch.float32,"[1, 384, 384]",True,Tensor,147456.0,590247.0,589824.0,torch.float32,"[1, 384, 384]",True,float32:1ch
blur,blur:float32:1ch:v3,float32:1ch,v3,,round1_20260927,baseline,validation,0,448,448,108,24.151148973032832,8.130957838147879,7.980217877775431,78.1613489612936,42.02822371231504,7.8308070078492165,245.41670642793179,2.608324089087546,ch32_scale_affine_20260927,torchvision.transforms.GaussianBlur,"{""kernel_size"": 11, ""sigma"": [0.1, 2.0]}",torch.manual_seed/random.seed(base_seed + 100000*block_id + call_index); set outside the timing window,20260927,"0,1,2,3",4,200704.0,803236.0,802816.0,torch.float32,"[1, 448, 448]",True,Tensor,200704.0,803239.0,802816.0,torch.float32,"[1, 448, 448]",True,float32:1ch
blur,blur:float32:1ch:t7,float32:1ch,t7,,round1_20260927,baseline,train,0,512,512,91,27.715905375041803,10.378919541835785,10.164888575673103,87.39086426794529,48.07422620145557,9.96951013803482,320.3350119292736,2.522147389128804,ch32_scale_affine_20260927,torchvision.transforms.GaussianBlur,"{""kernel_size"": 11, ""sigma"": [0.1, 2.0]}",torch.manual_seed/random.seed(base_seed + 100000*block_id + call_index); set outside the timing window,20260927,"0,1,2,3",4,262144.0,1048996.0,1048576.0,torch.float32,"[1, 512, 512]",True,Tensor,262144.0,1048999.0,1048576.0,torch.float32,"[1, 512, 512]",True,float32:1ch
blur,blur:uint8:3ch:t0,uint8:3ch,t0,,round1_20260927,baseline,train,0,64,64,400,1.116736342664808,0.6879139691591263,0.6655237637460232,2.6158903725445275,1.120580879009035,0.6537307053804398,7.290948182344437,0.4466945370659232,ch32_scale_affine_20260927,torchvision.transforms.GaussianBlur,"{""kernel_size"": 11, ""sigma"": [0.1, 2.0]}",torch.manual_seed/random.seed(base_seed + 100000*block_id + call_index); set outside the timing window,20260927,"0,1,2,3",4,12288.0,12694.0,12288.0,torch.uint8,"[3, 64, 64]",True,Tensor,12288.0,12694.0,12288.0,torch.uint8,"[3, 64, 64]",True,uint8:3ch
blur,blur:uint8:3ch:v0,uint8:3ch,v0,,round1_20260927,baseline,validation,0,80,80,400,1.5316998702473938,0.8611828088760376,0.8344187401235104,3.853927552700044,1.7541913852204323,0.8118674159049988,11.192522011697292,0.6126799480989575,ch32_scale_affine_20260927,torchvision.transforms.GaussianBlur,"{""kernel_size"": 11, ""sigma"": [0.1, 2.0]}",torch.manual_seed/random.seed(base_seed + 100000*block_id + call_index); set outside the timing window,20260927,"0,1,2,3",4,19200.0,19606.0,19200.0,torch.uint8,"[3, 80, 80]",True,Tensor,19200.0,19606.0,19200.0,torch.uint8,"[3, 80, 80]",True,uint8:3ch
blur,blur:uint8:3ch:t1,uint8:3ch,t1,,round1_20260927,baseline,train,0,96,96,400,1.977039580233395,1.0113171301782131,0.9974734857678413,5.326774064451456,2.518091040497339,0.9780731052160263,15.88850561529398,0.790815832093358,ch32_scale_affine_20260927,torchvision.transforms.GaussianBlur,"{""kernel_size"": 11, ""sigma"": [0.1, 2.0]}",torch.manual_seed/random.seed(base_seed + 100000*block_id + call_index); set outside the timing window,20260927,"0,1,2,3",4,27648.0,28054.0,27648.0,torch.uint8,"[3, 96, 96]",True,Tensor,27648.0,28054.0,27648.0,torch.uint8,"[3, 96, 96]",True,uint8:3ch
blur,blur:uint8:3ch:t2,uint8:3ch,t2,,round1_20260927,baseline,train,0,144,144,400,4.004763134289533,1.8442203290760517,1.7834706231951714,11.500526312738657,5.670056279599473,1.733860932290554,35.41857283562422,1.6019052537158132,ch32_scale_affine_20260927,torchvision.transforms.GaussianBlur,"{""kernel_size"": 11, ""sigma"": [0.1, 2.0]}",torch.manual_seed/random.seed(base_seed + 100000*block_id + call_index); set outside the timing window,20260927,"0,1,2,3",4,62208.0,62614.0,62208.0,torch.uint8,"[3, 144, 144]",True,Tensor,62208.0,62614.0,62208.0,torch.uint8,"[3, 144, 144]",True,uint8:3ch
blur,blur:uint8:3ch:v1,uint8:3ch,v1,,round1_20260927,baseline,validation,0,160,160,400,4.8575107008218765,2.17812554910779,2.085169591009617,14.049412403255703,6.99461758176704,2.061772160232067,43.50300785154104,1.9430042803287506,ch32_scale_affine_20260927,torchvision.transforms.GaussianBlur,"{""kernel_size"": 11, ""sigma"": [0.1, 2.0]}",torch.manual_seed/random.seed(base_seed + 100000*block_id + call_index); set outside the timing window,20260927,"0,1,2,3",4,76800.0,77217.0,76800.0,torch.uint8,"[3, 160, 160]",True,Tensor,76800.0,77217.0,76800.0,torch.uint8,"[3, 160, 160]",True,uint8:3ch
blur,blur:uint8:3ch:t3,uint8:3ch,t3,,round1_20260927,baseline,train,0,192,192,371,6.777642530733042,2.9598716646432877,2.9075108468532562,20.121515728533268,9.997915556261423,2.863503061234951,62.46498599648476,2.5145053789019585,ch32_scale_affine_20260927,torchvision.transforms.GaussianBlur,"{""kernel_size"": 11, ""sigma"": [0.1, 2.0]}",torch.manual_seed/random.seed(base_seed + 100000*block_id + call_index); set outside the timing window,20260927,"0,1,2,3",4,110592.0,111009.0,110592.0,torch.uint8,"[3, 192, 192]",True,Tensor,110592.0,111009.0,110592.0,torch.uint8,"[3, 192, 192]",True,uint8:3ch
blur,blur:uint8:3ch:t4,uint8:3ch,t4,,round1_20260927,baseline,train,0,224,224,291,8.677645618435239,3.7914281710982323,3.72249074280262,27.096200734376907,12.68575544575418,3.6875056102871895,84.98736470937729,2.5251948749646544,ch32_scale_affine_20260927,torchvision.transforms.GaussianBlur,"{""kernel_size"": 11, ""sigma"": [0.1, 2.0]}",torch.manual_seed/random.seed(base_seed + 100000*block_id + call_index); set outside the timing window,20260927,"0,1,2,3",4,150528.0,150945.0,150528.0,torch.uint8,"[3, 224, 224]",True,Tensor,150528.0,150945.0,150528.0,torch.uint8,"[3, 224, 224]",True,uint8:3ch
blur,blur:uint8:3ch:v2,uint8:3ch,v2,,round1_20260927,baseline,validation,0,256,256,226,11.14423503373972,4.881925415247679,4.81755193322897,36.524948198348284,16.29725285261892,4.764293320477009,110.39884109050035,2.518597117625177,ch32_scale_affine_20260927,torchvision.transforms.GaussianBlur,"{""kernel_size"": 11, ""sigma"": [0.1, 2.0]}",torch.manual_seed/random.seed(base_seed + 100000*block_id + call_index); set outside the timing window,20260927,"0,1,2,3",4,196608.0,197030.0,196608.0,torch.uint8,"[3, 256, 256]",True,Tensor,196608.0,197030.0,196608.0,torch.uint8,"[3, 256, 256]",True,uint8:3ch
blur,blur:uint8:3ch:t5,uint8:3ch,t5,,round1_20260927,baseline,train,0,288,288,172,14.564613638402419,6.019913591444492,5.86405461654067,48.35596382617951,21.259874051008715,5.79682644456625,139.89587780088186,2.505113545805216,ch32_scale_affine_20260927,torchvision.transforms.GaussianBlur,"{""kernel_size"": 11, ""sigma"": [0.1, 2.0]}",torch.manual_seed/random.seed(base_seed + 100000*block_id + call_index); set outside the timing window,20260927,"0,1,2,3",4,248832.0,249254.0,248832.0,torch.uint8,"[3, 288, 288]",True,Tensor,248832.0,249254.0,248832.0,torch.uint8,"[3, 288, 288]",True,uint8:3ch
blur,blur:uint8:3ch:t6,uint8:3ch,t6,,round1_20260927,baseline,train,0,384,384,99,25.814434118343122,18.600628711283207,10.623835772275925,61.63698732852936,25.3269127733369,10.466530919075012,180.2033018320799,2.555628977715969,ch32_scale_affine_20260927,torchvision.transforms.GaussianBlur,"{""kernel_size"": 11, ""sigma"": [0.1, 2.0]}",torch.manual_seed/random.seed(base_seed + 100000*block_id + call_index); set outside the timing window,20260927,"0,1,2,3",4,442368.0,442790.0,442368.0,torch.uint8,"[3, 384, 384]",True,Tensor,442368.0,442790.0,442368.0,torch.uint8,"[3, 384, 384]",True,uint8:3ch
blur,blur:uint8:3ch:v3,uint8:3ch,v3,,round1_20260927,baseline,validation,0,448,448,86,29.575876891613007,18.020143266767263,14.029211364686489,72.65677442774177,34.338256044494244,13.96013144403696,245.02500984817743,2.5435254126787186,ch32_scale_affine_20260927,torchvision.transforms.GaussianBlur,"{""kernel_size"": 11, ""sigma"": [0.1, 2.0]}",torch.manual_seed/random.seed(base_seed + 100000*block_id + call_index); set outside the timing window,20260927,"0,1,2,3",4,602112.0,602534.0,602112.0,torch.uint8,"[3, 448, 448]",True,Tensor,602112.0,602534.0,602112.0,torch.uint8,"[3, 448, 448]",True,uint8:3ch
blur,blur:uint8:3ch:t7,uint8:3ch,t7,,round1_20260927,baseline,train,0,512,512,72,35.08242772012535,29.520372860133648,25.93029774725437,32.23635004833341,21.870570092539527,24.615012109279633,151.7919795587659,2.5259347958490252,ch32_scale_affine_20260927,torchvision.transforms.GaussianBlur,"{""kernel_size"": 11, ""sigma"": [0.1, 2.0]}",torch.manual_seed/random.seed(base_seed + 100000*block_id + call_index); set outside the timing window,20260927,"0,1,2,3",4,786432.0,786854.0,786432.0,torch.uint8,"[3, 512, 512]",True,Tensor,786432.0,786854.0,786432.0,torch.uint8,"[3, 512, 512]",True,uint8:3ch
blur,blur:uint8:1ch:t0,uint8:1ch,t0,,round1_20260927,baseline,train,0,64,64,400,0.9656744147650898,0.5268417298793793,0.5114778876304626,2.4638278409838676,1.1498985186113193,0.505439005792141,7.320551201701164,0.3862697659060359,ch32_scale_affine_20260927,torchvision.transforms.GaussianBlur,"{""kernel_size"": 11, ""sigma"": [0.1, 2.0]}",torch.manual_seed/random.seed(base_seed + 100000*block_id + call_index); set outside the timing window,20260927,"0,1,2,3",4,4096.0,4501.0,4096.0,torch.uint8,"[1, 64, 64]",True,Tensor,4096.0,4502.0,4096.0,torch.uint8,"[1, 64, 64]",True,uint8:1ch
blur,blur:uint8:1ch:v0,uint8:1ch,v0,,round1_20260927,baseline,validation,0,80,80,400,1.2696226849220693,0.5852873437106609,0.5721204914152622,3.650442883372307,1.7903535640998616,0.5663605406880379,11.144177988171577,0.5078490739688277,ch32_scale_affine_20260927,torchvision.transforms.GaussianBlur,"{""kernel_size"": 11, ""sigma"": [0.1, 2.0]}",torch.manual_seed/random.seed(base_seed + 100000*block_id + call_index); set outside the timing window,20260927,"0,1,2,3",4,6400.0,6805.0,6400.0,torch.uint8,"[1, 80, 80]",True,Tensor,6400.0,6806.0,6400.0,torch.uint8,"[1, 80, 80]",True,uint8:1ch
blur,blur:uint8:1ch:t1,uint8:1ch,t1,,round1_20260927,baseline,train,0,96,96,400,1.7283176095224917,0.7433700375258923,0.7250873371958733,5.137413088232279,2.5773716729914917,0.681605190038681,16.013632528483868,0.6913270438089967,ch32_scale_affine_20260927,torchvision.transforms.GaussianBlur,"{""kernel_size"": 11, ""sigma"": [0.1, 2.0]}",torch.manual_seed/random.seed(base_seed + 100000*block_id + call_index); set outside the timing window,20260927,"0,1,2,3",4,9216.0,9621.0,9216.0,torch.uint8,"[1, 96, 96]",True,Tensor,9216.0,9622.0,9216.0,torch.uint8,"[1, 96, 96]",True,uint8:1ch
blur,blur:uint8:1ch:t2,uint8:1ch,t2,,round1_20260927,baseline,train,0,144,144,400,3.3879314945079386,1.1603282764554024,1.1438773944973946,11.043626721948387,5.802048964781514,1.133875921368599,35.3994145989418,1.3551725978031754,ch32_scale_affine_20260927,torchvision.transforms.GaussianBlur,"{""kernel_size"": 11, ""sigma"": [0.1, 2.0]}",torch.manual_seed/random.seed(base_seed + 100000*block_id + call_index); set outside the timing window,20260927,"0,1,2,3",4,20736.0,21141.0,20736.0,torch.uint8,"[1, 144, 144]",True,Tensor,20736.0,21142.0,20736.0,torch.uint8,"[1, 144, 144]",True,uint8:1ch
blur,blur:uint8:1ch:v1,uint8:1ch,v1,,round1_20260927,baseline,validation,0,160,160,400,4.085324888583273,1.3497741892933846,1.3268634676933289,13.57483435422182,7.155883117444665,1.3085510581731796,43.61692536622286,1.634129955433309,ch32_scale_affine_20260927,torchvision.transforms.GaussianBlur,"{""kernel_size"": 11, ""sigma"": [0.1, 2.0]}",torch.manual_seed/random.seed(base_seed + 100000*block_id + call_index); set outside the timing window,20260927,"0,1,2,3",4,25600.0,26005.0,25600.0,torch.uint8,"[1, 160, 160]",True,Tensor,25600.0,26006.0,25600.0,torch.uint8,"[1, 160, 160]",True,uint8:1ch
blur,blur:uint8:1ch:t3,uint8:1ch,t3,,round1_20260927,baseline,train,0,192,192,400,5.80449910601601,1.818592194467783,1.772511564195156,19.4538495503366,10.3005228052625,1.7431359738111496,62.68429942429066,2.321799642406404,ch32_scale_affine_20260927,torchvision.transforms.GaussianBlur,"{""kernel_size"": 11, ""sigma"": [0.1, 2.0]}",torch.manual_seed/random.seed(base_seed + 100000*block_id + call_index); set outside the timing window,20260927,"0,1,2,3",4,36864.0,37269.0,36864.0,torch.uint8,"[1, 192, 192]",True,Tensor,36864.0,37270.0,36864.0,torch.uint8,"[1, 192, 192]",True,uint8:1ch
blur,blur:uint8:1ch:t4,uint8:1ch,t4,,round1_20260927,baseline,train,0,224,224,327,7.691455449601379,2.2891294211149216,2.233700267970562,26.259391196072112,14.169484133665383,2.2025182843208313,85.20259242504835,2.515105932019651,ch32_scale_affine_20260927,torchvision.transforms.GaussianBlur,"{""kernel_size"": 11, ""sigma"": [0.1, 2.0]}",torch.manual_seed/random.seed(base_seed + 100000*block_id + call_index); set outside the timing window,20260927,"0,1,2,3",4,50176.0,50581.0,50176.0,torch.uint8,"[1, 224, 224]",True,Tensor,50176.0,50582.0,50176.0,torch.uint8,"[1, 224, 224]",True,uint8:1ch
blur,blur:uint8:1ch:v2,uint8:1ch,v2,,round1_20260927,baseline,validation,0,256,256,275,9.094413762742823,2.95387115329504,2.9073072597384453,34.09283682703972,15.847110570171662,2.8449296951293945,111.39842960983515,2.5009637847542763,ch32_scale_affine_20260927,torchvision.transforms.GaussianBlur,"{""kernel_size"": 11, ""sigma"": [0.1, 2.0]}",torch.manual_seed/random.seed(base_seed + 100000*block_id + call_index); set outside the timing window,20260927,"0,1,2,3",4,65536.0,65955.0,65536.0,torch.uint8,"[1, 256, 256]",True,Tensor,65536.0,65958.0,65536.0,torch.uint8,"[1, 256, 256]",True,uint8:1ch
blur,blur:uint8:1ch:t5,uint8:1ch,t5,,round1_20260927,baseline,train,0,288,288,224,11.544455790759198,3.6311233416199684,3.4821562469005585,43.207172024995096,20.934453947635138,3.4265024587512016,140.548100695014,2.58595809713006,ch32_scale_affine_20260927,torchvision.transforms.GaussianBlur,"{""kernel_size"": 11, ""sigma"": [0.1, 2.0]}",torch.manual_seed/random.seed(base_seed + 100000*block_id + call_index); set outside the timing window,20260927,"0,1,2,3",4,82944.0,83363.0,82944.0,torch.uint8,"[1, 288, 288]",True,Tensor,82944.0,83366.0,82944.0,torch.uint8,"[1, 288, 288]",True,uint8:1ch
blur,blur:uint8:1ch:t6,uint8:1ch,t6,,round1_20260927,baseline,train,0,384,384,131,19.12600985721095,6.19832705706358,6.04107603430748,53.21012530475855,32.645011195913376,5.973306484520435,189.3159868195653,2.5055072912946343,ch32_scale_affine_20260927,torchvision.transforms.GaussianBlur,"{""kernel_size"": 11, ""sigma"": [0.1, 2.0]}",torch.manual_seed/random.seed(base_seed + 100000*block_id + call_index); set outside the timing window,20260927,"0,1,2,3",4,147456.0,147875.0,147456.0,torch.uint8,"[1, 384, 384]",True,Tensor,147456.0,147878.0,147456.0,torch.uint8,"[1, 384, 384]",True,uint8:1ch
blur,blur:uint8:1ch:v3,uint8:1ch,v3,,round1_20260927,baseline,validation,0,448,448,100,25.094232000410557,11.637608986347914,8.302062936127186,68.49322188645606,39.90076648840872,8.061387576162815,245.26649434119463,2.5094232000410557,ch32_scale_affine_20260927,torchvision.transforms.GaussianBlur,"{""kernel_size"": 11, ""sigma"": [0.1, 2.0]}",torch.manual_seed/random.seed(base_seed + 100000*block_id + call_index); set outside the timing window,20260927,"0,1,2,3",4,200704.0,201123.0,200704.0,torch.uint8,"[1, 448, 448]",True,Tensor,200704.0,201126.0,200704.0,torch.uint8,"[1, 448, 448]",True,uint8:1ch
blur,blur:uint8:1ch:t7,uint8:1ch,t7,,round1_20260927,baseline,train,0,512,512,91,27.722643903241707,10.61996165663004,10.516302660107613,87.48701307922602,48.2518645378478,10.485585778951645,321.0943127050996,2.5227605951949954,ch32_scale_affine_20260927,torchvision.transforms.GaussianBlur,"{""kernel_size"": 11, ""sigma"": [0.1, 2.0]}",torch.manual_seed/random.seed(base_seed + 100000*block_id + call_index); set outside the timing window,20260927,"0,1,2,3",4,262144.0,262563.0,262144.0,torch.uint8,"[1, 512, 512]",True,Tensor,262144.0,262566.0,262144.0,torch.uint8,"[1, 512, 512]",True,uint8:1ch
jitter,jitter:float32:3ch:t0,float32:3ch,t0,,round1_20260927,baseline,train,0,64,64,400,1.4595577376894653,1.41840148717165,1.3460672460496426,1.5130551531910896,0.4012237283629447,1.2879157438874245,6.0279835015535355,0.5838230950757861,ch32_scale_affine_20260927,torchvision.transforms.ColorJitter,"{""brightness"": 0.1, ""contrast"": 0.1, ""hue"": 0.1, ""saturation"": 0.1}",torch.manual_seed/random.seed(base_seed + 100000*block_id + call_index); set outside the timing window,20260927,"0,1,2,3",4,12288.0,49559.0,49152.0,torch.float32,"[3, 64, 64]",True,Tensor,12288.0,49558.0,49152.0,torch.float32,"[3, 64, 64]",False,float32:3ch
jitter,jitter:float32:3ch:v0,float32:3ch,v0,,round1_20260927,baseline,validation,0,80,80,400,1.7763508833013475,1.647968776524067,1.5580312348902225,1.7522089183330536,0.6404210836629445,1.5180176123976707,5.445520393550396,0.710540353320539,ch32_scale_affine_20260927,torchvision.transforms.ColorJitter,"{""brightness"": 0.1, ""contrast"": 0.1, ""hue"": 0.1, ""saturation"": 0.1}",torch.manual_seed/random.seed(base_seed + 100000*block_id + call_index); set outside the timing window,20260927,"0,1,2,3",4,19200.0,77216.0,76800.0,torch.float32,"[3, 80, 80]",True,Tensor,19200.0,77215.0,76800.0,torch.float32,"[3, 80, 80]",False,float32:3ch
jitter,jitter:float32:3ch:t1,float32:3ch,t1,,round1_20260927,baseline,train,0,96,96,400,2.0065733999945223,2.006335649639368,1.9059767946600914,2.0969134755432606,0.08237885552519551,1.8458366394042969,2.4098819121718407,0.8026293599978089,ch32_scale_affine_20260927,torchvision.transforms.ColorJitter,"{""brightness"": 0.1, ""contrast"": 0.1, ""hue"": 0.1, ""saturation"": 0.1}",torch.manual_seed/random.seed(base_seed + 100000*block_id + call_index); set outside the timing window,20260927,"0,1,2,3",4,27648.0,111008.0,110592.0,torch.float32,"[3, 96, 96]",True,Tensor,27648.0,111008.0,110592.0,torch.float32,"[3, 96, 96]",False,float32:3ch
jitter,jitter:float32:3ch:t2,float32:3ch,t2,,round1_20260927,baseline,train,0,144,144,400,3.2922321860678494,3.2511805184185505,3.0494609847664833,3.5149436444044113,0.34049729599830403,2.972743473947048,7.026888430118561,1.3168928744271398,ch32_scale_affine_20260927,torchvision.transforms.ColorJitter,"{""brightness"": 0.1, ""contrast"": 0.1, ""hue"": 0.1, ""saturation"": 0.1}",torch.manual_seed/random.seed(base_seed + 100000*block_id + call_index); set outside the timing window,20260927,"0,1,2,3",4,62208.0,249248.0,248832.0,torch.float32,"[3, 144, 144]",True,Tensor,62208.0,249248.0,248832.0,torch.float32,"[3, 144, 144]",False,float32:3ch
jitter,jitter:float32:3ch:v1,float32:3ch,v1,,round1_20260927,baseline,validation,0,160,160,376,3.997558665937407,4.001815337687731,3.706937190145254,4.276627209037542,0.20894239416246052,3.6169029772281647,4.658300429582596,1.5030820583924651,ch32_scale_affine_20260927,torchvision.transforms.ColorJitter,"{""brightness"": 0.1, ""contrast"": 0.1, ""hue"": 0.1, ""saturation"": 0.1}",torch.manual_seed/random.seed(base_seed + 100000*block_id + call_index); set outside the timing window,20260927,"0,1,2,3",4,76800.0,307618.0,307200.0,torch.float32,"[3, 160, 160]",True,Tensor,76800.0,307618.0,307200.0,torch.float32,"[3, 160, 160]",False,float32:3ch
jitter,jitter:float32:3ch:t3,float32:3ch,t3,,round1_20260927,baseline,train,0,192,192,272,5.518203269115046,5.510758608579636,5.1978533156216145,5.868387594819069,0.25457423586496725,5.051551386713982,6.217120215296745,1.5009512891992927,ch32_scale_affine_20260927,torchvision.transforms.ColorJitter,"{""brightness"": 0.1, ""contrast"": 0.1, ""hue"": 0.1, ""saturation"": 0.1}",torch.manual_seed/random.seed(base_seed + 100000*block_id + call_index); set outside the timing window,20260927,"0,1,2,3",4,110592.0,442786.0,442368.0,torch.float32,"[3, 192, 192]",True,Tensor,110592.0,442786.0,442368.0,torch.float32,"[3, 192, 192]",False,float32:3ch
jitter,jitter:float32:3ch:t4,float32:3ch,t4,,round1_20260927,baseline,train,0,224,224,205,7.3423113401343185,7.060754112899303,6.644153408706188,7.851463556289673,1.157029964116146,6.5603433176875114,12.296684086322784,1.5051738247275352,ch32_scale_affine_20260927,torchvision.transforms.ColorJitter,"{""brightness"": 0.1, ""contrast"": 0.1, ""hue"": 0.1, ""saturation"": 0.1}",torch.manual_seed/random.seed(base_seed + 100000*block_id + call_index); set outside the timing window,20260927,"0,1,2,3",4,150528.0,602530.0,602112.0,torch.float32,"[3, 224, 224]",True,Tensor,150528.0,602530.0,602112.0,torch.float32,"[3, 224, 224]",False,float32:3ch
jitter,jitter:float32:3ch:v2,float32:3ch,v2,,round1_20260927,baseline,validation,0,256,256,154,9.741013077414268,9.690733626484871,9.134520031511784,10.261324886232615,0.6227631284746811,8.865464478731155,13.616816140711308,1.5001160139217973,ch32_scale_affine_20260927,torchvision.transforms.ColorJitter,"{""brightness"": 0.1, ""contrast"": 0.1, ""hue"": 0.1, ""saturation"": 0.1}",torch.manual_seed/random.seed(base_seed + 100000*block_id + call_index); set outside the timing window,20260927,"0,1,2,3",4,196608.0,786855.0,786432.0,torch.float32,"[3, 256, 256]",True,Tensor,196608.0,786852.0,786432.0,torch.float32,"[3, 256, 256]",False,float32:3ch
jitter,jitter:float32:3ch:t5,float32:3ch,t5,,round1_20260927,baseline,train,0,288,288,121,12.432435727562787,11.921984143555164,11.147445067763329,14.209012500941753,1.2466180541599154,10.883424431085587,15.946324914693832,1.5043247230350971,ch32_scale_affine_20260927,torchvision.transforms.ColorJitter,"{""brightness"": 0.1, ""contrast"": 0.1, ""hue"": 0.1, ""saturation"": 0.1}",torch.manual_seed/random.seed(base_seed + 100000*block_id + call_index); set outside the timing window,20260927,"0,1,2,3",4,248832.0,995751.0,995328.0,torch.float32,"[3, 288, 288]",True,Tensor,248832.0,995748.0,995328.0,torch.float32,"[3, 288, 288]",False,float32:3ch
jitter,jitter:float32:3ch:t6,float32:3ch,t6,,round1_20260927,baseline,train,0,384,384,63,23.874114755363692,22.79864437878132,21.737726964056492,25.68975407630205,3.0551426762603207,21.06180042028427,35.26942152529955,1.5040692295879126,ch32_scale_affine_20260927,torchvision.transforms.ColorJitter,"{""brightness"": 0.1, ""contrast"": 0.1, ""hue"": 0.1, ""saturation"": 0.1}",torch.manual_seed/random.seed(base_seed + 100000*block_id + call_index); set outside the timing window,20260927,"0,1,2,3",4,442368.0,1769895.0,1769472.0,torch.float32,"[3, 384, 384]",True,Tensor,442368.0,1769892.0,1769472.0,torch.float32,"[3, 384, 384]",False,float32:3ch
jitter,jitter:float32:3ch:v3,float32:3ch,v3,,round1_20260927,baseline,validation,0,448,448,36,42.17526314055754,45.43157201260328,28.98347144946456,47.286310233175755,6.386296517009976,28.511098586022854,48.303887248039246,1.5183094730600715,ch32_scale_affine_20260927,torchvision.transforms.ColorJitter,"{""brightness"": 0.1, ""contrast"": 0.1, ""hue"": 0.1, ""saturation"": 0.1}",torch.manual_seed/random.seed(base_seed + 100000*block_id + call_index); set outside the timing window,20260927,"0,1,2,3",4,602112.0,2408871.0,2408448.0,torch.float32,"[3, 448, 448]",True,Tensor,602112.0,2408868.0,2408448.0,torch.float32,"[3, 448, 448]",False,float32:3ch
jitter,jitter:float32:3ch:t7,float32:3ch,t7,,round1_20260927,baseline,train,0,512,512,33,46.350511186050646,42.13499557226896,39.26957342773676,59.203302301466465,8.121102357418001,38.39368186891079,60.86618546396494,1.5295668691396713,ch32_scale_affine_20260927,torchvision.transforms.ColorJitter,"{""brightness"": 0.1, ""contrast"": 0.1, ""hue"": 0.1, ""saturation"": 0.1}",torch.manual_seed/random.seed(base_seed + 100000*block_id + call_index); set outside the timing window,20260927,"0,1,2,3",4,786432.0,3146151.0,3145728.0,torch.float32,"[3, 512, 512]",True,Tensor,786432.0,3146148.0,3145728.0,torch.float32,"[3, 512, 512]",False,float32:3ch
jitter,jitter:float32:1ch:t0,float32:1ch,t0,,round1_20260927,baseline,train,0,64,64,400,0.2667369064874947,0.26443880051374435,0.256149098277092,0.27863699942827225,0.013531110797884249,0.24963635951280594,0.44041499495506287,0.10669476259499788,ch32_scale_affine_20260927,torchvision.transforms.ColorJitter,"{""brightness"": 0.1, ""contrast"": 0.1, ""hue"": 0.1, ""saturation"": 0.1}",torch.manual_seed/random.seed(base_seed + 100000*block_id + call_index); set outside the timing window,20260927,"0,1,2,3",4,4096.0,16790.0,16384.0,torch.float32,"[1, 64, 64]",True,Tensor,4096.0,16791.0,16384.0,torch.float32,"[1, 64, 64]",True,float32:1ch
jitter,jitter:float32:1ch:v0,float32:1ch,v0,,round1_20260927,baseline,validation,0,80,80,400,0.288558395113796,0.28516771271824837,0.2701380290091038,0.3090343438088894,0.018006899355754728,0.26414450258016586,0.42770057916641235,0.1154233580455184,ch32_scale_affine_20260927,torchvision.transforms.ColorJitter,"{""brightness"": 0.1, ""contrast"": 0.1, ""hue"": 0.1, ""saturation"": 0.1}",torch.manual_seed/random.seed(base_seed + 100000*block_id + call_index); set outside the timing window,20260927,"0,1,2,3",4,6400.0,26006.0,25600.0,torch.float32,"[1, 80, 80]",True,Tensor,6400.0,26007.0,25600.0,torch.float32,"[1, 80, 80]",True,float32:1ch
jitter,jitter:float32:1ch:t1,float32:1ch,t1,,round1_20260927,baseline,train,0,96,96,400,0.28788023395463824,0.28619542717933655,0.26606228202581406,0.3073071129620075,0.021323249935523085,0.25657564401626587,0.4141880199313164,0.1151520935818553,ch32_scale_affine_20260927,torchvision.transforms.ColorJitter,"{""brightness"": 0.1, ""contrast"": 0.1, ""hue"": 0.1, ""saturation"": 0.1}",torch.manual_seed/random.seed(base_seed + 100000*block_id + call_index); set outside the timing window,20260927,"0,1,2,3",4,9216.0,37270.0,36864.0,torch.float32,"[1, 96, 96]",True,Tensor,9216.0,37271.0,36864.0,torch.float32,"[1, 96, 96]",True,float32:1ch
jitter,jitter:float32:1ch:t2,float32:1ch,t2,,round1_20260927,baseline,train,0,144,144,400,0.31374042853713036,0.31182775273919106,0.2948054112493992,0.33411886543035507,0.016567859924440004,0.2849586308002472,0.4058554768562317,0.12549617141485214,ch32_scale_affine_20260927,torchvision.transforms.ColorJitter,"{""brightness"": 0.1, ""contrast"": 0.1, ""hue"": 0.1, ""saturation"": 0.1}",torch.manual_seed/random.seed(base_seed + 100000*block_id + call_index); set outside the timing window,20260927,"0,1,2,3",4,20736.0,83359.0,82944.0,torch.float32,"[1, 144, 144]",True,Tensor,20736.0,83360.0,82944.0,torch.float32,"[1, 144, 144]",True,float32:1ch
jitter,jitter:float32:1ch:v1,float32:1ch,v1,,round1_20260927,baseline,validation,0,160,160,400,0.32125048572197556,0.3149304538965225,0.2985595725476742,0.3484276123344898,0.02238624756925171,0.28869137167930603,0.4753703251481056,0.12850019428879023,ch32_scale_affine_20260927,torchvision.transforms.ColorJitter,"{""brightness"": 0.1, ""contrast"": 0.1, ""hue"": 0.1, ""saturation"": 0.1}",torch.manual_seed/random.seed(base_seed + 100000*block_id + call_index); set outside the timing window,20260927,"0,1,2,3",4,25600.0,102815.0,102400.0,torch.float32,"[1, 160, 160]",True,Tensor,25600.0,102816.0,102400.0,torch.float32,"[1, 160, 160]",True,float32:1ch
jitter,jitter:float32:1ch:t3,float32:1ch,t3,,round1_20260927,baseline,train,0,192,192,400,0.4050305997952819,0.3909748047590256,0.3767765127122402,0.46167830005288124,0.034032731733494,0.34392625093460083,0.5675656720995903,0.16201223991811275,ch32_scale_affine_20260927,torchvision.transforms.ColorJitter,"{""brightness"": 0.1, ""contrast"": 0.1, ""hue"": 0.1, ""saturation"": 0.1}",torch.manual_seed/random.seed(base_seed + 100000*block_id + call_index); set outside the timing window,20260927,"0,1,2,3",4,36864.0,147871.0,147456.0,torch.float32,"[1, 192, 192]",True,Tensor,36864.0,147872.0,147456.0,torch.float32,"[1, 192, 192]",True,float32:1ch
jitter,jitter:float32:1ch:t4,float32:1ch,t4,,round1_20260927,baseline,train,0,224,224,400,0.4305399348959327,0.42560603469610214,0.38033751770853996,0.48888288438320165,0.042625820692357,0.3614211454987526,0.6182296201586723,0.17221597395837307,ch32_scale_affine_20260927,torchvision.transforms.ColorJitter,"{""brightness"": 0.1, ""contrast"": 0.1, ""hue"": 0.1, ""saturation"": 0.1}",torch.manual_seed/random.seed(base_seed + 100000*block_id + call_index); set outside the timing window,20260927,"0,1,2,3",4,50176.0,201119.0,200704.0,torch.float32,"[1, 224, 224]",True,Tensor,50176.0,201120.0,200704.0,torch.float32,"[1, 224, 224]",True,float32:1ch
jitter,jitter:float32:1ch:v2,float32:1ch,v2,,round1_20260927,baseline,validation,0,256,256,400,0.43163154274225235,0.42368751019239426,0.40158024057745934,0.48585897311568266,0.03208748084830815,0.38351304829120636,0.5809254944324493,0.17265261709690094,ch32_scale_affine_20260927,torchvision.transforms.ColorJitter,"{""brightness"": 0.1, ""contrast"": 0.1, ""hue"": 0.1, ""saturation"": 0.1}",torch.manual_seed/random.seed(base_seed + 100000*block_id + call_index); set outside the timing window,20260927,"0,1,2,3",4,65536.0,262564.0,262144.0,torch.float32,"[1, 256, 256]",True,Tensor,65536.0,262567.0,262144.0,torch.float32,"[1, 256, 256]",True,float32:1ch
jitter,jitter:float32:1ch:t5,float32:1ch,t5,,round1_20260927,baseline,train,0,288,288,400,0.5001886212266982,0.48023462295532227,0.45565348118543625,0.5895950831472874,0.05330592061781388,0.43566059321165085,0.7214583456516266,0.20007544849067926,ch32_scale_affine_20260927,torchvision.transforms.ColorJitter,"{""brightness"": 0.1, ""contrast"": 0.1, ""hue"": 0.1, ""saturation"": 0.1}",torch.manual_seed/random.seed(base_seed + 100000*block_id + call_index); set outside the timing window,20260927,"0,1,2,3",4,82944.0,332196.0,331776.0,torch.float32,"[1, 288, 288]",True,Tensor,82944.0,332199.0,331776.0,torch.float32,"[1, 288, 288]",True,float32:1ch
jitter,jitter:float32:1ch:t6,float32:1ch,t6,,round1_20260927,baseline,train,0,384,384,400,0.7188506657257676,0.7071360014379025,0.6833221763372421,0.7685834541916847,0.03706746414692664,0.6654737517237663,0.9162472561001778,0.28754026629030704,ch32_scale_affine_20260927,torchvision.transforms.ColorJitter,"{""brightness"": 0.1, ""contrast"": 0.1, ""hue"": 0.1, ""saturation"": 0.1}",torch.manual_seed/random.seed(base_seed + 100000*block_id + call_index); set outside the timing window,20260927,"0,1,2,3",4,147456.0,590244.0,589824.0,torch.float32,"[1, 384, 384]",True,Tensor,147456.0,590247.0,589824.0,torch.float32,"[1, 384, 384]",True,float32:1ch
jitter,jitter:float32:1ch:v3,float32:1ch,v3,,round1_20260927,baseline,validation,0,448,448,400,0.9510603477247059,0.9342492558062077,0.8929040282964706,1.042961236089468,0.05720326672659771,0.8657583966851234,1.179724931716919,0.3804241390898824,ch32_scale_affine_20260927,torchvision.transforms.ColorJitter,"{""brightness"": 0.1, ""contrast"": 0.1, ""hue"": 0.1, ""saturation"": 0.1}",torch.manual_seed/random.seed(base_seed + 100000*block_id + call_index); set outside the timing window,20260927,"0,1,2,3",4,200704.0,803236.0,802816.0,torch.float32,"[1, 448, 448]",True,Tensor,200704.0,803239.0,802816.0,torch.float32,"[1, 448, 448]",True,float32:1ch
jitter,jitter:float32:1ch:t7,float32:1ch,t7,,round1_20260927,baseline,train,0,512,512,400,1.332316913176328,1.3126092962920666,1.2184090912342072,1.4657987281680107,0.13302461895652568,1.1587664484977722,2.8978614136576653,0.5329267652705312,ch32_scale_affine_20260927,torchvision.transforms.ColorJitter,"{""brightness"": 0.1, ""contrast"": 0.1, ""hue"": 0.1, ""saturation"": 0.1}",torch.manual_seed/random.seed(base_seed + 100000*block_id + call_index); set outside the timing window,20260927,"0,1,2,3",4,262144.0,1048996.0,1048576.0,torch.float32,"[1, 512, 512]",True,Tensor,262144.0,1048999.0,1048576.0,torch.float32,"[1, 512, 512]",True,float32:1ch
jitter,jitter:uint8:3ch:t0,uint8:3ch,t0,,round1_20260927,baseline,train,0,64,64,400,1.676568032708019,1.5728771686553955,1.5180056914687157,1.6324995085597038,0.5765757310475154,1.4741411432623863,6.908618845045567,0.6706272130832076,ch32_scale_affine_20260927,torchvision.transforms.ColorJitter,"{""brightness"": 0.1, ""contrast"": 0.1, ""hue"": 0.1, ""saturation"": 0.1}",torch.manual_seed/random.seed(base_seed + 100000*block_id + call_index); set outside the timing window,20260927,"0,1,2,3",4,12288.0,12694.0,12288.0,torch.uint8,"[3, 64, 64]",True,Tensor,12288.0,12693.0,12288.0,torch.uint8,"[3, 64, 64]",False,uint8:3ch
jitter,jitter:uint8:3ch:v0,uint8:3ch,v0,,round1_20260927,baseline,validation,0,80,80,400,2.0049802865833044,1.8491563387215137,1.7727690748870373,2.0476886071264744,0.7192403653767359,1.707274466753006,6.554951891303062,0.8019921146333218,ch32_scale_affine_20260927,torchvision.transforms.ColorJitter,"{""brightness"": 0.1, ""contrast"": 0.1, ""hue"": 0.1, ""saturation"": 0.1}",torch.manual_seed/random.seed(base_seed + 100000*block_id + call_index); set outside the timing window,20260927,"0,1,2,3",4,19200.0,19606.0,19200.0,torch.uint8,"[3, 80, 80]",True,Tensor,19200.0,19605.0,19200.0,torch.uint8,"[3, 80, 80]",False,uint8:3ch
jitter,jitter:uint8:3ch:t1,uint8:3ch,t1,,round1_20260927,baseline,train,0,96,96,400,2.266304949298501,2.2369669750332832,2.1308202296495438,2.4443399161100388,0.12581413594085517,2.0884061232209206,3.017699345946312,0.9065219797194004,ch32_scale_affine_20260927,torchvision.transforms.ColorJitter,"{""brightness"": 0.1, ""contrast"": 0.1, ""hue"": 0.1, ""saturation"": 0.1}",torch.manual_seed/random.seed(base_seed + 100000*block_id + call_index); set outside the timing window,20260927,"0,1,2,3",4,27648.0,28054.0,27648.0,torch.uint8,"[3, 96, 96]",True,Tensor,27648.0,28054.0,27648.0,torch.uint8,"[3, 96, 96]",False,uint8:3ch
jitter,jitter:uint8:3ch:t2,uint8:3ch,t2,,round1_20260927,baseline,train,0,144,144,400,3.6684878822416067,3.660008776932955,3.4988990053534508,3.8158895447850227,0.20006215711998546,3.4032315015792847,6.787915714085102,1.4673951528966427,ch32_scale_affine_20260927,torchvision.transforms.ColorJitter,"{""brightness"": 0.1, ""contrast"": 0.1, ""hue"": 0.1, ""saturation"": 0.1}",torch.manual_seed/random.seed(base_seed + 100000*block_id + call_index); set outside the timing window,20260927,"0,1,2,3",4,62208.0,62614.0,62208.0,torch.uint8,"[3, 144, 144]",True,Tensor,62208.0,62614.0,62208.0,torch.uint8,"[3, 144, 144]",False,uint8:3ch
jitter,jitter:uint8:3ch:v1,uint8:3ch,v1,,round1_20260927,baseline,validation,0,160,160,342,4.391226013414344,4.392562434077263,4.179222136735916,4.576550889760256,0.1889193724327543,4.061221145093441,6.406636908650398,1.5017992965877056,ch32_scale_affine_20260927,torchvision.transforms.ColorJitter,"{""brightness"": 0.1, ""contrast"": 0.1, ""hue"": 0.1, ""saturation"": 0.1}",torch.manual_seed/random.seed(base_seed + 100000*block_id + call_index); set outside the timing window,20260927,"0,1,2,3",4,76800.0,77217.0,76800.0,torch.uint8,"[3, 160, 160]",True,Tensor,76800.0,77217.0,76800.0,torch.uint8,"[3, 160, 160]",False,uint8:3ch
jitter,jitter:uint8:3ch:t3,uint8:3ch,t3,,round1_20260927,baseline,train,0,192,192,246,6.106646992720481,6.0768588446080685,5.825331434607506,6.39299675822258,0.2374268083515894,5.615285597741604,7.441210560500622,1.5022351602092385,ch32_scale_affine_20260927,torchvision.transforms.ColorJitter,"{""brightness"": 0.1, ""contrast"": 0.1, ""hue"": 0.1, ""saturation"": 0.1}",torch.manual_seed/random.seed(base_seed + 100000*block_id + call_index); set outside the timing window,20260927,"0,1,2,3",4,110592.0,111009.0,110592.0,torch.uint8,"[3, 192, 192]",True,Tensor,110592.0,111009.0,110592.0,torch.uint8,"[3, 192, 192]",False,uint8:3ch
jitter,jitter:uint8:3ch:t4,uint8:3ch,t4,,round1_20260927,baseline,train,0,224,224,180,8.349743004267415,8.03141063079238,7.661882881075144,10.161348525434732,0.8812138269739411,7.460025139153004,10.639484971761703,1.5029537407681346,ch32_scale_affine_20260927,torchvision.transforms.ColorJitter,"{""brightness"": 0.1, ""contrast"": 0.1, ""hue"": 0.1, ""saturation"": 0.1}",torch.manual_seed/random.seed(base_seed + 100000*block_id + call_index); set outside the timing window,20260927,"0,1,2,3",4,150528.0,150945.0,150528.0,torch.uint8,"[3, 224, 224]",True,Tensor,150528.0,150945.0,150528.0,torch.uint8,"[3, 224, 224]",False,uint8:3ch
jitter,jitter:uint8:3ch:v2,uint8:3ch,v2,,round1_20260927,baseline,validation,0,256,256,140,10.753329563885927,10.755029041320086,10.314437188208103,11.143676936626434,0.3836143597247341,9.996970184147358,13.275118544697762,1.5054661389440298,ch32_scale_affine_20260927,torchvision.transforms.ColorJitter,"{""brightness"": 0.1, ""contrast"": 0.1, ""hue"": 0.1, ""saturation"": 0.1}",torch.manual_seed/random.seed(base_seed + 100000*block_id + call_index); set outside the timing window,20260927,"0,1,2,3",4,196608.0,197030.0,196608.0,torch.uint8,"[3, 256, 256]",True,Tensor,196608.0,197027.0,196608.0,torch.uint8,"[3, 256, 256]",False,uint8:3ch
jitter,jitter:uint8:3ch:t5,uint8:3ch,t5,,round1_20260927,baseline,train,0,288,288,115,13.152957318917565,13.210524804890156,12.563646398484707,13.682075962424278,0.4385537238382595,12.327554635703564,14.4501943141222,1.51259009167552,ch32_scale_affine_20260927,torchvision.transforms.ColorJitter,"{""brightness"": 0.1, ""contrast"": 0.1, ""hue"": 0.1, ""saturation"": 0.1}",torch.manual_seed/random.seed(base_seed + 100000*block_id + call_index); set outside the timing window,20260927,"0,1,2,3",4,248832.0,249254.0,248832.0,torch.uint8,"[3, 288, 288]",True,Tensor,248832.0,249251.0,248832.0,torch.uint8,"[3, 288, 288]",False,uint8:3ch
jitter,jitter:uint8:3ch:t6,uint8:3ch,t6,,round1_20260927,baseline,train,0,384,384,53,28.60214562981196,29.452026821672916,23.940403200685978,32.446313463151455,3.450448380473422,23.254270665347576,37.24236041307449,1.515913718380034,ch32_scale_affine_20260927,torchvision.transforms.ColorJitter,"{""brightness"": 0.1, ""contrast"": 0.1, ""hue"": 0.1, ""saturation"": 0.1}",torch.manual_seed/random.seed(base_seed + 100000*block_id + call_index); set outside the timing window,20260927,"0,1,2,3",4,442368.0,442790.0,442368.0,torch.uint8,"[3, 384, 384]",True,Tensor,442368.0,442787.0,442368.0,torch.uint8,"[3, 384, 384]",False,uint8:3ch
jitter,jitter:uint8:3ch:v3,uint8:3ch,v3,,round1_20260927,baseline,validation,0,448,448,38,40.4655821621418,40.234135929495096,38.62108727917075,41.799505800008774,1.8359471021451321,37.60009165853262,48.28530550003052,1.5376921221613884,ch32_scale_affine_20260927,torchvision.transforms.ColorJitter,"{""brightness"": 0.1, ""contrast"": 0.1, ""hue"": 0.1, ""saturation"": 0.1}",torch.manual_seed/random.seed(base_seed + 100000*block_id + call_index); set outside the timing window,20260927,"0,1,2,3",4,602112.0,602534.0,602112.0,torch.uint8,"[3, 448, 448]",True,Tensor,602112.0,602531.0,602112.0,torch.uint8,"[3, 448, 448]",False,uint8:3ch
jitter,jitter:uint8:3ch:t7,uint8:3ch,t7,,round1_20260927,baseline,train,0,512,512,24,64.14281553588808,64.38478687778115,62.37365175038576,66.07040725648403,1.6837011748127573,59.94871538132429,67.48695019632578,1.5394275728613138,ch32_scale_affine_20260927,torchvision.transforms.ColorJitter,"{""brightness"": 0.1, ""contrast"": 0.1, ""hue"": 0.1, ""saturation"": 0.1}",torch.manual_seed/random.seed(base_seed + 100000*block_id + call_index); set outside the timing window,20260927,"0,1,2,3",4,786432.0,786854.0,786432.0,torch.uint8,"[3, 512, 512]",True,Tensor,786432.0,786851.0,786432.0,torch.uint8,"[3, 512, 512]",False,uint8:3ch
jitter,jitter:uint8:1ch:t0,uint8:1ch,t0,,round1_20260927,baseline,train,0,64,64,400,0.34743470838293433,0.3451383672654629,0.3353721462190151,0.36157071590423584,0.01230796871876991,0.29628537595272064,0.4518739879131317,0.13897388335317373,ch32_scale_affine_20260927,torchvision.transforms.ColorJitter,"{""brightness"": 0.1, ""contrast"": 0.1, ""hue"": 0.1, ""saturation"": 0.1}",torch.manual_seed/random.seed(base_seed + 100000*block_id + call_index); set outside the timing window,20260927,"0,1,2,3",4,4096.0,4501.0,4096.0,torch.uint8,"[1, 64, 64]",True,Tensor,4096.0,4502.0,4096.0,torch.uint8,"[1, 64, 64]",True,uint8:1ch
jitter,jitter:uint8:1ch:v0,uint8:1ch,v0,,round1_20260927,baseline,validation,0,80,80,400,0.29688943177461624,0.2947617322206497,0.2855769358575344,0.3087981604039669,0.012001594999940614,0.2785800024867058,0.3802170976996422,0.1187557727098465,ch32_scale_affine_20260927,torchvision.transforms.ColorJitter,"{""brightness"": 0.1, ""contrast"": 0.1, ""hue"": 0.1, ""saturation"": 0.1}",torch.manual_seed/random.seed(base_seed + 100000*block_id + call_index); set outside the timing window,20260927,"0,1,2,3",4,6400.0,6805.0,6400.0,torch.uint8,"[1, 80, 80]",True,Tensor,6400.0,6806.0,6400.0,torch.uint8,"[1, 80, 80]",True,uint8:1ch
jitter,jitter:uint8:1ch:t1,uint8:1ch,t1,,round1_20260927,baseline,train,0,96,96,400,0.3001359640620649,0.29757898300886154,0.28885602951049805,0.31469110399484634,0.011395326615372002,0.2812473103404045,0.38421619683504105,0.12005438562482595,ch32_scale_affine_20260927,torchvision.transforms.ColorJitter,"{""brightness"": 0.1, ""contrast"": 0.1, ""hue"": 0.1, ""saturation"": 0.1}",torch.manual_seed/random.seed(base_seed + 100000*block_id + call_index); set outside the timing window,20260927,"0,1,2,3",4,9216.0,9621.0,9216.0,torch.uint8,"[1, 96, 96]",True,Tensor,9216.0,9622.0,9216.0,torch.uint8,"[1, 96, 96]",True,uint8:1ch
jitter,jitter:uint8:1ch:t2,uint8:1ch,t2,,round1_20260927,baseline,train,0,144,144,400,0.34416293958202004,0.3392058424651623,0.3282072953879833,0.35862913355231285,0.03217918856457504,0.3202585503458977,0.9094495326280594,0.13766517583280802,ch32_scale_affine_20260927,torchvision.transforms.ColorJitter,"{""brightness"": 0.1, ""contrast"": 0.1, ""hue"": 0.1, ""saturation"": 0.1}",torch.manual_seed/random.seed(base_seed + 100000*block_id + call_index); set outside the timing window,20260927,"0,1,2,3",4,20736.0,21141.0,20736.0,torch.uint8,"[1, 144, 144]",True,Tensor,20736.0,21142.0,20736.0,torch.uint8,"[1, 144, 144]",True,uint8:1ch
jitter,jitter:uint8:1ch:v1,uint8:1ch,v1,,round1_20260927,baseline,validation,0,160,160,400,0.35512014059349895,0.35161199048161507,0.3439260646700859,0.37039630115032196,0.0128122350146609,0.3388635814189911,0.4444187507033348,0.14204805623739958,ch32_scale_affine_20260927,torchvision.transforms.ColorJitter,"{""brightness"": 0.1, ""contrast"": 0.1, ""hue"": 0.1, ""saturation"": 0.1}",torch.manual_seed/random.seed(base_seed + 100000*block_id + call_index); set outside the timing window,20260927,"0,1,2,3",4,25600.0,26005.0,25600.0,torch.uint8,"[1, 160, 160]",True,Tensor,25600.0,26006.0,25600.0,torch.uint8,"[1, 160, 160]",True,uint8:1ch
jitter,jitter:uint8:1ch:t3,uint8:1ch,t3,,round1_20260927,baseline,train,0,192,192,400,0.39154176600277424,0.3881542943418026,0.37577729672193527,0.40858080610632896,0.017373189458775994,0.3668433055281639,0.5211392417550087,0.1566167064011097,ch32_scale_affine_20260927,torchvision.transforms.ColorJitter,"{""brightness"": 0.1, ""contrast"": 0.1, ""hue"": 0.1, ""saturation"": 0.1}",torch.manual_seed/random.seed(base_seed + 100000*block_id + call_index); set outside the timing window,20260927,"0,1,2,3",4,36864.0,37269.0,36864.0,torch.uint8,"[1, 192, 192]",True,Tensor,36864.0,37270.0,36864.0,torch.uint8,"[1, 192, 192]",True,uint8:1ch
jitter,jitter:uint8:1ch:t4,uint8:1ch,t4,,round1_20260927,baseline,train,0,224,224,400,0.4574085143394768,0.44012395665049553,0.41866106912493706,0.5280330777168274,0.044625613683965296,0.4065074026584625,0.6978008896112442,0.18296340573579073,ch32_scale_affine_20260927,torchvision.transforms.ColorJitter,"{""brightness"": 0.1, ""contrast"": 0.1, ""hue"": 0.1, ""saturation"": 0.1}",torch.manual_seed/random.seed(base_seed + 100000*block_id + call_index); set outside the timing window,20260927,"0,1,2,3",4,50176.0,50581.0,50176.0,torch.uint8,"[1, 224, 224]",True,Tensor,50176.0,50582.0,50176.0,torch.uint8,"[1, 224, 224]",True,uint8:1ch
jitter,jitter:uint8:1ch:v2,uint8:1ch,v2,,round1_20260927,baseline,validation,0,256,256,400,0.5194672266952693,0.5126935429871082,0.4933249205350876,0.5545320920646191,0.02681554857794824,0.47824811190366745,0.6801290437579155,0.20778689067810774,ch32_scale_affine_20260927,torchvision.transforms.ColorJitter,"{""brightness"": 0.1, ""contrast"": 0.1, ""hue"": 0.1, ""saturation"": 0.1}",torch.manual_seed/random.seed(base_seed + 100000*block_id + call_index); set outside the timing window,20260927,"0,1,2,3",4,65536.0,65955.0,65536.0,torch.uint8,"[1, 256, 256]",True,Tensor,65536.0,65958.0,65536.0,torch.uint8,"[1, 256, 256]",True,uint8:1ch
jitter,jitter:uint8:1ch:t5,uint8:1ch,t5,,round1_20260927,baseline,train,0,288,288,400,0.6066314200870693,0.5987188778817654,0.5593926645815372,0.6771285086870193,0.04581895352250831,0.5347300320863724,0.8279439061880112,0.2426525680348277,ch32_scale_affine_20260927,torchvision.transforms.ColorJitter,"{""brightness"": 0.1, ""contrast"": 0.1, ""hue"": 0.1, ""saturation"": 0.1}",torch.manual_seed/random.seed(base_seed + 100000*block_id + call_index); set outside the timing window,20260927,"0,1,2,3",4,82944.0,83363.0,82944.0,torch.uint8,"[1, 288, 288]",True,Tensor,82944.0,83366.0,82944.0,torch.uint8,"[1, 288, 288]",True,uint8:1ch
jitter,jitter:uint8:1ch:t6,uint8:1ch,t6,,round1_20260927,baseline,train,0,384,384,400,0.9117182856425643,0.9081950411200523,0.8889430202543736,0.934422854334116,0.022840792840471053,0.8657043799757957,1.0599475353956223,0.3646873142570257,ch32_scale_affine_20260927,torchvision.transforms.ColorJitter,"{""brightness"": 0.1, ""contrast"": 0.1, ""hue"": 0.1, ""saturation"": 0.1}",torch.manual_seed/random.seed(base_seed + 100000*block_id + call_index); set outside the timing window,20260927,"0,1,2,3",4,147456.0,147875.0,147456.0,torch.uint8,"[1, 384, 384]",True,Tensor,147456.0,147878.0,147456.0,torch.uint8,"[1, 384, 384]",True,uint8:1ch
jitter,jitter:uint8:1ch:v3,uint8:1ch,v3,,round1_20260927,baseline,validation,0,448,448,400,1.1928972485475242,1.1894311755895615,1.171599142253399,1.2155033648014069,0.023182190700031212,1.157470978796482,1.3532815501093864,0.4771588994190097,ch32_scale_affine_20260927,torchvision.transforms.ColorJitter,"{""brightness"": 0.1, ""contrast"": 0.1, ""hue"": 0.1, ""saturation"": 0.1}",torch.manual_seed/random.seed(base_seed + 100000*block_id + call_index); set outside the timing window,20260927,"0,1,2,3",4,200704.0,201123.0,200704.0,torch.uint8,"[1, 448, 448]",True,Tensor,200704.0,201126.0,200704.0,torch.uint8,"[1, 448, 448]",True,uint8:1ch
jitter,jitter:uint8:1ch:t7,uint8:1ch,t7,,round1_20260927,baseline,train,0,512,512,400,1.6015351982787251,1.5669013373553753,1.5320057980716228,1.7413996160030365,0.11965953592541757,1.5015173703432083,3.2167602330446243,0.6406140793114901,ch32_scale_affine_20260927,torchvision.transforms.ColorJitter,"{""brightness"": 0.1, ""contrast"": 0.1, ""hue"": 0.1, ""saturation"": 0.1}",torch.manual_seed/random.seed(base_seed + 100000*block_id + call_index); set outside the timing window,20260927,"0,1,2,3",4,262144.0,262563.0,262144.0,torch.uint8,"[1, 512, 512]",True,Tensor,262144.0,262566.0,262144.0,torch.uint8,"[1, 512, 512]",True,uint8:1ch
jitter,jitter:float32:3ch:pair0,float32:3ch,pair0,pair0,round1_20260927,baseline,diagnostic,0,64,64,400,1.4155667857266963,1.4131623320281506,1.330470573157072,1.5031754970550537,0.06855918871620302,1.2883655726909637,1.7624776810407639,0.5662267142906785,ch32_scale_affine_20260927,torchvision.transforms.ColorJitter,"{""brightness"": 0.1, ""contrast"": 0.1, ""hue"": 0.1, ""saturation"": 0.1}",torch.manual_seed/random.seed(base_seed + 100000*block_id + call_index); set outside the timing window,20260927,"0,1,2,3",4,12288.0,49559.0,49152.0,torch.float32,"[3, 64, 64]",True,Tensor,12288.0,49558.0,49152.0,torch.float32,"[3, 64, 64]",False,float32:3ch
jitter,jitter:float32:1ch:pair0,float32:1ch,pair0,pair0,round1_20260927,baseline,diagnostic,0,128,96,400,0.2876129746437073,0.28041284531354904,0.26995623484253883,0.3229232504963875,0.02173221218872532,0.264512374997139,0.37102680653333664,0.11504518985748291,ch32_scale_affine_20260927,torchvision.transforms.ColorJitter,"{""brightness"": 0.1, ""contrast"": 0.1, ""hue"": 0.1, ""saturation"": 0.1}",torch.manual_seed/random.seed(base_seed + 100000*block_id + call_index); set outside the timing window,20260927,"0,1,2,3",4,12288.0,49558.0,49152.0,torch.float32,"[1, 128, 96]",True,Tensor,12288.0,49559.0,49152.0,torch.float32,"[1, 128, 96]",True,float32:1ch
jitter,jitter:float32:3ch:pair1,float32:3ch,pair1,pair1,round1_20260927,baseline,diagnostic,0,128,128,400,3.018188683781773,3.0129756778478622,2.833040524274111,3.1996984966099262,0.15158912159057752,2.695320174098015,3.736170008778572,1.2072754735127091,ch32_scale_affine_20260927,torchvision.transforms.ColorJitter,"{""brightness"": 0.1, ""contrast"": 0.1, ""hue"": 0.1, ""saturation"": 0.1}",torch.manual_seed/random.seed(base_seed + 100000*block_id + call_index); set outside the timing window,20260927,"0,1,2,3",4,49152.0,197024.0,196608.0,torch.float32,"[3, 128, 128]",True,Tensor,49152.0,197024.0,196608.0,torch.float32,"[3, 128, 128]",False,float32:3ch
jitter,jitter:float32:1ch:pair1,float32:1ch,pair1,pair1,round1_20260927,baseline,diagnostic,0,256,192,400,0.39223707746714354,0.3829309716820717,0.3645827993750572,0.4353663884103298,0.029114007790558467,0.3500673919916153,0.5754940211772919,0.15689483098685741,ch32_scale_affine_20260927,torchvision.transforms.ColorJitter,"{""brightness"": 0.1, ""contrast"": 0.1, ""hue"": 0.1, ""saturation"": 0.1}",torch.manual_seed/random.seed(base_seed + 100000*block_id + call_index); set outside the timing window,20260927,"0,1,2,3",4,49152.0,197024.0,196608.0,torch.float32,"[1, 256, 192]",True,Tensor,49152.0,197025.0,196608.0,torch.float32,"[1, 256, 192]",True,float32:1ch
crop,crop:float32:3ch:t0,float32:3ch,t0,,round1_20260927,baseline,train,0,96,96,400,1.571169402450323,1.5568975359201431,1.52650261297822,1.6394395381212234,0.06222322556920884,1.510591246187687,2.4805059656500816,0.6284677609801292,ch32_scale_affine_20260927,torchvision.transforms.RandomResizedCrop,"{""ratio"": [0.75, 1.3333333], ""scale"": [0.08, 1.0], ""size"": [244, 244]}",torch.manual_seed/random.seed(base_seed + 100000*block_id + call_index); set outside the timing window,20260927,"0,1,2,3",4,27648.0,111008.0,110592.0,torch.float32,"[3, 96, 96]",True,Tensor,178608.0,714850.0,714432.0,torch.float32,"[3, 244, 244]",True,float32:3ch
crop,crop:float32:3ch:v0,float32:3ch,v0,,round1_20260927,baseline,validation,0,112,112,400,1.5568848582915962,1.5421821735799313,1.5158369205892086,1.6268990002572536,0.04120878762114636,1.49607565253973,1.6821613535284996,0.6227539433166385,ch32_scale_affine_20260927,torchvision.transforms.RandomResizedCrop,"{""ratio"": [0.75, 1.3333333], ""scale"": [0.08, 1.0], ""size"": [244, 244]}",torch.manual_seed/random.seed(base_seed + 100000*block_id + call_index); set outside the timing window,20260927,"0,1,2,3",4,37632.0,150944.0,150528.0,torch.float32,"[3, 112, 112]",True,Tensor,178608.0,714850.0,714432.0,torch.float32,"[3, 244, 244]",True,float32:3ch
crop,crop:float32:3ch:t1,float32:3ch,t1,,round1_20260927,baseline,train,0,128,128,400,1.5727043221704662,1.5615271404385567,1.5237266197800636,1.6147804446518421,0.14142190829136467,1.505127176642418,4.322324879467487,0.6290817288681865,ch32_scale_affine_20260927,torchvision.transforms.RandomResizedCrop,"{""ratio"": [0.75, 1.3333333], ""scale"": [0.08, 1.0], ""size"": [244, 244]}",torch.manual_seed/random.seed(base_seed + 100000*block_id + call_index); set outside the timing window,20260927,"0,1,2,3",4,49152.0,197024.0,196608.0,torch.float32,"[3, 128, 128]",True,Tensor,178608.0,714850.0,714432.0,torch.float32,"[3, 244, 244]",True,float32:3ch
crop,crop:float32:3ch:t2,float32:3ch,t2,,round1_20260927,baseline,train,0,160,160,400,1.5961989294737577,1.5893825329840183,1.5492425300180912,1.650895457714796,0.04018365165670314,1.5178257599473,1.7525525763630867,0.6384795717895031,ch32_scale_affine_20260927,torchvision.transforms.RandomResizedCrop,"{""ratio"": [0.75, 1.3333333], ""scale"": [0.08, 1.0], ""size"": [244, 244]}",torch.manual_seed/random.seed(base_seed + 100000*block_id + call_index); set outside the timing window,20260927,"0,1,2,3",4,76800.0,307618.0,307200.0,torch.float32,"[3, 160, 160]",True,Tensor,178608.0,714850.0,714432.0,torch.float32,"[3, 244, 244]",True,float32:3ch
crop,crop:float32:3ch:t3,float32:3ch,t3,,round1_20260927,baseline,train,0,192,192,400,1.5955091547220945,1.5842337161302567,1.5356996096670628,1.669648103415966,0.05365650043927671,1.513221301138401,1.8633166328072548,0.6382036618888378,ch32_scale_affine_20260927,torchvision.transforms.RandomResizedCrop,"{""ratio"": [0.75, 1.3333333], ""scale"": [0.08, 1.0], ""size"": [244, 244]}",torch.manual_seed/random.seed(base_seed + 100000*block_id + call_index); set outside the timing window,20260927,"0,1,2,3",4,110592.0,442786.0,442368.0,torch.float32,"[3, 192, 192]",True,Tensor,178608.0,714850.0,714432.0,torch.float32,"[3, 244, 244]",True,float32:3ch
crop,crop:float32:3ch:v1,float32:3ch,v1,,round1_20260927,baseline,validation,0,224,224,400,1.6023516096174717,1.6057942993938923,1.5041539445519447,1.6944276168942451,0.07107783548839083,1.4414554461836815,1.8001748248934746,0.6409406438469887,ch32_scale_affine_20260927,torchvision.transforms.RandomResizedCrop,"{""ratio"": [0.75, 1.3333333], ""scale"": [0.08, 1.0], ""size"": [244, 244]}",torch.manual_seed/random.seed(base_seed + 100000*block_id + call_index); set outside the timing window,20260927,"0,1,2,3",4,150528.0,602530.0,602112.0,torch.float32,"[3, 224, 224]",True,Tensor,178608.0,714850.0,714432.0,torch.float32,"[3, 244, 244]",True,float32:3ch
crop,crop:float32:3ch:t4,float32:3ch,t4,,round1_20260927,baseline,train,0,256,256,400,1.6321822139434516,1.6330047510564327,1.5554672107100487,1.7114728689193726,0.058299131020544424,1.3768961653113365,1.7529185861349106,0.6528728855773807,ch32_scale_affine_20260927,torchvision.transforms.RandomResizedCrop,"{""ratio"": [0.75, 1.3333333], ""scale"": [0.08, 1.0], ""size"": [244, 244]}",torch.manual_seed/random.seed(base_seed + 100000*block_id + call_index); set outside the timing window,20260927,"0,1,2,3",4,196608.0,786855.0,786432.0,torch.float32,"[3, 256, 256]",True,Tensor,178608.0,714850.0,714432.0,torch.float32,"[3, 244, 244]",True,float32:3ch
crop,crop:float32:3ch:t5,float32:3ch,t5,,round1_20260927,baseline,train,0,320,320,400,1.6988844564184546,1.698154490441084,1.6017718240618706,1.8005802296102047,0.07651035160086003,1.429043710231781,1.921398565173149,0.6795537825673819,ch32_scale_affine_20260927,torchvision.transforms.RandomResizedCrop,"{""ratio"": [0.75, 1.3333333], ""scale"": [0.08, 1.0], ""size"": [244, 244]}",torch.manual_seed/random.seed(base_seed + 100000*block_id + call_index); set outside the timing window,20260927,"0,1,2,3",4,307200.0,1229223.0,1228800.0,torch.float32,"[3, 320, 320]",True,Tensor,178608.0,714850.0,714432.0,torch.float32,"[3, 244, 244]",True,float32:3ch
crop,crop:float32:3ch:v2,float32:3ch,v2,,round1_20260927,baseline,validation,0,288,288,400,1.681958488188684,1.6819597221910954,1.5958202071487904,1.7704593017697334,0.06884486343845868,1.3549793511629105,1.9135167822241783,0.6727833952754736,ch32_scale_affine_20260927,torchvision.transforms.RandomResizedCrop,"{""ratio"": [0.75, 1.3333333], ""scale"": [0.08, 1.0], ""size"": [244, 244]}",torch.manual_seed/random.seed(base_seed + 100000*block_id + call_index); set outside the timing window,20260927,"0,1,2,3",4,248832.0,995751.0,995328.0,torch.float32,"[3, 288, 288]",True,Tensor,178608.0,714850.0,714432.0,torch.float32,"[3, 244, 244]",True,float32:3ch
crop,crop:float32:3ch:t6,float32:3ch,t6,,round1_20260927,baseline,train,0,384,384,400,1.7653853190131485,1.7733201384544373,1.640165876597166,1.8852192908525467,0.09691009954214981,1.3734037056565285,2.013920806348324,0.7061541276052594,ch32_scale_affine_20260927,torchvision.transforms.RandomResizedCrop,"{""ratio"": [0.75, 1.3333333], ""scale"": [0.08, 1.0], ""size"": [244, 244]}",torch.manual_seed/random.seed(base_seed + 100000*block_id + call_index); set outside the timing window,20260927,"0,1,2,3",4,442368.0,1769895.0,1769472.0,torch.float32,"[3, 384, 384]",True,Tensor,178608.0,714850.0,714432.0,torch.float32,"[3, 244, 244]",True,float32:3ch
crop,crop:float32:3ch:v3,float32:3ch,v3,,round1_20260927,baseline,validation,0,416,416,400,1.7865404742769897,1.7903372645378113,1.6396190039813519,1.9384033977985382,0.1117024224552229,1.437583938241005,2.04430241137743,0.7146161897107959,ch32_scale_affine_20260927,torchvision.transforms.RandomResizedCrop,"{""ratio"": [0.75, 1.3333333], ""scale"": [0.08, 1.0], ""size"": [244, 244]}",torch.manual_seed/random.seed(base_seed + 100000*block_id + call_index); set outside the timing window,20260927,"0,1,2,3",4,519168.0,2077095.0,2076672.0,torch.float32,"[3, 416, 416]",True,Tensor,178608.0,714850.0,714432.0,torch.float32,"[3, 244, 244]",True,float32:3ch
crop,crop:float32:3ch:t7,float32:3ch,t7,,round1_20260927,baseline,train,0,448,448,400,1.831163081806153,1.8244707025587559,1.6612698324024677,1.9901021383702755,0.13857144035737073,1.4518192037940025,3.099251538515091,0.7324652327224612,ch32_scale_affine_20260927,torchvision.transforms.RandomResizedCrop,"{""ratio"": [0.75, 1.3333333], ""scale"": [0.08, 1.0], ""size"": [244, 244]}",torch.manual_seed/random.seed(base_seed + 100000*block_id + call_index); set outside the timing window,20260927,"0,1,2,3",4,602112.0,2408871.0,2408448.0,torch.float32,"[3, 448, 448]",True,Tensor,178608.0,714850.0,714432.0,torch.float32,"[3, 244, 244]",True,float32:3ch
crop,crop:float32:1ch:t0,float32:1ch,t0,,round1_20260927,baseline,train,0,96,96,400,0.5846488755196333,0.575473066419363,0.5559870041906834,0.6208444014191628,0.032372694866314285,0.5495548248291016,0.9588580578565598,0.23385955020785332,ch32_scale_affine_20260927,torchvision.transforms.RandomResizedCrop,"{""ratio"": [0.75, 1.3333333], ""scale"": [0.08, 1.0], ""size"": [244, 244]}",torch.manual_seed/random.seed(base_seed + 100000*block_id + call_index); set outside the timing window,20260927,"0,1,2,3",4,9216.0,37270.0,36864.0,torch.float32,"[1, 96, 96]",True,Tensor,59536.0,238560.0,238144.0,torch.float32,"[1, 244, 244]",True,float32:1ch
crop,crop:float32:1ch:v0,float32:1ch,v0,,round1_20260927,baseline,validation,0,112,112,400,0.5771160568110645,0.573629979044199,0.5577623844146729,0.6018062122166157,0.01825412824826971,0.5530435591936111,0.6865328177809715,0.2308464227244258,ch32_scale_affine_20260927,torchvision.transforms.RandomResizedCrop,"{""ratio"": [0.75, 1.3333333], ""scale"": [0.08, 1.0], ""size"": [244, 244]}",torch.manual_seed/random.seed(base_seed + 100000*block_id + call_index); set outside the timing window,20260927,"0,1,2,3",4,12544.0,50582.0,50176.0,torch.float32,"[1, 112, 112]",True,Tensor,59536.0,238560.0,238144.0,torch.float32,"[1, 244, 244]",True,float32:1ch
crop,crop:float32:1ch:t1,float32:1ch,t1,,round1_20260927,baseline,train,0,128,128,400,0.5796471307985485,0.5758092738687992,0.5580232478678226,0.6072903983294964,0.019522982025673086,0.5541322752833366,0.697755254805088,0.23185885231941938,ch32_scale_affine_20260927,torchvision.transforms.RandomResizedCrop,"{""ratio"": [0.75, 1.3333333], ""scale"": [0.08, 1.0], ""size"": [244, 244]}",torch.manual_seed/random.seed(base_seed + 100000*block_id + call_index); set outside the timing window,20260927,"0,1,2,3",4,16384.0,65951.0,65536.0,torch.float32,"[1, 128, 128]",True,Tensor,59536.0,238560.0,238144.0,torch.float32,"[1, 244, 244]",True,float32:1ch
crop,crop:float32:1ch:t2,float32:1ch,t2,,round1_20260927,baseline,train,0,160,160,400,0.5746743432246149,0.5658287554979324,0.5480055697262287,0.6000346504151821,0.034538799074948286,0.544792041182518,0.731494277715683,0.22986973728984594,ch32_scale_affine_20260927,torchvision.transforms.RandomResizedCrop,"{""ratio"": [0.75, 1.3333333], ""scale"": [0.08, 1.0], ""size"": [244, 244]}",torch.manual_seed/random.seed(base_seed + 100000*block_id + call_index); set outside the timing window,20260927,"0,1,2,3",4,25600.0,102815.0,102400.0,torch.float32,"[1, 160, 160]",True,Tensor,59536.0,238560.0,238144.0,torch.float32,"[1, 244, 244]",True,float32:1ch
crop,crop:float32:1ch:t3,float32:1ch,t3,,round1_20260927,baseline,train,0,192,192,400,0.5522493948228657,0.5456223152577877,0.5313421599566936,0.5759327672421932,0.026889954538659062,0.5189934745430946,0.6968686357140541,0.2208997579291463,ch32_scale_affine_20260927,torchvision.transforms.RandomResizedCrop,"{""ratio"": [0.75, 1.3333333], ""scale"": [0.08, 1.0], ""size"": [244, 244]}",torch.manual_seed/random.seed(base_seed + 100000*block_id + call_index); set outside the timing window,20260927,"0,1,2,3",4,36864.0,147871.0,147456.0,torch.float32,"[1, 192, 192]",True,Tensor,59536.0,238560.0,238144.0,torch.float32,"[1, 244, 244]",True,float32:1ch
crop,crop:float32:1ch:v1,float32:1ch,v1,,round1_20260927,baseline,validation,0,224,224,400,0.5581346643157303,0.557448249310255,0.5427511408925056,0.5740370601415634,0.01711733307402331,0.5235280841588974,0.7276665419340134,0.22325386572629213,ch32_scale_affine_20260927,torchvision.transforms.RandomResizedCrop,"{""ratio"": [0.75, 1.3333333], ""scale"": [0.08, 1.0], ""size"": [244, 244]}",torch.manual_seed/random.seed(base_seed + 100000*block_id + call_index); set outside the timing window,20260927,"0,1,2,3",4,50176.0,201119.0,200704.0,torch.float32,"[1, 224, 224]",True,Tensor,59536.0,238560.0,238144.0,torch.float32,"[1, 244, 244]",True,float32:1ch
crop,crop:float32:1ch:t4,float32:1ch,t4,,round1_20260927,baseline,train,0,256,256,400,0.5660923640243709,0.5632191896438599,0.5514237098395824,0.5843199789524078,0.013051317952980928,0.5450742319226265,0.6234180182218552,0.22643694560974836,ch32_scale_affine_20260927,torchvision.transforms.RandomResizedCrop,"{""ratio"": [0.75, 1.3333333], ""scale"": [0.08, 1.0], ""size"": [244, 244]}",torch.manual_seed/random.seed(base_seed + 100000*block_id + call_index); set outside the timing window,20260927,"0,1,2,3",4,65536.0,262564.0,262144.0,torch.float32,"[1, 256, 256]",True,Tensor,59536.0,238560.0,238144.0,torch.float32,"[1, 244, 244]",True,float32:1ch
crop,crop:float32:1ch:t5,float32:1ch,t5,,round1_20260927,baseline,train,0,320,320,400,0.5866986559703946,0.5831052549183369,0.5650486797094345,0.6133477203547955,0.020147084542862227,0.5596885457634926,0.693940557539463,0.23467946238815784,ch32_scale_affine_20260927,torchvision.transforms.RandomResizedCrop,"{""ratio"": [0.75, 1.3333333], ""scale"": [0.08, 1.0], ""size"": [244, 244]}",torch.manual_seed/random.seed(base_seed + 100000*block_id + call_index); set outside the timing window,20260927,"0,1,2,3",4,102400.0,410020.0,409600.0,torch.float32,"[1, 320, 320]",True,Tensor,59536.0,238560.0,238144.0,torch.float32,"[1, 244, 244]",True,float32:1ch
crop,crop:float32:1ch:v2,float32:1ch,v2,,round1_20260927,baseline,validation,0,288,288,400,0.590757206082344,0.5883332341909409,0.5645794793963432,0.6196225993335247,0.02465996855749623,0.5534812808036804,0.7920162752270699,0.23630288243293762,ch32_scale_affine_20260927,torchvision.transforms.RandomResizedCrop,"{""ratio"": [0.75, 1.3333333], ""scale"": [0.08, 1.0], ""size"": [244, 244]}",torch.manual_seed/random.seed(base_seed + 100000*block_id + call_index); set outside the timing window,20260927,"0,1,2,3",4,82944.0,332196.0,331776.0,torch.float32,"[1, 288, 288]",True,Tensor,59536.0,238560.0,238144.0,torch.float32,"[1, 244, 244]",True,float32:1ch
crop,crop:float32:1ch:t6,float32:1ch,t6,,round1_20260927,baseline,train,0,384,384,400,0.5840960191562772,0.5774409510195255,0.564960204064846,0.6027859635651112,0.050248683958949936,0.5533378571271896,1.5111509710550308,0.23363840766251087,ch32_scale_affine_20260927,torchvision.transforms.RandomResizedCrop,"{""ratio"": [0.75, 1.3333333], ""scale"": [0.08, 1.0], ""size"": [244, 244]}",torch.manual_seed/random.seed(base_seed + 100000*block_id + call_index); set outside the timing window,20260927,"0,1,2,3",4,147456.0,590244.0,589824.0,torch.float32,"[1, 384, 384]",True,Tensor,59536.0,238560.0,238144.0,torch.float32,"[1, 244, 244]",True,float32:1ch
crop,crop:float32:1ch:v3,float32:1ch,v3,,round1_20260927,baseline,validation,0,416,416,400,0.5923582357354462,0.5896333605051041,0.5695657804608345,0.6198872812092304,0.020230651754493924,0.5614543333649635,0.6881589069962502,0.23694329429417849,ch32_scale_affine_20260927,torchvision.transforms.RandomResizedCrop,"{""ratio"": [0.75, 1.3333333], ""scale"": [0.08, 1.0], ""size"": [244, 244]}",torch.manual_seed/random.seed(base_seed + 100000*block_id + call_index); set outside the timing window,20260927,"0,1,2,3",4,173056.0,692644.0,692224.0,torch.float32,"[1, 416, 416]",True,Tensor,59536.0,238560.0,238144.0,torch.float32,"[1, 244, 244]",True,float32:1ch
crop,crop:float32:1ch:t7,float32:1ch,t7,,round1_20260927,baseline,train,0,448,448,400,0.5772264581173658,0.5758954212069511,0.5590982735157013,0.5966936238110065,0.01616852789347642,0.5512619391083717,0.6626807153224945,0.23089058324694633,ch32_scale_affine_20260927,torchvision.transforms.RandomResizedCrop,"{""ratio"": [0.75, 1.3333333], ""scale"": [0.08, 1.0], ""size"": [244, 244]}",torch.manual_seed/random.seed(base_seed + 100000*block_id + call_index); set outside the timing window,20260927,"0,1,2,3",4,200704.0,803236.0,802816.0,torch.float32,"[1, 448, 448]",True,Tensor,59536.0,238560.0,238144.0,torch.float32,"[1, 244, 244]",True,float32:1ch
crop,crop:uint8:3ch:t0,uint8:3ch,t0,,round1_20260927,baseline,train,0,96,96,400,1.757775356527418,1.7510107718408108,1.7064163461327553,1.8237545154988766,0.0557655860679489,1.605289988219738,2.066005952656269,0.7031101426109672,ch32_scale_affine_20260927,torchvision.transforms.RandomResizedCrop,"{""ratio"": [0.75, 1.3333333], ""scale"": [0.08, 1.0], ""size"": [244, 244]}",torch.manual_seed/random.seed(base_seed + 100000*block_id + call_index); set outside the timing window,20260927,"0,1,2,3",4,27648.0,28054.0,27648.0,torch.uint8,"[3, 96, 96]",True,Tensor,178608.0,179025.0,178608.0,torch.uint8,"[3, 244, 244]",True,uint8:3ch
crop,crop:uint8:3ch:v0,uint8:3ch,v0,,round1_20260927,baseline,validation,0,112,112,400,1.755483914166689,1.7417632043361664,1.7114533111453056,1.819468941539526,0.044549182014718545,1.6915807500481606,2.014465630054474,0.7021935656666756,ch32_scale_affine_20260927,torchvision.transforms.RandomResizedCrop,"{""ratio"": [0.75, 1.3333333], ""scale"": [0.08, 1.0], ""size"": [244, 244]}",torch.manual_seed/random.seed(base_seed + 100000*block_id + call_index); set outside the timing window,20260927,"0,1,2,3",4,37632.0,38038.0,37632.0,torch.uint8,"[3, 112, 112]",True,Tensor,178608.0,179025.0,178608.0,torch.uint8,"[3, 244, 244]",True,uint8:3ch
crop,crop:uint8:3ch:t1,uint8:3ch,t1,,round1_20260927,baseline,train,0,128,128,400,1.7478099674917758,1.7388886772096157,1.7066828906536102,1.8037390895187855,0.036820054081818966,1.6863737255334854,1.863117329776287,0.6991239869967103,ch32_scale_affine_20260927,torchvision.transforms.RandomResizedCrop,"{""ratio"": [0.75, 1.3333333], ""scale"": [0.08, 1.0], ""size"": [244, 244]}",torch.manual_seed/random.seed(base_seed + 100000*block_id + call_index); set outside the timing window,20260927,"0,1,2,3",4,49152.0,49558.0,49152.0,torch.uint8,"[3, 128, 128]",True,Tensor,178608.0,179025.0,178608.0,torch.uint8,"[3, 244, 244]",True,uint8:3ch
crop,crop:uint8:3ch:t2,uint8:3ch,t2,,round1_20260927,baseline,train,0,160,160,400,1.766716642305255,1.761936116963625,1.7181471921503544,1.8213624134659767,0.04278754043484386,1.6841152682900429,2.0593227818608284,0.706686656922102,ch32_scale_affine_20260927,torchvision.transforms.RandomResizedCrop,"{""ratio"": [0.75, 1.3333333], ""scale"": [0.08, 1.0], ""size"": [244, 244]}",torch.manual_seed/random.seed(base_seed + 100000*block_id + call_index); set outside the timing window,20260927,"0,1,2,3",4,76800.0,77217.0,76800.0,torch.uint8,"[3, 160, 160]",True,Tensor,178608.0,179025.0,178608.0,torch.uint8,"[3, 244, 244]",True,uint8:3ch
crop,crop:uint8:3ch:t3,uint8:3ch,t3,,round1_20260927,baseline,train,0,192,192,400,1.7892577894963324,1.7848932184278965,1.7328975722193718,1.8502752296626568,0.04544768002310361,1.6951896250247955,2.0331954583525658,0.715703115798533,ch32_scale_affine_20260927,torchvision.transforms.RandomResizedCrop,"{""ratio"": [0.75, 1.3333333], ""scale"": [0.08, 1.0], ""size"": [244, 244]}",torch.manual_seed/random.seed(base_seed + 100000*block_id + call_index); set outside the timing window,20260927,"0,1,2,3",4,110592.0,111009.0,110592.0,torch.uint8,"[3, 192, 192]",True,Tensor,178608.0,179025.0,178608.0,torch.uint8,"[3, 244, 244]",True,uint8:3ch
crop,crop:uint8:3ch:v1,uint8:3ch,v1,,round1_20260927,baseline,validation,0,224,224,400,1.7638225085102022,1.7612683586776257,1.689639873802662,1.8385298550128937,0.05736353204538076,1.648823730647564,1.9674897193908691,0.7055290034040809,ch32_scale_affine_20260927,torchvision.transforms.RandomResizedCrop,"{""ratio"": [0.75, 1.3333333], ""scale"": [0.08, 1.0], ""size"": [244, 244]}",torch.manual_seed/random.seed(base_seed + 100000*block_id + call_index); set outside the timing window,20260927,"0,1,2,3",4,150528.0,150945.0,150528.0,torch.uint8,"[3, 224, 224]",True,Tensor,178608.0,179025.0,178608.0,torch.uint8,"[3, 244, 244]",True,uint8:3ch
crop,crop:uint8:3ch:t4,uint8:3ch,t4,,round1_20260927,baseline,train,0,256,256,400,1.8323038122616708,1.8328228034079075,1.7417557537555695,1.92410284653306,0.07272432636807832,1.5878882259130478,2.0510833710432053,0.7329215249046683,ch32_scale_affine_20260927,torchvision.transforms.RandomResizedCrop,"{""ratio"": [0.75, 1.3333333], ""scale"": [0.08, 1.0], ""size"": [244, 244]}",torch.manual_seed/random.seed(base_seed + 100000*block_id + call_index); set outside the timing window,20260927,"0,1,2,3",4,196608.0,197030.0,196608.0,torch.uint8,"[3, 256, 256]",True,Tensor,178608.0,179025.0,178608.0,torch.uint8,"[3, 244, 244]",True,uint8:3ch
crop,crop:uint8:3ch:t5,uint8:3ch,t5,,round1_20260927,baseline,train,0,320,320,400,1.8913671025075018,1.8892674706876278,1.7739475704729557,2.008616551756859,0.0879228359275493,1.6694841906428337,2.1667880937457085,0.7565468410030007,ch32_scale_affine_20260927,torchvision.transforms.RandomResizedCrop,"{""ratio"": [0.75, 1.3333333], ""scale"": [0.08, 1.0], ""size"": [244, 244]}",torch.manual_seed/random.seed(base_seed + 100000*block_id + call_index); set outside the timing window,20260927,"0,1,2,3",4,307200.0,307622.0,307200.0,torch.uint8,"[3, 320, 320]",True,Tensor,178608.0,179025.0,178608.0,torch.uint8,"[3, 244, 244]",True,uint8:3ch
crop,crop:uint8:3ch:v2,uint8:3ch,v2,,round1_20260927,baseline,validation,0,288,288,400,1.8142871791496873,1.812528818845749,1.695659663528204,1.9045539200305939,0.1784085245933488,1.526850275695324,4.962694831192493,0.7257148716598749,ch32_scale_affine_20260927,torchvision.transforms.RandomResizedCrop,"{""ratio"": [0.75, 1.3333333], ""scale"": [0.08, 1.0], ""size"": [244, 244]}",torch.manual_seed/random.seed(base_seed + 100000*block_id + call_index); set outside the timing window,20260927,"0,1,2,3",4,248832.0,249254.0,248832.0,torch.uint8,"[3, 288, 288]",True,Tensor,178608.0,179025.0,178608.0,torch.uint8,"[3, 244, 244]",True,uint8:3ch
crop,crop:uint8:3ch:t6,uint8:3ch,t6,,round1_20260927,baseline,train,0,384,384,400,1.9933337927795947,1.9966806285083294,1.819641049951315,2.150747738778591,0.13159737289706,1.6027335077524185,2.6958175003528595,0.7973335171118379,ch32_scale_affine_20260927,torchvision.transforms.RandomResizedCrop,"{""ratio"": [0.75, 1.3333333], ""scale"": [0.08, 1.0], ""size"": [244, 244]}",torch.manual_seed/random.seed(base_seed + 100000*block_id + call_index); set outside the timing window,20260927,"0,1,2,3",4,442368.0,442790.0,442368.0,torch.uint8,"[3, 384, 384]",True,Tensor,178608.0,179025.0,178608.0,torch.uint8,"[3, 244, 244]",True,uint8:3ch
crop,crop:uint8:3ch:v3,uint8:3ch,v3,,round1_20260927,baseline,validation,0,416,416,400,2.092740391381085,2.0987261086702347,1.8961112946271896,2.25549740716815,0.1405826469499364,1.7080381512641907,2.4677589535713196,0.837096156552434,ch32_scale_affine_20260927,torchvision.transforms.RandomResizedCrop,"{""ratio"": [0.75, 1.3333333], ""scale"": [0.08, 1.0], ""size"": [244, 244]}",torch.manual_seed/random.seed(base_seed + 100000*block_id + call_index); set outside the timing window,20260927,"0,1,2,3",4,519168.0,519590.0,519168.0,torch.uint8,"[3, 416, 416]",True,Tensor,178608.0,179025.0,178608.0,torch.uint8,"[3, 244, 244]",True,uint8:3ch
crop,crop:uint8:3ch:t7,uint8:3ch,t7,,round1_20260927,baseline,train,0,448,448,400,2.1329513750970364,2.140924334526062,1.8599960021674633,2.3787952959537506,0.18637134778223083,1.6842978075146675,2.5751758366823196,0.8531805500388145,ch32_scale_affine_20260927,torchvision.transforms.RandomResizedCrop,"{""ratio"": [0.75, 1.3333333], ""scale"": [0.08, 1.0], ""size"": [244, 244]}",torch.manual_seed/random.seed(base_seed + 100000*block_id + call_index); set outside the timing window,20260927,"0,1,2,3",4,602112.0,602534.0,602112.0,torch.uint8,"[3, 448, 448]",True,Tensor,178608.0,179025.0,178608.0,torch.uint8,"[3, 244, 244]",True,uint8:3ch
crop,crop:uint8:1ch:t0,uint8:1ch,t0,,round1_20260927,baseline,train,0,96,96,400,0.6507167709060013,0.6453725509345531,0.6273152306675911,0.676309410482645,0.02762815648076037,0.6160018965601921,0.80898217856884,0.26028670836240053,ch32_scale_affine_20260927,torchvision.transforms.RandomResizedCrop,"{""ratio"": [0.75, 1.3333333], ""scale"": [0.08, 1.0], ""size"": [244, 244]}",torch.manual_seed/random.seed(base_seed + 100000*block_id + call_index); set outside the timing window,20260927,"0,1,2,3",4,9216.0,9621.0,9216.0,torch.uint8,"[1, 96, 96]",True,Tensor,59536.0,59942.0,59536.0,torch.uint8,"[1, 244, 244]",True,uint8:1ch
crop,crop:uint8:1ch:v0,uint8:1ch,v0,,round1_20260927,baseline,validation,0,112,112,400,0.6514138518832624,0.6462992168962955,0.6340238265693188,0.6754863075911999,0.019499646581522177,0.6235931068658829,0.8398545905947685,0.26056554075330496,ch32_scale_affine_20260927,torchvision.transforms.RandomResizedCrop,"{""ratio"": [0.75, 1.3333333], ""scale"": [0.08, 1.0], ""size"": [244, 244]}",torch.manual_seed/random.seed(base_seed + 100000*block_id + call_index); set outside the timing window,20260927,"0,1,2,3",4,12544.0,12949.0,12544.0,torch.uint8,"[1, 112, 112]",True,Tensor,59536.0,59942.0,59536.0,torch.uint8,"[1, 244, 244]",True,uint8:1ch
crop,crop:uint8:1ch:t1,uint8:1ch,t1,,round1_20260927,baseline,train,0,128,128,400,0.6460117362439632,0.641864724457264,0.629954319447279,0.6672035902738571,0.014943412315083619,0.6221747025847435,0.7033068686723709,0.2584046944975853,ch32_scale_affine_20260927,torchvision.transforms.RandomResizedCrop,"{""ratio"": [0.75, 1.3333333], ""scale"": [0.08, 1.0], ""size"": [244, 244]}",torch.manual_seed/random.seed(base_seed + 100000*block_id + call_index); set outside the timing window,20260927,"0,1,2,3",4,16384.0,16789.0,16384.0,torch.uint8,"[1, 128, 128]",True,Tensor,59536.0,59942.0,59536.0,torch.uint8,"[1, 244, 244]",True,uint8:1ch
crop,crop:uint8:1ch:t2,uint8:1ch,t2,,round1_20260927,baseline,train,0,160,160,400,0.6560776312835515,0.6593372672796249,0.6011961027979851,0.6980095990002155,0.03503923565427829,0.5856361240148544,0.7673567160964012,0.2624310525134206,ch32_scale_affine_20260927,torchvision.transforms.RandomResizedCrop,"{""ratio"": [0.75, 1.3333333], ""scale"": [0.08, 1.0], ""size"": [244, 244]}",torch.manual_seed/random.seed(base_seed + 100000*block_id + call_index); set outside the timing window,20260927,"0,1,2,3",4,25600.0,26005.0,25600.0,torch.uint8,"[1, 160, 160]",True,Tensor,59536.0,59942.0,59536.0,torch.uint8,"[1, 244, 244]",True,uint8:1ch
crop,crop:uint8:1ch:t3,uint8:1ch,t3,,round1_20260927,baseline,train,0,192,192,400,0.6730744894593954,0.6659869104623795,0.6414704024791718,0.7108273915946484,0.03141106973273088,0.6223469972610474,0.8650058880448341,0.26922979578375816,ch32_scale_affine_20260927,torchvision.transforms.RandomResizedCrop,"{""ratio"": [0.75, 1.3333333], ""scale"": [0.08, 1.0], ""size"": [244, 244]}",torch.manual_seed/random.seed(base_seed + 100000*block_id + call_index); set outside the timing window,20260927,"0,1,2,3",4,36864.0,37269.0,36864.0,torch.uint8,"[1, 192, 192]",True,Tensor,59536.0,59942.0,59536.0,torch.uint8,"[1, 244, 244]",True,uint8:1ch
crop,crop:uint8:1ch:v1,uint8:1ch,v1,,round1_20260927,baseline,validation,0,224,224,400,0.6821030448190868,0.6491183303296566,0.633794441819191,0.6965355947613716,0.24973223731750918,0.6251484155654907,3.5934709012508392,0.2728412179276347,ch32_scale_affine_20260927,torchvision.transforms.RandomResizedCrop,"{""ratio"": [0.75, 1.3333333], ""scale"": [0.08, 1.0], ""size"": [244, 244]}",torch.manual_seed/random.seed(base_seed + 100000*block_id + call_index); set outside the timing window,20260927,"0,1,2,3",4,50176.0,50581.0,50176.0,torch.uint8,"[1, 224, 224]",True,Tensor,59536.0,59942.0,59536.0,torch.uint8,"[1, 244, 244]",True,uint8:1ch
crop,crop:uint8:1ch:t4,uint8:1ch,t4,,round1_20260927,baseline,train,0,256,256,400,0.6802899856120348,0.6669256836175919,0.6424842402338982,0.764071848243475,0.04244948907696842,0.6300155073404312,0.8207540959119797,0.2721159942448139,ch32_scale_affine_20260927,torchvision.transforms.RandomResizedCrop,"{""ratio"": [0.75, 1.3333333], ""scale"": [0.08, 1.0], ""size"": [244, 244]}",torch.manual_seed/random.seed(base_seed + 100000*block_id + call_index); set outside the timing window,20260927,"0,1,2,3",4,65536.0,65955.0,65536.0,torch.uint8,"[1, 256, 256]",True,Tensor,59536.0,59942.0,59536.0,torch.uint8,"[1, 244, 244]",True,uint8:1ch
crop,crop:uint8:1ch:t5,uint8:1ch,t5,,round1_20260927,baseline,train,0,320,320,400,0.6821587472222745,0.6807236932218075,0.6482960656285286,0.71059325709939,0.027902340078714116,0.630376860499382,0.8403491228818893,0.2728634988889098,ch32_scale_affine_20260927,torchvision.transforms.RandomResizedCrop,"{""ratio"": [0.75, 1.3333333], ""scale"": [0.08, 1.0], ""size"": [244, 244]}",torch.manual_seed/random.seed(base_seed + 100000*block_id + call_index); set outside the timing window,20260927,"0,1,2,3",4,102400.0,102819.0,102400.0,torch.uint8,"[1, 320, 320]",True,Tensor,59536.0,59942.0,59536.0,torch.uint8,"[1, 244, 244]",True,uint8:1ch
crop,crop:uint8:1ch:v2,uint8:1ch,v2,,round1_20260927,baseline,validation,0,288,288,400,0.6529981433413923,0.6504124030470848,0.6298229098320007,0.676956120878458,0.01942150669288947,0.6201975047588348,0.776512548327446,0.2611992573365569,ch32_scale_affine_20260927,torchvision.transforms.RandomResizedCrop,"{""ratio"": [0.75, 1.3333333], ""scale"": [0.08, 1.0], ""size"": [244, 244]}",torch.manual_seed/random.seed(base_seed + 100000*block_id + call_index); set outside the timing window,20260927,"0,1,2,3",4,82944.0,83363.0,82944.0,torch.uint8,"[1, 288, 288]",True,Tensor,59536.0,59942.0,59536.0,torch.uint8,"[1, 244, 244]",True,uint8:1ch
crop,crop:uint8:1ch:t6,uint8:1ch,t6,,round1_20260927,baseline,train,0,384,384,400,0.6852604262530804,0.6760344840586185,0.6441538222134113,0.744772981852293,0.04006530931846099,0.6295870989561081,0.8997563272714615,0.27410417050123215,ch32_scale_affine_20260927,torchvision.transforms.RandomResizedCrop,"{""ratio"": [0.75, 1.3333333], ""scale"": [0.08, 1.0], ""size"": [244, 244]}",torch.manual_seed/random.seed(base_seed + 100000*block_id + call_index); set outside the timing window,20260927,"0,1,2,3",4,147456.0,147875.0,147456.0,torch.uint8,"[1, 384, 384]",True,Tensor,59536.0,59942.0,59536.0,torch.uint8,"[1, 244, 244]",True,uint8:1ch
crop,crop:uint8:1ch:v3,uint8:1ch,v3,,round1_20260927,baseline,validation,0,416,416,400,0.6898056482896209,0.6804713048040867,0.6466308608651161,0.7358037866652012,0.04868311799784782,0.6313268095254898,0.9008068591356277,0.27592225931584835,ch32_scale_affine_20260927,torchvision.transforms.RandomResizedCrop,"{""ratio"": [0.75, 1.3333333], ""scale"": [0.08, 1.0], ""size"": [244, 244]}",torch.manual_seed/random.seed(base_seed + 100000*block_id + call_index); set outside the timing window,20260927,"0,1,2,3",4,173056.0,173475.0,173056.0,torch.uint8,"[1, 416, 416]",True,Tensor,59536.0,59942.0,59536.0,torch.uint8,"[1, 244, 244]",True,uint8:1ch
crop,crop:uint8:1ch:t7,uint8:1ch,t7,,round1_20260927,baseline,train,0,448,448,400,0.6829191232100129,0.68297004327178,0.6537267006933689,0.710841454565525,0.02282484199214361,0.6341943517327309,0.7649781182408333,0.27316764928400517,ch32_scale_affine_20260927,torchvision.transforms.RandomResizedCrop,"{""ratio"": [0.75, 1.3333333], ""scale"": [0.08, 1.0], ""size"": [244, 244]}",torch.manual_seed/random.seed(base_seed + 100000*block_id + call_index); set outside the timing window,20260927,"0,1,2,3",4,200704.0,201123.0,200704.0,torch.uint8,"[1, 448, 448]",True,Tensor,59536.0,59942.0,59536.0,torch.uint8,"[1, 244, 244]",True,uint8:1ch
grayscale,grayscale:float32:3ch:t0,float32:3ch,t0,,round1_20260927,baseline,train,0,64,64,400,0.11582195293158293,0.11459179222583771,0.10963631793856621,0.12459857389330864,0.006379213597185039,0.10777730494737625,0.14386698603630066,0.04632878117263317,ch32_scale_affine_20260927,torchvision.transforms.Grayscale,"{""num_output_channels"": 1}",torch.manual_seed/random.seed(base_seed + 100000*block_id + call_index); set outside the timing window,20260927,"0,1,2,3",4,12288.0,49559.0,49152.0,torch.float32,"[3, 64, 64]",True,Tensor,4096.0,16791.0,16384.0,torch.float32,"[1, 64, 64]",True,float32:1ch
grayscale,grayscale:float32:3ch:v0,float32:3ch,v0,,round1_20260927,baseline,validation,0,80,80,400,0.10006619384512305,0.09859539568424225,0.09546764194965363,0.10562799870967865,0.005061128697064222,0.09349733591079712,0.12575648725032806,0.04002647753804922,ch32_scale_affine_20260927,torchvision.transforms.Grayscale,"{""num_output_channels"": 1}",torch.manual_seed/random.seed(base_seed + 100000*block_id + call_index); set outside the timing window,20260927,"0,1,2,3",4,19200.0,77216.0,76800.0,torch.float32,"[3, 80, 80]",True,Tensor,6400.0,26007.0,25600.0,torch.float32,"[1, 80, 80]",True,float32:1ch
grayscale,grayscale:float32:3ch:t1,float32:3ch,t1,,round1_20260927,baseline,train,0,96,96,400,0.11084734695032239,0.10065687820315361,0.09614722803235054,0.14353841543197632,0.019630030784621368,0.09364541620016098,0.1899171620607376,0.044338938780128956,ch32_scale_affine_20260927,torchvision.transforms.Grayscale,"{""num_output_channels"": 1}",torch.manual_seed/random.seed(base_seed + 100000*block_id + call_index); set outside the timing window,20260927,"0,1,2,3",4,27648.0,111008.0,110592.0,torch.float32,"[3, 96, 96]",True,Tensor,9216.0,37271.0,36864.0,torch.float32,"[1, 96, 96]",True,float32:1ch
grayscale,grayscale:float32:3ch:t2,float32:3ch,t2,,round1_20260927,baseline,train,0,144,144,400,0.12665769085288048,0.123634934425354,0.12000203132629395,0.13764873147010803,0.009240734127198806,0.11734291911125183,0.23313332349061966,0.05066307634115219,ch32_scale_affine_20260927,torchvision.transforms.Grayscale,"{""num_output_channels"": 1}",torch.manual_seed/random.seed(base_seed + 100000*block_id + call_index); set outside the timing window,20260927,"0,1,2,3",4,62208.0,249248.0,248832.0,torch.float32,"[3, 144, 144]",True,Tensor,20736.0,83360.0,82944.0,torch.float32,"[1, 144, 144]",True,float32:1ch
grayscale,grayscale:float32:3ch:v1,float32:3ch,v1,,round1_20260927,baseline,validation,0,160,160,400,0.13550071511417627,0.13307947665452957,0.12423675507307053,0.14697611331939697,0.010705760717571348,0.12092012912034988,0.2124253660440445,0.05420028604567051,ch32_scale_affine_20260927,torchvision.transforms.Grayscale,"{""num_output_channels"": 1}",torch.manual_seed/random.seed(base_seed + 100000*block_id + call_index); set outside the timing window,20260927,"0,1,2,3",4,76800.0,307618.0,307200.0,torch.float32,"[3, 160, 160]",True,Tensor,25600.0,102816.0,102400.0,torch.float32,"[1, 160, 160]",True,float32:1ch
grayscale,grayscale:float32:3ch:t3,float32:3ch,t3,,round1_20260927,baseline,train,0,192,192,400,0.1768439868465066,0.17520878463983536,0.16111675649881363,0.19321730360388756,0.014563455793480153,0.15107356011867523,0.308724120259285,0.07073759473860264,ch32_scale_affine_20260927,torchvision.transforms.Grayscale,"{""num_output_channels"": 1}",torch.manual_seed/random.seed(base_seed + 100000*block_id + call_index); set outside the timing window,20260927,"0,1,2,3",4,110592.0,442786.0,442368.0,torch.float32,"[3, 192, 192]",True,Tensor,36864.0,147872.0,147456.0,torch.float32,"[1, 192, 192]",True,float32:1ch
grayscale,grayscale:float32:3ch:t4,float32:3ch,t4,,round1_20260927,baseline,train,0,224,224,400,0.17238179920241237,0.17059454694390297,0.1629081554710865,0.18217545002698898,0.009546408297992274,0.16038399189710617,0.2426961436867714,0.06895271968096495,ch32_scale_affine_20260927,torchvision.transforms.Grayscale,"{""num_output_channels"": 1}",torch.manual_seed/random.seed(base_seed + 100000*block_id + call_index); set outside the timing window,20260927,"0,1,2,3",4,150528.0,602530.0,602112.0,torch.float32,"[3, 224, 224]",True,Tensor,50176.0,201120.0,200704.0,torch.float32,"[1, 224, 224]",True,float32:1ch
grayscale,grayscale:float32:3ch:v2,float32:3ch,v2,,round1_20260927,baseline,validation,0,256,256,400,0.23985069943591952,0.2360721118748188,0.1991095021367073,0.28766803443431854,0.036725142137244385,0.1933816820383072,0.40102098137140274,0.09594027977436781,ch32_scale_affine_20260927,torchvision.transforms.Grayscale,"{""num_output_channels"": 1}",torch.manual_seed/random.seed(base_seed + 100000*block_id + call_index); set outside the timing window,20260927,"0,1,2,3",4,196608.0,786855.0,786432.0,torch.float32,"[3, 256, 256]",True,Tensor,65536.0,262567.0,262144.0,torch.float32,"[1, 256, 256]",True,float32:1ch
grayscale,grayscale:float32:3ch:t5,float32:3ch,t5,,round1_20260927,baseline,train,0,288,288,400,0.33414036501199007,0.3211386501789093,0.2839325927197933,0.39657363668084145,0.04599310092668137,0.27232151478528976,0.5320096388459206,0.13365614600479603,ch32_scale_affine_20260927,torchvision.transforms.Grayscale,"{""num_output_channels"": 1}",torch.manual_seed/random.seed(base_seed + 100000*block_id + call_index); set outside the timing window,20260927,"0,1,2,3",4,248832.0,995751.0,995328.0,torch.float32,"[3, 288, 288]",True,Tensor,82944.0,332199.0,331776.0,torch.float32,"[1, 288, 288]",True,float32:1ch
grayscale,grayscale:float32:3ch:t6,float32:3ch,t6,,round1_20260927,baseline,train,0,384,384,400,0.4793378012254834,0.45643746852874756,0.4460114985704422,0.4810555838048458,0.3639660137164789,0.43837539851665497,7.741847075521946,0.19173512049019337,ch32_scale_affine_20260927,torchvision.transforms.Grayscale,"{""num_output_channels"": 1}",torch.manual_seed/random.seed(base_seed + 100000*block_id + call_index); set outside the timing window,20260927,"0,1,2,3",4,442368.0,1769895.0,1769472.0,torch.float32,"[3, 384, 384]",True,Tensor,147456.0,590247.0,589824.0,torch.float32,"[1, 384, 384]",True,float32:1ch
grayscale,grayscale:float32:3ch:v3,float32:3ch,v3,,round1_20260927,baseline,validation,0,448,448,400,0.605231816880405,0.5998965352773666,0.5813576281070709,0.6316869519650936,0.02403771297666095,0.5737440660595894,0.7315119728446007,0.24209272675216198,ch32_scale_affine_20260927,torchvision.transforms.Grayscale,"{""num_output_channels"": 1}",torch.manual_seed/random.seed(base_seed + 100000*block_id + call_index); set outside the timing window,20260927,"0,1,2,3",4,602112.0,2408871.0,2408448.0,torch.float32,"[3, 448, 448]",True,Tensor,200704.0,803239.0,802816.0,torch.float32,"[1, 448, 448]",True,float32:1ch
grayscale,grayscale:float32:3ch:t7,float32:3ch,t7,,round1_20260927,baseline,train,0,512,512,400,0.9036778984591365,0.8910470642149448,0.8492421358823776,0.9888635948300363,0.05656060520823018,0.7751518860459328,1.1166203767061234,0.3614711593836546,ch32_scale_affine_20260927,torchvision.transforms.Grayscale,"{""num_output_channels"": 1}",torch.manual_seed/random.seed(base_seed + 100000*block_id + call_index); set outside the timing window,20260927,"0,1,2,3",4,786432.0,3146151.0,3145728.0,torch.float32,"[3, 512, 512]",True,Tensor,262144.0,1048999.0,1048576.0,torch.float32,"[1, 512, 512]",True,float32:1ch
grayscale,grayscale:uint8:3ch:t0,uint8:3ch,t0,,round1_20260927,baseline,train,0,64,64,400,0.10797925759106874,0.10642269626259804,0.1044238917529583,0.11408273130655289,0.005022274759002045,0.10306388139724731,0.13615470379590988,0.0431917030364275,ch32_scale_affine_20260927,torchvision.transforms.Grayscale,"{""num_output_channels"": 1}",torch.manual_seed/random.seed(base_seed + 100000*block_id + call_index); set outside the timing window,20260927,"0,1,2,3",4,12288.0,12694.0,12288.0,torch.uint8,"[3, 64, 64]",True,Tensor,4096.0,4502.0,4096.0,torch.uint8,"[1, 64, 64]",True,uint8:1ch
grayscale,grayscale:uint8:3ch:v0,uint8:3ch,v0,,round1_20260927,baseline,validation,0,80,80,400,0.11606754502281547,0.1148679293692112,0.10972414165735245,0.12391526252031328,0.006609681785895781,0.10764412581920624,0.14736037701368332,0.046427018009126186,ch32_scale_affine_20260927,torchvision.transforms.Grayscale,"{""num_output_channels"": 1}",torch.manual_seed/random.seed(base_seed + 100000*block_id + call_index); set outside the timing window,20260927,"0,1,2,3",4,19200.0,19606.0,19200.0,torch.uint8,"[3, 80, 80]",True,Tensor,6400.0,6806.0,6400.0,torch.uint8,"[1, 80, 80]",True,uint8:1ch
grayscale,grayscale:uint8:3ch:t1,uint8:3ch,t1,,round1_20260927,baseline,train,0,96,96,400,0.1277465815655887,0.12698443606495857,0.11987956240773201,0.13814494013786316,0.007865582578627333,0.11651124805212021,0.171746127307415,0.051098632626235485,ch32_scale_affine_20260927,torchvision.transforms.Grayscale,"{""num_output_channels"": 1}",torch.manual_seed/random.seed(base_seed + 100000*block_id + call_index); set outside the timing window,20260927,"0,1,2,3",4,27648.0,28054.0,27648.0,torch.uint8,"[3, 96, 96]",True,Tensor,9216.0,9622.0,9216.0,torch.uint8,"[1, 96, 96]",True,uint8:1ch
grayscale,grayscale:uint8:3ch:t2,uint8:3ch,t2,,round1_20260927,baseline,train,0,144,144,400,0.18683815840631723,0.1849466934800148,0.17319964244961739,0.20371461287140846,0.011594363166143434,0.15354063361883163,0.2343868836760521,0.0747352633625269,ch32_scale_affine_20260927,torchvision.transforms.Grayscale,"{""num_output_channels"": 1}",torch.manual_seed/random.seed(base_seed + 100000*block_id + call_index); set outside the timing window,20260927,"0,1,2,3",4,62208.0,62614.0,62208.0,torch.uint8,"[3, 144, 144]",True,Tensor,20736.0,21142.0,20736.0,torch.uint8,"[1, 144, 144]",True,uint8:1ch
grayscale,grayscale:uint8:3ch:v1,uint8:3ch,v1,,round1_20260927,baseline,validation,0,160,160,400,0.16654080478474498,0.1644296571612358,0.15756338834762573,0.1782044768333435,0.008709664734838871,0.15218369662761688,0.21034758538007736,0.06661632191389799,ch32_scale_affine_20260927,torchvision.transforms.Grayscale,"{""num_output_channels"": 1}",torch.manual_seed/random.seed(base_seed + 100000*block_id + call_index); set outside the timing window,20260927,"0,1,2,3",4,76800.0,77217.0,76800.0,torch.uint8,"[3, 160, 160]",True,Tensor,25600.0,26006.0,25600.0,torch.uint8,"[1, 160, 160]",True,uint8:1ch
grayscale,grayscale:uint8:3ch:t3,uint8:3ch,t3,,round1_20260927,baseline,train,0,192,192,400,0.17064145067706704,0.16842922195792198,0.16394751146435738,0.18226904794573784,0.007405517850844798,0.161878764629364,0.2097729593515396,0.06825658027082682,ch32_scale_affine_20260927,torchvision.transforms.Grayscale,"{""num_output_channels"": 1}",torch.manual_seed/random.seed(base_seed + 100000*block_id + call_index); set outside the timing window,20260927,"0,1,2,3",4,110592.0,111009.0,110592.0,torch.uint8,"[3, 192, 192]",True,Tensor,36864.0,37270.0,36864.0,torch.uint8,"[1, 192, 192]",True,uint8:1ch
grayscale,grayscale:uint8:3ch:t4,uint8:3ch,t4,,round1_20260927,baseline,train,0,224,224,400,0.2059346647001803,0.20139385014772415,0.18859617412090302,0.22989781573414803,0.016267782089408087,0.18680468201637268,0.2700481563806534,0.08237386588007212,ch32_scale_affine_20260927,torchvision.transforms.Grayscale,"{""num_output_channels"": 1}",torch.manual_seed/random.seed(base_seed + 100000*block_id + call_index); set outside the timing window,20260927,"0,1,2,3",4,150528.0,150945.0,150528.0,torch.uint8,"[3, 224, 224]",True,Tensor,50176.0,50582.0,50176.0,torch.uint8,"[1, 224, 224]",True,uint8:1ch
grayscale,grayscale:uint8:3ch:v2,uint8:3ch,v2,,round1_20260927,baseline,validation,0,256,256,400,0.25321533204987645,0.25121308863162994,0.23025739938020706,0.27604224160313606,0.020252001062670985,0.22557098418474197,0.37324056029319763,0.10128613281995058,ch32_scale_affine_20260927,torchvision.transforms.Grayscale,"{""num_output_channels"": 1}",torch.manual_seed/random.seed(base_seed + 100000*block_id + call_index); set outside the timing window,20260927,"0,1,2,3",4,196608.0,197030.0,196608.0,torch.uint8,"[3, 256, 256]",True,Tensor,65536.0,65958.0,65536.0,torch.uint8,"[1, 256, 256]",True,uint8:1ch
grayscale,grayscale:uint8:3ch:t5,uint8:3ch,t5,,round1_20260927,baseline,train,0,288,288,400,0.30002535320818424,0.2933642826974392,0.28514983132481575,0.32112421467900276,0.02122610059069651,0.27729757130146027,0.5092276260256767,0.1200101412832737,ch32_scale_affine_20260927,torchvision.transforms.Grayscale,"{""num_output_channels"": 1}",torch.manual_seed/random.seed(base_seed + 100000*block_id + call_index); set outside the timing window,20260927,"0,1,2,3",4,248832.0,249254.0,248832.0,torch.uint8,"[3, 288, 288]",True,Tensor,82944.0,83366.0,82944.0,torch.uint8,"[1, 288, 288]",True,uint8:1ch
grayscale,grayscale:uint8:3ch:t6,uint8:3ch,t6,,round1_20260927,baseline,train,0,384,384,400,0.5680287280119956,0.5506481975317001,0.5258294753730297,0.6264595314860344,0.05453289065823682,0.5086613819003105,0.9193811565637589,0.22721149120479822,ch32_scale_affine_20260927,torchvision.transforms.Grayscale,"{""num_output_channels"": 1}",torch.manual_seed/random.seed(base_seed + 100000*block_id + call_index); set outside the timing window,20260927,"0,1,2,3",4,442368.0,442790.0,442368.0,torch.uint8,"[3, 384, 384]",True,Tensor,147456.0,147878.0,147456.0,torch.uint8,"[1, 384, 384]",True,uint8:1ch
grayscale,grayscale:uint8:3ch:v3,uint8:3ch,v3,,round1_20260927,baseline,validation,0,448,448,400,0.7807097863405943,0.7566520944237709,0.7305445149540901,0.8631180040538311,0.056837593207559906,0.7159421220421791,1.0926993563771248,0.3122839145362377,ch32_scale_affine_20260927,torchvision.transforms.Grayscale,"{""num_output_channels"": 1}",torch.manual_seed/random.seed(base_seed + 100000*block_id + call_index); set outside the timing window,20260927,"0,1,2,3",4,602112.0,602534.0,602112.0,torch.uint8,"[3, 448, 448]",True,Tensor,200704.0,201126.0,200704.0,torch.uint8,"[1, 448, 448]",True,uint8:1ch
grayscale,grayscale:uint8:3ch:t7,uint8:3ch,t7,,round1_20260927,baseline,train,0,512,512,400,0.9753409051336348,0.9666653349995613,0.9433656930923462,1.0130113922059536,0.04169764304751996,0.9283106774091721,1.3708872720599174,0.3901363620534539,ch32_scale_affine_20260927,torchvision.transforms.Grayscale,"{""num_output_channels"": 1}",torch.manual_seed/random.seed(base_seed + 100000*block_id + call_index); set outside the timing window,20260927,"0,1,2,3",4,786432.0,786854.0,786432.0,torch.uint8,"[3, 512, 512]",True,Tensor,262144.0,262566.0,262144.0,torch.uint8,"[1, 512, 512]",True,uint8:1ch
flip,flip:float32:3ch:t0,float32:3ch,t0,,round1_20260927,baseline,train,0,64,64,400,0.06797480629757047,0.06470736116170883,0.05081715062260628,0.08882135152816772,0.017400747830913527,0.041396357119083405,0.12059975415468216,0.027189922519028187,ch32_scale_affine_20260927,torchvision.transforms.RandomHorizontalFlip,"{""p"": 0.5}",torch.manual_seed/random.seed(base_seed + 100000*block_id + call_index); set outside the timing window,20260927,"0,1,2,3",4,12288.0,49559.0,49152.0,torch.float32,"[3, 64, 64]",True,Tensor,12288.0,49559.0,49152.0,torch.float32,"[3, 64, 64]",True,float32:3ch
flip,flip:float32:3ch:v0,float32:3ch,v0,,round1_20260927,baseline,validation,0,80,80,400,0.057190447114408016,0.0535682775080204,0.0423734076321125,0.0720030628144741,0.013991329339530232,0.04135165363550186,0.11586770415306091,0.022876178845763206,ch32_scale_affine_20260927,torchvision.transforms.RandomHorizontalFlip,"{""p"": 0.5}",torch.manual_seed/random.seed(base_seed + 100000*block_id + call_index); set outside the timing window,20260927,"0,1,2,3",4,19200.0,77216.0,76800.0,torch.float32,"[3, 80, 80]",True,Tensor,19200.0,77216.0,76800.0,torch.float32,"[3, 80, 80]",True,float32:3ch
flip,flip:float32:3ch:t1,float32:3ch,t1,,round1_20260927,baseline,train,0,96,96,400,0.07058579009026289,0.06591062992811203,0.05008261650800705,0.09446078911423683,0.01808274741571901,0.04124920815229416,0.11770706623792648,0.028234316036105156,ch32_scale_affine_20260927,torchvision.transforms.RandomHorizontalFlip,"{""p"": 0.5}",torch.manual_seed/random.seed(base_seed + 100000*block_id + call_index); set outside the timing window,20260927,"0,1,2,3",4,27648.0,111008.0,110592.0,torch.float32,"[3, 96, 96]",True,Tensor,27648.0,111008.0,110592.0,torch.float32,"[3, 96, 96]",True,float32:3ch
flip,flip:float32:3ch:t2,float32:3ch,t2,,round1_20260927,baseline,train,0,144,144,400,0.06449460983276367,0.054006464779376984,0.04200572147965431,0.08959919214248657,0.020816813022663357,0.0378219410777092,0.1199766993522644,0.02579784393310547,ch32_scale_affine_20260927,torchvision.transforms.RandomHorizontalFlip,"{""p"": 0.5}",torch.manual_seed/random.seed(base_seed + 100000*block_id + call_index); set outside the timing window,20260927,"0,1,2,3",4,62208.0,249248.0,248832.0,torch.float32,"[3, 144, 144]",True,Tensor,62208.0,249248.0,248832.0,torch.float32,"[3, 144, 144]",True,float32:3ch
flip,flip:float32:3ch:v1,float32:3ch,v1,,round1_20260927,baseline,validation,0,160,160,400,0.07819467224180698,0.06363261491060257,0.04988526925444603,0.10986421257257462,0.028695174787775928,0.03914162516593933,0.17094332724809647,0.031277868896722794,ch32_scale_affine_20260927,torchvision.transforms.RandomHorizontalFlip,"{""p"": 0.5}",torch.manual_seed/random.seed(base_seed + 100000*block_id + call_index); set outside the timing window,20260927,"0,1,2,3",4,76800.0,307618.0,307200.0,torch.float32,"[3, 160, 160]",True,Tensor,76800.0,307618.0,307200.0,torch.float32,"[3, 160, 160]",True,float32:3ch
flip,flip:float32:3ch:t3,float32:3ch,t3,,round1_20260927,baseline,train,0,192,192,400,0.08214742643758655,0.06702402606606483,0.04992010071873665,0.1168115995824337,0.030374547712601164,0.03989972174167633,0.14760717749595642,0.03285897057503462,ch32_scale_affine_20260927,torchvision.transforms.RandomHorizontalFlip,"{""p"": 0.5}",torch.manual_seed/random.seed(base_seed + 100000*block_id + call_index); set outside the timing window,20260927,"0,1,2,3",4,110592.0,442786.0,442368.0,torch.float32,"[3, 192, 192]",True,Tensor,110592.0,442786.0,442368.0,torch.float32,"[3, 192, 192]",True,float32:3ch
flip,flip:float32:3ch:t4,float32:3ch,t4,,round1_20260927,baseline,train,0,224,224,400,0.07743592606857419,0.05523860454559326,0.04223529249429703,0.117518100887537,0.03426926425621147,0.04121381789445877,0.13745203614234924,0.030974370427429676,ch32_scale_affine_20260927,torchvision.transforms.RandomHorizontalFlip,"{""p"": 0.5}",torch.manual_seed/random.seed(base_seed + 100000*block_id + call_index); set outside the timing window,20260927,"0,1,2,3",4,150528.0,602530.0,602112.0,torch.float32,"[3, 224, 224]",True,Tensor,150528.0,602530.0,602112.0,torch.float32,"[3, 224, 224]",True,float32:3ch
flip,flip:float32:3ch:v2,float32:3ch,v2,,round1_20260927,baseline,validation,0,256,256,400,0.07830838207155466,0.04761712625622749,0.039219483733177185,0.12100785970687866,0.039075537372043806,0.038572587072849274,0.13984553515911102,0.031323352828621864,ch32_scale_affine_20260927,torchvision.transforms.RandomHorizontalFlip,"{""p"": 0.5}",torch.manual_seed/random.seed(base_seed + 100000*block_id + call_index); set outside the timing window,20260927,"0,1,2,3",4,196608.0,786855.0,786432.0,torch.float32,"[3, 256, 256]",True,Tensor,196608.0,786855.0,786432.0,torch.float32,"[3, 256, 256]",True,float32:3ch
flip,flip:float32:3ch:t5,float32:3ch,t5,,round1_20260927,baseline,train,0,288,288,400,0.11210481869056821,0.04666997119784355,0.03892993554472923,0.19343029707670212,0.07499175401144079,0.03833044320344925,0.23256242275238037,0.044841927476227283,ch32_scale_affine_20260927,torchvision.transforms.RandomHorizontalFlip,"{""p"": 0.5}",torch.manual_seed/random.seed(base_seed + 100000*block_id + call_index); set outside the timing window,20260927,"0,1,2,3",4,248832.0,995751.0,995328.0,torch.float32,"[3, 288, 288]",True,Tensor,248832.0,995751.0,995328.0,torch.float32,"[3, 288, 288]",True,float32:3ch
flip,flip:float32:3ch:t6,float32:3ch,t6,,round1_20260927,baseline,train,0,384,384,400,0.18132235389202833,0.0509326346218586,0.039288122206926346,0.3448097035288811,0.14619056707319183,0.03778282552957535,0.3921855241060257,0.07252894155681133,ch32_scale_affine_20260927,torchvision.transforms.RandomHorizontalFlip,"{""p"": 0.5}",torch.manual_seed/random.seed(base_seed + 100000*block_id + call_index); set outside the timing window,20260927,"0,1,2,3",4,442368.0,1769895.0,1769472.0,torch.float32,"[3, 384, 384]",True,Tensor,442368.0,1769895.0,1769472.0,torch.float32,"[3, 384, 384]",True,float32:3ch
flip,flip:float32:3ch:v3,float32:3ch,v3,,round1_20260927,baseline,validation,0,448,448,400,0.20882911048829556,0.046953558921813965,0.039051659405231476,0.3971385769546032,0.17603082101817277,0.038222409784793854,0.48561859875917435,0.08353164419531822,ch32_scale_affine_20260927,torchvision.transforms.RandomHorizontalFlip,"{""p"": 0.5}",torch.manual_seed/random.seed(base_seed + 100000*block_id + call_index); set outside the timing window,20260927,"0,1,2,3",4,602112.0,2408871.0,2408448.0,torch.float32,"[3, 448, 448]",True,Tensor,602112.0,2408871.0,2408448.0,torch.float32,"[3, 448, 448]",True,float32:3ch
flip,flip:float32:3ch:t7,float32:3ch,t7,,round1_20260927,baseline,train,0,512,512,400,0.28497018851339817,0.04692329093813896,0.039188284426927567,0.6013954058289528,0.2571843803423029,0.03817304968833923,0.681854784488678,0.11398807540535927,ch32_scale_affine_20260927,torchvision.transforms.RandomHorizontalFlip,"{""p"": 0.5}",torch.manual_seed/random.seed(base_seed + 100000*block_id + call_index); set outside the timing window,20260927,"0,1,2,3",4,786432.0,3146151.0,3145728.0,torch.float32,"[3, 512, 512]",True,Tensor,786432.0,3146151.0,3145728.0,torch.float32,"[3, 512, 512]",True,float32:3ch
flip,flip:float32:1ch:t0,float32:1ch,t0,,round1_20260927,baseline,train,0,64,64,400,0.048502928111702204,0.04623178392648697,0.037555862218141556,0.059977080672979355,0.010404784768573289,0.03693532198667526,0.08771475404500961,0.01940117124468088,ch32_scale_affine_20260927,torchvision.transforms.RandomHorizontalFlip,"{""p"": 0.5}",torch.manual_seed/random.seed(base_seed + 100000*block_id + call_index); set outside the timing window,20260927,"0,1,2,3",4,4096.0,16790.0,16384.0,torch.float32,"[1, 64, 64]",True,Tensor,4096.0,16790.0,16384.0,torch.float32,"[1, 64, 64]",True,float32:1ch
flip,flip:float32:1ch:v0,float32:1ch,v0,,round1_20260927,baseline,validation,0,80,80,400,0.05857585929334164,0.053851399570703506,0.04278728738427162,0.07503069937229158,0.014963029028346557,0.04093348979949951,0.16769859939813614,0.023430343717336655,ch32_scale_affine_20260927,torchvision.transforms.RandomHorizontalFlip,"{""p"": 0.5}",torch.manual_seed/random.seed(base_seed + 100000*block_id + call_index); set outside the timing window,20260927,"0,1,2,3",4,6400.0,26006.0,25600.0,torch.float32,"[1, 80, 80]",True,Tensor,6400.0,26006.0,25600.0,torch.float32,"[1, 80, 80]",True,float32:1ch
flip,flip:float32:1ch:t1,float32:1ch,t1,,round1_20260927,baseline,train,0,96,96,400,0.06338204257190228,0.06152503192424774,0.04851063713431358,0.07728300988674164,0.013881894224569051,0.040339305996894836,0.09667687118053436,0.02535281702876091,ch32_scale_affine_20260927,torchvision.transforms.RandomHorizontalFlip,"{""p"": 0.5}",torch.manual_seed/random.seed(base_seed + 100000*block_id + call_index); set outside the timing window,20260927,"0,1,2,3",4,9216.0,37270.0,36864.0,torch.float32,"[1, 96, 96]",True,Tensor,9216.0,37270.0,36864.0,torch.float32,"[1, 96, 96]",True,float32:1ch
flip,flip:float32:1ch:t2,float32:1ch,t2,,round1_20260927,baseline,train,0,144,144,400,0.05903479177504778,0.05083950236439705,0.04169270396232605,0.07794713601469994,0.015451645113659577,0.040421262383461,0.09187217801809311,0.02361391671001911,ch32_scale_affine_20260927,torchvision.transforms.RandomHorizontalFlip,"{""p"": 0.5}",torch.manual_seed/random.seed(base_seed + 100000*block_id + call_index); set outside the timing window,20260927,"0,1,2,3",4,20736.0,83359.0,82944.0,torch.float32,"[1, 144, 144]",True,Tensor,20736.0,83359.0,82944.0,torch.float32,"[1, 144, 144]",True,float32:1ch
flip,flip:float32:1ch:v1,float32:1ch,v1,,round1_20260927,baseline,validation,0,160,160,400,0.049453622195869684,0.04331953823566437,0.03515062853693962,0.06322050467133522,0.013917605444104966,0.03424379974603653,0.09804591536521912,0.019781448878347874,ch32_scale_affine_20260927,torchvision.transforms.RandomHorizontalFlip,"{""p"": 0.5}",torch.manual_seed/random.seed(base_seed + 100000*block_id + call_index); set outside the timing window,20260927,"0,1,2,3",4,25600.0,102815.0,102400.0,torch.float32,"[1, 160, 160]",True,Tensor,25600.0,102815.0,102400.0,torch.float32,"[1, 160, 160]",True,float32:1ch
flip,flip:float32:1ch:t3,float32:1ch,t3,,round1_20260927,baseline,train,0,192,192,400,0.05563826533034444,0.04857126623392105,0.03850720822811127,0.07340675219893456,0.015600224407908833,0.03758445382118225,0.09182468056678772,0.022255306132137775,ch32_scale_affine_20260927,torchvision.transforms.RandomHorizontalFlip,"{""p"": 0.5}",torch.manual_seed/random.seed(base_seed + 100000*block_id + call_index); set outside the timing window,20260927,"0,1,2,3",4,36864.0,147871.0,147456.0,torch.float32,"[1, 192, 192]",True,Tensor,36864.0,147871.0,147456.0,torch.float32,"[1, 192, 192]",True,float32:1ch
flip,flip:float32:1ch:t4,float32:1ch,t4,,round1_20260927,baseline,train,0,224,224,400,0.059223256539553404,0.05126325413584709,0.03863498568534851,0.08522327989339828,0.019552316273766333,0.0378582626581192,0.11304952204227448,0.02368930261582136,ch32_scale_affine_20260927,torchvision.transforms.RandomHorizontalFlip,"{""p"": 0.5}",torch.manual_seed/random.seed(base_seed + 100000*block_id + call_index); set outside the timing window,20260927,"0,1,2,3",4,50176.0,201119.0,200704.0,torch.float32,"[1, 224, 224]",True,Tensor,50176.0,201119.0,200704.0,torch.float32,"[1, 224, 224]",True,float32:1ch
flip,flip:float32:1ch:v2,float32:1ch,v2,,round1_20260927,baseline,validation,0,256,256,400,0.059211915358901024,0.04847114905714989,0.03868648782372475,0.08352100849151611,0.0198446784741259,0.03815535455942154,0.11527445167303085,0.02368476614356041,ch32_scale_affine_20260927,torchvision.transforms.RandomHorizontalFlip,"{""p"": 0.5}",torch.manual_seed/random.seed(base_seed + 100000*block_id + call_index); set outside the timing window,20260927,"0,1,2,3",4,65536.0,262564.0,262144.0,torch.float32,"[1, 256, 256]",True,Tensor,65536.0,262564.0,262144.0,torch.float32,"[1, 256, 256]",True,float32:1ch
flip,flip:float32:1ch:t5,float32:1ch,t5,,round1_20260927,baseline,train,0,288,288,400,0.06604419788345695,0.05263928323984146,0.042130984365940094,0.0921095721423626,0.02328574055956588,0.041165389120578766,0.11075939983129501,0.026417679153382778,ch32_scale_affine_20260927,torchvision.transforms.RandomHorizontalFlip,"{""p"": 0.5}",torch.manual_seed/random.seed(base_seed + 100000*block_id + call_index); set outside the timing window,20260927,"0,1,2,3",4,82944.0,332196.0,331776.0,torch.float32,"[1, 288, 288]",True,Tensor,82944.0,332196.0,331776.0,torch.float32,"[1, 288, 288]",True,float32:1ch
flip,flip:float32:1ch:t6,float32:1ch,t6,,round1_20260927,baseline,train,0,384,384,400,0.08565809112042189,0.059349462389945984,0.049428828060626984,0.1296432688832283,0.03683239248523367,0.039011240005493164,0.14598015695810318,0.034263236448168755,ch32_scale_affine_20260927,torchvision.transforms.RandomHorizontalFlip,"{""p"": 0.5}",torch.manual_seed/random.seed(base_seed + 100000*block_id + call_index); set outside the timing window,20260927,"0,1,2,3",4,147456.0,590244.0,589824.0,torch.float32,"[1, 384, 384]",True,Tensor,147456.0,590244.0,589824.0,torch.float32,"[1, 384, 384]",True,float32:1ch
flip,flip:float32:1ch:v3,float32:1ch,v3,,round1_20260927,baseline,validation,0,448,448,400,0.08295348845422268,0.05092425271868706,0.04252130165696144,0.1259736716747284,0.04112043180960796,0.03854930400848389,0.14448165893554688,0.03318139538168907,ch32_scale_affine_20260927,torchvision.transforms.RandomHorizontalFlip,"{""p"": 0.5}",torch.manual_seed/random.seed(base_seed + 100000*block_id + call_index); set outside the timing window,20260927,"0,1,2,3",4,200704.0,803236.0,802816.0,torch.float32,"[1, 448, 448]",True,Tensor,200704.0,803236.0,802816.0,torch.float32,"[1, 448, 448]",True,float32:1ch
flip,flip:float32:1ch:t7,float32:1ch,t7,,round1_20260927,baseline,train,0,512,512,400,0.12941724620759487,0.057149212807416916,0.04110056906938553,0.22380994632840157,0.08601767123883516,0.03909226506948471,0.2706088125705719,0.05176689848303795,ch32_scale_affine_20260927,torchvision.transforms.RandomHorizontalFlip,"{""p"": 0.5}",torch.manual_seed/random.seed(base_seed + 100000*block_id + call_index); set outside the timing window,20260927,"0,1,2,3",4,262144.0,1048996.0,1048576.0,torch.float32,"[1, 512, 512]",True,Tensor,262144.0,1048996.0,1048576.0,torch.float32,"[1, 512, 512]",True,float32:1ch
flip,flip:uint8:3ch:t0,uint8:3ch,t0,,round1_20260927,baseline,train,0,64,64,400,0.05327282706275582,0.051705166697502136,0.041362177580595016,0.06452333182096481,0.011529938865572475,0.04059169441461563,0.08536968380212784,0.02130913082510233,ch32_scale_affine_20260927,torchvision.transforms.RandomHorizontalFlip,"{""p"": 0.5}",torch.manual_seed/random.seed(base_seed + 100000*block_id + call_index); set outside the timing window,20260927,"0,1,2,3",4,12288.0,12694.0,12288.0,torch.uint8,"[3, 64, 64]",True,Tensor,12288.0,12694.0,12288.0,torch.uint8,"[3, 64, 64]",True,uint8:3ch
flip,flip:uint8:3ch:v0,uint8:3ch,v0,,round1_20260927,baseline,validation,0,80,80,400,0.06366524146869779,0.06044982001185417,0.04793955013155937,0.08102674037218094,0.014796295031119847,0.038673169910907745,0.10009761899709702,0.025466096587479115,ch32_scale_affine_20260927,torchvision.transforms.RandomHorizontalFlip,"{""p"": 0.5}",torch.manual_seed/random.seed(base_seed + 100000*block_id + call_index); set outside the timing window,20260927,"0,1,2,3",4,19200.0,19606.0,19200.0,torch.uint8,"[3, 80, 80]",True,Tensor,19200.0,19606.0,19200.0,torch.uint8,"[3, 80, 80]",True,uint8:3ch
flip,flip:uint8:3ch:t1,uint8:3ch,t1,,round1_20260927,baseline,train,0,96,96,400,0.05190698662772775,0.045942142605781555,0.03992868587374687,0.06389738991856575,0.012082039771734662,0.03885570913553238,0.13324059545993805,0.0207627946510911,ch32_scale_affine_20260927,torchvision.transforms.RandomHorizontalFlip,"{""p"": 0.5}",torch.manual_seed/random.seed(base_seed + 100000*block_id + call_index); set outside the timing window,20260927,"0,1,2,3",4,27648.0,28054.0,27648.0,torch.uint8,"[3, 96, 96]",True,Tensor,27648.0,28054.0,27648.0,torch.uint8,"[3, 96, 96]",True,uint8:3ch
flip,flip:uint8:3ch:t2,uint8:3ch,t2,,round1_20260927,baseline,train,0,144,144,400,0.05794217577204108,0.051233451813459396,0.04685092717409134,0.06924206390976906,0.011900897926095153,0.03865640610456467,0.11284928768873215,0.023176870308816433,ch32_scale_affine_20260927,torchvision.transforms.RandomHorizontalFlip,"{""p"": 0.5}",torch.manual_seed/random.seed(base_seed + 100000*block_id + call_index); set outside the timing window,20260927,"0,1,2,3",4,62208.0,62614.0,62208.0,torch.uint8,"[3, 144, 144]",True,Tensor,62208.0,62614.0,62208.0,torch.uint8,"[3, 144, 144]",True,uint8:3ch
flip,flip:uint8:3ch:v1,uint8:3ch,v1,,round1_20260927,baseline,validation,0,160,160,400,0.06008750991895795,0.05519809201359749,0.04142392426729202,0.08348114788532257,0.01656282583788248,0.038494355976581573,0.10991096496582031,0.02403500396758318,ch32_scale_affine_20260927,torchvision.transforms.RandomHorizontalFlip,"{""p"": 0.5}",torch.manual_seed/random.seed(base_seed + 100000*block_id + call_index); set outside the timing window,20260927,"0,1,2,3",4,76800.0,77217.0,76800.0,torch.uint8,"[3, 160, 160]",True,Tensor,76800.0,77217.0,76800.0,torch.uint8,"[3, 160, 160]",True,uint8:3ch
flip,flip:uint8:3ch:t3,uint8:3ch,t3,,round1_20260927,baseline,train,0,192,192,400,0.06199427880346775,0.06691226735711098,0.04078112542629242,0.08427295833826065,0.020234191502541927,0.04005804657936096,0.12131873518228531,0.0247977115213871,ch32_scale_affine_20260927,torchvision.transforms.RandomHorizontalFlip,"{""p"": 0.5}",torch.manual_seed/random.seed(base_seed + 100000*block_id + call_index); set outside the timing window,20260927,"0,1,2,3",4,110592.0,111009.0,110592.0,torch.uint8,"[3, 192, 192]",True,Tensor,110592.0,111009.0,110592.0,torch.uint8,"[3, 192, 192]",True,uint8:3ch
flip,flip:uint8:3ch:t4,uint8:3ch,t4,,round1_20260927,baseline,train,0,224,224,400,0.06495710462331772,0.07045501843094826,0.04243627190589905,0.0935439020395279,0.020645055809030005,0.037670135498046875,0.14582276344299316,0.025982841849327087,ch32_scale_affine_20260927,torchvision.transforms.RandomHorizontalFlip,"{""p"": 0.5}",torch.manual_seed/random.seed(base_seed + 100000*block_id + call_index); set outside the timing window,20260927,"0,1,2,3",4,150528.0,150945.0,150528.0,torch.uint8,"[3, 224, 224]",True,Tensor,150528.0,150945.0,150528.0,torch.uint8,"[3, 224, 224]",True,uint8:3ch
flip,flip:uint8:3ch:v2,uint8:3ch,v2,,round1_20260927,baseline,validation,0,256,256,400,0.0680725066922605,0.0597294420003891,0.04495857283473015,0.09389007464051247,0.02145235360172658,0.04092603921890259,0.13262592256069183,0.0272290026769042,ch32_scale_affine_20260927,torchvision.transforms.RandomHorizontalFlip,"{""p"": 0.5}",torch.manual_seed/random.seed(base_seed + 100000*block_id + call_index); set outside the timing window,20260927,"0,1,2,3",4,196608.0,197030.0,196608.0,torch.uint8,"[3, 256, 256]",True,Tensor,196608.0,197030.0,196608.0,torch.uint8,"[3, 256, 256]",True,uint8:3ch
flip,flip:uint8:3ch:t5,uint8:3ch,t5,,round1_20260927,baseline,train,0,288,288,400,0.07577837677672505,0.06616069003939629,0.04932573065161705,0.10844161733984947,0.024395508830060572,0.04407484084367752,0.17478037625551224,0.03031135071069002,ch32_scale_affine_20260927,torchvision.transforms.RandomHorizontalFlip,"{""p"": 0.5}",torch.manual_seed/random.seed(base_seed + 100000*block_id + call_index); set outside the timing window,20260927,"0,1,2,3",4,248832.0,249254.0,248832.0,torch.uint8,"[3, 288, 288]",True,Tensor,248832.0,249254.0,248832.0,torch.uint8,"[3, 288, 288]",True,uint8:3ch
flip,flip:uint8:3ch:t6,uint8:3ch,t6,,round1_20260927,baseline,train,0,384,384,400,0.06239981856197119,0.04784297198057175,0.03716014325618744,0.08845161646604538,0.02504377716814551,0.03608874976634979,0.10541919618844986,0.024959927424788475,ch32_scale_affine_20260927,torchvision.transforms.RandomHorizontalFlip,"{""p"": 0.5}",torch.manual_seed/random.seed(base_seed + 100000*block_id + call_index); set outside the timing window,20260927,"0,1,2,3",4,442368.0,442790.0,442368.0,torch.uint8,"[3, 384, 384]",True,Tensor,442368.0,442790.0,442368.0,torch.uint8,"[3, 384, 384]",True,uint8:3ch
flip,flip:uint8:3ch:v3,uint8:3ch,v3,,round1_20260927,baseline,validation,0,448,448,400,0.07868146058171988,0.052259303629398346,0.04321672022342682,0.11957269161939621,0.03486494680050945,0.04193931818008423,0.1332741230726242,0.03147258423268795,ch32_scale_affine_20260927,torchvision.transforms.RandomHorizontalFlip,"{""p"": 0.5}",torch.manual_seed/random.seed(base_seed + 100000*block_id + call_index); set outside the timing window,20260927,"0,1,2,3",4,602112.0,602534.0,602112.0,torch.uint8,"[3, 448, 448]",True,Tensor,602112.0,602534.0,602112.0,torch.uint8,"[3, 448, 448]",True,uint8:3ch
flip,flip:uint8:3ch:t7,uint8:3ch,t7,,round1_20260927,baseline,train,0,512,512,400,0.09720189264044166,0.05993759259581566,0.049774348735809326,0.15015890821814537,0.04851589727291161,0.03922637552022934,0.17033889889717102,0.03888075705617666,ch32_scale_affine_20260927,torchvision.transforms.RandomHorizontalFlip,"{""p"": 0.5}",torch.manual_seed/random.seed(base_seed + 100000*block_id + call_index); set outside the timing window,20260927,"0,1,2,3",4,786432.0,786854.0,786432.0,torch.uint8,"[3, 512, 512]",True,Tensor,786432.0,786854.0,786432.0,torch.uint8,"[3, 512, 512]",True,uint8:3ch
blur,blur:float32:3ch:t0,float32:3ch,t0,,round1_20260927,baseline,train,1,64,64,400,1.031027347780764,0.6368383765220642,0.6161860190331936,2.6003557257354286,1.0468321135240688,0.6028125062584877,7.227911613881588,0.41241093911230564,ch32_scale_affine_20260927,torchvision.transforms.GaussianBlur,"{""kernel_size"": 11, ""sigma"": [0.1, 2.0]}",torch.manual_seed/random.seed(base_seed + 100000*block_id + call_index); set outside the timing window,20360927,"0,1,2,3",4,12288.0,49561.0,49152.0,torch.float32,"[3, 64, 64]",True,Tensor,12288.0,49559.0,49152.0,torch.float32,"[3, 64, 64]",True,float32:3ch
blur,blur:float32:3ch:v0,float32:3ch,v0,,round1_20260927,baseline,validation,1,80,80,400,1.4015535148791969,0.7693944498896599,0.7500595413148403,3.8713810965418816,1.6263608753522878,0.7297256961464882,11.071337386965752,0.5606214059516788,ch32_scale_affine_20260927,torchvision.transforms.GaussianBlur,"{""kernel_size"": 11, ""sigma"": [0.1, 2.0]}",torch.manual_seed/random.seed(base_seed + 100000*block_id + call_index); set outside the timing window,20360927,"0,1,2,3",4,19200.0,77216.0,76800.0,torch.float32,"[3, 80, 80]",True,Tensor,19200.0,77216.0,76800.0,torch.float32,"[3, 80, 80]",True,float32:3ch
blur,blur:float32:3ch:t1,float32:3ch,t1,,round1_20260927,baseline,train,1,96,96,400,1.8526890245266259,0.9504705667495728,0.9309160523116589,5.343210604041815,2.3457110603342617,0.9021768346428871,15.767732635140419,0.7410756098106503,ch32_scale_affine_20260927,torchvision.transforms.GaussianBlur,"{""kernel_size"": 11, ""sigma"": [0.1, 2.0]}",torch.manual_seed/random.seed(base_seed + 100000*block_id + call_index); set outside the timing window,20360927,"0,1,2,3",4,27648.0,111008.0,110592.0,torch.float32,"[3, 96, 96]",True,Tensor,27648.0,111008.0,110592.0,torch.float32,"[3, 96, 96]",True,float32:3ch
blur,blur:float32:3ch:t2,float32:3ch,t2,,round1_20260927,baseline,train,1,144,144,400,3.6942827445454895,1.7199390567839146,1.6701380722224712,11.673395615071062,5.2805884725149985,1.5937564894557,35.10103281587362,1.4777130978181958,ch32_scale_affine_20260927,torchvision.transforms.GaussianBlur,"{""kernel_size"": 11, ""sigma"": [0.1, 2.0]}",torch.manual_seed/random.seed(base_seed + 100000*block_id + call_index); set outside the timing window,20360927,"0,1,2,3",4,62208.0,249248.0,248832.0,torch.float32,"[3, 144, 144]",True,Tensor,62208.0,249248.0,248832.0,torch.float32,"[3, 144, 144]",True,float32:3ch
blur,blur:float32:3ch:v1,float32:3ch,v1,,round1_20260927,baseline,validation,1,160,160,400,4.431734676472843,2.0050769671797752,1.9381385296583176,14.233458973467352,6.515560340118081,1.8652286380529404,43.203940615057945,1.772693870589137,ch32_scale_affine_20260927,torchvision.transforms.GaussianBlur,"{""kernel_size"": 11, ""sigma"": [0.1, 2.0]}",torch.manual_seed/random.seed(base_seed + 100000*block_id + call_index); set outside the timing window,20360927,"0,1,2,3",4,76800.0,307618.0,307200.0,torch.float32,"[3, 160, 160]",True,Tensor,76800.0,307618.0,307200.0,torch.float32,"[3, 160, 160]",True,float32:3ch
blur,blur:float32:3ch:t3,float32:3ch,t3,,round1_20260927,baseline,train,1,192,192,397,6.333981762623757,2.7813874185085297,2.744216099381447,20.382659323513515,9.405190449351222,2.662952058017254,62.38014530390501,2.5145907597616315,ch32_scale_affine_20260927,torchvision.transforms.GaussianBlur,"{""kernel_size"": 11, ""sigma"": [0.1, 2.0]}",torch.manual_seed/random.seed(base_seed + 100000*block_id + call_index); set outside the timing window,20360927,"0,1,2,3",4,110592.0,442786.0,442368.0,torch.float32,"[3, 192, 192]",True,Tensor,110592.0,442786.0,442368.0,torch.float32,"[3, 192, 192]",True,float32:3ch
blur,blur:float32:3ch:t4,float32:3ch,t4,,round1_20260927,baseline,train,1,224,224,329,7.615603752841884,3.5642078146338463,3.5146335139870644,26.796901039779186,11.214070063548467,3.393416292965412,84.32082459330559,2.50553363468498,ch32_scale_affine_20260927,torchvision.transforms.GaussianBlur,"{""kernel_size"": 11, ""sigma"": [0.1, 2.0]}",torch.manual_seed/random.seed(base_seed + 100000*block_id + call_index); set outside the timing window,20360927,"0,1,2,3",4,150528.0,602530.0,602112.0,torch.float32,"[3, 224, 224]",True,Tensor,150528.0,602530.0,602112.0,torch.float32,"[3, 224, 224]",True,float32:3ch
blur,blur:float32:3ch:v2,float32:3ch,v2,,round1_20260927,baseline,validation,1,256,256,253,9.98673836880993,4.603477194905281,4.548348113894463,34.81559716165066,15.026981441253687,4.452567547559738,109.80798304080963,2.5266448073089123,ch32_scale_affine_20260927,torchvision.transforms.GaussianBlur,"{""kernel_size"": 11, ""sigma"": [0.1, 2.0]}",torch.manual_seed/random.seed(base_seed + 100000*block_id + call_index); set outside the timing window,20360927,"0,1,2,3",4,196608.0,786855.0,786432.0,torch.float32,"[3, 256, 256]",True,Tensor,196608.0,786855.0,786432.0,torch.float32,"[3, 256, 256]",True,float32:3ch
blur,blur:float32:3ch:t5,float32:3ch,t5,,round1_20260927,baseline,train,1,288,288,209,11.971036506968252,5.637088790535927,5.551698245108128,34.82756428420563,18.519911774621765,5.505990236997604,138.7271648272872,2.5019466299563646,ch32_scale_affine_20260927,torchvision.transforms.GaussianBlur,"{""kernel_size"": 11, ""sigma"": [0.1, 2.0]}",torch.manual_seed/random.seed(base_seed + 100000*block_id + call_index); set outside the timing window,20360927,"0,1,2,3",4,248832.0,995751.0,995328.0,torch.float32,"[3, 288, 288]",True,Tensor,248832.0,995751.0,995328.0,torch.float32,"[3, 288, 288]",True,float32:3ch
blur,blur:float32:3ch:t6,float32:3ch,t6,,round1_20260927,baseline,train,1,384,384,129,19.401241137191306,10.104195214807987,9.69022735953331,45.96076235175133,26.27825713652801,9.61232092231512,152.91107539087534,2.5027601066976786,ch32_scale_affine_20260927,torchvision.transforms.GaussianBlur,"{""kernel_size"": 11, ""sigma"": [0.1, 2.0]}",torch.manual_seed/random.seed(base_seed + 100000*block_id + call_index); set outside the timing window,20360927,"0,1,2,3",4,442368.0,1769895.0,1769472.0,torch.float32,"[3, 384, 384]",True,Tensor,442368.0,1769895.0,1769472.0,torch.float32,"[3, 384, 384]",True,float32:3ch
blur,blur:float32:3ch:v3,float32:3ch,v3,,round1_20260927,baseline,validation,1,448,448,91,27.574889986151522,13.117466121912003,12.909147888422012,70.77346928417683,40.72166468135409,12.869393453001976,210.78699827194214,2.5093149887397885,ch32_scale_affine_20260927,torchvision.transforms.GaussianBlur,"{""kernel_size"": 11, ""sigma"": [0.1, 2.0]}",torch.manual_seed/random.seed(base_seed + 100000*block_id + call_index); set outside the timing window,20360927,"0,1,2,3",4,602112.0,2408871.0,2408448.0,torch.float32,"[3, 448, 448]",True,Tensor,602112.0,2408871.0,2408448.0,torch.float32,"[3, 448, 448]",True,float32:3ch
blur,blur:float32:3ch:t7,float32:3ch,t7,,round1_20260927,baseline,train,1,512,512,53,47.497869293504166,32.12884068489075,31.120721623301506,84.35023669153479,52.168617507730914,17.661388963460922,281.2210312113166,2.517387072555721,ch32_scale_affine_20260927,torchvision.transforms.GaussianBlur,"{""kernel_size"": 11, ""sigma"": [0.1, 2.0]}",torch.manual_seed/random.seed(base_seed + 100000*block_id + call_index); set outside the timing window,20360927,"0,1,2,3",4,786432.0,3146151.0,3145728.0,torch.float32,"[3, 512, 512]",True,Tensor,786432.0,3146151.0,3145728.0,torch.float32,"[3, 512, 512]",True,float32:3ch
blur,blur:float32:1ch:t0,float32:1ch,t0,,round1_20260927,baseline,train,1,64,64,400,0.9209798276424408,0.5109854973852634,0.5010140128433704,2.5035101920366305,1.0901374139433802,0.4847683012485504,7.27893877774477,0.3683919310569763,ch32_scale_affine_20260927,torchvision.transforms.GaussianBlur,"{""kernel_size"": 11, ""sigma"": [0.1, 2.0]}",torch.manual_seed/random.seed(base_seed + 100000*block_id + call_index); set outside the timing window,20360927,"0,1,2,3",4,4096.0,16790.0,16384.0,torch.float32,"[1, 64, 64]",True,Tensor,4096.0,16791.0,16384.0,torch.float32,"[1, 64, 64]",True,float32:1ch
blur,blur:float32:1ch:v0,float32:1ch,v0,,round1_20260927,baseline,validation,1,80,80,400,1.1964734853245318,0.575005542486906,0.5641045048832893,3.634696733206511,1.6651601499799344,0.5445731803774834,11.126557365059853,0.4785893941298127,ch32_scale_affine_20260927,torchvision.transforms.GaussianBlur,"{""kernel_size"": 11, ""sigma"": [0.1, 2.0]}",torch.manual_seed/random.seed(base_seed + 100000*block_id + call_index); set outside the timing window,20360927,"0,1,2,3",4,6400.0,26006.0,25600.0,torch.float32,"[1, 80, 80]",True,Tensor,6400.0,26007.0,25600.0,torch.float32,"[1, 80, 80]",True,float32:1ch
blur,blur:float32:1ch:t1,float32:1ch,t1,,round1_20260927,baseline,train,1,96,96,400,1.5432418277487159,0.6474358960986137,0.6354212760925293,5.071125272661448,2.3962935363330033,0.6299596279859543,15.825033187866211,0.6172967310994864,ch32_scale_affine_20260927,torchvision.transforms.GaussianBlur,"{""kernel_size"": 11, ""sigma"": [0.1, 2.0]}",torch.manual_seed/random.seed(base_seed + 100000*block_id + call_index); set outside the timing window,20360927,"0,1,2,3",4,9216.0,37270.0,36864.0,torch.float32,"[1, 96, 96]",True,Tensor,9216.0,37271.0,36864.0,torch.float32,"[1, 96, 96]",True,float32:1ch
blur,blur:float32:1ch:t2,float32:1ch,t2,,round1_20260927,baseline,train,1,144,144,400,3.138044502120465,1.106862910091877,1.0906568728387356,11.048631556332113,5.390656683613591,1.0818354785442352,35.37415713071823,1.255217800848186,ch32_scale_affine_20260927,torchvision.transforms.GaussianBlur,"{""kernel_size"": 11, ""sigma"": [0.1, 2.0]}",torch.manual_seed/random.seed(base_seed + 100000*block_id + call_index); set outside the timing window,20360927,"0,1,2,3",4,20736.0,83359.0,82944.0,torch.float32,"[1, 144, 144]",True,Tensor,20736.0,83360.0,82944.0,torch.float32,"[1, 144, 144]",True,float32:1ch
blur,blur:float32:1ch:v1,float32:1ch,v1,,round1_20260927,baseline,validation,1,160,160,400,3.7922810507006943,1.2606959789991379,1.2428550980985165,13.6974286288023,6.659768096199659,1.2320932000875473,43.463295325636864,1.5169124202802777,ch32_scale_affine_20260927,torchvision.transforms.GaussianBlur,"{""kernel_size"": 11, ""sigma"": [0.1, 2.0]}",torch.manual_seed/random.seed(base_seed + 100000*block_id + call_index); set outside the timing window,20360927,"0,1,2,3",4,25600.0,102815.0,102400.0,torch.float32,"[1, 160, 160]",True,Tensor,25600.0,102816.0,102400.0,torch.float32,"[1, 160, 160]",True,float32:1ch
blur,blur:float32:1ch:t3,float32:1ch,t3,,round1_20260927,baseline,train,1,192,192,400,5.4888769425451756,1.6749552451074123,1.6582277603447437,19.449501577764753,9.597301333821873,1.634771004319191,62.33041826635599,2.19555077701807,ch32_scale_affine_20260927,torchvision.transforms.GaussianBlur,"{""kernel_size"": 11, ""sigma"": [0.1, 2.0]}",torch.manual_seed/random.seed(base_seed + 100000*block_id + call_index); set outside the timing window,20360927,"0,1,2,3",4,36864.0,147871.0,147456.0,torch.float32,"[1, 192, 192]",True,Tensor,36864.0,147872.0,147456.0,torch.float32,"[1, 192, 192]",True,float32:1ch
blur,blur:float32:1ch:t4,float32:1ch,t4,,round1_20260927,baseline,train,1,224,224,368,6.8379735609556995,2.222237642854452,2.164800465106964,26.075176987797025,12.376702708938291,2.1163905039429665,84.77226924151182,2.5163742704316974,ch32_scale_affine_20260927,torchvision.transforms.GaussianBlur,"{""kernel_size"": 11, ""sigma"": [0.1, 2.0]}",torch.manual_seed/random.seed(base_seed + 100000*block_id + call_index); set outside the timing window,20360927,"0,1,2,3",4,50176.0,201119.0,200704.0,torch.float32,"[1, 224, 224]",True,Tensor,50176.0,201120.0,200704.0,torch.float32,"[1, 224, 224]",True,float32:1ch
blur,blur:float32:1ch:v2,float32:1ch,v2,,round1_20260927,baseline,validation,1,256,256,301,8.313778410371752,2.7984092012047768,2.711839973926544,33.87190215289593,15.121496110356244,2.676878124475479,110.70370115339756,2.5024473015218973,ch32_scale_affine_20260927,torchvision.transforms.GaussianBlur,"{""kernel_size"": 11, ""sigma"": [0.1, 2.0]}",torch.manual_seed/random.seed(base_seed + 100000*block_id + call_index); set outside the timing window,20360927,"0,1,2,3",4,65536.0,262564.0,262144.0,torch.float32,"[1, 256, 256]",True,Tensor,65536.0,262567.0,262144.0,torch.float32,"[1, 256, 256]",True,float32:1ch
blur,blur:float32:1ch:t5,float32:1ch,t5,,round1_20260927,baseline,train,1,288,288,247,10.13098009730037,3.2808464020490646,3.261796198785305,42.464934289455414,19.54922701681499,3.2447651028633118,139.7803071886301,2.502352084033191,ch32_scale_affine_20260927,torchvision.transforms.GaussianBlur,"{""kernel_size"": 11, ""sigma"": [0.1, 2.0]}",torch.manual_seed/random.seed(base_seed + 100000*block_id + call_index); set outside the timing window,20360927,"0,1,2,3",4,82944.0,332196.0,331776.0,torch.float32,"[1, 288, 288]",True,Tensor,82944.0,332199.0,331776.0,torch.float32,"[1, 288, 288]",True,float32:1ch
blur,blur:float32:1ch:t6,float32:1ch,t6,,round1_20260927,baseline,train,1,384,384,149,17.432904733507424,5.932880565524101,5.823304690420628,48.90695847570897,33.380627565895935,5.766059271991253,248.46620950847864,2.5975028052926064,ch32_scale_affine_20260927,torchvision.transforms.GaussianBlur,"{""kernel_size"": 11, ""sigma"": [0.1, 2.0]}",torch.manual_seed/random.seed(base_seed + 100000*block_id + call_index); set outside the timing window,20360927,"0,1,2,3",4,147456.0,590244.0,589824.0,torch.float32,"[1, 384, 384]",True,Tensor,147456.0,590247.0,589824.0,torch.float32,"[1, 384, 384]",True,float32:1ch
blur,blur:float32:1ch:v3,float32:1ch,v3,,round1_20260927,baseline,validation,1,448,448,130,19.279679390960016,7.799303159117699,7.645677961409092,56.152223609387875,36.24944339564425,7.601823657751083,202.0133538171649,2.506358320824802,ch32_scale_affine_20260927,torchvision.transforms.GaussianBlur,"{""kernel_size"": 11, ""sigma"": [0.1, 2.0]}",torch.manual_seed/random.seed(base_seed + 100000*block_id + call_index); set outside the timing window,20360927,"0,1,2,3",4,200704.0,803236.0,802816.0,torch.float32,"[1, 448, 448]",True,Tensor,200704.0,803239.0,802816.0,torch.float32,"[1, 448, 448]",True,float32:1ch
blur,blur:float32:1ch:t7,float32:1ch,t7,,round1_20260927,baseline,train,1,512,512,77,33.09041352386211,10.452873073518276,10.235000029206276,107.14854542166023,57.79793917678133,10.175821371376514,263.79023771733046,2.547961841337383,ch32_scale_affine_20260927,torchvision.transforms.GaussianBlur,"{""kernel_size"": 11, ""sigma"": [0.1, 2.0]}",torch.manual_seed/random.seed(base_seed + 100000*block_id + call_index); set outside the timing window,20360927,"0,1,2,3",4,262144.0,1048996.0,1048576.0,torch.float32,"[1, 512, 512]",True,Tensor,262144.0,1048999.0,1048576.0,torch.float32,"[1, 512, 512]",True,float32:1ch
blur,blur:uint8:3ch:t0,uint8:3ch,t0,,round1_20260927,baseline,train,1,64,64,400,1.0797701450064778,0.6907791830599308,0.6592953577637672,2.632269449532033,1.0466965281310234,0.6501413881778717,7.29753915220499,0.43190805800259113,ch32_scale_affine_20260927,torchvision.transforms.GaussianBlur,"{""kernel_size"": 11, ""sigma"": [0.1, 2.0]}",torch.manual_seed/random.seed(base_seed + 100000*block_id + call_index); set outside the timing window,20360927,"0,1,2,3",4,12288.0,12694.0,12288.0,torch.uint8,"[3, 64, 64]",True,Tensor,12288.0,12694.0,12288.0,torch.uint8,"[3, 64, 64]",True,uint8:3ch
blur,blur:uint8:3ch:v0,uint8:3ch,v0,,round1_20260927,baseline,validation,1,80,80,400,1.463855856563896,0.85830083116889,0.8281765505671501,3.8976920768618584,1.6297867446638832,0.8113523945212364,11.193307116627693,0.5855423426255584,ch32_scale_affine_20260927,torchvision.transforms.GaussianBlur,"{""kernel_size"": 11, ""sigma"": [0.1, 2.0]}",torch.manual_seed/random.seed(base_seed + 100000*block_id + call_index); set outside the timing window,20360927,"0,1,2,3",4,19200.0,19606.0,19200.0,torch.uint8,"[3, 80, 80]",True,Tensor,19200.0,19606.0,19200.0,torch.uint8,"[3, 80, 80]",True,uint8:3ch
blur,blur:uint8:3ch:t1,uint8:3ch,t1,,round1_20260927,baseline,train,1,96,96,400,2.136033952701837,1.0158820077776909,1.002556923776865,5.781114939600229,2.5512278785936973,0.980638898909092,15.86951408535242,0.8544135810807347,ch32_scale_affine_20260927,torchvision.transforms.GaussianBlur,"{""kernel_size"": 11, ""sigma"": [0.1, 2.0]}",torch.manual_seed/random.seed(base_seed + 100000*block_id + call_index); set outside the timing window,20360927,"0,1,2,3",4,27648.0,28054.0,27648.0,torch.uint8,"[3, 96, 96]",True,Tensor,27648.0,28054.0,27648.0,torch.uint8,"[3, 96, 96]",True,uint8:3ch
blur,blur:uint8:3ch:t2,uint8:3ch,t2,,round1_20260927,baseline,train,1,144,144,400,3.8770091789774597,1.788875088095665,1.7618210054934025,11.76283722743392,5.312890957080218,1.7033647745847702,35.094636492431164,1.5508036715909839,ch32_scale_affine_20260927,torchvision.transforms.GaussianBlur,"{""kernel_size"": 11, ""sigma"": [0.1, 2.0]}",torch.manual_seed/random.seed(base_seed + 100000*block_id + call_index); set outside the timing window,20360927,"0,1,2,3",4,62208.0,62614.0,62208.0,torch.uint8,"[3, 144, 144]",True,Tensor,62208.0,62614.0,62208.0,torch.uint8,"[3, 144, 144]",True,uint8:3ch
blur,blur:uint8:3ch:v1,uint8:3ch,v1,,round1_20260927,baseline,validation,1,160,160,400,4.725970714353025,2.2466187365353107,2.151680365204811,14.479245617985725,6.504231706051387,2.0433347672224045,43.32478530704975,1.89038828574121,ch32_scale_affine_20260927,torchvision.transforms.GaussianBlur,"{""kernel_size"": 11, ""sigma"": [0.1, 2.0]}",torch.manual_seed/random.seed(base_seed + 100000*block_id + call_index); set outside the timing window,20360927,"0,1,2,3",4,76800.0,77217.0,76800.0,torch.uint8,"[3, 160, 160]",True,Tensor,76800.0,77217.0,76800.0,torch.uint8,"[3, 160, 160]",True,uint8:3ch
blur,blur:uint8:3ch:t3,uint8:3ch,t3,,round1_20260927,baseline,train,1,192,192,385,6.505942833307501,2.9301391914486885,2.886396646499634,20.58453764766455,9.49734247873548,2.7809245511889458,62.31560930609703,2.504787990823388,ch32_scale_affine_20260927,torchvision.transforms.GaussianBlur,"{""kernel_size"": 11, ""sigma"": [0.1, 2.0]}",torch.manual_seed/random.seed(base_seed + 100000*block_id + call_index); set outside the timing window,20360927,"0,1,2,3",4,110592.0,111009.0,110592.0,torch.uint8,"[3, 192, 192]",True,Tensor,110592.0,111009.0,110592.0,torch.uint8,"[3, 192, 192]",True,uint8:3ch
blur,blur:uint8:3ch:t4,uint8:3ch,t4,,round1_20260927,baseline,train,1,224,224,319,7.841813994051894,3.7734974175691605,3.71481254696846,26.90379172563553,11.044167713557126,3.5812482237815857,84.29072238504887,2.5015386641025543,ch32_scale_affine_20260927,torchvision.transforms.GaussianBlur,"{""kernel_size"": 11, ""sigma"": [0.1, 2.0]}",torch.manual_seed/random.seed(base_seed + 100000*block_id + call_index); set outside the timing window,20360927,"0,1,2,3",4,150528.0,150945.0,150528.0,torch.uint8,"[3, 224, 224]",True,Tensor,150528.0,150945.0,150528.0,torch.uint8,"[3, 224, 224]",True,uint8:3ch
blur,blur:uint8:3ch:v2,uint8:3ch,v2,,round1_20260927,baseline,validation,1,256,256,250,10.007986199110746,4.791717045009136,4.704844672232866,35.06720196455717,15.044671719917654,4.666514694690704,110.12715101242065,2.5019965497776866,ch32_scale_affine_20260927,torchvision.transforms.GaussianBlur,"{""kernel_size"": 11, ""sigma"": [0.1, 2.0]}",torch.manual_seed/random.seed(base_seed + 100000*block_id + call_index); set outside the timing window,20360927,"0,1,2,3",4,196608.0,197030.0,196608.0,torch.uint8,"[3, 256, 256]",True,Tensor,196608.0,197030.0,196608.0,torch.uint8,"[3, 256, 256]",True,uint8:3ch
blur,blur:uint8:3ch:t5,uint8:3ch,t5,,round1_20260927,baseline,train,1,288,288,201,12.440531616520822,5.973481573164463,5.881923250854015,31.048565171658993,18.716015603576437,5.826751701533794,139.33175336569548,2.5005468549206853,ch32_scale_affine_20260927,torchvision.transforms.GaussianBlur,"{""kernel_size"": 11, ""sigma"": [0.1, 2.0]}",torch.manual_seed/random.seed(base_seed + 100000*block_id + call_index); set outside the timing window,20360927,"0,1,2,3",4,248832.0,249254.0,248832.0,torch.uint8,"[3, 288, 288]",True,Tensor,248832.0,249254.0,248832.0,torch.uint8,"[3, 288, 288]",True,uint8:3ch
blur,blur:uint8:3ch:t6,uint8:3ch,t6,,round1_20260927,baseline,train,1,384,384,121,20.701642032743486,10.369339026510715,10.237378999590874,52.76243481785059,26.98739361545645,10.157517157495022,155.90637922286987,2.5048986859619617,ch32_scale_affine_20260927,torchvision.transforms.GaussianBlur,"{""kernel_size"": 11, ""sigma"": [0.1, 2.0]}",torch.manual_seed/random.seed(base_seed + 100000*block_id + call_index); set outside the timing window,20360927,"0,1,2,3",4,442368.0,442790.0,442368.0,torch.uint8,"[3, 384, 384]",True,Tensor,442368.0,442790.0,442368.0,torch.uint8,"[3, 384, 384]",True,uint8:3ch
blur,blur:uint8:3ch:v3,uint8:3ch,v3,,round1_20260927,baseline,validation,1,448,448,83,30.250794310347143,13.958163559436798,13.74974250793457,71.85111902654171,41.83700699293655,13.706304132938385,203.67106050252914,2.510815927758813,ch32_scale_affine_20260927,torchvision.transforms.GaussianBlur,"{""kernel_size"": 11, ""sigma"": [0.1, 2.0]}",torch.manual_seed/random.seed(base_seed + 100000*block_id + call_index); set outside the timing window,20360927,"0,1,2,3",4,602112.0,602534.0,602112.0,torch.uint8,"[3, 448, 448]",True,Tensor,602112.0,602534.0,602112.0,torch.uint8,"[3, 448, 448]",True,uint8:3ch
blur,blur:uint8:3ch:t7,uint8:3ch,t7,,round1_20260927,baseline,train,1,512,512,60,41.97817395130793,30.281629413366318,23.58178598806262,38.624710682779636,48.992364242112885,20.4123267903924,281.0432342812419,2.518690437078476,ch32_scale_affine_20260927,torchvision.transforms.GaussianBlur,"{""kernel_size"": 11, ""sigma"": [0.1, 2.0]}",torch.manual_seed/random.seed(base_seed + 100000*block_id + call_index); set outside the timing window,20360927,"0,1,2,3",4,786432.0,786854.0,786432.0,torch.uint8,"[3, 512, 512]",True,Tensor,786432.0,786854.0,786432.0,torch.uint8,"[3, 512, 512]",True,uint8:3ch
blur,blur:uint8:1ch:t0,uint8:1ch,t0,,round1_20260927,baseline,train,1,64,64,400,0.9108399273827672,0.5101030692458153,0.4954516887664795,2.46188510209322,1.0666436283966942,0.4872474819421768,7.248459383845329,0.3643359709531069,ch32_scale_affine_20260927,torchvision.transforms.GaussianBlur,"{""kernel_size"": 11, ""sigma"": [0.1, 2.0]}",torch.manual_seed/random.seed(base_seed + 100000*block_id + call_index); set outside the timing window,20360927,"0,1,2,3",4,4096.0,4501.0,4096.0,torch.uint8,"[1, 64, 64]",True,Tensor,4096.0,4502.0,4096.0,torch.uint8,"[1, 64, 64]",True,uint8:1ch
blur,blur:uint8:1ch:v0,uint8:1ch,v0,,round1_20260927,baseline,validation,1,80,80,400,1.2232074094936252,0.5970606580376625,0.5804042331874371,3.678583446890117,1.67172260780186,0.573459081351757,11.599642224609852,0.48928296379745007,ch32_scale_affine_20260927,torchvision.transforms.GaussianBlur,"{""kernel_size"": 11, ""sigma"": [0.1, 2.0]}",torch.manual_seed/random.seed(base_seed + 100000*block_id + call_index); set outside the timing window,20360927,"0,1,2,3",4,6400.0,6805.0,6400.0,torch.uint8,"[1, 80, 80]",True,Tensor,6400.0,6806.0,6400.0,torch.uint8,"[1, 80, 80]",True,uint8:1ch
blur,blur:uint8:1ch:t1,uint8:1ch,t1,,round1_20260927,baseline,train,1,96,96,400,1.6216999851167202,0.7264413870871067,0.7049588486552238,5.142732895910741,2.4026865320123045,0.6892448291182518,15.934334136545658,0.6486799940466881,ch32_scale_affine_20260927,torchvision.transforms.GaussianBlur,"{""kernel_size"": 11, ""sigma"": [0.1, 2.0]}",torch.manual_seed/random.seed(base_seed + 100000*block_id + call_index); set outside the timing window,20360927,"0,1,2,3",4,9216.0,9621.0,9216.0,torch.uint8,"[1, 96, 96]",True,Tensor,9216.0,9622.0,9216.0,torch.uint8,"[1, 96, 96]",True,uint8:1ch
blur,blur:uint8:1ch:t2,uint8:1ch,t2,,round1_20260927,baseline,train,1,144,144,400,3.1900894665159285,1.1629946529865265,1.1464791372418404,11.12733641639352,5.389508978616218,1.1319993063807487,35.25566589087248,1.2760357866063714,ch32_scale_affine_20260927,torchvision.transforms.GaussianBlur,"{""kernel_size"": 11, ""sigma"": [0.1, 2.0]}",torch.manual_seed/random.seed(base_seed + 100000*block_id + call_index); set outside the timing window,20360927,"0,1,2,3",4,20736.0,21141.0,20736.0,torch.uint8,"[1, 144, 144]",True,Tensor,20736.0,21142.0,20736.0,torch.uint8,"[1, 144, 144]",True,uint8:1ch
blur,blur:uint8:1ch:v1,uint8:1ch,v1,,round1_20260927,baseline,validation,1,160,160,400,3.84293416980654,1.3406109064817429,1.3119406066834927,13.745283056050539,6.665530021177059,1.2985588982701302,43.570712208747864,1.537173667922616,ch32_scale_affine_20260927,torchvision.transforms.GaussianBlur,"{""kernel_size"": 11, ""sigma"": [0.1, 2.0]}",torch.manual_seed/random.seed(base_seed + 100000*block_id + call_index); set outside the timing window,20360927,"0,1,2,3",4,25600.0,26005.0,25600.0,torch.uint8,"[1, 160, 160]",True,Tensor,25600.0,26006.0,25600.0,torch.uint8,"[1, 160, 160]",True,uint8:1ch
blur,blur:uint8:1ch:t3,uint8:1ch,t3,,round1_20260927,baseline,train,1,192,192,400,5.354413292370737,1.7721867188811302,1.746445707976818,19.51818345114589,9.591422839153024,1.7192093655467033,62.499637715518475,2.1417653169482946,ch32_scale_affine_20260927,torchvision.transforms.GaussianBlur,"{""kernel_size"": 11, ""sigma"": [0.1, 2.0]}",torch.manual_seed/random.seed(base_seed + 100000*block_id + call_index); set outside the timing window,20360927,"0,1,2,3",4,36864.0,37269.0,36864.0,torch.uint8,"[1, 192, 192]",True,Tensor,36864.0,37270.0,36864.0,torch.uint8,"[1, 192, 192]",True,uint8:1ch
blur,blur:uint8:1ch:t4,uint8:1ch,t4,,round1_20260927,baseline,train,1,224,224,352,7.158429711125791,2.3358785547316074,2.2941055707633495,26.53581192716958,12.496631758619163,2.273544669151306,84.92022287100554,2.5197672583162785,ch32_scale_affine_20260927,torchvision.transforms.GaussianBlur,"{""kernel_size"": 11, ""sigma"": [0.1, 2.0]}",torch.manual_seed/random.seed(base_seed + 100000*block_id + call_index); set outside the timing window,20360927,"0,1,2,3",4,50176.0,50581.0,50176.0,torch.uint8,"[1, 224, 224]",True,Tensor,50176.0,50582.0,50176.0,torch.uint8,"[1, 224, 224]",True,uint8:1ch
blur,blur:uint8:1ch:v2,uint8:1ch,v2,,round1_20260927,baseline,validation,1,256,256,299,8.441793800870512,2.873429097235203,2.842920832335949,34.078747220337384,15.166967001727086,2.7822479605674744,110.7043968513608,2.524096346460283,ch32_scale_affine_20260927,torchvision.transforms.GaussianBlur,"{""kernel_size"": 11, ""sigma"": [0.1, 2.0]}",torch.manual_seed/random.seed(base_seed + 100000*block_id + call_index); set outside the timing window,20360927,"0,1,2,3",4,65536.0,65955.0,65536.0,torch.uint8,"[1, 256, 256]",True,Tensor,65536.0,65958.0,65536.0,torch.uint8,"[1, 256, 256]",True,uint8:1ch
blur,blur:uint8:1ch:t5,uint8:1ch,t5,,round1_20260927,baseline,train,1,288,288,244,10.317084413846253,3.4916740842163563,3.436070028692484,42.770838923752315,19.64468084457008,3.421424888074398,139.94577154517174,2.5173685969784856,ch32_scale_affine_20260927,torchvision.transforms.GaussianBlur,"{""kernel_size"": 11, ""sigma"": [0.1, 2.0]}",torch.manual_seed/random.seed(base_seed + 100000*block_id + call_index); set outside the timing window,20360927,"0,1,2,3",4,82944.0,83363.0,82944.0,torch.uint8,"[1, 288, 288]",True,Tensor,82944.0,83366.0,82944.0,torch.uint8,"[1, 288, 288]",True,uint8:1ch
blur,blur:uint8:1ch:t6,uint8:1ch,t6,,round1_20260927,baseline,train,1,384,384,151,17.062559415469106,6.035380065441132,5.925198085606098,49.643405713140965,33.624355661871185,5.895094946026802,248.6898945644498,2.576446471735835,ch32_scale_affine_20260927,torchvision.transforms.GaussianBlur,"{""kernel_size"": 11, ""sigma"": [0.1, 2.0]}",torch.manual_seed/random.seed(base_seed + 100000*block_id + call_index); set outside the timing window,20360927,"0,1,2,3",4,147456.0,147875.0,147456.0,torch.uint8,"[1, 384, 384]",True,Tensor,147456.0,147878.0,147456.0,torch.uint8,"[1, 384, 384]",True,uint8:1ch
blur,blur:uint8:1ch:v3,uint8:1ch,v3,,round1_20260927,baseline,validation,1,448,448,101,25.77104626942684,13.61461728811264,8.170293644070625,72.33129814267159,40.580074030102615,8.088326081633568,208.28445442020893,2.602875673212111,ch32_scale_affine_20260927,torchvision.transforms.GaussianBlur,"{""kernel_size"": 11, ""sigma"": [0.1, 2.0]}",torch.manual_seed/random.seed(base_seed + 100000*block_id + call_index); set outside the timing window,20360927,"0,1,2,3",4,200704.0,201123.0,200704.0,torch.uint8,"[1, 448, 448]",True,Tensor,200704.0,201126.0,200704.0,torch.uint8,"[1, 448, 448]",True,uint8:1ch
blur,blur:uint8:1ch:t7,uint8:1ch,t7,,round1_20260927,baseline,train,1,512,512,77,33.14556780138186,10.571874678134918,10.476806201040745,107.50816091895132,57.82771879990519,10.459423996508121,263.52303195744753,2.5522087207064033,ch32_scale_affine_20260927,torchvision.transforms.GaussianBlur,"{""kernel_size"": 11, ""sigma"": [0.1, 2.0]}",torch.manual_seed/random.seed(base_seed + 100000*block_id + call_index); set outside the timing window,20360927,"0,1,2,3",4,262144.0,262563.0,262144.0,torch.uint8,"[1, 512, 512]",True,Tensor,262144.0,262566.0,262144.0,torch.uint8,"[1, 512, 512]",True,uint8:1ch
jitter,jitter:float32:3ch:t0,float32:3ch,t0,,round1_20260927,baseline,train,1,64,64,400,1.4165820460766554,1.4063590206205845,1.3405265286564827,1.4808262698352337,0.08403386085884487,1.2971898540854454,2.0061032846570015,0.5666328184306622,ch32_scale_affine_20260927,torchvision.transforms.ColorJitter,"{""brightness"": 0.1, ""contrast"": 0.1, ""hue"": 0.1, ""saturation"": 0.1}",torch.manual_seed/random.seed(base_seed + 100000*block_id + call_index); set outside the timing window,20360927,"0,1,2,3",4,12288.0,49559.0,49152.0,torch.float32,"[3, 64, 64]",True,Tensor,12288.0,49558.0,49152.0,torch.float32,"[3, 64, 64]",False,float32:3ch
jitter,jitter:float32:3ch:v0,float32:3ch,v0,,round1_20260927,baseline,validation,1,80,80,400,1.782195649575442,1.6000126488506794,1.5104743652045727,1.707062404602766,0.8851773716753472,1.4884639531373978,6.882254034280777,0.7128782598301768,ch32_scale_affine_20260927,torchvision.transforms.ColorJitter,"{""brightness"": 0.1, ""contrast"": 0.1, ""hue"": 0.1, ""saturation"": 0.1}",torch.manual_seed/random.seed(base_seed + 100000*block_id + call_index); set outside the timing window,20360927,"0,1,2,3",4,19200.0,77216.0,76800.0,torch.float32,"[3, 80, 80]",True,Tensor,19200.0,77215.0,76800.0,torch.float32,"[3, 80, 80]",False,float32:3ch
jitter,jitter:float32:3ch:t1,float32:3ch,t1,,round1_20260927,baseline,train,1,96,96,400,2.084250426851213,2.063487656414509,1.9311831332743168,2.2027171216905117,0.1900389082329401,1.863059587776661,4.7129616141319275,0.8337001707404852,ch32_scale_affine_20260927,torchvision.transforms.ColorJitter,"{""brightness"": 0.1, ""contrast"": 0.1, ""hue"": 0.1, ""saturation"": 0.1}",torch.manual_seed/random.seed(base_seed + 100000*block_id + call_index); set outside the timing window,20360927,"0,1,2,3",4,27648.0,111008.0,110592.0,torch.float32,"[3, 96, 96]",True,Tensor,27648.0,111008.0,110592.0,torch.float32,"[3, 96, 96]",False,float32:3ch
jitter,jitter:float32:3ch:t2,float32:3ch,t2,,round1_20260927,baseline,train,1,144,144,400,3.216042199637741,3.213135525584221,3.0402750708162785,3.3973747864365578,0.16235053220519352,2.9915058985352516,4.295048303902149,1.2864168798550963,ch32_scale_affine_20260927,torchvision.transforms.ColorJitter,"{""brightness"": 0.1, ""contrast"": 0.1, ""hue"": 0.1, ""saturation"": 0.1}",torch.manual_seed/random.seed(base_seed + 100000*block_id + call_index); set outside the timing window,20360927,"0,1,2,3",4,62208.0,249248.0,248832.0,torch.float32,"[3, 144, 144]",True,Tensor,62208.0,249248.0,248832.0,torch.float32,"[3, 144, 144]",False,float32:3ch
jitter,jitter:float32:3ch:v1,float32:3ch,v1,,round1_20260927,baseline,validation,1,160,160,366,4.1069203575492885,4.020147491246462,3.747405018657446,4.385995678603649,0.5072408058275838,3.54708731174469,8.29858798533678,1.5031328508630395,ch32_scale_affine_20260927,torchvision.transforms.ColorJitter,"{""brightness"": 0.1, ""contrast"": 0.1, ""hue"": 0.1, ""saturation"": 0.1}",torch.manual_seed/random.seed(base_seed + 100000*block_id + call_index); set outside the timing window,20360927,"0,1,2,3",4,76800.0,307618.0,307200.0,torch.float32,"[3, 160, 160]",True,Tensor,76800.0,307618.0,307200.0,torch.float32,"[3, 160, 160]",False,float32:3ch
jitter,jitter:float32:3ch:t3,float32:3ch,t3,,round1_20260927,baseline,train,1,192,192,285,5.270696774517235,5.246611312031746,4.977978020906448,5.575220473110676,0.26582305001169076,4.888412542641163,6.7176418378949165,1.502148580737412,ch32_scale_affine_20260927,torchvision.transforms.ColorJitter,"{""brightness"": 0.1, ""contrast"": 0.1, ""hue"": 0.1, ""saturation"": 0.1}",torch.manual_seed/random.seed(base_seed + 100000*block_id + call_index); set outside the timing window,20360927,"0,1,2,3",4,110592.0,442786.0,442368.0,torch.float32,"[3, 192, 192]",True,Tensor,110592.0,442786.0,442368.0,torch.float32,"[3, 192, 192]",False,float32:3ch
jitter,jitter:float32:3ch:t4,float32:3ch,t4,,round1_20260927,baseline,train,1,224,224,215,6.97812347911125,6.968898698687553,6.583563610911369,7.340352609753609,0.4402484728931389,6.447232328355312,10.959397070109844,1.5002965480089188,ch32_scale_affine_20260927,torchvision.transforms.ColorJitter,"{""brightness"": 0.1, ""contrast"": 0.1, ""hue"": 0.1, ""saturation"": 0.1}",torch.manual_seed/random.seed(base_seed + 100000*block_id + call_index); set outside the timing window,20360927,"0,1,2,3",4,150528.0,602530.0,602112.0,torch.float32,"[3, 224, 224]",True,Tensor,150528.0,602530.0,602112.0,torch.float32,"[3, 224, 224]",False,float32:3ch
jitter,jitter:float32:3ch:v2,float32:3ch,v2,,round1_20260927,baseline,validation,1,256,256,160,9.401210461510345,9.360041934996843,8.91135036945343,9.997237008064985,0.47971439083498557,8.786939084529877,11.983836069703102,1.5041936738416553,ch32_scale_affine_20260927,torchvision.transforms.ColorJitter,"{""brightness"": 0.1, ""contrast"": 0.1, ""hue"": 0.1, ""saturation"": 0.1}",torch.manual_seed/random.seed(base_seed + 100000*block_id + call_index); set outside the timing window,20360927,"0,1,2,3",4,196608.0,786855.0,786432.0,torch.float32,"[3, 256, 256]",True,Tensor,196608.0,786852.0,786432.0,torch.float32,"[3, 256, 256]",False,float32:3ch
jitter,jitter:float32:3ch:t5,float32:3ch,t5,,round1_20260927,baseline,train,1,288,288,131,11.498035806167216,11.450907215476036,10.873755440115929,12.174796313047409,0.5681795531497957,10.725392960011959,14.277094043791294,1.5062426906079054,ch32_scale_affine_20260927,torchvision.transforms.ColorJitter,"{""brightness"": 0.1, ""contrast"": 0.1, ""hue"": 0.1, ""saturation"": 0.1}",torch.manual_seed/random.seed(base_seed + 100000*block_id + call_index); set outside the timing window,20360927,"0,1,2,3",4,248832.0,995751.0,995328.0,torch.float32,"[3, 288, 288]",True,Tensor,248832.0,995748.0,995328.0,torch.float32,"[3, 288, 288]",False,float32:3ch
jitter,jitter:float32:3ch:t6,float32:3ch,t6,,round1_20260927,baseline,train,1,384,384,65,23.430900576596077,23.22122547775507,21.730852499604225,24.629930965602398,1.8373190246784876,20.798063836991787,35.300375893712044,1.523008537478745,ch32_scale_affine_20260927,torchvision.transforms.ColorJitter,"{""brightness"": 0.1, ""contrast"": 0.1, ""hue"": 0.1, ""saturation"": 0.1}",torch.manual_seed/random.seed(base_seed + 100000*block_id + call_index); set outside the timing window,20360927,"0,1,2,3",4,442368.0,1769895.0,1769472.0,torch.float32,"[3, 384, 384]",True,Tensor,442368.0,1769892.0,1769472.0,torch.float32,"[3, 384, 384]",False,float32:3ch
jitter,jitter:float32:3ch:v3,float32:3ch,v3,,round1_20260927,baseline,validation,1,448,448,35,43.930926440017565,45.26803456246853,36.910565197467804,47.75700829923153,5.031033038404963,29.249113984405994,52.701544016599655,1.5375824254006147,ch32_scale_affine_20260927,torchvision.transforms.ColorJitter,"{""brightness"": 0.1, ""contrast"": 0.1, ""hue"": 0.1, ""saturation"": 0.1}",torch.manual_seed/random.seed(base_seed + 100000*block_id + call_index); set outside the timing window,20360927,"0,1,2,3",4,602112.0,2408871.0,2408448.0,torch.float32,"[3, 448, 448]",True,Tensor,602112.0,2408868.0,2408448.0,torch.float32,"[3, 448, 448]",False,float32:3ch
jitter,jitter:float32:3ch:t7,float32:3ch,t7,,round1_20260927,baseline,train,1,512,512,27,56.21616563035382,59.88297052681446,46.64923828095198,62.40685731172562,6.788677398353128,44.3784948438406,64.75976947695017,1.5178364720195532,ch32_scale_affine_20260927,torchvision.transforms.ColorJitter,"{""brightness"": 0.1, ""contrast"": 0.1, ""hue"": 0.1, ""saturation"": 0.1}",torch.manual_seed/random.seed(base_seed + 100000*block_id + call_index); set outside the timing window,20360927,"0,1,2,3",4,786432.0,3146151.0,3145728.0,torch.float32,"[3, 512, 512]",True,Tensor,786432.0,3146148.0,3145728.0,torch.float32,"[3, 512, 512]",False,float32:3ch
jitter,jitter:float32:1ch:t0,float32:1ch,t0,,round1_20260927,baseline,train,1,64,64,400,0.2723348024301231,0.27005095034837723,0.26182839646935463,0.28144344687461853,0.01473781760475225,0.2555921673774719,0.372985377907753,0.10893392097204924,ch32_scale_affine_20260927,torchvision.transforms.ColorJitter,"{""brightness"": 0.1, ""contrast"": 0.1, ""hue"": 0.1, ""saturation"": 0.1}",torch.manual_seed/random.seed(base_seed + 100000*block_id + call_index); set outside the timing window,20360927,"0,1,2,3",4,4096.0,16790.0,16384.0,torch.float32,"[1, 64, 64]",True,Tensor,4096.0,16791.0,16384.0,torch.float32,"[1, 64, 64]",True,float32:1ch
jitter,jitter:float32:1ch:v0,float32:1ch,v0,,round1_20260927,baseline,validation,1,80,80,400,0.26894443668425083,0.26635127142071724,0.25809574872255325,0.2778952941298485,0.01497182379336499,0.25247037410736084,0.3694165498018265,0.10757777467370033,ch32_scale_affine_20260927,torchvision.transforms.ColorJitter,"{""brightness"": 0.1, ""contrast"": 0.1, ""hue"": 0.1, ""saturation"": 0.1}",torch.manual_seed/random.seed(base_seed + 100000*block_id + call_index); set outside the timing window,20360927,"0,1,2,3",4,6400.0,26006.0,25600.0,torch.float32,"[1, 80, 80]",True,Tensor,6400.0,26007.0,25600.0,torch.float32,"[1, 80, 80]",True,float32:1ch
jitter,jitter:float32:1ch:t1,float32:1ch,t1,,round1_20260927,baseline,train,1,96,96,400,0.29296063585206866,0.28424104675650597,0.2705441787838936,0.32007424160838127,0.027467128436234427,0.2627512440085411,0.4554353654384613,0.11718425434082747,ch32_scale_affine_20260927,torchvision.transforms.ColorJitter,"{""brightness"": 0.1, ""contrast"": 0.1, ""hue"": 0.1, ""saturation"": 0.1}",torch.manual_seed/random.seed(base_seed + 100000*block_id + call_index); set outside the timing window,20360927,"0,1,2,3",4,9216.0,37270.0,36864.0,torch.float32,"[1, 96, 96]",True,Tensor,9216.0,37271.0,36864.0,torch.float32,"[1, 96, 96]",True,float32:1ch
jitter,jitter:float32:1ch:t2,float32:1ch,t2,,round1_20260927,baseline,train,1,144,144,400,0.2992533450014889,0.2970700152218342,0.28907833620905876,0.30871108174324036,0.014835619570351306,0.2823900431394577,0.4054941236972809,0.11970133800059557,ch32_scale_affine_20260927,torchvision.transforms.ColorJitter,"{""brightness"": 0.1, ""contrast"": 0.1, ""hue"": 0.1, ""saturation"": 0.1}",torch.manual_seed/random.seed(base_seed + 100000*block_id + call_index); set outside the timing window,20360927,"0,1,2,3",4,20736.0,83359.0,82944.0,torch.float32,"[1, 144, 144]",True,Tensor,20736.0,83360.0,82944.0,torch.float32,"[1, 144, 144]",True,float32:1ch
jitter,jitter:float32:1ch:v1,float32:1ch,v1,,round1_20260927,baseline,validation,1,160,160,400,0.3100071963854134,0.30691130086779594,0.29519638046622276,0.32250555232167244,0.01881729724373772,0.2844110131263733,0.4299422726035118,0.12400287855416536,ch32_scale_affine_20260927,torchvision.transforms.ColorJitter,"{""brightness"": 0.1, ""contrast"": 0.1, ""hue"": 0.1, ""saturation"": 0.1}",torch.manual_seed/random.seed(base_seed + 100000*block_id + call_index); set outside the timing window,20360927,"0,1,2,3",4,25600.0,102815.0,102400.0,torch.float32,"[1, 160, 160]",True,Tensor,25600.0,102816.0,102400.0,torch.float32,"[1, 160, 160]",True,float32:1ch
jitter,jitter:float32:1ch:t3,float32:1ch,t3,,round1_20260927,baseline,train,1,192,192,400,0.34647676860913634,0.3422563895583153,0.329681858420372,0.3636356443166733,0.021140318763093722,0.31948648393154144,0.49027707427740097,0.13859070744365454,ch32_scale_affine_20260927,torchvision.transforms.ColorJitter,"{""brightness"": 0.1, ""contrast"": 0.1, ""hue"": 0.1, ""saturation"": 0.1}",torch.manual_seed/random.seed(base_seed + 100000*block_id + call_index); set outside the timing window,20360927,"0,1,2,3",4,36864.0,147871.0,147456.0,torch.float32,"[1, 192, 192]",True,Tensor,36864.0,147872.0,147456.0,torch.float32,"[1, 192, 192]",True,float32:1ch
jitter,jitter:float32:1ch:t4,float32:1ch,t4,,round1_20260927,baseline,train,1,224,224,400,0.38472964661195874,0.3788759931921959,0.36400696262717247,0.4057609476149082,0.031882999088600275,0.34381356090307236,0.8081374689936638,0.1538918586447835,ch32_scale_affine_20260927,torchvision.transforms.ColorJitter,"{""brightness"": 0.1, ""contrast"": 0.1, ""hue"": 0.1, ""saturation"": 0.1}",torch.manual_seed/random.seed(base_seed + 100000*block_id + call_index); set outside the timing window,20360927,"0,1,2,3",4,50176.0,201119.0,200704.0,torch.float32,"[1, 224, 224]",True,Tensor,50176.0,201120.0,200704.0,torch.float32,"[1, 224, 224]",True,float32:1ch
jitter,jitter:float32:1ch:v2,float32:1ch,v2,,round1_20260927,baseline,validation,1,256,256,400,0.4465163149870932,0.41756918653845787,0.4015509970486164,0.5241033621132374,0.060071093354858454,0.39239972829818726,0.7385704666376114,0.17860652599483728,ch32_scale_affine_20260927,torchvision.transforms.ColorJitter,"{""brightness"": 0.1, ""contrast"": 0.1, ""hue"": 0.1, ""saturation"": 0.1}",torch.manual_seed/random.seed(base_seed + 100000*block_id + call_index); set outside the timing window,20360927,"0,1,2,3",4,65536.0,262564.0,262144.0,torch.float32,"[1, 256, 256]",True,Tensor,65536.0,262567.0,262144.0,torch.float32,"[1, 256, 256]",True,float32:1ch
jitter,jitter:float32:1ch:t5,float32:1ch,t5,,round1_20260927,baseline,train,1,288,288,400,0.48415546538308263,0.4687020555138588,0.4487692378461361,0.5204639397561551,0.0597481477346061,0.4329681396484375,0.8711116388440132,0.19366218615323305,ch32_scale_affine_20260927,torchvision.transforms.ColorJitter,"{""brightness"": 0.1, ""contrast"": 0.1, ""hue"": 0.1, ""saturation"": 0.1}",torch.manual_seed/random.seed(base_seed + 100000*block_id + call_index); set outside the timing window,20360927,"0,1,2,3",4,82944.0,332196.0,331776.0,torch.float32,"[1, 288, 288]",True,Tensor,82944.0,332199.0,331776.0,torch.float32,"[1, 288, 288]",True,float32:1ch
jitter,jitter:float32:1ch:t6,float32:1ch,t6,,round1_20260927,baseline,train,1,384,384,400,0.7162558101117611,0.6918776780366898,0.668073259294033,0.7961361669003963,0.0659698418813504,0.6494307890534401,1.1345604434609413,0.28650232404470444,ch32_scale_affine_20260927,torchvision.transforms.ColorJitter,"{""brightness"": 0.1, ""contrast"": 0.1, ""hue"": 0.1, ""saturation"": 0.1}",torch.manual_seed/random.seed(base_seed + 100000*block_id + call_index); set outside the timing window,20360927,"0,1,2,3",4,147456.0,590244.0,589824.0,torch.float32,"[1, 384, 384]",True,Tensor,147456.0,590247.0,589824.0,torch.float32,"[1, 384, 384]",True,float32:1ch
jitter,jitter:float32:1ch:v3,float32:1ch,v3,,round1_20260927,baseline,validation,1,448,448,400,0.9381592320278287,0.9295730851590633,0.8859382942318916,1.0119978338479996,0.050714115515605195,0.8629569783806801,1.1851629242300987,0.3752636928111315,ch32_scale_affine_20260927,torchvision.transforms.ColorJitter,"{""brightness"": 0.1, ""contrast"": 0.1, ""hue"": 0.1, ""saturation"": 0.1}",torch.manual_seed/random.seed(base_seed + 100000*block_id + call_index); set outside the timing window,20360927,"0,1,2,3",4,200704.0,803236.0,802816.0,torch.float32,"[1, 448, 448]",True,Tensor,200704.0,803239.0,802816.0,torch.float32,"[1, 448, 448]",True,float32:1ch
jitter,jitter:float32:1ch:t7,float32:1ch,t7,,round1_20260927,baseline,train,1,512,512,400,1.1903209099546075,1.1746762320399284,1.131018903106451,1.2751011177897453,0.06643980107450229,1.08250230550766,1.5606321394443512,0.476128363981843,ch32_scale_affine_20260927,torchvision.transforms.ColorJitter,"{""brightness"": 0.1, ""contrast"": 0.1, ""hue"": 0.1, ""saturation"": 0.1}",torch.manual_seed/random.seed(base_seed + 100000*block_id + call_index); set outside the timing window,20360927,"0,1,2,3",4,262144.0,1048996.0,1048576.0,torch.float32,"[1, 512, 512]",True,Tensor,262144.0,1048999.0,1048576.0,torch.float32,"[1, 512, 512]",True,float32:1ch
jitter,jitter:uint8:3ch:t0,uint8:3ch,t0,,round1_20260927,baseline,train,1,64,64,400,1.6754718194715679,1.6592219471931458,1.6072808764874935,1.722201518714428,0.0947366964672422,1.5575727447867393,2.48646829277277,0.6701887277886271,ch32_scale_affine_20260927,torchvision.transforms.ColorJitter,"{""brightness"": 0.1, ""contrast"": 0.1, ""hue"": 0.1, ""saturation"": 0.1}",torch.manual_seed/random.seed(base_seed + 100000*block_id + call_index); set outside the timing window,20360927,"0,1,2,3",4,12288.0,12694.0,12288.0,torch.uint8,"[3, 64, 64]",True,Tensor,12288.0,12693.0,12288.0,torch.uint8,"[3, 64, 64]",False,uint8:3ch
jitter,jitter:uint8:3ch:v0,uint8:3ch,v0,,round1_20260927,baseline,validation,1,80,80,400,1.7790083750151098,1.769722905009985,1.7016545869410038,1.8104132264852524,0.22806511785483743,1.674724742770195,6.097097881138325,0.7116033500060439,ch32_scale_affine_20260927,torchvision.transforms.ColorJitter,"{""brightness"": 0.1, ""contrast"": 0.1, ""hue"": 0.1, ""saturation"": 0.1}",torch.manual_seed/random.seed(base_seed + 100000*block_id + call_index); set outside the timing window,20360927,"0,1,2,3",4,19200.0,19606.0,19200.0,torch.uint8,"[3, 80, 80]",True,Tensor,19200.0,19605.0,19200.0,torch.uint8,"[3, 80, 80]",False,uint8:3ch
jitter,jitter:uint8:3ch:t1,uint8:3ch,t1,,round1_20260927,baseline,train,1,96,96,400,2.3036139737814665,2.296128775924444,2.2050884552299976,2.3832972161471844,0.10154790500025039,2.1403906866908073,3.0262181535363197,0.9214455895125866,ch32_scale_affine_20260927,torchvision.transforms.ColorJitter,"{""brightness"": 0.1, ""contrast"": 0.1, ""hue"": 0.1, ""saturation"": 0.1}",torch.manual_seed/random.seed(base_seed + 100000*block_id + call_index); set outside the timing window,20360927,"0,1,2,3",4,27648.0,28054.0,27648.0,torch.uint8,"[3, 96, 96]",True,Tensor,27648.0,28054.0,27648.0,torch.uint8,"[3, 96, 96]",False,uint8:3ch
jitter,jitter:uint8:3ch:t2,uint8:3ch,t2,,round1_20260927,baseline,train,1,144,144,400,3.740549860522151,3.722009714692831,3.478514216840267,3.9486360736191273,0.20954783761039616,3.3886870369315147,4.917984828352928,1.4962199442088604,ch32_scale_affine_20260927,torchvision.transforms.ColorJitter,"{""brightness"": 0.1, ""contrast"": 0.1, ""hue"": 0.1, ""saturation"": 0.1}",torch.manual_seed/random.seed(base_seed + 100000*block_id + call_index); set outside the timing window,20360927,"0,1,2,3",4,62208.0,62614.0,62208.0,torch.uint8,"[3, 144, 144]",True,Tensor,62208.0,62614.0,62208.0,torch.uint8,"[3, 144, 144]",False,uint8:3ch
jitter,jitter:uint8:3ch:v1,uint8:3ch,v1,,round1_20260927,baseline,validation,1,160,160,343,4.380920402292955,4.317364655435085,4.141224175691605,4.474275559186935,0.6086830115326562,4.060691222548485,9.603184647858143,1.5026556979864836,ch32_scale_affine_20260927,torchvision.transforms.ColorJitter,"{""brightness"": 0.1, ""contrast"": 0.1, ""hue"": 0.1, ""saturation"": 0.1}",torch.manual_seed/random.seed(base_seed + 100000*block_id + call_index); set outside the timing window,20360927,"0,1,2,3",4,76800.0,77217.0,76800.0,torch.uint8,"[3, 160, 160]",True,Tensor,76800.0,77217.0,76800.0,torch.uint8,"[3, 160, 160]",False,uint8:3ch
jitter,jitter:uint8:3ch:t3,uint8:3ch,t3,,round1_20260927,baseline,train,1,192,192,246,6.106542090211457,6.055284757167101,5.737207364290953,6.474411115050316,0.3270877949867611,5.612661130726337,7.582581602036953,1.5022093541920185,ch32_scale_affine_20260927,torchvision.transforms.ColorJitter,"{""brightness"": 0.1, ""contrast"": 0.1, ""hue"": 0.1, ""saturation"": 0.1}",torch.manual_seed/random.seed(base_seed + 100000*block_id + call_index); set outside the timing window,20360927,"0,1,2,3",4,110592.0,111009.0,110592.0,torch.uint8,"[3, 192, 192]",True,Tensor,110592.0,111009.0,110592.0,torch.uint8,"[3, 192, 192]",False,uint8:3ch
jitter,jitter:uint8:3ch:t4,uint8:3ch,t4,,round1_20260927,baseline,train,1,224,224,188,7.980330619326931,7.946131285279989,7.601629663258791,8.316071145236492,0.3711463398052829,7.489926181733608,10.121733881533146,1.500302156433463,ch32_scale_affine_20260927,torchvision.transforms.ColorJitter,"{""brightness"": 0.1, ""contrast"": 0.1, ""hue"": 0.1, ""saturation"": 0.1}",torch.manual_seed/random.seed(base_seed + 100000*block_id + call_index); set outside the timing window,20360927,"0,1,2,3",4,150528.0,150945.0,150528.0,torch.uint8,"[3, 224, 224]",True,Tensor,150528.0,150945.0,150528.0,torch.uint8,"[3, 224, 224]",False,uint8:3ch
jitter,jitter:uint8:3ch:v2,uint8:3ch,v2,,round1_20260927,baseline,validation,1,256,256,140,10.76686840637454,10.72643930092454,10.24052919819951,11.226480454206467,0.5540010237546911,10.10721642524004,14.133092015981674,1.5073615768924356,ch32_scale_affine_20260927,torchvision.transforms.ColorJitter,"{""brightness"": 0.1, ""contrast"": 0.1, ""hue"": 0.1, ""saturation"": 0.1}",torch.manual_seed/random.seed(base_seed + 100000*block_id + call_index); set outside the timing window,20360927,"0,1,2,3",4,196608.0,197030.0,196608.0,torch.uint8,"[3, 256, 256]",True,Tensor,196608.0,197027.0,196608.0,torch.uint8,"[3, 256, 256]",False,uint8:3ch
jitter,jitter:uint8:3ch:t5,uint8:3ch,t5,,round1_20260927,baseline,train,1,288,288,99,15.209730874483634,15.300081111490726,12.525776959955692,18.347166292369366,2.274833937302675,12.322775088250637,20.24343889206648,1.5057633565738797,ch32_scale_affine_20260927,torchvision.transforms.ColorJitter,"{""brightness"": 0.1, ""contrast"": 0.1, ""hue"": 0.1, ""saturation"": 0.1}",torch.manual_seed/random.seed(base_seed + 100000*block_id + call_index); set outside the timing window,20360927,"0,1,2,3",4,248832.0,249254.0,248832.0,torch.uint8,"[3, 288, 288]",True,Tensor,248832.0,249251.0,248832.0,torch.uint8,"[3, 288, 288]",False,uint8:3ch
jitter,jitter:uint8:3ch:t6,uint8:3ch,t6,,round1_20260927,baseline,train,1,384,384,53,28.30903901595552,27.951386757194996,26.54052898287773,30.138476006686687,1.7102490216515425,25.924009270966053,34.722394309937954,1.5003790678456426,ch32_scale_affine_20260927,torchvision.transforms.ColorJitter,"{""brightness"": 0.1, ""contrast"": 0.1, ""hue"": 0.1, ""saturation"": 0.1}",torch.manual_seed/random.seed(base_seed + 100000*block_id + call_index); set outside the timing window,20360927,"0,1,2,3",4,442368.0,442790.0,442368.0,torch.uint8,"[3, 384, 384]",True,Tensor,442368.0,442787.0,442368.0,torch.uint8,"[3, 384, 384]",False,uint8:3ch
jitter,jitter:uint8:3ch:v3,uint8:3ch,v3,,round1_20260927,baseline,validation,1,448,448,30,50.21759516869982,50.21768296137452,48.6449271440506,51.47876348346472,1.1572104132565493,48.15808683633804,53.15954517573118,1.5065278550609946,ch32_scale_affine_20260927,torchvision.transforms.ColorJitter,"{""brightness"": 0.1, ""contrast"": 0.1, ""hue"": 0.1, ""saturation"": 0.1}",torch.manual_seed/random.seed(base_seed + 100000*block_id + call_index); set outside the timing window,20360927,"0,1,2,3",4,602112.0,602534.0,602112.0,torch.uint8,"[3, 448, 448]",True,Tensor,602112.0,602531.0,602112.0,torch.uint8,"[3, 448, 448]",False,uint8:3ch
jitter,jitter:uint8:3ch:t7,uint8:3ch,t7,,round1_20260927,baseline,train,1,512,512,26,59.110409221970116,57.05952923744917,54.80403872206807,67.37455166876316,5.099185986943065,53.256322629749775,72.40115385502577,1.536870639771223,ch32_scale_affine_20260927,torchvision.transforms.ColorJitter,"{""brightness"": 0.1, ""contrast"": 0.1, ""hue"": 0.1, ""saturation"": 0.1}",torch.manual_seed/random.seed(base_seed + 100000*block_id + call_index); set outside the timing window,20360927,"0,1,2,3",4,786432.0,786854.0,786432.0,torch.uint8,"[3, 512, 512]",True,Tensor,786432.0,786851.0,786432.0,torch.uint8,"[3, 512, 512]",False,uint8:3ch
jitter,jitter:uint8:1ch:t0,uint8:1ch,t0,,round1_20260927,baseline,train,1,64,64,400,0.29375251149758697,0.29037613421678543,0.27946727350354195,0.307465810328722,0.018763222682562784,0.27482956647872925,0.427798368036747,0.11750100459903479,ch32_scale_affine_20260927,torchvision.transforms.ColorJitter,"{""brightness"": 0.1, ""contrast"": 0.1, ""hue"": 0.1, ""saturation"": 0.1}",torch.manual_seed/random.seed(base_seed + 100000*block_id + call_index); set outside the timing window,20360927,"0,1,2,3",4,4096.0,4501.0,4096.0,torch.uint8,"[1, 64, 64]",True,Tensor,4096.0,4502.0,4096.0,torch.uint8,"[1, 64, 64]",True,uint8:1ch
jitter,jitter:uint8:1ch:v0,uint8:1ch,v0,,round1_20260927,baseline,validation,1,80,80,400,0.30532142613083124,0.30165351927280426,0.2838338725268841,0.325755774974823,0.023590563716604774,0.2755969762802124,0.4441887140274048,0.1221285704523325,ch32_scale_affine_20260927,torchvision.transforms.ColorJitter,"{""brightness"": 0.1, ""contrast"": 0.1, ""hue"": 0.1, ""saturation"": 0.1}",torch.manual_seed/random.seed(base_seed + 100000*block_id + call_index); set outside the timing window,20360927,"0,1,2,3",4,6400.0,6805.0,6400.0,torch.uint8,"[1, 80, 80]",True,Tensor,6400.0,6806.0,6400.0,torch.uint8,"[1, 80, 80]",True,uint8:1ch
jitter,jitter:uint8:1ch:t1,uint8:1ch,t1,,round1_20260927,baseline,train,1,96,96,400,0.3087309468537569,0.3060409799218178,0.29813311994075775,0.31723249703645706,0.015978293552322047,0.2868594601750374,0.4196884110569954,0.12349237874150276,ch32_scale_affine_20260927,torchvision.transforms.ColorJitter,"{""brightness"": 0.1, ""contrast"": 0.1, ""hue"": 0.1, ""saturation"": 0.1}",torch.manual_seed/random.seed(base_seed + 100000*block_id + call_index); set outside the timing window,20360927,"0,1,2,3",4,9216.0,9621.0,9216.0,torch.uint8,"[1, 96, 96]",True,Tensor,9216.0,9622.0,9216.0,torch.uint8,"[1, 96, 96]",True,uint8:1ch
jitter,jitter:uint8:1ch:t2,uint8:1ch,t2,,round1_20260927,baseline,train,1,144,144,400,0.3396931616589427,0.3371243365108967,0.3286621533334255,0.3484567627310753,0.016899017222969,0.32342132180929184,0.4547480493783951,0.13587726466357708,ch32_scale_affine_20260927,torchvision.transforms.ColorJitter,"{""brightness"": 0.1, ""contrast"": 0.1, ""hue"": 0.1, ""saturation"": 0.1}",torch.manual_seed/random.seed(base_seed + 100000*block_id + call_index); set outside the timing window,20360927,"0,1,2,3",4,20736.0,21141.0,20736.0,torch.uint8,"[1, 144, 144]",True,Tensor,20736.0,21142.0,20736.0,torch.uint8,"[1, 144, 144]",True,uint8:1ch
jitter,jitter:uint8:1ch:v1,uint8:1ch,v1,,round1_20260927,baseline,validation,1,160,160,400,0.3564607514999807,0.3461581654846668,0.3346076235175133,0.39956048130989075,0.03207653220734872,0.32725464552640915,0.5611283704638481,0.14258430059999228,ch32_scale_affine_20260927,torchvision.transforms.ColorJitter,"{""brightness"": 0.1, ""contrast"": 0.1, ""hue"": 0.1, ""saturation"": 0.1}",torch.manual_seed/random.seed(base_seed + 100000*block_id + call_index); set outside the timing window,20360927,"0,1,2,3",4,25600.0,26005.0,25600.0,torch.uint8,"[1, 160, 160]",True,Tensor,25600.0,26006.0,25600.0,torch.uint8,"[1, 160, 160]",True,uint8:1ch
jitter,jitter:uint8:1ch:t3,uint8:1ch,t3,,round1_20260927,baseline,train,1,192,192,400,0.39528333116322756,0.3905976191163063,0.3734917379915714,0.41609760373830795,0.025773948975716277,0.3670519217848778,0.5638971924781799,0.15811333246529102,ch32_scale_affine_20260927,torchvision.transforms.ColorJitter,"{""brightness"": 0.1, ""contrast"": 0.1, ""hue"": 0.1, ""saturation"": 0.1}",torch.manual_seed/random.seed(base_seed + 100000*block_id + call_index); set outside the timing window,20360927,"0,1,2,3",4,36864.0,37269.0,36864.0,torch.uint8,"[1, 192, 192]",True,Tensor,36864.0,37270.0,36864.0,torch.uint8,"[1, 192, 192]",True,uint8:1ch
jitter,jitter:uint8:1ch:t4,uint8:1ch,t4,,round1_20260927,baseline,train,1,224,224,400,0.4390088841319084,0.4313723184168339,0.4139179363846779,0.46715177595615387,0.029605499825401015,0.40209293365478516,0.6197681650519371,0.17560355365276337,ch32_scale_affine_20260927,torchvision.transforms.ColorJitter,"{""brightness"": 0.1, ""contrast"": 0.1, ""hue"": 0.1, ""saturation"": 0.1}",torch.manual_seed/random.seed(base_seed + 100000*block_id + call_index); set outside the timing window,20360927,"0,1,2,3",4,50176.0,50581.0,50176.0,torch.uint8,"[1, 224, 224]",True,Tensor,50176.0,50582.0,50176.0,torch.uint8,"[1, 224, 224]",True,uint8:1ch
jitter,jitter:uint8:1ch:v2,uint8:1ch,v2,,round1_20260927,baseline,validation,1,256,256,400,0.558283997233957,0.5533597432076931,0.5357997491955757,0.581712368875742,0.025704667257486023,0.5070976912975311,0.7169432938098907,0.22331359889358282,ch32_scale_affine_20260927,torchvision.transforms.ColorJitter,"{""brightness"": 0.1, ""contrast"": 0.1, ""hue"": 0.1, ""saturation"": 0.1}",torch.manual_seed/random.seed(base_seed + 100000*block_id + call_index); set outside the timing window,20360927,"0,1,2,3",4,65536.0,65955.0,65536.0,torch.uint8,"[1, 256, 256]",True,Tensor,65536.0,65958.0,65536.0,torch.uint8,"[1, 256, 256]",True,uint8:1ch
jitter,jitter:uint8:1ch:t5,uint8:1ch,t5,,round1_20260927,baseline,train,1,288,288,400,0.6121989851817489,0.6083603948354721,0.5657295696437359,0.6554157473146915,0.04664778089482155,0.5487613379955292,0.8955067023634911,0.24487959407269955,ch32_scale_affine_20260927,torchvision.transforms.ColorJitter,"{""brightness"": 0.1, ""contrast"": 0.1, ""hue"": 0.1, ""saturation"": 0.1}",torch.manual_seed/random.seed(base_seed + 100000*block_id + call_index); set outside the timing window,20360927,"0,1,2,3",4,82944.0,83363.0,82944.0,torch.uint8,"[1, 288, 288]",True,Tensor,82944.0,83366.0,82944.0,torch.uint8,"[1, 288, 288]",True,uint8:1ch
jitter,jitter:uint8:1ch:t6,uint8:1ch,t6,,round1_20260927,baseline,train,1,384,384,400,0.9280111524276435,0.9103142656385899,0.8830408565700054,0.9965872392058374,0.056649726633670246,0.8607525378465652,1.2861499562859535,0.3712044609710574,ch32_scale_affine_20260927,torchvision.transforms.ColorJitter,"{""brightness"": 0.1, ""contrast"": 0.1, ""hue"": 0.1, ""saturation"": 0.1}",torch.manual_seed/random.seed(base_seed + 100000*block_id + call_index); set outside the timing window,20360927,"0,1,2,3",4,147456.0,147875.0,147456.0,torch.uint8,"[1, 384, 384]",True,Tensor,147456.0,147878.0,147456.0,torch.uint8,"[1, 384, 384]",True,uint8:1ch
jitter,jitter:uint8:1ch:v3,uint8:1ch,v3,,round1_20260927,baseline,validation,1,448,448,400,1.1913809832185507,1.1842786334455013,1.1705654673278332,1.213582418859005,0.038972341620452815,1.1612419039011002,1.706533133983612,0.4765523932874203,ch32_scale_affine_20260927,torchvision.transforms.ColorJitter,"{""brightness"": 0.1, ""contrast"": 0.1, ""hue"": 0.1, ""saturation"": 0.1}",torch.manual_seed/random.seed(base_seed + 100000*block_id + call_index); set outside the timing window,20360927,"0,1,2,3",4,200704.0,201123.0,200704.0,torch.uint8,"[1, 448, 448]",True,Tensor,200704.0,201126.0,200704.0,torch.uint8,"[1, 448, 448]",True,uint8:1ch
jitter,jitter:uint8:1ch:t7,uint8:1ch,t7,,round1_20260927,baseline,train,1,512,512,400,1.6245860210619867,1.568648498505354,1.51421083137393,1.7259808257222176,0.1857449640918262,1.4796853065490723,4.4898902997374535,0.6498344084247947,ch32_scale_affine_20260927,torchvision.transforms.ColorJitter,"{""brightness"": 0.1, ""contrast"": 0.1, ""hue"": 0.1, ""saturation"": 0.1}",torch.manual_seed/random.seed(base_seed + 100000*block_id + call_index); set outside the timing window,20360927,"0,1,2,3",4,262144.0,262563.0,262144.0,torch.uint8,"[1, 512, 512]",True,Tensor,262144.0,262566.0,262144.0,torch.uint8,"[1, 512, 512]",True,uint8:1ch
jitter,jitter:float32:3ch:pair0,float32:3ch,pair0,pair0,round1_20260927,baseline,diagnostic,1,64,64,400,1.4091202151030302,1.3956781476736069,1.3166187331080437,1.4906184747815132,0.09104127824076776,1.2887557968497276,2.0584072917699814,0.5636480860412121,ch32_scale_affine_20260927,torchvision.transforms.ColorJitter,"{""brightness"": 0.1, ""contrast"": 0.1, ""hue"": 0.1, ""saturation"": 0.1}",torch.manual_seed/random.seed(base_seed + 100000*block_id + call_index); set outside the timing window,20360927,"0,1,2,3",4,12288.0,49559.0,49152.0,torch.float32,"[3, 64, 64]",True,Tensor,12288.0,49558.0,49152.0,torch.float32,"[3, 64, 64]",False,float32:3ch
jitter,jitter:float32:1ch:pair0,float32:1ch,pair0,pair0,round1_20260927,baseline,diagnostic,1,128,96,400,0.3072231379337609,0.2982798032462597,0.28200866654515266,0.3380092792212963,0.03075023944692815,0.27123745530843735,0.5089212208986282,0.12288925517350435,ch32_scale_affine_20260927,torchvision.transforms.ColorJitter,"{""brightness"": 0.1, ""contrast"": 0.1, ""hue"": 0.1, ""saturation"": 0.1}",torch.manual_seed/random.seed(base_seed + 100000*block_id + call_index); set outside the timing window,20360927,"0,1,2,3",4,12288.0,49558.0,49152.0,torch.float32,"[1, 128, 96]",True,Tensor,12288.0,49559.0,49152.0,torch.float32,"[1, 128, 96]",True,float32:1ch
jitter,jitter:float32:3ch:pair1,float32:3ch,pair1,pair1,round1_20260927,baseline,diagnostic,1,128,128,400,2.9592090542428195,2.90158623829484,2.742374036461115,3.049115650355816,0.5323242154488749,2.6749856770038605,8.113139308989048,1.1836836216971278,ch32_scale_affine_20260927,torchvision.transforms.ColorJitter,"{""brightness"": 0.1, ""contrast"": 0.1, ""hue"": 0.1, ""saturation"": 0.1}",torch.manual_seed/random.seed(base_seed + 100000*block_id + call_index); set outside the timing window,20360927,"0,1,2,3",4,49152.0,197024.0,196608.0,torch.float32,"[3, 128, 128]",True,Tensor,49152.0,197024.0,196608.0,torch.float32,"[3, 128, 128]",False,float32:3ch
jitter,jitter:float32:1ch:pair1,float32:1ch,pair1,pair1,round1_20260927,baseline,diagnostic,1,256,192,400,0.3837341838516295,0.3781314007937908,0.3633000887930393,0.40491437539458275,0.024485645290031874,0.3519756719470024,0.5359165370464325,0.1534936735406518,ch32_scale_affine_20260927,torchvision.transforms.ColorJitter,"{""brightness"": 0.1, ""contrast"": 0.1, ""hue"": 0.1, ""saturation"": 0.1}",torch.manual_seed/random.seed(base_seed + 100000*block_id + call_index); set outside the timing window,20360927,"0,1,2,3",4,49152.0,197024.0,196608.0,torch.float32,"[1, 256, 192]",True,Tensor,49152.0,197025.0,196608.0,torch.float32,"[1, 256, 192]",True,float32:1ch
crop,crop:float32:3ch:t0,float32:3ch,t0,,round1_20260927,baseline,train,1,96,96,400,1.5661061485297978,1.5624212101101875,1.450212113559246,1.6615641303360462,0.07495904953467712,1.422499306499958,1.849914900958538,0.6264424594119191,ch32_scale_affine_20260927,torchvision.transforms.RandomResizedCrop,"{""ratio"": [0.75, 1.3333333], ""scale"": [0.08, 1.0], ""size"": [244, 244]}",torch.manual_seed/random.seed(base_seed + 100000*block_id + call_index); set outside the timing window,20360927,"0,1,2,3",4,27648.0,111008.0,110592.0,torch.float32,"[3, 96, 96]",True,Tensor,178608.0,714850.0,714432.0,torch.float32,"[3, 244, 244]",True,float32:3ch
crop,crop:float32:3ch:v0,float32:3ch,v0,,round1_20260927,baseline,validation,1,112,112,400,1.5681310673244298,1.5559694729745388,1.538742519915104,1.6129816882312298,0.03257797506841334,1.5238737687468529,1.6983449459075928,0.6272524269297719,ch32_scale_affine_20260927,torchvision.transforms.RandomResizedCrop,"{""ratio"": [0.75, 1.3333333], ""scale"": [0.08, 1.0], ""size"": [244, 244]}",torch.manual_seed/random.seed(base_seed + 100000*block_id + call_index); set outside the timing window,20360927,"0,1,2,3",4,37632.0,150944.0,150528.0,torch.float32,"[3, 112, 112]",True,Tensor,178608.0,714850.0,714432.0,torch.float32,"[3, 244, 244]",True,float32:3ch
crop,crop:float32:3ch:t1,float32:3ch,t1,,round1_20260927,baseline,train,1,128,128,400,1.5713319857604802,1.5628626570105553,1.5304923057556152,1.6338706947863102,0.03948315337453135,1.5056189149618149,1.7154794186353683,0.6285327943041921,ch32_scale_affine_20260927,torchvision.transforms.RandomResizedCrop,"{""ratio"": [0.75, 1.3333333], ""scale"": [0.08, 1.0], ""size"": [244, 244]}",torch.manual_seed/random.seed(base_seed + 100000*block_id + call_index); set outside the timing window,20360927,"0,1,2,3",4,49152.0,197024.0,196608.0,torch.float32,"[3, 128, 128]",True,Tensor,178608.0,714850.0,714432.0,torch.float32,"[3, 244, 244]",True,float32:3ch
crop,crop:float32:3ch:t2,float32:3ch,t2,,round1_20260927,baseline,train,1,160,160,400,1.5939429099671543,1.5694326721131802,1.5333871357142925,1.643571350723505,0.26916461213623516,1.5099458396434784,6.898523308336735,0.6375771639868617,ch32_scale_affine_20260927,torchvision.transforms.RandomResizedCrop,"{""ratio"": [0.75, 1.3333333], ""scale"": [0.08, 1.0], ""size"": [244, 244]}",torch.manual_seed/random.seed(base_seed + 100000*block_id + call_index); set outside the timing window,20360927,"0,1,2,3",4,76800.0,307618.0,307200.0,torch.float32,"[3, 160, 160]",True,Tensor,178608.0,714850.0,714432.0,torch.float32,"[3, 244, 244]",True,float32:3ch
crop,crop:float32:3ch:t3,float32:3ch,t3,,round1_20260927,baseline,train,1,192,192,400,1.596931149251759,1.5928675420582294,1.539222989231348,1.6508234664797783,0.04933297386098851,1.5187663957476616,1.8532304093241692,0.6387724597007036,ch32_scale_affine_20260927,torchvision.transforms.RandomResizedCrop,"{""ratio"": [0.75, 1.3333333], ""scale"": [0.08, 1.0], ""size"": [244, 244]}",torch.manual_seed/random.seed(base_seed + 100000*block_id + call_index); set outside the timing window,20360927,"0,1,2,3",4,110592.0,442786.0,442368.0,torch.float32,"[3, 192, 192]",True,Tensor,178608.0,714850.0,714432.0,torch.float32,"[3, 244, 244]",True,float32:3ch
crop,crop:float32:3ch:v1,float32:3ch,v1,,round1_20260927,baseline,validation,1,224,224,400,1.6075475071556866,1.6052206046879292,1.5482026152312756,1.6707156784832478,0.04710800751143639,1.5151351690292358,1.7544254660606384,0.6430190028622746,ch32_scale_affine_20260927,torchvision.transforms.RandomResizedCrop,"{""ratio"": [0.75, 1.3333333], ""scale"": [0.08, 1.0], ""size"": [244, 244]}",torch.manual_seed/random.seed(base_seed + 100000*block_id + call_index); set outside the timing window,20360927,"0,1,2,3",4,150528.0,602530.0,602112.0,torch.float32,"[3, 224, 224]",True,Tensor,178608.0,714850.0,714432.0,torch.float32,"[3, 244, 244]",True,float32:3ch
crop,crop:float32:3ch:t4,float32:3ch,t4,,round1_20260927,baseline,train,1,256,256,400,1.645031408406794,1.6463021747767925,1.5780644491314888,1.717176754027605,0.05642096775814744,1.3811970129609108,1.8329080194234848,0.6580125633627176,ch32_scale_affine_20260927,torchvision.transforms.RandomResizedCrop,"{""ratio"": [0.75, 1.3333333], ""scale"": [0.08, 1.0], ""size"": [244, 244]}",torch.manual_seed/random.seed(base_seed + 100000*block_id + call_index); set outside the timing window,20360927,"0,1,2,3",4,196608.0,786855.0,786432.0,torch.float32,"[3, 256, 256]",True,Tensor,178608.0,714850.0,714432.0,torch.float32,"[3, 244, 244]",True,float32:3ch
crop,crop:float32:3ch:t5,float32:3ch,t5,,round1_20260927,baseline,train,1,320,320,400,1.688576324377209,1.6919970512390137,1.5995115973055363,1.7781478352844715,0.06675833310826502,1.425810158252716,1.8568290397524834,0.6754305297508836,ch32_scale_affine_20260927,torchvision.transforms.RandomResizedCrop,"{""ratio"": [0.75, 1.3333333], ""scale"": [0.08, 1.0], ""size"": [244, 244]}",torch.manual_seed/random.seed(base_seed + 100000*block_id + call_index); set outside the timing window,20360927,"0,1,2,3",4,307200.0,1229223.0,1228800.0,torch.float32,"[3, 320, 320]",True,Tensor,178608.0,714850.0,714432.0,torch.float32,"[3, 244, 244]",True,float32:3ch
crop,crop:float32:3ch:v2,float32:3ch,v2,,round1_20260927,baseline,validation,1,288,288,400,1.6565666650421917,1.6582622192800045,1.5859141014516354,1.727686170488596,0.05688263182803473,1.3729734346270561,1.8200250342488289,0.6626266660168767,ch32_scale_affine_20260927,torchvision.transforms.RandomResizedCrop,"{""ratio"": [0.75, 1.3333333], ""scale"": [0.08, 1.0], ""size"": [244, 244]}",torch.manual_seed/random.seed(base_seed + 100000*block_id + call_index); set outside the timing window,20360927,"0,1,2,3",4,248832.0,995751.0,995328.0,torch.float32,"[3, 288, 288]",True,Tensor,178608.0,714850.0,714432.0,torch.float32,"[3, 244, 244]",True,float32:3ch
crop,crop:float32:3ch:t6,float32:3ch,t6,,round1_20260927,baseline,train,1,384,384,400,1.7479137633927166,1.750650815665722,1.6221776604652405,1.8736783415079117,0.09696886908745037,1.3793418183922768,1.9461391493678093,0.6991655053570867,ch32_scale_affine_20260927,torchvision.transforms.RandomResizedCrop,"{""ratio"": [0.75, 1.3333333], ""scale"": [0.08, 1.0], ""size"": [244, 244]}",torch.manual_seed/random.seed(base_seed + 100000*block_id + call_index); set outside the timing window,20360927,"0,1,2,3",4,442368.0,1769895.0,1769472.0,torch.float32,"[3, 384, 384]",True,Tensor,178608.0,714850.0,714432.0,torch.float32,"[3, 244, 244]",True,float32:3ch
crop,crop:float32:3ch:v3,float32:3ch,v3,,round1_20260927,baseline,validation,1,416,416,400,1.7812962178140879,1.7858282662928104,1.6326503828167915,1.9123505800962448,0.10472585285903425,1.4560157433152199,2.0224861800670624,0.7125184871256351,ch32_scale_affine_20260927,torchvision.transforms.RandomResizedCrop,"{""ratio"": [0.75, 1.3333333], ""scale"": [0.08, 1.0], ""size"": [244, 244]}",torch.manual_seed/random.seed(base_seed + 100000*block_id + call_index); set outside the timing window,20360927,"0,1,2,3",4,519168.0,2077095.0,2076672.0,torch.float32,"[3, 416, 416]",True,Tensor,178608.0,714850.0,714432.0,torch.float32,"[3, 244, 244]",True,float32:3ch
crop,crop:float32:3ch:t7,float32:3ch,t7,,round1_20260927,baseline,train,1,448,448,400,1.8272910406813025,1.8228753469884396,1.66105255484581,1.9824335351586342,0.1207831979855837,1.5802718698978424,2.1285293623805046,0.730916416272521,ch32_scale_affine_20260927,torchvision.transforms.RandomResizedCrop,"{""ratio"": [0.75, 1.3333333], ""scale"": [0.08, 1.0], ""size"": [244, 244]}",torch.manual_seed/random.seed(base_seed + 100000*block_id + call_index); set outside the timing window,20360927,"0,1,2,3",4,602112.0,2408871.0,2408448.0,torch.float32,"[3, 448, 448]",True,Tensor,178608.0,714850.0,714432.0,torch.float32,"[3, 244, 244]",True,float32:3ch
crop,crop:float32:1ch:t0,float32:1ch,t0,,round1_20260927,baseline,train,1,96,96,400,0.5615125200711191,0.5580284632742405,0.5467541515827179,0.5796904675662518,0.017066848191098518,0.531497411429882,0.774705782532692,0.22460500802844763,ch32_scale_affine_20260927,torchvision.transforms.RandomResizedCrop,"{""ratio"": [0.75, 1.3333333], ""scale"": [0.08, 1.0], ""size"": [244, 244]}",torch.manual_seed/random.seed(base_seed + 100000*block_id + call_index); set outside the timing window,20360927,"0,1,2,3",4,9216.0,37270.0,36864.0,torch.float32,"[1, 96, 96]",True,Tensor,59536.0,238560.0,238144.0,torch.float32,"[1, 244, 244]",True,float32:1ch
crop,crop:float32:1ch:v0,float32:1ch,v0,,round1_20260927,baseline,validation,1,112,112,400,0.568962749093771,0.5614878609776497,0.5514266900718212,0.5932395346462727,0.023856940829078018,0.543937087059021,0.6934544071555138,0.2275850996375084,ch32_scale_affine_20260927,torchvision.transforms.RandomResizedCrop,"{""ratio"": [0.75, 1.3333333], ""scale"": [0.08, 1.0], ""size"": [244, 244]}",torch.manual_seed/random.seed(base_seed + 100000*block_id + call_index); set outside the timing window,20360927,"0,1,2,3",4,12544.0,50582.0,50176.0,torch.float32,"[1, 112, 112]",True,Tensor,59536.0,238560.0,238144.0,torch.float32,"[1, 244, 244]",True,float32:1ch
crop,crop:float32:1ch:t1,float32:1ch,t1,,round1_20260927,baseline,train,1,128,128,400,0.5574554298073053,0.5542095750570297,0.5458195693790913,0.5771731026470661,0.013148853781324547,0.5415547639131546,0.6124610081315041,0.22298217192292213,ch32_scale_affine_20260927,torchvision.transforms.RandomResizedCrop,"{""ratio"": [0.75, 1.3333333], ""scale"": [0.08, 1.0], ""size"": [244, 244]}",torch.manual_seed/random.seed(base_seed + 100000*block_id + call_index); set outside the timing window,20360927,"0,1,2,3",4,16384.0,65951.0,65536.0,torch.float32,"[1, 128, 128]",True,Tensor,59536.0,238560.0,238144.0,torch.float32,"[1, 244, 244]",True,float32:1ch
crop,crop:float32:1ch:t2,float32:1ch,t2,,round1_20260927,baseline,train,1,160,160,400,0.5641686310991645,0.5632261745631695,0.5519481375813484,0.5819826386868954,0.012889690299266253,0.5317861214280128,0.6442051380872726,0.2256674524396658,ch32_scale_affine_20260927,torchvision.transforms.RandomResizedCrop,"{""ratio"": [0.75, 1.3333333], ""scale"": [0.08, 1.0], ""size"": [244, 244]}",torch.manual_seed/random.seed(base_seed + 100000*block_id + call_index); set outside the timing window,20360927,"0,1,2,3",4,25600.0,102815.0,102400.0,torch.float32,"[1, 160, 160]",True,Tensor,59536.0,238560.0,238144.0,torch.float32,"[1, 244, 244]",True,float32:1ch
crop,crop:float32:1ch:t3,float32:1ch,t3,,round1_20260927,baseline,train,1,192,192,400,0.5423802603036165,0.5365107208490372,0.5257592536509037,0.5600531585514545,0.024309611811570542,0.5173161625862122,0.6525358185172081,0.2169521041214466,ch32_scale_affine_20260927,torchvision.transforms.RandomResizedCrop,"{""ratio"": [0.75, 1.3333333], ""scale"": [0.08, 1.0], ""size"": [244, 244]}",torch.manual_seed/random.seed(base_seed + 100000*block_id + call_index); set outside the timing window,20360927,"0,1,2,3",4,36864.0,147871.0,147456.0,torch.float32,"[1, 192, 192]",True,Tensor,59536.0,238560.0,238144.0,torch.float32,"[1, 244, 244]",True,float32:1ch
crop,crop:float32:1ch:v1,float32:1ch,v1,,round1_20260927,baseline,validation,1,224,224,400,0.5688243731856346,0.5638888105750084,0.5524212494492531,0.5887946113944054,0.016289012408945907,0.5476437509059906,0.6690742447972298,0.22752974927425385,ch32_scale_affine_20260927,torchvision.transforms.RandomResizedCrop,"{""ratio"": [0.75, 1.3333333], ""scale"": [0.08, 1.0], ""size"": [244, 244]}",torch.manual_seed/random.seed(base_seed + 100000*block_id + call_index); set outside the timing window,20360927,"0,1,2,3",4,50176.0,201119.0,200704.0,torch.float32,"[1, 224, 224]",True,Tensor,59536.0,238560.0,238144.0,torch.float32,"[1, 244, 244]",True,float32:1ch
crop,crop:float32:1ch:t4,float32:1ch,t4,,round1_20260927,baseline,train,1,256,256,400,0.5687566380947828,0.5615707486867905,0.5485016852617264,0.5959214642643929,0.02253894733778694,0.5443748086690903,0.7025906816124916,0.22750265523791313,ch32_scale_affine_20260927,torchvision.transforms.RandomResizedCrop,"{""ratio"": [0.75, 1.3333333], ""scale"": [0.08, 1.0], ""size"": [244, 244]}",torch.manual_seed/random.seed(base_seed + 100000*block_id + call_index); set outside the timing window,20360927,"0,1,2,3",4,65536.0,262564.0,262144.0,torch.float32,"[1, 256, 256]",True,Tensor,59536.0,238560.0,238144.0,torch.float32,"[1, 244, 244]",True,float32:1ch
crop,crop:float32:1ch:t5,float32:1ch,t5,,round1_20260927,baseline,train,1,320,320,400,0.5521951010450721,0.5459552630782127,0.5347882397472858,0.5757613107562065,0.023471271986395585,0.5256058648228645,0.6608683615922928,0.22087804041802883,ch32_scale_affine_20260927,torchvision.transforms.RandomResizedCrop,"{""ratio"": [0.75, 1.3333333], ""scale"": [0.08, 1.0], ""size"": [244, 244]}",torch.manual_seed/random.seed(base_seed + 100000*block_id + call_index); set outside the timing window,20360927,"0,1,2,3",4,102400.0,410020.0,409600.0,torch.float32,"[1, 320, 320]",True,Tensor,59536.0,238560.0,238144.0,torch.float32,"[1, 244, 244]",True,float32:1ch
crop,crop:float32:1ch:v2,float32:1ch,v2,,round1_20260927,baseline,validation,1,288,288,400,0.6351196579635143,0.6217649206519127,0.5694152787327766,0.7074796594679356,0.05632185552057475,0.558813102543354,0.7652351632714272,0.25404786318540573,ch32_scale_affine_20260927,torchvision.transforms.RandomResizedCrop,"{""ratio"": [0.75, 1.3333333], ""scale"": [0.08, 1.0], ""size"": [244, 244]}",torch.manual_seed/random.seed(base_seed + 100000*block_id + call_index); set outside the timing window,20360927,"0,1,2,3",4,82944.0,332196.0,331776.0,torch.float32,"[1, 288, 288]",True,Tensor,59536.0,238560.0,238144.0,torch.float32,"[1, 244, 244]",True,float32:1ch
crop,crop:float32:1ch:t6,float32:1ch,t6,,round1_20260927,baseline,train,1,384,384,400,0.5624839127995074,0.5589942447841167,0.5494561977684498,0.5833187140524387,0.013731809620247091,0.5453834310173988,0.6176140159368515,0.22499356511980295,ch32_scale_affine_20260927,torchvision.transforms.RandomResizedCrop,"{""ratio"": [0.75, 1.3333333], ""scale"": [0.08, 1.0], ""size"": [244, 244]}",torch.manual_seed/random.seed(base_seed + 100000*block_id + call_index); set outside the timing window,20360927,"0,1,2,3",4,147456.0,590244.0,589824.0,torch.float32,"[1, 384, 384]",True,Tensor,59536.0,238560.0,238144.0,torch.float32,"[1, 244, 244]",True,float32:1ch
crop,crop:float32:1ch:v3,float32:1ch,v3,,round1_20260927,baseline,validation,1,416,416,400,0.6471244245767593,0.6199018098413944,0.5713049322366714,0.728590227663517,0.06636634197997196,0.5590170621871948,0.8286628872156143,0.25884976983070374,ch32_scale_affine_20260927,torchvision.transforms.RandomResizedCrop,"{""ratio"": [0.75, 1.3333333], ""scale"": [0.08, 1.0], ""size"": [244, 244]}",torch.manual_seed/random.seed(base_seed + 100000*block_id + call_index); set outside the timing window,20360927,"0,1,2,3",4,173056.0,692644.0,692224.0,torch.float32,"[1, 416, 416]",True,Tensor,59536.0,238560.0,238144.0,torch.float32,"[1, 244, 244]",True,float32:1ch
crop,crop:float32:1ch:t7,float32:1ch,t7,,round1_20260927,baseline,train,1,448,448,400,0.5702041718177497,0.5658227019011974,0.5560812540352345,0.588436983525753,0.01805104367973923,0.5478141829371452,0.77006034553051,0.2280816687270999,ch32_scale_affine_20260927,torchvision.transforms.RandomResizedCrop,"{""ratio"": [0.75, 1.3333333], ""scale"": [0.08, 1.0], ""size"": [244, 244]}",torch.manual_seed/random.seed(base_seed + 100000*block_id + call_index); set outside the timing window,20360927,"0,1,2,3",4,200704.0,803236.0,802816.0,torch.float32,"[1, 448, 448]",True,Tensor,59536.0,238560.0,238144.0,torch.float32,"[1, 244, 244]",True,float32:1ch
crop,crop:uint8:3ch:t0,uint8:3ch,t0,,round1_20260927,baseline,train,1,96,96,400,1.7383369849994779,1.7230939120054245,1.6942954622209072,1.8054788932204247,0.04420089331213382,1.6790656372904778,1.9282028079032898,0.6953347939997911,ch32_scale_affine_20260927,torchvision.transforms.RandomResizedCrop,"{""ratio"": [0.75, 1.3333333], ""scale"": [0.08, 1.0], ""size"": [244, 244]}",torch.manual_seed/random.seed(base_seed + 100000*block_id + call_index); set outside the timing window,20360927,"0,1,2,3",4,27648.0,28054.0,27648.0,torch.uint8,"[3, 96, 96]",True,Tensor,178608.0,179025.0,178608.0,torch.uint8,"[3, 244, 244]",True,uint8:3ch
crop,crop:uint8:3ch:v0,uint8:3ch,v0,,round1_20260927,baseline,validation,1,112,112,400,1.7312648822553456,1.7203320749104023,1.6954920254647732,1.7928652465343475,0.03743145382037635,1.680196262896061,1.9344687461853027,0.6925059529021382,ch32_scale_affine_20260927,torchvision.transforms.RandomResizedCrop,"{""ratio"": [0.75, 1.3333333], ""scale"": [0.08, 1.0], ""size"": [244, 244]}",torch.manual_seed/random.seed(base_seed + 100000*block_id + call_index); set outside the timing window,20360927,"0,1,2,3",4,37632.0,38038.0,37632.0,torch.uint8,"[3, 112, 112]",True,Tensor,178608.0,179025.0,178608.0,torch.uint8,"[3, 244, 244]",True,uint8:3ch
crop,crop:uint8:3ch:t1,uint8:3ch,t1,,round1_20260927,baseline,train,1,128,128,400,1.7315570753999054,1.7226994968950748,1.6963589936494827,1.7839199863374233,0.0339516045264999,1.6818242147564888,1.8619298934936523,0.6926228301599622,ch32_scale_affine_20260927,torchvision.transforms.RandomResizedCrop,"{""ratio"": [0.75, 1.3333333], ""scale"": [0.08, 1.0], ""size"": [244, 244]}",torch.manual_seed/random.seed(base_seed + 100000*block_id + call_index); set outside the timing window,20360927,"0,1,2,3",4,49152.0,49558.0,49152.0,torch.uint8,"[3, 128, 128]",True,Tensor,178608.0,179025.0,178608.0,torch.uint8,"[3, 244, 244]",True,uint8:3ch
crop,crop:uint8:3ch:t2,uint8:3ch,t2,,round1_20260927,baseline,train,1,160,160,400,1.7602608422748744,1.7432700842618942,1.707527320832014,1.836118195205927,0.058600125613235715,1.6875620931386948,2.035001292824745,0.7041043369099498,ch32_scale_affine_20260927,torchvision.transforms.RandomResizedCrop,"{""ratio"": [0.75, 1.3333333], ""scale"": [0.08, 1.0], ""size"": [244, 244]}",torch.manual_seed/random.seed(base_seed + 100000*block_id + call_index); set outside the timing window,20360927,"0,1,2,3",4,76800.0,77217.0,76800.0,torch.uint8,"[3, 160, 160]",True,Tensor,178608.0,179025.0,178608.0,torch.uint8,"[3, 244, 244]",True,uint8:3ch
crop,crop:uint8:3ch:t3,uint8:3ch,t3,,round1_20260927,baseline,train,1,192,192,400,1.7617650842294097,1.7561283893883228,1.7108314670622349,1.8210269510746002,0.04695226264872036,1.67864840477705,1.9730515778064728,0.7047060336917639,ch32_scale_affine_20260927,torchvision.transforms.RandomResizedCrop,"{""ratio"": [0.75, 1.3333333], ""scale"": [0.08, 1.0], ""size"": [244, 244]}",torch.manual_seed/random.seed(base_seed + 100000*block_id + call_index); set outside the timing window,20360927,"0,1,2,3",4,110592.0,111009.0,110592.0,torch.uint8,"[3, 192, 192]",True,Tensor,178608.0,179025.0,178608.0,torch.uint8,"[3, 244, 244]",True,uint8:3ch
crop,crop:uint8:3ch:v1,uint8:3ch,v1,,round1_20260927,baseline,validation,1,224,224,400,1.750367737840861,1.7456705681979656,1.6824266873300076,1.8256274983286858,0.053131400288404976,1.6425130888819695,1.8920637667179108,0.7001470951363444,ch32_scale_affine_20260927,torchvision.transforms.RandomResizedCrop,"{""ratio"": [0.75, 1.3333333], ""scale"": [0.08, 1.0], ""size"": [244, 244]}",torch.manual_seed/random.seed(base_seed + 100000*block_id + call_index); set outside the timing window,20360927,"0,1,2,3",4,150528.0,150945.0,150528.0,torch.uint8,"[3, 224, 224]",True,Tensor,178608.0,179025.0,178608.0,torch.uint8,"[3, 244, 244]",True,uint8:3ch
crop,crop:uint8:3ch:t4,uint8:3ch,t4,,round1_20260927,baseline,train,1,256,256,400,1.8334756256081164,1.8382631242275238,1.7445778474211693,1.9122165627777576,0.06665030160874687,1.6385940834879875,2.015727572143078,0.7333902502432466,ch32_scale_affine_20260927,torchvision.transforms.RandomResizedCrop,"{""ratio"": [0.75, 1.3333333], ""scale"": [0.08, 1.0], ""size"": [244, 244]}",torch.manual_seed/random.seed(base_seed + 100000*block_id + call_index); set outside the timing window,20360927,"0,1,2,3",4,196608.0,197030.0,196608.0,torch.uint8,"[3, 256, 256]",True,Tensor,178608.0,179025.0,178608.0,torch.uint8,"[3, 244, 244]",True,uint8:3ch
crop,crop:uint8:3ch:t5,uint8:3ch,t5,,round1_20260927,baseline,train,1,320,320,400,1.8851741938851774,1.8892954103648663,1.760530099272728,2.0071924664080143,0.09279306396797482,1.6015442088246346,2.1310700103640556,0.754069677554071,ch32_scale_affine_20260927,torchvision.transforms.RandomResizedCrop,"{""ratio"": [0.75, 1.3333333], ""scale"": [0.08, 1.0], ""size"": [244, 244]}",torch.manual_seed/random.seed(base_seed + 100000*block_id + call_index); set outside the timing window,20360927,"0,1,2,3",4,307200.0,307622.0,307200.0,torch.uint8,"[3, 320, 320]",True,Tensor,178608.0,179025.0,178608.0,torch.uint8,"[3, 244, 244]",True,uint8:3ch
crop,crop:uint8:3ch:v2,uint8:3ch,v2,,round1_20260927,baseline,validation,1,288,288,400,1.8482291395775974,1.8509356305003166,1.7430448904633522,1.9535485655069351,0.07936132640164494,1.5420028939843178,2.106770873069763,0.739291655831039,ch32_scale_affine_20260927,torchvision.transforms.RandomResizedCrop,"{""ratio"": [0.75, 1.3333333], ""scale"": [0.08, 1.0], ""size"": [244, 244]}",torch.manual_seed/random.seed(base_seed + 100000*block_id + call_index); set outside the timing window,20360927,"0,1,2,3",4,248832.0,249254.0,248832.0,torch.uint8,"[3, 288, 288]",True,Tensor,178608.0,179025.0,178608.0,torch.uint8,"[3, 244, 244]",True,uint8:3ch
crop,crop:uint8:3ch:t6,uint8:3ch,t6,,round1_20260927,baseline,train,1,384,384,400,2.0029041753150523,2.014957834035158,1.8267245031893253,2.1758781746029854,0.13940021196898653,1.5874868258833885,2.4441080167889595,0.8011616701260209,ch32_scale_affine_20260927,torchvision.transforms.RandomResizedCrop,"{""ratio"": [0.75, 1.3333333], ""scale"": [0.08, 1.0], ""size"": [244, 244]}",torch.manual_seed/random.seed(base_seed + 100000*block_id + call_index); set outside the timing window,20360927,"0,1,2,3",4,442368.0,442790.0,442368.0,torch.uint8,"[3, 384, 384]",True,Tensor,178608.0,179025.0,178608.0,torch.uint8,"[3, 244, 244]",True,uint8:3ch
crop,crop:uint8:3ch:v3,uint8:3ch,v3,,round1_20260927,baseline,validation,1,416,416,400,2.0431428821757436,2.058909274637699,1.8434533849358559,2.206593006849289,0.14511865441007887,1.6106758266687393,2.6195114478468895,0.8172571528702974,ch32_scale_affine_20260927,torchvision.transforms.RandomResizedCrop,"{""ratio"": [0.75, 1.3333333], ""scale"": [0.08, 1.0], ""size"": [244, 244]}",torch.manual_seed/random.seed(base_seed + 100000*block_id + call_index); set outside the timing window,20360927,"0,1,2,3",4,519168.0,519590.0,519168.0,torch.uint8,"[3, 416, 416]",True,Tensor,178608.0,179025.0,178608.0,torch.uint8,"[3, 244, 244]",True,uint8:3ch
crop,crop:uint8:3ch:t7,uint8:3ch,t7,,round1_20260927,baseline,train,1,448,448,400,2.044992952141911,2.037388738244772,1.7920400016009808,2.3224584758281708,0.19927605023248088,1.697043888270855,2.611328847706318,0.8179971808567643,ch32_scale_affine_20260927,torchvision.transforms.RandomResizedCrop,"{""ratio"": [0.75, 1.3333333], ""scale"": [0.08, 1.0], ""size"": [244, 244]}",torch.manual_seed/random.seed(base_seed + 100000*block_id + call_index); set outside the timing window,20360927,"0,1,2,3",4,602112.0,602534.0,602112.0,torch.uint8,"[3, 448, 448]",True,Tensor,178608.0,179025.0,178608.0,torch.uint8,"[3, 244, 244]",True,uint8:3ch
crop,crop:uint8:1ch:t0,uint8:1ch,t0,,round1_20260927,baseline,train,1,96,96,400,0.6587927276268601,0.661931000649929,0.6233334541320801,0.6922159343957901,0.03078694454605888,0.6130989640951157,0.8157799020409584,0.26351709105074406,ch32_scale_affine_20260927,torchvision.transforms.RandomResizedCrop,"{""ratio"": [0.75, 1.3333333], ""scale"": [0.08, 1.0], ""size"": [244, 244]}",torch.manual_seed/random.seed(base_seed + 100000*block_id + call_index); set outside the timing window,20360927,"0,1,2,3",4,9216.0,9621.0,9216.0,torch.uint8,"[1, 96, 96]",True,Tensor,59536.0,59942.0,59536.0,torch.uint8,"[1, 244, 244]",True,uint8:1ch
crop,crop:uint8:1ch:v0,uint8:1ch,v0,,round1_20260927,baseline,validation,1,112,112,400,0.6675919773988426,0.6587132811546326,0.6375489756464958,0.7017303258180618,0.030811135501213855,0.620521605014801,0.8496074005961418,0.26703679095953703,ch32_scale_affine_20260927,torchvision.transforms.RandomResizedCrop,"{""ratio"": [0.75, 1.3333333], ""scale"": [0.08, 1.0], ""size"": [244, 244]}",torch.manual_seed/random.seed(base_seed + 100000*block_id + call_index); set outside the timing window,20360927,"0,1,2,3",4,12544.0,12949.0,12544.0,torch.uint8,"[1, 112, 112]",True,Tensor,59536.0,59942.0,59536.0,torch.uint8,"[1, 244, 244]",True,uint8:1ch
crop,crop:uint8:1ch:t1,uint8:1ch,t1,,round1_20260927,baseline,train,1,128,128,400,0.6307214684784412,0.6268802098929882,0.6165571510791779,0.6509933620691299,0.015639705802892173,0.61052106320858,0.7018744945526123,0.2522885873913765,ch32_scale_affine_20260927,torchvision.transforms.RandomResizedCrop,"{""ratio"": [0.75, 1.3333333], ""scale"": [0.08, 1.0], ""size"": [244, 244]}",torch.manual_seed/random.seed(base_seed + 100000*block_id + call_index); set outside the timing window,20360927,"0,1,2,3",4,16384.0,16789.0,16384.0,torch.uint8,"[1, 128, 128]",True,Tensor,59536.0,59942.0,59536.0,torch.uint8,"[1, 244, 244]",True,uint8:1ch
crop,crop:uint8:1ch:t2,uint8:1ch,t2,,round1_20260927,baseline,train,1,160,160,400,0.6687708268873394,0.6575630977749825,0.6400656886398792,0.7039585150778294,0.029663217938991054,0.6218357011675835,0.8368268609046936,0.26750833075493574,ch32_scale_affine_20260927,torchvision.transforms.RandomResizedCrop,"{""ratio"": [0.75, 1.3333333], ""scale"": [0.08, 1.0], ""size"": [244, 244]}",torch.manual_seed/random.seed(base_seed + 100000*block_id + call_index); set outside the timing window,20360927,"0,1,2,3",4,25600.0,26005.0,25600.0,torch.uint8,"[1, 160, 160]",True,Tensor,59536.0,59942.0,59536.0,torch.uint8,"[1, 244, 244]",True,uint8:1ch
crop,crop:uint8:1ch:t3,uint8:1ch,t3,,round1_20260927,baseline,train,1,192,192,400,0.6447598058730364,0.6400495767593384,0.6209623068571091,0.671843159943819,0.023556342708382704,0.6146682426333427,0.7805060595273972,0.25790392234921455,ch32_scale_affine_20260927,torchvision.transforms.RandomResizedCrop,"{""ratio"": [0.75, 1.3333333], ""scale"": [0.08, 1.0], ""size"": [244, 244]}",torch.manual_seed/random.seed(base_seed + 100000*block_id + call_index); set outside the timing window,20360927,"0,1,2,3",4,36864.0,37269.0,36864.0,torch.uint8,"[1, 192, 192]",True,Tensor,59536.0,59942.0,59536.0,torch.uint8,"[1, 244, 244]",True,uint8:1ch
crop,crop:uint8:1ch:v1,uint8:1ch,v1,,round1_20260927,baseline,validation,1,224,224,400,0.6430185725912452,0.6381203420460224,0.6253517232835293,0.6636183708906174,0.018921333296579895,0.6170226261019707,0.730808824300766,0.25720742903649807,ch32_scale_affine_20260927,torchvision.transforms.RandomResizedCrop,"{""ratio"": [0.75, 1.3333333], ""scale"": [0.08, 1.0], ""size"": [244, 244]}",torch.manual_seed/random.seed(base_seed + 100000*block_id + call_index); set outside the timing window,20360927,"0,1,2,3",4,50176.0,50581.0,50176.0,torch.uint8,"[1, 224, 224]",True,Tensor,59536.0,59942.0,59536.0,torch.uint8,"[1, 244, 244]",True,uint8:1ch
crop,crop:uint8:1ch:t4,uint8:1ch,t4,,round1_20260927,baseline,train,1,256,256,400,0.6453095027245581,0.6379354745149612,0.6261621601879597,0.6728840060532093,0.022772446713295705,0.6139921024441719,0.7720813155174255,0.25812380108982325,ch32_scale_affine_20260927,torchvision.transforms.RandomResizedCrop,"{""ratio"": [0.75, 1.3333333], ""scale"": [0.08, 1.0], ""size"": [244, 244]}",torch.manual_seed/random.seed(base_seed + 100000*block_id + call_index); set outside the timing window,20360927,"0,1,2,3",4,65536.0,65955.0,65536.0,torch.uint8,"[1, 256, 256]",True,Tensor,59536.0,59942.0,59536.0,torch.uint8,"[1, 244, 244]",True,uint8:1ch
crop,crop:uint8:1ch:t5,uint8:1ch,t5,,round1_20260927,baseline,train,1,320,320,400,0.651678591966629,0.647079199552536,0.6281724199652672,0.6753578782081604,0.02423266797021263,0.6196452304720879,0.8305096998810768,0.2606714367866516,ch32_scale_affine_20260927,torchvision.transforms.RandomResizedCrop,"{""ratio"": [0.75, 1.3333333], ""scale"": [0.08, 1.0], ""size"": [244, 244]}",torch.manual_seed/random.seed(base_seed + 100000*block_id + call_index); set outside the timing window,20360927,"0,1,2,3",4,102400.0,102819.0,102400.0,torch.uint8,"[1, 320, 320]",True,Tensor,59536.0,59942.0,59536.0,torch.uint8,"[1, 244, 244]",True,uint8:1ch
crop,crop:uint8:1ch:v2,uint8:1ch,v2,,round1_20260927,baseline,validation,1,288,288,400,0.6854939414188266,0.6617358885705471,0.6424805149435997,0.7618113420903683,0.053965337229919585,0.6289342418313026,0.9252922609448433,0.27419757656753063,ch32_scale_affine_20260927,torchvision.transforms.RandomResizedCrop,"{""ratio"": [0.75, 1.3333333], ""scale"": [0.08, 1.0], ""size"": [244, 244]}",torch.manual_seed/random.seed(base_seed + 100000*block_id + call_index); set outside the timing window,20360927,"0,1,2,3",4,82944.0,83363.0,82944.0,torch.uint8,"[1, 288, 288]",True,Tensor,59536.0,59942.0,59536.0,torch.uint8,"[1, 244, 244]",True,uint8:1ch
crop,crop:uint8:1ch:t6,uint8:1ch,t6,,round1_20260927,baseline,train,1,384,384,400,0.670776548795402,0.6660162471234798,0.6356497295200825,0.709160789847374,0.032298237403192126,0.6259186193346977,0.8103391155600548,0.2683106195181608,ch32_scale_affine_20260927,torchvision.transforms.RandomResizedCrop,"{""ratio"": [0.75, 1.3333333], ""scale"": [0.08, 1.0], ""size"": [244, 244]}",torch.manual_seed/random.seed(base_seed + 100000*block_id + call_index); set outside the timing window,20360927,"0,1,2,3",4,147456.0,147875.0,147456.0,torch.uint8,"[1, 384, 384]",True,Tensor,59536.0,59942.0,59536.0,torch.uint8,"[1, 244, 244]",True,uint8:1ch
crop,crop:uint8:1ch:v3,uint8:1ch,v3,,round1_20260927,baseline,validation,1,416,416,400,0.693354809191078,0.6704339757561684,0.6386954337358475,0.8126521483063698,0.07264899374405723,0.6231116130948067,1.0646805167198181,0.2773419236764312,ch32_scale_affine_20260927,torchvision.transforms.RandomResizedCrop,"{""ratio"": [0.75, 1.3333333], ""scale"": [0.08, 1.0], ""size"": [244, 244]}",torch.manual_seed/random.seed(base_seed + 100000*block_id + call_index); set outside the timing window,20360927,"0,1,2,3",4,173056.0,173475.0,173056.0,torch.uint8,"[1, 416, 416]",True,Tensor,59536.0,59942.0,59536.0,torch.uint8,"[1, 244, 244]",True,uint8:1ch
crop,crop:uint8:1ch:t7,uint8:1ch,t7,,round1_20260927,baseline,train,1,448,448,400,0.6877497606910765,0.6797290407121181,0.6438515149056911,0.7385346107184887,0.04254934198425322,0.6296373903751373,0.9108027443289757,0.2750999042764306,ch32_scale_affine_20260927,torchvision.transforms.RandomResizedCrop,"{""ratio"": [0.75, 1.3333333], ""scale"": [0.08, 1.0], ""size"": [244, 244]}",torch.manual_seed/random.seed(base_seed + 100000*block_id + call_index); set outside the timing window,20360927,"0,1,2,3",4,200704.0,201123.0,200704.0,torch.uint8,"[1, 448, 448]",True,Tensor,59536.0,59942.0,59536.0,torch.uint8,"[1, 244, 244]",True,uint8:1ch
grayscale,grayscale:float32:3ch:t0,float32:3ch,t0,,round1_20260927,baseline,train,1,64,64,400,0.09485674556344748,0.0933762639760971,0.09026220068335533,0.10101255029439926,0.0053539400387256925,0.08771568536758423,0.13023987412452698,0.03794269822537899,ch32_scale_affine_20260927,torchvision.transforms.Grayscale,"{""num_output_channels"": 1}",torch.manual_seed/random.seed(base_seed + 100000*block_id + call_index); set outside the timing window,20360927,"0,1,2,3",4,12288.0,49559.0,49152.0,torch.float32,"[3, 64, 64]",True,Tensor,4096.0,16791.0,16384.0,torch.float32,"[1, 64, 64]",True,float32:1ch
grayscale,grayscale:float32:3ch:v0,float32:3ch,v0,,round1_20260927,baseline,validation,1,80,80,400,0.10533366585150361,0.10373815894126892,0.10017529129981995,0.11135153472423553,0.005633395157872264,0.09814463555812836,0.13387948274612427,0.042133466340601444,ch32_scale_affine_20260927,torchvision.transforms.Grayscale,"{""num_output_channels"": 1}",torch.manual_seed/random.seed(base_seed + 100000*block_id + call_index); set outside the timing window,20360927,"0,1,2,3",4,19200.0,77216.0,76800.0,torch.float32,"[3, 80, 80]",True,Tensor,6400.0,26007.0,25600.0,torch.float32,"[1, 80, 80]",True,float32:1ch
grayscale,grayscale:float32:3ch:t1,float32:3ch,t1,,round1_20260927,baseline,train,1,96,96,400,0.1124132820405066,0.11187931522727013,0.1018652692437172,0.12487843632698059,0.01153908291510187,0.10030250996351242,0.17143506556749344,0.04496531281620264,ch32_scale_affine_20260927,torchvision.transforms.Grayscale,"{""num_output_channels"": 1}",torch.manual_seed/random.seed(base_seed + 100000*block_id + call_index); set outside the timing window,20360927,"0,1,2,3",4,27648.0,111008.0,110592.0,torch.float32,"[3, 96, 96]",True,Tensor,9216.0,37271.0,36864.0,torch.float32,"[1, 96, 96]",True,float32:1ch
grayscale,grayscale:float32:3ch:t2,float32:3ch,t2,,round1_20260927,baseline,train,1,144,144,400,0.1529742917045951,0.1547788269817829,0.1351575367152691,0.1683359034359455,0.014087602553784224,0.1248922199010849,0.20533427596092224,0.061189716681838036,ch32_scale_affine_20260927,torchvision.transforms.Grayscale,"{""num_output_channels"": 1}",torch.manual_seed/random.seed(base_seed + 100000*block_id + call_index); set outside the timing window,20360927,"0,1,2,3",4,62208.0,249248.0,248832.0,torch.float32,"[3, 144, 144]",True,Tensor,20736.0,83360.0,82944.0,torch.float32,"[1, 144, 144]",True,float32:1ch
grayscale,grayscale:float32:3ch:v1,float32:3ch,v1,,round1_20260927,baseline,validation,1,160,160,400,0.13294254196807742,0.12714555487036705,0.12071989476680756,0.1496933400630951,0.015438363790313556,0.11874828487634659,0.2325102686882019,0.05317701678723097,ch32_scale_affine_20260927,torchvision.transforms.Grayscale,"{""num_output_channels"": 1}",torch.manual_seed/random.seed(base_seed + 100000*block_id + call_index); set outside the timing window,20360927,"0,1,2,3",4,76800.0,307618.0,307200.0,torch.float32,"[3, 160, 160]",True,Tensor,25600.0,102816.0,102400.0,torch.float32,"[1, 160, 160]",True,float32:1ch
grayscale,grayscale:float32:3ch:t3,float32:3ch,t3,,round1_20260927,baseline,train,1,192,192,400,0.15438801143318415,0.15035830438137054,0.143375713378191,0.16980143263936043,0.013587112380716786,0.13942085206508636,0.2416260540485382,0.06175520457327366,ch32_scale_affine_20260927,torchvision.transforms.Grayscale,"{""num_output_channels"": 1}",torch.manual_seed/random.seed(base_seed + 100000*block_id + call_index); set outside the timing window,20360927,"0,1,2,3",4,110592.0,442786.0,442368.0,torch.float32,"[3, 192, 192]",True,Tensor,36864.0,147872.0,147456.0,torch.float32,"[1, 192, 192]",True,float32:1ch
grayscale,grayscale:float32:3ch:t4,float32:3ch,t4,,round1_20260927,baseline,train,1,224,224,400,0.16846309648826718,0.1614633947610855,0.1569409854710102,0.1828305423259735,0.020242669310801004,0.1550614833831787,0.3438275307416916,0.06738523859530687,ch32_scale_affine_20260927,torchvision.transforms.Grayscale,"{""num_output_channels"": 1}",torch.manual_seed/random.seed(base_seed + 100000*block_id + call_index); set outside the timing window,20360927,"0,1,2,3",4,150528.0,602530.0,602112.0,torch.float32,"[3, 224, 224]",True,Tensor,50176.0,201120.0,200704.0,torch.float32,"[1, 224, 224]",True,float32:1ch
grayscale,grayscale:float32:3ch:v2,float32:3ch,v2,,round1_20260927,baseline,validation,1,256,256,400,0.20608811872079968,0.1982194371521473,0.1868952065706253,0.22623464465141296,0.02871223158147454,0.182214193046093,0.37843547761440277,0.08243524748831987,ch32_scale_affine_20260927,torchvision.transforms.Grayscale,"{""num_output_channels"": 1}",torch.manual_seed/random.seed(base_seed + 100000*block_id + call_index); set outside the timing window,20360927,"0,1,2,3",4,196608.0,786855.0,786432.0,torch.float32,"[3, 256, 256]",True,Tensor,65536.0,262567.0,262144.0,torch.float32,"[1, 256, 256]",True,float32:1ch
grayscale,grayscale:float32:3ch:t5,float32:3ch,t5,,round1_20260927,baseline,train,1,288,288,400,0.2850313694216311,0.2790014259517193,0.2717309631407261,0.3072753548622132,0.017962175504783323,0.2663861960172653,0.4085106775164604,0.11401254776865244,ch32_scale_affine_20260927,torchvision.transforms.Grayscale,"{""num_output_channels"": 1}",torch.manual_seed/random.seed(base_seed + 100000*block_id + call_index); set outside the timing window,20360927,"0,1,2,3",4,248832.0,995751.0,995328.0,torch.float32,"[3, 288, 288]",True,Tensor,82944.0,332199.0,331776.0,torch.float32,"[1, 288, 288]",True,float32:1ch
grayscale,grayscale:float32:3ch:t6,float32:3ch,t6,,round1_20260927,baseline,train,1,384,384,400,0.508223120123148,0.4905732348561287,0.4680046811699867,0.5817806348204613,0.04405126377297252,0.43918099254369736,0.7475856691598892,0.20328924804925919,ch32_scale_affine_20260927,torchvision.transforms.Grayscale,"{""num_output_channels"": 1}",torch.manual_seed/random.seed(base_seed + 100000*block_id + call_index); set outside the timing window,20360927,"0,1,2,3",4,442368.0,1769895.0,1769472.0,torch.float32,"[3, 384, 384]",True,Tensor,147456.0,590247.0,589824.0,torch.float32,"[1, 384, 384]",True,float32:1ch
grayscale,grayscale:float32:3ch:v3,float32:3ch,v3,,round1_20260927,baseline,validation,1,448,448,400,0.6095589557662606,0.6005330942571163,0.5700036883354187,0.6556274369359016,0.035900373905794515,0.557989813387394,0.7602814584970474,0.24382358230650425,ch32_scale_affine_20260927,torchvision.transforms.Grayscale,"{""num_output_channels"": 1}",torch.manual_seed/random.seed(base_seed + 100000*block_id + call_index); set outside the timing window,20360927,"0,1,2,3",4,602112.0,2408871.0,2408448.0,torch.float32,"[3, 448, 448]",True,Tensor,200704.0,803239.0,802816.0,torch.float32,"[1, 448, 448]",True,float32:1ch
grayscale,grayscale:float32:3ch:t7,float32:3ch,t7,,round1_20260927,baseline,train,1,512,512,400,0.8345129783265293,0.7947096601128578,0.760955922305584,0.9438755922019483,0.0807264427429271,0.7474645972251892,1.1719809845089912,0.3338051913306117,ch32_scale_affine_20260927,torchvision.transforms.Grayscale,"{""num_output_channels"": 1}",torch.manual_seed/random.seed(base_seed + 100000*block_id + call_index); set outside the timing window,20360927,"0,1,2,3",4,786432.0,3146151.0,3145728.0,torch.float32,"[3, 512, 512]",True,Tensor,262144.0,1048999.0,1048576.0,torch.float32,"[1, 512, 512]",True,float32:1ch
grayscale,grayscale:uint8:3ch:t0,uint8:3ch,t0,,round1_20260927,baseline,train,1,64,64,400,0.10830170474946499,0.1073833554983139,0.10265326127409935,0.11393120512366295,0.0064356818981248275,0.10018330067396164,0.1490376889705658,0.043320681899785995,ch32_scale_affine_20260927,torchvision.transforms.Grayscale,"{""num_output_channels"": 1}",torch.manual_seed/random.seed(base_seed + 100000*block_id + call_index); set outside the timing window,20360927,"0,1,2,3",4,12288.0,12694.0,12288.0,torch.uint8,"[3, 64, 64]",True,Tensor,4096.0,4502.0,4096.0,torch.uint8,"[1, 64, 64]",True,uint8:1ch
grayscale,grayscale:uint8:3ch:v0,uint8:3ch,v0,,round1_20260927,baseline,validation,1,80,80,400,0.11048360029235482,0.10869139805436134,0.10667350143194199,0.11636503040790559,0.0063350275715947585,0.10524503886699677,0.1745307818055153,0.04419344011694193,ch32_scale_affine_20260927,torchvision.transforms.Grayscale,"{""num_output_channels"": 1}",torch.manual_seed/random.seed(base_seed + 100000*block_id + call_index); set outside the timing window,20360927,"0,1,2,3",4,19200.0,19606.0,19200.0,torch.uint8,"[3, 80, 80]",True,Tensor,6400.0,6806.0,6400.0,torch.uint8,"[1, 80, 80]",True,uint8:1ch
grayscale,grayscale:uint8:3ch:t1,uint8:3ch,t1,,round1_20260927,baseline,train,1,96,96,400,0.1290337205864489,0.12691877782344818,0.12237541377544403,0.1371217891573906,0.00843580859299697,0.1184120774269104,0.20026974380016327,0.05161348823457956,ch32_scale_affine_20260927,torchvision.transforms.Grayscale,"{""num_output_channels"": 1}",torch.manual_seed/random.seed(base_seed + 100000*block_id + call_index); set outside the timing window,20360927,"0,1,2,3",4,27648.0,28054.0,27648.0,torch.uint8,"[3, 96, 96]",True,Tensor,9216.0,9622.0,9216.0,torch.uint8,"[1, 96, 96]",True,uint8:1ch
grayscale,grayscale:uint8:3ch:t2,uint8:3ch,t2,,round1_20260927,baseline,train,1,144,144,400,0.1362643833272159,0.13459380716085434,0.13242904096841812,0.14326227828860283,0.0057252475176465594,0.13067200779914856,0.17370563000440598,0.054505753330886364,ch32_scale_affine_20260927,torchvision.transforms.Grayscale,"{""num_output_channels"": 1}",torch.manual_seed/random.seed(base_seed + 100000*block_id + call_index); set outside the timing window,20360927,"0,1,2,3",4,62208.0,62614.0,62208.0,torch.uint8,"[3, 144, 144]",True,Tensor,20736.0,21142.0,20736.0,torch.uint8,"[1, 144, 144]",True,uint8:1ch
grayscale,grayscale:uint8:3ch:v1,uint8:3ch,v1,,round1_20260927,baseline,validation,1,160,160,400,0.14687935821712017,0.1444644294679165,0.14139395207166672,0.1538875512778759,0.007004811576643544,0.13873446732759476,0.1865476369857788,0.05875174328684807,ch32_scale_affine_20260927,torchvision.transforms.Grayscale,"{""num_output_channels"": 1}",torch.manual_seed/random.seed(base_seed + 100000*block_id + call_index); set outside the timing window,20360927,"0,1,2,3",4,76800.0,77217.0,76800.0,torch.uint8,"[3, 160, 160]",True,Tensor,25600.0,26006.0,25600.0,torch.uint8,"[1, 160, 160]",True,uint8:1ch
grayscale,grayscale:uint8:3ch:t3,uint8:3ch,t3,,round1_20260927,baseline,train,1,192,192,400,0.17221271293237805,0.16920920461416245,0.16422178596258163,0.17992118373513222,0.010602964052070556,0.16244221478700638,0.29645394533872604,0.06888508517295122,ch32_scale_affine_20260927,torchvision.transforms.Grayscale,"{""num_output_channels"": 1}",torch.manual_seed/random.seed(base_seed + 100000*block_id + call_index); set outside the timing window,20360927,"0,1,2,3",4,110592.0,111009.0,110592.0,torch.uint8,"[3, 192, 192]",True,Tensor,36864.0,37270.0,36864.0,torch.uint8,"[1, 192, 192]",True,uint8:1ch
grayscale,grayscale:uint8:3ch:t4,uint8:3ch,t4,,round1_20260927,baseline,train,1,224,224,400,0.20112775964662433,0.19735563546419144,0.19209245219826698,0.2087058499455452,0.015223389407819874,0.18727686256170273,0.31881313771009445,0.08045110385864973,ch32_scale_affine_20260927,torchvision.transforms.Grayscale,"{""num_output_channels"": 1}",torch.manual_seed/random.seed(base_seed + 100000*block_id + call_index); set outside the timing window,20360927,"0,1,2,3",4,150528.0,150945.0,150528.0,torch.uint8,"[3, 224, 224]",True,Tensor,50176.0,50582.0,50176.0,torch.uint8,"[1, 224, 224]",True,uint8:1ch
grayscale,grayscale:uint8:3ch:v2,uint8:3ch,v2,,round1_20260927,baseline,validation,1,256,256,400,0.2778690820559859,0.27595972642302513,0.2644754946231842,0.2939031459391117,0.013069205483736196,0.23834314197301865,0.3711925819516182,0.11114763282239437,ch32_scale_affine_20260927,torchvision.transforms.Grayscale,"{""num_output_channels"": 1}",torch.manual_seed/random.seed(base_seed + 100000*block_id + call_index); set outside the timing window,20360927,"0,1,2,3",4,196608.0,197030.0,196608.0,torch.uint8,"[3, 256, 256]",True,Tensor,65536.0,65958.0,65536.0,torch.uint8,"[1, 256, 256]",True,uint8:1ch
grayscale,grayscale:uint8:3ch:t5,uint8:3ch,t5,,round1_20260927,baseline,train,1,288,288,400,0.3177702007815242,0.3045746125280857,0.2887294627726078,0.36743031814694405,0.034891716336557715,0.2804538235068321,0.49881264567375183,0.12710808031260967,ch32_scale_affine_20260927,torchvision.transforms.Grayscale,"{""num_output_channels"": 1}",torch.manual_seed/random.seed(base_seed + 100000*block_id + call_index); set outside the timing window,20360927,"0,1,2,3",4,248832.0,249254.0,248832.0,torch.uint8,"[3, 288, 288]",True,Tensor,82944.0,83366.0,82944.0,torch.uint8,"[1, 288, 288]",True,uint8:1ch
grayscale,grayscale:uint8:3ch:t6,uint8:3ch,t6,,round1_20260927,baseline,train,1,384,384,400,0.5391175113618374,0.5330941639840603,0.5099469795823097,0.5679522641003132,0.02839132971790729,0.5009016022086143,0.7306644693017006,0.21564700454473495,ch32_scale_affine_20260927,torchvision.transforms.Grayscale,"{""num_output_channels"": 1}",torch.manual_seed/random.seed(base_seed + 100000*block_id + call_index); set outside the timing window,20360927,"0,1,2,3",4,442368.0,442790.0,442368.0,torch.uint8,"[3, 384, 384]",True,Tensor,147456.0,147878.0,147456.0,torch.uint8,"[1, 384, 384]",True,uint8:1ch
grayscale,grayscale:uint8:3ch:v3,uint8:3ch,v3,,round1_20260927,baseline,validation,1,448,448,400,0.7615736150182784,0.7330826483666897,0.7164726965129375,0.8686411194503307,0.06393273635221615,0.70186797529459,1.0735010728240013,0.30462944600731134,ch32_scale_affine_20260927,torchvision.transforms.Grayscale,"{""num_output_channels"": 1}",torch.manual_seed/random.seed(base_seed + 100000*block_id + call_index); set outside the timing window,20360927,"0,1,2,3",4,602112.0,602534.0,602112.0,torch.uint8,"[3, 448, 448]",True,Tensor,200704.0,201126.0,200704.0,torch.uint8,"[1, 448, 448]",True,uint8:1ch
grayscale,grayscale:uint8:3ch:t7,uint8:3ch,t7,,round1_20260927,baseline,train,1,512,512,400,0.9679530747234821,0.9590554982423782,0.9430940262973309,1.0003362782299519,0.030613487381047626,0.9254021570086479,1.1631352826952934,0.38718122988939285,ch32_scale_affine_20260927,torchvision.transforms.Grayscale,"{""num_output_channels"": 1}",torch.manual_seed/random.seed(base_seed + 100000*block_id + call_index); set outside the timing window,20360927,"0,1,2,3",4,786432.0,786854.0,786432.0,torch.uint8,"[3, 512, 512]",True,Tensor,262144.0,262566.0,262144.0,torch.uint8,"[1, 512, 512]",True,uint8:1ch
flip,flip:float32:3ch:t0,float32:3ch,t0,,round1_20260927,baseline,train,1,64,64,400,0.05734754726290703,0.05087442696094513,0.042896438390016556,0.0740400515496731,0.014230103071617007,0.0413060188293457,0.11209584772586823,0.02293901890516281,ch32_scale_affine_20260927,torchvision.transforms.RandomHorizontalFlip,"{""p"": 0.5}",torch.manual_seed/random.seed(base_seed + 100000*block_id + call_index); set outside the timing window,20360927,"0,1,2,3",4,12288.0,49559.0,49152.0,torch.float32,"[3, 64, 64]",True,Tensor,12288.0,49559.0,49152.0,torch.float32,"[3, 64, 64]",True,float32:3ch
flip,flip:float32:3ch:v0,float32:3ch,v0,,round1_20260927,baseline,validation,1,80,80,400,0.055187479592859745,0.04862435162067413,0.038853567093610764,0.07419539615511894,0.014177696697342335,0.03425031900405884,0.09182281792163849,0.022074991837143898,ch32_scale_affine_20260927,torchvision.transforms.RandomHorizontalFlip,"{""p"": 0.5}",torch.manual_seed/random.seed(base_seed + 100000*block_id + call_index); set outside the timing window,20360927,"0,1,2,3",4,19200.0,77216.0,76800.0,torch.float32,"[3, 80, 80]",True,Tensor,19200.0,77216.0,76800.0,torch.float32,"[3, 80, 80]",True,float32:3ch
flip,flip:float32:3ch:t1,float32:3ch,t1,,round1_20260927,baseline,train,1,96,96,400,0.049920110031962395,0.03937026485800743,0.037726666778326035,0.06298189982771873,0.01261068019019231,0.037114135921001434,0.10014791041612625,0.019968044012784958,ch32_scale_affine_20260927,torchvision.transforms.RandomHorizontalFlip,"{""p"": 0.5}",torch.manual_seed/random.seed(base_seed + 100000*block_id + call_index); set outside the timing window,20360927,"0,1,2,3",4,27648.0,111008.0,110592.0,torch.float32,"[3, 96, 96]",True,Tensor,27648.0,111008.0,110592.0,torch.float32,"[3, 96, 96]",True,float32:3ch
flip,flip:float32:3ch:t2,float32:3ch,t2,,round1_20260927,baseline,train,1,144,144,400,0.0737267336808145,0.05650008097290993,0.05106991156935692,0.10003084316849709,0.02325037791241532,0.04151090979576111,0.1304401084780693,0.029490693472325802,ch32_scale_affine_20260927,torchvision.transforms.RandomHorizontalFlip,"{""p"": 0.5}",torch.manual_seed/random.seed(base_seed + 100000*block_id + call_index); set outside the timing window,20360927,"0,1,2,3",4,62208.0,249248.0,248832.0,torch.float32,"[3, 144, 144]",True,Tensor,62208.0,249248.0,248832.0,torch.float32,"[3, 144, 144]",True,float32:3ch
flip,flip:float32:3ch:v1,float32:3ch,v1,,round1_20260927,baseline,validation,1,160,160,400,0.06370358867570758,0.05069701001048088,0.04127928987145424,0.08780872449278831,0.023210832720149215,0.04049856215715408,0.13246946036815643,0.02548143547028303,ch32_scale_affine_20260927,torchvision.transforms.RandomHorizontalFlip,"{""p"": 0.5}",torch.manual_seed/random.seed(base_seed + 100000*block_id + call_index); set outside the timing window,20360927,"0,1,2,3",4,76800.0,307618.0,307200.0,torch.float32,"[3, 160, 160]",True,Tensor,76800.0,307618.0,307200.0,torch.float32,"[3, 160, 160]",True,float32:3ch
flip,flip:float32:3ch:t3,float32:3ch,t3,,round1_20260927,baseline,train,1,192,192,400,0.06707530235871673,0.04893261939287186,0.037808436900377274,0.10094689205288887,0.0292497310446633,0.036772340536117554,0.21383166313171387,0.02683012094348669,ch32_scale_affine_20260927,torchvision.transforms.RandomHorizontalFlip,"{""p"": 0.5}",torch.manual_seed/random.seed(base_seed + 100000*block_id + call_index); set outside the timing window,20360927,"0,1,2,3",4,110592.0,442786.0,442368.0,torch.float32,"[3, 192, 192]",True,Tensor,110592.0,442786.0,442368.0,torch.float32,"[3, 192, 192]",True,float32:3ch
flip,flip:float32:3ch:t4,float32:3ch,t4,,round1_20260927,baseline,train,1,224,224,400,0.07372634718194604,0.049179885536432266,0.04281057044863701,0.11540669947862625,0.03240435526821545,0.0385260209441185,0.14331936836242676,0.029490538872778416,ch32_scale_affine_20260927,torchvision.transforms.RandomHorizontalFlip,"{""p"": 0.5}",torch.manual_seed/random.seed(base_seed + 100000*block_id + call_index); set outside the timing window,20360927,"0,1,2,3",4,150528.0,602530.0,602112.0,torch.float32,"[3, 224, 224]",True,Tensor,150528.0,602530.0,602112.0,torch.float32,"[3, 224, 224]",True,float32:3ch
flip,flip:float32:3ch:v2,float32:3ch,v2,,round1_20260927,baseline,validation,1,256,256,400,0.08666485548019409,0.05383417010307312,0.04461333155632019,0.13594850897789001,0.04209351985396202,0.040327198803424835,0.176149420440197,0.03466594219207764,ch32_scale_affine_20260927,torchvision.transforms.RandomHorizontalFlip,"{""p"": 0.5}",torch.manual_seed/random.seed(base_seed + 100000*block_id + call_index); set outside the timing window,20360927,"0,1,2,3",4,196608.0,786855.0,786432.0,torch.float32,"[3, 256, 256]",True,Tensor,196608.0,786855.0,786432.0,torch.float32,"[3, 256, 256]",True,float32:3ch
flip,flip:float32:3ch:t5,float32:3ch,t5,,round1_20260927,baseline,train,1,288,288,400,0.11765750357881188,0.05496339872479439,0.04172520712018013,0.20864233374595642,0.0785065835010842,0.03886967897415161,0.26745256036520004,0.047063001431524754,ch32_scale_affine_20260927,torchvision.transforms.RandomHorizontalFlip,"{""p"": 0.5}",torch.manual_seed/random.seed(base_seed + 100000*block_id + call_index); set outside the timing window,20360927,"0,1,2,3",4,248832.0,995751.0,995328.0,torch.float32,"[3, 288, 288]",True,Tensor,248832.0,995751.0,995328.0,torch.float32,"[3, 288, 288]",True,float32:3ch
flip,flip:float32:3ch:t6,float32:3ch,t6,,round1_20260927,baseline,train,1,384,384,400,0.16582822892814875,0.050020404160022736,0.04045581445097923,0.33037345856428146,0.1361491593133562,0.03894418478012085,0.47891028225421906,0.0663312915712595,ch32_scale_affine_20260927,torchvision.transforms.RandomHorizontalFlip,"{""p"": 0.5}",torch.manual_seed/random.seed(base_seed + 100000*block_id + call_index); set outside the timing window,20360927,"0,1,2,3",4,442368.0,1769895.0,1769472.0,torch.float32,"[3, 384, 384]",True,Tensor,442368.0,1769895.0,1769472.0,torch.float32,"[3, 384, 384]",True,float32:3ch
flip,flip:float32:3ch:v3,float32:3ch,v3,,round1_20260927,baseline,validation,1,448,448,400,0.22656205343082547,0.04226202145218849,0.03779120743274689,0.469698291271925,0.2070633469275796,0.03712344914674759,0.51884725689888,0.09062482137233019,ch32_scale_affine_20260927,torchvision.transforms.RandomHorizontalFlip,"{""p"": 0.5}",torch.manual_seed/random.seed(base_seed + 100000*block_id + call_index); set outside the timing window,20360927,"0,1,2,3",4,602112.0,2408871.0,2408448.0,torch.float32,"[3, 448, 448]",True,Tensor,602112.0,2408871.0,2408448.0,torch.float32,"[3, 448, 448]",True,float32:3ch
flip,flip:float32:3ch:t7,float32:3ch,t7,,round1_20260927,baseline,train,1,512,512,400,0.2756833517923951,0.04991469904780388,0.040266383439302444,0.5671356804668903,0.2556101456525372,0.038333237171173096,0.694001093506813,0.11027334071695805,ch32_scale_affine_20260927,torchvision.transforms.RandomHorizontalFlip,"{""p"": 0.5}",torch.manual_seed/random.seed(base_seed + 100000*block_id + call_index); set outside the timing window,20360927,"0,1,2,3",4,786432.0,3146151.0,3145728.0,torch.float32,"[3, 512, 512]",True,Tensor,786432.0,3146151.0,3145728.0,torch.float32,"[3, 512, 512]",True,float32:3ch
flip,flip:float32:1ch:t0,float32:1ch,t0,,round1_20260927,baseline,train,1,64,64,400,0.04524175776168704,0.036730896681547165,0.03365101292729378,0.05806451663374901,0.011595887610640404,0.032736919820308685,0.0782795250415802,0.018096703104674816,ch32_scale_affine_20260927,torchvision.transforms.RandomHorizontalFlip,"{""p"": 0.5}",torch.manual_seed/random.seed(base_seed + 100000*block_id + call_index); set outside the timing window,20360927,"0,1,2,3",4,4096.0,16790.0,16384.0,torch.float32,"[1, 64, 64]",True,Tensor,4096.0,16790.0,16384.0,torch.float32,"[1, 64, 64]",True,float32:1ch
flip,flip:float32:1ch:v0,float32:1ch,v0,,round1_20260927,baseline,validation,1,80,80,400,0.06811718922108412,0.059557147324085236,0.05167452618479729,0.08682636544108391,0.015938109644989873,0.04861690104007721,0.12336950749158859,0.027246875688433647,ch32_scale_affine_20260927,torchvision.transforms.RandomHorizontalFlip,"{""p"": 0.5}",torch.manual_seed/random.seed(base_seed + 100000*block_id + call_index); set outside the timing window,20360927,"0,1,2,3",4,6400.0,26006.0,25600.0,torch.float32,"[1, 80, 80]",True,Tensor,6400.0,26006.0,25600.0,torch.float32,"[1, 80, 80]",True,float32:1ch
flip,flip:float32:1ch:t1,float32:1ch,t1,,round1_20260927,baseline,train,1,96,96,400,0.04597541410475969,0.037428922951221466,0.034282077103853226,0.057940930128097534,0.011827414075674877,0.03312341868877411,0.09779445827007294,0.018390165641903877,ch32_scale_affine_20260927,torchvision.transforms.RandomHorizontalFlip,"{""p"": 0.5}",torch.manual_seed/random.seed(base_seed + 100000*block_id + call_index); set outside the timing window,20360927,"0,1,2,3",4,9216.0,37270.0,36864.0,torch.float32,"[1, 96, 96]",True,Tensor,9216.0,37270.0,36864.0,torch.float32,"[1, 96, 96]",True,float32:1ch
flip,flip:float32:1ch:t2,float32:1ch,t2,,round1_20260927,baseline,train,1,144,144,400,0.05201855907216668,0.04643900319933891,0.038111209869384766,0.06748996675014496,0.013515436432619534,0.03734603524208069,0.10385923087596893,0.020807423628866673,ch32_scale_affine_20260927,torchvision.transforms.RandomHorizontalFlip,"{""p"": 0.5}",torch.manual_seed/random.seed(base_seed + 100000*block_id + call_index); set outside the timing window,20360927,"0,1,2,3",4,20736.0,83359.0,82944.0,torch.float32,"[1, 144, 144]",True,Tensor,20736.0,83359.0,82944.0,torch.float32,"[1, 144, 144]",True,float32:1ch
flip,flip:float32:1ch:v1,float32:1ch,v1,,round1_20260927,baseline,validation,1,160,160,400,0.0486099673435092,0.040776561945676804,0.034548621624708176,0.06580902263522148,0.014595503272447949,0.033571384847164154,0.13492349535226822,0.01944398693740368,ch32_scale_affine_20260927,torchvision.transforms.RandomHorizontalFlip,"{""p"": 0.5}",torch.manual_seed/random.seed(base_seed + 100000*block_id + call_index); set outside the timing window,20360927,"0,1,2,3",4,25600.0,102815.0,102400.0,torch.float32,"[1, 160, 160]",True,Tensor,25600.0,102815.0,102400.0,torch.float32,"[1, 160, 160]",True,float32:1ch
flip,flip:float32:1ch:t3,float32:1ch,t3,,round1_20260927,baseline,train,1,192,192,400,0.057377018965780735,0.046644359827041626,0.04165135324001312,0.07685059681534767,0.015921851608807262,0.04057586193084717,0.10623689740896225,0.022950807586312294,ch32_scale_affine_20260927,torchvision.transforms.RandomHorizontalFlip,"{""p"": 0.5}",torch.manual_seed/random.seed(base_seed + 100000*block_id + call_index); set outside the timing window,20360927,"0,1,2,3",4,36864.0,147871.0,147456.0,torch.float32,"[1, 192, 192]",True,Tensor,36864.0,147871.0,147456.0,torch.float32,"[1, 192, 192]",True,float32:1ch
flip,flip:float32:1ch:t4,float32:1ch,t4,,round1_20260927,baseline,train,1,224,224,400,0.059894106816500425,0.047732144594192505,0.04088589921593666,0.08248500525951385,0.018041849846672533,0.0388389453291893,0.11132564395666122,0.02395764272660017,ch32_scale_affine_20260927,torchvision.transforms.RandomHorizontalFlip,"{""p"": 0.5}",torch.manual_seed/random.seed(base_seed + 100000*block_id + call_index); set outside the timing window,20360927,"0,1,2,3",4,50176.0,201119.0,200704.0,torch.float32,"[1, 224, 224]",True,Tensor,50176.0,201119.0,200704.0,torch.float32,"[1, 224, 224]",True,float32:1ch
flip,flip:float32:1ch:v2,float32:1ch,v2,,round1_20260927,baseline,validation,1,256,256,400,0.06160292075946927,0.055730342864990234,0.03792494535446167,0.08371779695153236,0.01996129958589711,0.03647711127996445,0.15773996710777283,0.02464116830378771,ch32_scale_affine_20260927,torchvision.transforms.RandomHorizontalFlip,"{""p"": 0.5}",torch.manual_seed/random.seed(base_seed + 100000*block_id + call_index); set outside the timing window,20360927,"0,1,2,3",4,65536.0,262564.0,262144.0,torch.float32,"[1, 256, 256]",True,Tensor,65536.0,262564.0,262144.0,torch.float32,"[1, 256, 256]",True,float32:1ch
flip,flip:float32:1ch:t5,float32:1ch,t5,,round1_20260927,baseline,train,1,288,288,400,0.05730893695726991,0.0432371161878109,0.03694137558341026,0.08033458143472672,0.021067154967462396,0.035705044865608215,0.10200962424278259,0.022923574782907963,ch32_scale_affine_20260927,torchvision.transforms.RandomHorizontalFlip,"{""p"": 0.5}",torch.manual_seed/random.seed(base_seed + 100000*block_id + call_index); set outside the timing window,20360927,"0,1,2,3",4,82944.0,332196.0,331776.0,torch.float32,"[1, 288, 288]",True,Tensor,82944.0,332196.0,331776.0,torch.float32,"[1, 288, 288]",True,float32:1ch
flip,flip:float32:1ch:t6,float32:1ch,t6,,round1_20260927,baseline,train,1,384,384,400,0.06580360000953078,0.039754901081323624,0.03743339329957962,0.09858710691332817,0.030046732753476114,0.036424025893211365,0.11074729263782501,0.026321440003812313,ch32_scale_affine_20260927,torchvision.transforms.RandomHorizontalFlip,"{""p"": 0.5}",torch.manual_seed/random.seed(base_seed + 100000*block_id + call_index); set outside the timing window,20360927,"0,1,2,3",4,147456.0,590244.0,589824.0,torch.float32,"[1, 384, 384]",True,Tensor,147456.0,590244.0,589824.0,torch.float32,"[1, 384, 384]",True,float32:1ch
flip,flip:float32:1ch:v3,float32:1ch,v3,,round1_20260927,baseline,validation,1,448,448,400,0.09095089975744486,0.05960091948509216,0.04538530483841896,0.1439971849322319,0.04570238112453259,0.041416846215724945,0.16633141785860062,0.03638035990297794,ch32_scale_affine_20260927,torchvision.transforms.RandomHorizontalFlip,"{""p"": 0.5}",torch.manual_seed/random.seed(base_seed + 100000*block_id + call_index); set outside the timing window,20360927,"0,1,2,3",4,200704.0,803236.0,802816.0,torch.float32,"[1, 448, 448]",True,Tensor,200704.0,803236.0,802816.0,torch.float32,"[1, 448, 448]",True,float32:1ch
flip,flip:float32:1ch:t7,float32:1ch,t7,,round1_20260927,baseline,train,1,512,512,400,0.12547180987894535,0.052426476031541824,0.03938702866435051,0.23201806470751762,0.08857526907203069,0.03794487565755844,0.2913419157266617,0.05018872395157814,ch32_scale_affine_20260927,torchvision.transforms.RandomHorizontalFlip,"{""p"": 0.5}",torch.manual_seed/random.seed(base_seed + 100000*block_id + call_index); set outside the timing window,20360927,"0,1,2,3",4,262144.0,1048996.0,1048576.0,torch.float32,"[1, 512, 512]",True,Tensor,262144.0,1048996.0,1048576.0,torch.float32,"[1, 512, 512]",True,float32:1ch
flip,flip:uint8:3ch:t0,uint8:3ch,t0,,round1_20260927,baseline,train,1,64,64,400,0.05197345279157162,0.04842085763812065,0.03903442993760109,0.06787599995732307,0.012183436272907704,0.03732554614543915,0.1012161374092102,0.020789381116628647,ch32_scale_affine_20260927,torchvision.transforms.RandomHorizontalFlip,"{""p"": 0.5}",torch.manual_seed/random.seed(base_seed + 100000*block_id + call_index); set outside the timing window,20360927,"0,1,2,3",4,12288.0,12694.0,12288.0,torch.uint8,"[3, 64, 64]",True,Tensor,12288.0,12694.0,12288.0,torch.uint8,"[3, 64, 64]",True,uint8:3ch
flip,flip:uint8:3ch:v0,uint8:3ch,v0,,round1_20260927,baseline,validation,1,80,80,400,0.0448018335737288,0.038823578506708145,0.03336891531944275,0.05683833733201027,0.011350788160763037,0.03247242420911789,0.07139705121517181,0.01792073342949152,ch32_scale_affine_20260927,torchvision.transforms.RandomHorizontalFlip,"{""p"": 0.5}",torch.manual_seed/random.seed(base_seed + 100000*block_id + call_index); set outside the timing window,20360927,"0,1,2,3",4,19200.0,19606.0,19200.0,torch.uint8,"[3, 80, 80]",True,Tensor,19200.0,19606.0,19200.0,torch.uint8,"[3, 80, 80]",True,uint8:3ch
flip,flip:uint8:3ch:t1,uint8:3ch,t1,,round1_20260927,baseline,train,1,96,96,400,0.056641658302396536,0.049729831516742706,0.042499788105487823,0.07431209087371826,0.013837332625258185,0.040893442928791046,0.11430773884057999,0.022656663320958614,ch32_scale_affine_20260927,torchvision.transforms.RandomHorizontalFlip,"{""p"": 0.5}",torch.manual_seed/random.seed(base_seed + 100000*block_id + call_index); set outside the timing window,20360927,"0,1,2,3",4,27648.0,28054.0,27648.0,torch.uint8,"[3, 96, 96]",True,Tensor,27648.0,28054.0,27648.0,torch.uint8,"[3, 96, 96]",True,uint8:3ch
flip,flip:uint8:3ch:t2,uint8:3ch,t2,,round1_20260927,baseline,train,1,144,144,400,0.05648740101605654,0.047192443162202835,0.041879620403051376,0.07341159507632256,0.014810015395082376,0.04034209996461868,0.13075768947601318,0.022594960406422615,ch32_scale_affine_20260927,torchvision.transforms.RandomHorizontalFlip,"{""p"": 0.5}",torch.manual_seed/random.seed(base_seed + 100000*block_id + call_index); set outside the timing window,20360927,"0,1,2,3",4,62208.0,62614.0,62208.0,torch.uint8,"[3, 144, 144]",True,Tensor,62208.0,62614.0,62208.0,torch.uint8,"[3, 144, 144]",True,uint8:3ch
flip,flip:uint8:3ch:v1,uint8:3ch,v1,,round1_20260927,baseline,validation,1,160,160,400,0.06181565811857581,0.054113566875457764,0.0446452759206295,0.08344557136297227,0.016223833037363286,0.04300195723772049,0.10981597006320953,0.024726263247430325,ch32_scale_affine_20260927,torchvision.transforms.RandomHorizontalFlip,"{""p"": 0.5}",torch.manual_seed/random.seed(base_seed + 100000*block_id + call_index); set outside the timing window,20360927,"0,1,2,3",4,76800.0,77217.0,76800.0,torch.uint8,"[3, 160, 160]",True,Tensor,76800.0,77217.0,76800.0,torch.uint8,"[3, 160, 160]",True,uint8:3ch
flip,flip:uint8:3ch:t3,uint8:3ch,t3,,round1_20260927,baseline,train,1,192,192,400,0.047745408955961466,0.03653205931186676,0.03468384966254234,0.062243733555078506,0.01342344194159275,0.03387965261936188,0.082419253885746,0.019098163582384586,ch32_scale_affine_20260927,torchvision.transforms.RandomHorizontalFlip,"{""p"": 0.5}",torch.manual_seed/random.seed(base_seed + 100000*block_id + call_index); set outside the timing window,20360927,"0,1,2,3",4,110592.0,111009.0,110592.0,torch.uint8,"[3, 192, 192]",True,Tensor,110592.0,111009.0,110592.0,torch.uint8,"[3, 192, 192]",True,uint8:3ch
flip,flip:uint8:3ch:t4,uint8:3ch,t4,,round1_20260927,baseline,train,1,224,224,400,0.05300478311255574,0.04267599433660507,0.038096122443675995,0.07293745875358582,0.015094854973820505,0.03720540553331375,0.0850483775138855,0.021201913245022297,ch32_scale_affine_20260927,torchvision.transforms.RandomHorizontalFlip,"{""p"": 0.5}",torch.manual_seed/random.seed(base_seed + 100000*block_id + call_index); set outside the timing window,20360927,"0,1,2,3",4,150528.0,150945.0,150528.0,torch.uint8,"[3, 224, 224]",True,Tensor,150528.0,150945.0,150528.0,torch.uint8,"[3, 224, 224]",True,uint8:3ch
flip,flip:uint8:3ch:v2,uint8:3ch,v2,,round1_20260927,baseline,validation,1,256,256,400,0.05144004477187991,0.03772648051381111,0.03591468557715416,0.06877165287733078,0.016090624811988575,0.03527384251356125,0.08506514132022858,0.020576017908751965,ch32_scale_affine_20260927,torchvision.transforms.RandomHorizontalFlip,"{""p"": 0.5}",torch.manual_seed/random.seed(base_seed + 100000*block_id + call_index); set outside the timing window,20360927,"0,1,2,3",4,196608.0,197030.0,196608.0,torch.uint8,"[3, 256, 256]",True,Tensor,196608.0,197030.0,196608.0,torch.uint8,"[3, 256, 256]",True,uint8:3ch
flip,flip:uint8:3ch:t5,uint8:3ch,t5,,round1_20260927,baseline,train,1,288,288,400,0.07170227821916342,0.05777180194854736,0.04946952685713768,0.1009511761367321,0.02307540171313566,0.04087202250957489,0.14569610357284546,0.028680911287665367,ch32_scale_affine_20260927,torchvision.transforms.RandomHorizontalFlip,"{""p"": 0.5}",torch.manual_seed/random.seed(base_seed + 100000*block_id + call_index); set outside the timing window,20360927,"0,1,2,3",4,248832.0,249254.0,248832.0,torch.uint8,"[3, 288, 288]",True,Tensor,248832.0,249254.0,248832.0,torch.uint8,"[3, 288, 288]",True,uint8:3ch
flip,flip:uint8:3ch:t6,uint8:3ch,t6,,round1_20260927,baseline,train,1,384,384,400,0.07173926336690784,0.05147559568285942,0.0439327210187912,0.1046089455485344,0.02729071261367231,0.03986526280641556,0.13936124742031097,0.028695705346763134,ch32_scale_affine_20260927,torchvision.transforms.RandomHorizontalFlip,"{""p"": 0.5}",torch.manual_seed/random.seed(base_seed + 100000*block_id + call_index); set outside the timing window,20360927,"0,1,2,3",4,442368.0,442790.0,442368.0,torch.uint8,"[3, 384, 384]",True,Tensor,442368.0,442790.0,442368.0,torch.uint8,"[3, 384, 384]",True,uint8:3ch
flip,flip:uint8:3ch:v3,uint8:3ch,v3,,round1_20260927,baseline,validation,1,448,448,400,0.06738313240930438,0.039970967918634415,0.0377364456653595,0.10176235809922218,0.03148778210794653,0.036504119634628296,0.14717690646648407,0.026953252963721752,ch32_scale_affine_20260927,torchvision.transforms.RandomHorizontalFlip,"{""p"": 0.5}",torch.manual_seed/random.seed(base_seed + 100000*block_id + call_index); set outside the timing window,20360927,"0,1,2,3",4,602112.0,602534.0,602112.0,torch.uint8,"[3, 448, 448]",True,Tensor,602112.0,602534.0,602112.0,torch.uint8,"[3, 448, 448]",True,uint8:3ch
flip,flip:uint8:3ch:t7,uint8:3ch,t7,,round1_20260927,baseline,train,1,512,512,400,0.08116617565974593,0.04540756344795227,0.04259329289197922,0.12776637449860573,0.041258430631220325,0.041756778955459595,0.15433598309755325,0.03246647026389837,ch32_scale_affine_20260927,torchvision.transforms.RandomHorizontalFlip,"{""p"": 0.5}",torch.manual_seed/random.seed(base_seed + 100000*block_id + call_index); set outside the timing window,20360927,"0,1,2,3",4,786432.0,786854.0,786432.0,torch.uint8,"[3, 512, 512]",True,Tensor,786432.0,786854.0,786432.0,torch.uint8,"[3, 512, 512]",True,uint8:3ch
blur,blur:float32:3ch:t0,float32:3ch,t0,,round1_20260927,baseline,train,2,64,64,400,1.0145793622359633,0.6194794550538063,0.6075243465602398,2.721683494746685,0.9686243103522811,0.6006956100463867,7.2589898481965065,0.40583174489438534,ch32_scale_affine_20260927,torchvision.transforms.GaussianBlur,"{""kernel_size"": 11, ""sigma"": [0.1, 2.0]}",torch.manual_seed/random.seed(base_seed + 100000*block_id + call_index); set outside the timing window,20460927,"0,1,2,3",4,12288.0,49561.0,49152.0,torch.float32,"[3, 64, 64]",True,Tensor,12288.0,49559.0,49152.0,torch.float32,"[3, 64, 64]",True,float32:3ch
blur,blur:float32:3ch:v0,float32:3ch,v0,,round1_20260927,baseline,validation,2,80,80,400,1.3435188797302544,0.7642153650522232,0.7520079612731934,3.8979369215667257,1.4538333318837402,0.7459539920091629,11.206941679120064,0.5374075518921018,ch32_scale_affine_20260927,torchvision.transforms.GaussianBlur,"{""kernel_size"": 11, ""sigma"": [0.1, 2.0]}",torch.manual_seed/random.seed(base_seed + 100000*block_id + call_index); set outside the timing window,20460927,"0,1,2,3",4,19200.0,77216.0,76800.0,torch.float32,"[3, 80, 80]",True,Tensor,19200.0,77216.0,76800.0,torch.float32,"[3, 80, 80]",True,float32:3ch
blur,blur:float32:3ch:t1,float32:3ch,t1,,round1_20260927,baseline,train,2,96,96,400,1.762741517741233,0.9734365157783031,0.9432323276996613,5.386429745703936,2.056867291498422,0.9204046800732613,15.783586539328098,0.7050966070964932,ch32_scale_affine_20260927,torchvision.transforms.GaussianBlur,"{""kernel_size"": 11, ""sigma"": [0.1, 2.0]}",torch.manual_seed/random.seed(base_seed + 100000*block_id + call_index); set outside the timing window,20460927,"0,1,2,3",4,27648.0,111008.0,110592.0,torch.float32,"[3, 96, 96]",True,Tensor,27648.0,111008.0,110592.0,torch.float32,"[3, 96, 96]",True,float32:3ch
blur,blur:float32:3ch:t2,float32:3ch,t2,,round1_20260927,baseline,train,2,144,144,400,3.507148481439799,1.7125760205090046,1.660158671438694,11.683642864227295,4.635993631315483,1.6419673338532448,35.141502507030964,1.4028593925759196,ch32_scale_affine_20260927,torchvision.transforms.GaussianBlur,"{""kernel_size"": 11, ""sigma"": [0.1, 2.0]}",torch.manual_seed/random.seed(base_seed + 100000*block_id + call_index); set outside the timing window,20460927,"0,1,2,3",4,62208.0,249248.0,248832.0,torch.float32,"[3, 144, 144]",True,Tensor,62208.0,249248.0,248832.0,torch.float32,"[3, 144, 144]",True,float32:3ch
blur,blur:float32:3ch:v1,float32:3ch,v1,,round1_20260927,baseline,validation,2,160,160,400,4.174228273332119,1.961028203368187,1.9445238634943962,14.363040588796139,5.725695605448657,1.9252775236964226,43.31777337938547,1.6696913093328476,ch32_scale_affine_20260927,torchvision.transforms.GaussianBlur,"{""kernel_size"": 11, ""sigma"": [0.1, 2.0]}",torch.manual_seed/random.seed(base_seed + 100000*block_id + call_index); set outside the timing window,20460927,"0,1,2,3",4,76800.0,307618.0,307200.0,torch.float32,"[3, 160, 160]",True,Tensor,76800.0,307618.0,307200.0,torch.float32,"[3, 160, 160]",True,float32:3ch
blur,blur:float32:3ch:t3,float32:3ch,t3,,round1_20260927,baseline,train,2,192,192,400,5.959701684769243,2.7695768512785435,2.7286636643111706,20.554912462830544,8.234994591395155,2.6940451934933662,62.148227356374264,2.383880673907697,ch32_scale_affine_20260927,torchvision.transforms.GaussianBlur,"{""kernel_size"": 11, ""sigma"": [0.1, 2.0]}",torch.manual_seed/random.seed(base_seed + 100000*block_id + call_index); set outside the timing window,20460927,"0,1,2,3",4,110592.0,442786.0,442368.0,torch.float32,"[3, 192, 192]",True,Tensor,110592.0,442786.0,442368.0,torch.float32,"[3, 192, 192]",True,float32:3ch
blur,blur:float32:3ch:t4,float32:3ch,t4,,round1_20260927,baseline,train,2,224,224,310,8.076554678019978,3.5460051149129868,3.4757797606289387,28.184027038514625,11.48276381516293,3.444996662437916,85.25144588202238,2.503731950186193,ch32_scale_affine_20260927,torchvision.transforms.GaussianBlur,"{""kernel_size"": 11, ""sigma"": [0.1, 2.0]}",torch.manual_seed/random.seed(base_seed + 100000*block_id + call_index); set outside the timing window,20460927,"0,1,2,3",4,150528.0,602530.0,602112.0,torch.float32,"[3, 224, 224]",True,Tensor,150528.0,602530.0,602112.0,torch.float32,"[3, 224, 224]",True,float32:3ch
blur,blur:float32:3ch:v2,float32:3ch,v2,,round1_20260927,baseline,validation,2,256,256,237,10.71111513655397,4.595448262989521,4.500322975218296,36.987659521400936,15.536250801617983,4.458864219486713,109.92662701755762,2.538534287363291,ch32_scale_affine_20260927,torchvision.transforms.GaussianBlur,"{""kernel_size"": 11, ""sigma"": [0.1, 2.0]}",torch.manual_seed/random.seed(base_seed + 100000*block_id + call_index); set outside the timing window,20460927,"0,1,2,3",4,196608.0,786855.0,786432.0,torch.float32,"[3, 256, 256]",True,Tensor,196608.0,786855.0,786432.0,torch.float32,"[3, 256, 256]",True,float32:3ch
blur,blur:float32:3ch:t5,float32:3ch,t5,,round1_20260927,baseline,train,2,288,288,185,13.514461031032575,5.678393878042698,5.6215036660432816,46.76355347037315,19.86649058305002,5.4680705070495605,140.60776680707932,2.5001752907410264,ch32_scale_affine_20260927,torchvision.transforms.GaussianBlur,"{""kernel_size"": 11, ""sigma"": [0.1, 2.0]}",torch.manual_seed/random.seed(base_seed + 100000*block_id + call_index); set outside the timing window,20460927,"0,1,2,3",4,248832.0,995751.0,995328.0,torch.float32,"[3, 288, 288]",True,Tensor,248832.0,995751.0,995328.0,torch.float32,"[3, 288, 288]",True,float32:3ch
blur,blur:float32:3ch:t6,float32:3ch,t6,,round1_20260927,baseline,train,2,384,384,88,28.450353240424935,10.123804677277803,9.77252246811986,86.4396252669394,41.60698578702594,9.728102013468742,255.66901825368404,2.5036310851573944,ch32_scale_affine_20260927,torchvision.transforms.GaussianBlur,"{""kernel_size"": 11, ""sigma"": [0.1, 2.0]}",torch.manual_seed/random.seed(base_seed + 100000*block_id + call_index); set outside the timing window,20460927,"0,1,2,3",4,442368.0,1769895.0,1769472.0,torch.float32,"[3, 384, 384]",True,Tensor,442368.0,1769895.0,1769472.0,torch.float32,"[3, 384, 384]",True,float32:3ch
blur,blur:float32:3ch:v3,float32:3ch,v3,,round1_20260927,baseline,validation,2,448,448,59,44.91699445929568,25.203974917531013,13.176827877759933,119.60143223404887,63.115483449883854,13.018921948969364,348.5021470114589,2.650102673098445,ch32_scale_affine_20260927,torchvision.transforms.GaussianBlur,"{""kernel_size"": 11, ""sigma"": [0.1, 2.0]}",torch.manual_seed/random.seed(base_seed + 100000*block_id + call_index); set outside the timing window,20460927,"0,1,2,3",4,602112.0,2408871.0,2408448.0,torch.float32,"[3, 448, 448]",True,Tensor,602112.0,2408871.0,2408448.0,torch.float32,"[3, 448, 448]",True,float32:3ch
blur,blur:float32:3ch:t7,float32:3ch,t7,,round1_20260927,baseline,train,2,512,512,45,55.88066966997253,22.99825008958578,17.556176893413067,155.63086979091167,79.57282031852782,17.39179529249668,444.012020714581,2.5146301351487637,ch32_scale_affine_20260927,torchvision.transforms.GaussianBlur,"{""kernel_size"": 11, ""sigma"": [0.1, 2.0]}",torch.manual_seed/random.seed(base_seed + 100000*block_id + call_index); set outside the timing window,20460927,"0,1,2,3",4,786432.0,3146151.0,3145728.0,torch.float32,"[3, 512, 512]",True,Tensor,786432.0,3146151.0,3145728.0,torch.float32,"[3, 512, 512]",True,float32:3ch
blur,blur:float32:1ch:t0,float32:1ch,t0,,round1_20260927,baseline,train,2,64,64,400,0.8622228098101914,0.5048350431025028,0.4768034443259239,2.4688889272511014,0.9357128020667446,0.46591833233833313,7.242217659950256,0.34488912392407656,ch32_scale_affine_20260927,torchvision.transforms.GaussianBlur,"{""kernel_size"": 11, ""sigma"": [0.1, 2.0]}",torch.manual_seed/random.seed(base_seed + 100000*block_id + call_index); set outside the timing window,20460927,"0,1,2,3",4,4096.0,16790.0,16384.0,torch.float32,"[1, 64, 64]",True,Tensor,4096.0,16791.0,16384.0,torch.float32,"[1, 64, 64]",True,float32:1ch
blur,blur:float32:1ch:v0,float32:1ch,v0,,round1_20260927,baseline,validation,2,80,80,400,1.1329648434184492,0.5718558095395565,0.5608926527202129,3.6748634651303296,1.460496900367024,0.5466751754283905,11.10818237066269,0.45318593736737967,ch32_scale_affine_20260927,torchvision.transforms.GaussianBlur,"{""kernel_size"": 11, ""sigma"": [0.1, 2.0]}",torch.manual_seed/random.seed(base_seed + 100000*block_id + call_index); set outside the timing window,20460927,"0,1,2,3",4,6400.0,26006.0,25600.0,torch.float32,"[1, 80, 80]",True,Tensor,6400.0,26007.0,25600.0,torch.float32,"[1, 80, 80]",True,float32:1ch
blur,blur:float32:1ch:t1,float32:1ch,t1,,round1_20260927,baseline,train,2,96,96,400,1.4867263613268733,0.6502545438706875,0.6372413598001003,5.114660784602165,2.1152200632972153,0.6309356540441513,15.898064710199833,0.5946905445307493,ch32_scale_affine_20260927,torchvision.transforms.GaussianBlur,"{""kernel_size"": 11, ""sigma"": [0.1, 2.0]}",torch.manual_seed/random.seed(base_seed + 100000*block_id + call_index); set outside the timing window,20460927,"0,1,2,3",4,9216.0,37270.0,36864.0,torch.float32,"[1, 96, 96]",True,Tensor,9216.0,37271.0,36864.0,torch.float32,"[1, 96, 96]",True,float32:1ch
blur,blur:float32:1ch:t2,float32:1ch,t2,,round1_20260927,baseline,train,2,144,144,400,2.9150691512040794,1.0864394716918468,1.0698911733925343,11.201121285557747,4.738278305600941,1.061026006937027,35.276023671031,1.1660276604816318,ch32_scale_affine_20260927,torchvision.transforms.GaussianBlur,"{""kernel_size"": 11, ""sigma"": [0.1, 2.0]}",torch.manual_seed/random.seed(base_seed + 100000*block_id + call_index); set outside the timing window,20460927,"0,1,2,3",4,20736.0,83359.0,82944.0,torch.float32,"[1, 144, 144]",True,Tensor,20736.0,83360.0,82944.0,torch.float32,"[1, 144, 144]",True,float32:1ch
blur,blur:float32:1ch:v1,float32:1ch,v1,,round1_20260927,baseline,validation,2,160,160,400,3.5336725343950093,1.2630228884518147,1.2394245713949203,13.70975561439991,5.850086177967893,1.228615641593933,43.478106148540974,1.4134690137580037,ch32_scale_affine_20260927,torchvision.transforms.GaussianBlur,"{""kernel_size"": 11, ""sigma"": [0.1, 2.0]}",torch.manual_seed/random.seed(base_seed + 100000*block_id + call_index); set outside the timing window,20460927,"0,1,2,3",4,25600.0,102815.0,102400.0,torch.float32,"[1, 160, 160]",True,Tensor,25600.0,102816.0,102400.0,torch.float32,"[1, 160, 160]",True,float32:1ch
blur,blur:float32:1ch:t3,float32:1ch,t3,,round1_20260927,baseline,train,2,192,192,400,5.042145594488829,1.7196130938827991,1.6924143768846989,19.73550003021956,8.448659733625288,1.6568498685956001,63.434457406401634,2.0168582377955317,ch32_scale_affine_20260927,torchvision.transforms.GaussianBlur,"{""kernel_size"": 11, ""sigma"": [0.1, 2.0]}",torch.manual_seed/random.seed(base_seed + 100000*block_id + call_index); set outside the timing window,20460927,"0,1,2,3",4,36864.0,147871.0,147456.0,torch.float32,"[1, 192, 192]",True,Tensor,36864.0,147872.0,147456.0,torch.float32,"[1, 192, 192]",True,float32:1ch
blur,blur:float32:1ch:t4,float32:1ch,t4,,round1_20260927,baseline,train,2,224,224,391,6.495823407226511,2.185671590268612,2.1110791712999344,26.025302708148956,11.401252308342318,2.085537649691105,84.65829119086266,2.539866952225566,ch32_scale_affine_20260927,torchvision.transforms.GaussianBlur,"{""kernel_size"": 11, ""sigma"": [0.1, 2.0]}",torch.manual_seed/random.seed(base_seed + 100000*block_id + call_index); set outside the timing window,20460927,"0,1,2,3",4,50176.0,201119.0,200704.0,torch.float32,"[1, 224, 224]",True,Tensor,50176.0,201120.0,200704.0,torch.float32,"[1, 224, 224]",True,float32:1ch
blur,blur:float32:1ch:v2,float32:1ch,v2,,round1_20260927,baseline,validation,2,256,256,290,8.705839688151046,2.7819438837468624,2.754862606525421,35.1416226476431,15.375794425375366,2.690189518034458,110.61725951731205,2.5246935095638037,ch32_scale_affine_20260927,torchvision.transforms.GaussianBlur,"{""kernel_size"": 11, ""sigma"": [0.1, 2.0]}",torch.manual_seed/random.seed(base_seed + 100000*block_id + call_index); set outside the timing window,20460927,"0,1,2,3",4,65536.0,262564.0,262144.0,torch.float32,"[1, 256, 256]",True,Tensor,65536.0,262567.0,262144.0,torch.float32,"[1, 256, 256]",True,float32:1ch
blur,blur:float32:1ch:t5,float32:1ch,t5,,round1_20260927,baseline,train,2,288,288,233,10.766286906574416,3.3748336136341095,3.334605135023594,42.61196684092283,19.170254357163014,3.3013932406902313,139.79846239089966,2.508544849231839,ch32_scale_affine_20260927,torchvision.transforms.GaussianBlur,"{""kernel_size"": 11, ""sigma"": [0.1, 2.0]}",torch.manual_seed/random.seed(base_seed + 100000*block_id + call_index); set outside the timing window,20460927,"0,1,2,3",4,82944.0,332196.0,331776.0,torch.float32,"[1, 288, 288]",True,Tensor,82944.0,332199.0,331776.0,torch.float32,"[1, 288, 288]",True,float32:1ch
blur,blur:float32:1ch:t6,float32:1ch,t6,,round1_20260927,baseline,train,2,384,384,106,23.59352338145364,6.128684617578983,5.937525071203709,82.2386029176414,41.04886828995374,5.8557214215397835,253.3470718190074,2.500913478434086,ch32_scale_affine_20260927,torchvision.transforms.GaussianBlur,"{""kernel_size"": 11, ""sigma"": [0.1, 2.0]}",torch.manual_seed/random.seed(base_seed + 100000*block_id + call_index); set outside the timing window,20460927,"0,1,2,3",4,147456.0,590244.0,589824.0,torch.float32,"[1, 384, 384]",True,Tensor,147456.0,590247.0,589824.0,torch.float32,"[1, 384, 384]",True,float32:1ch
blur,blur:float32:1ch:v3,float32:1ch,v3,,round1_20260927,baseline,validation,2,448,448,82,31.0390256458848,7.914000190794468,7.838674541562796,113.66895278915766,57.6899527939824,7.824555039405823,338.36290426552296,2.5452001029625535,ch32_scale_affine_20260927,torchvision.transforms.GaussianBlur,"{""kernel_size"": 11, ""sigma"": [0.1, 2.0]}",torch.manual_seed/random.seed(base_seed + 100000*block_id + call_index); set outside the timing window,20460927,"0,1,2,3",4,200704.0,803236.0,802816.0,torch.float32,"[1, 448, 448]",True,Tensor,200704.0,803239.0,802816.0,torch.float32,"[1, 448, 448]",True,float32:1ch
blur,blur:float32:1ch:t7,float32:1ch,t7,,round1_20260927,baseline,train,2,512,512,59,46.46621639761379,10.37506852298975,10.228225961327553,149.5506362989545,84.51625319526723,10.216103866696358,441.93799514323473,2.7415067674592137,ch32_scale_affine_20260927,torchvision.transforms.GaussianBlur,"{""kernel_size"": 11, ""sigma"": [0.1, 2.0]}",torch.manual_seed/random.seed(base_seed + 100000*block_id + call_index); set outside the timing window,20460927,"0,1,2,3",4,262144.0,1048996.0,1048576.0,torch.float32,"[1, 512, 512]",True,Tensor,262144.0,1048999.0,1048576.0,torch.float32,"[1, 512, 512]",True,float32:1ch
blur,blur:uint8:3ch:t0,uint8:3ch,t0,,round1_20260927,baseline,train,2,64,64,400,1.0173400212079287,0.6644180975854397,0.6525346077978611,2.6415612548589706,0.9152120085878326,0.6443383172154427,7.264001294970512,0.40693600848317146,ch32_scale_affine_20260927,torchvision.transforms.GaussianBlur,"{""kernel_size"": 11, ""sigma"": [0.1, 2.0]}",torch.manual_seed/random.seed(base_seed + 100000*block_id + call_index); set outside the timing window,20460927,"0,1,2,3",4,12288.0,12694.0,12288.0,torch.uint8,"[3, 64, 64]",True,Tensor,12288.0,12694.0,12288.0,torch.uint8,"[3, 64, 64]",True,uint8:3ch
blur,blur:uint8:3ch:v0,uint8:3ch,v0,,round1_20260927,baseline,validation,2,80,80,400,1.435327425133437,0.8795009925961494,0.8597858250141144,3.9497462101280694,1.4354544980620225,0.8445549756288528,11.216049082577229,0.5741309700533748,ch32_scale_affine_20260927,torchvision.transforms.GaussianBlur,"{""kernel_size"": 11, ""sigma"": [0.1, 2.0]}",torch.manual_seed/random.seed(base_seed + 100000*block_id + call_index); set outside the timing window,20460927,"0,1,2,3",4,19200.0,19606.0,19200.0,torch.uint8,"[3, 80, 80]",True,Tensor,19200.0,19606.0,19200.0,torch.uint8,"[3, 80, 80]",True,uint8:3ch
blur,blur:uint8:3ch:t1,uint8:3ch,t1,,round1_20260927,baseline,train,2,96,96,400,1.8263037945143878,1.0289037600159645,0.9917854331433773,5.448015034198761,2.0596188141279654,0.980159267783165,15.885996632277966,0.7305215178057551,ch32_scale_affine_20260927,torchvision.transforms.GaussianBlur,"{""kernel_size"": 11, ""sigma"": [0.1, 2.0]}",torch.manual_seed/random.seed(base_seed + 100000*block_id + call_index); set outside the timing window,20460927,"0,1,2,3",4,27648.0,28054.0,27648.0,torch.uint8,"[3, 96, 96]",True,Tensor,27648.0,28054.0,27648.0,torch.uint8,"[3, 96, 96]",True,uint8:3ch
blur,blur:uint8:3ch:t2,uint8:3ch,t2,,round1_20260927,baseline,train,2,144,144,400,3.626429794821888,1.7785155214369297,1.7557810992002487,11.803325545042755,4.6947383832853165,1.7386479303240776,35.18680017441511,1.4505719179287553,ch32_scale_affine_20260927,torchvision.transforms.GaussianBlur,"{""kernel_size"": 11, ""sigma"": [0.1, 2.0]}",torch.manual_seed/random.seed(base_seed + 100000*block_id + call_index); set outside the timing window,20460927,"0,1,2,3",4,62208.0,62614.0,62208.0,torch.uint8,"[3, 144, 144]",True,Tensor,62208.0,62614.0,62208.0,torch.uint8,"[3, 144, 144]",True,uint8:3ch
blur,blur:uint8:3ch:v1,uint8:3ch,v1,,round1_20260927,baseline,validation,2,160,160,400,4.327104301191866,2.11288221180439,2.0934240892529488,14.483689237385988,5.718658202134293,2.063663676381111,43.26231312006712,1.7308417204767466,ch32_scale_affine_20260927,torchvision.transforms.GaussianBlur,"{""kernel_size"": 11, ""sigma"": [0.1, 2.0]}",torch.manual_seed/random.seed(base_seed + 100000*block_id + call_index); set outside the timing window,20460927,"0,1,2,3",4,76800.0,77217.0,76800.0,torch.uint8,"[3, 160, 160]",True,Tensor,76800.0,77217.0,76800.0,torch.uint8,"[3, 160, 160]",True,uint8:3ch
blur,blur:uint8:3ch:t3,uint8:3ch,t3,,round1_20260927,baseline,train,2,192,192,400,6.106083486229181,2.912550698965788,2.856819424778223,20.715493615716696,8.229034648664266,2.828373573720455,62.16760724782944,2.4424333944916725,ch32_scale_affine_20260927,torchvision.transforms.GaussianBlur,"{""kernel_size"": 11, ""sigma"": [0.1, 2.0]}",torch.manual_seed/random.seed(base_seed + 100000*block_id + call_index); set outside the timing window,20460927,"0,1,2,3",4,110592.0,111009.0,110592.0,torch.uint8,"[3, 192, 192]",True,Tensor,110592.0,111009.0,110592.0,torch.uint8,"[3, 192, 192]",True,uint8:3ch
blur,blur:uint8:3ch:t4,uint8:3ch,t4,,round1_20260927,baseline,train,2,224,224,301,8.34495717183102,3.816523589193821,3.7456313148140907,28.75906229019165,11.5721300561743,3.717256709933281,84.63821187615395,2.511832108721137,ch32_scale_affine_20260927,torchvision.transforms.GaussianBlur,"{""kernel_size"": 11, ""sigma"": [0.1, 2.0]}",torch.manual_seed/random.seed(base_seed + 100000*block_id + call_index); set outside the timing window,20460927,"0,1,2,3",4,150528.0,150945.0,150528.0,torch.uint8,"[3, 224, 224]",True,Tensor,150528.0,150945.0,150528.0,torch.uint8,"[3, 224, 224]",True,uint8:3ch
blur,blur:uint8:3ch:v2,uint8:3ch,v2,,round1_20260927,baseline,validation,2,256,256,232,10.788503937937062,4.859895445406437,4.796660039573908,35.12122090905905,14.929811734823017,4.738081246614456,113.71699254959822,2.5029329136013985,ch32_scale_affine_20260927,torchvision.transforms.GaussianBlur,"{""kernel_size"": 11, ""sigma"": [0.1, 2.0]}",torch.manual_seed/random.seed(base_seed + 100000*block_id + call_index); set outside the timing window,20460927,"0,1,2,3",4,196608.0,197030.0,196608.0,torch.uint8,"[3, 256, 256]",True,Tensor,196608.0,197030.0,196608.0,torch.uint8,"[3, 256, 256]",True,uint8:3ch
blur,blur:uint8:3ch:t5,uint8:3ch,t5,,round1_20260927,baseline,train,2,288,288,181,13.83744060313998,5.881600081920624,5.808200687170029,46.56991269439459,19.857339028040617,5.7683466002345085,140.60935471206903,2.5045767491683364,ch32_scale_affine_20260927,torchvision.transforms.GaussianBlur,"{""kernel_size"": 11, ""sigma"": [0.1, 2.0]}",torch.manual_seed/random.seed(base_seed + 100000*block_id + call_index); set outside the timing window,20460927,"0,1,2,3",4,248832.0,249254.0,248832.0,torch.uint8,"[3, 288, 288]",True,Tensor,248832.0,249254.0,248832.0,torch.uint8,"[3, 288, 288]",True,uint8:3ch
blur,blur:uint8:3ch:t6,uint8:3ch,t6,,round1_20260927,baseline,train,2,384,384,84,30.203750612036814,15.854047145694494,10.358249954879284,86.24085728079082,41.61345951979582,10.22240985184908,253.30243352800608,2.5371150514110923,ch32_scale_affine_20260927,torchvision.transforms.GaussianBlur,"{""kernel_size"": 11, ""sigma"": [0.1, 2.0]}",torch.manual_seed/random.seed(base_seed + 100000*block_id + call_index); set outside the timing window,20460927,"0,1,2,3",4,442368.0,442790.0,442368.0,torch.uint8,"[3, 384, 384]",True,Tensor,442368.0,442790.0,442368.0,torch.uint8,"[3, 384, 384]",True,uint8:3ch
blur,blur:uint8:3ch:v3,uint8:3ch,v3,,round1_20260927,baseline,validation,2,448,448,57,44.98183372708266,24.875571951270103,14.003128558397293,129.34589106589556,58.871706171039605,13.766743242740631,348.18369802087545,2.5639645224437118,ch32_scale_affine_20260927,torchvision.transforms.GaussianBlur,"{""kernel_size"": 11, ""sigma"": [0.1, 2.0]}",torch.manual_seed/random.seed(base_seed + 100000*block_id + call_index); set outside the timing window,20460927,"0,1,2,3",4,602112.0,602534.0,602112.0,torch.uint8,"[3, 448, 448]",True,Tensor,602112.0,602534.0,602112.0,torch.uint8,"[3, 448, 448]",True,uint8:3ch
blur,blur:uint8:3ch:t7,uint8:3ch,t7,,round1_20260927,baseline,train,2,512,512,35,71.52377941778728,32.590399496257305,27.749747596681118,167.54161026328802,88.05604354062928,25.007192976772785,453.29599641263485,2.503332279622555,ch32_scale_affine_20260927,torchvision.transforms.GaussianBlur,"{""kernel_size"": 11, ""sigma"": [0.1, 2.0]}",torch.manual_seed/random.seed(base_seed + 100000*block_id + call_index); set outside the timing window,20460927,"0,1,2,3",4,786432.0,786854.0,786432.0,torch.uint8,"[3, 512, 512]",True,Tensor,786432.0,786854.0,786432.0,torch.uint8,"[3, 512, 512]",True,uint8:3ch
blur,blur:uint8:1ch:t0,uint8:1ch,t0,,round1_20260927,baseline,train,2,64,64,400,0.9031552681699395,0.532225240021944,0.5132243037223816,2.5123360566794877,0.9356938201372328,0.5019577220082283,7.351974956691265,0.3612621072679758,ch32_scale_affine_20260927,torchvision.transforms.GaussianBlur,"{""kernel_size"": 11, ""sigma"": [0.1, 2.0]}",torch.manual_seed/random.seed(base_seed + 100000*block_id + call_index); set outside the timing window,20460927,"0,1,2,3",4,4096.0,4501.0,4096.0,torch.uint8,"[1, 64, 64]",True,Tensor,4096.0,4502.0,4096.0,torch.uint8,"[1, 64, 64]",True,uint8:1ch
blur,blur:uint8:1ch:v0,uint8:1ch,v0,,round1_20260927,baseline,validation,2,80,80,400,1.1522005684673786,0.5884058773517609,0.5768800154328346,3.717116266489029,1.4630344499564771,0.5683256313204765,11.113805696368217,0.46088022738695145,ch32_scale_affine_20260927,torchvision.transforms.GaussianBlur,"{""kernel_size"": 11, ""sigma"": [0.1, 2.0]}",torch.manual_seed/random.seed(base_seed + 100000*block_id + call_index); set outside the timing window,20460927,"0,1,2,3",4,6400.0,6805.0,6400.0,torch.uint8,"[1, 80, 80]",True,Tensor,6400.0,6806.0,6400.0,torch.uint8,"[1, 80, 80]",True,uint8:1ch
blur,blur:uint8:1ch:t1,uint8:1ch,t1,,round1_20260927,baseline,train,2,96,96,400,1.505171258468181,0.6927871145308018,0.6802450865507126,5.164497997611761,2.105547594747535,0.6742663681507111,15.91127086430788,0.6020685033872724,ch32_scale_affine_20260927,torchvision.transforms.GaussianBlur,"{""kernel_size"": 11, ""sigma"": [0.1, 2.0]}",torch.manual_seed/random.seed(base_seed + 100000*block_id + call_index); set outside the timing window,20460927,"0,1,2,3",4,9216.0,9621.0,9216.0,torch.uint8,"[1, 96, 96]",True,Tensor,9216.0,9622.0,9216.0,torch.uint8,"[1, 96, 96]",True,uint8:1ch
blur,blur:uint8:1ch:t2,uint8:1ch,t2,,round1_20260927,baseline,train,2,144,144,400,3.0096606235019863,1.181561965495348,1.1596190743148327,11.283333785831928,4.737480935517936,1.1443840339779854,35.29616631567478,1.2038642494007945,ch32_scale_affine_20260927,torchvision.transforms.GaussianBlur,"{""kernel_size"": 11, ""sigma"": [0.1, 2.0]}",torch.manual_seed/random.seed(base_seed + 100000*block_id + call_index); set outside the timing window,20460927,"0,1,2,3",4,20736.0,21141.0,20736.0,torch.uint8,"[1, 144, 144]",True,Tensor,20736.0,21142.0,20736.0,torch.uint8,"[1, 144, 144]",True,uint8:1ch
blur,blur:uint8:1ch:v1,uint8:1ch,v1,,round1_20260927,baseline,validation,2,160,160,400,3.604291253723204,1.3501639477908611,1.3248663395643234,13.789584394544363,5.846965428796238,1.3088332489132881,43.5055997222662,1.4417165014892817,ch32_scale_affine_20260927,torchvision.transforms.GaussianBlur,"{""kernel_size"": 11, ""sigma"": [0.1, 2.0]}",torch.manual_seed/random.seed(base_seed + 100000*block_id + call_index); set outside the timing window,20460927,"0,1,2,3",4,25600.0,26005.0,25600.0,torch.uint8,"[1, 160, 160]",True,Tensor,25600.0,26006.0,25600.0,torch.uint8,"[1, 160, 160]",True,uint8:1ch
blur,blur:uint8:1ch:t3,uint8:1ch,t3,,round1_20260927,baseline,train,2,192,192,400,5.037073749117553,1.7773793078958988,1.7473379150032997,19.759715255349874,8.421562958096406,1.722404733300209,62.477164901793,2.0148294996470213,ch32_scale_affine_20260927,torchvision.transforms.GaussianBlur,"{""kernel_size"": 11, ""sigma"": [0.1, 2.0]}",torch.manual_seed/random.seed(base_seed + 100000*block_id + call_index); set outside the timing window,20460927,"0,1,2,3",4,36864.0,37269.0,36864.0,torch.uint8,"[1, 192, 192]",True,Tensor,36864.0,37270.0,36864.0,torch.uint8,"[1, 192, 192]",True,uint8:1ch
blur,blur:uint8:1ch:t4,uint8:1ch,t4,,round1_20260927,baseline,train,2,224,224,387,6.464109828248042,2.2672750055789948,2.240351215004921,25.957265123724937,11.218587433564752,2.2272206842899323,85.07211413234472,2.5016105035319924,ch32_scale_affine_20260927,torchvision.transforms.GaussianBlur,"{""kernel_size"": 11, ""sigma"": [0.1, 2.0]}",torch.manual_seed/random.seed(base_seed + 100000*block_id + call_index); set outside the timing window,20460927,"0,1,2,3",4,50176.0,50581.0,50176.0,torch.uint8,"[1, 224, 224]",True,Tensor,50176.0,50582.0,50176.0,torch.uint8,"[1, 224, 224]",True,uint8:1ch
blur,blur:uint8:1ch:v2,uint8:1ch,v2,,round1_20260927,baseline,validation,2,256,256,289,8.654898619053686,2.816910855472088,2.7862410992383957,34.82858594506978,15.317550791012732,2.771166153252125,110.70150882005692,2.501265700906515,ch32_scale_affine_20260927,torchvision.transforms.GaussianBlur,"{""kernel_size"": 11, ""sigma"": [0.1, 2.0]}",torch.manual_seed/random.seed(base_seed + 100000*block_id + call_index); set outside the timing window,20460927,"0,1,2,3",4,65536.0,65955.0,65536.0,torch.uint8,"[1, 256, 256]",True,Tensor,65536.0,65958.0,65536.0,torch.uint8,"[1, 256, 256]",True,uint8:1ch
blur,blur:uint8:1ch:t5,uint8:1ch,t5,,round1_20260927,baseline,train,2,288,288,230,10.914561767940937,3.5107783041894436,3.4631771966814995,42.8926876746118,19.272420049260976,3.413264639675617,140.16421232372522,2.5103492066264153,ch32_scale_affine_20260927,torchvision.transforms.GaussianBlur,"{""kernel_size"": 11, ""sigma"": [0.1, 2.0]}",torch.manual_seed/random.seed(base_seed + 100000*block_id + call_index); set outside the timing window,20460927,"0,1,2,3",4,82944.0,83363.0,82944.0,torch.uint8,"[1, 288, 288]",True,Tensor,82944.0,83366.0,82944.0,torch.uint8,"[1, 288, 288]",True,uint8:1ch
blur,blur:uint8:1ch:t6,uint8:1ch,t6,,round1_20260927,baseline,train,2,384,384,112,22.34411143997152,6.14959979429841,6.053072027862072,80.18686436116695,40.15492990807726,6.035724654793739,253.66065744310617,2.50254048127681,ch32_scale_affine_20260927,torchvision.transforms.GaussianBlur,"{""kernel_size"": 11, ""sigma"": [0.1, 2.0]}",torch.manual_seed/random.seed(base_seed + 100000*block_id + call_index); set outside the timing window,20460927,"0,1,2,3",4,147456.0,147875.0,147456.0,torch.uint8,"[1, 384, 384]",True,Tensor,147456.0,147878.0,147456.0,torch.uint8,"[1, 384, 384]",True,uint8:1ch
blur,blur:uint8:1ch:v3,uint8:1ch,v3,,round1_20260927,baseline,validation,2,448,448,82,31.155076264063034,7.963352371007204,7.860176917165518,113.78118544816974,57.78526767061237,7.7822646126151085,339.25467263907194,2.5547162536531687,ch32_scale_affine_20260927,torchvision.transforms.GaussianBlur,"{""kernel_size"": 11, ""sigma"": [0.1, 2.0]}",torch.manual_seed/random.seed(base_seed + 100000*block_id + call_index); set outside the timing window,20460927,"0,1,2,3",4,200704.0,201123.0,200704.0,torch.uint8,"[1, 448, 448]",True,Tensor,200704.0,201126.0,200704.0,torch.uint8,"[1, 448, 448]",True,uint8:1ch
blur,blur:uint8:1ch:t7,uint8:1ch,t7,,round1_20260927,baseline,train,2,512,512,59,47.06461928090302,10.680611245334148,10.431886650621891,149.9636560678482,84.35979777665693,10.343781672418118,442.0440932735801,2.776812537573278,ch32_scale_affine_20260927,torchvision.transforms.GaussianBlur,"{""kernel_size"": 11, ""sigma"": [0.1, 2.0]}",torch.manual_seed/random.seed(base_seed + 100000*block_id + call_index); set outside the timing window,20460927,"0,1,2,3",4,262144.0,262563.0,262144.0,torch.uint8,"[1, 512, 512]",True,Tensor,262144.0,262566.0,262144.0,torch.uint8,"[1, 512, 512]",True,uint8:1ch
jitter,jitter:float32:3ch:t0,float32:3ch,t0,,round1_20260927,baseline,train,2,64,64,400,1.6532951989211142,1.4240732416510582,1.3414124958217144,1.5423689968883991,0.8099760003278648,1.3097114861011505,5.217675119638443,0.6613180795684457,ch32_scale_affine_20260927,torchvision.transforms.ColorJitter,"{""brightness"": 0.1, ""contrast"": 0.1, ""hue"": 0.1, ""saturation"": 0.1}",torch.manual_seed/random.seed(base_seed + 100000*block_id + call_index); set outside the timing window,20460927,"0,1,2,3",4,12288.0,49559.0,49152.0,torch.float32,"[3, 64, 64]",True,Tensor,12288.0,49558.0,49152.0,torch.float32,"[3, 64, 64]",False,float32:3ch
jitter,jitter:float32:3ch:v0,float32:3ch,v0,,round1_20260927,baseline,validation,2,80,80,400,1.7006568307988346,1.6915458254516125,1.5975183807313442,1.8281418830156326,0.09277273427040328,1.5366878360509872,2.010183408856392,0.6802627323195338,ch32_scale_affine_20260927,torchvision.transforms.ColorJitter,"{""brightness"": 0.1, ""contrast"": 0.1, ""hue"": 0.1, ""saturation"": 0.1}",torch.manual_seed/random.seed(base_seed + 100000*block_id + call_index); set outside the timing window,20460927,"0,1,2,3",4,19200.0,77216.0,76800.0,torch.float32,"[3, 80, 80]",True,Tensor,19200.0,77215.0,76800.0,torch.float32,"[3, 80, 80]",False,float32:3ch
jitter,jitter:float32:3ch:t1,float32:3ch,t1,,round1_20260927,baseline,train,2,96,96,400,1.9795028096996248,1.9844509661197662,1.8820460885763168,2.056346833705902,0.09603151773094987,1.8421439453959465,3.2936669886112213,0.7918011238798499,ch32_scale_affine_20260927,torchvision.transforms.ColorJitter,"{""brightness"": 0.1, ""contrast"": 0.1, ""hue"": 0.1, ""saturation"": 0.1}",torch.manual_seed/random.seed(base_seed + 100000*block_id + call_index); set outside the timing window,20460927,"0,1,2,3",4,27648.0,111008.0,110592.0,torch.float32,"[3, 96, 96]",True,Tensor,27648.0,111008.0,110592.0,torch.float32,"[3, 96, 96]",False,float32:3ch
jitter,jitter:float32:3ch:t2,float32:3ch,t2,,round1_20260927,baseline,train,2,144,144,400,3.224361047614366,3.20229260250926,3.0406233854591846,3.384499251842499,0.27572700789877774,2.9976163059473038,6.656348705291748,1.2897444190457463,ch32_scale_affine_20260927,torchvision.transforms.ColorJitter,"{""brightness"": 0.1, ""contrast"": 0.1, ""hue"": 0.1, ""saturation"": 0.1}",torch.manual_seed/random.seed(base_seed + 100000*block_id + call_index); set outside the timing window,20460927,"0,1,2,3",4,62208.0,249248.0,248832.0,torch.float32,"[3, 144, 144]",True,Tensor,62208.0,249248.0,248832.0,torch.float32,"[3, 144, 144]",False,float32:3ch
jitter,jitter:float32:3ch:v1,float32:3ch,v1,,round1_20260927,baseline,validation,2,160,160,399,3.761250523378825,3.7821056321263313,3.576415404677391,3.9614468812942505,0.15446069872504212,3.5368315875530243,4.274194128811359,1.5007389588281512,ch32_scale_affine_20260927,torchvision.transforms.ColorJitter,"{""brightness"": 0.1, ""contrast"": 0.1, ""hue"": 0.1, ""saturation"": 0.1}",torch.manual_seed/random.seed(base_seed + 100000*block_id + call_index); set outside the timing window,20460927,"0,1,2,3",4,76800.0,307618.0,307200.0,torch.float32,"[3, 160, 160]",True,Tensor,76800.0,307618.0,307200.0,torch.float32,"[3, 160, 160]",False,float32:3ch
jitter,jitter:float32:3ch:t3,float32:3ch,t3,,round1_20260927,baseline,train,2,192,192,282,5.32830958023456,5.327004007995129,5.046393536031246,5.632461979985237,0.25083404248613606,4.962143488228321,6.20537344366312,1.5025833016261458,ch32_scale_affine_20260927,torchvision.transforms.ColorJitter,"{""brightness"": 0.1, ""contrast"": 0.1, ""hue"": 0.1, ""saturation"": 0.1}",torch.manual_seed/random.seed(base_seed + 100000*block_id + call_index); set outside the timing window,20460927,"0,1,2,3",4,110592.0,442786.0,442368.0,torch.float32,"[3, 192, 192]",True,Tensor,110592.0,442786.0,442368.0,torch.float32,"[3, 192, 192]",False,float32:3ch
jitter,jitter:float32:3ch:t4,float32:3ch,t4,,round1_20260927,baseline,train,2,224,224,214,7.015640272924276,7.0125809870660305,6.62695961073041,7.44894202798605,0.36006588996982436,6.503990851342678,8.815747685730457,1.501347018405795,ch32_scale_affine_20260927,torchvision.transforms.ColorJitter,"{""brightness"": 0.1, ""contrast"": 0.1, ""hue"": 0.1, ""saturation"": 0.1}",torch.manual_seed/random.seed(base_seed + 100000*block_id + call_index); set outside the timing window,20460927,"0,1,2,3",4,150528.0,602530.0,602112.0,torch.float32,"[3, 224, 224]",True,Tensor,150528.0,602530.0,602112.0,torch.float32,"[3, 224, 224]",False,float32:3ch
jitter,jitter:float32:3ch:v2,float32:3ch,v2,,round1_20260927,baseline,validation,2,256,256,160,9.410340979229659,9.396315086632967,8.892688527703285,9.95210288092494,0.4143860655629082,8.785049431025982,10.570190846920013,1.5056545566767454,ch32_scale_affine_20260927,torchvision.transforms.ColorJitter,"{""brightness"": 0.1, ""contrast"": 0.1, ""hue"": 0.1, ""saturation"": 0.1}",torch.manual_seed/random.seed(base_seed + 100000*block_id + call_index); set outside the timing window,20460927,"0,1,2,3",4,196608.0,786855.0,786432.0,torch.float32,"[3, 256, 256]",True,Tensor,196608.0,786852.0,786432.0,torch.float32,"[3, 256, 256]",False,float32:3ch
jitter,jitter:float32:3ch:t5,float32:3ch,t5,,round1_20260927,baseline,train,2,288,288,123,12.265015491928027,11.8628004565835,10.9016677364707,14.30492978543043,1.3431024772753646,10.734118521213531,16.619407571852207,1.5085969055071473,ch32_scale_affine_20260927,torchvision.transforms.ColorJitter,"{""brightness"": 0.1, ""contrast"": 0.1, ""hue"": 0.1, ""saturation"": 0.1}",torch.manual_seed/random.seed(base_seed + 100000*block_id + call_index); set outside the timing window,20460927,"0,1,2,3",4,248832.0,995751.0,995328.0,torch.float32,"[3, 288, 288]",True,Tensor,248832.0,995748.0,995328.0,torch.float32,"[3, 288, 288]",False,float32:3ch
jitter,jitter:float32:3ch:t6,float32:3ch,t6,,round1_20260927,baseline,train,2,384,384,55,27.65104266052896,28.77653855830431,22.60275799781084,31.337982788681984,3.332215546508124,21.184315904974937,32.79900550842285,1.520807346329093,ch32_scale_affine_20260927,torchvision.transforms.ColorJitter,"{""brightness"": 0.1, ""contrast"": 0.1, ""hue"": 0.1, ""saturation"": 0.1}",torch.manual_seed/random.seed(base_seed + 100000*block_id + call_index); set outside the timing window,20460927,"0,1,2,3",4,442368.0,1769895.0,1769472.0,torch.float32,"[3, 384, 384]",True,Tensor,442368.0,1769892.0,1769472.0,torch.float32,"[3, 384, 384]",False,float32:3ch
jitter,jitter:float32:3ch:v3,float32:3ch,v3,,round1_20260927,baseline,validation,2,448,448,40,37.59896019473672,36.570202093571424,33.98061618208885,44.820074550807476,4.2248548582724945,33.61408319324255,49.38732925802469,1.5039584077894688,ch32_scale_affine_20260927,torchvision.transforms.ColorJitter,"{""brightness"": 0.1, ""contrast"": 0.1, ""hue"": 0.1, ""saturation"": 0.1}",torch.manual_seed/random.seed(base_seed + 100000*block_id + call_index); set outside the timing window,20460927,"0,1,2,3",4,602112.0,2408871.0,2408448.0,torch.float32,"[3, 448, 448]",True,Tensor,602112.0,2408868.0,2408448.0,torch.float32,"[3, 448, 448]",False,float32:3ch
jitter,jitter:float32:3ch:t7,float32:3ch,t7,,round1_20260927,baseline,train,2,512,512,28,54.9459510948509,54.72830682992935,52.49963477253914,57.74429962038994,2.1925797351672323,52.04639304429293,60.98402477800846,1.5384866306558251,ch32_scale_affine_20260927,torchvision.transforms.ColorJitter,"{""brightness"": 0.1, ""contrast"": 0.1, ""hue"": 0.1, ""saturation"": 0.1}",torch.manual_seed/random.seed(base_seed + 100000*block_id + call_index); set outside the timing window,20460927,"0,1,2,3",4,786432.0,3146151.0,3145728.0,torch.float32,"[3, 512, 512]",True,Tensor,786432.0,3146148.0,3145728.0,torch.float32,"[3, 512, 512]",False,float32:3ch
jitter,jitter:float32:1ch:t0,float32:1ch,t0,,round1_20260927,baseline,train,2,64,64,400,0.2804947318509221,0.2779928036034107,0.26469435542821884,0.2990914508700371,0.013363282273889039,0.2521667629480362,0.3407159820199013,0.11219789274036884,ch32_scale_affine_20260927,torchvision.transforms.ColorJitter,"{""brightness"": 0.1, ""contrast"": 0.1, ""hue"": 0.1, ""saturation"": 0.1}",torch.manual_seed/random.seed(base_seed + 100000*block_id + call_index); set outside the timing window,20460927,"0,1,2,3",4,4096.0,16790.0,16384.0,torch.float32,"[1, 64, 64]",True,Tensor,4096.0,16791.0,16384.0,torch.float32,"[1, 64, 64]",True,float32:1ch
jitter,jitter:float32:1ch:v0,float32:1ch,v0,,round1_20260927,baseline,validation,2,80,80,400,0.2735332865267992,0.27173757553100586,0.2674492076039314,0.2814662642776966,0.006683416369705637,0.2634972333908081,0.3206757828593254,0.10941331461071968,ch32_scale_affine_20260927,torchvision.transforms.ColorJitter,"{""brightness"": 0.1, ""contrast"": 0.1, ""hue"": 0.1, ""saturation"": 0.1}",torch.manual_seed/random.seed(base_seed + 100000*block_id + call_index); set outside the timing window,20460927,"0,1,2,3",4,6400.0,26006.0,25600.0,torch.float32,"[1, 80, 80]",True,Tensor,6400.0,26007.0,25600.0,torch.float32,"[1, 80, 80]",True,float32:1ch
jitter,jitter:float32:1ch:t1,float32:1ch,t1,,round1_20260927,baseline,train,2,96,96,400,0.2734246524050832,0.27175480499863625,0.2668561413884163,0.28117019683122635,0.006284580898084856,0.26328302919864655,0.3139227628707886,0.10936986096203327,ch32_scale_affine_20260927,torchvision.transforms.ColorJitter,"{""brightness"": 0.1, ""contrast"": 0.1, ""hue"": 0.1, ""saturation"": 0.1}",torch.manual_seed/random.seed(base_seed + 100000*block_id + call_index); set outside the timing window,20460927,"0,1,2,3",4,9216.0,37270.0,36864.0,torch.float32,"[1, 96, 96]",True,Tensor,9216.0,37271.0,36864.0,torch.float32,"[1, 96, 96]",True,float32:1ch
jitter,jitter:float32:1ch:t2,float32:1ch,t2,,round1_20260927,baseline,train,2,144,144,400,0.3035363834351301,0.3022761084139347,0.29367636889219284,0.316503643989563,0.009034635064266645,0.28919149190187454,0.3420775756239891,0.12141455337405205,ch32_scale_affine_20260927,torchvision.transforms.ColorJitter,"{""brightness"": 0.1, ""contrast"": 0.1, ""hue"": 0.1, ""saturation"": 0.1}",torch.manual_seed/random.seed(base_seed + 100000*block_id + call_index); set outside the timing window,20460927,"0,1,2,3",4,20736.0,83359.0,82944.0,torch.float32,"[1, 144, 144]",True,Tensor,20736.0,83360.0,82944.0,torch.float32,"[1, 144, 144]",True,float32:1ch
jitter,jitter:float32:1ch:v1,float32:1ch,v1,,round1_20260927,baseline,validation,2,160,160,400,0.33118034014478326,0.31600333750247955,0.29551833868026733,0.3988752141594887,0.042941460048806626,0.2856440842151642,0.5057593807578087,0.1324721360579133,ch32_scale_affine_20260927,torchvision.transforms.ColorJitter,"{""brightness"": 0.1, ""contrast"": 0.1, ""hue"": 0.1, ""saturation"": 0.1}",torch.manual_seed/random.seed(base_seed + 100000*block_id + call_index); set outside the timing window,20460927,"0,1,2,3",4,25600.0,102815.0,102400.0,torch.float32,"[1, 160, 160]",True,Tensor,25600.0,102816.0,102400.0,torch.float32,"[1, 160, 160]",True,float32:1ch
jitter,jitter:float32:1ch:t3,float32:1ch,t3,,round1_20260927,baseline,train,2,192,192,400,0.33848827239125967,0.3335629589855671,0.324429664760828,0.36168843507766724,0.014633073372864187,0.3181369975209236,0.3891037777066231,0.13539530895650387,ch32_scale_affine_20260927,torchvision.transforms.ColorJitter,"{""brightness"": 0.1, ""contrast"": 0.1, ""hue"": 0.1, ""saturation"": 0.1}",torch.manual_seed/random.seed(base_seed + 100000*block_id + call_index); set outside the timing window,20460927,"0,1,2,3",4,36864.0,147871.0,147456.0,torch.float32,"[1, 192, 192]",True,Tensor,36864.0,147872.0,147456.0,torch.float32,"[1, 192, 192]",True,float32:1ch
jitter,jitter:float32:1ch:t4,float32:1ch,t4,,round1_20260927,baseline,train,2,224,224,400,0.37146415561437607,0.36888523027300835,0.35613952204585075,0.3919207490980625,0.01589101223053592,0.34336186945438385,0.4630396142601967,0.14858566224575043,ch32_scale_affine_20260927,torchvision.transforms.ColorJitter,"{""brightness"": 0.1, ""contrast"": 0.1, ""hue"": 0.1, ""saturation"": 0.1}",torch.manual_seed/random.seed(base_seed + 100000*block_id + call_index); set outside the timing window,20460927,"0,1,2,3",4,50176.0,201119.0,200704.0,torch.float32,"[1, 224, 224]",True,Tensor,50176.0,201120.0,200704.0,torch.float32,"[1, 224, 224]",True,float32:1ch
jitter,jitter:float32:1ch:v2,float32:1ch,v2,,round1_20260927,baseline,validation,2,256,256,400,0.41762119624763727,0.4089553840458393,0.39588939398527145,0.4567572847008705,0.023499648071832736,0.388413667678833,0.5253525450825691,0.1670484784990549,ch32_scale_affine_20260927,torchvision.transforms.ColorJitter,"{""brightness"": 0.1, ""contrast"": 0.1, ""hue"": 0.1, ""saturation"": 0.1}",torch.manual_seed/random.seed(base_seed + 100000*block_id + call_index); set outside the timing window,20460927,"0,1,2,3",4,65536.0,262564.0,262144.0,torch.float32,"[1, 256, 256]",True,Tensor,65536.0,262567.0,262144.0,torch.float32,"[1, 256, 256]",True,float32:1ch
jitter,jitter:float32:1ch:t5,float32:1ch,t5,,round1_20260927,baseline,train,2,288,288,400,0.48762996681034565,0.4808921366930008,0.46160491183400154,0.520782358944416,0.027380080958431977,0.4379516467452049,0.6365654990077019,0.19505198672413826,ch32_scale_affine_20260927,torchvision.transforms.ColorJitter,"{""brightness"": 0.1, ""contrast"": 0.1, ""hue"": 0.1, ""saturation"": 0.1}",torch.manual_seed/random.seed(base_seed + 100000*block_id + call_index); set outside the timing window,20460927,"0,1,2,3",4,82944.0,332196.0,331776.0,torch.float32,"[1, 288, 288]",True,Tensor,82944.0,332199.0,331776.0,torch.float32,"[1, 288, 288]",True,float32:1ch
jitter,jitter:float32:1ch:t6,float32:1ch,t6,,round1_20260927,baseline,train,2,384,384,400,0.7401139987632632,0.7362337782979012,0.7044653408229351,0.7773217745125294,0.030375745723233823,0.6739525124430656,0.8648214861750603,0.2960455995053053,ch32_scale_affine_20260927,torchvision.transforms.ColorJitter,"{""brightness"": 0.1, ""contrast"": 0.1, ""hue"": 0.1, ""saturation"": 0.1}",torch.manual_seed/random.seed(base_seed + 100000*block_id + call_index); set outside the timing window,20460927,"0,1,2,3",4,147456.0,590244.0,589824.0,torch.float32,"[1, 384, 384]",True,Tensor,147456.0,590247.0,589824.0,torch.float32,"[1, 384, 384]",True,float32:1ch
jitter,jitter:float32:1ch:v3,float32:1ch,v3,,round1_20260927,baseline,validation,2,448,448,400,0.878352855797857,0.8649691008031368,0.8439342491328716,0.9118369780480862,0.07273188434509774,0.8261622861027718,2.09179800003767,0.3513411423191428,ch32_scale_affine_20260927,torchvision.transforms.ColorJitter,"{""brightness"": 0.1, ""contrast"": 0.1, ""hue"": 0.1, ""saturation"": 0.1}",torch.manual_seed/random.seed(base_seed + 100000*block_id + call_index); set outside the timing window,20460927,"0,1,2,3",4,200704.0,803236.0,802816.0,torch.float32,"[1, 448, 448]",True,Tensor,200704.0,803239.0,802816.0,torch.float32,"[1, 448, 448]",True,float32:1ch
jitter,jitter:float32:1ch:t7,float32:1ch,t7,,round1_20260927,baseline,train,2,512,512,400,1.3170699123293161,1.310916617512703,1.2030699290335178,1.423182152211666,0.08675597447719609,1.1469563469290733,1.561025157570839,0.5268279649317265,ch32_scale_affine_20260927,torchvision.transforms.ColorJitter,"{""brightness"": 0.1, ""contrast"": 0.1, ""hue"": 0.1, ""saturation"": 0.1}",torch.manual_seed/random.seed(base_seed + 100000*block_id + call_index); set outside the timing window,20460927,"0,1,2,3",4,262144.0,1048996.0,1048576.0,torch.float32,"[1, 512, 512]",True,Tensor,262144.0,1048999.0,1048576.0,torch.float32,"[1, 512, 512]",True,float32:1ch
jitter,jitter:uint8:3ch:t0,uint8:3ch,t0,,round1_20260927,baseline,train,2,64,64,400,1.638665720820427,1.6372925601899624,1.5839794650673866,1.6862212680280209,0.04487496074471802,1.541939564049244,1.8927371129393578,0.6554662883281708,ch32_scale_affine_20260927,torchvision.transforms.ColorJitter,"{""brightness"": 0.1, ""contrast"": 0.1, ""hue"": 0.1, ""saturation"": 0.1}",torch.manual_seed/random.seed(base_seed + 100000*block_id + call_index); set outside the timing window,20460927,"0,1,2,3",4,12288.0,12694.0,12288.0,torch.uint8,"[3, 64, 64]",True,Tensor,12288.0,12693.0,12288.0,torch.uint8,"[3, 64, 64]",False,uint8:3ch
jitter,jitter:uint8:3ch:v0,uint8:3ch,v0,,round1_20260927,baseline,validation,2,80,80,400,1.8183457246050239,1.81569904088974,1.763775572180748,1.8744184635579586,0.04786136604506957,1.7255814746022224,2.0990371704101562,0.7273382898420095,ch32_scale_affine_20260927,torchvision.transforms.ColorJitter,"{""brightness"": 0.1, ""contrast"": 0.1, ""hue"": 0.1, ""saturation"": 0.1}",torch.manual_seed/random.seed(base_seed + 100000*block_id + call_index); set outside the timing window,20460927,"0,1,2,3",4,19200.0,19606.0,19200.0,torch.uint8,"[3, 80, 80]",True,Tensor,19200.0,19605.0,19200.0,torch.uint8,"[3, 80, 80]",False,uint8:3ch
jitter,jitter:uint8:3ch:t1,uint8:3ch,t1,,round1_20260927,baseline,train,2,96,96,400,2.339965719729662,2.3099728859961033,2.1754445508122444,2.5328791700303555,0.13282270859189466,2.124521881341934,2.8488393872976303,0.9359862878918648,ch32_scale_affine_20260927,torchvision.transforms.ColorJitter,"{""brightness"": 0.1, ""contrast"": 0.1, ""hue"": 0.1, ""saturation"": 0.1}",torch.manual_seed/random.seed(base_seed + 100000*block_id + call_index); set outside the timing window,20460927,"0,1,2,3",4,27648.0,28054.0,27648.0,torch.uint8,"[3, 96, 96]",True,Tensor,27648.0,28054.0,27648.0,torch.uint8,"[3, 96, 96]",False,uint8:3ch
jitter,jitter:uint8:3ch:t2,uint8:3ch,t2,,round1_20260927,baseline,train,2,144,144,400,3.6310079880058765,3.6029834300279617,3.4554636105895042,3.812115825712681,0.18577358990729423,3.357146866619587,4.310484975576401,1.4524031952023506,ch32_scale_affine_20260927,torchvision.transforms.ColorJitter,"{""brightness"": 0.1, ""contrast"": 0.1, ""hue"": 0.1, ""saturation"": 0.1}",torch.manual_seed/random.seed(base_seed + 100000*block_id + call_index); set outside the timing window,20460927,"0,1,2,3",4,62208.0,62614.0,62208.0,torch.uint8,"[3, 144, 144]",True,Tensor,62208.0,62614.0,62208.0,torch.uint8,"[3, 144, 144]",False,uint8:3ch
jitter,jitter:uint8:3ch:v1,uint8:3ch,v1,,round1_20260927,baseline,validation,2,160,160,344,4.361475969469825,4.356460180133581,4.17858837172389,4.519866872578859,0.2823586944198879,4.0837181732058525,8.948826231062412,1.5003477334976196,ch32_scale_affine_20260927,torchvision.transforms.ColorJitter,"{""brightness"": 0.1, ""contrast"": 0.1, ""hue"": 0.1, ""saturation"": 0.1}",torch.manual_seed/random.seed(base_seed + 100000*block_id + call_index); set outside the timing window,20460927,"0,1,2,3",4,76800.0,77217.0,76800.0,torch.uint8,"[3, 160, 160]",True,Tensor,76800.0,77217.0,76800.0,torch.uint8,"[3, 160, 160]",False,uint8:3ch
jitter,jitter:uint8:3ch:t3,uint8:3ch,t3,,round1_20260927,baseline,train,2,192,192,257,5.842496789556997,5.832260474562645,5.650973692536354,6.032960489392281,0.1622000464287385,5.540777929127216,6.512613967061043,1.5015216749161482,ch32_scale_affine_20260927,torchvision.transforms.ColorJitter,"{""brightness"": 0.1, ""contrast"": 0.1, ""hue"": 0.1, ""saturation"": 0.1}",torch.manual_seed/random.seed(base_seed + 100000*block_id + call_index); set outside the timing window,20460927,"0,1,2,3",4,110592.0,111009.0,110592.0,torch.uint8,"[3, 192, 192]",True,Tensor,110592.0,111009.0,110592.0,torch.uint8,"[3, 192, 192]",False,uint8:3ch
jitter,jitter:uint8:3ch:t4,uint8:3ch,t4,,round1_20260927,baseline,train,2,224,224,189,7.944489582860596,7.941980846226215,7.547001168131828,8.249285258352757,0.2889879434680727,7.430774159729481,9.039119817316532,1.5015085311606526,ch32_scale_affine_20260927,torchvision.transforms.ColorJitter,"{""brightness"": 0.1, ""contrast"": 0.1, ""hue"": 0.1, ""saturation"": 0.1}",torch.manual_seed/random.seed(base_seed + 100000*block_id + call_index); set outside the timing window,20460927,"0,1,2,3",4,150528.0,150945.0,150528.0,torch.uint8,"[3, 224, 224]",True,Tensor,150528.0,150945.0,150528.0,torch.uint8,"[3, 224, 224]",False,uint8:3ch
jitter,jitter:uint8:3ch:v2,uint8:3ch,v2,,round1_20260927,baseline,validation,2,256,256,143,10.549268945791088,10.529805906116962,10.16758382320404,10.96627414226532,0.33380150621308924,10.01892052590847,11.638669297099113,1.5085454592481256,ch32_scale_affine_20260927,torchvision.transforms.ColorJitter,"{""brightness"": 0.1, ""contrast"": 0.1, ""hue"": 0.1, ""saturation"": 0.1}",torch.manual_seed/random.seed(base_seed + 100000*block_id + call_index); set outside the timing window,20460927,"0,1,2,3",4,196608.0,197030.0,196608.0,torch.uint8,"[3, 256, 256]",True,Tensor,196608.0,197027.0,196608.0,torch.uint8,"[3, 256, 256]",False,uint8:3ch
jitter,jitter:uint8:3ch:t5,uint8:3ch,t5,,round1_20260927,baseline,train,2,288,288,114,13.253480963931795,13.090829830616713,12.47105086222291,13.858977798372507,0.9115208477980374,12.176656164228916,18.44713930040598,1.5108968298882246,ch32_scale_affine_20260927,torchvision.transforms.ColorJitter,"{""brightness"": 0.1, ""contrast"": 0.1, ""hue"": 0.1, ""saturation"": 0.1}",torch.manual_seed/random.seed(base_seed + 100000*block_id + call_index); set outside the timing window,20460927,"0,1,2,3",4,248832.0,249254.0,248832.0,torch.uint8,"[3, 288, 288]",True,Tensor,248832.0,249251.0,248832.0,torch.uint8,"[3, 288, 288]",False,uint8:3ch
jitter,jitter:uint8:3ch:t6,uint8:3ch,t6,,round1_20260927,baseline,train,2,384,384,61,24.715967003072873,24.705855175852776,23.64349737763405,25.825008749961853,0.8505029560099526,23.142345249652863,26.423313654959202,1.5076739871874452,ch32_scale_affine_20260927,torchvision.transforms.ColorJitter,"{""brightness"": 0.1, ""contrast"": 0.1, ""hue"": 0.1, ""saturation"": 0.1}",torch.manual_seed/random.seed(base_seed + 100000*block_id + call_index); set outside the timing window,20460927,"0,1,2,3",4,442368.0,442790.0,442368.0,torch.uint8,"[3, 384, 384]",True,Tensor,442368.0,442787.0,442368.0,torch.uint8,"[3, 384, 384]",False,uint8:3ch
jitter,jitter:uint8:3ch:v3,uint8:3ch,v3,,round1_20260927,baseline,validation,2,448,448,39,39.32144390180325,39.601861499249935,37.611119262874126,40.704867988824844,1.3281623672542449,36.62284184247255,41.82082135230303,1.5335363121703267,ch32_scale_affine_20260927,torchvision.transforms.ColorJitter,"{""brightness"": 0.1, ""contrast"": 0.1, ""hue"": 0.1, ""saturation"": 0.1}",torch.manual_seed/random.seed(base_seed + 100000*block_id + call_index); set outside the timing window,20460927,"0,1,2,3",4,602112.0,602534.0,602112.0,torch.uint8,"[3, 448, 448]",True,Tensor,602112.0,602531.0,602112.0,torch.uint8,"[3, 448, 448]",False,uint8:3ch
jitter,jitter:uint8:3ch:t7,uint8:3ch,t7,,round1_20260927,baseline,train,2,512,512,22,68.90229364349084,69.17901430279016,64.79279240593314,71.33426601067185,2.6356715413121465,61.99267040938139,72.41703849285841,1.5158504601567984,ch32_scale_affine_20260927,torchvision.transforms.ColorJitter,"{""brightness"": 0.1, ""contrast"": 0.1, ""hue"": 0.1, ""saturation"": 0.1}",torch.manual_seed/random.seed(base_seed + 100000*block_id + call_index); set outside the timing window,20460927,"0,1,2,3",4,786432.0,786854.0,786432.0,torch.uint8,"[3, 512, 512]",True,Tensor,786432.0,786851.0,786432.0,torch.uint8,"[3, 512, 512]",False,uint8:3ch
jitter,jitter:uint8:1ch:t0,uint8:1ch,t0,,round1_20260927,baseline,train,2,64,64,400,0.2883931156247854,0.2857362851500511,0.280693918466568,0.2986653707921505,0.007951724753065836,0.2752281725406647,0.33608172088861465,0.11535724624991417,ch32_scale_affine_20260927,torchvision.transforms.ColorJitter,"{""brightness"": 0.1, ""contrast"": 0.1, ""hue"": 0.1, ""saturation"": 0.1}",torch.manual_seed/random.seed(base_seed + 100000*block_id + call_index); set outside the timing window,20460927,"0,1,2,3",4,4096.0,4501.0,4096.0,torch.uint8,"[1, 64, 64]",True,Tensor,4096.0,4502.0,4096.0,torch.uint8,"[1, 64, 64]",True,uint8:1ch
jitter,jitter:uint8:1ch:v0,uint8:1ch,v0,,round1_20260927,baseline,validation,2,80,80,400,0.2984924986958504,0.29657548293471336,0.28724120929837227,0.31191548332571983,0.011548706135550956,0.27748849242925644,0.3842869773507118,0.11939699947834015,ch32_scale_affine_20260927,torchvision.transforms.ColorJitter,"{""brightness"": 0.1, ""contrast"": 0.1, ""hue"": 0.1, ""saturation"": 0.1}",torch.manual_seed/random.seed(base_seed + 100000*block_id + call_index); set outside the timing window,20460927,"0,1,2,3",4,6400.0,6805.0,6400.0,torch.uint8,"[1, 80, 80]",True,Tensor,6400.0,6806.0,6400.0,torch.uint8,"[1, 80, 80]",True,uint8:1ch
jitter,jitter:uint8:1ch:t1,uint8:1ch,t1,,round1_20260927,baseline,train,2,96,96,400,0.2987768827006221,0.2970476634800434,0.29157185927033424,0.3074665553867817,0.007062119153321849,0.2870121970772743,0.3394968807697296,0.11951075308024883,ch32_scale_affine_20260927,torchvision.transforms.ColorJitter,"{""brightness"": 0.1, ""contrast"": 0.1, ""hue"": 0.1, ""saturation"": 0.1}",torch.manual_seed/random.seed(base_seed + 100000*block_id + call_index); set outside the timing window,20460927,"0,1,2,3",4,9216.0,9621.0,9216.0,torch.uint8,"[1, 96, 96]",True,Tensor,9216.0,9622.0,9216.0,torch.uint8,"[1, 96, 96]",True,uint8:1ch
jitter,jitter:uint8:1ch:t2,uint8:1ch,t2,,round1_20260927,baseline,train,2,144,144,400,0.33567499136552215,0.33499859273433685,0.32578976824879646,0.34654540941119194,0.008077406751506278,0.31930580735206604,0.3621801733970642,0.13426999654620886,ch32_scale_affine_20260927,torchvision.transforms.ColorJitter,"{""brightness"": 0.1, ""contrast"": 0.1, ""hue"": 0.1, ""saturation"": 0.1}",torch.manual_seed/random.seed(base_seed + 100000*block_id + call_index); set outside the timing window,20460927,"0,1,2,3",4,20736.0,21141.0,20736.0,torch.uint8,"[1, 144, 144]",True,Tensor,20736.0,21142.0,20736.0,torch.uint8,"[1, 144, 144]",True,uint8:1ch
jitter,jitter:uint8:1ch:v1,uint8:1ch,v1,,round1_20260927,baseline,validation,2,160,160,400,0.37939531495794654,0.37763919681310654,0.36234259605407715,0.39926450699567795,0.016528851583740786,0.34901220351457596,0.4895944148302078,0.15175812598317862,ch32_scale_affine_20260927,torchvision.transforms.ColorJitter,"{""brightness"": 0.1, ""contrast"": 0.1, ""hue"": 0.1, ""saturation"": 0.1}",torch.manual_seed/random.seed(base_seed + 100000*block_id + call_index); set outside the timing window,20460927,"0,1,2,3",4,25600.0,26005.0,25600.0,torch.uint8,"[1, 160, 160]",True,Tensor,25600.0,26006.0,25600.0,torch.uint8,"[1, 160, 160]",True,uint8:1ch
jitter,jitter:uint8:1ch:t3,uint8:1ch,t3,,round1_20260927,baseline,train,2,192,192,400,0.4547553020529449,0.45141298323869705,0.43721888214349747,0.4779917187988758,0.01702085141246087,0.38216542452573776,0.5264086648821831,0.18190212082117796,ch32_scale_affine_20260927,torchvision.transforms.ColorJitter,"{""brightness"": 0.1, ""contrast"": 0.1, ""hue"": 0.1, ""saturation"": 0.1}",torch.manual_seed/random.seed(base_seed + 100000*block_id + call_index); set outside the timing window,20460927,"0,1,2,3",4,36864.0,37269.0,36864.0,torch.uint8,"[1, 192, 192]",True,Tensor,36864.0,37270.0,36864.0,torch.uint8,"[1, 192, 192]",True,uint8:1ch
jitter,jitter:uint8:1ch:t4,uint8:1ch,t4,,round1_20260927,baseline,train,2,224,224,400,0.44330600183457136,0.44190138578414917,0.4299759864807129,0.4586859606206417,0.012078707328208604,0.42097922414541245,0.4986189305782318,0.17732240073382854,ch32_scale_affine_20260927,torchvision.transforms.ColorJitter,"{""brightness"": 0.1, ""contrast"": 0.1, ""hue"": 0.1, ""saturation"": 0.1}",torch.manual_seed/random.seed(base_seed + 100000*block_id + call_index); set outside the timing window,20460927,"0,1,2,3",4,50176.0,50581.0,50176.0,torch.uint8,"[1, 224, 224]",True,Tensor,50176.0,50582.0,50176.0,torch.uint8,"[1, 224, 224]",True,uint8:1ch
jitter,jitter:uint8:1ch:v2,uint8:1ch,v2,,round1_20260927,baseline,validation,2,256,256,400,0.5154855060391128,0.5151573568582535,0.4932388663291931,0.5374123342335224,0.017728519470971763,0.4735039547085762,0.5800016224384308,0.20619420241564512,ch32_scale_affine_20260927,torchvision.transforms.ColorJitter,"{""brightness"": 0.1, ""contrast"": 0.1, ""hue"": 0.1, ""saturation"": 0.1}",torch.manual_seed/random.seed(base_seed + 100000*block_id + call_index); set outside the timing window,20460927,"0,1,2,3",4,65536.0,65955.0,65536.0,torch.uint8,"[1, 256, 256]",True,Tensor,65536.0,65958.0,65536.0,torch.uint8,"[1, 256, 256]",True,uint8:1ch
jitter,jitter:uint8:1ch:t5,uint8:1ch,t5,,round1_20260927,baseline,train,2,288,288,400,0.5769784958101809,0.5759447813034058,0.548793189227581,0.6028193980455399,0.022853768776607587,0.5327416583895683,0.6784591823816299,0.23079139832407236,ch32_scale_affine_20260927,torchvision.transforms.ColorJitter,"{""brightness"": 0.1, ""contrast"": 0.1, ""hue"": 0.1, ""saturation"": 0.1}",torch.manual_seed/random.seed(base_seed + 100000*block_id + call_index); set outside the timing window,20460927,"0,1,2,3",4,82944.0,83363.0,82944.0,torch.uint8,"[1, 288, 288]",True,Tensor,82944.0,83366.0,82944.0,torch.uint8,"[1, 288, 288]",True,uint8:1ch
jitter,jitter:uint8:1ch:t6,uint8:1ch,t6,,round1_20260927,baseline,train,2,384,384,400,0.8899454260244966,0.887429341673851,0.8734713308513165,0.9078100323677063,0.015652599255148954,0.857274979352951,0.9807776659727097,0.3559781704097986,ch32_scale_affine_20260927,torchvision.transforms.ColorJitter,"{""brightness"": 0.1, ""contrast"": 0.1, ""hue"": 0.1, ""saturation"": 0.1}",torch.manual_seed/random.seed(base_seed + 100000*block_id + call_index); set outside the timing window,20460927,"0,1,2,3",4,147456.0,147875.0,147456.0,torch.uint8,"[1, 384, 384]",True,Tensor,147456.0,147878.0,147456.0,torch.uint8,"[1, 384, 384]",True,uint8:1ch
jitter,jitter:uint8:1ch:v3,uint8:1ch,v3,,round1_20260927,baseline,validation,2,448,448,400,1.2895422731526196,1.2827469035983086,1.2549358420073986,1.332278735935688,0.034248671377394124,1.2035220861434937,1.4455905184149742,0.5158169092610478,ch32_scale_affine_20260927,torchvision.transforms.ColorJitter,"{""brightness"": 0.1, ""contrast"": 0.1, ""hue"": 0.1, ""saturation"": 0.1}",torch.manual_seed/random.seed(base_seed + 100000*block_id + call_index); set outside the timing window,20460927,"0,1,2,3",4,200704.0,201123.0,200704.0,torch.uint8,"[1, 448, 448]",True,Tensor,200704.0,201126.0,200704.0,torch.uint8,"[1, 448, 448]",True,uint8:1ch
jitter,jitter:uint8:1ch:t7,uint8:1ch,t7,,round1_20260927,baseline,train,2,512,512,400,1.5712349792011082,1.5635928139090538,1.5410371124744415,1.6054165549576283,0.03912059667164867,1.506987027823925,1.9642757251858711,0.6284939916804433,ch32_scale_affine_20260927,torchvision.transforms.ColorJitter,"{""brightness"": 0.1, ""contrast"": 0.1, ""hue"": 0.1, ""saturation"": 0.1}",torch.manual_seed/random.seed(base_seed + 100000*block_id + call_index); set outside the timing window,20460927,"0,1,2,3",4,262144.0,262563.0,262144.0,torch.uint8,"[1, 512, 512]",True,Tensor,262144.0,262566.0,262144.0,torch.uint8,"[1, 512, 512]",True,uint8:1ch
jitter,jitter:float32:3ch:pair0,float32:3ch,pair0,pair0,round1_20260927,baseline,diagnostic,2,64,64,400,1.4139876957051456,1.3895835727453232,1.304763462394476,1.539137214422226,0.08940027678437343,1.283811405301094,1.7804959788918495,0.5655950782820582,ch32_scale_affine_20260927,torchvision.transforms.ColorJitter,"{""brightness"": 0.1, ""contrast"": 0.1, ""hue"": 0.1, ""saturation"": 0.1}",torch.manual_seed/random.seed(base_seed + 100000*block_id + call_index); set outside the timing window,20460927,"0,1,2,3",4,12288.0,49559.0,49152.0,torch.float32,"[3, 64, 64]",True,Tensor,12288.0,49558.0,49152.0,torch.float32,"[3, 64, 64]",False,float32:3ch
jitter,jitter:float32:1ch:pair0,float32:1ch,pair0,pair0,round1_20260927,baseline,diagnostic,2,128,96,400,0.2948177931830287,0.28423359617590904,0.274747796356678,0.34643346443772316,0.02844673536683051,0.2677757292985916,0.3998149186372757,0.11792711727321148,ch32_scale_affine_20260927,torchvision.transforms.ColorJitter,"{""brightness"": 0.1, ""contrast"": 0.1, ""hue"": 0.1, ""saturation"": 0.1}",torch.manual_seed/random.seed(base_seed + 100000*block_id + call_index); set outside the timing window,20460927,"0,1,2,3",4,12288.0,49558.0,49152.0,torch.float32,"[1, 128, 96]",True,Tensor,12288.0,49559.0,49152.0,torch.float32,"[1, 128, 96]",True,float32:1ch
jitter,jitter:float32:3ch:pair1,float32:3ch,pair1,pair1,round1_20260927,baseline,diagnostic,2,128,128,400,2.898666439577937,2.876126207411289,2.712796814739704,3.148804884403944,0.22846857285415895,2.672344446182251,5.832366645336151,1.1594665758311749,ch32_scale_affine_20260927,torchvision.transforms.ColorJitter,"{""brightness"": 0.1, ""contrast"": 0.1, ""hue"": 0.1, ""saturation"": 0.1}",torch.manual_seed/random.seed(base_seed + 100000*block_id + call_index); set outside the timing window,20460927,"0,1,2,3",4,49152.0,197024.0,196608.0,torch.float32,"[3, 128, 128]",True,Tensor,49152.0,197024.0,196608.0,torch.float32,"[3, 128, 128]",False,float32:3ch
jitter,jitter:float32:1ch:pair1,float32:1ch,pair1,pair1,round1_20260927,baseline,diagnostic,2,256,192,400,0.3779116412624717,0.37223054096102715,0.3578917123377323,0.40763579308986664,0.019190010860914517,0.3472110256552696,0.4354538396000862,0.15116465650498867,ch32_scale_affine_20260927,torchvision.transforms.ColorJitter,"{""brightness"": 0.1, ""contrast"": 0.1, ""hue"": 0.1, ""saturation"": 0.1}",torch.manual_seed/random.seed(base_seed + 100000*block_id + call_index); set outside the timing window,20460927,"0,1,2,3",4,49152.0,197024.0,196608.0,torch.float32,"[1, 256, 192]",True,Tensor,49152.0,197025.0,196608.0,torch.float32,"[1, 256, 192]",True,float32:1ch
crop,crop:float32:3ch:t0,float32:3ch,t0,,round1_20260927,baseline,train,2,96,96,400,1.5619694325141609,1.5539396554231644,1.5290950424969196,1.6087916679680347,0.032470258034251305,1.5096450224518776,1.682325266301632,0.6247877730056643,ch32_scale_affine_20260927,torchvision.transforms.RandomResizedCrop,"{""ratio"": [0.75, 1.3333333], ""scale"": [0.08, 1.0], ""size"": [244, 244]}",torch.manual_seed/random.seed(base_seed + 100000*block_id + call_index); set outside the timing window,20460927,"0,1,2,3",4,27648.0,111008.0,110592.0,torch.float32,"[3, 96, 96]",True,Tensor,178608.0,714850.0,714432.0,torch.float32,"[3, 244, 244]",True,float32:3ch
crop,crop:float32:3ch:v0,float32:3ch,v0,,round1_20260927,baseline,validation,2,112,112,400,1.491560039576143,1.4752447605133057,1.4565614983439445,1.561141386628151,0.042805136752449284,1.4300774782896042,1.6652662307024002,0.5966240158304572,ch32_scale_affine_20260927,torchvision.transforms.RandomResizedCrop,"{""ratio"": [0.75, 1.3333333], ""scale"": [0.08, 1.0], ""size"": [244, 244]}",torch.manual_seed/random.seed(base_seed + 100000*block_id + call_index); set outside the timing window,20460927,"0,1,2,3",4,37632.0,150944.0,150528.0,torch.float32,"[3, 112, 112]",True,Tensor,178608.0,714850.0,714432.0,torch.float32,"[3, 244, 244]",True,float32:3ch
crop,crop:float32:3ch:t1,float32:3ch,t1,,round1_20260927,baseline,train,2,128,128,400,1.5584521647542715,1.543853897601366,1.521687675267458,1.6247439198195934,0.03834458607165066,1.5070503577589989,1.674562692642212,0.6233808659017086,ch32_scale_affine_20260927,torchvision.transforms.RandomResizedCrop,"{""ratio"": [0.75, 1.3333333], ""scale"": [0.08, 1.0], ""size"": [244, 244]}",torch.manual_seed/random.seed(base_seed + 100000*block_id + call_index); set outside the timing window,20460927,"0,1,2,3",4,49152.0,197024.0,196608.0,torch.float32,"[3, 128, 128]",True,Tensor,178608.0,714850.0,714432.0,torch.float32,"[3, 244, 244]",True,float32:3ch
crop,crop:float32:3ch:t2,float32:3ch,t2,,round1_20260927,baseline,train,2,160,160,400,1.565921006258577,1.5544034540653229,1.524672657251358,1.6323482617735863,0.03983695715041021,1.5127435326576233,1.6924133524298668,0.6263684025034308,ch32_scale_affine_20260927,torchvision.transforms.RandomResizedCrop,"{""ratio"": [0.75, 1.3333333], ""scale"": [0.08, 1.0], ""size"": [244, 244]}",torch.manual_seed/random.seed(base_seed + 100000*block_id + call_index); set outside the timing window,20460927,"0,1,2,3",4,76800.0,307618.0,307200.0,torch.float32,"[3, 160, 160]",True,Tensor,178608.0,714850.0,714432.0,torch.float32,"[3, 244, 244]",True,float32:3ch
crop,crop:float32:3ch:t3,float32:3ch,t3,,round1_20260927,baseline,train,2,192,192,400,1.5853229048661888,1.5855375677347183,1.5414947643876076,1.6300396993756294,0.033270517059634276,1.5061134472489357,1.713392324745655,0.6341291619464755,ch32_scale_affine_20260927,torchvision.transforms.RandomResizedCrop,"{""ratio"": [0.75, 1.3333333], ""scale"": [0.08, 1.0], ""size"": [244, 244]}",torch.manual_seed/random.seed(base_seed + 100000*block_id + call_index); set outside the timing window,20460927,"0,1,2,3",4,110592.0,442786.0,442368.0,torch.float32,"[3, 192, 192]",True,Tensor,178608.0,714850.0,714432.0,torch.float32,"[3, 244, 244]",True,float32:3ch
crop,crop:float32:3ch:v1,float32:3ch,v1,,round1_20260927,baseline,validation,2,224,224,400,1.6062218346633017,1.6013216227293015,1.552362646907568,1.6643785871565342,0.04347756695874391,1.5197517350316048,1.750321127474308,0.6424887338653207,ch32_scale_affine_20260927,torchvision.transforms.RandomResizedCrop,"{""ratio"": [0.75, 1.3333333], ""scale"": [0.08, 1.0], ""size"": [244, 244]}",torch.manual_seed/random.seed(base_seed + 100000*block_id + call_index); set outside the timing window,20460927,"0,1,2,3",4,150528.0,602530.0,602112.0,torch.float32,"[3, 224, 224]",True,Tensor,178608.0,714850.0,714432.0,torch.float32,"[3, 244, 244]",True,float32:3ch
crop,crop:float32:3ch:t4,float32:3ch,t4,,round1_20260927,baseline,train,2,256,256,400,1.6445393115282059,1.6387510113418102,1.5788656659424305,1.7141815274953842,0.0655226953721015,1.3500293716788292,1.9998131319880486,0.6578157246112823,ch32_scale_affine_20260927,torchvision.transforms.RandomResizedCrop,"{""ratio"": [0.75, 1.3333333], ""scale"": [0.08, 1.0], ""size"": [244, 244]}",torch.manual_seed/random.seed(base_seed + 100000*block_id + call_index); set outside the timing window,20460927,"0,1,2,3",4,196608.0,786855.0,786432.0,torch.float32,"[3, 256, 256]",True,Tensor,178608.0,714850.0,714432.0,torch.float32,"[3, 244, 244]",True,float32:3ch
crop,crop:float32:3ch:t5,float32:3ch,t5,,round1_20260927,baseline,train,2,320,320,400,1.6818970162421465,1.6853325068950653,1.6014859080314636,1.7602181062102318,0.06466767751538183,1.3462882488965988,1.8448978662490845,0.6727588064968586,ch32_scale_affine_20260927,torchvision.transforms.RandomResizedCrop,"{""ratio"": [0.75, 1.3333333], ""scale"": [0.08, 1.0], ""size"": [244, 244]}",torch.manual_seed/random.seed(base_seed + 100000*block_id + call_index); set outside the timing window,20460927,"0,1,2,3",4,307200.0,1229223.0,1228800.0,torch.float32,"[3, 320, 320]",True,Tensor,178608.0,714850.0,714432.0,torch.float32,"[3, 244, 244]",True,float32:3ch
crop,crop:float32:3ch:v2,float32:3ch,v2,,round1_20260927,baseline,validation,2,288,288,400,1.6626176913268864,1.6628731973469257,1.5955652110278606,1.7343739978969097,0.05765691467747389,1.3564322143793106,1.8862215802073479,0.6650470765307546,ch32_scale_affine_20260927,torchvision.transforms.RandomResizedCrop,"{""ratio"": [0.75, 1.3333333], ""scale"": [0.08, 1.0], ""size"": [244, 244]}",torch.manual_seed/random.seed(base_seed + 100000*block_id + call_index); set outside the timing window,20460927,"0,1,2,3",4,248832.0,995751.0,995328.0,torch.float32,"[3, 288, 288]",True,Tensor,178608.0,714850.0,714432.0,torch.float32,"[3, 244, 244]",True,float32:3ch
crop,crop:float32:3ch:t6,float32:3ch,t6,,round1_20260927,baseline,train,2,384,384,400,1.746107805520296,1.7477376386523247,1.6257098875939846,1.866740733385086,0.08947490306770395,1.5540821477770805,1.9888579845428467,0.6984431222081184,ch32_scale_affine_20260927,torchvision.transforms.RandomResizedCrop,"{""ratio"": [0.75, 1.3333333], ""scale"": [0.08, 1.0], ""size"": [244, 244]}",torch.manual_seed/random.seed(base_seed + 100000*block_id + call_index); set outside the timing window,20460927,"0,1,2,3",4,442368.0,1769895.0,1769472.0,torch.float32,"[3, 384, 384]",True,Tensor,178608.0,714850.0,714432.0,torch.float32,"[3, 244, 244]",True,float32:3ch
crop,crop:float32:3ch:v3,float32:3ch,v3,,round1_20260927,baseline,validation,2,416,416,400,1.781246899627149,1.7811991274356842,1.6463848762214184,1.9177678972482681,0.10275769376393626,1.5606535598635674,2.0225709304213524,0.7124987598508596,ch32_scale_affine_20260927,torchvision.transforms.RandomResizedCrop,"{""ratio"": [0.75, 1.3333333], ""scale"": [0.08, 1.0], ""size"": [244, 244]}",torch.manual_seed/random.seed(base_seed + 100000*block_id + call_index); set outside the timing window,20460927,"0,1,2,3",4,519168.0,2077095.0,2076672.0,torch.float32,"[3, 416, 416]",True,Tensor,178608.0,714850.0,714432.0,torch.float32,"[3, 244, 244]",True,float32:3ch
crop,crop:float32:3ch:t7,float32:3ch,t7,,round1_20260927,baseline,train,2,448,448,400,1.8106980249285698,1.8102629110217094,1.6575238667428493,1.9678033888339996,0.11932899216942729,1.4318600296974182,2.0791636779904366,0.7242792099714279,ch32_scale_affine_20260927,torchvision.transforms.RandomResizedCrop,"{""ratio"": [0.75, 1.3333333], ""scale"": [0.08, 1.0], ""size"": [244, 244]}",torch.manual_seed/random.seed(base_seed + 100000*block_id + call_index); set outside the timing window,20460927,"0,1,2,3",4,602112.0,2408871.0,2408448.0,torch.float32,"[3, 448, 448]",True,Tensor,178608.0,714850.0,714432.0,torch.float32,"[3, 244, 244]",True,float32:3ch
crop,crop:float32:1ch:t0,float32:1ch,t0,,round1_20260927,baseline,train,2,96,96,400,0.5895897536538541,0.5866233259439468,0.5683637224137783,0.6109013222157955,0.01784531125681184,0.5584573373198509,0.6789593026041985,0.23583590146154165,ch32_scale_affine_20260927,torchvision.transforms.RandomResizedCrop,"{""ratio"": [0.75, 1.3333333], ""scale"": [0.08, 1.0], ""size"": [244, 244]}",torch.manual_seed/random.seed(base_seed + 100000*block_id + call_index); set outside the timing window,20460927,"0,1,2,3",4,9216.0,37270.0,36864.0,torch.float32,"[1, 96, 96]",True,Tensor,59536.0,238560.0,238144.0,torch.float32,"[1, 244, 244]",True,float32:1ch
crop,crop:float32:1ch:v0,float32:1ch,v0,,round1_20260927,baseline,validation,2,112,112,400,0.5662067094817758,0.5576545372605324,0.5473576486110687,0.6017268635332584,0.020319979538140825,0.5448712036013603,0.649244524538517,0.2264826837927103,ch32_scale_affine_20260927,torchvision.transforms.RandomResizedCrop,"{""ratio"": [0.75, 1.3333333], ""scale"": [0.08, 1.0], ""size"": [244, 244]}",torch.manual_seed/random.seed(base_seed + 100000*block_id + call_index); set outside the timing window,20460927,"0,1,2,3",4,12544.0,50582.0,50176.0,torch.float32,"[1, 112, 112]",True,Tensor,59536.0,238560.0,238144.0,torch.float32,"[1, 244, 244]",True,float32:1ch
crop,crop:float32:1ch:t1,float32:1ch,t1,,round1_20260927,baseline,train,2,128,128,400,0.5780876358039677,0.5727042444050312,0.5581255070865154,0.6032728590071201,0.017737754758382254,0.5519501864910126,0.6457511335611343,0.23123505432158709,ch32_scale_affine_20260927,torchvision.transforms.RandomResizedCrop,"{""ratio"": [0.75, 1.3333333], ""scale"": [0.08, 1.0], ""size"": [244, 244]}",torch.manual_seed/random.seed(base_seed + 100000*block_id + call_index); set outside the timing window,20460927,"0,1,2,3",4,16384.0,65951.0,65536.0,torch.float32,"[1, 128, 128]",True,Tensor,59536.0,238560.0,238144.0,torch.float32,"[1, 244, 244]",True,float32:1ch
crop,crop:float32:1ch:t2,float32:1ch,t2,,round1_20260927,baseline,train,2,160,160,400,0.5717500601895154,0.5631390959024429,0.5447431467473507,0.6068904884159565,0.03296637336687573,0.5406336858868599,0.7706163451075554,0.22870002407580614,ch32_scale_affine_20260927,torchvision.transforms.RandomResizedCrop,"{""ratio"": [0.75, 1.3333333], ""scale"": [0.08, 1.0], ""size"": [244, 244]}",torch.manual_seed/random.seed(base_seed + 100000*block_id + call_index); set outside the timing window,20460927,"0,1,2,3",4,25600.0,102815.0,102400.0,torch.float32,"[1, 160, 160]",True,Tensor,59536.0,238560.0,238144.0,torch.float32,"[1, 244, 244]",True,float32:1ch
crop,crop:float32:1ch:t3,float32:1ch,t3,,round1_20260927,baseline,train,2,192,192,400,0.5600234563462436,0.5579153075814247,0.5492213182151318,0.5766496062278748,0.0113425050351916,0.5456507205963135,0.6341272965073586,0.22400938253849745,ch32_scale_affine_20260927,torchvision.transforms.RandomResizedCrop,"{""ratio"": [0.75, 1.3333333], ""scale"": [0.08, 1.0], ""size"": [244, 244]}",torch.manual_seed/random.seed(base_seed + 100000*block_id + call_index); set outside the timing window,20460927,"0,1,2,3",4,36864.0,147871.0,147456.0,torch.float32,"[1, 192, 192]",True,Tensor,59536.0,238560.0,238144.0,torch.float32,"[1, 244, 244]",True,float32:1ch
crop,crop:float32:1ch:v1,float32:1ch,v1,,round1_20260927,baseline,validation,2,224,224,400,0.5630241427570581,0.5603861063718796,0.5509356968104839,0.581806618720293,0.013064659524726296,0.5415827035903931,0.6376467645168304,0.22520965710282326,ch32_scale_affine_20260927,torchvision.transforms.RandomResizedCrop,"{""ratio"": [0.75, 1.3333333], ""scale"": [0.08, 1.0], ""size"": [244, 244]}",torch.manual_seed/random.seed(base_seed + 100000*block_id + call_index); set outside the timing window,20460927,"0,1,2,3",4,50176.0,201119.0,200704.0,torch.float32,"[1, 224, 224]",True,Tensor,59536.0,238560.0,238144.0,torch.float32,"[1, 244, 244]",True,float32:1ch
crop,crop:float32:1ch:t4,float32:1ch,t4,,round1_20260927,baseline,train,2,256,256,400,0.5737806297838688,0.5641700699925423,0.5525462329387665,0.6070576608181,0.021444271640454822,0.546521507203579,0.6451951339840889,0.22951225191354752,ch32_scale_affine_20260927,torchvision.transforms.RandomResizedCrop,"{""ratio"": [0.75, 1.3333333], ""scale"": [0.08, 1.0], ""size"": [244, 244]}",torch.manual_seed/random.seed(base_seed + 100000*block_id + call_index); set outside the timing window,20460927,"0,1,2,3",4,65536.0,262564.0,262144.0,torch.float32,"[1, 256, 256]",True,Tensor,59536.0,238560.0,238144.0,torch.float32,"[1, 244, 244]",True,float32:1ch
crop,crop:float32:1ch:t5,float32:1ch,t5,,round1_20260927,baseline,train,2,320,320,400,0.5669484776444733,0.562706496566534,0.5510379560291767,0.5868512205779552,0.01608062668235105,0.5460511893033981,0.6632180884480476,0.22677939105778933,ch32_scale_affine_20260927,torchvision.transforms.RandomResizedCrop,"{""ratio"": [0.75, 1.3333333], ""scale"": [0.08, 1.0], ""size"": [244, 244]}",torch.manual_seed/random.seed(base_seed + 100000*block_id + call_index); set outside the timing window,20460927,"0,1,2,3",4,102400.0,410020.0,409600.0,torch.float32,"[1, 320, 320]",True,Tensor,59536.0,238560.0,238144.0,torch.float32,"[1, 244, 244]",True,float32:1ch
crop,crop:float32:1ch:v2,float32:1ch,v2,,round1_20260927,baseline,validation,2,288,288,400,0.5754396016709507,0.5723424255847931,0.5540050566196442,0.597157422453165,0.025772396899385507,0.5489233881235123,0.7992386817932129,0.23017584066838026,ch32_scale_affine_20260927,torchvision.transforms.RandomResizedCrop,"{""ratio"": [0.75, 1.3333333], ""scale"": [0.08, 1.0], ""size"": [244, 244]}",torch.manual_seed/random.seed(base_seed + 100000*block_id + call_index); set outside the timing window,20460927,"0,1,2,3",4,82944.0,332196.0,331776.0,torch.float32,"[1, 288, 288]",True,Tensor,59536.0,238560.0,238144.0,torch.float32,"[1, 244, 244]",True,float32:1ch
crop,crop:float32:1ch:t6,float32:1ch,t6,,round1_20260927,baseline,train,2,384,384,400,0.5821077967993915,0.5772602744400501,0.5644146353006363,0.604816060513258,0.016780102652880737,0.5571646615862846,0.6670653820037842,0.2328431187197566,ch32_scale_affine_20260927,torchvision.transforms.RandomResizedCrop,"{""ratio"": [0.75, 1.3333333], ""scale"": [0.08, 1.0], ""size"": [244, 244]}",torch.manual_seed/random.seed(base_seed + 100000*block_id + call_index); set outside the timing window,20460927,"0,1,2,3",4,147456.0,590244.0,589824.0,torch.float32,"[1, 384, 384]",True,Tensor,59536.0,238560.0,238144.0,torch.float32,"[1, 244, 244]",True,float32:1ch
crop,crop:float32:1ch:v3,float32:1ch,v3,,round1_20260927,baseline,validation,2,416,416,400,0.5735955527052283,0.5685915239155293,0.5541634745895863,0.596174318343401,0.0183133929056168,0.5483478307723999,0.6473194807767868,0.22943822108209133,ch32_scale_affine_20260927,torchvision.transforms.RandomResizedCrop,"{""ratio"": [0.75, 1.3333333], ""scale"": [0.08, 1.0], ""size"": [244, 244]}",torch.manual_seed/random.seed(base_seed + 100000*block_id + call_index); set outside the timing window,20460927,"0,1,2,3",4,173056.0,692644.0,692224.0,torch.float32,"[1, 416, 416]",True,Tensor,59536.0,238560.0,238144.0,torch.float32,"[1, 244, 244]",True,float32:1ch
crop,crop:float32:1ch:t7,float32:1ch,t7,,round1_20260927,baseline,train,2,448,448,400,0.5662213079631329,0.5639214068651199,0.5541922524571419,0.5835429765284061,0.011663876149083353,0.5498975515365601,0.6319684907793999,0.22648852318525314,ch32_scale_affine_20260927,torchvision.transforms.RandomResizedCrop,"{""ratio"": [0.75, 1.3333333], ""scale"": [0.08, 1.0], ""size"": [244, 244]}",torch.manual_seed/random.seed(base_seed + 100000*block_id + call_index); set outside the timing window,20460927,"0,1,2,3",4,200704.0,803236.0,802816.0,torch.float32,"[1, 448, 448]",True,Tensor,59536.0,238560.0,238144.0,torch.float32,"[1, 244, 244]",True,float32:1ch
crop,crop:uint8:3ch:t0,uint8:3ch,t0,,round1_20260927,baseline,train,2,96,96,400,1.725165769457817,1.71207869425416,1.6938461922109127,1.7907587811350822,0.035661736672054516,1.6805091872811317,1.860584132373333,0.6900663077831268,ch32_scale_affine_20260927,torchvision.transforms.RandomResizedCrop,"{""ratio"": [0.75, 1.3333333], ""scale"": [0.08, 1.0], ""size"": [244, 244]}",torch.manual_seed/random.seed(base_seed + 100000*block_id + call_index); set outside the timing window,20460927,"0,1,2,3",4,27648.0,28054.0,27648.0,torch.uint8,"[3, 96, 96]",True,Tensor,178608.0,179025.0,178608.0,torch.uint8,"[3, 244, 244]",True,uint8:3ch
crop,crop:uint8:3ch:v0,uint8:3ch,v0,,round1_20260927,baseline,validation,2,112,112,400,1.7385094799101353,1.7352341674268246,1.6983716748654842,1.7800627276301384,0.033275513078180274,1.6765231266617775,1.8540164455771446,0.6954037919640541,ch32_scale_affine_20260927,torchvision.transforms.RandomResizedCrop,"{""ratio"": [0.75, 1.3333333], ""scale"": [0.08, 1.0], ""size"": [244, 244]}",torch.manual_seed/random.seed(base_seed + 100000*block_id + call_index); set outside the timing window,20460927,"0,1,2,3",4,37632.0,38038.0,37632.0,torch.uint8,"[3, 112, 112]",True,Tensor,178608.0,179025.0,178608.0,torch.uint8,"[3, 244, 244]",True,uint8:3ch
crop,crop:uint8:3ch:t1,uint8:3ch,t1,,round1_20260927,baseline,train,2,128,128,400,1.7379517271183431,1.731258351355791,1.706132385879755,1.784001663327217,0.029075528422253197,1.6899742186069489,1.8371082842350006,0.6951806908473372,ch32_scale_affine_20260927,torchvision.transforms.RandomResizedCrop,"{""ratio"": [0.75, 1.3333333], ""scale"": [0.08, 1.0], ""size"": [244, 244]}",torch.manual_seed/random.seed(base_seed + 100000*block_id + call_index); set outside the timing window,20460927,"0,1,2,3",4,49152.0,49558.0,49152.0,torch.uint8,"[3, 128, 128]",True,Tensor,178608.0,179025.0,178608.0,torch.uint8,"[3, 244, 244]",True,uint8:3ch
crop,crop:uint8:3ch:t2,uint8:3ch,t2,,round1_20260927,baseline,train,2,160,160,400,1.7645872244611382,1.7527760937809944,1.705331914126873,1.8379921093583107,0.050643104121986915,1.6800789162516594,1.9126851111650467,0.7058348897844553,ch32_scale_affine_20260927,torchvision.transforms.RandomResizedCrop,"{""ratio"": [0.75, 1.3333333], ""scale"": [0.08, 1.0], ""size"": [244, 244]}",torch.manual_seed/random.seed(base_seed + 100000*block_id + call_index); set outside the timing window,20460927,"0,1,2,3",4,76800.0,77217.0,76800.0,torch.uint8,"[3, 160, 160]",True,Tensor,178608.0,179025.0,178608.0,torch.uint8,"[3, 244, 244]",True,uint8:3ch
crop,crop:uint8:3ch:t3,uint8:3ch,t3,,round1_20260927,baseline,train,2,192,192,400,1.7474451358430088,1.740671694278717,1.6842866316437721,1.8103890120983124,0.0756354411000997,1.6592033207416534,2.940806560218334,0.6989780543372035,ch32_scale_affine_20260927,torchvision.transforms.RandomResizedCrop,"{""ratio"": [0.75, 1.3333333], ""scale"": [0.08, 1.0], ""size"": [244, 244]}",torch.manual_seed/random.seed(base_seed + 100000*block_id + call_index); set outside the timing window,20460927,"0,1,2,3",4,110592.0,111009.0,110592.0,torch.uint8,"[3, 192, 192]",True,Tensor,178608.0,179025.0,178608.0,torch.uint8,"[3, 244, 244]",True,uint8:3ch
crop,crop:uint8:3ch:v1,uint8:3ch,v1,,round1_20260927,baseline,validation,2,224,224,400,1.7990633891895413,1.799092162400484,1.7277663573622704,1.867686863988638,0.054689058990050714,1.6954177990555763,1.973908394575119,0.7196253556758165,ch32_scale_affine_20260927,torchvision.transforms.RandomResizedCrop,"{""ratio"": [0.75, 1.3333333], ""scale"": [0.08, 1.0], ""size"": [244, 244]}",torch.manual_seed/random.seed(base_seed + 100000*block_id + call_index); set outside the timing window,20460927,"0,1,2,3",4,150528.0,150945.0,150528.0,torch.uint8,"[3, 224, 224]",True,Tensor,178608.0,179025.0,178608.0,torch.uint8,"[3, 244, 244]",True,uint8:3ch
crop,crop:uint8:3ch:t4,uint8:3ch,t4,,round1_20260927,baseline,train,2,256,256,400,1.8229767261072993,1.8236762844026089,1.742575317621231,1.8974305130541325,0.06313822050471503,1.5452252700924873,2.0218146964907646,0.7291906904429197,ch32_scale_affine_20260927,torchvision.transforms.RandomResizedCrop,"{""ratio"": [0.75, 1.3333333], ""scale"": [0.08, 1.0], ""size"": [244, 244]}",torch.manual_seed/random.seed(base_seed + 100000*block_id + call_index); set outside the timing window,20460927,"0,1,2,3",4,196608.0,197030.0,196608.0,torch.uint8,"[3, 256, 256]",True,Tensor,178608.0,179025.0,178608.0,torch.uint8,"[3, 244, 244]",True,uint8:3ch
crop,crop:uint8:3ch:t5,uint8:3ch,t5,,round1_20260927,baseline,train,2,320,320,400,1.893970537930727,1.8897796981036663,1.7668215557932854,2.027846686542034,0.09596029250204681,1.6082823276519775,2.2102482616901398,0.7575882151722908,ch32_scale_affine_20260927,torchvision.transforms.RandomResizedCrop,"{""ratio"": [0.75, 1.3333333], ""scale"": [0.08, 1.0], ""size"": [244, 244]}",torch.manual_seed/random.seed(base_seed + 100000*block_id + call_index); set outside the timing window,20460927,"0,1,2,3",4,307200.0,307622.0,307200.0,torch.uint8,"[3, 320, 320]",True,Tensor,178608.0,179025.0,178608.0,torch.uint8,"[3, 244, 244]",True,uint8:3ch
crop,crop:uint8:3ch:v2,uint8:3ch,v2,,round1_20260927,baseline,validation,2,288,288,400,1.855426940601319,1.858774572610855,1.7592133954167366,1.9463051110506058,0.07468275770799086,1.583414152264595,2.085041254758835,0.7421707762405276,ch32_scale_affine_20260927,torchvision.transforms.RandomResizedCrop,"{""ratio"": [0.75, 1.3333333], ""scale"": [0.08, 1.0], ""size"": [244, 244]}",torch.manual_seed/random.seed(base_seed + 100000*block_id + call_index); set outside the timing window,20460927,"0,1,2,3",4,248832.0,249254.0,248832.0,torch.uint8,"[3, 288, 288]",True,Tensor,178608.0,179025.0,178608.0,torch.uint8,"[3, 244, 244]",True,uint8:3ch
crop,crop:uint8:3ch:t6,uint8:3ch,t6,,round1_20260927,baseline,train,2,384,384,400,1.9806737476028502,1.982367131859064,1.8169011920690536,2.1397999487817287,0.12419179867321206,1.7421785742044449,2.7238214388489723,0.7922694990411401,ch32_scale_affine_20260927,torchvision.transforms.RandomResizedCrop,"{""ratio"": [0.75, 1.3333333], ""scale"": [0.08, 1.0], ""size"": [244, 244]}",torch.manual_seed/random.seed(base_seed + 100000*block_id + call_index); set outside the timing window,20460927,"0,1,2,3",4,442368.0,442790.0,442368.0,torch.uint8,"[3, 384, 384]",True,Tensor,178608.0,179025.0,178608.0,torch.uint8,"[3, 244, 244]",True,uint8:3ch
crop,crop:uint8:3ch:v3,uint8:3ch,v3,,round1_20260927,baseline,validation,2,416,416,400,1.9940325035713613,1.9935602322220802,1.8032529391348362,2.1720634773373604,0.137021552908035,1.72492116689682,2.3408792912960052,0.7976130014285445,ch32_scale_affine_20260927,torchvision.transforms.RandomResizedCrop,"{""ratio"": [0.75, 1.3333333], ""scale"": [0.08, 1.0], ""size"": [244, 244]}",torch.manual_seed/random.seed(base_seed + 100000*block_id + call_index); set outside the timing window,20460927,"0,1,2,3",4,519168.0,519590.0,519168.0,torch.uint8,"[3, 416, 416]",True,Tensor,178608.0,179025.0,178608.0,torch.uint8,"[3, 244, 244]",True,uint8:3ch
crop,crop:uint8:3ch:t7,uint8:3ch,t7,,round1_20260927,baseline,train,2,448,448,400,2.051293177064508,2.0544547587633133,1.851118728518486,2.235114388167858,0.16130641691412415,1.6597909852862358,3.3284109085798264,0.8205172708258033,ch32_scale_affine_20260927,torchvision.transforms.RandomResizedCrop,"{""ratio"": [0.75, 1.3333333], ""scale"": [0.08, 1.0], ""size"": [244, 244]}",torch.manual_seed/random.seed(base_seed + 100000*block_id + call_index); set outside the timing window,20460927,"0,1,2,3",4,602112.0,602534.0,602112.0,torch.uint8,"[3, 448, 448]",True,Tensor,178608.0,179025.0,178608.0,torch.uint8,"[3, 244, 244]",True,uint8:3ch
crop,crop:uint8:1ch:t0,uint8:1ch,t0,,round1_20260927,baseline,train,2,96,96,400,0.653359666466713,0.6518466398119926,0.6275548599660397,0.6808781065046787,0.021426689588139522,0.6167860701680183,0.7493412122130394,0.2613438665866852,ch32_scale_affine_20260927,torchvision.transforms.RandomResizedCrop,"{""ratio"": [0.75, 1.3333333], ""scale"": [0.08, 1.0], ""size"": [244, 244]}",torch.manual_seed/random.seed(base_seed + 100000*block_id + call_index); set outside the timing window,20460927,"0,1,2,3",4,9216.0,9621.0,9216.0,torch.uint8,"[1, 96, 96]",True,Tensor,59536.0,59942.0,59536.0,torch.uint8,"[1, 244, 244]",True,uint8:1ch
crop,crop:uint8:1ch:v0,uint8:1ch,v0,,round1_20260927,baseline,validation,2,112,112,400,0.6285822088830173,0.626630149781704,0.6174560636281967,0.646648183465004,0.01139040876428479,0.6131939589977264,0.6936276331543922,0.2514328835532069,ch32_scale_affine_20260927,torchvision.transforms.RandomResizedCrop,"{""ratio"": [0.75, 1.3333333], ""scale"": [0.08, 1.0], ""size"": [244, 244]}",torch.manual_seed/random.seed(base_seed + 100000*block_id + call_index); set outside the timing window,20460927,"0,1,2,3",4,12544.0,12949.0,12544.0,torch.uint8,"[1, 112, 112]",True,Tensor,59536.0,59942.0,59536.0,torch.uint8,"[1, 244, 244]",True,uint8:1ch
crop,crop:uint8:1ch:t1,uint8:1ch,t1,,round1_20260927,baseline,train,2,128,128,400,0.6353448773734272,0.631989911198616,0.6220594048500061,0.6521002389490604,0.012980792215304553,0.616149976849556,0.6955498829483986,0.25413795094937086,ch32_scale_affine_20260927,torchvision.transforms.RandomResizedCrop,"{""ratio"": [0.75, 1.3333333], ""scale"": [0.08, 1.0], ""size"": [244, 244]}",torch.manual_seed/random.seed(base_seed + 100000*block_id + call_index); set outside the timing window,20460927,"0,1,2,3",4,16384.0,16789.0,16384.0,torch.uint8,"[1, 128, 128]",True,Tensor,59536.0,59942.0,59536.0,torch.uint8,"[1, 244, 244]",True,uint8:1ch
crop,crop:uint8:1ch:t2,uint8:1ch,t2,,round1_20260927,baseline,train,2,160,160,400,0.6321096350438893,0.6288774311542511,0.6180432625114918,0.6472952663898468,0.028900025512872414,0.6089732050895691,1.1530732735991478,0.2528438540175557,ch32_scale_affine_20260927,torchvision.transforms.RandomResizedCrop,"{""ratio"": [0.75, 1.3333333], ""scale"": [0.08, 1.0], ""size"": [244, 244]}",torch.manual_seed/random.seed(base_seed + 100000*block_id + call_index); set outside the timing window,20460927,"0,1,2,3",4,25600.0,26005.0,25600.0,torch.uint8,"[1, 160, 160]",True,Tensor,59536.0,59942.0,59536.0,torch.uint8,"[1, 244, 244]",True,uint8:1ch
crop,crop:uint8:1ch:t3,uint8:1ch,t3,,round1_20260927,baseline,train,2,192,192,400,0.6367828696966171,0.6332984194159508,0.621582567691803,0.6556479260325432,0.014107831144128835,0.6143860518932343,0.7040007039904594,0.25471314787864685,ch32_scale_affine_20260927,torchvision.transforms.RandomResizedCrop,"{""ratio"": [0.75, 1.3333333], ""scale"": [0.08, 1.0], ""size"": [244, 244]}",torch.manual_seed/random.seed(base_seed + 100000*block_id + call_index); set outside the timing window,20460927,"0,1,2,3",4,36864.0,37269.0,36864.0,torch.uint8,"[1, 192, 192]",True,Tensor,59536.0,59942.0,59536.0,torch.uint8,"[1, 244, 244]",True,uint8:1ch
crop,crop:uint8:1ch:v1,uint8:1ch,v1,,round1_20260927,baseline,validation,2,224,224,400,0.6419832166284323,0.6394186057150364,0.6275169551372528,0.6598550826311111,0.013461503347721459,0.6177416071295738,0.7201805710792542,0.2567932866513729,ch32_scale_affine_20260927,torchvision.transforms.RandomResizedCrop,"{""ratio"": [0.75, 1.3333333], ""scale"": [0.08, 1.0], ""size"": [244, 244]}",torch.manual_seed/random.seed(base_seed + 100000*block_id + call_index); set outside the timing window,20460927,"0,1,2,3",4,50176.0,50581.0,50176.0,torch.uint8,"[1, 224, 224]",True,Tensor,59536.0,59942.0,59536.0,torch.uint8,"[1, 244, 244]",True,uint8:1ch
crop,crop:uint8:1ch:t4,uint8:1ch,t4,,round1_20260927,baseline,train,2,256,256,400,0.6447493750602007,0.6378646939992905,0.6268823519349098,0.6753144785761833,0.021083998476318262,0.6185024976730347,0.7265526801347733,0.2578997500240803,ch32_scale_affine_20260927,torchvision.transforms.RandomResizedCrop,"{""ratio"": [0.75, 1.3333333], ""scale"": [0.08, 1.0], ""size"": [244, 244]}",torch.manual_seed/random.seed(base_seed + 100000*block_id + call_index); set outside the timing window,20460927,"0,1,2,3",4,65536.0,65955.0,65536.0,torch.uint8,"[1, 256, 256]",True,Tensor,59536.0,59942.0,59536.0,torch.uint8,"[1, 244, 244]",True,uint8:1ch
crop,crop:uint8:1ch:t5,uint8:1ch,t5,,round1_20260927,baseline,train,2,320,320,400,0.6468020845204592,0.644465908408165,0.6304198876023293,0.6658275611698627,0.014578485495716503,0.6208512932062149,0.7135355845093727,0.25872083380818367,ch32_scale_affine_20260927,torchvision.transforms.RandomResizedCrop,"{""ratio"": [0.75, 1.3333333], ""scale"": [0.08, 1.0], ""size"": [244, 244]}",torch.manual_seed/random.seed(base_seed + 100000*block_id + call_index); set outside the timing window,20460927,"0,1,2,3",4,102400.0,102819.0,102400.0,torch.uint8,"[1, 320, 320]",True,Tensor,59536.0,59942.0,59536.0,torch.uint8,"[1, 244, 244]",True,uint8:1ch
crop,crop:uint8:1ch:v2,uint8:1ch,v2,,round1_20260927,baseline,validation,2,288,288,400,0.6607366562820971,0.650262925773859,0.6365986540913582,0.7080057635903358,0.029356547214323007,0.618206337094307,0.7957331836223602,0.26429466251283884,ch32_scale_affine_20260927,torchvision.transforms.RandomResizedCrop,"{""ratio"": [0.75, 1.3333333], ""scale"": [0.08, 1.0], ""size"": [244, 244]}",torch.manual_seed/random.seed(base_seed + 100000*block_id + call_index); set outside the timing window,20460927,"0,1,2,3",4,82944.0,83363.0,82944.0,torch.uint8,"[1, 288, 288]",True,Tensor,59536.0,59942.0,59536.0,torch.uint8,"[1, 244, 244]",True,uint8:1ch
crop,crop:uint8:1ch:t6,uint8:1ch,t6,,round1_20260927,baseline,train,2,384,384,400,0.6712394556961954,0.670155044645071,0.6482484750449657,0.6949114613234997,0.020401040583271555,0.6352774798870087,0.8103987202048302,0.26849578227847815,ch32_scale_affine_20260927,torchvision.transforms.RandomResizedCrop,"{""ratio"": [0.75, 1.3333333], ""scale"": [0.08, 1.0], ""size"": [244, 244]}",torch.manual_seed/random.seed(base_seed + 100000*block_id + call_index); set outside the timing window,20460927,"0,1,2,3",4,147456.0,147875.0,147456.0,torch.uint8,"[1, 384, 384]",True,Tensor,59536.0,59942.0,59536.0,torch.uint8,"[1, 244, 244]",True,uint8:1ch
crop,crop:uint8:1ch:v3,uint8:1ch,v3,,round1_20260927,baseline,validation,2,416,416,400,0.6690970156341791,0.6621703505516052,0.6377655081450939,0.7106354460120201,0.0300233318216593,0.6249668076634407,0.7802098989486694,0.26763880625367165,ch32_scale_affine_20260927,torchvision.transforms.RandomResizedCrop,"{""ratio"": [0.75, 1.3333333], ""scale"": [0.08, 1.0], ""size"": [244, 244]}",torch.manual_seed/random.seed(base_seed + 100000*block_id + call_index); set outside the timing window,20460927,"0,1,2,3",4,173056.0,173475.0,173056.0,torch.uint8,"[1, 416, 416]",True,Tensor,59536.0,59942.0,59536.0,torch.uint8,"[1, 244, 244]",True,uint8:1ch
crop,crop:uint8:1ch:t7,uint8:1ch,t7,,round1_20260927,baseline,train,2,448,448,400,0.6771839293651283,0.676832627505064,0.6463916972279549,0.7063022814691067,0.023976818653878317,0.6282301619648933,0.7593557238578796,0.2708735717460513,ch32_scale_affine_20260927,torchvision.transforms.RandomResizedCrop,"{""ratio"": [0.75, 1.3333333], ""scale"": [0.08, 1.0], ""size"": [244, 244]}",torch.manual_seed/random.seed(base_seed + 100000*block_id + call_index); set outside the timing window,20460927,"0,1,2,3",4,200704.0,201123.0,200704.0,torch.uint8,"[1, 448, 448]",True,Tensor,59536.0,59942.0,59536.0,torch.uint8,"[1, 244, 244]",True,uint8:1ch
grayscale,grayscale:float32:3ch:t0,float32:3ch,t0,,round1_20260927,baseline,train,2,64,64,400,0.10625686263665557,0.09942753240466118,0.0967106781899929,0.12123901396989822,0.016563751055064538,0.0842241570353508,0.17241481691598892,0.04250274505466223,ch32_scale_affine_20260927,torchvision.transforms.Grayscale,"{""num_output_channels"": 1}",torch.manual_seed/random.seed(base_seed + 100000*block_id + call_index); set outside the timing window,20460927,"0,1,2,3",4,12288.0,49559.0,49152.0,torch.float32,"[3, 64, 64]",True,Tensor,4096.0,16791.0,16384.0,torch.float32,"[1, 64, 64]",True,float32:1ch
grayscale,grayscale:float32:3ch:v0,float32:3ch,v0,,round1_20260927,baseline,validation,2,80,80,400,0.10015284875407815,0.09679747745394707,0.09525362402200699,0.11159796267747879,0.007358754982534766,0.09389128535985947,0.15176832675933838,0.04006113950163126,ch32_scale_affine_20260927,torchvision.transforms.Grayscale,"{""num_output_channels"": 1}",torch.manual_seed/random.seed(base_seed + 100000*block_id + call_index); set outside the timing window,20460927,"0,1,2,3",4,19200.0,77216.0,76800.0,torch.float32,"[3, 80, 80]",True,Tensor,6400.0,26007.0,25600.0,torch.float32,"[1, 80, 80]",True,float32:1ch
grayscale,grayscale:float32:3ch:t1,float32:3ch,t1,,round1_20260927,baseline,train,2,96,96,400,0.12191957328468561,0.12006238102912903,0.11775968596339226,0.12893788516521454,0.004607519968180918,0.11040829122066498,0.1383572816848755,0.048767829313874245,ch32_scale_affine_20260927,torchvision.transforms.Grayscale,"{""num_output_channels"": 1}",torch.manual_seed/random.seed(base_seed + 100000*block_id + call_index); set outside the timing window,20460927,"0,1,2,3",4,27648.0,111008.0,110592.0,torch.float32,"[3, 96, 96]",True,Tensor,9216.0,37271.0,36864.0,torch.float32,"[1, 96, 96]",True,float32:1ch
grayscale,grayscale:float32:3ch:t2,float32:3ch,t2,,round1_20260927,baseline,train,2,144,144,400,0.12873427709564567,0.12910133227705956,0.11504460126161575,0.14088544994592667,0.009960901811759414,0.11235103011131287,0.1717451959848404,0.051493710838258266,ch32_scale_affine_20260927,torchvision.transforms.Grayscale,"{""num_output_channels"": 1}",torch.manual_seed/random.seed(base_seed + 100000*block_id + call_index); set outside the timing window,20460927,"0,1,2,3",4,62208.0,249248.0,248832.0,torch.float32,"[3, 144, 144]",True,Tensor,20736.0,83360.0,82944.0,torch.float32,"[1, 144, 144]",True,float32:1ch
grayscale,grayscale:float32:3ch:v1,float32:3ch,v1,,round1_20260927,baseline,validation,2,160,160,400,0.12919604079797864,0.12796791270375252,0.12171166017651558,0.1379561610519886,0.0074457967569872,0.11944863945245743,0.16867183148860931,0.051678416319191456,ch32_scale_affine_20260927,torchvision.transforms.Grayscale,"{""num_output_channels"": 1}",torch.manual_seed/random.seed(base_seed + 100000*block_id + call_index); set outside the timing window,20460927,"0,1,2,3",4,76800.0,307618.0,307200.0,torch.float32,"[3, 160, 160]",True,Tensor,25600.0,102816.0,102400.0,torch.float32,"[1, 160, 160]",True,float32:1ch
grayscale,grayscale:float32:3ch:t3,float32:3ch,t3,,round1_20260927,baseline,train,2,192,192,400,0.14145196182653308,0.13826275244355202,0.13557486236095428,0.15005338937044144,0.007176863829010833,0.1341700553894043,0.17645210027694702,0.05658078473061323,ch32_scale_affine_20260927,torchvision.transforms.Grayscale,"{""num_output_channels"": 1}",torch.manual_seed/random.seed(base_seed + 100000*block_id + call_index); set outside the timing window,20460927,"0,1,2,3",4,110592.0,442786.0,442368.0,torch.float32,"[3, 192, 192]",True,Tensor,36864.0,147872.0,147456.0,torch.float32,"[1, 192, 192]",True,float32:1ch
grayscale,grayscale:float32:3ch:t4,float32:3ch,t4,,round1_20260927,baseline,train,2,224,224,400,0.16132925171405077,0.15834905207157135,0.1554388552904129,0.1728437840938568,0.007580116700248104,0.15361513942480087,0.21188706159591675,0.06453170068562031,ch32_scale_affine_20260927,torchvision.transforms.Grayscale,"{""num_output_channels"": 1}",torch.manual_seed/random.seed(base_seed + 100000*block_id + call_index); set outside the timing window,20460927,"0,1,2,3",4,150528.0,602530.0,602112.0,torch.float32,"[3, 224, 224]",True,Tensor,50176.0,201120.0,200704.0,torch.float32,"[1, 224, 224]",True,float32:1ch
grayscale,grayscale:float32:3ch:v2,float32:3ch,v2,,round1_20260927,baseline,validation,2,256,256,400,0.2001099125482142,0.19784877076745033,0.19234800711274147,0.21009407937526703,0.008539579709010151,0.18816720694303513,0.24164095520973206,0.08004396501928568,ch32_scale_affine_20260927,torchvision.transforms.Grayscale,"{""num_output_channels"": 1}",torch.manual_seed/random.seed(base_seed + 100000*block_id + call_index); set outside the timing window,20460927,"0,1,2,3",4,196608.0,786855.0,786432.0,torch.float32,"[3, 256, 256]",True,Tensor,65536.0,262567.0,262144.0,torch.float32,"[1, 256, 256]",True,float32:1ch
grayscale,grayscale:float32:3ch:t5,float32:3ch,t5,,round1_20260927,baseline,train,2,288,288,400,0.2937416546046734,0.2890685573220253,0.274890661239624,0.31989337876439095,0.018991417256193976,0.2606390044093132,0.38882438093423843,0.11749666184186935,ch32_scale_affine_20260927,torchvision.transforms.Grayscale,"{""num_output_channels"": 1}",torch.manual_seed/random.seed(base_seed + 100000*block_id + call_index); set outside the timing window,20460927,"0,1,2,3",4,248832.0,995751.0,995328.0,torch.float32,"[3, 288, 288]",True,Tensor,82944.0,332199.0,331776.0,torch.float32,"[1, 288, 288]",True,float32:1ch
grayscale,grayscale:float32:3ch:t6,float32:3ch,t6,,round1_20260927,baseline,train,2,384,384,400,0.4726000316441059,0.4639439284801483,0.4535148851573467,0.507760513573885,0.026935414103970615,0.4465002566576004,0.6438763812184334,0.18904001265764236,ch32_scale_affine_20260927,torchvision.transforms.Grayscale,"{""num_output_channels"": 1}",torch.manual_seed/random.seed(base_seed + 100000*block_id + call_index); set outside the timing window,20460927,"0,1,2,3",4,442368.0,1769895.0,1769472.0,torch.float32,"[3, 384, 384]",True,Tensor,147456.0,590247.0,589824.0,torch.float32,"[1, 384, 384]",True,float32:1ch
grayscale,grayscale:float32:3ch:v3,float32:3ch,v3,,round1_20260927,baseline,validation,2,448,448,400,0.5747652938589454,0.573344063013792,0.5637961439788342,0.5871370434761047,0.011328640928998705,0.5563255399465561,0.6419336423277855,0.22990611754357815,ch32_scale_affine_20260927,torchvision.transforms.Grayscale,"{""num_output_channels"": 1}",torch.manual_seed/random.seed(base_seed + 100000*block_id + call_index); set outside the timing window,20460927,"0,1,2,3",4,602112.0,2408871.0,2408448.0,torch.float32,"[3, 448, 448]",True,Tensor,200704.0,803239.0,802816.0,torch.float32,"[1, 448, 448]",True,float32:1ch
grayscale,grayscale:float32:3ch:t7,float32:3ch,t7,,round1_20260927,baseline,train,2,512,512,400,0.780723225325346,0.7756892591714859,0.7502240128815174,0.8168736472725868,0.03216473110370697,0.7320744916796684,0.9696772322058678,0.3122892901301384,ch32_scale_affine_20260927,torchvision.transforms.Grayscale,"{""num_output_channels"": 1}",torch.manual_seed/random.seed(base_seed + 100000*block_id + call_index); set outside the timing window,20460927,"0,1,2,3",4,786432.0,3146151.0,3145728.0,torch.float32,"[3, 512, 512]",True,Tensor,262144.0,1048999.0,1048576.0,torch.float32,"[1, 512, 512]",True,float32:1ch
grayscale,grayscale:uint8:3ch:t0,uint8:3ch,t0,,round1_20260927,baseline,train,2,64,64,400,0.1094536785967648,0.10849256068468094,0.1064131036400795,0.11445321142673494,0.00405596012787692,0.10449439287185669,0.15382934361696243,0.04378147143870592,ch32_scale_affine_20260927,torchvision.transforms.Grayscale,"{""num_output_channels"": 1}",torch.manual_seed/random.seed(base_seed + 100000*block_id + call_index); set outside the timing window,20460927,"0,1,2,3",4,12288.0,12694.0,12288.0,torch.uint8,"[3, 64, 64]",True,Tensor,4096.0,4502.0,4096.0,torch.uint8,"[1, 64, 64]",True,uint8:1ch
grayscale,grayscale:uint8:3ch:v0,uint8:3ch,v0,,round1_20260927,baseline,validation,2,80,80,400,0.11899868259206414,0.11978158727288246,0.10946923866868019,0.1288953237235546,0.008254610014975395,0.10712258517742157,0.17147231847047806,0.04759947303682566,ch32_scale_affine_20260927,torchvision.transforms.Grayscale,"{""num_output_channels"": 1}",torch.manual_seed/random.seed(base_seed + 100000*block_id + call_index); set outside the timing window,20460927,"0,1,2,3",4,19200.0,19606.0,19200.0,torch.uint8,"[3, 80, 80]",True,Tensor,6400.0,6806.0,6400.0,torch.uint8,"[1, 80, 80]",True,uint8:1ch
grayscale,grayscale:uint8:3ch:t1,uint8:3ch,t1,,round1_20260927,baseline,train,2,96,96,400,0.1206950144842267,0.11951662600040436,0.11631287634372711,0.12718765065073967,0.0056877408690333454,0.11438783258199692,0.18787849694490433,0.04827800579369068,ch32_scale_affine_20260927,torchvision.transforms.Grayscale,"{""num_output_channels"": 1}",torch.manual_seed/random.seed(base_seed + 100000*block_id + call_index); set outside the timing window,20460927,"0,1,2,3",4,27648.0,28054.0,27648.0,torch.uint8,"[3, 96, 96]",True,Tensor,9216.0,9622.0,9216.0,torch.uint8,"[1, 96, 96]",True,uint8:1ch
grayscale,grayscale:uint8:3ch:t2,uint8:3ch,t2,,round1_20260927,baseline,train,2,144,144,400,0.14997376361861825,0.147117767482996,0.14073383063077927,0.1635356806218624,0.008999921101483337,0.1380573958158493,0.1797415316104889,0.0599895054474473,ch32_scale_affine_20260927,torchvision.transforms.Grayscale,"{""num_output_channels"": 1}",torch.manual_seed/random.seed(base_seed + 100000*block_id + call_index); set outside the timing window,20460927,"0,1,2,3",4,62208.0,62614.0,62208.0,torch.uint8,"[3, 144, 144]",True,Tensor,20736.0,21142.0,20736.0,torch.uint8,"[1, 144, 144]",True,uint8:1ch
grayscale,grayscale:uint8:3ch:v1,uint8:3ch,v1,,round1_20260927,baseline,validation,2,160,160,400,0.1517849857918918,0.14656223356723785,0.14265207573771477,0.17385976389050484,0.011674038312847468,0.14064926654100418,0.21117180585861206,0.060713994316756725,ch32_scale_affine_20260927,torchvision.transforms.Grayscale,"{""num_output_channels"": 1}",torch.manual_seed/random.seed(base_seed + 100000*block_id + call_index); set outside the timing window,20460927,"0,1,2,3",4,76800.0,77217.0,76800.0,torch.uint8,"[3, 160, 160]",True,Tensor,25600.0,26006.0,25600.0,torch.uint8,"[1, 160, 160]",True,uint8:1ch
grayscale,grayscale:uint8:3ch:t3,uint8:3ch,t3,,round1_20260927,baseline,train,2,192,192,400,0.21162626799196005,0.20436476916074753,0.19924743101000786,0.24126889184117317,0.016615924958470037,0.1829061657190323,0.2792840823531151,0.08465050719678402,ch32_scale_affine_20260927,torchvision.transforms.Grayscale,"{""num_output_channels"": 1}",torch.manual_seed/random.seed(base_seed + 100000*block_id + call_index); set outside the timing window,20460927,"0,1,2,3",4,110592.0,111009.0,110592.0,torch.uint8,"[3, 192, 192]",True,Tensor,36864.0,37270.0,36864.0,torch.uint8,"[1, 192, 192]",True,uint8:1ch
grayscale,grayscale:uint8:3ch:t4,uint8:3ch,t4,,round1_20260927,baseline,train,2,224,224,400,0.2263165870681405,0.22456003352999687,0.19595138728618622,0.25851083919405937,0.026402600799833836,0.19261334091424942,0.35786256194114685,0.0905266348272562,ch32_scale_affine_20260927,torchvision.transforms.Grayscale,"{""num_output_channels"": 1}",torch.manual_seed/random.seed(base_seed + 100000*block_id + call_index); set outside the timing window,20460927,"0,1,2,3",4,150528.0,150945.0,150528.0,torch.uint8,"[3, 224, 224]",True,Tensor,50176.0,50582.0,50176.0,torch.uint8,"[1, 224, 224]",True,uint8:1ch
grayscale,grayscale:uint8:3ch:v2,uint8:3ch,v2,,round1_20260927,baseline,validation,2,256,256,400,0.29814925277605653,0.2900664694607258,0.27791932225227356,0.3381420858204365,0.022971124079604086,0.2543861046433449,0.39121974259614944,0.11925970111042261,ch32_scale_affine_20260927,torchvision.transforms.Grayscale,"{""num_output_channels"": 1}",torch.manual_seed/random.seed(base_seed + 100000*block_id + call_index); set outside the timing window,20460927,"0,1,2,3",4,196608.0,197030.0,196608.0,torch.uint8,"[3, 256, 256]",True,Tensor,65536.0,65958.0,65536.0,torch.uint8,"[1, 256, 256]",True,uint8:1ch
grayscale,grayscale:uint8:3ch:t5,uint8:3ch,t5,,round1_20260927,baseline,train,2,288,288,400,0.31147544272243977,0.30722469091415405,0.29606157913804054,0.33255070447921753,0.016581959080138434,0.2871854230761528,0.38988422602415085,0.1245901770889759,ch32_scale_affine_20260927,torchvision.transforms.Grayscale,"{""num_output_channels"": 1}",torch.manual_seed/random.seed(base_seed + 100000*block_id + call_index); set outside the timing window,20460927,"0,1,2,3",4,248832.0,249254.0,248832.0,torch.uint8,"[3, 288, 288]",True,Tensor,82944.0,83366.0,82944.0,torch.uint8,"[1, 288, 288]",True,uint8:1ch
grayscale,grayscale:uint8:3ch:t6,uint8:3ch,t6,,round1_20260927,baseline,train,2,384,384,400,0.5274668987840414,0.5217608995735645,0.5072154104709625,0.5526050925254822,0.019162679877976322,0.5027540028095245,0.5980553105473518,0.21098675951361656,ch32_scale_affine_20260927,torchvision.transforms.Grayscale,"{""num_output_channels"": 1}",torch.manual_seed/random.seed(base_seed + 100000*block_id + call_index); set outside the timing window,20460927,"0,1,2,3",4,442368.0,442790.0,442368.0,torch.uint8,"[3, 384, 384]",True,Tensor,147456.0,147878.0,147456.0,torch.uint8,"[1, 384, 384]",True,uint8:1ch
grayscale,grayscale:uint8:3ch:v3,uint8:3ch,v3,,round1_20260927,baseline,validation,2,448,448,400,0.7471555634401739,0.7163211703300476,0.7024399936199188,0.8603028953075412,0.08802351925734117,0.6931638345122337,1.9498681649565697,0.29886222537606955,ch32_scale_affine_20260927,torchvision.transforms.Grayscale,"{""num_output_channels"": 1}",torch.manual_seed/random.seed(base_seed + 100000*block_id + call_index); set outside the timing window,20460927,"0,1,2,3",4,602112.0,602534.0,602112.0,torch.uint8,"[3, 448, 448]",True,Tensor,200704.0,201126.0,200704.0,torch.uint8,"[1, 448, 448]",True,uint8:1ch
grayscale,grayscale:uint8:3ch:t7,uint8:3ch,t7,,round1_20260927,baseline,train,2,512,512,400,1.0315059614367783,1.0242718271911144,0.9694146923720837,1.0959649458527565,0.0567909420109392,0.9290724992752075,1.3121049851179123,0.4126023845747113,ch32_scale_affine_20260927,torchvision.transforms.Grayscale,"{""num_output_channels"": 1}",torch.manual_seed/random.seed(base_seed + 100000*block_id + call_index); set outside the timing window,20460927,"0,1,2,3",4,786432.0,786854.0,786432.0,torch.uint8,"[3, 512, 512]",True,Tensor,262144.0,262566.0,262144.0,torch.uint8,"[1, 512, 512]",True,uint8:1ch
flip,flip:float32:3ch:t0,float32:3ch,t0,,round1_20260927,baseline,train,2,64,64,400,0.06241581169888377,0.05010981112718582,0.04790918901562691,0.07867217063903809,0.015075696774952905,0.03896001726388931,0.10083243250846863,0.02496632467955351,ch32_scale_affine_20260927,torchvision.transforms.RandomHorizontalFlip,"{""p"": 0.5}",torch.manual_seed/random.seed(base_seed + 100000*block_id + call_index); set outside the timing window,20460927,"0,1,2,3",4,12288.0,49559.0,49152.0,torch.float32,"[3, 64, 64]",True,Tensor,12288.0,49559.0,49152.0,torch.float32,"[3, 64, 64]",True,float32:3ch
flip,flip:float32:3ch:v0,float32:3ch,v0,,round1_20260927,baseline,validation,2,80,80,400,0.05182872526347637,0.044030603021383286,0.038164667785167694,0.06848946213722229,0.013175169655373934,0.0363299623131752,0.08063949644565582,0.02073149010539055,ch32_scale_affine_20260927,torchvision.transforms.RandomHorizontalFlip,"{""p"": 0.5}",torch.manual_seed/random.seed(base_seed + 100000*block_id + call_index); set outside the timing window,20460927,"0,1,2,3",4,19200.0,77216.0,76800.0,torch.float32,"[3, 80, 80]",True,Tensor,19200.0,77216.0,76800.0,torch.float32,"[3, 80, 80]",True,float32:3ch
flip,flip:float32:3ch:t1,float32:3ch,t1,,round1_20260927,baseline,train,2,96,96,400,0.04782896488904953,0.03723613917827606,0.035120733082294464,0.06187651306390762,0.012792620283731872,0.034176744520664215,0.07391814142465591,0.019131585955619812,ch32_scale_affine_20260927,torchvision.transforms.RandomHorizontalFlip,"{""p"": 0.5}",torch.manual_seed/random.seed(base_seed + 100000*block_id + call_index); set outside the timing window,20460927,"0,1,2,3",4,27648.0,111008.0,110592.0,torch.float32,"[3, 96, 96]",True,Tensor,27648.0,111008.0,110592.0,torch.float32,"[3, 96, 96]",True,float32:3ch
flip,flip:float32:3ch:t2,float32:3ch,t2,,round1_20260927,baseline,train,2,144,144,400,0.07031553657725453,0.052892137318849564,0.04873499274253845,0.09581204503774643,0.022152423327861326,0.04364177584648132,0.1175999641418457,0.028126214630901814,ch32_scale_affine_20260927,torchvision.transforms.RandomHorizontalFlip,"{""p"": 0.5}",torch.manual_seed/random.seed(base_seed + 100000*block_id + call_index); set outside the timing window,20460927,"0,1,2,3",4,62208.0,249248.0,248832.0,torch.float32,"[3, 144, 144]",True,Tensor,62208.0,249248.0,248832.0,torch.float32,"[3, 144, 144]",True,float32:3ch
flip,flip:float32:3ch:v1,float32:3ch,v1,,round1_20260927,baseline,validation,2,160,160,400,0.057386839762330055,0.04035094752907753,0.03745928406715393,0.0812332145869732,0.0203932835198772,0.03637745976448059,0.09264424443244934,0.022954735904932022,ch32_scale_affine_20260927,torchvision.transforms.RandomHorizontalFlip,"{""p"": 0.5}",torch.manual_seed/random.seed(base_seed + 100000*block_id + call_index); set outside the timing window,20460927,"0,1,2,3",4,76800.0,307618.0,307200.0,torch.float32,"[3, 160, 160]",True,Tensor,76800.0,307618.0,307200.0,torch.float32,"[3, 160, 160]",True,float32:3ch
flip,flip:float32:3ch:t3,float32:3ch,t3,,round1_20260927,baseline,train,2,192,192,400,0.07377653382718563,0.04874449223279953,0.04263389855623245,0.11316752061247828,0.03288432716581615,0.041818246245384216,0.1701153814792633,0.029510613530874252,ch32_scale_affine_20260927,torchvision.transforms.RandomHorizontalFlip,"{""p"": 0.5}",torch.manual_seed/random.seed(base_seed + 100000*block_id + call_index); set outside the timing window,20460927,"0,1,2,3",4,110592.0,442786.0,442368.0,torch.float32,"[3, 192, 192]",True,Tensor,110592.0,442786.0,442368.0,torch.float32,"[3, 192, 192]",True,float32:3ch
flip,flip:float32:3ch:t4,float32:3ch,t4,,round1_20260927,baseline,train,2,224,224,400,0.07183961803093553,0.049326103180646896,0.03990987315773964,0.10865489020943642,0.03204092573857819,0.03858935087919235,0.13267993927001953,0.02873584721237421,ch32_scale_affine_20260927,torchvision.transforms.RandomHorizontalFlip,"{""p"": 0.5}",torch.manual_seed/random.seed(base_seed + 100000*block_id + call_index); set outside the timing window,20460927,"0,1,2,3",4,150528.0,602530.0,602112.0,torch.float32,"[3, 224, 224]",True,Tensor,150528.0,602530.0,602112.0,torch.float32,"[3, 224, 224]",True,float32:3ch
flip,flip:float32:3ch:v2,float32:3ch,v2,,round1_20260927,baseline,validation,2,256,256,400,0.07664326578378677,0.0428883358836174,0.03930646926164627,0.11950032785534859,0.03991559504804837,0.03859400749206543,0.19512977451086044,0.03065730631351471,ch32_scale_affine_20260927,torchvision.transforms.RandomHorizontalFlip,"{""p"": 0.5}",torch.manual_seed/random.seed(base_seed + 100000*block_id + call_index); set outside the timing window,20460927,"0,1,2,3",4,196608.0,786855.0,786432.0,torch.float32,"[3, 256, 256]",True,Tensor,196608.0,786855.0,786432.0,torch.float32,"[3, 256, 256]",True,float32:3ch
flip,flip:float32:3ch:t5,float32:3ch,t5,,round1_20260927,baseline,train,2,288,288,400,0.11994925094768405,0.054589007049798965,0.04298072308301926,0.2098280005156994,0.07871776609107013,0.038892962038517,0.24007819592952728,0.04797970037907362,ch32_scale_affine_20260927,torchvision.transforms.RandomHorizontalFlip,"{""p"": 0.5}",torch.manual_seed/random.seed(base_seed + 100000*block_id + call_index); set outside the timing window,20460927,"0,1,2,3",4,248832.0,995751.0,995328.0,torch.float32,"[3, 288, 288]",True,Tensor,248832.0,995751.0,995328.0,torch.float32,"[3, 288, 288]",True,float32:3ch
flip,flip:float32:3ch:t6,float32:3ch,t6,,round1_20260927,baseline,train,2,384,384,400,0.16164369648322463,0.042236410081386566,0.03930218517780304,0.30985092744231224,0.1322725179818307,0.03831833600997925,0.37673208862543106,0.06465747859328985,ch32_scale_affine_20260927,torchvision.transforms.RandomHorizontalFlip,"{""p"": 0.5}",torch.manual_seed/random.seed(base_seed + 100000*block_id + call_index); set outside the timing window,20460927,"0,1,2,3",4,442368.0,1769895.0,1769472.0,torch.float32,"[3, 384, 384]",True,Tensor,442368.0,1769895.0,1769472.0,torch.float32,"[3, 384, 384]",True,float32:3ch
flip,flip:float32:3ch:v3,float32:3ch,v3,,round1_20260927,baseline,validation,2,448,448,400,0.2169516053982079,0.04623783752322197,0.039829500019550323,0.43751243501901627,0.19138713725692433,0.03893766552209854,0.5362723022699356,0.08678064215928316,ch32_scale_affine_20260927,torchvision.transforms.RandomHorizontalFlip,"{""p"": 0.5}",torch.manual_seed/random.seed(base_seed + 100000*block_id + call_index); set outside the timing window,20460927,"0,1,2,3",4,602112.0,2408871.0,2408448.0,torch.float32,"[3, 448, 448]",True,Tensor,602112.0,2408871.0,2408448.0,torch.float32,"[3, 448, 448]",True,float32:3ch
flip,flip:float32:3ch:t7,float32:3ch,t7,,round1_20260927,baseline,train,2,512,512,400,0.277172508649528,0.04188204184174538,0.03913026303052902,0.5910608917474747,0.25947613272064424,0.038166530430316925,0.7126322016119957,0.11086900345981121,ch32_scale_affine_20260927,torchvision.transforms.RandomHorizontalFlip,"{""p"": 0.5}",torch.manual_seed/random.seed(base_seed + 100000*block_id + call_index); set outside the timing window,20460927,"0,1,2,3",4,786432.0,3146151.0,3145728.0,torch.float32,"[3, 512, 512]",True,Tensor,786432.0,3146151.0,3145728.0,torch.float32,"[3, 512, 512]",True,float32:3ch
flip,flip:float32:1ch:t0,float32:1ch,t0,,round1_20260927,baseline,train,2,64,64,400,0.0638465047813952,0.05557062104344368,0.04937024787068367,0.08092569187283516,0.014558395007409455,0.04004966467618942,0.12093409895896912,0.02553860191255808,ch32_scale_affine_20260927,torchvision.transforms.RandomHorizontalFlip,"{""p"": 0.5}",torch.manual_seed/random.seed(base_seed + 100000*block_id + call_index); set outside the timing window,20460927,"0,1,2,3",4,4096.0,16790.0,16384.0,torch.float32,"[1, 64, 64]",True,Tensor,4096.0,16790.0,16384.0,torch.float32,"[1, 64, 64]",True,float32:1ch
flip,flip:float32:1ch:v0,float32:1ch,v0,,round1_20260927,baseline,validation,2,80,80,400,0.044664908200502396,0.03622984513640404,0.03362605348229408,0.0565635971724987,0.010945079491064718,0.032461248338222504,0.07426738739013672,0.017865963280200958,ch32_scale_affine_20260927,torchvision.transforms.RandomHorizontalFlip,"{""p"": 0.5}",torch.manual_seed/random.seed(base_seed + 100000*block_id + call_index); set outside the timing window,20460927,"0,1,2,3",4,6400.0,26006.0,25600.0,torch.float32,"[1, 80, 80]",True,Tensor,6400.0,26006.0,25600.0,torch.float32,"[1, 80, 80]",True,float32:1ch
flip,flip:float32:1ch:t1,float32:1ch,t1,,round1_20260927,baseline,train,2,96,96,400,0.05004697712138295,0.04312954843044281,0.038179103285074234,0.06417268887162209,0.011277855920503824,0.03725290298461914,0.07605180144309998,0.02001879084855318,ch32_scale_affine_20260927,torchvision.transforms.RandomHorizontalFlip,"{""p"": 0.5}",torch.manual_seed/random.seed(base_seed + 100000*block_id + call_index); set outside the timing window,20460927,"0,1,2,3",4,9216.0,37270.0,36864.0,torch.float32,"[1, 96, 96]",True,Tensor,9216.0,37270.0,36864.0,torch.float32,"[1, 96, 96]",True,float32:1ch
flip,flip:float32:1ch:t2,float32:1ch,t2,,round1_20260927,baseline,train,2,144,144,400,0.05977741675451398,0.05094194784760475,0.04434455186128616,0.07747123017907144,0.015141028693239252,0.04198681563138962,0.13389065861701965,0.02391096670180559,ch32_scale_affine_20260927,torchvision.transforms.RandomHorizontalFlip,"{""p"": 0.5}",torch.manual_seed/random.seed(base_seed + 100000*block_id + call_index); set outside the timing window,20460927,"0,1,2,3",4,20736.0,83359.0,82944.0,torch.float32,"[1, 144, 144]",True,Tensor,20736.0,83359.0,82944.0,torch.float32,"[1, 144, 144]",True,float32:1ch
flip,flip:float32:1ch:v1,float32:1ch,v1,,round1_20260927,baseline,validation,2,160,160,400,0.06947699002921581,0.06030360236763954,0.05055069923400879,0.09397706016898157,0.0181474180059179,0.03989413380622864,0.11695921421051025,0.027790796011686325,ch32_scale_affine_20260927,torchvision.transforms.RandomHorizontalFlip,"{""p"": 0.5}",torch.manual_seed/random.seed(base_seed + 100000*block_id + call_index); set outside the timing window,20460927,"0,1,2,3",4,25600.0,102815.0,102400.0,torch.float32,"[1, 160, 160]",True,Tensor,25600.0,102815.0,102400.0,torch.float32,"[1, 160, 160]",True,float32:1ch
flip,flip:float32:1ch:t3,float32:1ch,t3,,round1_20260927,baseline,train,2,192,192,400,0.06829631747677922,0.05763489753007889,0.04894128069281578,0.09236074984073639,0.018714210328916826,0.0393623486161232,0.11540669947862625,0.02731852699071169,ch32_scale_affine_20260927,torchvision.transforms.RandomHorizontalFlip,"{""p"": 0.5}",torch.manual_seed/random.seed(base_seed + 100000*block_id + call_index); set outside the timing window,20460927,"0,1,2,3",4,36864.0,147871.0,147456.0,torch.float32,"[1, 192, 192]",True,Tensor,36864.0,147871.0,147456.0,torch.float32,"[1, 192, 192]",True,float32:1ch
flip,flip:float32:1ch:t4,float32:1ch,t4,,round1_20260927,baseline,train,2,224,224,400,0.05867294501513243,0.046907924115657806,0.040552858263254166,0.07874332368373871,0.017139159333960683,0.03874395042657852,0.08969102054834366,0.02346917800605297,ch32_scale_affine_20260927,torchvision.transforms.RandomHorizontalFlip,"{""p"": 0.5}",torch.manual_seed/random.seed(base_seed + 100000*block_id + call_index); set outside the timing window,20460927,"0,1,2,3",4,50176.0,201119.0,200704.0,torch.float32,"[1, 224, 224]",True,Tensor,50176.0,201119.0,200704.0,torch.float32,"[1, 224, 224]",True,float32:1ch
flip,flip:float32:1ch:v2,float32:1ch,v2,,round1_20260927,baseline,validation,2,256,256,400,0.06266008829697967,0.05003251135349274,0.041932519525289536,0.08919518440961838,0.020465158411955654,0.03829877823591232,0.10640174150466919,0.025064035318791866,ch32_scale_affine_20260927,torchvision.transforms.RandomHorizontalFlip,"{""p"": 0.5}",torch.manual_seed/random.seed(base_seed + 100000*block_id + call_index); set outside the timing window,20460927,"0,1,2,3",4,65536.0,262564.0,262144.0,torch.float32,"[1, 256, 256]",True,Tensor,65536.0,262564.0,262144.0,torch.float32,"[1, 256, 256]",True,float32:1ch
flip,flip:float32:1ch:t5,float32:1ch,t5,,round1_20260927,baseline,train,2,288,288,400,0.06543719908222556,0.05057081580162048,0.04202965646982193,0.09341957047581673,0.022891051256866097,0.04087202250957489,0.11238735169172287,0.026174879632890224,ch32_scale_affine_20260927,torchvision.transforms.RandomHorizontalFlip,"{""p"": 0.5}",torch.manual_seed/random.seed(base_seed + 100000*block_id + call_index); set outside the timing window,20460927,"0,1,2,3",4,82944.0,332196.0,331776.0,torch.float32,"[1, 288, 288]",True,Tensor,82944.0,332196.0,331776.0,torch.float32,"[1, 288, 288]",True,float32:1ch
flip,flip:float32:1ch:t6,float32:1ch,t6,,round1_20260927,baseline,train,2,384,384,400,0.07786450209096074,0.05146954208612442,0.0382009893655777,0.1210629940032959,0.03770298197906132,0.03685895353555679,0.15213992446660995,0.031145800836384296,ch32_scale_affine_20260927,torchvision.transforms.RandomHorizontalFlip,"{""p"": 0.5}",torch.manual_seed/random.seed(base_seed + 100000*block_id + call_index); set outside the timing window,20460927,"0,1,2,3",4,147456.0,590244.0,589824.0,torch.float32,"[1, 384, 384]",True,Tensor,147456.0,590244.0,589824.0,torch.float32,"[1, 384, 384]",True,float32:1ch
flip,flip:float32:1ch:v3,float32:1ch,v3,,round1_20260927,baseline,validation,2,448,448,400,0.07849619491025805,0.05903374403715134,0.037826504558324814,0.12198984622955322,0.04172401961179012,0.03692414611577988,0.1812400296330452,0.03139847796410322,ch32_scale_affine_20260927,torchvision.transforms.RandomHorizontalFlip,"{""p"": 0.5}",torch.manual_seed/random.seed(base_seed + 100000*block_id + call_index); set outside the timing window,20460927,"0,1,2,3",4,200704.0,803236.0,802816.0,torch.float32,"[1, 448, 448]",True,Tensor,200704.0,803236.0,802816.0,torch.float32,"[1, 448, 448]",True,float32:1ch
flip,flip:float32:1ch:t7,float32:1ch,t7,,round1_20260927,baseline,train,2,512,512,400,0.12139992555603385,0.04022987559437752,0.03819521516561508,0.23003984242677689,0.09007285995985118,0.037307851016521454,0.260855071246624,0.04855997022241354,ch32_scale_affine_20260927,torchvision.transforms.RandomHorizontalFlip,"{""p"": 0.5}",torch.manual_seed/random.seed(base_seed + 100000*block_id + call_index); set outside the timing window,20460927,"0,1,2,3",4,262144.0,1048996.0,1048576.0,torch.float32,"[1, 512, 512]",True,Tensor,262144.0,1048996.0,1048576.0,torch.float32,"[1, 512, 512]",True,float32:1ch
flip,flip:uint8:3ch:t0,uint8:3ch,t0,,round1_20260927,baseline,train,2,64,64,400,0.04699475830420852,0.046974048018455505,0.034132786095142365,0.05680704489350319,0.009665174747150118,0.0325273722410202,0.06994884461164474,0.018797903321683407,ch32_scale_affine_20260927,torchvision.transforms.RandomHorizontalFlip,"{""p"": 0.5}",torch.manual_seed/random.seed(base_seed + 100000*block_id + call_index); set outside the timing window,20460927,"0,1,2,3",4,12288.0,12694.0,12288.0,torch.uint8,"[3, 64, 64]",True,Tensor,12288.0,12694.0,12288.0,torch.uint8,"[3, 64, 64]",True,uint8:3ch
flip,flip:uint8:3ch:v0,uint8:3ch,v0,,round1_20260927,baseline,validation,2,80,80,400,0.046504680067300797,0.04466669633984566,0.033634528517723083,0.058277882635593414,0.011245578108504224,0.03258325159549713,0.07261428982019424,0.01860187202692032,ch32_scale_affine_20260927,torchvision.transforms.RandomHorizontalFlip,"{""p"": 0.5}",torch.manual_seed/random.seed(base_seed + 100000*block_id + call_index); set outside the timing window,20460927,"0,1,2,3",4,19200.0,19606.0,19200.0,torch.uint8,"[3, 80, 80]",True,Tensor,19200.0,19606.0,19200.0,torch.uint8,"[3, 80, 80]",True,uint8:3ch
flip,flip:uint8:3ch:t1,uint8:3ch,t1,,round1_20260927,baseline,train,2,96,96,400,0.05095771048218012,0.04617776721715927,0.03805067390203476,0.06746230646967888,0.011393306254387482,0.03732088953256607,0.08007045835256577,0.020383084192872047,ch32_scale_affine_20260927,torchvision.transforms.RandomHorizontalFlip,"{""p"": 0.5}",torch.manual_seed/random.seed(base_seed + 100000*block_id + call_index); set outside the timing window,20460927,"0,1,2,3",4,27648.0,28054.0,27648.0,torch.uint8,"[3, 96, 96]",True,Tensor,27648.0,28054.0,27648.0,torch.uint8,"[3, 96, 96]",True,uint8:3ch
flip,flip:uint8:3ch:t2,uint8:3ch,t2,,round1_20260927,baseline,train,2,144,144,400,0.06867703283205628,0.05795760080218315,0.05059028044342995,0.09066611528396606,0.017444798960934087,0.04877056926488876,0.10143686085939407,0.027470813132822514,ch32_scale_affine_20260927,torchvision.transforms.RandomHorizontalFlip,"{""p"": 0.5}",torch.manual_seed/random.seed(base_seed + 100000*block_id + call_index); set outside the timing window,20460927,"0,1,2,3",4,62208.0,62614.0,62208.0,torch.uint8,"[3, 144, 144]",True,Tensor,62208.0,62614.0,62208.0,torch.uint8,"[3, 144, 144]",True,uint8:3ch
flip,flip:uint8:3ch:v1,uint8:3ch,v1,,round1_20260927,baseline,validation,2,160,160,400,0.05568463355302811,0.04770467057824135,0.04092194139957428,0.073221605271101,0.014208874983178087,0.03768317401409149,0.12694206088781357,0.022273853421211243,ch32_scale_affine_20260927,torchvision.transforms.RandomHorizontalFlip,"{""p"": 0.5}",torch.manual_seed/random.seed(base_seed + 100000*block_id + call_index); set outside the timing window,20460927,"0,1,2,3",4,76800.0,77217.0,76800.0,torch.uint8,"[3, 160, 160]",True,Tensor,76800.0,77217.0,76800.0,torch.uint8,"[3, 160, 160]",True,uint8:3ch
flip,flip:uint8:3ch:t3,uint8:3ch,t3,,round1_20260927,baseline,train,2,192,192,400,0.058258643839508295,0.052552204579114914,0.042287539690732956,0.07786545902490616,0.015335941446665682,0.03815256059169769,0.09897258132696152,0.023303457535803318,ch32_scale_affine_20260927,torchvision.transforms.RandomHorizontalFlip,"{""p"": 0.5}",torch.manual_seed/random.seed(base_seed + 100000*block_id + call_index); set outside the timing window,20460927,"0,1,2,3",4,110592.0,111009.0,110592.0,torch.uint8,"[3, 192, 192]",True,Tensor,110592.0,111009.0,110592.0,torch.uint8,"[3, 192, 192]",True,uint8:3ch
flip,flip:uint8:3ch:t4,uint8:3ch,t4,,round1_20260927,baseline,train,2,224,224,400,0.06071787793189287,0.062185339629650116,0.0383756123483181,0.09405044838786128,0.020722988205526607,0.037561170756816864,0.14582183212041855,0.02428715117275715,ch32_scale_affine_20260927,torchvision.transforms.RandomHorizontalFlip,"{""p"": 0.5}",torch.manual_seed/random.seed(base_seed + 100000*block_id + call_index); set outside the timing window,20460927,"0,1,2,3",4,150528.0,150945.0,150528.0,torch.uint8,"[3, 224, 224]",True,Tensor,150528.0,150945.0,150528.0,torch.uint8,"[3, 224, 224]",True,uint8:3ch
flip,flip:uint8:3ch:v2,uint8:3ch,v2,,round1_20260927,baseline,validation,2,256,256,400,0.059694903902709484,0.0489531084895134,0.039136409759521484,0.08537536486983299,0.01876509618482579,0.03813393414020538,0.115981325507164,0.023877961561083794,ch32_scale_affine_20260927,torchvision.transforms.RandomHorizontalFlip,"{""p"": 0.5}",torch.manual_seed/random.seed(base_seed + 100000*block_id + call_index); set outside the timing window,20460927,"0,1,2,3",4,196608.0,197030.0,196608.0,torch.uint8,"[3, 256, 256]",True,Tensor,196608.0,197030.0,196608.0,torch.uint8,"[3, 256, 256]",True,uint8:3ch
flip,flip:uint8:3ch:t5,uint8:3ch,t5,,round1_20260927,baseline,train,2,288,288,400,0.05567267071455717,0.04249950870871544,0.03815842792391777,0.0766117125749588,0.01779647805814281,0.03718025982379913,0.08687283843755722,0.02226906828582287,ch32_scale_affine_20260927,torchvision.transforms.RandomHorizontalFlip,"{""p"": 0.5}",torch.manual_seed/random.seed(base_seed + 100000*block_id + call_index); set outside the timing window,20460927,"0,1,2,3",4,248832.0,249254.0,248832.0,torch.uint8,"[3, 288, 288]",True,Tensor,248832.0,249254.0,248832.0,torch.uint8,"[3, 288, 288]",True,uint8:3ch
flip,flip:uint8:3ch:t6,uint8:3ch,t6,,round1_20260927,baseline,train,2,384,384,400,0.06894443184137344,0.04857592284679413,0.04334188997745514,0.09906236082315445,0.02638562436877199,0.03999471664428711,0.11150632053613663,0.027577772736549377,ch32_scale_affine_20260927,torchvision.transforms.RandomHorizontalFlip,"{""p"": 0.5}",torch.manual_seed/random.seed(base_seed + 100000*block_id + call_index); set outside the timing window,20460927,"0,1,2,3",4,442368.0,442790.0,442368.0,torch.uint8,"[3, 384, 384]",True,Tensor,442368.0,442790.0,442368.0,torch.uint8,"[3, 384, 384]",True,uint8:3ch
flip,flip:uint8:3ch:v3,uint8:3ch,v3,,round1_20260927,baseline,validation,2,448,448,400,0.08011904545128345,0.05137315019965172,0.045675504952669144,0.12191776186227798,0.03496425470822962,0.04353374242782593,0.1346580684185028,0.03204761818051338,ch32_scale_affine_20260927,torchvision.transforms.RandomHorizontalFlip,"{""p"": 0.5}",torch.manual_seed/random.seed(base_seed + 100000*block_id + call_index); set outside the timing window,20460927,"0,1,2,3",4,602112.0,602534.0,602112.0,torch.uint8,"[3, 448, 448]",True,Tensor,602112.0,602534.0,602112.0,torch.uint8,"[3, 448, 448]",True,uint8:3ch
flip,flip:uint8:3ch:t7,uint8:3ch,t7,,round1_20260927,baseline,train,2,512,512,400,0.07830878486856818,0.05082925781607628,0.041564833372831345,0.11930577456951146,0.03825467495512847,0.03807712346315384,0.17238594591617584,0.03132351394742727,ch32_scale_affine_20260927,torchvision.transforms.RandomHorizontalFlip,"{""p"": 0.5}",torch.manual_seed/random.seed(base_seed + 100000*block_id + call_index); set outside the timing window,20460927,"0,1,2,3",4,786432.0,786854.0,786432.0,torch.uint8,"[3, 512, 512]",True,Tensor,786432.0,786854.0,786432.0,torch.uint8,"[3, 512, 512]",True,uint8:3ch
jitter,jitter:uint8:1ch:xt0,uint8:1ch,xt0,,round2_20260927,extension,train,0,512,512,400,1.6551704704761505,1.6500568017363548,1.5633161179721355,1.7460073344409466,0.06999207274855883,1.5164343640208244,2.157595008611679,0.6620681881904602,ch32_scale_affine_20260927,torchvision.transforms.ColorJitter,"{""brightness"": 0.1, ""contrast"": 0.1, ""hue"": 0.1, ""saturation"": 0.1}",torch.manual_seed/random.seed(base_seed + 100000*block_id + call_index); set outside the timing window,20260927,"0,1,2,3",4,262144.0,262565.0,262144.0,torch.uint8,"[1, 512, 512]",True,Tensor,262144.0,262568.0,262144.0,torch.uint8,"[1, 512, 512]",True,uint8:1ch
jitter,jitter:uint8:1ch:xt1,uint8:1ch,xt1,,round2_20260927,extension,train,0,736,736,400,3.1592472083866596,3.1484407372772694,2.9595956206321716,3.386807907372713,0.15993396267117352,2.8567230328917503,3.630010411143303,1.2636988833546638,ch32_scale_affine_20260927,torchvision.transforms.ColorJitter,"{""brightness"": 0.1, ""contrast"": 0.1, ""hue"": 0.1, ""saturation"": 0.1}",torch.manual_seed/random.seed(base_seed + 100000*block_id + call_index); set outside the timing window,20260927,"0,1,2,3",4,541696.0,542117.0,541696.0,torch.uint8,"[1, 736, 736]",True,Tensor,541696.0,542120.0,541696.0,torch.uint8,"[1, 736, 736]",True,uint8:1ch
jitter,jitter:uint8:1ch:xt2,uint8:1ch,xt2,,round2_20260927,extension,train,0,1024,1024,173,8.68942367849667,7.352347485721111,6.958271935582161,14.034751243889332,2.7235683698221114,6.477268412709236,18.236768431961536,1.5032702963799238,ch32_scale_affine_20260927,torchvision.transforms.ColorJitter,"{""brightness"": 0.1, ""contrast"": 0.1, ""hue"": 0.1, ""saturation"": 0.1}",torch.manual_seed/random.seed(base_seed + 100000*block_id + call_index); set outside the timing window,20260927,"0,1,2,3",4,1048576.0,1048997.0,1048576.0,torch.uint8,"[1, 1024, 1024]",True,Tensor,1048576.0,1049000.0,1048576.0,torch.uint8,"[1, 1024, 1024]",True,uint8:1ch
jitter,jitter:uint8:1ch:xt3,uint8:1ch,xt3,,round2_20260927,extension,train,0,1098,1098,186,8.082811815804371,8.050082717090845,7.759036496281624,8.511883206665516,0.45254196888899006,6.905357353389263,10.31714677810669,1.503402997739613,ch32_scale_affine_20260927,torchvision.transforms.ColorJitter,"{""brightness"": 0.1, ""contrast"": 0.1, ""hue"": 0.1, ""saturation"": 0.1}",torch.manual_seed/random.seed(base_seed + 100000*block_id + call_index); set outside the timing window,20260927,"0,1,2,3",4,1205604.0,1206025.0,1205604.0,torch.uint8,"[1, 1098, 1098]",True,Tensor,1205604.0,1206028.0,1205604.0,torch.uint8,"[1, 1098, 1098]",True,uint8:1ch
jitter,jitter:uint8:1ch:xv0,uint8:1ch,xv0,,round2_20260927,extension,validation,0,640,640,400,2.3599074059166014,2.3514735512435436,2.2953557781875134,2.4282406084239483,0.08062643745197273,2.2456608712673187,3.5457918420434,0.9439629623666406,ch32_scale_affine_20260927,torchvision.transforms.ColorJitter,"{""brightness"": 0.1, ""contrast"": 0.1, ""hue"": 0.1, ""saturation"": 0.1}",torch.manual_seed/random.seed(base_seed + 100000*block_id + call_index); set outside the timing window,20260927,"0,1,2,3",4,409600.0,410021.0,409600.0,torch.uint8,"[1, 640, 640]",True,Tensor,409600.0,410024.0,409600.0,torch.uint8,"[1, 640, 640]",True,uint8:1ch
jitter,jitter:uint8:1ch:xv1,uint8:1ch,xv1,,round2_20260927,extension,validation,0,832,832,341,4.406509260016103,3.9417073130607605,3.723421134054661,4.7861747443675995,1.2306210200902916,3.6127781495451927,11.815972626209259,1.502619657665491,ch32_scale_affine_20260927,torchvision.transforms.ColorJitter,"{""brightness"": 0.1, ""contrast"": 0.1, ""hue"": 0.1, ""saturation"": 0.1}",torch.manual_seed/random.seed(base_seed + 100000*block_id + call_index); set outside the timing window,20260927,"0,1,2,3",4,692224.0,692645.0,692224.0,torch.uint8,"[1, 832, 832]",True,Tensor,692224.0,692648.0,692224.0,torch.uint8,"[1, 832, 832]",True,uint8:1ch
jitter,jitter:uint8:1ch:xv2,uint8:1ch,xv2,,round2_20260927,extension,validation,0,960,960,150,10.003182105720043,6.655387580394745,6.146821938455105,15.128057356923819,3.85870657437303,5.690829828381538,15.830005519092083,1.5004773158580065,ch32_scale_affine_20260927,torchvision.transforms.ColorJitter,"{""brightness"": 0.1, ""contrast"": 0.1, ""hue"": 0.1, ""saturation"": 0.1}",torch.manual_seed/random.seed(base_seed + 100000*block_id + call_index); set outside the timing window,20260927,"0,1,2,3",4,921600.0,922021.0,921600.0,torch.uint8,"[1, 960, 960]",True,Tensor,921600.0,922024.0,921600.0,torch.uint8,"[1, 960, 960]",True,uint8:1ch
jitter,jitter:uint8:1ch:xv3,uint8:1ch,xv3,,round2_20260927,extension,validation,0,1088,1088,145,10.354812359758492,10.274152271449566,8.153797686100006,12.550140172243118,1.7759282855533867,6.845394149422646,15.169056132435799,1.5014477921649814,ch32_scale_affine_20260927,torchvision.transforms.ColorJitter,"{""brightness"": 0.1, ""contrast"": 0.1, ""hue"": 0.1, ""saturation"": 0.1}",torch.manual_seed/random.seed(base_seed + 100000*block_id + call_index); set outside the timing window,20260927,"0,1,2,3",4,1183744.0,1184165.0,1183744.0,torch.uint8,"[1, 1088, 1088]",True,Tensor,1183744.0,1184168.0,1183744.0,torch.uint8,"[1, 1088, 1088]",True,uint8:1ch
crop,crop:uint8:1ch:xt0,uint8:1ch,xt0,,round2_20260927,extension,train,0,448,448,400,0.6796966656111181,0.6765550933778286,0.6484260782599449,0.7088852114975452,0.03527039822770528,0.6250403821468353,1.1073695495724678,0.27187866624444723,ch32_scale_affine_20260927,torchvision.transforms.RandomResizedCrop,"{""ratio"": [0.75, 1.3333333], ""scale"": [0.08, 1.0], ""size"": [244, 244]}",torch.manual_seed/random.seed(base_seed + 100000*block_id + call_index); set outside the timing window,20260927,"0,1,2,3",4,200704.0,201125.0,200704.0,torch.uint8,"[1, 448, 448]",True,Tensor,59536.0,59944.0,59536.0,torch.uint8,"[1, 244, 244]",True,uint8:1ch
crop,crop:uint8:1ch:xt1,uint8:1ch,xt1,,round2_20260927,extension,train,0,672,672,400,0.7935911137610674,0.7919925265014172,0.6910474039614201,0.9000957943499088,0.07829220917348927,0.6460240110754967,1.0038316249847412,0.31743644550442696,ch32_scale_affine_20260927,torchvision.transforms.RandomResizedCrop,"{""ratio"": [0.75, 1.3333333], ""scale"": [0.08, 1.0], ""size"": [244, 244]}",torch.manual_seed/random.seed(base_seed + 100000*block_id + call_index); set outside the timing window,20260927,"0,1,2,3",4,451584.0,452005.0,451584.0,torch.uint8,"[1, 672, 672]",True,Tensor,59536.0,59944.0,59536.0,torch.uint8,"[1, 244, 244]",True,uint8:1ch
crop,crop:uint8:1ch:xt2,uint8:1ch,xt2,,round2_20260927,extension,train,0,832,832,400,0.8470787270925939,0.8307592943310738,0.6995492614805698,1.0115530341863632,0.11454878406446829,0.6523942574858665,1.1726683005690575,0.33883149083703756,ch32_scale_affine_20260927,torchvision.transforms.RandomResizedCrop,"{""ratio"": [0.75, 1.3333333], ""scale"": [0.08, 1.0], ""size"": [244, 244]}",torch.manual_seed/random.seed(base_seed + 100000*block_id + call_index); set outside the timing window,20260927,"0,1,2,3",4,692224.0,692645.0,692224.0,torch.uint8,"[1, 832, 832]",True,Tensor,59536.0,59944.0,59536.0,torch.uint8,"[1, 244, 244]",True,uint8:1ch
crop,crop:uint8:1ch:xt3,uint8:1ch,xt3,,round2_20260927,extension,train,0,960,960,400,0.821613862644881,0.8240360766649246,0.6891136057674885,0.9575509466230869,0.09923712776970638,0.6457045674324036,1.0896651074290276,0.3286455450579524,ch32_scale_affine_20260927,torchvision.transforms.RandomResizedCrop,"{""ratio"": [0.75, 1.3333333], ""scale"": [0.08, 1.0], ""size"": [244, 244]}",torch.manual_seed/random.seed(base_seed + 100000*block_id + call_index); set outside the timing window,20260927,"0,1,2,3",4,921600.0,922021.0,921600.0,torch.uint8,"[1, 960, 960]",True,Tensor,59536.0,59944.0,59536.0,torch.uint8,"[1, 244, 244]",True,uint8:1ch
crop,crop:uint8:1ch:xv0,uint8:1ch,xv0,,round2_20260927,extension,validation,0,576,576,400,0.7175683369860053,0.7135230116546154,0.6617981940507889,0.7788797840476036,0.04590179399381309,0.6329873576760292,1.0449597612023354,0.2870273347944021,ch32_scale_affine_20260927,torchvision.transforms.RandomResizedCrop,"{""ratio"": [0.75, 1.3333333], ""scale"": [0.08, 1.0], ""size"": [244, 244]}",torch.manual_seed/random.seed(base_seed + 100000*block_id + call_index); set outside the timing window,20260927,"0,1,2,3",4,331776.0,332197.0,331776.0,torch.uint8,"[1, 576, 576]",True,Tensor,59536.0,59944.0,59536.0,torch.uint8,"[1, 244, 244]",True,uint8:1ch
crop,crop:uint8:1ch:xv1,uint8:1ch,xv1,,round2_20260927,extension,validation,0,768,768,400,0.8460952155292034,0.8300342597067356,0.6953375414013863,1.0102739557623863,0.1136709927198146,0.6434842944145203,1.0894304141402245,0.33843808621168137,ch32_scale_affine_20260927,torchvision.transforms.RandomResizedCrop,"{""ratio"": [0.75, 1.3333333], ""scale"": [0.08, 1.0], ""size"": [244, 244]}",torch.manual_seed/random.seed(base_seed + 100000*block_id + call_index); set outside the timing window,20260927,"0,1,2,3",4,589824.0,590245.0,589824.0,torch.uint8,"[1, 768, 768]",True,Tensor,59536.0,59944.0,59536.0,torch.uint8,"[1, 244, 244]",True,uint8:1ch
crop,crop:uint8:1ch:xv2,uint8:1ch,xv2,,round2_20260927,extension,validation,0,896,896,400,0.8552776789292693,0.8678403683006763,0.7061104290187359,0.9861242957413198,0.10326534295225673,0.6520561873912811,1.3206759467720985,0.3421110715717077,ch32_scale_affine_20260927,torchvision.transforms.RandomResizedCrop,"{""ratio"": [0.75, 1.3333333], ""scale"": [0.08, 1.0], ""size"": [244, 244]}",torch.manual_seed/random.seed(base_seed + 100000*block_id + call_index); set outside the timing window,20260927,"0,1,2,3",4,802816.0,803237.0,802816.0,torch.uint8,"[1, 896, 896]",True,Tensor,59536.0,59944.0,59536.0,torch.uint8,"[1, 244, 244]",True,uint8:1ch
crop,crop:uint8:1ch:xv3,uint8:1ch,xv3,,round2_20260927,extension,validation,0,986,986,400,0.9532559290528297,0.8895471692085266,0.7410379126667976,1.1426038108766081,0.35989672261894523,0.6747506558895111,3.6879461258649826,0.3813023716211319,ch32_scale_affine_20260927,torchvision.transforms.RandomResizedCrop,"{""ratio"": [0.75, 1.3333333], ""scale"": [0.08, 1.0], ""size"": [244, 244]}",torch.manual_seed/random.seed(base_seed + 100000*block_id + call_index); set outside the timing window,20260927,"0,1,2,3",4,972196.0,972617.0,972196.0,torch.uint8,"[1, 986, 986]",True,Tensor,59536.0,59944.0,59536.0,torch.uint8,"[1, 244, 244]",True,uint8:1ch
flip,flip:uint8:1ch:nt0,uint8:1ch,nt0,,round2_20260927,extension,train,0,64,64,400,0.053977370262145996,0.052418094128370285,0.041363947093486786,0.06739124655723572,0.011477622254288783,0.03945641219615936,0.08110981434583664,0.0215909481048584,ch32_scale_affine_20260927,torchvision.transforms.RandomHorizontalFlip,"{""p"": 0.5}",torch.manual_seed/random.seed(base_seed + 100000*block_id + call_index); set outside the timing window,20260927,"0,1,2,3",4,4096.0,4503.0,4096.0,torch.uint8,"[1, 64, 64]",True,Tensor,4096.0,4503.0,4096.0,torch.uint8,"[1, 64, 64]",True,uint8:1ch
flip,flip:uint8:1ch:nt1,uint8:1ch,nt1,,round2_20260927,extension,train,0,144,144,400,0.05792693933472037,0.057608820497989655,0.03880932927131653,0.07844585925340652,0.014746935226805046,0.0368533656001091,0.09111501276493073,0.02317077573388815,ch32_scale_affine_20260927,torchvision.transforms.RandomHorizontalFlip,"{""p"": 0.5}",torch.manual_seed/random.seed(base_seed + 100000*block_id + call_index); set outside the timing window,20260927,"0,1,2,3",4,20736.0,21143.0,20736.0,torch.uint8,"[1, 144, 144]",True,Tensor,20736.0,21143.0,20736.0,torch.uint8,"[1, 144, 144]",True,uint8:1ch
flip,flip:uint8:1ch:nt2,uint8:1ch,nt2,,round2_20260927,extension,train,0,224,224,400,0.046048539225012064,0.04176609218120575,0.034042540937662125,0.05878917872905731,0.011228576795520723,0.03312341868877411,0.07339194416999817,0.018419415690004826,ch32_scale_affine_20260927,torchvision.transforms.RandomHorizontalFlip,"{""p"": 0.5}",torch.manual_seed/random.seed(base_seed + 100000*block_id + call_index); set outside the timing window,20260927,"0,1,2,3",4,50176.0,50583.0,50176.0,torch.uint8,"[1, 224, 224]",True,Tensor,50176.0,50583.0,50176.0,torch.uint8,"[1, 224, 224]",True,uint8:1ch
flip,flip:uint8:1ch:nt3,uint8:1ch,nt3,,round2_20260927,extension,train,0,320,320,400,0.061292804311960936,0.06382260471582413,0.04209531471133232,0.07872013375163081,0.020867209298401808,0.037455931305885315,0.18372293561697006,0.024517121724784374,ch32_scale_affine_20260927,torchvision.transforms.RandomHorizontalFlip,"{""p"": 0.5}",torch.manual_seed/random.seed(base_seed + 100000*block_id + call_index); set outside the timing window,20260927,"0,1,2,3",4,102400.0,102821.0,102400.0,torch.uint8,"[1, 320, 320]",True,Tensor,102400.0,102821.0,102400.0,torch.uint8,"[1, 320, 320]",True,uint8:1ch
flip,flip:uint8:1ch:nt4,uint8:1ch,nt4,,round2_20260927,extension,train,0,448,448,400,0.06985886953771114,0.06467802450060844,0.04222821444272995,0.10684570297598839,0.02388836821316632,0.04080589860677719,0.12450572103261948,0.027943547815084457,ch32_scale_affine_20260927,torchvision.transforms.RandomHorizontalFlip,"{""p"": 0.5}",torch.manual_seed/random.seed(base_seed + 100000*block_id + call_index); set outside the timing window,20260927,"0,1,2,3",4,200704.0,201125.0,200704.0,torch.uint8,"[1, 448, 448]",True,Tensor,200704.0,201125.0,200704.0,torch.uint8,"[1, 448, 448]",True,uint8:1ch
flip,flip:uint8:1ch:nt5,uint8:1ch,nt5,,round2_20260927,extension,train,0,640,640,400,0.07314795395359397,0.05719950422644615,0.040694884955883026,0.10934397578239441,0.02889692294049501,0.038693659007549286,0.12760795652866364,0.029259181581437588,ch32_scale_affine_20260927,torchvision.transforms.RandomHorizontalFlip,"{""p"": 0.5}",torch.manual_seed/random.seed(base_seed + 100000*block_id + call_index); set outside the timing window,20260927,"0,1,2,3",4,409600.0,410021.0,409600.0,torch.uint8,"[1, 640, 640]",True,Tensor,409600.0,410021.0,409600.0,torch.uint8,"[1, 640, 640]",True,uint8:1ch
flip,flip:uint8:1ch:nt6,uint8:1ch,nt6,,round2_20260927,extension,train,0,832,832,400,0.08377754595130682,0.051942188292741776,0.04298863932490349,0.13120025396347046,0.03988862043232455,0.040191225707530975,0.17302390187978745,0.03351101838052273,ch32_scale_affine_20260927,torchvision.transforms.RandomHorizontalFlip,"{""p"": 0.5}",torch.manual_seed/random.seed(base_seed + 100000*block_id + call_index); set outside the timing window,20260927,"0,1,2,3",4,692224.0,692645.0,692224.0,torch.uint8,"[1, 832, 832]",True,Tensor,692224.0,692645.0,692224.0,torch.uint8,"[1, 832, 832]",True,uint8:1ch
flip,flip:uint8:1ch:nt7,uint8:1ch,nt7,,round2_20260927,extension,train,0,1024,1024,400,0.12853128369897604,0.06561493501067162,0.0393659807741642,0.25078197941184044,0.08720185639851155,0.038333237171173096,0.2874387428164482,0.051412513479590416,ch32_scale_affine_20260927,torchvision.transforms.RandomHorizontalFlip,"{""p"": 0.5}",torch.manual_seed/random.seed(base_seed + 100000*block_id + call_index); set outside the timing window,20260927,"0,1,2,3",4,1048576.0,1048997.0,1048576.0,torch.uint8,"[1, 1024, 1024]",True,Tensor,1048576.0,1048997.0,1048576.0,torch.uint8,"[1, 1024, 1024]",True,uint8:1ch
flip,flip:uint8:1ch:nv0,uint8:1ch,nv0,,round2_20260927,extension,validation,0,96,96,400,0.05791396601125598,0.05598925054073334,0.038840994238853455,0.0825047492980957,0.015323930736250112,0.03713555634021759,0.11562183499336243,0.023165586404502392,ch32_scale_affine_20260927,torchvision.transforms.RandomHorizontalFlip,"{""p"": 0.5}",torch.manual_seed/random.seed(base_seed + 100000*block_id + call_index); set outside the timing window,20260927,"0,1,2,3",4,9216.0,9623.0,9216.0,torch.uint8,"[1, 96, 96]",True,Tensor,9216.0,9623.0,9216.0,torch.uint8,"[1, 96, 96]",True,uint8:1ch
flip,flip:uint8:1ch:nv1,uint8:1ch,nv1,,round2_20260927,extension,validation,0,192,192,400,0.047850850969552994,0.04482688382267952,0.03374200314283371,0.06235241889953614,0.012394411122391872,0.03298930823802948,0.0751689076423645,0.019140340387821198,ch32_scale_affine_20260927,torchvision.transforms.RandomHorizontalFlip,"{""p"": 0.5}",torch.manual_seed/random.seed(base_seed + 100000*block_id + call_index); set outside the timing window,20260927,"0,1,2,3",4,36864.0,37271.0,36864.0,torch.uint8,"[1, 192, 192]",True,Tensor,36864.0,37271.0,36864.0,torch.uint8,"[1, 192, 192]",True,uint8:1ch
flip,flip:uint8:1ch:nv2,uint8:1ch,nv2,,round2_20260927,extension,validation,0,384,384,400,0.06690156646072865,0.061017926782369614,0.043840985745191574,0.09154565632343292,0.01962318172136817,0.038955360651016235,0.1050969585776329,0.026760626584291458,ch32_scale_affine_20260927,torchvision.transforms.RandomHorizontalFlip,"{""p"": 0.5}",torch.manual_seed/random.seed(base_seed + 100000*block_id + call_index); set outside the timing window,20260927,"0,1,2,3",4,147456.0,147877.0,147456.0,torch.uint8,"[1, 384, 384]",True,Tensor,147456.0,147877.0,147456.0,torch.uint8,"[1, 384, 384]",True,uint8:1ch
flip,flip:uint8:1ch:nv3,uint8:1ch,nv3,,round2_20260927,extension,validation,0,704,704,400,0.06769201019778848,0.04648463800549507,0.03855740651488304,0.09908890351653099,0.0283103403160008,0.03739725798368454,0.11535268276929855,0.02707680407911539,ch32_scale_affine_20260927,torchvision.transforms.RandomHorizontalFlip,"{""p"": 0.5}",torch.manual_seed/random.seed(base_seed + 100000*block_id + call_index); set outside the timing window,20260927,"0,1,2,3",4,495616.0,496037.0,495616.0,torch.uint8,"[1, 704, 704]",True,Tensor,495616.0,496037.0,495616.0,torch.uint8,"[1, 704, 704]",True,uint8:1ch
grayscale,grayscale:uint8:1ch:nt0,uint8:1ch,nt0,,round2_20260927,extension,train,0,64,64,400,0.032383701764047146,0.03171153366565704,0.030771642923355103,0.03391150385141373,0.0024013443284134264,0.03001466393470764,0.04721246659755707,0.012953480705618858,ch32_scale_affine_20260927,torchvision.transforms.Grayscale,"{""num_output_channels"": 1}",torch.manual_seed/random.seed(base_seed + 100000*block_id + call_index); set outside the timing window,20260927,"0,1,2,3",4,4096.0,4503.0,4096.0,torch.uint8,"[1, 64, 64]",True,Tensor,4096.0,4503.0,4096.0,torch.uint8,"[1, 64, 64]",True,uint8:1ch
grayscale,grayscale:uint8:1ch:nt1,uint8:1ch,nt1,,round2_20260927,extension,train,0,144,144,400,0.02824807772412896,0.027728267014026642,0.0269242562353611,0.029312260448932648,0.0029820218979911255,0.026156194508075714,0.07628556340932846,0.011299231089651585,ch32_scale_affine_20260927,torchvision.transforms.Grayscale,"{""num_output_channels"": 1}",torch.manual_seed/random.seed(base_seed + 100000*block_id + call_index); set outside the timing window,20260927,"0,1,2,3",4,20736.0,21143.0,20736.0,torch.uint8,"[1, 144, 144]",True,Tensor,20736.0,21143.0,20736.0,torch.uint8,"[1, 144, 144]",True,uint8:1ch
grayscale,grayscale:uint8:1ch:nt2,uint8:1ch,nt2,,round2_20260927,extension,train,0,224,224,400,0.03230750560760498,0.031134113669395447,0.029562972486019135,0.03587054088711739,0.003797036120417748,0.028250738978385925,0.08149072527885437,0.012923002243041992,ch32_scale_affine_20260927,torchvision.transforms.Grayscale,"{""num_output_channels"": 1}",torch.manual_seed/random.seed(base_seed + 100000*block_id + call_index); set outside the timing window,20260927,"0,1,2,3",4,50176.0,50583.0,50176.0,torch.uint8,"[1, 224, 224]",True,Tensor,50176.0,50583.0,50176.0,torch.uint8,"[1, 224, 224]",True,uint8:1ch
grayscale,grayscale:uint8:1ch:nt3,uint8:1ch,nt3,,round2_20260927,extension,train,0,320,320,400,0.039574289694428444,0.03695627674460411,0.03384063020348549,0.04782378673553467,0.005631831361821107,0.03302004188299179,0.05437247455120087,0.015829715877771378,ch32_scale_affine_20260927,torchvision.transforms.Grayscale,"{""num_output_channels"": 1}",torch.manual_seed/random.seed(base_seed + 100000*block_id + call_index); set outside the timing window,20260927,"0,1,2,3",4,102400.0,102821.0,102400.0,torch.uint8,"[1, 320, 320]",True,Tensor,102400.0,102821.0,102400.0,torch.uint8,"[1, 320, 320]",True,uint8:1ch
grayscale,grayscale:uint8:1ch:nt4,uint8:1ch,nt4,,round2_20260927,extension,train,0,448,448,400,0.046297842636704445,0.045579858124256134,0.041773635894060135,0.051699765026569366,0.004220212933728817,0.040082260966300964,0.07699988782405853,0.018519137054681778,ch32_scale_affine_20260927,torchvision.transforms.Grayscale,"{""num_output_channels"": 1}",torch.manual_seed/random.seed(base_seed + 100000*block_id + call_index); set outside the timing window,20260927,"0,1,2,3",4,200704.0,201125.0,200704.0,torch.uint8,"[1, 448, 448]",True,Tensor,200704.0,201125.0,200704.0,torch.uint8,"[1, 448, 448]",True,uint8:1ch
grayscale,grayscale:uint8:1ch:nt5,uint8:1ch,nt5,,round2_20260927,extension,train,0,640,640,400,0.0605837139301002,0.05968986079096794,0.05767885595560074,0.06309133023023605,0.005341684119187816,0.05628261715173721,0.14226045459508896,0.02423348557204008,ch32_scale_affine_20260927,torchvision.transforms.Grayscale,"{""num_output_channels"": 1}",torch.manual_seed/random.seed(base_seed + 100000*block_id + call_index); set outside the timing window,20260927,"0,1,2,3",4,409600.0,410021.0,409600.0,torch.uint8,"[1, 640, 640]",True,Tensor,409600.0,410021.0,409600.0,torch.uint8,"[1, 640, 640]",True,uint8:1ch
grayscale,grayscale:uint8:1ch:nt6,uint8:1ch,nt6,,round2_20260927,extension,train,0,832,832,400,0.08674723096191883,0.08537154644727707,0.08196551352739334,0.0937875360250473,0.005036317057151203,0.07903482764959335,0.11899136006832123,0.03469889238476753,ch32_scale_affine_20260927,torchvision.transforms.Grayscale,"{""num_output_channels"": 1}",torch.manual_seed/random.seed(base_seed + 100000*block_id + call_index); set outside the timing window,20260927,"0,1,2,3",4,692224.0,692645.0,692224.0,torch.uint8,"[1, 832, 832]",True,Tensor,692224.0,692645.0,692224.0,torch.uint8,"[1, 832, 832]",True,uint8:1ch
grayscale,grayscale:uint8:1ch:nt7,uint8:1ch,nt7,,round2_20260927,extension,train,0,1024,1024,400,0.17726443009451032,0.1651812344789505,0.15438497066497803,0.2095477655529976,0.02263622695551962,0.15207938849925995,0.2241469919681549,0.07090577203780413,ch32_scale_affine_20260927,torchvision.transforms.Grayscale,"{""num_output_channels"": 1}",torch.manual_seed/random.seed(base_seed + 100000*block_id + call_index); set outside the timing window,20260927,"0,1,2,3",4,1048576.0,1048997.0,1048576.0,torch.uint8,"[1, 1024, 1024]",True,Tensor,1048576.0,1048997.0,1048576.0,torch.uint8,"[1, 1024, 1024]",True,uint8:1ch
grayscale,grayscale:uint8:1ch:nv0,uint8:1ch,nv0,,round2_20260927,extension,validation,0,96,96,400,0.028978288173675537,0.028409529477357864,0.02682376652956009,0.03131357952952385,0.002496327445725389,0.025984831154346466,0.042504630982875824,0.011591315269470215,ch32_scale_affine_20260927,torchvision.transforms.Grayscale,"{""num_output_channels"": 1}",torch.manual_seed/random.seed(base_seed + 100000*block_id + call_index); set outside the timing window,20260927,"0,1,2,3",4,9216.0,9623.0,9216.0,torch.uint8,"[1, 96, 96]",True,Tensor,9216.0,9623.0,9216.0,torch.uint8,"[1, 96, 96]",True,uint8:1ch
grayscale,grayscale:uint8:1ch:nv1,uint8:1ch,nv1,,round2_20260927,extension,validation,0,192,192,400,0.031839669682085514,0.03120163455605507,0.029593612998723984,0.03409720957279205,0.0036192079962565887,0.028879381716251373,0.08585862815380096,0.012735867872834206,ch32_scale_affine_20260927,torchvision.transforms.Grayscale,"{""num_output_channels"": 1}",torch.manual_seed/random.seed(base_seed + 100000*block_id + call_index); set outside the timing window,20260927,"0,1,2,3",4,36864.0,37271.0,36864.0,torch.uint8,"[1, 192, 192]",True,Tensor,36864.0,37271.0,36864.0,torch.uint8,"[1, 192, 192]",True,uint8:1ch
grayscale,grayscale:uint8:1ch:nv2,uint8:1ch,nv2,,round2_20260927,extension,validation,0,384,384,400,0.04085844149813056,0.039589591324329376,0.03825780004262924,0.047989841550588615,0.0037335517559392096,0.03551505506038666,0.058280304074287415,0.016343376599252224,ch32_scale_affine_20260927,torchvision.transforms.Grayscale,"{""num_output_channels"": 1}",torch.manual_seed/random.seed(base_seed + 100000*block_id + call_index); set outside the timing window,20260927,"0,1,2,3",4,147456.0,147877.0,147456.0,torch.uint8,"[1, 384, 384]",True,Tensor,147456.0,147877.0,147456.0,torch.uint8,"[1, 384, 384]",True,uint8:1ch
grayscale,grayscale:uint8:1ch:nv3,uint8:1ch,nv3,,round2_20260927,extension,validation,0,704,704,400,0.07173398043960333,0.07098307833075523,0.06420426070690155,0.07780436426401138,0.0065446846986936605,0.06264448165893555,0.1212460920214653,0.02869359217584133,ch32_scale_affine_20260927,torchvision.transforms.Grayscale,"{""num_output_channels"": 1}",torch.manual_seed/random.seed(base_seed + 100000*block_id + call_index); set outside the timing window,20260927,"0,1,2,3",4,495616.0,496037.0,495616.0,torch.uint8,"[1, 704, 704]",True,Tensor,495616.0,496037.0,495616.0,torch.uint8,"[1, 704, 704]",True,uint8:1ch
grayscale,grayscale:float32:1ch:nt0,float32:1ch,nt0,,round2_20260927,extension,train,0,64,64,400,0.03080660244449973,0.028709881007671356,0.027527008205652237,0.039027538150548935,0.0046292523151642,0.026771798729896545,0.05385000258684158,0.012322640977799892,ch32_scale_affine_20260927,torchvision.transforms.Grayscale,"{""num_output_channels"": 1}",torch.manual_seed/random.seed(base_seed + 100000*block_id + call_index); set outside the timing window,20260927,"0,1,2,3",4,4096.0,16792.0,16384.0,torch.float32,"[1, 64, 64]",True,Tensor,4096.0,16792.0,16384.0,torch.float32,"[1, 64, 64]",True,float32:1ch
grayscale,grayscale:float32:1ch:nt1,float32:1ch,nt1,,round2_20260927,extension,train,0,144,144,400,0.03297015791758895,0.03200303763151169,0.030941329896450043,0.03529787063598633,0.0027454952387601225,0.03019440919160843,0.05055312067270279,0.01318806316703558,ch32_scale_affine_20260927,torchvision.transforms.Grayscale,"{""num_output_channels"": 1}",torch.manual_seed/random.seed(base_seed + 100000*block_id + call_index); set outside the timing window,20260927,"0,1,2,3",4,20736.0,83361.0,82944.0,torch.float32,"[1, 144, 144]",True,Tensor,20736.0,83361.0,82944.0,torch.float32,"[1, 144, 144]",True,float32:1ch
grayscale,grayscale:float32:1ch:nt2,float32:1ch,nt2,,round2_20260927,extension,train,0,224,224,400,0.041193277575075626,0.040531158447265625,0.039511919021606445,0.04336293786764145,0.002481014393313547,0.03845524042844772,0.05616340786218643,0.01647731103003025,ch32_scale_affine_20260927,torchvision.transforms.Grayscale,"{""num_output_channels"": 1}",torch.manual_seed/random.seed(base_seed + 100000*block_id + call_index); set outside the timing window,20260927,"0,1,2,3",4,50176.0,201121.0,200704.0,torch.float32,"[1, 224, 224]",True,Tensor,50176.0,201121.0,200704.0,torch.float32,"[1, 224, 224]",True,float32:1ch
grayscale,grayscale:float32:1ch:nt3,float32:1ch,nt3,,round2_20260927,extension,train,0,320,320,400,0.06682750768959522,0.05967402830719948,0.05700206384062767,0.08305804803967476,0.010936962493000125,0.055878423154354095,0.0965222716331482,0.02673100307583809,ch32_scale_affine_20260927,torchvision.transforms.Grayscale,"{""num_output_channels"": 1}",torch.manual_seed/random.seed(base_seed + 100000*block_id + call_index); set outside the timing window,20260927,"0,1,2,3",4,102400.0,410022.0,409600.0,torch.float32,"[1, 320, 320]",True,Tensor,102400.0,410022.0,409600.0,torch.float32,"[1, 320, 320]",True,float32:1ch
grayscale,grayscale:float32:1ch:nt4,float32:1ch,nt4,,round2_20260927,extension,train,0,448,448,400,0.10902734706178308,0.10459497570991516,0.09101182222366333,0.1326809637248516,0.016459728626713688,0.08851010352373123,0.1479675993323326,0.04361093882471323,ch32_scale_affine_20260927,torchvision.transforms.Grayscale,"{""num_output_channels"": 1}",torch.manual_seed/random.seed(base_seed + 100000*block_id + call_index); set outside the timing window,20260927,"0,1,2,3",4,200704.0,803238.0,802816.0,torch.float32,"[1, 448, 448]",True,Tensor,200704.0,803238.0,802816.0,torch.float32,"[1, 448, 448]",True,float32:1ch
grayscale,grayscale:float32:1ch:nt5,float32:1ch,nt5,,round2_20260927,extension,train,0,640,640,400,0.2549857785925269,0.2442975528538227,0.23374510928988457,0.28884634375572205,0.022568978844009078,0.22972654551267624,0.3302376717329025,0.10199431143701077,ch32_scale_affine_20260927,torchvision.transforms.Grayscale,"{""num_output_channels"": 1}",torch.manual_seed/random.seed(base_seed + 100000*block_id + call_index); set outside the timing window,20260927,"0,1,2,3",4,409600.0,1638822.0,1638400.0,torch.float32,"[1, 640, 640]",True,Tensor,409600.0,1638822.0,1638400.0,torch.float32,"[1, 640, 640]",True,float32:1ch
grayscale,grayscale:float32:1ch:nt6,float32:1ch,nt6,,round2_20260927,extension,train,0,832,832,400,0.41252883384004235,0.4080208018422127,0.3942773677408695,0.43619126081466675,0.016712196110315262,0.3833891823887825,0.5063805729150772,0.16501153353601694,ch32_scale_affine_20260927,torchvision.transforms.Grayscale,"{""num_output_channels"": 1}",torch.manual_seed/random.seed(base_seed + 100000*block_id + call_index); set outside the timing window,20260927,"0,1,2,3",4,692224.0,2769318.0,2768896.0,torch.float32,"[1, 832, 832]",True,Tensor,692224.0,2769318.0,2768896.0,torch.float32,"[1, 832, 832]",True,float32:1ch
grayscale,grayscale:float32:1ch:nt7,float32:1ch,nt7,,round2_20260927,extension,train,0,1024,1024,400,0.6078333058394492,0.605299137532711,0.5861912854015827,0.6300229579210281,0.02320276927665636,0.5562910810112953,0.8006561547517776,0.24313332233577967,ch32_scale_affine_20260927,torchvision.transforms.Grayscale,"{""num_output_channels"": 1}",torch.manual_seed/random.seed(base_seed + 100000*block_id + call_index); set outside the timing window,20260927,"0,1,2,3",4,1048576.0,4194726.0,4194304.0,torch.float32,"[1, 1024, 1024]",True,Tensor,1048576.0,4194726.0,4194304.0,torch.float32,"[1, 1024, 1024]",True,float32:1ch
grayscale,grayscale:float32:1ch:nv0,float32:1ch,nv0,,round2_20260927,extension,validation,0,96,96,400,0.03165575210005045,0.03129569813609123,0.03013191744685173,0.033027492463588715,0.0019081403675666397,0.02938881516456604,0.04292093217372894,0.01266230084002018,ch32_scale_affine_20260927,torchvision.transforms.Grayscale,"{""num_output_channels"": 1}",torch.manual_seed/random.seed(base_seed + 100000*block_id + call_index); set outside the timing window,20260927,"0,1,2,3",4,9216.0,37272.0,36864.0,torch.float32,"[1, 96, 96]",True,Tensor,9216.0,37272.0,36864.0,torch.float32,"[1, 96, 96]",True,float32:1ch
grayscale,grayscale:float32:1ch:nv1,float32:1ch,nv1,,round2_20260927,extension,validation,0,192,192,400,0.03744329325854778,0.03695068880915642,0.03602076321840286,0.03886409103870392,0.0020903451162858256,0.035383738577365875,0.05590636283159256,0.014977317303419113,ch32_scale_affine_20260927,torchvision.transforms.Grayscale,"{""num_output_channels"": 1}",torch.manual_seed/random.seed(base_seed + 100000*block_id + call_index); set outside the timing window,20260927,"0,1,2,3",4,36864.0,147873.0,147456.0,torch.float32,"[1, 192, 192]",True,Tensor,36864.0,147873.0,147456.0,torch.float32,"[1, 192, 192]",True,float32:1ch
grayscale,grayscale:float32:1ch:nv2,float32:1ch,nv2,,round2_20260927,extension,validation,0,384,384,400,0.07253816351294518,0.07189670577645302,0.0696456991136074,0.07498990744352341,0.003058736079636011,0.06844010204076767,0.08861813694238663,0.02901526540517807,ch32_scale_affine_20260927,torchvision.transforms.Grayscale,"{""num_output_channels"": 1}",torch.manual_seed/random.seed(base_seed + 100000*block_id + call_index); set outside the timing window,20260927,"0,1,2,3",4,147456.0,590246.0,589824.0,torch.float32,"[1, 384, 384]",True,Tensor,147456.0,590246.0,589824.0,torch.float32,"[1, 384, 384]",True,float32:1ch
grayscale,grayscale:float32:1ch:nv3,float32:1ch,nv3,,round2_20260927,extension,validation,0,704,704,400,0.29274717438966036,0.288503710180521,0.27853380888700485,0.31284382566809654,0.015019592657666416,0.2717869356274605,0.40490273386240005,0.11709886975586414,ch32_scale_affine_20260927,torchvision.transforms.Grayscale,"{""num_output_channels"": 1}",torch.manual_seed/random.seed(base_seed + 100000*block_id + call_index); set outside the timing window,20260927,"0,1,2,3",4,495616.0,1982886.0,1982464.0,torch.float32,"[1, 704, 704]",True,Tensor,495616.0,1982886.0,1982464.0,torch.float32,"[1, 704, 704]",True,float32:1ch
blur,blur:float32:1ch:t4,float32:1ch,t4,,round2_20260927,control,control,0,224,224,327,7.717823558444277,2.2976938635110855,2.2152097895741463,26.062263175845146,14.149198646661452,2.1722642704844475,85.13947855681181,2.5237283036112785,ch32_scale_affine_20260927,torchvision.transforms.GaussianBlur,"{""kernel_size"": 11, ""sigma"": [0.1, 2.0]}",torch.manual_seed/random.seed(base_seed + 100000*block_id + call_index); set outside the timing window,20260927,"0,1,2,3",4,50176.0,201121.0,200704.0,torch.float32,"[1, 224, 224]",True,Tensor,50176.0,201122.0,200704.0,torch.float32,"[1, 224, 224]",True,float32:1ch
blur,blur:uint8:3ch:t7,uint8:3ch,t7,,round2_20260927,control,control,0,512,512,73,35.08624809551729,27.61712670326233,25.794073939323425,30.481239035725594,23.629046896825653,25.18466766923666,151.01174730807543,2.561296110972762,ch32_scale_affine_20260927,torchvision.transforms.GaussianBlur,"{""kernel_size"": 11, ""sigma"": [0.1, 2.0]}",torch.manual_seed/random.seed(base_seed + 100000*block_id + call_index); set outside the timing window,20260927,"0,1,2,3",4,786432.0,786856.0,786432.0,torch.uint8,"[3, 512, 512]",True,Tensor,786432.0,786856.0,786432.0,torch.uint8,"[3, 512, 512]",True,uint8:3ch
jitter,jitter:float32:3ch:t4,float32:3ch,t4,,round2_20260927,control,control,0,224,224,202,7.449208399151812,7.411948870867491,6.903022713959217,7.94864883646369,0.36909735897646895,6.617269478738308,8.207117207348347,1.504740096628666,ch32_scale_affine_20260927,torchvision.transforms.ColorJitter,"{""brightness"": 0.1, ""contrast"": 0.1, ""hue"": 0.1, ""saturation"": 0.1}",torch.manual_seed/random.seed(base_seed + 100000*block_id + call_index); set outside the timing window,20260927,"0,1,2,3",4,150528.0,602532.0,602112.0,torch.float32,"[3, 224, 224]",True,Tensor,150528.0,602532.0,602112.0,torch.float32,"[3, 224, 224]",False,float32:3ch
jitter,jitter:uint8:1ch:t7,uint8:1ch,t7,,round2_20260927,control,control,0,512,512,400,1.6547891683876514,1.6473517753183842,1.576971635222435,1.7401029355823994,0.06903696209174576,1.5359362587332726,2.0732730627059937,0.6619156673550606,ch32_scale_affine_20260927,torchvision.transforms.ColorJitter,"{""brightness"": 0.1, ""contrast"": 0.1, ""hue"": 0.1, ""saturation"": 0.1}",torch.manual_seed/random.seed(base_seed + 100000*block_id + call_index); set outside the timing window,20260927,"0,1,2,3",4,262144.0,262565.0,262144.0,torch.uint8,"[1, 512, 512]",True,Tensor,262144.0,262568.0,262144.0,torch.uint8,"[1, 512, 512]",True,uint8:1ch
crop,crop:float32:3ch:t6,float32:3ch,t6,,round2_20260927,control,control,0,384,384,400,1.7747632809914649,1.7686826176941395,1.6452311538159847,1.9089378416538239,0.11025970926501644,1.4073224738240242,2.4883532896637917,0.7099053123965859,ch32_scale_affine_20260927,torchvision.transforms.RandomResizedCrop,"{""ratio"": [0.75, 1.3333333], ""scale"": [0.08, 1.0], ""size"": [244, 244]}",torch.manual_seed/random.seed(base_seed + 100000*block_id + call_index); set outside the timing window,20260927,"0,1,2,3",4,442368.0,1769897.0,1769472.0,torch.float32,"[3, 384, 384]",True,Tensor,178608.0,714852.0,714432.0,torch.float32,"[3, 244, 244]",True,float32:3ch
crop,crop:uint8:1ch:t7,uint8:1ch,t7,,round2_20260927,control,control,0,448,448,400,0.702486818190664,0.691637396812439,0.6474386900663376,0.7870690897107124,0.05223679192441653,0.628267414867878,1.075909473001957,0.2809947272762656,ch32_scale_affine_20260927,torchvision.transforms.RandomResizedCrop,"{""ratio"": [0.75, 1.3333333], ""scale"": [0.08, 1.0], ""size"": [244, 244]}",torch.manual_seed/random.seed(base_seed + 100000*block_id + call_index); set outside the timing window,20260927,"0,1,2,3",4,200704.0,201125.0,200704.0,torch.uint8,"[1, 448, 448]",True,Tensor,59536.0,59944.0,59536.0,torch.uint8,"[1, 244, 244]",True,uint8:1ch
flip,flip:float32:3ch:t4,float32:3ch,t4,,round2_20260927,control,control,0,224,224,400,0.07184914080426097,0.04744110628962517,0.03810804337263107,0.10732756927609444,0.033117064589823254,0.03740377724170685,0.1610768958926201,0.028739656321704388,ch32_scale_affine_20260927,torchvision.transforms.RandomHorizontalFlip,"{""p"": 0.5}",torch.manual_seed/random.seed(base_seed + 100000*block_id + call_index); set outside the timing window,20260927,"0,1,2,3",4,150528.0,602532.0,602112.0,torch.float32,"[3, 224, 224]",True,Tensor,150528.0,602532.0,602112.0,torch.float32,"[3, 224, 224]",True,float32:3ch
jitter,jitter:uint8:1ch:xt0,uint8:1ch,xt0,,round2_20260927,extension,train,1,512,512,400,1.622229830827564,1.5999930910766125,1.5542714856564999,1.7301940359175205,0.07757738303190595,1.5165973454713821,2.102259546518326,0.6488919323310256,ch32_scale_affine_20260927,torchvision.transforms.ColorJitter,"{""brightness"": 0.1, ""contrast"": 0.1, ""hue"": 0.1, ""saturation"": 0.1}",torch.manual_seed/random.seed(base_seed + 100000*block_id + call_index); set outside the timing window,20360927,"0,1,2,3",4,262144.0,262565.0,262144.0,torch.uint8,"[1, 512, 512]",True,Tensor,262144.0,262568.0,262144.0,torch.uint8,"[1, 512, 512]",True,uint8:1ch
jitter,jitter:uint8:1ch:xt1,uint8:1ch,xt1,,round2_20260927,extension,train,1,736,736,400,3.4292500047013164,3.404935821890831,3.0774067156016827,3.730572946369648,0.43220962099170607,2.8663156554102898,8.528385311365128,1.3717000018805265,ch32_scale_affine_20260927,torchvision.transforms.ColorJitter,"{""brightness"": 0.1, ""contrast"": 0.1, ""hue"": 0.1, ""saturation"": 0.1}",torch.manual_seed/random.seed(base_seed + 100000*block_id + call_index); set outside the timing window,20360927,"0,1,2,3",4,541696.0,542117.0,541696.0,torch.uint8,"[1, 736, 736]",True,Tensor,541696.0,542120.0,541696.0,torch.uint8,"[1, 736, 736]",True,uint8:1ch
jitter,jitter:uint8:1ch:xt2,uint8:1ch,xt2,,round2_20260927,extension,train,1,1024,1024,124,12.145339443738903,13.012203853577375,7.183008175343275,18.00878793001175,4.426542162516952,6.616470403969288,19.74604744464159,1.506022091023624,ch32_scale_affine_20260927,torchvision.transforms.ColorJitter,"{""brightness"": 0.1, ""contrast"": 0.1, ""hue"": 0.1, ""saturation"": 0.1}",torch.manual_seed/random.seed(base_seed + 100000*block_id + call_index); set outside the timing window,20360927,"0,1,2,3",4,1048576.0,1048997.0,1048576.0,torch.uint8,"[1, 1024, 1024]",True,Tensor,1048576.0,1049000.0,1048576.0,torch.uint8,"[1, 1024, 1024]",True,uint8:1ch
jitter,jitter:uint8:1ch:xt3,uint8:1ch,xt3,,round2_20260927,extension,train,1,1098,1098,177,8.49148048098478,8.207074366509914,7.3186613619327545,9.949493408203125,1.4431957432438092,7.035343907773495,17.63846166431904,1.502992045134306,ch32_scale_affine_20260927,torchvision.transforms.ColorJitter,"{""brightness"": 0.1, ""contrast"": 0.1, ""hue"": 0.1, ""saturation"": 0.1}",torch.manual_seed/random.seed(base_seed + 100000*block_id + call_index); set outside the timing window,20360927,"0,1,2,3",4,1205604.0,1206025.0,1205604.0,torch.uint8,"[1, 1098, 1098]",True,Tensor,1205604.0,1206028.0,1205604.0,torch.uint8,"[1, 1098, 1098]",True,uint8:1ch
jitter,jitter:uint8:1ch:xv0,uint8:1ch,xv0,,round2_20260927,extension,validation,1,640,640,400,2.4306518770754337,2.3783165961503983,2.26955721154809,2.667216118425131,0.1515605275604845,2.18807440251112,2.814999781548977,0.9722607508301735,ch32_scale_affine_20260927,torchvision.transforms.ColorJitter,"{""brightness"": 0.1, ""contrast"": 0.1, ""hue"": 0.1, ""saturation"": 0.1}",torch.manual_seed/random.seed(base_seed + 100000*block_id + call_index); set outside the timing window,20360927,"0,1,2,3",4,409600.0,410021.0,409600.0,torch.uint8,"[1, 640, 640]",True,Tensor,409600.0,410024.0,409600.0,torch.uint8,"[1, 640, 640]",True,uint8:1ch
jitter,jitter:uint8:1ch:xv1,uint8:1ch,xv1,,round2_20260927,extension,validation,1,832,832,367,4.095802921040506,4.091107286512852,3.7084586918354034,4.642507247626782,0.36033839676340274,3.5751331597566605,5.20184263586998,1.5031596720218658,ch32_scale_affine_20260927,torchvision.transforms.ColorJitter,"{""brightness"": 0.1, ""contrast"": 0.1, ""hue"": 0.1, ""saturation"": 0.1}",torch.manual_seed/random.seed(base_seed + 100000*block_id + call_index); set outside the timing window,20360927,"0,1,2,3",4,692224.0,692645.0,692224.0,torch.uint8,"[1, 832, 832]",True,Tensor,692224.0,692648.0,692224.0,torch.uint8,"[1, 832, 832]",True,uint8:1ch
jitter,jitter:uint8:1ch:xv2,uint8:1ch,xv2,,round2_20260927,extension,validation,1,960,960,201,7.469586963158342,6.469757296144962,6.197454407811165,11.277660727500916,2.2808132737643527,5.152713507413864,14.459826983511448,1.5013869795948267,ch32_scale_affine_20260927,torchvision.transforms.ColorJitter,"{""brightness"": 0.1, ""contrast"": 0.1, ""hue"": 0.1, ""saturation"": 0.1}",torch.manual_seed/random.seed(base_seed + 100000*block_id + call_index); set outside the timing window,20360927,"0,1,2,3",4,921600.0,922021.0,921600.0,torch.uint8,"[1, 960, 960]",True,Tensor,921600.0,922024.0,921600.0,torch.uint8,"[1, 960, 960]",True,uint8:1ch
jitter,jitter:uint8:1ch:xv3,uint8:1ch,xv3,,round2_20260927,extension,validation,1,1088,1088,156,9.663782828750136,9.466603398323059,7.505306508392096,12.262113858014345,1.9218794034297395,6.660850718617439,16.7807349935174,1.5075501212850213,ch32_scale_affine_20260927,torchvision.transforms.ColorJitter,"{""brightness"": 0.1, ""contrast"": 0.1, ""hue"": 0.1, ""saturation"": 0.1}",torch.manual_seed/random.seed(base_seed + 100000*block_id + call_index); set outside the timing window,20360927,"0,1,2,3",4,1183744.0,1184165.0,1183744.0,torch.uint8,"[1, 1088, 1088]",True,Tensor,1183744.0,1184168.0,1183744.0,torch.uint8,"[1, 1088, 1088]",True,uint8:1ch
crop,crop:uint8:1ch:xt0,uint8:1ch,xt0,,round2_20260927,extension,train,1,448,448,400,0.7182599185034633,0.7215333171188831,0.6568594835698605,0.776203628629446,0.048196252753385134,0.6284015253186226,0.8631674572825432,0.2873039674013853,ch32_scale_affine_20260927,torchvision.transforms.RandomResizedCrop,"{""ratio"": [0.75, 1.3333333], ""scale"": [0.08, 1.0], ""size"": [244, 244]}",torch.manual_seed/random.seed(base_seed + 100000*block_id + call_index); set outside the timing window,20360927,"0,1,2,3",4,200704.0,201125.0,200704.0,torch.uint8,"[1, 448, 448]",True,Tensor,59536.0,59944.0,59536.0,torch.uint8,"[1, 244, 244]",True,uint8:1ch
crop,crop:uint8:1ch:xt1,uint8:1ch,xt1,,round2_20260927,extension,train,1,672,672,400,0.7608203589916229,0.7569557055830956,0.6933153606951237,0.8217728696763515,0.060096287215489375,0.6501851603388786,1.4153756201267242,0.30432814359664917,ch32_scale_affine_20260927,torchvision.transforms.RandomResizedCrop,"{""ratio"": [0.75, 1.3333333], ""scale"": [0.08, 1.0], ""size"": [244, 244]}",torch.manual_seed/random.seed(base_seed + 100000*block_id + call_index); set outside the timing window,20360927,"0,1,2,3",4,451584.0,452005.0,451584.0,torch.uint8,"[1, 672, 672]",True,Tensor,59536.0,59944.0,59536.0,torch.uint8,"[1, 244, 244]",True,uint8:1ch
crop,crop:uint8:1ch:xt2,uint8:1ch,xt2,,round2_20260927,extension,train,1,832,832,400,0.8585865725763142,0.8675898425281048,0.7424747571349144,0.9523598477244377,0.0795685976719511,0.6634853780269623,1.0705040767788887,0.3434346290305257,ch32_scale_affine_20260927,torchvision.transforms.RandomResizedCrop,"{""ratio"": [0.75, 1.3333333], ""scale"": [0.08, 1.0], ""size"": [244, 244]}",torch.manual_seed/random.seed(base_seed + 100000*block_id + call_index); set outside the timing window,20360927,"0,1,2,3",4,692224.0,692645.0,692224.0,torch.uint8,"[1, 832, 832]",True,Tensor,59536.0,59944.0,59536.0,torch.uint8,"[1, 244, 244]",True,uint8:1ch
crop,crop:uint8:1ch:xt3,uint8:1ch,xt3,,round2_20260927,extension,train,1,960,960,400,0.8918068441562355,0.8818283677101135,0.7200696505606174,1.0148081928491592,0.17978192795738251,0.6779143586754799,2.0103557035326958,0.3567227376624942,ch32_scale_affine_20260927,torchvision.transforms.RandomResizedCrop,"{""ratio"": [0.75, 1.3333333], ""scale"": [0.08, 1.0], ""size"": [244, 244]}",torch.manual_seed/random.seed(base_seed + 100000*block_id + call_index); set outside the timing window,20360927,"0,1,2,3",4,921600.0,922021.0,921600.0,torch.uint8,"[1, 960, 960]",True,Tensor,59536.0,59944.0,59536.0,torch.uint8,"[1, 244, 244]",True,uint8:1ch
crop,crop:uint8:1ch:xv0,uint8:1ch,xv0,,round2_20260927,extension,validation,1,576,576,400,0.702580870129168,0.704591628164053,0.6545277312397957,0.7437790744006634,0.035899486493793674,0.624421052634716,0.8578002452850342,0.2810323480516672,ch32_scale_affine_20260927,torchvision.transforms.RandomResizedCrop,"{""ratio"": [0.75, 1.3333333], ""scale"": [0.08, 1.0], ""size"": [244, 244]}",torch.manual_seed/random.seed(base_seed + 100000*block_id + call_index); set outside the timing window,20360927,"0,1,2,3",4,331776.0,332197.0,331776.0,torch.uint8,"[1, 576, 576]",True,Tensor,59536.0,59944.0,59536.0,torch.uint8,"[1, 244, 244]",True,uint8:1ch
crop,crop:uint8:1ch:xv1,uint8:1ch,xv1,,round2_20260927,extension,validation,1,768,768,400,0.7709013158455491,0.7695667445659637,0.6956985220313072,0.8500014431774616,0.06096258286356453,0.6397189572453499,1.0018497705459595,0.30836052633821964,ch32_scale_affine_20260927,torchvision.transforms.RandomResizedCrop,"{""ratio"": [0.75, 1.3333333], ""scale"": [0.08, 1.0], ""size"": [244, 244]}",torch.manual_seed/random.seed(base_seed + 100000*block_id + call_index); set outside the timing window,20360927,"0,1,2,3",4,589824.0,590245.0,589824.0,torch.uint8,"[1, 768, 768]",True,Tensor,59536.0,59944.0,59536.0,torch.uint8,"[1, 244, 244]",True,uint8:1ch
crop,crop:uint8:1ch:xv2,uint8:1ch,xv2,,round2_20260927,extension,validation,1,896,896,400,0.8226544177159667,0.8085314184427261,0.7083039730787277,0.9221318177878857,0.1209572551788822,0.6469422951340675,2.2498350590467453,0.3290617670863867,ch32_scale_affine_20260927,torchvision.transforms.RandomResizedCrop,"{""ratio"": [0.75, 1.3333333], ""scale"": [0.08, 1.0], ""size"": [244, 244]}",torch.manual_seed/random.seed(base_seed + 100000*block_id + call_index); set outside the timing window,20360927,"0,1,2,3",4,802816.0,803237.0,802816.0,torch.uint8,"[1, 896, 896]",True,Tensor,59536.0,59944.0,59536.0,torch.uint8,"[1, 244, 244]",True,uint8:1ch
crop,crop:uint8:1ch:xv3,uint8:1ch,xv3,,round2_20260927,extension,validation,1,986,986,400,1.0515806451439857,0.957190990447998,0.8151811547577381,1.0811470448970795,0.528162366051841,0.7156971842050552,3.864428959786892,0.4206322580575943,ch32_scale_affine_20260927,torchvision.transforms.RandomResizedCrop,"{""ratio"": [0.75, 1.3333333], ""scale"": [0.08, 1.0], ""size"": [244, 244]}",torch.manual_seed/random.seed(base_seed + 100000*block_id + call_index); set outside the timing window,20360927,"0,1,2,3",4,972196.0,972617.0,972196.0,torch.uint8,"[1, 986, 986]",True,Tensor,59536.0,59944.0,59536.0,torch.uint8,"[1, 244, 244]",True,uint8:1ch
flip,flip:uint8:1ch:nt0,uint8:1ch,nt0,,round2_20260927,extension,train,1,64,64,400,0.0465524778701365,0.038304366171360016,0.03351746127009392,0.06110621616244316,0.012881987038003532,0.03262236714363098,0.07651001214981079,0.0186209911480546,ch32_scale_affine_20260927,torchvision.transforms.RandomHorizontalFlip,"{""p"": 0.5}",torch.manual_seed/random.seed(base_seed + 100000*block_id + call_index); set outside the timing window,20360927,"0,1,2,3",4,4096.0,4503.0,4096.0,torch.uint8,"[1, 64, 64]",True,Tensor,4096.0,4503.0,4096.0,torch.uint8,"[1, 64, 64]",True,uint8:1ch
flip,flip:uint8:1ch:nt1,uint8:1ch,nt1,,round2_20260927,extension,train,1,144,144,400,0.05041977623477578,0.055666081607341766,0.03318833187222481,0.06558429449796677,0.018876413326853973,0.03229454159736633,0.13113580644130707,0.020167910493910313,ch32_scale_affine_20260927,torchvision.transforms.RandomHorizontalFlip,"{""p"": 0.5}",torch.manual_seed/random.seed(base_seed + 100000*block_id + call_index); set outside the timing window,20360927,"0,1,2,3",4,20736.0,21143.0,20736.0,torch.uint8,"[1, 144, 144]",True,Tensor,20736.0,21143.0,20736.0,torch.uint8,"[1, 144, 144]",True,uint8:1ch
flip,flip:uint8:1ch:nt2,uint8:1ch,nt2,,round2_20260927,extension,train,1,224,224,400,0.051984216552227736,0.04682270810008049,0.039143022149801254,0.06497427821159363,0.011421206189270073,0.03796815872192383,0.08966214954853058,0.020793686620891094,ch32_scale_affine_20260927,torchvision.transforms.RandomHorizontalFlip,"{""p"": 0.5}",torch.manual_seed/random.seed(base_seed + 100000*block_id + call_index); set outside the timing window,20360927,"0,1,2,3",4,50176.0,50583.0,50176.0,torch.uint8,"[1, 224, 224]",True,Tensor,50176.0,50583.0,50176.0,torch.uint8,"[1, 224, 224]",True,uint8:1ch
flip,flip:uint8:1ch:nt3,uint8:1ch,nt3,,round2_20260927,extension,train,1,320,320,400,0.05413307575508952,0.04532793536782265,0.03821449354290962,0.07549775764346124,0.015154433139818672,0.037183985114097595,0.09361375123262405,0.02165323030203581,ch32_scale_affine_20260927,torchvision.transforms.RandomHorizontalFlip,"{""p"": 0.5}",torch.manual_seed/random.seed(base_seed + 100000*block_id + call_index); set outside the timing window,20360927,"0,1,2,3",4,102400.0,102821.0,102400.0,torch.uint8,"[1, 320, 320]",True,Tensor,102400.0,102821.0,102400.0,torch.uint8,"[1, 320, 320]",True,uint8:1ch
flip,flip:uint8:1ch:nt4,uint8:1ch,nt4,,round2_20260927,extension,train,1,448,448,400,0.06491233827546239,0.05869800224900246,0.04039360210299492,0.10203253477811815,0.021563245793823353,0.03825966268777847,0.12506358325481415,0.025964935310184956,ch32_scale_affine_20260927,torchvision.transforms.RandomHorizontalFlip,"{""p"": 0.5}",torch.manual_seed/random.seed(base_seed + 100000*block_id + call_index); set outside the timing window,20360927,"0,1,2,3",4,200704.0,201125.0,200704.0,torch.uint8,"[1, 448, 448]",True,Tensor,200704.0,201125.0,200704.0,torch.uint8,"[1, 448, 448]",True,uint8:1ch
flip,flip:uint8:1ch:nt5,uint8:1ch,nt5,,round2_20260927,extension,train,1,640,640,400,0.07137217558920383,0.05188398063182831,0.043108779937028885,0.10540084913372993,0.027179038630839918,0.04072580486536026,0.11804234236478806,0.028548870235681534,ch32_scale_affine_20260927,torchvision.transforms.RandomHorizontalFlip,"{""p"": 0.5}",torch.manual_seed/random.seed(base_seed + 100000*block_id + call_index); set outside the timing window,20360927,"0,1,2,3",4,409600.0,410021.0,409600.0,torch.uint8,"[1, 640, 640]",True,Tensor,409600.0,410021.0,409600.0,torch.uint8,"[1, 640, 640]",True,uint8:1ch
flip,flip:uint8:1ch:nt6,uint8:1ch,nt6,,round2_20260927,extension,train,1,832,832,400,0.08013803977519274,0.0485861673951149,0.04400080069899559,0.12524565681815147,0.038266590748631105,0.041495077311992645,0.1750616356730461,0.032055215910077095,ch32_scale_affine_20260927,torchvision.transforms.RandomHorizontalFlip,"{""p"": 0.5}",torch.manual_seed/random.seed(base_seed + 100000*block_id + call_index); set outside the timing window,20360927,"0,1,2,3",4,692224.0,692645.0,692224.0,torch.uint8,"[1, 832, 832]",True,Tensor,692224.0,692645.0,692224.0,torch.uint8,"[1, 832, 832]",True,uint8:1ch
flip,flip:uint8:1ch:nt7,uint8:1ch,nt7,,round2_20260927,extension,train,1,1024,1024,400,0.12082103407010436,0.04199426621198654,0.038947444409132004,0.2333122305572033,0.08931347936031417,0.03739353269338608,0.25671347975730896,0.048328413628041744,ch32_scale_affine_20260927,torchvision.transforms.RandomHorizontalFlip,"{""p"": 0.5}",torch.manual_seed/random.seed(base_seed + 100000*block_id + call_index); set outside the timing window,20360927,"0,1,2,3",4,1048576.0,1048997.0,1048576.0,torch.uint8,"[1, 1024, 1024]",True,Tensor,1048576.0,1048997.0,1048576.0,torch.uint8,"[1, 1024, 1024]",True,uint8:1ch
flip,flip:uint8:1ch:nv0,uint8:1ch,nv0,,round2_20260927,extension,validation,1,96,96,400,0.05689116660505533,0.055546872317790985,0.03798492252826691,0.08225049823522568,0.015670516988657672,0.03663916140794754,0.10902341455221176,0.022756466642022133,ch32_scale_affine_20260927,torchvision.transforms.RandomHorizontalFlip,"{""p"": 0.5}",torch.manual_seed/random.seed(base_seed + 100000*block_id + call_index); set outside the timing window,20360927,"0,1,2,3",4,9216.0,9623.0,9216.0,torch.uint8,"[1, 96, 96]",True,Tensor,9216.0,9623.0,9216.0,torch.uint8,"[1, 96, 96]",True,uint8:1ch
flip,flip:uint8:1ch:nv1,uint8:1ch,nv1,,round2_20260927,extension,validation,1,192,192,400,0.04716672468930483,0.03932090476155281,0.034379493445158005,0.06174836307764053,0.012319833637766751,0.03332551568746567,0.08576828986406326,0.01886668987572193,ch32_scale_affine_20260927,torchvision.transforms.RandomHorizontalFlip,"{""p"": 0.5}",torch.manual_seed/random.seed(base_seed + 100000*block_id + call_index); set outside the timing window,20360927,"0,1,2,3",4,36864.0,37271.0,36864.0,torch.uint8,"[1, 192, 192]",True,Tensor,36864.0,37271.0,36864.0,torch.uint8,"[1, 192, 192]",True,uint8:1ch
flip,flip:uint8:1ch:nv2,uint8:1ch,nv2,,round2_20260927,extension,validation,1,384,384,400,0.052152571734040976,0.04304945468902588,0.035712309181690216,0.07138922810554504,0.015361541398707972,0.0344347208738327,0.1000668853521347,0.02086102869361639,ch32_scale_affine_20260927,torchvision.transforms.RandomHorizontalFlip,"{""p"": 0.5}",torch.manual_seed/random.seed(base_seed + 100000*block_id + call_index); set outside the timing window,20360927,"0,1,2,3",4,147456.0,147877.0,147456.0,torch.uint8,"[1, 384, 384]",True,Tensor,147456.0,147877.0,147456.0,torch.uint8,"[1, 384, 384]",True,uint8:1ch
flip,flip:uint8:1ch:nv3,uint8:1ch,nv3,,round2_20260927,extension,validation,1,704,704,400,0.07524453336372972,0.049573369324207306,0.044152792543172836,0.11617448180913925,0.031692671842808814,0.042173080146312714,0.13292301446199417,0.030097813345491886,ch32_scale_affine_20260927,torchvision.transforms.RandomHorizontalFlip,"{""p"": 0.5}",torch.manual_seed/random.seed(base_seed + 100000*block_id + call_index); set outside the timing window,20360927,"0,1,2,3",4,495616.0,496037.0,495616.0,torch.uint8,"[1, 704, 704]",True,Tensor,495616.0,496037.0,495616.0,torch.uint8,"[1, 704, 704]",True,uint8:1ch
grayscale,grayscale:uint8:1ch:nt0,uint8:1ch,nt0,,round2_20260927,extension,train,1,64,64,400,0.026990994811058044,0.026501715183258057,0.025903992354869843,0.028050970286130905,0.002521434793418782,0.025412067770957947,0.06669759750366211,0.010796397924423218,ch32_scale_affine_20260927,torchvision.transforms.Grayscale,"{""num_output_channels"": 1}",torch.manual_seed/random.seed(base_seed + 100000*block_id + call_index); set outside the timing window,20360927,"0,1,2,3",4,4096.0,4503.0,4096.0,torch.uint8,"[1, 64, 64]",True,Tensor,4096.0,4503.0,4096.0,torch.uint8,"[1, 64, 64]",True,uint8:1ch
grayscale,grayscale:uint8:1ch:nt1,uint8:1ch,nt1,,round2_20260927,extension,train,1,144,144,400,0.027780092786997557,0.027247704565525055,0.026077590882778168,0.029507745057344437,0.0023463534023258803,0.025263987481594086,0.04176981747150421,0.011112037114799023,ch32_scale_affine_20260927,torchvision.transforms.Grayscale,"{""num_output_channels"": 1}",torch.manual_seed/random.seed(base_seed + 100000*block_id + call_index); set outside the timing window,20360927,"0,1,2,3",4,20736.0,21143.0,20736.0,torch.uint8,"[1, 144, 144]",True,Tensor,20736.0,21143.0,20736.0,torch.uint8,"[1, 144, 144]",True,uint8:1ch
grayscale,grayscale:uint8:1ch:nt2,uint8:1ch,nt2,,round2_20260927,extension,train,1,224,224,400,0.03217448480427265,0.03154482692480087,0.030932016670703888,0.033685192465782166,0.0022483872760060823,0.030103139579296112,0.04908815026283264,0.01286979392170906,ch32_scale_affine_20260927,torchvision.transforms.Grayscale,"{""num_output_channels"": 1}",torch.manual_seed/random.seed(base_seed + 100000*block_id + call_index); set outside the timing window,20360927,"0,1,2,3",4,50176.0,50583.0,50176.0,torch.uint8,"[1, 224, 224]",True,Tensor,50176.0,50583.0,50176.0,torch.uint8,"[1, 224, 224]",True,uint8:1ch
grayscale,grayscale:uint8:1ch:nt3,uint8:1ch,nt3,,round2_20260927,extension,train,1,320,320,400,0.03587209852412343,0.035054516047239304,0.03448016941547394,0.03746198490262032,0.0024984558030697293,0.03392249345779419,0.04873983561992645,0.014348839409649372,ch32_scale_affine_20260927,torchvision.transforms.Grayscale,"{""num_output_channels"": 1}",torch.manual_seed/random.seed(base_seed + 100000*block_id + call_index); set outside the timing window,20360927,"0,1,2,3",4,102400.0,102821.0,102400.0,torch.uint8,"[1, 320, 320]",True,Tensor,102400.0,102821.0,102400.0,torch.uint8,"[1, 320, 320]",True,uint8:1ch
grayscale,grayscale:uint8:1ch:nt4,uint8:1ch,nt4,,round2_20260927,extension,train,1,448,448,400,0.041324105113744736,0.040584709495306015,0.039695482701063156,0.0430988147854805,0.002641625438199543,0.03882497549057007,0.05669984966516495,0.016529642045497894,ch32_scale_affine_20260927,torchvision.transforms.Grayscale,"{""num_output_channels"": 1}",torch.manual_seed/random.seed(base_seed + 100000*block_id + call_index); set outside the timing window,20360927,"0,1,2,3",4,200704.0,201125.0,200704.0,torch.uint8,"[1, 448, 448]",True,Tensor,200704.0,201125.0,200704.0,torch.uint8,"[1, 448, 448]",True,uint8:1ch
grayscale,grayscale:uint8:1ch:nt5,uint8:1ch,nt5,,round2_20260927,extension,train,1,640,640,400,0.06473819725215435,0.06273528560996056,0.06085345521569252,0.07325243204832078,0.005235565794702739,0.057184137403964996,0.08940976113080978,0.02589527890086174,ch32_scale_affine_20260927,torchvision.transforms.Grayscale,"{""num_output_channels"": 1}",torch.manual_seed/random.seed(base_seed + 100000*block_id + call_index); set outside the timing window,20360927,"0,1,2,3",4,409600.0,410021.0,409600.0,torch.uint8,"[1, 640, 640]",True,Tensor,409600.0,410021.0,409600.0,torch.uint8,"[1, 640, 640]",True,uint8:1ch
grayscale,grayscale:uint8:1ch:nt6,uint8:1ch,nt6,,round2_20260927,extension,train,1,832,832,400,0.0812137988395989,0.08011236786842346,0.07830066606402397,0.08437931537628174,0.0042936170309007945,0.07706135511398315,0.13478565961122513,0.03248551953583956,ch32_scale_affine_20260927,torchvision.transforms.Grayscale,"{""num_output_channels"": 1}",torch.manual_seed/random.seed(base_seed + 100000*block_id + call_index); set outside the timing window,20360927,"0,1,2,3",4,692224.0,692645.0,692224.0,torch.uint8,"[1, 832, 832]",True,Tensor,692224.0,692645.0,692224.0,torch.uint8,"[1, 832, 832]",True,uint8:1ch
grayscale,grayscale:uint8:1ch:nt7,uint8:1ch,nt7,,round2_20260927,extension,train,1,1024,1024,400,0.17620960250496864,0.17413217574357986,0.1623125746846199,0.19599562510848045,0.013274777775662779,0.1463238149881363,0.21473225206136703,0.07048384100198746,ch32_scale_affine_20260927,torchvision.transforms.Grayscale,"{""num_output_channels"": 1}",torch.manual_seed/random.seed(base_seed + 100000*block_id + call_index); set outside the timing window,20360927,"0,1,2,3",4,1048576.0,1048997.0,1048576.0,torch.uint8,"[1, 1024, 1024]",True,Tensor,1048576.0,1048997.0,1048576.0,torch.uint8,"[1, 1024, 1024]",True,uint8:1ch
grayscale,grayscale:uint8:1ch:nv0,uint8:1ch,nv0,,round2_20260927,extension,validation,1,96,96,400,0.02857472049072385,0.027698930352926254,0.02657826989889145,0.030651316046714783,0.002633619083396623,0.025869347155094147,0.044665299355983734,0.01142988819628954,ch32_scale_affine_20260927,torchvision.transforms.Grayscale,"{""num_output_channels"": 1}",torch.manual_seed/random.seed(base_seed + 100000*block_id + call_index); set outside the timing window,20360927,"0,1,2,3",4,9216.0,9623.0,9216.0,torch.uint8,"[1, 96, 96]",True,Tensor,9216.0,9623.0,9216.0,torch.uint8,"[1, 96, 96]",True,uint8:1ch
grayscale,grayscale:uint8:1ch:nv1,uint8:1ch,nv1,,round2_20260927,extension,validation,1,192,192,400,0.034239087253808975,0.033875927329063416,0.031221844255924225,0.03566062077879906,0.003137629000154881,0.029752962291240692,0.06603822112083435,0.01369563490152359,ch32_scale_affine_20260927,torchvision.transforms.Grayscale,"{""num_output_channels"": 1}",torch.manual_seed/random.seed(base_seed + 100000*block_id + call_index); set outside the timing window,20360927,"0,1,2,3",4,36864.0,37271.0,36864.0,torch.uint8,"[1, 192, 192]",True,Tensor,36864.0,37271.0,36864.0,torch.uint8,"[1, 192, 192]",True,uint8:1ch
grayscale,grayscale:uint8:1ch:nv2,uint8:1ch,nv2,,round2_20260927,extension,validation,1,384,384,400,0.03927486715838313,0.038380734622478485,0.03657853230834007,0.042072590440511703,0.0033842574717510413,0.035793520510196686,0.06814301013946533,0.015709946863353252,ch32_scale_affine_20260927,torchvision.transforms.Grayscale,"{""num_output_channels"": 1}",torch.manual_seed/random.seed(base_seed + 100000*block_id + call_index); set outside the timing window,20360927,"0,1,2,3",4,147456.0,147877.0,147456.0,torch.uint8,"[1, 384, 384]",True,Tensor,147456.0,147877.0,147456.0,torch.uint8,"[1, 384, 384]",True,uint8:1ch
grayscale,grayscale:uint8:1ch:nv3,uint8:1ch,nv3,,round2_20260927,extension,validation,1,704,704,400,0.07615583017468452,0.07636239752173424,0.06631119176745415,0.08607544004917145,0.008067648401168689,0.06409361958503723,0.11115428060293198,0.03046233206987381,ch32_scale_affine_20260927,torchvision.transforms.Grayscale,"{""num_output_channels"": 1}",torch.manual_seed/random.seed(base_seed + 100000*block_id + call_index); set outside the timing window,20360927,"0,1,2,3",4,495616.0,496037.0,495616.0,torch.uint8,"[1, 704, 704]",True,Tensor,495616.0,496037.0,495616.0,torch.uint8,"[1, 704, 704]",True,uint8:1ch
grayscale,grayscale:float32:1ch:nt0,float32:1ch,nt0,,round2_20260927,extension,train,1,64,64,400,0.02753274515271187,0.026965048164129257,0.02640392631292343,0.028839893639087677,0.0019289276258656223,0.025879591703414917,0.041768886148929596,0.011013098061084747,ch32_scale_affine_20260927,torchvision.transforms.Grayscale,"{""num_output_channels"": 1}",torch.manual_seed/random.seed(base_seed + 100000*block_id + call_index); set outside the timing window,20360927,"0,1,2,3",4,4096.0,16792.0,16384.0,torch.float32,"[1, 64, 64]",True,Tensor,4096.0,16792.0,16384.0,torch.float32,"[1, 64, 64]",True,float32:1ch
grayscale,grayscale:float32:1ch:nt1,float32:1ch,nt1,,round2_20260927,extension,train,1,144,144,400,0.047178007662296295,0.04499545320868492,0.03704475238919258,0.058661215007305145,0.00792268444543782,0.031570903956890106,0.07165875285863876,0.018871203064918518,ch32_scale_affine_20260927,torchvision.transforms.Grayscale,"{""num_output_channels"": 1}",torch.manual_seed/random.seed(base_seed + 100000*block_id + call_index); set outside the timing window,20360927,"0,1,2,3",4,20736.0,83361.0,82944.0,torch.float32,"[1, 144, 144]",True,Tensor,20736.0,83361.0,82944.0,torch.float32,"[1, 144, 144]",True,float32:1ch
grayscale,grayscale:float32:1ch:nt2,float32:1ch,nt2,,round2_20260927,extension,train,1,224,224,400,0.04281511530280113,0.04220055416226387,0.04128431901335716,0.044649746268987656,0.002432130952107762,0.0405898317694664,0.057658180594444275,0.017126046121120453,ch32_scale_affine_20260927,torchvision.transforms.Grayscale,"{""num_output_channels"": 1}",torch.manual_seed/random.seed(base_seed + 100000*block_id + call_index); set outside the timing window,20360927,"0,1,2,3",4,50176.0,201121.0,200704.0,torch.float32,"[1, 224, 224]",True,Tensor,50176.0,201121.0,200704.0,torch.float32,"[1, 224, 224]",True,float32:1ch
grayscale,grayscale:float32:1ch:nt3,float32:1ch,nt3,,round2_20260927,extension,train,1,320,320,400,0.05924337776377797,0.05809543654322624,0.05680276080965996,0.06352784112095833,0.004238571197879354,0.05554966628551483,0.11614896357059479,0.02369735110551119,ch32_scale_affine_20260927,torchvision.transforms.Grayscale,"{""num_output_channels"": 1}",torch.manual_seed/random.seed(base_seed + 100000*block_id + call_index); set outside the timing window,20360927,"0,1,2,3",4,102400.0,410022.0,409600.0,torch.float32,"[1, 320, 320]",True,Tensor,102400.0,410022.0,409600.0,torch.float32,"[1, 320, 320]",True,float32:1ch
grayscale,grayscale:float32:1ch:nt4,float32:1ch,nt4,,round2_20260927,extension,train,1,448,448,400,0.09079958777874708,0.08967332541942596,0.08704429492354393,0.09597195312380791,0.004063822338516479,0.08608214557170868,0.10813586413860321,0.03631983511149883,ch32_scale_affine_20260927,torchvision.transforms.Grayscale,"{""num_output_channels"": 1}",torch.manual_seed/random.seed(base_seed + 100000*block_id + call_index); set outside the timing window,20360927,"0,1,2,3",4,200704.0,803238.0,802816.0,torch.float32,"[1, 448, 448]",True,Tensor,200704.0,803238.0,802816.0,torch.float32,"[1, 448, 448]",True,float32:1ch
grayscale,grayscale:float32:1ch:nt5,float32:1ch,nt5,,round2_20260927,extension,train,1,640,640,400,0.25987475644797087,0.2589793875813484,0.2313891425728798,0.2913380041718483,0.02353207343067588,0.21067820489406586,0.32016821205616,0.10394990257918835,ch32_scale_affine_20260927,torchvision.transforms.Grayscale,"{""num_output_channels"": 1}",torch.manual_seed/random.seed(base_seed + 100000*block_id + call_index); set outside the timing window,20360927,"0,1,2,3",4,409600.0,1638822.0,1638400.0,torch.float32,"[1, 640, 640]",True,Tensor,409600.0,1638822.0,1638400.0,torch.float32,"[1, 640, 640]",True,float32:1ch
grayscale,grayscale:float32:1ch:nt6,float32:1ch,nt6,,round2_20260927,extension,train,1,832,832,400,0.4007646581158042,0.3933529369533062,0.3753848373889923,0.4399794153869152,0.02612135569598935,0.3360379487276077,0.498930923640728,0.16030586324632168,ch32_scale_affine_20260927,torchvision.transforms.Grayscale,"{""num_output_channels"": 1}",torch.manual_seed/random.seed(base_seed + 100000*block_id + call_index); set outside the timing window,20360927,"0,1,2,3",4,692224.0,2769318.0,2768896.0,torch.float32,"[1, 832, 832]",True,Tensor,692224.0,2769318.0,2768896.0,torch.float32,"[1, 832, 832]",True,float32:1ch
grayscale,grayscale:float32:1ch:nt7,float32:1ch,nt7,,round2_20260927,extension,train,1,1024,1024,400,0.6538994028232992,0.64830482006073,0.6133735179901123,0.7073697634041309,0.03466304493637437,0.583854503929615,0.7772678509354591,0.26155976112931967,ch32_scale_affine_20260927,torchvision.transforms.Grayscale,"{""num_output_channels"": 1}",torch.manual_seed/random.seed(base_seed + 100000*block_id + call_index); set outside the timing window,20360927,"0,1,2,3",4,1048576.0,4194726.0,4194304.0,torch.float32,"[1, 1024, 1024]",True,Tensor,1048576.0,4194726.0,4194304.0,torch.float32,"[1, 1024, 1024]",True,float32:1ch
grayscale,grayscale:float32:1ch:nv0,float32:1ch,nv0,,round2_20260927,extension,validation,1,96,96,400,0.037001294549554586,0.037004705518484116,0.033216364681720734,0.039853062480688095,0.0032818018372876515,0.030955299735069275,0.055652111768722534,0.014800517819821835,ch32_scale_affine_20260927,torchvision.transforms.Grayscale,"{""num_output_channels"": 1}",torch.manual_seed/random.seed(base_seed + 100000*block_id + call_index); set outside the timing window,20360927,"0,1,2,3",4,9216.0,37272.0,36864.0,torch.float32,"[1, 96, 96]",True,Tensor,9216.0,37272.0,36864.0,torch.float32,"[1, 96, 96]",True,float32:1ch
grayscale,grayscale:float32:1ch:nv1,float32:1ch,nv1,,round2_20260927,extension,validation,1,192,192,400,0.037254507187753916,0.03676721826195717,0.03602355718612671,0.03841361030936241,0.0019956982864039545,0.035210512578487396,0.05094800144433975,0.014901802875101566,ch32_scale_affine_20260927,torchvision.transforms.Grayscale,"{""num_output_channels"": 1}",torch.manual_seed/random.seed(base_seed + 100000*block_id + call_index); set outside the timing window,20360927,"0,1,2,3",4,36864.0,147873.0,147456.0,torch.float32,"[1, 192, 192]",True,Tensor,36864.0,147873.0,147456.0,torch.float32,"[1, 192, 192]",True,float32:1ch
grayscale,grayscale:float32:1ch:nv2,float32:1ch,nv2,,round2_20260927,extension,validation,1,384,384,400,0.07283033337444067,0.0716610811650753,0.07045017555356026,0.07705381140112877,0.0037777754141792553,0.0692903995513916,0.11008046567440033,0.029132133349776268,ch32_scale_affine_20260927,torchvision.transforms.Grayscale,"{""num_output_channels"": 1}",torch.manual_seed/random.seed(base_seed + 100000*block_id + call_index); set outside the timing window,20360927,"0,1,2,3",4,147456.0,590246.0,589824.0,torch.float32,"[1, 384, 384]",True,Tensor,147456.0,590246.0,589824.0,torch.float32,"[1, 384, 384]",True,float32:1ch
grayscale,grayscale:float32:1ch:nv3,float32:1ch,nv3,,round2_20260927,extension,validation,1,704,704,400,0.3106260090135038,0.3098943270742893,0.27915462851524353,0.3419901244342327,0.02639025552545509,0.25167129933834076,0.5060937255620956,0.12425040360540152,ch32_scale_affine_20260927,torchvision.transforms.Grayscale,"{""num_output_channels"": 1}",torch.manual_seed/random.seed(base_seed + 100000*block_id + call_index); set outside the timing window,20360927,"0,1,2,3",4,495616.0,1982886.0,1982464.0,torch.float32,"[1, 704, 704]",True,Tensor,495616.0,1982886.0,1982464.0,torch.float32,"[1, 704, 704]",True,float32:1ch
blur,blur:float32:1ch:t4,float32:1ch,t4,,round2_20260927,control,control,1,224,224,365,6.883235515592849,2.3150984197854996,2.2586515173316,26.200672239065174,12.375950368416756,2.2024158388376236,85.23079752922058,2.51238096319139,ch32_scale_affine_20260927,torchvision.transforms.GaussianBlur,"{""kernel_size"": 11, ""sigma"": [0.1, 2.0]}",torch.manual_seed/random.seed(base_seed + 100000*block_id + call_index); set outside the timing window,20360927,"0,1,2,3",4,50176.0,201121.0,200704.0,torch.float32,"[1, 224, 224]",True,Tensor,50176.0,201122.0,200704.0,torch.float32,"[1, 224, 224]",True,float32:1ch
blur,blur:uint8:3ch:t7,uint8:3ch,t7,,round2_20260927,control,control,1,512,512,59,42.621150518120345,28.340641409158707,26.434222981333733,44.17270757257957,49.37241338003274,24.769126437604427,276.14190708845854,2.5146478805691004,ch32_scale_affine_20260927,torchvision.transforms.GaussianBlur,"{""kernel_size"": 11, ""sigma"": [0.1, 2.0]}",torch.manual_seed/random.seed(base_seed + 100000*block_id + call_index); set outside the timing window,20360927,"0,1,2,3",4,786432.0,786856.0,786432.0,torch.uint8,"[3, 512, 512]",True,Tensor,786432.0,786856.0,786432.0,torch.uint8,"[3, 512, 512]",True,uint8:3ch
jitter,jitter:float32:3ch:t4,float32:3ch,t4,,round2_20260927,control,control,1,224,224,196,7.665176823621198,7.627790793776512,7.26194866001606,8.109996560961008,0.36556997280679876,6.864583119750023,10.208884254097939,1.5023746574297547,ch32_scale_affine_20260927,torchvision.transforms.ColorJitter,"{""brightness"": 0.1, ""contrast"": 0.1, ""hue"": 0.1, ""saturation"": 0.1}",torch.manual_seed/random.seed(base_seed + 100000*block_id + call_index); set outside the timing window,20360927,"0,1,2,3",4,150528.0,602532.0,602112.0,torch.float32,"[3, 224, 224]",True,Tensor,150528.0,602532.0,602112.0,torch.float32,"[3, 224, 224]",False,float32:3ch
jitter,jitter:uint8:1ch:t7,uint8:1ch,t7,,round2_20260927,control,control,1,512,512,400,1.6422000993043184,1.6242270357906818,1.5585352666676044,1.7136139795184135,0.15246321664632004,1.5198104083538055,4.229748621582985,0.6568800397217274,ch32_scale_affine_20260927,torchvision.transforms.ColorJitter,"{""brightness"": 0.1, ""contrast"": 0.1, ""hue"": 0.1, ""saturation"": 0.1}",torch.manual_seed/random.seed(base_seed + 100000*block_id + call_index); set outside the timing window,20360927,"0,1,2,3",4,262144.0,262565.0,262144.0,torch.uint8,"[1, 512, 512]",True,Tensor,262144.0,262568.0,262144.0,torch.uint8,"[1, 512, 512]",True,uint8:1ch
crop,crop:float32:3ch:t6,float32:3ch,t6,,round2_20260927,control,control,1,384,384,400,1.7863257927820086,1.7853379249572754,1.6495096497237682,1.9313178025186062,0.10737088174199245,1.4086570590734482,2.0807581022381783,0.7145303171128035,ch32_scale_affine_20260927,torchvision.transforms.RandomResizedCrop,"{""ratio"": [0.75, 1.3333333], ""scale"": [0.08, 1.0], ""size"": [244, 244]}",torch.manual_seed/random.seed(base_seed + 100000*block_id + call_index); set outside the timing window,20360927,"0,1,2,3",4,442368.0,1769897.0,1769472.0,torch.float32,"[3, 384, 384]",True,Tensor,178608.0,714852.0,714432.0,torch.float32,"[3, 244, 244]",True,float32:3ch
crop,crop:uint8:1ch:t7,uint8:1ch,t7,,round2_20260927,control,control,1,448,448,400,0.7030639285221696,0.7027303799986839,0.6658569909632206,0.7396036759018898,0.02951440637434502,0.6388993933796883,0.8311029523611069,0.28122557140886784,ch32_scale_affine_20260927,torchvision.transforms.RandomResizedCrop,"{""ratio"": [0.75, 1.3333333], ""scale"": [0.08, 1.0], ""size"": [244, 244]}",torch.manual_seed/random.seed(base_seed + 100000*block_id + call_index); set outside the timing window,20360927,"0,1,2,3",4,200704.0,201125.0,200704.0,torch.uint8,"[1, 448, 448]",True,Tensor,59536.0,59944.0,59536.0,torch.uint8,"[1, 244, 244]",True,uint8:1ch
flip,flip:float32:3ch:t4,float32:3ch,t4,,round2_20260927,control,control,1,224,224,400,0.06928459741175175,0.04389416426420212,0.03900965675711632,0.10411357507109642,0.03164851308361623,0.037697143852710724,0.1316489651799202,0.0277138389647007,ch32_scale_affine_20260927,torchvision.transforms.RandomHorizontalFlip,"{""p"": 0.5}",torch.manual_seed/random.seed(base_seed + 100000*block_id + call_index); set outside the timing window,20360927,"0,1,2,3",4,150528.0,602532.0,602112.0,torch.float32,"[3, 224, 224]",True,Tensor,150528.0,602532.0,602112.0,torch.float32,"[3, 224, 224]",True,float32:3ch
jitter,jitter:uint8:1ch:xt0,uint8:1ch,xt0,,round2_20260927,extension,train,2,512,512,400,1.6940832021646202,1.6920864582061768,1.5775504522025585,1.8406285904347897,0.09780806714434083,1.5351176261901855,1.9637877121567726,0.6776332808658481,ch32_scale_affine_20260927,torchvision.transforms.ColorJitter,"{""brightness"": 0.1, ""contrast"": 0.1, ""hue"": 0.1, ""saturation"": 0.1}",torch.manual_seed/random.seed(base_seed + 100000*block_id + call_index); set outside the timing window,20460927,"0,1,2,3",4,262144.0,262565.0,262144.0,torch.uint8,"[1, 512, 512]",True,Tensor,262144.0,262568.0,262144.0,torch.uint8,"[1, 512, 512]",True,uint8:1ch
jitter,jitter:uint8:1ch:xt1,uint8:1ch,xt1,,round2_20260927,extension,train,2,736,736,400,3.2527488050982356,3.1851795502007008,3.0024519190192223,3.461304120719433,0.29912714063006385,2.8863251209259033,4.584101028740406,1.3010995220392942,ch32_scale_affine_20260927,torchvision.transforms.ColorJitter,"{""brightness"": 0.1, ""contrast"": 0.1, ""hue"": 0.1, ""saturation"": 0.1}",torch.manual_seed/random.seed(base_seed + 100000*block_id + call_index); set outside the timing window,20460927,"0,1,2,3",4,541696.0,542117.0,541696.0,torch.uint8,"[1, 736, 736]",True,Tensor,541696.0,542120.0,541696.0,torch.uint8,"[1, 736, 736]",True,uint8:1ch
jitter,jitter:uint8:1ch:xt2,uint8:1ch,xt2,,round2_20260927,extension,train,2,1024,1024,145,10.354202760961549,7.533534429967403,6.1751339584589005,16.95116199553013,4.258618934458813,5.9429677203297615,20.137663930654526,1.5013594003394246,ch32_scale_affine_20260927,torchvision.transforms.ColorJitter,"{""brightness"": 0.1, ""contrast"": 0.1, ""hue"": 0.1, ""saturation"": 0.1}",torch.manual_seed/random.seed(base_seed + 100000*block_id + call_index); set outside the timing window,20460927,"0,1,2,3",4,1048576.0,1048997.0,1048576.0,torch.uint8,"[1, 1024, 1024]",True,Tensor,1048576.0,1049000.0,1048576.0,torch.uint8,"[1, 1024, 1024]",True,uint8:1ch
jitter,jitter:uint8:1ch:xt3,uint8:1ch,xt3,,round2_20260927,extension,train,2,1098,1098,177,8.48604297781058,7.951055653393269,7.175823487341404,9.278356656432152,1.9462654579491205,6.628800183534622,17.664712853729725,1.5020296070724726,ch32_scale_affine_20260927,torchvision.transforms.ColorJitter,"{""brightness"": 0.1, ""contrast"": 0.1, ""hue"": 0.1, ""saturation"": 0.1}",torch.manual_seed/random.seed(base_seed + 100000*block_id + call_index); set outside the timing window,20460927,"0,1,2,3",4,1205604.0,1206025.0,1205604.0,torch.uint8,"[1, 1098, 1098]",True,Tensor,1205604.0,1206028.0,1205604.0,torch.uint8,"[1, 1098, 1098]",True,uint8:1ch
jitter,jitter:uint8:1ch:xv0,uint8:1ch,xv0,,round2_20260927,extension,validation,2,640,640,400,2.2848435305058956,2.262215130031109,2.221268694847822,2.353216055780649,0.12741263090905414,2.1831514313817024,3.592732362449169,0.9139374122023582,ch32_scale_affine_20260927,torchvision.transforms.ColorJitter,"{""brightness"": 0.1, ""contrast"": 0.1, ""hue"": 0.1, ""saturation"": 0.1}",torch.manual_seed/random.seed(base_seed + 100000*block_id + call_index); set outside the timing window,20460927,"0,1,2,3",4,409600.0,410021.0,409600.0,torch.uint8,"[1, 640, 640]",True,Tensor,409600.0,410024.0,409600.0,torch.uint8,"[1, 640, 640]",True,uint8:1ch
jitter,jitter:uint8:1ch:xv1,uint8:1ch,xv1,,round2_20260927,extension,validation,2,832,832,362,4.151694623249177,4.017964005470276,3.6970716901123524,4.85011786222458,0.46052217471673923,3.613586537539959,5.5314404889941216,1.5029134536162019,ch32_scale_affine_20260927,torchvision.transforms.ColorJitter,"{""brightness"": 0.1, ""contrast"": 0.1, ""hue"": 0.1, ""saturation"": 0.1}",torch.manual_seed/random.seed(base_seed + 100000*block_id + call_index); set outside the timing window,20460927,"0,1,2,3",4,692224.0,692645.0,692224.0,torch.uint8,"[1, 832, 832]",True,Tensor,692224.0,692648.0,692224.0,torch.uint8,"[1, 832, 832]",True,uint8:1ch
jitter,jitter:uint8:1ch:xv2,uint8:1ch,xv2,,round2_20260927,extension,validation,2,960,960,235,6.39133863547381,6.283565424382687,5.868343077600002,6.753950193524361,0.8084641770421841,5.205884575843811,11.474665254354477,1.5019645793363452,ch32_scale_affine_20260927,torchvision.transforms.ColorJitter,"{""brightness"": 0.1, ""contrast"": 0.1, ""hue"": 0.1, ""saturation"": 0.1}",torch.manual_seed/random.seed(base_seed + 100000*block_id + call_index); set outside the timing window,20460927,"0,1,2,3",4,921600.0,922021.0,921600.0,torch.uint8,"[1, 960, 960]",True,Tensor,921600.0,922024.0,921600.0,torch.uint8,"[1, 960, 960]",True,uint8:1ch
jitter,jitter:uint8:1ch:xv3,uint8:1ch,xv3,,round2_20260927,extension,validation,2,1088,1088,159,9.454317279628613,8.86658113449812,7.748286426067352,12.031303346157076,1.6939002943252015,6.66568148881197,13.876658864319324,1.5032364474609494,ch32_scale_affine_20260927,torchvision.transforms.ColorJitter,"{""brightness"": 0.1, ""contrast"": 0.1, ""hue"": 0.1, ""saturation"": 0.1}",torch.manual_seed/random.seed(base_seed + 100000*block_id + call_index); set outside the timing window,20460927,"0,1,2,3",4,1183744.0,1184165.0,1183744.0,torch.uint8,"[1, 1088, 1088]",True,Tensor,1183744.0,1184168.0,1183744.0,torch.uint8,"[1, 1088, 1088]",True,uint8:1ch
crop,crop:uint8:1ch:xt0,uint8:1ch,xt0,,round2_20260927,extension,train,2,448,448,400,0.73613554937765,0.7016225717961788,0.6530921906232834,0.8604392409324646,0.08052698485833061,0.6258198991417885,0.9512128308415413,0.29445421975106,ch32_scale_affine_20260927,torchvision.transforms.RandomResizedCrop,"{""ratio"": [0.75, 1.3333333], ""scale"": [0.08, 1.0], ""size"": [244, 244]}",torch.manual_seed/random.seed(base_seed + 100000*block_id + call_index); set outside the timing window,20460927,"0,1,2,3",4,200704.0,201125.0,200704.0,torch.uint8,"[1, 448, 448]",True,Tensor,59536.0,59944.0,59536.0,torch.uint8,"[1, 244, 244]",True,uint8:1ch
crop,crop:uint8:1ch:xt1,uint8:1ch,xt1,,round2_20260927,extension,train,2,672,672,400,0.7665001088753343,0.7538595236837864,0.6861045025289059,0.865476205945015,0.07110635538573823,0.6417548283934593,0.9991005063056946,0.3066000435501337,ch32_scale_affine_20260927,torchvision.transforms.RandomResizedCrop,"{""ratio"": [0.75, 1.3333333], ""scale"": [0.08, 1.0], ""size"": [244, 244]}",torch.manual_seed/random.seed(base_seed + 100000*block_id + call_index); set outside the timing window,20460927,"0,1,2,3",4,451584.0,452005.0,451584.0,torch.uint8,"[1, 672, 672]",True,Tensor,59536.0,59944.0,59536.0,torch.uint8,"[1, 244, 244]",True,uint8:1ch
crop,crop:uint8:1ch:xt2,uint8:1ch,xt2,,round2_20260927,extension,train,2,832,832,400,0.7988271838985384,0.7947986014187336,0.7163221016526222,0.8782121352851391,0.08950375542782282,0.6648879498243332,2.1263109520077705,0.31953087355941534,ch32_scale_affine_20260927,torchvision.transforms.RandomResizedCrop,"{""ratio"": [0.75, 1.3333333], ""scale"": [0.08, 1.0], ""size"": [244, 244]}",torch.manual_seed/random.seed(base_seed + 100000*block_id + call_index); set outside the timing window,20460927,"0,1,2,3",4,692224.0,692645.0,692224.0,torch.uint8,"[1, 832, 832]",True,Tensor,59536.0,59944.0,59536.0,torch.uint8,"[1, 244, 244]",True,uint8:1ch
crop,crop:uint8:1ch:xt3,uint8:1ch,xt3,,round2_20260927,extension,train,2,960,960,400,0.8808708703145385,0.8522365242242813,0.7290705107152462,1.093203853815794,0.13539817237460267,0.66375732421875,1.6696611419320107,0.3523483481258154,ch32_scale_affine_20260927,torchvision.transforms.RandomResizedCrop,"{""ratio"": [0.75, 1.3333333], ""scale"": [0.08, 1.0], ""size"": [244, 244]}",torch.manual_seed/random.seed(base_seed + 100000*block_id + call_index); set outside the timing window,20460927,"0,1,2,3",4,921600.0,922021.0,921600.0,torch.uint8,"[1, 960, 960]",True,Tensor,59536.0,59944.0,59536.0,torch.uint8,"[1, 244, 244]",True,uint8:1ch
crop,crop:uint8:1ch:xv0,uint8:1ch,xv0,,round2_20260927,extension,validation,2,576,576,400,0.7158364448696375,0.7138494402170181,0.6720206700265408,0.7596109062433243,0.033594462110273136,0.6430046632885933,0.8531054481863976,0.286334577947855,ch32_scale_affine_20260927,torchvision.transforms.RandomResizedCrop,"{""ratio"": [0.75, 1.3333333], ""scale"": [0.08, 1.0], ""size"": [244, 244]}",torch.manual_seed/random.seed(base_seed + 100000*block_id + call_index); set outside the timing window,20460927,"0,1,2,3",4,331776.0,332197.0,331776.0,torch.uint8,"[1, 576, 576]",True,Tensor,59536.0,59944.0,59536.0,torch.uint8,"[1, 244, 244]",True,uint8:1ch
crop,crop:uint8:1ch:xv1,uint8:1ch,xv1,,round2_20260927,extension,validation,2,768,768,400,0.8274609153158963,0.8092308416962624,0.7009877823293209,0.9753530845046043,0.10413508358117078,0.6489204242825508,1.1362973600625992,0.3309843661263585,ch32_scale_affine_20260927,torchvision.transforms.RandomResizedCrop,"{""ratio"": [0.75, 1.3333333], ""scale"": [0.08, 1.0], ""size"": [244, 244]}",torch.manual_seed/random.seed(base_seed + 100000*block_id + call_index); set outside the timing window,20460927,"0,1,2,3",4,589824.0,590245.0,589824.0,torch.uint8,"[1, 768, 768]",True,Tensor,59536.0,59944.0,59536.0,torch.uint8,"[1, 244, 244]",True,uint8:1ch
crop,crop:uint8:1ch:xv2,uint8:1ch,xv2,,round2_20260927,extension,validation,2,896,896,400,0.871138081420213,0.8624796755611897,0.7466882467269897,0.9974634274840355,0.09972767494329572,0.6663519889116287,1.2048566713929176,0.3484552325680852,ch32_scale_affine_20260927,torchvision.transforms.RandomResizedCrop,"{""ratio"": [0.75, 1.3333333], ""scale"": [0.08, 1.0], ""size"": [244, 244]}",torch.manual_seed/random.seed(base_seed + 100000*block_id + call_index); set outside the timing window,20460927,"0,1,2,3",4,802816.0,803237.0,802816.0,torch.uint8,"[1, 896, 896]",True,Tensor,59536.0,59944.0,59536.0,torch.uint8,"[1, 244, 244]",True,uint8:1ch
crop,crop:uint8:1ch:xv3,uint8:1ch,xv3,,round2_20260927,extension,validation,2,986,986,400,0.8958883071318269,0.8882647380232811,0.7832647301256657,0.9675241075456142,0.18241127405276397,0.6960881873965263,3.588315099477768,0.35835532285273075,ch32_scale_affine_20260927,torchvision.transforms.RandomResizedCrop,"{""ratio"": [0.75, 1.3333333], ""scale"": [0.08, 1.0], ""size"": [244, 244]}",torch.manual_seed/random.seed(base_seed + 100000*block_id + call_index); set outside the timing window,20460927,"0,1,2,3",4,972196.0,972617.0,972196.0,torch.uint8,"[1, 986, 986]",True,Tensor,59536.0,59944.0,59536.0,torch.uint8,"[1, 244, 244]",True,uint8:1ch
flip,flip:uint8:1ch:nt0,uint8:1ch,nt0,,round2_20260927,extension,train,2,64,64,400,0.04902705317363143,0.04478543996810913,0.03804704174399376,0.059836264699697495,0.01027602882626794,0.037078745663166046,0.07912237197160721,0.019610821269452572,ch32_scale_affine_20260927,torchvision.transforms.RandomHorizontalFlip,"{""p"": 0.5}",torch.manual_seed/random.seed(base_seed + 100000*block_id + call_index); set outside the timing window,20460927,"0,1,2,3",4,4096.0,4503.0,4096.0,torch.uint8,"[1, 64, 64]",True,Tensor,4096.0,4503.0,4096.0,torch.uint8,"[1, 64, 64]",True,uint8:1ch
flip,flip:uint8:1ch:nt1,uint8:1ch,nt1,,round2_20260927,extension,train,2,144,144,400,0.057275237049907446,0.05087209865450859,0.0423140823841095,0.07559778168797493,0.013320309474434197,0.03980565816164017,0.09641889482736588,0.02291009481996298,ch32_scale_affine_20260927,torchvision.transforms.RandomHorizontalFlip,"{""p"": 0.5}",torch.manual_seed/random.seed(base_seed + 100000*block_id + call_index); set outside the timing window,20460927,"0,1,2,3",4,20736.0,21143.0,20736.0,torch.uint8,"[1, 144, 144]",True,Tensor,20736.0,21143.0,20736.0,torch.uint8,"[1, 144, 144]",True,uint8:1ch
flip,flip:uint8:1ch:nt2,uint8:1ch,nt2,,round2_20260927,extension,train,2,224,224,400,0.04557346226647496,0.038104597479104996,0.03419937565922737,0.058169662952423096,0.011180901624671063,0.03292970359325409,0.07455144077539444,0.018229384906589985,ch32_scale_affine_20260927,torchvision.transforms.RandomHorizontalFlip,"{""p"": 0.5}",torch.manual_seed/random.seed(base_seed + 100000*block_id + call_index); set outside the timing window,20460927,"0,1,2,3",4,50176.0,50583.0,50176.0,torch.uint8,"[1, 224, 224]",True,Tensor,50176.0,50583.0,50176.0,torch.uint8,"[1, 224, 224]",True,uint8:1ch
flip,flip:uint8:1ch:nt3,uint8:1ch,nt3,,round2_20260927,extension,train,2,320,320,400,0.05147311603650451,0.04433421418070793,0.036982446908950806,0.06768591701984406,0.013735232986469233,0.0357162207365036,0.08218735456466675,0.020589246414601803,ch32_scale_affine_20260927,torchvision.transforms.RandomHorizontalFlip,"{""p"": 0.5}",torch.manual_seed/random.seed(base_seed + 100000*block_id + call_index); set outside the timing window,20460927,"0,1,2,3",4,102400.0,102821.0,102400.0,torch.uint8,"[1, 320, 320]",True,Tensor,102400.0,102821.0,102400.0,torch.uint8,"[1, 320, 320]",True,uint8:1ch
flip,flip:uint8:1ch:nt4,uint8:1ch,nt4,,round2_20260927,extension,train,2,448,448,400,0.05513615207746625,0.042280182242393494,0.03711991012096405,0.0757560133934021,0.01759328947857568,0.03574136644601822,0.09043700993061066,0.0220544608309865,ch32_scale_affine_20260927,torchvision.transforms.RandomHorizontalFlip,"{""p"": 0.5}",torch.manual_seed/random.seed(base_seed + 100000*block_id + call_index); set outside the timing window,20460927,"0,1,2,3",4,200704.0,201125.0,200704.0,torch.uint8,"[1, 448, 448]",True,Tensor,200704.0,201125.0,200704.0,torch.uint8,"[1, 448, 448]",True,uint8:1ch
flip,flip:uint8:1ch:nt5,uint8:1ch,nt5,,round2_20260927,extension,train,2,640,640,400,0.06266708252951503,0.04306947812438011,0.03789747133851051,0.09232619777321815,0.025171695221778666,0.03676675260066986,0.11237524449825287,0.02506683301180601,ch32_scale_affine_20260927,torchvision.transforms.RandomHorizontalFlip,"{""p"": 0.5}",torch.manual_seed/random.seed(base_seed + 100000*block_id + call_index); set outside the timing window,20460927,"0,1,2,3",4,409600.0,410021.0,409600.0,torch.uint8,"[1, 640, 640]",True,Tensor,409600.0,410021.0,409600.0,torch.uint8,"[1, 640, 640]",True,uint8:1ch
flip,flip:uint8:1ch:nt6,uint8:1ch,nt6,,round2_20260927,extension,train,2,832,832,400,0.07985340664163232,0.0491458922624588,0.04071388393640518,0.12404825538396835,0.03813483194889252,0.03958679735660553,0.16219168901443481,0.03194136265665293,ch32_scale_affine_20260927,torchvision.transforms.RandomHorizontalFlip,"{""p"": 0.5}",torch.manual_seed/random.seed(base_seed + 100000*block_id + call_index); set outside the timing window,20460927,"0,1,2,3",4,692224.0,692645.0,692224.0,torch.uint8,"[1, 832, 832]",True,Tensor,692224.0,692645.0,692224.0,torch.uint8,"[1, 832, 832]",True,uint8:1ch
flip,flip:uint8:1ch:nt7,uint8:1ch,nt7,,round2_20260927,extension,train,2,1024,1024,400,0.1198361674323678,0.049622729420661926,0.03871973603963852,0.22704368457198143,0.08503762897097905,0.03761798143386841,0.25124475359916687,0.04793446697294712,ch32_scale_affine_20260927,torchvision.transforms.RandomHorizontalFlip,"{""p"": 0.5}",torch.manual_seed/random.seed(base_seed + 100000*block_id + call_index); set outside the timing window,20460927,"0,1,2,3",4,1048576.0,1048997.0,1048576.0,torch.uint8,"[1, 1024, 1024]",True,Tensor,1048576.0,1048997.0,1048576.0,torch.uint8,"[1, 1024, 1024]",True,uint8:1ch
flip,flip:uint8:1ch:nv0,uint8:1ch,nv0,,round2_20260927,extension,validation,2,96,96,400,0.05622008349746466,0.056848395615816116,0.038356147706508636,0.07221149280667305,0.020342189640847188,0.03677979111671448,0.3762096166610718,0.022488033398985863,ch32_scale_affine_20260927,torchvision.transforms.RandomHorizontalFlip,"{""p"": 0.5}",torch.manual_seed/random.seed(base_seed + 100000*block_id + call_index); set outside the timing window,20460927,"0,1,2,3",4,9216.0,9623.0,9216.0,torch.uint8,"[1, 96, 96]",True,Tensor,9216.0,9623.0,9216.0,torch.uint8,"[1, 96, 96]",True,uint8:1ch
flip,flip:uint8:1ch:nv1,uint8:1ch,nv1,,round2_20260927,extension,validation,2,192,192,400,0.049707088619470596,0.041913241147994995,0.03835279494524002,0.061165355145931244,0.011298910741316911,0.037376768887043,0.0942004844546318,0.01988283544778824,ch32_scale_affine_20260927,torchvision.transforms.RandomHorizontalFlip,"{""p"": 0.5}",torch.manual_seed/random.seed(base_seed + 100000*block_id + call_index); set outside the timing window,20460927,"0,1,2,3",4,36864.0,37271.0,36864.0,torch.uint8,"[1, 192, 192]",True,Tensor,36864.0,37271.0,36864.0,torch.uint8,"[1, 192, 192]",True,uint8:1ch
flip,flip:uint8:1ch:nv2,uint8:1ch,nv2,,round2_20260927,extension,validation,2,384,384,400,0.06252799881622195,0.05484791472554207,0.04332028329372406,0.08792998269200325,0.018302514594466746,0.040004029870033264,0.10480545461177826,0.02501119952648878,ch32_scale_affine_20260927,torchvision.transforms.RandomHorizontalFlip,"{""p"": 0.5}",torch.manual_seed/random.seed(base_seed + 100000*block_id + call_index); set outside the timing window,20460927,"0,1,2,3",4,147456.0,147877.0,147456.0,torch.uint8,"[1, 384, 384]",True,Tensor,147456.0,147877.0,147456.0,torch.uint8,"[1, 384, 384]",True,uint8:1ch
flip,flip:uint8:1ch:nv3,uint8:1ch,nv3,,round2_20260927,extension,validation,2,704,704,400,0.07297832984477282,0.058791134506464005,0.03901999443769455,0.12206304818391801,0.03164906929330736,0.03797002136707306,0.1414027065038681,0.029191331937909126,ch32_scale_affine_20260927,torchvision.transforms.RandomHorizontalFlip,"{""p"": 0.5}",torch.manual_seed/random.seed(base_seed + 100000*block_id + call_index); set outside the timing window,20460927,"0,1,2,3",4,495616.0,496037.0,495616.0,torch.uint8,"[1, 704, 704]",True,Tensor,495616.0,496037.0,495616.0,torch.uint8,"[1, 704, 704]",True,uint8:1ch
grayscale,grayscale:uint8:1ch:nt0,uint8:1ch,nt0,,round2_20260927,extension,train,2,64,64,400,0.027191932313144207,0.02648681402206421,0.02535143867135048,0.02974923700094223,0.002344859258456938,0.02449098974466324,0.041639432311058044,0.010876772925257683,ch32_scale_affine_20260927,torchvision.transforms.Grayscale,"{""num_output_channels"": 1}",torch.manual_seed/random.seed(base_seed + 100000*block_id + call_index); set outside the timing window,20460927,"0,1,2,3",4,4096.0,4503.0,4096.0,torch.uint8,"[1, 64, 64]",True,Tensor,4096.0,4503.0,4096.0,torch.uint8,"[1, 64, 64]",True,uint8:1ch
grayscale,grayscale:uint8:1ch:nt1,uint8:1ch,nt1,,round2_20260927,extension,train,2,144,144,400,0.03421708708629012,0.030213501304388046,0.028885994106531143,0.044568628072738654,0.006552868353329288,0.028131529688835144,0.05757715553045273,0.013686834834516048,ch32_scale_affine_20260927,torchvision.transforms.Grayscale,"{""num_output_channels"": 1}",torch.manual_seed/random.seed(base_seed + 100000*block_id + call_index); set outside the timing window,20460927,"0,1,2,3",4,20736.0,21143.0,20736.0,torch.uint8,"[1, 144, 144]",True,Tensor,20736.0,21143.0,20736.0,torch.uint8,"[1, 144, 144]",True,uint8:1ch
grayscale,grayscale:uint8:1ch:nt2,uint8:1ch,nt2,,round2_20260927,extension,train,2,224,224,400,0.03070732345804572,0.030300114303827286,0.029728654772043228,0.031656399369239814,0.0016578861215381779,0.029258430004119873,0.0399518758058548,0.012282929383218288,ch32_scale_affine_20260927,torchvision.transforms.Grayscale,"{""num_output_channels"": 1}",torch.manual_seed/random.seed(base_seed + 100000*block_id + call_index); set outside the timing window,20460927,"0,1,2,3",4,50176.0,50583.0,50176.0,torch.uint8,"[1, 224, 224]",True,Tensor,50176.0,50583.0,50176.0,torch.uint8,"[1, 224, 224]",True,uint8:1ch
grayscale,grayscale:uint8:1ch:nt3,uint8:1ch,nt3,,round2_20260927,extension,train,2,320,320,400,0.04080129321664572,0.036422163248062134,0.033262837678194046,0.05090869963169098,0.007981077051469184,0.03235042095184326,0.09117741137742996,0.016320517286658287,ch32_scale_affine_20260927,torchvision.transforms.Grayscale,"{""num_output_channels"": 1}",torch.manual_seed/random.seed(base_seed + 100000*block_id + call_index); set outside the timing window,20460927,"0,1,2,3",4,102400.0,102821.0,102400.0,torch.uint8,"[1, 320, 320]",True,Tensor,102400.0,102821.0,102400.0,torch.uint8,"[1, 320, 320]",True,uint8:1ch
grayscale,grayscale:uint8:1ch:nt4,uint8:1ch,nt4,,round2_20260927,extension,train,2,448,448,400,0.043674116022884846,0.04283338785171509,0.04166979342699051,0.04529915750026703,0.003546318991387259,0.040823593735694885,0.09061582386493683,0.01746964640915394,ch32_scale_affine_20260927,torchvision.transforms.Grayscale,"{""num_output_channels"": 1}",torch.manual_seed/random.seed(base_seed + 100000*block_id + call_index); set outside the timing window,20460927,"0,1,2,3",4,200704.0,201125.0,200704.0,torch.uint8,"[1, 448, 448]",True,Tensor,200704.0,201125.0,200704.0,torch.uint8,"[1, 448, 448]",True,uint8:1ch
grayscale,grayscale:uint8:1ch:nt5,uint8:1ch,nt5,,round2_20260927,extension,train,2,640,640,400,0.05780161125585437,0.05710124969482422,0.05531627684831619,0.05956580862402916,0.0041080704210537606,0.05389004945755005,0.11667143553495407,0.023120644502341747,ch32_scale_affine_20260927,torchvision.transforms.Grayscale,"{""num_output_channels"": 1}",torch.manual_seed/random.seed(base_seed + 100000*block_id + call_index); set outside the timing window,20460927,"0,1,2,3",4,409600.0,410021.0,409600.0,torch.uint8,"[1, 640, 640]",True,Tensor,409600.0,410021.0,409600.0,torch.uint8,"[1, 640, 640]",True,uint8:1ch
grayscale,grayscale:uint8:1ch:nt6,uint8:1ch,nt6,,round2_20260927,extension,train,2,832,832,400,0.0853928318247199,0.08172169327735901,0.07751043885946274,0.09477399289608002,0.007738496730389848,0.07652584463357925,0.11910684406757355,0.03415713272988796,ch32_scale_affine_20260927,torchvision.transforms.Grayscale,"{""num_output_channels"": 1}",torch.manual_seed/random.seed(base_seed + 100000*block_id + call_index); set outside the timing window,20460927,"0,1,2,3",4,692224.0,692645.0,692224.0,torch.uint8,"[1, 832, 832]",True,Tensor,692224.0,692645.0,692224.0,torch.uint8,"[1, 832, 832]",True,uint8:1ch
grayscale,grayscale:uint8:1ch:nt7,uint8:1ch,nt7,,round2_20260927,extension,train,2,1024,1024,400,0.17414980102330446,0.17474964261054993,0.1577654853463173,0.19064685329794884,0.01417524626611314,0.1444229856133461,0.2246396616101265,0.06965992040932178,ch32_scale_affine_20260927,torchvision.transforms.Grayscale,"{""num_output_channels"": 1}",torch.manual_seed/random.seed(base_seed + 100000*block_id + call_index); set outside the timing window,20460927,"0,1,2,3",4,1048576.0,1048997.0,1048576.0,torch.uint8,"[1, 1024, 1024]",True,Tensor,1048576.0,1048997.0,1048576.0,torch.uint8,"[1, 1024, 1024]",True,uint8:1ch
grayscale,grayscale:uint8:1ch:nv0,uint8:1ch,nv0,,round2_20260927,extension,validation,2,96,96,400,0.03264327999204397,0.03197323530912399,0.02963421866297722,0.035901833325624466,0.003109577433409289,0.0284658744931221,0.05204696208238602,0.013057311996817589,ch32_scale_affine_20260927,torchvision.transforms.Grayscale,"{""num_output_channels"": 1}",torch.manual_seed/random.seed(base_seed + 100000*block_id + call_index); set outside the timing window,20460927,"0,1,2,3",4,9216.0,9623.0,9216.0,torch.uint8,"[1, 96, 96]",True,Tensor,9216.0,9623.0,9216.0,torch.uint8,"[1, 96, 96]",True,uint8:1ch
grayscale,grayscale:uint8:1ch:nv1,uint8:1ch,nv1,,round2_20260927,extension,validation,2,192,192,400,0.03573527093976736,0.03540609031915665,0.03252187743782997,0.03837188705801964,0.0028439359203509874,0.03145541995763779,0.05221087485551834,0.014294108375906944,ch32_scale_affine_20260927,torchvision.transforms.Grayscale,"{""num_output_channels"": 1}",torch.manual_seed/random.seed(base_seed + 100000*block_id + call_index); set outside the timing window,20460927,"0,1,2,3",4,36864.0,37271.0,36864.0,torch.uint8,"[1, 192, 192]",True,Tensor,36864.0,37271.0,36864.0,torch.uint8,"[1, 192, 192]",True,uint8:1ch
grayscale,grayscale:uint8:1ch:nv2,uint8:1ch,nv2,,round2_20260927,extension,validation,2,384,384,400,0.037066093645989895,0.03662239760160446,0.03581419587135315,0.03844648599624634,0.0017463648485035788,0.035188160836696625,0.05012843757867813,0.014826437458395958,ch32_scale_affine_20260927,torchvision.transforms.Grayscale,"{""num_output_channels"": 1}",torch.manual_seed/random.seed(base_seed + 100000*block_id + call_index); set outside the timing window,20460927,"0,1,2,3",4,147456.0,147877.0,147456.0,torch.uint8,"[1, 384, 384]",True,Tensor,147456.0,147877.0,147456.0,torch.uint8,"[1, 384, 384]",True,uint8:1ch
grayscale,grayscale:uint8:1ch:nv3,uint8:1ch,nv3,,round2_20260927,extension,validation,2,704,704,400,0.06498748902231455,0.06405124440789223,0.06246166303753853,0.06993068382143976,0.0031852557782061563,0.06129313260316849,0.08010957390069962,0.02599499560892582,ch32_scale_affine_20260927,torchvision.transforms.Grayscale,"{""num_output_channels"": 1}",torch.manual_seed/random.seed(base_seed + 100000*block_id + call_index); set outside the timing window,20460927,"0,1,2,3",4,495616.0,496037.0,495616.0,torch.uint8,"[1, 704, 704]",True,Tensor,495616.0,496037.0,495616.0,torch.uint8,"[1, 704, 704]",True,uint8:1ch
grayscale,grayscale:float32:1ch:nt0,float32:1ch,nt0,,round2_20260927,extension,train,2,64,64,400,0.0299868849106133,0.029012560844421387,0.027400720864534378,0.033251941204071045,0.003984384922021793,0.02675876021385193,0.08559878915548325,0.01199475396424532,ch32_scale_affine_20260927,torchvision.transforms.Grayscale,"{""num_output_channels"": 1}",torch.manual_seed/random.seed(base_seed + 100000*block_id + call_index); set outside the timing window,20460927,"0,1,2,3",4,4096.0,16792.0,16384.0,torch.float32,"[1, 64, 64]",True,Tensor,4096.0,16792.0,16384.0,torch.float32,"[1, 64, 64]",True,float32:1ch
grayscale,grayscale:float32:1ch:nt1,float32:1ch,nt1,,round2_20260927,extension,train,2,144,144,400,0.03515315242111683,0.03421958535909653,0.03285398706793785,0.037127360701560974,0.002917325150127423,0.032281503081321716,0.053456053137779236,0.014061260968446732,ch32_scale_affine_20260927,torchvision.transforms.Grayscale,"{""num_output_channels"": 1}",torch.manual_seed/random.seed(base_seed + 100000*block_id + call_index); set outside the timing window,20460927,"0,1,2,3",4,20736.0,83361.0,82944.0,torch.float32,"[1, 144, 144]",True,Tensor,20736.0,83361.0,82944.0,torch.float32,"[1, 144, 144]",True,float32:1ch
grayscale,grayscale:float32:1ch:nt2,float32:1ch,nt2,,round2_20260927,extension,train,2,224,224,400,0.04566629184409976,0.04460662603378296,0.0412975437939167,0.05137128755450249,0.004421429007261476,0.04041288048028946,0.06463192403316498,0.018266516737639904,ch32_scale_affine_20260927,torchvision.transforms.Grayscale,"{""num_output_channels"": 1}",torch.manual_seed/random.seed(base_seed + 100000*block_id + call_index); set outside the timing window,20460927,"0,1,2,3",4,50176.0,201121.0,200704.0,torch.float32,"[1, 224, 224]",True,Tensor,50176.0,201121.0,200704.0,torch.float32,"[1, 224, 224]",True,float32:1ch
grayscale,grayscale:float32:1ch:nt3,float32:1ch,nt3,,round2_20260927,extension,train,2,320,320,400,0.059228455647826195,0.058516860008239746,0.05656508728861809,0.06207805126905441,0.0030521505610551303,0.05540996789932251,0.07409509271383286,0.023691382259130478,ch32_scale_affine_20260927,torchvision.transforms.Grayscale,"{""num_output_channels"": 1}",torch.manual_seed/random.seed(base_seed + 100000*block_id + call_index); set outside the timing window,20460927,"0,1,2,3",4,102400.0,410022.0,409600.0,torch.float32,"[1, 320, 320]",True,Tensor,102400.0,410022.0,409600.0,torch.float32,"[1, 320, 320]",True,float32:1ch
grayscale,grayscale:float32:1ch:nt4,float32:1ch,nt4,,round2_20260927,extension,train,2,448,448,400,0.10300526861101389,0.09766267612576485,0.08921092376112938,0.13576708734035495,0.01623935971532002,0.08632149547338486,0.16311835497617722,0.041202107444405556,ch32_scale_affine_20260927,torchvision.transforms.Grayscale,"{""num_output_channels"": 1}",torch.manual_seed/random.seed(base_seed + 100000*block_id + call_index); set outside the timing window,20460927,"0,1,2,3",4,200704.0,803238.0,802816.0,torch.float32,"[1, 448, 448]",True,Tensor,200704.0,803238.0,802816.0,torch.float32,"[1, 448, 448]",True,float32:1ch
grayscale,grayscale:float32:1ch:nt5,float32:1ch,nt5,,round2_20260927,extension,train,2,640,640,400,0.24531837785616517,0.23647956550121307,0.23033525794744492,0.2706635743379594,0.02449252906966571,0.20752381533384323,0.34529808908700943,0.09812735114246607,ch32_scale_affine_20260927,torchvision.transforms.Grayscale,"{""num_output_channels"": 1}",torch.manual_seed/random.seed(base_seed + 100000*block_id + call_index); set outside the timing window,20460927,"0,1,2,3",4,409600.0,1638822.0,1638400.0,torch.float32,"[1, 640, 640]",True,Tensor,409600.0,1638822.0,1638400.0,torch.float32,"[1, 640, 640]",True,float32:1ch
grayscale,grayscale:float32:1ch:nt6,float32:1ch,nt6,,round2_20260927,extension,train,2,832,832,400,0.4512093006633222,0.44834520667791367,0.4138763062655926,0.49520106986165047,0.0312317652576485,0.3799488767981529,0.5312608554959297,0.18048372026532888,ch32_scale_affine_20260927,torchvision.transforms.Grayscale,"{""num_output_channels"": 1}",torch.manual_seed/random.seed(base_seed + 100000*block_id + call_index); set outside the timing window,20460927,"0,1,2,3",4,692224.0,2769318.0,2768896.0,torch.float32,"[1, 832, 832]",True,Tensor,692224.0,2769318.0,2768896.0,torch.float32,"[1, 832, 832]",True,float32:1ch
grayscale,grayscale:float32:1ch:nt7,float32:1ch,nt7,,round2_20260927,extension,train,2,1024,1024,400,0.6190160545520484,0.6076572462916374,0.5812034010887146,0.6697047501802444,0.0376350090078254,0.5590841174125671,0.7769269868731499,0.24760642182081938,ch32_scale_affine_20260927,torchvision.transforms.Grayscale,"{""num_output_channels"": 1}",torch.manual_seed/random.seed(base_seed + 100000*block_id + call_index); set outside the timing window,20460927,"0,1,2,3",4,1048576.0,4194726.0,4194304.0,torch.float32,"[1, 1024, 1024]",True,Tensor,1048576.0,4194726.0,4194304.0,torch.float32,"[1, 1024, 1024]",True,float32:1ch
grayscale,grayscale:float32:1ch:nv0,float32:1ch,nv0,,round2_20260927,extension,validation,2,96,96,400,0.030555063858628273,0.03009103238582611,0.02820715308189392,0.03311922773718834,0.0023105657756901064,0.027013011276721954,0.04133395850658417,0.01222202554345131,ch32_scale_affine_20260927,torchvision.transforms.Grayscale,"{""num_output_channels"": 1}",torch.manual_seed/random.seed(base_seed + 100000*block_id + call_index); set outside the timing window,20460927,"0,1,2,3",4,9216.0,37272.0,36864.0,torch.float32,"[1, 96, 96]",True,Tensor,9216.0,37272.0,36864.0,torch.float32,"[1, 96, 96]",True,float32:1ch
grayscale,grayscale:float32:1ch:nv1,float32:1ch,nv1,,round2_20260927,extension,validation,2,192,192,400,0.037738922983407974,0.03676116466522217,0.03603007644414902,0.03999881446361542,0.003001397455273548,0.03530271351337433,0.06821751594543457,0.01509556919336319,ch32_scale_affine_20260927,torchvision.transforms.Grayscale,"{""num_output_channels"": 1}",torch.manual_seed/random.seed(base_seed + 100000*block_id + call_index); set outside the timing window,20460927,"0,1,2,3",4,36864.0,147873.0,147456.0,torch.float32,"[1, 192, 192]",True,Tensor,36864.0,147873.0,147456.0,torch.float32,"[1, 192, 192]",True,float32:1ch
grayscale,grayscale:float32:1ch:nv2,float32:1ch,nv2,,round2_20260927,extension,validation,2,384,384,400,0.07742639863863587,0.07665716111660004,0.07376670837402344,0.07963217794895172,0.003709466679678195,0.07268879562616348,0.10112021118402481,0.03097055945545435,ch32_scale_affine_20260927,torchvision.transforms.Grayscale,"{""num_output_channels"": 1}",torch.manual_seed/random.seed(base_seed + 100000*block_id + call_index); set outside the timing window,20460927,"0,1,2,3",4,147456.0,590246.0,589824.0,torch.float32,"[1, 384, 384]",True,Tensor,147456.0,590246.0,589824.0,torch.float32,"[1, 384, 384]",True,float32:1ch
grayscale,grayscale:float32:1ch:nv3,float32:1ch,nv3,,round2_20260927,extension,validation,2,704,704,400,0.308894794434309,0.3035031259059906,0.28519313782453537,0.3379915840923786,0.02155483322068053,0.27245841920375824,0.3848318010568619,0.1235579177737236,ch32_scale_affine_20260927,torchvision.transforms.Grayscale,"{""num_output_channels"": 1}",torch.manual_seed/random.seed(base_seed + 100000*block_id + call_index); set outside the timing window,20460927,"0,1,2,3",4,495616.0,1982886.0,1982464.0,torch.float32,"[1, 704, 704]",True,Tensor,495616.0,1982886.0,1982464.0,torch.float32,"[1, 704, 704]",True,float32:1ch
blur,blur:float32:1ch:t4,float32:1ch,t4,,round2_20260927,control,control,2,224,224,375,6.667445495724678,2.2620391100645065,2.2069601342082024,26.485229283571265,11.43547961432669,2.1751131862401962,85.08127927780151,2.5002920608967543,ch32_scale_affine_20260927,torchvision.transforms.GaussianBlur,"{""kernel_size"": 11, ""sigma"": [0.1, 2.0]}",torch.manual_seed/random.seed(base_seed + 100000*block_id + call_index); set outside the timing window,20460927,"0,1,2,3",4,50176.0,201121.0,200704.0,torch.float32,"[1, 224, 224]",True,Tensor,50176.0,201122.0,200704.0,torch.float32,"[1, 224, 224]",True,float32:1ch
blur,blur:uint8:3ch:t7,uint8:3ch,t7,,round2_20260927,control,control,2,512,512,37,67.74566176573973,28.412790969014168,26.46800223737955,164.1725640743971,87.37586920808069,25.76595637947321,453.06816045194864,2.50658948533237,ch32_scale_affine_20260927,torchvision.transforms.GaussianBlur,"{""kernel_size"": 11, ""sigma"": [0.1, 2.0]}",torch.manual_seed/random.seed(base_seed + 100000*block_id + call_index); set outside the timing window,20460927,"0,1,2,3",4,786432.0,786856.0,786432.0,torch.uint8,"[3, 512, 512]",True,Tensor,786432.0,786856.0,786432.0,torch.uint8,"[3, 512, 512]",True,uint8:3ch
jitter,jitter:float32:3ch:t4,float32:3ch,t4,,round2_20260927,control,control,2,224,224,207,7.248624142457322,7.1545494720339775,6.786874122917652,7.7688757330179214,0.458613689138275,6.548489443957806,9.905313141644001,1.5004651974886656,ch32_scale_affine_20260927,torchvision.transforms.ColorJitter,"{""brightness"": 0.1, ""contrast"": 0.1, ""hue"": 0.1, ""saturation"": 0.1}",torch.manual_seed/random.seed(base_seed + 100000*block_id + call_index); set outside the timing window,20460927,"0,1,2,3",4,150528.0,602532.0,602112.0,torch.float32,"[3, 224, 224]",True,Tensor,150528.0,602532.0,602112.0,torch.float32,"[3, 224, 224]",False,float32:3ch
jitter,jitter:uint8:1ch:t7,uint8:1ch,t7,,round2_20260927,control,control,2,512,512,400,1.6088423249311745,1.5805684961378574,1.5116007067263126,1.7551182769238949,0.08966068010952279,1.4793779700994492,1.8384428694844246,0.6435369299724698,ch32_scale_affine_20260927,torchvision.transforms.ColorJitter,"{""brightness"": 0.1, ""contrast"": 0.1, ""hue"": 0.1, ""saturation"": 0.1}",torch.manual_seed/random.seed(base_seed + 100000*block_id + call_index); set outside the timing window,20460927,"0,1,2,3",4,262144.0,262565.0,262144.0,torch.uint8,"[1, 512, 512]",True,Tensor,262144.0,262568.0,262144.0,torch.uint8,"[1, 512, 512]",True,uint8:1ch
crop,crop:float32:3ch:t6,float32:3ch,t6,,round2_20260927,control,control,2,384,384,400,1.7678619339130819,1.7692162655293941,1.649018656462431,1.8706923350691795,0.08345766344741261,1.5945164486765862,1.9850004464387894,0.7071447735652328,ch32_scale_affine_20260927,torchvision.transforms.RandomResizedCrop,"{""ratio"": [0.75, 1.3333333], ""scale"": [0.08, 1.0], ""size"": [244, 244]}",torch.manual_seed/random.seed(base_seed + 100000*block_id + call_index); set outside the timing window,20460927,"0,1,2,3",4,442368.0,1769897.0,1769472.0,torch.float32,"[3, 384, 384]",True,Tensor,178608.0,714852.0,714432.0,torch.float32,"[3, 244, 244]",True,float32:3ch
crop,crop:uint8:1ch:t7,uint8:1ch,t7,,round2_20260927,control,control,2,448,448,400,0.6923497817479074,0.682879239320755,0.6470796652138233,0.7489636540412903,0.04014882168967161,0.6232066079974174,0.8299397304654121,0.27693991269916296,ch32_scale_affine_20260927,torchvision.transforms.RandomResizedCrop,"{""ratio"": [0.75, 1.3333333], ""scale"": [0.08, 1.0], ""size"": [244, 244]}",torch.manual_seed/random.seed(base_seed + 100000*block_id + call_index); set outside the timing window,20460927,"0,1,2,3",4,200704.0,201125.0,200704.0,torch.uint8,"[1, 448, 448]",True,Tensor,59536.0,59944.0,59536.0,torch.uint8,"[1, 244, 244]",True,uint8:1ch
flip,flip:float32:3ch:t4,float32:3ch,t4,,round2_20260927,control,control,2,224,224,400,0.07930385880172253,0.05286233499646187,0.04076845943927765,0.12338785454630852,0.0361871465421492,0.039353035390377045,0.15445612370967865,0.03172154352068901,ch32_scale_affine_20260927,torchvision.transforms.RandomHorizontalFlip,"{""p"": 0.5}",torch.manual_seed/random.seed(base_seed + 100000*block_id + call_index); set outside the timing window,20460927,"0,1,2,3",4,150528.0,602532.0,602112.0,torch.float32,"[3, 224, 224]",True,Tensor,150528.0,602532.0,602112.0,torch.float32,"[3, 224, 224]",True,float32:3ch
grayscale,grayscale:float32:3ch:t4,float32:3ch,t4,,round3_20260927,control,control,0,224,224,400,0.18174464348703623,0.164068304002285,0.15939567238092422,0.26171160861849785,0.03840614180496763,0.15755090862512589,0.4258379340171814,0.07269785739481449,ch32_scale_affine_20260927,torchvision.transforms.Grayscale,"{""num_output_channels"": 1}",torch.manual_seed/random.seed(base_seed + 100000*block_id + call_index); set outside the timing window,20260927,"0,1,2,3",4,150528.0,602530.0,602112.0,torch.float32,"[3, 224, 224]",True,Tensor,50176.0,201120.0,200704.0,torch.float32,"[1, 224, 224]",True,float32:1ch
grayscale,grayscale:float32:3ch:t4,float32:3ch,t4,,round3_20260927,control,control,1,224,224,400,0.16674787970259786,0.1625516451895237,0.15817973762750626,0.182388722896576,0.011442111179842139,0.1558847725391388,0.21609105169773102,0.06669915188103914,ch32_scale_affine_20260927,torchvision.transforms.Grayscale,"{""num_output_channels"": 1}",torch.manual_seed/random.seed(base_seed + 100000*block_id + call_index); set outside the timing window,20360927,"0,1,2,3",4,150528.0,602530.0,602112.0,torch.float32,"[3, 224, 224]",True,Tensor,50176.0,201120.0,200704.0,torch.float32,"[1, 224, 224]",True,float32:1ch
grayscale,grayscale:float32:3ch:t4,float32:3ch,t4,,round3_20260927,control,control,2,224,224,400,0.17362610902637243,0.16212696209549904,0.1568586565554142,0.18982198089361202,0.03116569717973077,0.15505123883485794,0.40745269507169724,0.06945044361054897,ch32_scale_affine_20260927,torchvision.transforms.Grayscale,"{""num_output_channels"": 1}",torch.manual_seed/random.seed(base_seed + 100000*block_id + call_index); set outside the timing window,20460927,"0,1,2,3",4,150528.0,602530.0,602112.0,torch.float32,"[3, 224, 224]",True,Tensor,50176.0,201120.0,200704.0,torch.float32,"[1, 224, 224]",True,float32:1ch
