operator,group,model,class_scope,fit_scope,cell_id,representation_class,size_id,origin,train_or_validation,elements,native_bytes,x_bytes_norm,mean_ms,y_time_norm,block_std_ms,predicted_ms,abs_err_ms,rel_err,batches
blur,all,M1_byte_prop_anchored,shared,full,blur:float32:3ch:v0,float32:3ch,v0,baseline,validation,19200.0,76800.0,0.3826530612244898,1.4147147295686107,0.20296995667535492,0.06418250265726357,2.667118478498135,1.2524037489295246,0.8852694629901962,round1_20260927
blur,all,M1_byte_prop_anchored,shared,full,blur:float32:3ch:v1,float32:3ch,v1,baseline,validation,76800.0,307200.0,1.530612244897959,4.437902649709334,0.6367085107084561,0.2178509538628073,10.66847391399254,6.230571264283207,1.4039450064753645,round1_20260927
blur,all,M1_byte_prop_anchored,shared,full,blur:float32:3ch:v2,float32:3ch,v2,baseline,validation,196608.0,786432.0,3.9183673469387754,10.517050672479831,1.5088874631259843,0.37945345137134495,27.311293219820907,16.794242547341078,1.5968585747415762,round1_20260927
blur,all,M1_byte_prop_anchored,shared,full,blur:float32:3ch:v3,float32:3ch,v3,baseline,validation,602112.0,2408448.0,12.0,33.36427419073984,4.786792096993363,8.169013764587627,83.64083548570153,50.27656129496169,1.5068980972742336,round1_20260927
blur,all,M1_byte_prop_anchored,shared,full,blur:float32:1ch:v0,float32:1ch,v0,baseline,validation,6400.0,25600.0,0.12755102040816327,1.1934437051725884,0.17122407229563485,0.048191525063303965,0.8890394928327118,-0.3044042123398766,-0.2550637378374337,round1_20260927
blur,all,M1_byte_prop_anchored,shared,full,blur:float32:1ch:v1,float32:1ch,v1,baseline,validation,25600.0,102400.0,0.5102040816326531,3.7802832069185874,0.5423594613755139,0.1966417652043313,3.556157971330847,-0.22412523558774033,-0.05928794836787664,round1_20260927
blur,all,M1_byte_prop_anchored,shared,full,blur:float32:1ch:v2,float32:1ch,v2,baseline,validation,65536.0,262144.0,1.3061224489795917,8.652812834201884,1.2414241609073007,0.2579124643561535,9.103764406606969,0.450951572405085,0.05211618245371186,round1_20260927
blur,all,M1_byte_prop_anchored,shared,full,blur:float32:1ch:v3,float32:1ch,v3,baseline,validation,200704.0,802816.0,4.0,24.823284669959218,3.561411292818008,4.824201549280144,27.880278495233842,3.056993825274624,0.12315025452591107,round1_20260927
blur,all,M1_byte_prop_anchored,shared,full,blur:uint8:3ch:v0,uint8:3ch,v0,baseline,validation,19200.0,19200.0,0.09566326530612244,1.4769610506482422,0.21190047307464738,0.04042047029498749,0.6667796196245338,-0.8101814310237084,-0.5485462400434443,round1_20260927
blur,all,M1_byte_prop_anchored,shared,full,blur:uint8:3ch:v1,uint8:3ch,v1,baseline,validation,76800.0,76800.0,0.3826530612244898,4.636861905455589,0.6652533124801124,0.22551869406541783,2.667118478498135,-1.969743426957454,-0.424800968223771,round1_20260927
blur,all,M1_byte_prop_anchored,shared,full,blur:uint8:3ch:v2,uint8:3ch,v2,baseline,validation,196608.0,196608.0,0.9795918367346939,10.64690839026251,1.5275182264886784,0.4745540558530487,6.827823304955227,-3.8190850853072833,-0.35870366732939646,round1_20260927
blur,all,M1_byte_prop_anchored,shared,full,blur:uint8:3ch:v3,uint8:3ch,v3,baseline,validation,602112.0,602112.0,3.0,34.93616830968094,5.012312673369214,7.1087000048913485,20.910208871425382,-14.025959438255555,-0.40147389129588407,round1_20260927
blur,all,M1_byte_prop_anchored,shared,full,blur:uint8:1ch:v0,uint8:1ch,v0,baseline,validation,6400.0,6400.0,0.03188775510204082,1.2150102209610243,0.17431823303611998,0.04828653216687504,0.22225987320817794,-0.9927503477528463,-0.8170716020541956,round1_20260927
blur,all,M1_byte_prop_anchored,shared,full,blur:uint8:1ch:v1,uint8:1ch,v1,baseline,validation,25600.0,25600.0,0.12755102040816327,3.8441834373710058,0.5515272651280255,0.19638314586331515,0.8890394928327118,-2.955143944538294,-0.7687312514304167,round1_20260927
blur,all,M1_byte_prop_anchored,shared,full,blur:uint8:1ch:v2,uint8:1ch,v2,baseline,validation,65536.0,65536.0,0.32653061224489793,8.730368727555673,1.2525511506706273,0.27172290618266565,2.275941101651742,-6.45442762590393,-0.7393075627529697,round1_20260927
blur,all,M1_byte_prop_anchored,shared,full,blur:uint8:1ch:v3,uint8:1ch,v3,baseline,validation,200704.0,200704.0,1.0,27.34011817796681,3.9225028806854465,2.711696675231116,6.9700696238084605,-20.370048554158352,-0.7450607353473115,round1_20260927
blur,all,M1_byte_prop_anchored,shared,full,blur:float32:3ch:t0,float32:3ch,t0,baseline,train,12288.0,49152.0,0.24489795918367346,1.0483491250003378,0.15040726729893378,0.03674591270303875,1.7069558262388067,0.6586067012384689,0.6282322229612741,round1_20260927
blur,all,M1_byte_prop_anchored,shared,full,blur:float32:3ch:t1,float32:3ch,t1,baseline,train,27648.0,110592.0,0.5510204081632653,1.8436820114341874,0.2645141456172135,0.06273466727791303,3.8406506090373145,1.996968597603127,1.0831415532712712,round1_20260927
blur,all,M1_byte_prop_anchored,shared,full,blur:float32:3ch:t2,float32:3ch,t2,baseline,train,62208.0,248832.0,1.239795918367347,3.6912948979685702,0.5295922562035527,0.14915010047438237,8.64146387033396,4.95016897236539,1.3410386081831651,round1_20260927
blur,all,M1_byte_prop_anchored,shared,full,blur:float32:3ch:t3,float32:3ch,t3,baseline,train,110592.0,442368.0,2.204081632653061,6.354811818755606,0.9117285998189676,0.33143735002397906,15.362602436149258,9.007790617393653,1.4174755876811393,round1_20260927
blur,all,M1_byte_prop_anchored,shared,full,blur:float32:3ch:t4,float32:3ch,t4,baseline,train,150528.0,602112.0,3.0,8.053652985083016,1.1554623439589808,0.3486923652718969,20.910208871425382,12.856555886342367,1.5963632788940985,round1_20260927
blur,all,M1_byte_prop_anchored,shared,full,blur:float32:3ch:t5,float32:3ch,t5,baseline,train,248832.0,995328.0,4.959183673469388,13.679758789307186,1.9626430620692334,1.46731118031968,34.56585548133584,20.88609669202865,1.5267883749788276,round1_20260927
blur,all,M1_byte_prop_anchored,shared,full,blur:float32:3ch:t6,float32:3ch,t6,baseline,train,442368.0,1769472.0,8.816326530612244,22.97352415681597,3.2960250609753863,3.932096916964358,61.45040974459703,38.47688558778106,1.6748360123218375,round1_20260927
blur,all,M1_byte_prop_anchored,shared,full,blur:float32:3ch:t7,float32:3ch,t7,baseline,train,786432.0,3145728.0,15.673469387755102,46.09784001324697,6.613684296034194,8.616267020052662,109.24517287928363,63.147332866036656,1.3698544844593636,round1_20260927
blur,all,M1_byte_prop_anchored,shared,full,blur:float32:1ch:t0,float32:1ch,t0,baseline,train,4096.0,16384.0,0.08163265306122448,0.9094541380181909,0.1304799215938482,0.03482591234641074,0.5689852754129355,-0.34046886260525533,-0.3743661701811348,round1_20260927
blur,all,M1_byte_prop_anchored,shared,full,blur:float32:1ch:t1,float32:1ch,t1,baseline,train,9216.0,36864.0,0.1836734693877551,1.569673866033554,0.2252020353816611,0.08071105998145386,1.280216869679105,-0.2894569963544491,-0.1844058199719441,round1_20260927
blur,all,M1_byte_prop_anchored,shared,full,blur:float32:1ch:t2,float32:1ch,t2,baseline,train,20736.0,82944.0,0.413265306122449,3.2934570064147315,0.4725142192503925,0.388275348719399,2.880487956777986,-0.4129690496367453,-0.125390751672907,round1_20260927
blur,all,M1_byte_prop_anchored,shared,full,blur:float32:1ch:t3,float32:1ch,t3,baseline,train,36864.0,147456.0,0.7346938775510204,5.427929859918852,0.7787482984930386,0.2932935058184816,5.12086747871642,-0.30706238120243246,-0.05657080860050447,round1_20260927
blur,all,M1_byte_prop_anchored,shared,full,blur:float32:1ch:t4,float32:1ch,t4,baseline+control,train,50176.0,200704.0,1.0,7.029785573531197,1.0085674825282602,0.4558638882563633,6.9700696238084605,-0.05971594972273664,-0.008494704297607781,"round1_20260927,round2_20260927"
blur,all,M1_byte_prop_anchored,shared,full,blur:float32:1ch:t5,float32:1ch,t5,baseline,train,82944.0,331776.0,1.653061224489796,10.753636798632407,1.542830614187839,0.5033121751371753,11.521951827111945,0.7683150284795381,0.0714469944323625,round1_20260927
blur,all,M1_byte_prop_anchored,shared,full,blur:float32:1ch:t6,float32:1ch,t6,baseline,train,147456.0,589824.0,2.938775510204082,20.1358906048976,2.8889081015944442,2.57104706231566,20.48346991486568,0.3475793099680793,0.0172616804882491,round1_20260927
blur,all,M1_byte_prop_anchored,shared,full,blur:float32:1ch:t7,float32:1ch,t7,baseline,train,262144.0,1048576.0,5.224489795918367,35.7575117655059,5.130151303419538,7.883679370857692,36.415057626427874,0.6575458609219709,0.018389027324778335,round1_20260927
blur,all,M1_byte_prop_anchored,shared,full,blur:uint8:3ch:t0,uint8:3ch,t0,baseline,train,12288.0,12288.0,0.061224489795918366,1.0712821696264048,0.15369748473775705,0.0410198445822618,0.4267389565597017,-0.644543213066703,-0.6016558767999274,round1_20260927
blur,all,M1_byte_prop_anchored,shared,full,blur:uint8:3ch:t1,uint8:3ch,t1,baseline,train,27648.0,27648.0,0.1377551020408163,1.9797924424832065,0.2840419894401921,0.12646178977759875,0.9601626522593286,-1.019629790223878,-0.5150185283791571,round1_20260927
blur,all,M1_byte_prop_anchored,shared,full,blur:uint8:3ch:t2,uint8:3ch,t2,baseline,train,62208.0,62208.0,0.30994897959183676,3.83606736936296,0.5503628480639086,0.15714367686731243,2.16036596758349,-1.6757014017794702,-0.4368279387277151,round1_20260927
blur,all,M1_byte_prop_anchored,shared,full,blur:uint8:3ch:t3,uint8:3ch,t3,baseline,train,110592.0,110592.0,0.5510204081632653,6.463222950089908,0.9272824087743315,0.275821958130395,3.8406506090373145,-2.6225723410525936,-0.40576850919495383,round1_20260927
blur,all,M1_byte_prop_anchored,shared,full,blur:uint8:3ch:t4,uint8:3ch,t4,baseline,train,150528.0,150528.0,0.75,8.28813892810605,1.1891041805085147,0.3435839157031051,5.227552217856346,-3.060586710249705,-0.3692730945750555,round1_20260927
blur,all,M1_byte_prop_anchored,shared,full,blur:uint8:3ch:t5,uint8:3ch,t5,baseline,train,248832.0,248832.0,1.239795918367347,13.614195286021072,1.9532366275822433,0.8814041685975825,8.64146387033396,-4.972731415687113,-0.3652607672517425,round1_20260927
blur,all,M1_byte_prop_anchored,shared,full,blur:uint8:3ch:t6,uint8:3ch,t6,baseline,train,442368.0,442368.0,2.204081632653061,25.57327558770781,3.6690129321455065,3.8829657858260527,15.362602436149258,-10.21067315155855,-0.3992712281435887,round1_20260927
blur,all,M1_byte_prop_anchored,shared,full,blur:uint8:3ch:t7,uint8:3ch,t7,baseline+control,train,786432.0,786432.0,3.9183673469387754,49.006240244766325,7.030954192676947,14.922060361806185,27.311293219820907,-21.694947024945417,-0.4426976425162988,"round1_20260927,round2_20260927"
blur,all,M1_byte_prop_anchored,shared,full,blur:uint8:1ch:t0,uint8:1ch,t0,baseline,train,4096.0,4096.0,0.02040816326530612,0.9265565367725989,0.13293361283044494,0.027837861277773945,0.14224631885323388,-0.784310217919365,-0.8464785329250287,round1_20260927
blur,all,M1_byte_prop_anchored,shared,full,blur:uint8:1ch:t1,uint8:1ch,t1,baseline,train,9216.0,9216.0,0.04591836734693878,1.6183962843691309,0.23219226947762334,0.0911290635168446,0.32005421741977624,-1.2983420669493546,-0.8022398960557815,round1_20260927
blur,all,M1_byte_prop_anchored,shared,full,blur:uint8:1ch:t2,uint8:1ch,t2,baseline,train,20736.0,20736.0,0.10331632653061225,3.1958938615086177,0.45851677730621787,0.15448296823884033,0.7201219891944965,-2.4757718723141213,-0.7746727455915686,round1_20260927
blur,all,M1_byte_prop_anchored,shared,full,blur:uint8:1ch:t3,uint8:1ch,t3,baseline,train,36864.0,36864.0,0.1836734693877551,5.3986620491681,0.7745492284219478,0.31485857561902836,1.280216869679105,-4.118445179488995,-0.7628640470509951,round1_20260927
blur,all,M1_byte_prop_anchored,shared,full,blur:uint8:1ch:t4,uint8:1ch,t4,baseline,train,50176.0,50176.0,0.25,7.10466499632507,1.0193104774817252,0.5025019416095186,1.7425174059521151,-5.362147590372955,-0.7547361618241758,round1_20260927
blur,all,M1_byte_prop_anchored,shared,full,blur:uint8:1ch:t5,uint8:1ch,t5,baseline,train,82944.0,82944.0,0.413265306122449,10.925367324182128,1.5674688939782047,0.5011305180958722,2.880487956777986,-8.044879367404143,-0.7363486397018126,round1_20260927
blur,all,M1_byte_prop_anchored,shared,full,blur:uint8:1ch:t6,uint8:1ch,t6,baseline,train,147456.0,147456.0,0.7346938775510204,19.51089357088386,2.799239408490021,2.173292364389319,5.12086747871642,-14.390026092167439,-0.7375380343236406,round1_20260927
blur,all,M1_byte_prop_anchored,shared,full,blur:uint8:1ch:t7,uint8:1ch,t7,baseline,train,262144.0,262144.0,1.3061224489795917,35.97761032850886,5.161728974071656,8.146301882208311,9.103764406606969,-26.87384592190189,-0.7469602810336434,round1_20260927
blur,all,M2_byte_affine,shared,full,blur:float32:3ch:v0,float32:3ch,v0,baseline,validation,19200.0,76800.0,0.3826530612244898,1.4147147295686107,0.20296995667535492,0.06418250265726357,7.440098127535457,6.025383397966846,4.259080132574973,round1_20260927
blur,all,M2_byte_affine,shared,full,blur:float32:3ch:v1,float32:3ch,v1,baseline,validation,76800.0,307200.0,1.530612244897959,4.437902649709334,0.6367085107084561,0.2178509538628073,10.844496560852637,6.406593911143303,1.4436084828410807,round1_20260927
blur,all,M2_byte_affine,shared,full,blur:float32:3ch:v2,float32:3ch,v2,baseline,validation,196608.0,786432.0,3.9183673469387754,10.517050672479831,1.5088874631259843,0.37945345137134495,17.925645302152372,7.408594629672541,0.7044365250667426,round1_20260927
blur,all,M2_byte_affine,shared,full,blur:float32:3ch:v3,float32:3ch,v3,baseline,validation,602112.0,2408448.0,12.0,33.36427419073984,4.786792096993363,8.169013764587627,41.89261027270531,8.52833608196547,0.2556128160681669,round1_20260927
blur,all,M2_byte_affine,shared,full,blur:float32:1ch:v0,float32:1ch,v0,baseline,validation,6400.0,25600.0,0.12755102040816327,1.1934437051725884,0.17122407229563485,0.048191525063303965,6.683565142353861,5.490121437181273,4.600234944795595,round1_20260927
blur,all,M2_byte_affine,shared,full,blur:float32:1ch:v1,float32:1ch,v1,baseline,validation,25600.0,102400.0,0.5102040816326531,3.7802832069185874,0.5423594613755139,0.1966417652043313,7.818364620126254,4.038081413207667,1.0681954743013071,round1_20260927
blur,all,M2_byte_affine,shared,full,blur:float32:1ch:v2,float32:1ch,v2,baseline,validation,65536.0,262144.0,1.3061224489795917,8.652812834201884,1.2414241609073007,0.2579124643561535,10.178747533892832,1.5259346996909482,0.17635128933557906,round1_20260927
blur,all,M2_byte_affine,shared,full,blur:float32:1ch:v3,float32:1ch,v3,baseline,validation,200704.0,802816.0,4.0,24.823284669959218,3.561411292818008,4.824201549280144,18.16773585741048,-6.655548812548737,-0.2681171690627706,round1_20260927
blur,all,M2_byte_affine,shared,full,blur:uint8:3ch:v0,uint8:3ch,v0,baseline,validation,19200.0,19200.0,0.09566326530612244,1.4769610506482422,0.21190047307464738,0.04042047029498749,6.588998519206162,5.1120374685579195,3.4611863774703013,round1_20260927
blur,all,M2_byte_affine,shared,full,blur:uint8:3ch:v1,uint8:3ch,v1,baseline,validation,76800.0,76800.0,0.3826530612244898,4.636861905455589,0.6652533124801124,0.22551869406541783,7.440098127535457,2.8032362220798674,0.6045546059462469,round1_20260927
blur,all,M2_byte_affine,shared,full,blur:uint8:3ch:v2,uint8:3ch,v2,baseline,validation,196608.0,196608.0,0.9795918367346939,10.64690839026251,1.5275182264886784,0.4745540558530487,9.21038531286039,-1.4365230774021196,-0.1349239633465749,round1_20260927
blur,all,M2_byte_affine,shared,full,blur:uint8:3ch:v3,uint8:3ch,v3,baseline,validation,602112.0,602112.0,3.0,34.93616830968094,5.012312673369214,7.1087000048913485,15.202126555498626,-19.73404175418231,-0.564859934817578,round1_20260927
blur,all,M2_byte_affine,shared,full,blur:uint8:1ch:v0,uint8:1ch,v0,baseline,validation,6400.0,6400.0,0.03188775510204082,1.2150102209610243,0.17431823303611998,0.04828653216687504,6.399865272910763,5.1848550519497385,4.267334514971179,round1_20260927
blur,all,M2_byte_affine,shared,full,blur:uint8:1ch:v1,uint8:1ch,v1,baseline,validation,25600.0,25600.0,0.12755102040816327,3.8441834373710058,0.5515272651280255,0.19638314586331515,6.683565142353861,2.839381704982855,0.7386176417545456,round1_20260927
blur,all,M2_byte_affine,shared,full,blur:uint8:1ch:v2,uint8:1ch,v2,baseline,validation,65536.0,65536.0,0.32653061224489793,8.730368727555673,1.2525511506706273,0.27172290618266565,7.2736608707955055,-1.4567078567601675,-0.16685525001508342,round1_20260927
blur,all,M2_byte_affine,shared,full,blur:uint8:1ch:v3,uint8:1ch,v3,baseline,validation,200704.0,200704.0,1.0,27.34011817796681,3.9225028806854465,2.711696675231116,9.270907951674918,-18.069210226291894,-0.6609046130917506,round1_20260927
blur,all,M2_byte_affine,shared,full,blur:float32:3ch:t0,float32:3ch,t0,baseline,train,12288.0,49152.0,0.24489795918367346,1.0483491250003378,0.15040726729893378,0.03674591270303875,7.031570315537396,5.983221190537058,5.707279233466361,round1_20260927
blur,all,M2_byte_affine,shared,full,blur:float32:3ch:t1,float32:3ch,t1,baseline,train,27648.0,110592.0,0.5510204081632653,1.8436820114341874,0.2645141456172135,0.06273466727791303,7.93940989775531,6.095727886321122,3.306279417229492,round1_20260927
blur,all,M2_byte_affine,shared,full,blur:float32:3ch:t2,float32:3ch,t2,baseline,train,62208.0,248832.0,1.239795918367347,3.6912948979685702,0.5295922562035527,0.14915010047438237,9.982048957745619,6.290754059777049,1.7042133542998796,round1_20260927
blur,all,M2_byte_affine,shared,full,blur:float32:3ch:t3,float32:3ch,t3,baseline,train,110592.0,442368.0,2.204081632653061,6.354811818755606,0.9117285998189676,0.33143735002397906,12.841743641732048,6.486931822976442,1.0207905454935575,round1_20260927
blur,all,M2_byte_affine,shared,full,blur:float32:3ch:t4,float32:3ch,t4,baseline,train,150528.0,602112.0,3.0,8.053652985083016,1.1554623439589808,0.3486923652718969,15.202126555498626,7.148473570415611,0.8876063549864913,round1_20260927
blur,all,M2_byte_affine,shared,full,blur:float32:3ch:t5,float32:3ch,t5,baseline,train,248832.0,995328.0,4.959183673469388,13.679758789307186,1.9626430620692334,1.46731118031968,21.01229988169328,7.332541092386094,0.5360139170083607,round1_20260927
blur,all,M2_byte_affine,shared,full,blur:float32:3ch:t6,float32:3ch,t6,baseline,train,442368.0,1769472.0,8.816326530612244,22.97352415681597,3.2960250609753863,3.932096916964358,32.451078617639006,9.477554460823036,0.4125424726363177,round1_20260927
blur,all,M2_byte_affine,shared,full,blur:float32:3ch:t7,float32:3ch,t7,baseline,train,786432.0,3145728.0,15.673469387755102,46.09784001324697,6.613684296034194,8.616267020052662,52.78668525932029,6.6888452460733205,0.1451010555841916,round1_20260927
blur,all,M2_byte_affine,shared,full,blur:float32:1ch:t0,float32:1ch,t0,baseline,train,4096.0,16384.0,0.08163265306122448,0.9094541380181909,0.1304799215938482,0.03482591234641074,6.547389205021174,5.637935067002983,6.199251651423256,round1_20260927
blur,all,M2_byte_affine,shared,full,blur:float32:1ch:t1,float32:1ch,t1,baseline,train,9216.0,36864.0,0.1836734693877551,1.569673866033554,0.2252020353816611,0.08071105998145386,6.850002399093812,5.280328533060258,3.363965373522619,round1_20260927
blur,all,M2_byte_affine,shared,full,blur:float32:1ch:t2,float32:1ch,t2,baseline,train,20736.0,82944.0,0.413265306122449,3.2934570064147315,0.4725142192503925,0.388275348719399,7.5308820857572485,4.2374250793425166,1.2866192183742493,round1_20260927
blur,all,M2_byte_affine,shared,full,blur:float32:1ch:t3,float32:1ch,t3,baseline,train,36864.0,147456.0,0.7346938775510204,5.427929859918852,0.7787482984930386,0.2932935058184816,8.484113647086058,3.056183787167206,0.5630477670197632,round1_20260927
blur,all,M2_byte_affine,shared,full,blur:float32:1ch:t4,float32:1ch,t4,baseline+control,train,50176.0,200704.0,1.0,7.029785573531197,1.0085674825282602,0.4558638882563633,9.270907951674918,2.2411223781437206,0.3188038034306588,"round1_20260927,round2_20260927"
blur,all,M2_byte_affine,shared,full,blur:float32:1ch:t5,float32:1ch,t5,baseline,train,82944.0,331776.0,1.653061224489796,10.753636798632407,1.542830614187839,0.5033121751371753,11.207632393739804,0.45399559510739707,0.042217865788914684,round1_20260927
blur,all,M2_byte_affine,shared,full,blur:float32:1ch:t6,float32:1ch,t6,baseline,train,147456.0,589824.0,2.938775510204082,20.1358906048976,2.8889081015944442,2.57104706231566,15.020558639055045,-5.115331965842556,-0.2540405123475575,round1_20260927
blur,all,M2_byte_affine,shared,full,blur:float32:1ch:t7,float32:1ch,t7,baseline,train,262144.0,1048576.0,5.224489795918367,35.7575117655059,5.130151303419538,7.883679370857692,21.79909418628214,-13.958417579223763,-0.3903632241180996,round1_20260927
blur,all,M2_byte_affine,shared,full,blur:uint8:3ch:t0,uint8:3ch,t0,baseline,train,12288.0,12288.0,0.061224489795918366,1.0712821696264048,0.15369748473775705,0.0410198445822618,6.486866566206646,5.4155843965802415,5.055236192784627,round1_20260927
blur,all,M2_byte_affine,shared,full,blur:uint8:3ch:t1,uint8:3ch,t1,baseline,train,27648.0,27648.0,0.1377551020408163,1.9797924424832065,0.2840419894401921,0.12646178977759875,6.713826461761125,4.734034019277919,2.391176932335459,round1_20260927
blur,all,M2_byte_affine,shared,full,blur:uint8:3ch:t2,uint8:3ch,t2,baseline,train,62208.0,62208.0,0.30994897959183676,3.83606736936296,0.5503628480639086,0.15714367686731243,7.224486226758702,3.388418857395742,0.8833053570585344,round1_20260927
blur,all,M2_byte_affine,shared,full,blur:uint8:3ch:t3,uint8:3ch,t3,baseline,train,110592.0,110592.0,0.5510204081632653,6.463222950089908,0.9272824087743315,0.275821958130395,7.93940989775531,1.4761869476654015,0.22839796167713303,round1_20260927
blur,all,M2_byte_affine,shared,full,blur:uint8:3ch:t4,uint8:3ch,t4,baseline,train,150528.0,150528.0,0.75,8.28813892810605,1.1891041805085147,0.3435839157031051,8.529505626196954,0.2413666980909035,0.029121941630635646,round1_20260927
blur,all,M2_byte_affine,shared,full,blur:uint8:3ch:t5,uint8:3ch,t5,baseline,train,248832.0,248832.0,1.239795918367347,13.614195286021072,1.9532366275822433,0.8814041685975825,9.982048957745619,-3.6321463282754536,-0.2667911141251887,round1_20260927
blur,all,M2_byte_affine,shared,full,blur:uint8:3ch:t6,uint8:3ch,t6,baseline,train,442368.0,442368.0,2.204081632653061,25.57327558770781,3.6690129321455065,3.8829657858260527,12.841743641732048,-12.73153194597576,-0.49784517835076897,round1_20260927
blur,all,M2_byte_affine,shared,full,blur:uint8:3ch:t7,uint8:3ch,t7,baseline+control,train,786432.0,786432.0,3.9183673469387754,49.006240244766325,7.030954192676947,14.922060361806185,17.925645302152372,-31.080594942613953,-0.6342170871990784,"round1_20260927,round2_20260927"
blur,all,M2_byte_affine,shared,full,blur:uint8:1ch:t0,uint8:1ch,t0,baseline,train,4096.0,4096.0,0.02040816326530612,0.9265565367725989,0.13293361283044494,0.027837861277773945,6.365821288577591,5.439264751804992,5.870407833666743,round1_20260927
blur,all,M2_byte_affine,shared,full,blur:uint8:1ch:t1,uint8:1ch,t1,baseline,train,9216.0,9216.0,0.04591836734693878,1.6183962843691309,0.23219226947762334,0.0911290635168446,6.441474587095751,4.82307830272662,2.9801590310785415,round1_20260927
blur,all,M2_byte_affine,shared,full,blur:uint8:1ch:t2,uint8:1ch,t2,baseline,train,20736.0,20736.0,0.10331632653061225,3.1958938615086177,0.45851677730621787,0.15448296823884033,6.61169450876161,3.415800647252992,1.0688091642819977,round1_20260927
blur,all,M2_byte_affine,shared,full,blur:uint8:1ch:t3,uint8:1ch,t3,baseline,train,36864.0,36864.0,0.1836734693877551,5.3986620491681,0.7745492284219478,0.31485857561902836,6.850002399093812,1.4513403499257125,0.268833339947507,round1_20260927
blur,all,M2_byte_affine,shared,full,blur:uint8:1ch:t4,uint8:1ch,t4,baseline,train,50176.0,50176.0,0.25,7.10466499632507,1.0193104774817252,0.5025019416095186,7.046700975241027,-0.05796402108404308,-0.008158586099981536,round1_20260927
blur,all,M2_byte_affine,shared,full,blur:uint8:1ch:t5,uint8:1ch,t5,baseline,train,82944.0,82944.0,0.413265306122449,10.925367324182128,1.5674688939782047,0.5011305180958722,7.5308820857572485,-3.3944852384248794,-0.31069758459393404,round1_20260927
blur,all,M2_byte_affine,shared,full,blur:uint8:1ch:t6,uint8:1ch,t6,baseline,train,147456.0,147456.0,0.7346938775510204,19.51089357088386,2.799239408490021,2.173292364389319,8.484113647086058,-11.0267799237978,-0.5651601698167779,round1_20260927
blur,all,M2_byte_affine,shared,full,blur:uint8:1ch:t7,uint8:1ch,t7,baseline,train,262144.0,262144.0,1.3061224489795917,35.97761032850886,5.161728974071656,8.146301882208311,10.178747533892832,-25.798862794616028,-0.7170810556634681,round1_20260927
blur,all,M3_element_prop,shared,full,blur:float32:3ch:v0,float32:3ch,v0,baseline,validation,19200.0,76800.0,0.3826530612244898,1.4147147295686107,0.20296995667535492,0.06418250265726357,1.2762158083767507,-0.13849892119185991,-0.0978988330983819,round1_20260927
blur,all,M3_element_prop,shared,full,blur:float32:3ch:v1,float32:3ch,v1,baseline,validation,76800.0,307200.0,1.530612244897959,4.437902649709334,0.6367085107084561,0.2178509538628073,5.104863233507003,0.6669605837976693,0.15028733986342688,round1_20260927
blur,all,M3_element_prop,shared,full,blur:float32:3ch:v2,float32:3ch,v2,baseline,validation,196608.0,786432.0,3.9183673469387754,10.517050672479831,1.5088874631259843,0.37945345137134495,13.06844987777793,2.5513992052980985,0.24259645453400674,round1_20260927
blur,all,M3_element_prop,shared,full,blur:float32:3ch:v3,float32:3ch,v3,baseline,validation,602112.0,2408448.0,12.0,33.36427419073984,4.786792096993363,8.169013764587627,40.02212775069491,6.657853559955065,0.19955037900398664,round1_20260927
blur,all,M3_element_prop,shared,full,blur:float32:1ch:v0,float32:1ch,v0,baseline,validation,6400.0,25600.0,0.12755102040816327,1.1934437051725884,0.17122407229563485,0.048191525063303965,0.42540526945891693,-0.7680384357136714,-0.6435481056918411,round1_20260927
blur,all,M3_element_prop,shared,full,blur:float32:1ch:v1,float32:1ch,v1,baseline,validation,25600.0,102400.0,0.5102040816326531,3.7802832069185874,0.5423594613755139,0.1966417652043313,1.7016210778356677,-2.07866212908292,-0.5498694185871049,round1_20260927
blur,all,M3_element_prop,shared,full,blur:float32:1ch:v2,float32:1ch,v2,baseline,validation,65536.0,262144.0,1.3061224489795917,8.652812834201884,1.2414241609073007,0.2579124643561535,4.35614995925931,-4.296662874942574,-0.4965625580111012,round1_20260927
blur,all,M3_element_prop,shared,full,blur:float32:1ch:v3,float32:1ch,v3,baseline,validation,200704.0,802816.0,4.0,24.823284669959218,3.561411292818008,4.824201549280144,13.340709250231635,-11.482575419727583,-0.4625727647406643,round1_20260927
blur,all,M3_element_prop,shared,full,blur:uint8:3ch:v0,uint8:3ch,v0,baseline,validation,19200.0,19200.0,0.09566326530612244,1.4769610506482422,0.21190047307464738,0.04042047029498749,1.2762158083767507,-0.2007452422714915,-0.1359177631552192,round1_20260927
blur,all,M3_element_prop,shared,full,blur:uint8:3ch:v1,uint8:3ch,v1,baseline,validation,76800.0,76800.0,0.3826530612244898,4.636861905455589,0.6652533124801124,0.22551869406541783,5.104863233507003,0.4680013280514137,0.10093061591952474,round1_20260927
blur,all,M3_element_prop,shared,full,blur:uint8:3ch:v2,uint8:3ch,v2,baseline,validation,196608.0,196608.0,0.9795918367346939,10.64690839026251,1.5275182264886784,0.4745540558530487,13.06844987777793,2.4215414875154195,0.2274408118069394,round1_20260927
blur,all,M3_element_prop,shared,full,blur:uint8:3ch:v3,uint8:3ch,v3,baseline,validation,602112.0,602112.0,3.0,34.93616830968094,5.012312673369214,7.1087000048913485,40.02212775069491,5.085959441013969,0.1455786277399125,round1_20260927
blur,all,M3_element_prop,shared,full,blur:uint8:1ch:v0,uint8:1ch,v0,baseline,validation,6400.0,6400.0,0.03188775510204082,1.2150102209610243,0.17431823303611998,0.04828653216687504,0.42540526945891693,-0.7896049515021073,-0.649875151566677,round1_20260927
blur,all,M3_element_prop,shared,full,blur:uint8:1ch:v1,uint8:1ch,v1,baseline,validation,25600.0,25600.0,0.12755102040816327,3.8441834373710058,0.5515272651280255,0.19638314586331515,1.7016210778356677,-2.1425623595353382,-0.557351748281974,round1_20260927
blur,all,M3_element_prop,shared,full,blur:uint8:1ch:v2,uint8:1ch,v2,baseline,validation,65536.0,65536.0,0.32653061224489793,8.730368727555673,1.2525511506706273,0.27172290618266565,4.35614995925931,-4.374218768296363,-0.5010348250801838,round1_20260927
blur,all,M3_element_prop,shared,full,blur:uint8:1ch:v3,uint8:1ch,v3,baseline,validation,200704.0,200704.0,1.0,27.34011817796681,3.9225028806854465,2.711696675231116,13.340709250231635,-13.999408927735177,-0.5120463941160719,round1_20260927
blur,all,M3_element_prop,shared,full,blur:float32:3ch:t0,float32:3ch,t0,baseline,train,12288.0,49152.0,0.24489795918367346,1.0483491250003378,0.15040726729893378,0.03674591270303875,0.8167781173611206,-0.23157100763921723,-0.2208911154851611,round1_20260927
blur,all,M3_element_prop,shared,full,blur:float32:3ch:t1,float32:3ch,t1,baseline,train,27648.0,110592.0,0.5510204081632653,1.8436820114341874,0.2645141456172135,0.06273466727791303,1.8377507640625212,-0.005931247371666171,-0.0032170663568238077,round1_20260927
blur,all,M3_element_prop,shared,full,blur:float32:3ch:t2,float32:3ch,t2,baseline,train,62208.0,248832.0,1.239795918367347,3.6912948979685702,0.5295922562035527,0.14915010047438237,4.134939219140673,0.4436443211721026,0.1201866373277988,round1_20260927
blur,all,M3_element_prop,shared,full,blur:float32:3ch:t3,float32:3ch,t3,baseline,train,110592.0,442368.0,2.204081632653061,6.354811818755606,0.9117285998189676,0.33143735002397906,7.351003056250085,0.9961912374944788,0.15676172102442398,round1_20260927
blur,all,M3_element_prop,shared,full,blur:float32:3ch:t4,float32:3ch,t4,baseline,train,150528.0,602112.0,3.0,8.053652985083016,1.1554623439589808,0.3486923652718969,10.005531937673727,1.951878952590711,0.24235945554222205,round1_20260927
blur,all,M3_element_prop,shared,full,blur:float32:3ch:t5,float32:3ch,t5,baseline,train,248832.0,995328.0,4.959183673469388,13.679758789307186,1.9626430620692334,1.46731118031968,16.53975687656269,2.859998087255505,0.2090678740250178,round1_20260927
blur,all,M3_element_prop,shared,full,blur:float32:3ch:t6,float32:3ch,t6,baseline,train,442368.0,1769472.0,8.816326530612244,22.97352415681597,3.2960250609753863,3.932096916964358,29.40401222500034,6.430488068184371,0.27990864720145786,round1_20260927
blur,all,M3_element_prop,shared,full,blur:float32:3ch:t7,float32:3ch,t7,baseline,train,786432.0,3145728.0,15.673469387755102,46.09784001324697,6.613684296034194,8.616267020052662,52.27379951111172,6.175959497864746,0.1339750299816647,round1_20260927
blur,all,M3_element_prop,shared,full,blur:float32:1ch:t0,float32:1ch,t0,baseline,train,4096.0,16384.0,0.08163265306122448,0.9094541380181909,0.1304799215938482,0.03482591234641074,0.27225937245370685,-0.6371947655644841,-0.700634302410243,round1_20260927
blur,all,M3_element_prop,shared,full,blur:float32:1ch:t1,float32:1ch,t1,baseline,train,9216.0,36864.0,0.1836734693877551,1.569673866033554,0.2252020353816611,0.08071105998145386,0.6125835880208405,-0.9570902780127136,-0.6097383021552163,round1_20260927
blur,all,M3_element_prop,shared,full,blur:float32:1ch:t2,float32:1ch,t2,baseline,train,20736.0,82944.0,0.413265306122449,3.2934570064147315,0.4725142192503925,0.388275348719399,1.3783130730468909,-1.9151439333678406,-0.5814996004616659,round1_20260927
blur,all,M3_element_prop,shared,full,blur:float32:1ch:t3,float32:1ch,t3,baseline,train,36864.0,147456.0,0.7346938775510204,5.427929859918852,0.7787482984930386,0.2932935058184816,2.450334352083362,-2.9775955078354905,-0.5485692675991959,round1_20260927
blur,all,M3_element_prop,shared,full,blur:float32:1ch:t4,float32:1ch,t4,baseline+control,train,50176.0,200704.0,1.0,7.029785573531197,1.0085674825282602,0.4558638882563633,3.3351773125579087,-3.6946082609732884,-0.5255648586045585,"round1_20260927,round2_20260927"
blur,all,M3_element_prop,shared,full,blur:float32:1ch:t5,float32:1ch,t5,baseline,train,82944.0,331776.0,1.653061224489796,10.753636798632407,1.542830614187839,0.5033121751371753,5.5132522921875635,-5.240384506444843,-0.4873127672594716,round1_20260927
blur,all,M3_element_prop,shared,full,blur:float32:1ch:t6,float32:1ch,t6,baseline,train,147456.0,589824.0,2.938775510204082,20.1358906048976,2.8889081015944442,2.57104706231566,9.801337408333447,-10.334553196564153,-0.5132404321888056,round1_20260927
blur,all,M3_element_prop,shared,full,blur:float32:1ch:t7,float32:1ch,t7,baseline,train,262144.0,1048576.0,5.224489795918367,35.7575117655059,5.130151303419538,7.883679370857692,17.42459983703724,-18.332911928468665,-0.5127009968896612,round1_20260927
blur,all,M3_element_prop,shared,full,blur:uint8:3ch:t0,uint8:3ch,t0,baseline,train,12288.0,12288.0,0.061224489795918366,1.0712821696264048,0.15369748473775705,0.0410198445822618,0.8167781173611206,-0.25450405226528416,-0.23756957735424555,round1_20260927
blur,all,M3_element_prop,shared,full,blur:uint8:3ch:t1,uint8:3ch,t1,baseline,train,27648.0,27648.0,0.1377551020408163,1.9797924424832065,0.2840419894401921,0.12646178977759875,1.8377507640625212,-0.14204167842068527,-0.07174574231757637,round1_20260927
blur,all,M3_element_prop,shared,full,blur:uint8:3ch:t2,uint8:3ch,t2,baseline,train,62208.0,62208.0,0.30994897959183676,3.83606736936296,0.5503628480639086,0.15714367686731243,4.134939219140673,0.29887184977771275,0.07791100129384462,round1_20260927
blur,all,M3_element_prop,shared,full,blur:uint8:3ch:t3,uint8:3ch,t3,baseline,train,110592.0,110592.0,0.5510204081632653,6.463222950089908,0.9272824087743315,0.275821958130395,7.351003056250085,0.8877801061601769,0.13735873155169856,round1_20260927
blur,all,M3_element_prop,shared,full,blur:uint8:3ch:t4,uint8:3ch,t4,baseline,train,150528.0,150528.0,0.75,8.28813892810605,1.1891041805085147,0.3435839157031051,10.005531937673727,1.717393009567676,0.20721093413912198,round1_20260927
blur,all,M3_element_prop,shared,full,blur:uint8:3ch:t5,uint8:3ch,t5,baseline,train,248832.0,248832.0,1.239795918367347,13.614195286021072,1.9532366275822433,0.8814041685975825,16.53975687656269,2.9255615905416192,0.2148905263277337,round1_20260927
blur,all,M3_element_prop,shared,full,blur:uint8:3ch:t6,uint8:3ch,t6,baseline,train,442368.0,442368.0,2.204081632653061,25.57327558770781,3.6690129321455065,3.8829657858260527,29.40401222500034,3.8307366372925316,0.14979452374625934,round1_20260927
blur,all,M3_element_prop,shared,full,blur:uint8:3ch:t7,uint8:3ch,t7,baseline+control,train,786432.0,786432.0,3.9183673469387754,49.006240244766325,7.030954192676947,14.922060361806185,52.27379951111172,3.267559266345394,0.0666763916192154,"round1_20260927,round2_20260927"
blur,all,M3_element_prop,shared,full,blur:uint8:1ch:t0,uint8:1ch,t0,baseline,train,4096.0,4096.0,0.02040816326530612,0.9265565367725989,0.13293361283044494,0.027837861277773945,0.27225937245370685,-0.654297164318892,-0.7061600003362488,round1_20260927
blur,all,M3_element_prop,shared,full,blur:uint8:1ch:t1,uint8:1ch,t1,baseline,train,9216.0,9216.0,0.04591836734693878,1.6183962843691309,0.23219226947762334,0.0911290635168446,0.6125835880208405,-1.0058126963482903,-0.6214872748180879,round1_20260927
blur,all,M3_element_prop,shared,full,blur:uint8:1ch:t2,uint8:1ch,t2,baseline,train,20736.0,20736.0,0.10331632653061225,3.1958938615086177,0.45851677730621787,0.15448296823884033,1.3783130730468909,-1.8175807884617268,-0.5687237646883992,round1_20260927
blur,all,M3_element_prop,shared,full,blur:uint8:1ch:t3,uint8:1ch,t3,baseline,train,36864.0,36864.0,0.1836734693877551,5.3986620491681,0.7745492284219478,0.31485857561902836,2.450334352083362,-2.948327697084738,-0.546121922475043,round1_20260927
blur,all,M3_element_prop,shared,full,blur:uint8:1ch:t4,uint8:1ch,t4,baseline,train,50176.0,50176.0,0.25,7.10466499632507,1.0193104774817252,0.5025019416095186,3.3351773125579087,-3.7694876837671614,-0.5305651548267162,round1_20260927
blur,all,M3_element_prop,shared,full,blur:uint8:1ch:t5,uint8:1ch,t5,baseline,train,82944.0,82944.0,0.413265306122449,10.925367324182128,1.5674688939782047,0.5011305180958722,5.5132522921875635,-5.412115031994564,-0.49537144806247646,round1_20260927
blur,all,M3_element_prop,shared,full,blur:uint8:1ch:t6,uint8:1ch,t6,baseline,train,147456.0,147456.0,0.7346938775510204,19.51089357088386,2.799239408490021,2.173292364389319,9.801337408333447,-9.709556162550411,-0.4976479486844211,round1_20260927
blur,all,M3_element_prop,shared,full,blur:uint8:1ch:t7,uint8:1ch,t7,baseline,train,262144.0,262144.0,1.3061224489795917,35.97761032850886,5.161728974071656,8.146301882208311,17.42459983703724,-18.55301049147162,-0.5156821234669416,round1_20260927
blur,all,M4_element_affine,shared,full,blur:float32:3ch:v0,float32:3ch,v0,baseline,validation,19200.0,76800.0,0.3826530612244898,1.4147147295686107,0.20296995667535492,0.06418250265726357,3.963823457629778,2.5491087280611673,1.801853529042189,round1_20260927
blur,all,M4_element_affine,shared,full,blur:float32:3ch:v1,float32:3ch,v1,baseline,validation,76800.0,307200.0,1.530612244897959,4.437902649709334,0.6367085107084561,0.2178509538628073,7.400896455165904,2.9629938054565708,0.667656332130367,round1_20260927
blur,all,M4_element_affine,shared,full,blur:float32:3ch:v2,float32:3ch,v2,baseline,validation,196608.0,786432.0,3.9183673469387754,10.517050672479831,1.5088874631259843,0.37945345137134495,14.550008290041045,4.032957617561214,0.38346849731496796,round1_20260927
blur,all,M4_element_affine,shared,full,blur:float32:3ch:v3,float32:3ch,v3,baseline,validation,602112.0,2408448.0,12.0,33.36427419073984,4.786792096993363,8.169013764587627,38.74700219269537,5.3827280019555275,0.16133208746526512,round1_20260927
blur,all,M4_element_affine,shared,full,blur:float32:1ch:v0,float32:1ch,v0,baseline,validation,6400.0,25600.0,0.12755102040816327,1.1934437051725884,0.17122407229563485,0.048191525063303965,3.200029458177306,2.0065857530047175,1.6813409332236058,round1_20260927
blur,all,M4_element_affine,shared,full,blur:float32:1ch:v1,float32:1ch,v1,baseline,validation,25600.0,102400.0,0.5102040816326531,3.7802832069185874,0.5423594613755139,0.1966417652043313,4.345720457356014,0.565437250437427,0.14957536763451393,round1_20260927
blur,all,M4_element_affine,shared,full,blur:float32:1ch:v2,float32:1ch,v2,baseline,validation,65536.0,262144.0,1.3061224489795917,8.652812834201884,1.2414241609073007,0.2579124643561535,6.728757735647728,-1.9240550985541551,-0.22236180712807777,round1_20260927
blur,all,M4_element_affine,shared,full,blur:float32:1ch:v3,float32:1ch,v3,baseline,validation,200704.0,802816.0,4.0,24.823284669959218,3.561411292818008,4.824201549280144,14.794422369865837,-10.028862300093381,-0.4040102844338794,round1_20260927
blur,all,M4_element_affine,shared,full,blur:uint8:3ch:v0,uint8:3ch,v0,baseline,validation,19200.0,19200.0,0.09566326530612244,1.4769610506482422,0.21190047307464738,0.04042047029498749,3.963823457629778,2.486862406981536,1.6837697960213949,round1_20260927
blur,all,M4_element_affine,shared,full,blur:uint8:3ch:v1,uint8:3ch,v1,baseline,validation,76800.0,76800.0,0.3826530612244898,4.636861905455589,0.6652533124801124,0.22551869406541783,7.400896455165904,2.764034549710315,0.5961002518660814,round1_20260927
blur,all,M4_element_affine,shared,full,blur:uint8:3ch:v2,uint8:3ch,v2,baseline,validation,196608.0,196608.0,0.9795918367346939,10.64690839026251,1.5275182264886784,0.4745540558530487,14.550008290041045,3.9030998997785353,0.36659467299899445,round1_20260927
blur,all,M4_element_affine,shared,full,blur:uint8:3ch:v3,uint8:3ch,v3,baseline,validation,602112.0,602112.0,3.0,34.93616830968094,5.012312673369214,7.1087000048913485,38.74700219269537,3.810833883014432,0.10907990393320942,round1_20260927
blur,all,M4_element_affine,shared,full,blur:uint8:1ch:v0,uint8:1ch,v0,baseline,validation,6400.0,6400.0,0.03188775510204082,1.2150102209610243,0.17431823303611998,0.04828653216687504,3.200029458177306,1.9850192372162818,1.6337469454752498,round1_20260927
blur,all,M4_element_affine,shared,full,blur:uint8:1ch:v1,uint8:1ch,v1,baseline,validation,25600.0,25600.0,0.12755102040816327,3.8441834373710058,0.5515272651280255,0.19638314586331515,4.345720457356014,0.5015370199850087,0.13046646398539302,round1_20260927
blur,all,M4_element_affine,shared,full,blur:uint8:1ch:v2,uint8:1ch,v2,baseline,validation,65536.0,65536.0,0.32653061224489793,8.730368727555673,1.2525511506706273,0.27172290618266565,6.728757735647728,-2.0016109919079446,-0.22926992597577894,round1_20260927
blur,all,M4_element_affine,shared,full,blur:uint8:1ch:v3,uint8:1ch,v3,baseline,validation,200704.0,200704.0,1.0,27.34011817796681,3.9225028806854465,2.711696675231116,14.794422369865837,-12.545695808100975,-0.4588749663200598,round1_20260927
blur,all,M4_element_affine,shared,full,blur:float32:3ch:t0,float32:3ch,t0,baseline,train,12288.0,49152.0,0.24489795918367346,1.0483491250003378,0.15040726729893378,0.03674591270303875,3.5513746979254432,2.5030255729251056,2.3875877923056397,round1_20260927
blur,all,M4_element_affine,shared,full,blur:float32:3ch:t1,float32:3ch,t1,baseline,train,27648.0,110592.0,0.5510204081632653,1.8436820114341874,0.2645141456172135,0.06273466727791303,4.46792749726841,2.624245485834223,1.4233720726020647,round1_20260927
blur,all,M4_element_affine,shared,full,blur:float32:3ch:t2,float32:3ch,t2,baseline,train,62208.0,248832.0,1.239795918367347,3.6912948979685702,0.5295922562035527,0.14915010047438237,6.530171295790085,2.838876397821515,0.7690733133740772,round1_20260927
blur,all,M4_element_affine,shared,full,blur:float32:3ch:t3,float32:3ch,t3,baseline,train,110592.0,442368.0,2.204081632653061,6.354811818755606,0.9117285998189676,0.33143735002397906,9.417312613720432,3.0625007949648255,0.4819184080205418,round1_20260927
blur,all,M4_element_affine,shared,full,blur:float32:3ch:t4,float32:3ch,t4,baseline,train,150528.0,602112.0,3.0,8.053652985083016,1.1554623439589808,0.3486923652718969,11.800349892012145,3.746696906929129,0.46521707774953364,round1_20260927
blur,all,M4_element_affine,shared,full,blur:float32:3ch:t5,float32:3ch,t5,baseline,train,248832.0,995328.0,4.959183673469388,13.679758789307186,1.9626430620692334,1.46731118031968,17.666287807807134,3.9865290184999473,0.291418078337465,round1_20260927
blur,all,M4_element_affine,shared,full,blur:float32:3ch:t6,float32:3ch,t6,baseline,train,442368.0,1769472.0,8.816326530612244,22.97352415681597,3.2960250609753863,3.932096916964358,29.214853079528517,6.2413289227125475,0.27167485842004874,round1_20260927
blur,all,M4_element_affine,shared,full,blur:float32:3ch:t7,float32:3ch,t7,baseline,train,786432.0,3145728.0,15.673469387755102,46.09784001324697,6.613684296034194,8.616267020052662,49.74563578481097,3.647795771563999,0.07913159858500408,round1_20260927
blur,all,M4_element_affine,shared,full,blur:float32:1ch:t0,float32:1ch,t0,baseline,train,4096.0,16384.0,0.08163265306122448,0.9094541380181909,0.1304799215938482,0.03482591234641074,3.062546538275861,2.15309240025767,2.367455719042101,round1_20260927
blur,all,M4_element_affine,shared,full,blur:float32:1ch:t1,float32:1ch,t1,baseline,train,9216.0,36864.0,0.1836734693877551,1.569673866033554,0.2252020353816611,0.08071105998145386,3.36806413805685,1.7983902720232958,1.1457095075218973,round1_20260927
blur,all,M4_element_affine,shared,full,blur:float32:1ch:t2,float32:1ch,t2,baseline,train,20736.0,82944.0,0.413265306122449,3.2934570064147315,0.4725142192503925,0.388275348719399,4.055478737564075,0.7620217311493431,0.2313744280447986,round1_20260927
blur,all,M4_element_affine,shared,full,blur:float32:1ch:t3,float32:1ch,t3,baseline,train,36864.0,147456.0,0.7346938775510204,5.427929859918852,0.7787482984930386,0.2932935058184816,5.0178591768741905,-0.4100706830446619,-0.07554826492374617,round1_20260927
blur,all,M4_element_affine,shared,full,blur:float32:1ch:t4,float32:1ch,t4,baseline+control,train,50176.0,200704.0,1.0,7.029785573531197,1.0085674825282602,0.4558638882563633,5.812204936304761,-1.217580637226436,-0.17320309766074724,"round1_20260927,round2_20260927"
blur,all,M4_element_affine,shared,full,blur:float32:1ch:t5,float32:1ch,t5,baseline,train,82944.0,331776.0,1.653061224489796,10.753636798632407,1.542830614187839,0.5033121751371753,7.76751757490309,-2.9861192237293164,-0.27768458984118527,round1_20260927
blur,all,M4_element_affine,shared,full,blur:float32:1ch:t6,float32:1ch,t6,baseline,train,147456.0,589824.0,2.938775510204082,20.1358906048976,2.8889081015944442,2.57104706231566,11.617039332143552,-8.518851272754048,-0.4230680152126984,round1_20260927
blur,all,M4_element_affine,shared,full,blur:float32:1ch:t7,float32:1ch,t7,baseline,train,262144.0,1048576.0,5.224489795918367,35.7575117655059,5.130151303419538,7.883679370857692,18.460633567237704,-17.2968781982682,-0.48372712037961013,round1_20260927
blur,all,M4_element_affine,shared,full,blur:uint8:3ch:t0,uint8:3ch,t0,baseline,train,12288.0,12288.0,0.061224489795918366,1.0712821696264048,0.15369748473775705,0.0410198445822618,3.5513746979254432,2.4800925282990383,2.3150693613839732,round1_20260927
blur,all,M4_element_affine,shared,full,blur:uint8:3ch:t1,uint8:3ch,t1,baseline,train,27648.0,27648.0,0.1377551020408163,1.9797924424832065,0.2840419894401921,0.12646178977759875,4.46792749726841,2.4881350547852037,1.2567656090576824,round1_20260927
blur,all,M4_element_affine,shared,full,blur:uint8:3ch:t2,uint8:3ch,t2,baseline,train,62208.0,62208.0,0.30994897959183676,3.83606736936296,0.5503628480639086,0.15714367686731243,6.530171295790085,2.694103926427125,0.7023088144759365,round1_20260927
blur,all,M4_element_affine,shared,full,blur:uint8:3ch:t3,uint8:3ch,t3,baseline,train,110592.0,110592.0,0.5510204081632653,6.463222950089908,0.9272824087743315,0.275821958130395,9.417312613720432,2.9540896636305236,0.4570613897187981,round1_20260927
blur,all,M4_element_affine,shared,full,blur:uint8:3ch:t4,uint8:3ch,t4,baseline,train,150528.0,150528.0,0.75,8.28813892810605,1.1891041805085147,0.3435839157031051,11.800349892012145,3.512210963906094,0.4237635245224685,round1_20260927
blur,all,M4_element_affine,shared,full,blur:uint8:3ch:t5,uint8:3ch,t5,baseline,train,248832.0,248832.0,1.239795918367347,13.614195286021072,1.9532366275822433,0.8814041685975825,17.666287807807134,4.0520925217860615,0.2976373143366551,round1_20260927
blur,all,M4_element_affine,shared,full,blur:uint8:3ch:t6,uint8:3ch,t6,baseline,train,442368.0,442368.0,2.204081632653061,25.57327558770781,3.6690129321455065,3.8829657858260527,29.214853079528517,3.6415774918207084,0.14239777299279913,round1_20260927
blur,all,M4_element_affine,shared,full,blur:uint8:3ch:t7,uint8:3ch,t7,baseline+control,train,786432.0,786432.0,3.9183673469387754,49.006240244766325,7.030954192676947,14.922060361806185,49.74563578481097,0.7393955400446472,0.015087783440469335,"round1_20260927,round2_20260927"
blur,all,M4_element_affine,shared,full,blur:uint8:1ch:t0,uint8:1ch,t0,baseline,train,4096.0,4096.0,0.02040816326530612,0.9265565367725989,0.13293361283044494,0.027837861277773945,3.062546538275861,2.135990001503262,2.3052991552392337,round1_20260927
blur,all,M4_element_affine,shared,full,blur:uint8:1ch:t1,uint8:1ch,t1,baseline,train,9216.0,9216.0,0.04591836734693878,1.6183962843691309,0.23219226947762334,0.0911290635168446,3.36806413805685,1.749667853687719,1.0811121296968125,round1_20260927
blur,all,M4_element_affine,shared,full,blur:uint8:1ch:t2,uint8:1ch,t2,baseline,train,20736.0,20736.0,0.10331632653061225,3.1958938615086177,0.45851677730621787,0.15448296823884033,4.055478737564075,0.859584876055457,0.2689654016387425,round1_20260927
blur,all,M4_element_affine,shared,full,blur:uint8:1ch:t3,uint8:1ch,t3,baseline,train,36864.0,36864.0,0.1836734693877551,5.3986620491681,0.7745492284219478,0.31485857561902836,5.0178591768741905,-0.3808028722939092,-0.07053652716650204,round1_20260927
blur,all,M4_element_affine,shared,full,blur:uint8:1ch:t4,uint8:1ch,t4,baseline,train,50176.0,50176.0,0.25,7.10466499632507,1.0193104774817252,0.5025019416095186,5.812204936304761,-1.2924600600203089,-0.18191710104401002,round1_20260927
blur,all,M4_element_affine,shared,full,blur:uint8:1ch:t5,uint8:1ch,t5,baseline,train,82944.0,82944.0,0.413265306122449,10.925367324182128,1.5674688939782047,0.5011305180958722,7.76751757490309,-3.1578497492790376,-0.2890383138230489,round1_20260927
blur,all,M4_element_affine,shared,full,blur:uint8:1ch:t6,uint8:1ch,t6,baseline,train,147456.0,147456.0,0.7346938775510204,19.51089357088386,2.799239408490021,2.173292364389319,11.617039332143552,-7.893854238740307,-0.40458701750699516,round1_20260927
blur,all,M4_element_affine,shared,full,blur:uint8:1ch:t7,uint8:1ch,t7,baseline,train,262144.0,262144.0,1.3061224489795917,35.97761032850886,5.161728974071656,8.146301882208311,18.460633567237704,-17.516976761271156,-0.48688549910138434,round1_20260927
blur,all,M5_repr_element_affine,float32:1ch,full,blur:float32:1ch:v0,float32:1ch,v0,baseline,validation,6400.0,25600.0,0.12755102040816327,1.1934437051725884,0.17122407229563485,0.048191525063303965,1.142497187018061,-0.05094651815452744,-0.04268866468834395,round1_20260927
blur,all,M5_repr_element_affine,float32:1ch,full,blur:float32:1ch:v1,float32:1ch,v1,baseline,validation,25600.0,102400.0,0.5102040816326531,3.7802832069185874,0.5423594613755139,0.1966417652043313,3.7279783698858786,-0.05230483703270883,-0.013836221830412524,round1_20260927
blur,all,M5_repr_element_affine,float32:1ch,full,blur:float32:1ch:v2,float32:1ch,v2,baseline,validation,65536.0,262144.0,1.3061224489795917,8.652812834201884,1.2414241609073007,0.2579124643561535,9.105779230250938,0.45296639604905486,0.05234903432310697,round1_20260927
blur,all,M5_repr_element_affine,float32:1ch,full,blur:float32:1ch:v3,float32:1ch,v3,baseline,validation,200704.0,802816.0,4.0,24.823284669959218,3.561411292818008,4.824201549280144,27.307566757640377,2.4842820876811587,0.1000787011352934,round1_20260927
blur,all,M5_repr_element_affine,float32:1ch,full,blur:float32:1ch:t0,float32:1ch,t0,baseline,train,4096.0,16384.0,0.08163265306122448,0.9094541380181909,0.1304799215938482,0.03482591234641074,0.8322394450739228,-0.07721469294426808,-0.08490223939442193,round1_20260927
blur,all,M5_repr_element_affine,float32:1ch,full,blur:float32:1ch:t1,float32:1ch,t1,baseline,train,9216.0,36864.0,0.1836734693877551,1.569673866033554,0.2252020353816611,0.08071105998145386,1.5217010938386741,-0.04797277219487994,-0.030562254512208623,round1_20260927
blur,all,M5_repr_element_affine,float32:1ch,full,blur:float32:1ch:t2,float32:1ch,t2,baseline,train,20736.0,82944.0,0.413265306122449,3.2934570064147315,0.4725142192503925,0.388275348719399,3.0729898035593646,-0.22046720285536692,-0.06694096884397112,round1_20260927
blur,all,M5_repr_element_affine,float32:1ch,full,blur:float32:1ch:t3,float32:1ch,t3,baseline,train,36864.0,147456.0,0.7346938775510204,5.427929859918852,0.7787482984930386,0.2932935058184816,5.244793997168331,-0.18313586275052174,-0.03373954112834826,round1_20260927
blur,all,M5_repr_element_affine,float32:1ch,full,blur:float32:1ch:t4,float32:1ch,t4,baseline+control,train,50176.0,200704.0,1.0,7.029785573531197,1.0085674825282602,0.4558638882563633,7.037394283956685,0.007608710425487608,0.0010823531309598119,"round1_20260927,round2_20260927"
blur,all,M5_repr_element_affine,float32:1ch,full,blur:float32:1ch:t5,float32:1ch,t5,baseline,train,82944.0,331776.0,1.653061224489796,10.753636798632407,1.542830614187839,0.5033121751371753,11.449948836051092,0.6963120374186857,0.064751306972469,round1_20260927
blur,all,M5_repr_element_affine,float32:1ch,full,blur:float32:1ch:t6,float32:1ch,t6,baseline,train,147456.0,589824.0,2.938775510204082,20.1358906048976,2.8889081015944442,2.57104706231566,20.13716561048696,0.001275005589359779,6.332004947671213e-05,round1_20260927
blur,all,M5_repr_element_affine,float32:1ch,full,blur:float32:1ch:t7,float32:1ch,t7,baseline,train,262144.0,1048576.0,5.224489795918367,35.7575117655059,5.130151303419538,7.883679370857692,35.58110654281739,-0.17640522268851555,-0.004933375226032586,round1_20260927
blur,all,M3_element_prop,float32:1ch,local_x_le_2,blur:float32:1ch:v0,float32:1ch,v0,baseline,validation,6400.0,25600.0,0.12755102040816327,1.1934437051725884,0.17122407229563485,0.048191525063303965,0.8681829149131771,-0.32526079025941124,-0.27253970074137185,round1_20260927
blur,all,M3_element_prop,float32:1ch,local_x_le_2,blur:float32:1ch:v1,float32:1ch,v1,baseline,validation,25600.0,102400.0,0.5102040816326531,3.7802832069185874,0.5423594613755139,0.1966417652043313,3.4727316596527085,-0.30755154726587897,-0.08135674774392701,round1_20260927
blur,all,M3_element_prop,float32:1ch,local_x_le_2,blur:float32:1ch:v2,float32:1ch,v2,baseline,validation,65536.0,262144.0,1.3061224489795917,8.652812834201884,1.2414241609073007,0.2579124643561535,8.890193048710934,0.23738021450905045,0.027433878330380627,round1_20260927
blur,all,M3_element_prop,float32:1ch,local_x_le_2,blur:float32:1ch:t0,float32:1ch,t0,baseline,train,4096.0,16384.0,0.08163265306122448,0.9094541380181909,0.1304799215938482,0.03482591234641074,0.5556370655444334,-0.3538170724737575,-0.3890433367478729,round1_20260927
blur,all,M3_element_prop,float32:1ch,local_x_le_2,blur:float32:1ch:t1,float32:1ch,t1,baseline,train,9216.0,36864.0,0.1836734693877551,1.569673866033554,0.2252020353816611,0.08071105998145386,1.250183397474975,-0.3194904685585791,-0.2035393946934385,round1_20260927
blur,all,M3_element_prop,float32:1ch,local_x_le_2,blur:float32:1ch:t2,float32:1ch,t2,baseline,train,20736.0,82944.0,0.413265306122449,3.2934570064147315,0.4725142192503925,0.388275348719399,2.812912644318694,-0.4805443620960377,-0.1459088007403989,round1_20260927
blur,all,M3_element_prop,float32:1ch,local_x_le_2,blur:float32:1ch:t3,float32:1ch,t3,baseline,train,36864.0,147456.0,0.7346938775510204,5.427929859918852,0.7787482984930386,0.2932935058184816,5.0007335898999,-0.42719627001895244,-0.07870335119351358,round1_20260927
blur,all,M3_element_prop,float32:1ch,local_x_le_2,blur:float32:1ch:t4,float32:1ch,t4,baseline+control,train,50176.0,200704.0,1.0,7.029785573531197,1.0085674825282602,0.4558638882563633,6.806554052919309,-0.223231520611888,-0.03175509669205379,"round1_20260927,round2_20260927"
blur,all,M3_element_prop,float32:1ch,local_x_le_2,blur:float32:1ch:t5,float32:1ch,t5,baseline,train,82944.0,331776.0,1.653061224489796,10.753636798632407,1.542830614187839,0.5033121751371753,11.251650577274775,0.4980137786423686,0.046311195734795835,round1_20260927
blur,all,M4_element_affine,float32:1ch,local_x_le_2,blur:float32:1ch:v0,float32:1ch,v0,baseline,validation,6400.0,25600.0,0.12755102040816327,1.1934437051725884,0.17122407229563485,0.048191525063303965,1.3677979660684878,0.17435426089589945,0.14609341030516845,round1_20260927
blur,all,M4_element_affine,float32:1ch,local_x_le_2,blur:float32:1ch:v1,float32:1ch,v1,baseline,validation,25600.0,102400.0,0.5102040816326531,3.7802832069185874,0.5423594613755139,0.1966417652043313,3.7762774227305433,-0.0040057841880440925,-0.0010596518749475697,round1_20260927
blur,all,M4_element_affine,float32:1ch,local_x_le_2,blur:float32:1ch:v2,float32:1ch,v2,baseline,validation,65536.0,262144.0,1.3061224489795917,8.652812834201884,1.2414241609073007,0.2579124643561535,8.78591469258762,0.13310185838573574,0.015382495950868763,round1_20260927
blur,all,M4_element_affine,float32:1ch,local_x_le_2,blur:float32:1ch:t0,float32:1ch,t0,baseline,train,4096.0,16384.0,0.08163265306122448,0.9094541380181909,0.1304799215938482,0.03482591234641074,1.078780431269041,0.16932629325085014,0.18618453220723405,round1_20260927
blur,all,M4_element_affine,float32:1ch,local_x_le_2,blur:float32:1ch:t1,float32:1ch,t1,baseline,train,9216.0,36864.0,0.1836734693877551,1.569673866033554,0.2252020353816611,0.08071105998145386,1.721041619712256,0.15136775367870192,0.09643261377676923,round1_20260927
blur,all,M4_element_affine,float32:1ch,local_x_le_2,blur:float32:1ch:t2,float32:1ch,t2,baseline,train,20736.0,82944.0,0.413265306122449,3.2934570064147315,0.4725142192503925,0.388275348719399,3.1661292937094894,-0.12732771270524212,-0.03866080913072295,round1_20260927
blur,all,M4_element_affine,float32:1ch,local_x_le_2,blur:float32:1ch:t3,float32:1ch,t3,baseline,train,36864.0,147456.0,0.7346938775510204,5.427929859918852,0.7787482984930386,0.2932935058184816,5.189252037305616,-0.23867782261323622,-0.04397216411650619,round1_20260927
blur,all,M4_element_affine,float32:1ch,local_x_le_2,blur:float32:1ch:t4,float32:1ch,t4,baseline+control,train,50176.0,200704.0,1.0,7.029785573531197,1.0085674825282602,0.4558638882563633,6.8591311272579745,-0.17065444627322268,-0.0242759106217659,"round1_20260927,round2_20260927"
blur,all,M4_element_affine,float32:1ch,local_x_le_2,blur:float32:1ch:t5,float32:1ch,t5,baseline,train,82944.0,331776.0,1.653061224489796,10.753636798632407,1.542830614187839,0.5033121751371753,10.96960273329455,0.21596593466214387,0.020083060150367857,round1_20260927
blur,all,M5_repr_element_affine,float32:3ch,full,blur:float32:3ch:v0,float32:3ch,v0,baseline,validation,19200.0,76800.0,0.3826530612244898,1.4147147295686107,0.20296995667535492,0.06418250265726357,1.0908352969475994,-0.32387943262101127,-0.22893621297049188,round1_20260927
blur,all,M5_repr_element_affine,float32:3ch,full,blur:float32:3ch:v1,float32:3ch,v1,baseline,validation,76800.0,307200.0,1.530612244897959,4.437902649709334,0.6367085107084561,0.2178509538628073,4.363341187790398,-0.07456146191893609,-0.01680105847383101,round1_20260927
blur,all,M5_repr_element_affine,float32:3ch,full,blur:float32:3ch:v2,float32:3ch,v2,baseline,validation,196608.0,786432.0,3.9183673469387754,10.517050672479831,1.5088874631259843,0.37945345137134495,11.17015344074342,0.6531027682635884,0.06209942203402851,round1_20260927
blur,all,M5_repr_element_affine,float32:3ch,full,blur:float32:3ch:v3,float32:3ch,v3,baseline,validation,602112.0,2408448.0,12.0,33.36427419073984,4.786792096993363,8.169013764587627,34.208594912276716,0.8443207215368744,0.025306131843599738,round1_20260927
blur,all,M5_repr_element_affine,float32:3ch,full,blur:float32:3ch:t0,float32:3ch,t0,baseline,train,12288.0,49152.0,0.24489795918367346,1.0483491250003378,0.15040726729893378,0.03674591270303875,0.6981345900464637,-0.3502145349538741,-0.33406288668744893,round1_20260927
blur,all,M5_repr_element_affine,float32:3ch,full,blur:float32:3ch:t1,float32:3ch,t1,baseline,train,27648.0,110592.0,0.5510204081632653,1.8436820114341874,0.2645141456172135,0.06273466727791303,1.5708028276045432,-0.27287918382964427,-0.1480077270035159,round1_20260927
blur,all,M5_repr_element_affine,float32:3ch,full,blur:float32:3ch:t2,float32:3ch,t2,baseline,train,62208.0,248832.0,1.239795918367347,3.6912948979685702,0.5295922562035527,0.14915010047438237,3.534306362110222,-0.15698853585834804,-0.0425293942092634,round1_20260927
blur,all,M5_repr_element_affine,float32:3ch,full,blur:float32:3ch:t3,float32:3ch,t3,baseline,train,110592.0,442368.0,2.204081632653061,6.354811818755606,0.9117285998189676,0.33143735002397906,6.283211310418173,-0.07160050833743359,-0.011267132745947202,round1_20260927
blur,all,M5_repr_element_affine,float32:3ch,full,blur:float32:3ch:t4,float32:3ch,t4,baseline,train,150528.0,602112.0,3.0,8.053652985083016,1.1554623439589808,0.3486923652718969,8.552148728069179,0.4984957429861634,0.061896849033535185,round1_20260927
blur,all,M5_repr_element_affine,float32:3ch,full,blur:float32:3ch:t5,float32:3ch,t5,baseline,train,248832.0,995328.0,4.959183673469388,13.679758789307186,1.9626430620692334,1.46731118031968,14.137225448440889,0.45746665913370244,0.033441134904460615,round1_20260927
blur,all,M5_repr_element_affine,float32:3ch,full,blur:float32:3ch:t6,float32:3ch,t6,baseline,train,442368.0,1769472.0,8.816326530612244,22.97352415681597,3.2960250609753863,3.932096916964358,25.13284524167269,2.159321084856721,0.09399172151896758,round1_20260927
blur,all,M5_repr_element_affine,float32:3ch,full,blur:float32:3ch:t7,float32:3ch,t7,baseline,train,786432.0,3145728.0,15.673469387755102,46.09784001324697,6.613684296034194,8.616267020052662,44.68061376297368,-1.4172262502732949,-0.03074387541511775,round1_20260927
blur,all,M3_element_prop,float32:3ch,local_x_le_2,blur:float32:3ch:v0,float32:3ch,v0,baseline,validation,19200.0,76800.0,0.3826530612244898,1.4147147295686107,0.20296995667535492,0.06418250265726357,1.177557701057224,-0.23715702851138665,-0.16763593645745317,round1_20260927
blur,all,M3_element_prop,float32:3ch,local_x_le_2,blur:float32:3ch:v1,float32:3ch,v1,baseline,validation,76800.0,307200.0,1.530612244897959,4.437902649709334,0.6367085107084561,0.2178509538628073,4.710230804228896,0.2723281545195624,0.06136415690357671,round1_20260927
blur,all,M3_element_prop,float32:3ch,local_x_le_2,blur:float32:3ch:t0,float32:3ch,t0,baseline,train,12288.0,49152.0,0.24489795918367346,1.0483491250003378,0.15040726729893378,0.03674591270303875,0.7536369286766234,-0.2947121963237145,-0.28112027691502056,round1_20260927
blur,all,M3_element_prop,float32:3ch,local_x_le_2,blur:float32:3ch:t1,float32:3ch,t1,baseline,train,27648.0,110592.0,0.5510204081632653,1.8436820114341874,0.2645141456172135,0.06273466727791303,1.6956830895224027,-0.14799892191178476,-0.08027356181484759,round1_20260927
blur,all,M3_element_prop,float32:3ch,local_x_le_2,blur:float32:3ch:t2,float32:3ch,t2,baseline,train,62208.0,248832.0,1.239795918367347,3.6912948979685702,0.5295922562035527,0.14915010047438237,3.815286951425406,0.12399205345683573,0.03359039493839201,round1_20260927
blur,all,M4_element_affine,float32:3ch,local_x_le_2,blur:float32:3ch:v0,float32:3ch,v0,baseline,validation,19200.0,76800.0,0.3826530612244898,1.4147147295686107,0.20296995667535492,0.06418250265726357,1.407035427697862,-0.007679301870748612,-0.005428162802185755,round1_20260927
blur,all,M4_element_affine,float32:3ch,local_x_le_2,blur:float32:3ch:v1,float32:3ch,v1,baseline,validation,76800.0,307200.0,1.530612244897959,4.437902649709334,0.6367085107084561,0.2178509538628073,4.461629933701538,0.02372728399220403,0.005346508444424323,round1_20260927
blur,all,M4_element_affine,float32:3ch,local_x_le_2,blur:float32:3ch:t0,float32:3ch,t0,baseline,train,12288.0,49152.0,0.24489795918367346,1.0483491250003378,0.15040726729893378,0.03674591270303875,1.040484086977421,-0.007865038022916826,-0.007502307995835158,round1_20260927
blur,all,M4_element_affine,float32:3ch,local_x_le_2,blur:float32:3ch:t1,float32:3ch,t1,baseline,train,27648.0,110592.0,0.5510204081632653,1.8436820114341874,0.2645141456172135,0.06273466727791303,1.8550426219117346,0.011360610477547217,0.006161914260209046,round1_20260927
blur,all,M4_element_affine,float32:3ch,local_x_le_2,blur:float32:3ch:t2,float32:3ch,t2,baseline,train,62208.0,248832.0,1.239795918367347,3.6912948979685702,0.5295922562035527,0.14915010047438237,3.68779932551394,-0.0034955724546303912,-0.0009469772942156719,round1_20260927
blur,all,M5_repr_element_affine,uint8:1ch,full,blur:uint8:1ch:v0,uint8:1ch,v0,baseline,validation,6400.0,6400.0,0.03188775510204082,1.2150102209610243,0.17431823303611998,0.04828653216687504,1.1179434296833424,-0.09706679127768192,-0.0798896911343725,round1_20260927
blur,all,M5_repr_element_affine,uint8:1ch,full,blur:uint8:1ch:v1,uint8:1ch,v1,baseline,validation,25600.0,25600.0,0.12755102040816327,3.8441834373710058,0.5515272651280255,0.19638314586331515,3.7026440730920234,-0.1415393642789824,-0.03681909736747099,round1_20260927
blur,all,M5_repr_element_affine,uint8:1ch,full,blur:uint8:1ch:v2,uint8:1ch,v2,baseline,validation,65536.0,65536.0,0.32653061224489793,8.730368727555673,1.2525511506706273,0.27172290618266565,9.078821411382078,0.34845268382640526,0.039912710986259224,round1_20260927
blur,all,M5_repr_element_affine,uint8:1ch,full,blur:uint8:1ch:v3,uint8:1ch,v3,baseline,validation,200704.0,200704.0,1.0,27.34011817796681,3.9225028806854465,2.711696675231116,27.275113940979193,-0.06500423698761892,-0.0023776136066597305,round1_20260927
blur,all,M5_repr_element_affine,uint8:1ch,full,blur:uint8:1ch:t0,uint8:1ch,t0,baseline,train,4096.0,4096.0,0.02040816326530612,0.9265565367725989,0.13293361283044494,0.027837861277773945,0.8077793524743007,-0.1187771842982982,-0.12819205259942948,round1_20260927
blur,all,M5_repr_element_affine,uint8:1ch,full,blur:uint8:1ch:t1,uint8:1ch,t1,baseline,train,9216.0,9216.0,0.04591836734693878,1.6183962843691309,0.23219226947762334,0.0911290635168446,1.4970328573832823,-0.12136342698584857,-0.07498993179730229,round1_20260927
blur,all,M5_repr_element_affine,uint8:1ch,full,blur:uint8:1ch:t2,uint8:1ch,t2,baseline,train,20736.0,20736.0,0.10331632653061225,3.1958938615086177,0.45851677730621787,0.15448296823884033,3.0478532434284906,-0.14804061808012703,-0.046322132240726115,round1_20260927
blur,all,M5_repr_element_affine,uint8:1ch,full,blur:uint8:1ch:t3,uint8:1ch,t3,baseline,train,36864.0,36864.0,0.1836734693877551,5.3986620491681,0.7745492284219478,0.31485857561902836,5.219001783891783,-0.17966026527631662,-0.033278664906243045,round1_20260927
blur,all,M5_repr_element_affine,uint8:1ch,full,blur:uint8:1ch:t4,uint8:1ch,t4,baseline,train,50176.0,50176.0,0.25,7.10466499632507,1.0193104774817252,0.5025019416095186,7.011060896655135,-0.09360409966993544,-0.013175019472185207,round1_20260927
blur,all,M5_repr_element_affine,uint8:1ch,full,blur:uint8:1ch:t5,uint8:1ch,t5,baseline,train,82944.0,82944.0,0.413265306122449,10.925367324182128,1.5674688939782047,0.5011305180958722,11.422283328072615,0.49691600389048673,0.04548277317785156,round1_20260927
blur,all,M5_repr_element_affine,uint8:1ch,full,blur:uint8:1ch:t6,uint8:1ch,t6,baseline,train,147456.0,147456.0,0.7346938775510204,19.51089357088386,2.799239408490021,2.173292364389319,20.106877489925786,0.5959839190419274,0.0305462134205537,round1_20260927
blur,all,M5_repr_element_affine,uint8:1ch,full,blur:uint8:1ch:t7,uint8:1ch,t7,baseline,train,262144.0,262144.0,1.3061224489795917,35.97761032850886,5.161728974071656,8.146301882208311,35.54615599988697,-0.43145432862188926,-0.011992300897205573,round1_20260927
blur,all,M5_repr_element_affine,uint8:3ch,full,blur:uint8:3ch:v0,uint8:3ch,v0,baseline,validation,19200.0,19200.0,0.09566326530612244,1.4769610506482422,0.21190047307464738,0.04042047029498749,1.163825771726956,-0.31313527892128623,-0.2120132272843961,round1_20260927
blur,all,M5_repr_element_affine,uint8:3ch,full,blur:uint8:3ch:v1,uint8:3ch,v1,baseline,validation,76800.0,76800.0,0.3826530612244898,4.636861905455589,0.6652533124801124,0.22551869406541783,4.655303086907824,0.018441181452234723,0.003977082308735008,round1_20260927
blur,all,M5_repr_element_affine,uint8:3ch,full,blur:uint8:3ch:v2,uint8:3ch,v2,baseline,validation,196608.0,196608.0,0.9795918367346939,10.64690839026251,1.5275182264886784,0.4745540558530487,11.917575902484028,1.270667512221518,0.11934614872648383,round1_20260927
blur,all,M5_repr_element_affine,uint8:3ch,full,blur:uint8:3ch:v3,uint8:3ch,v3,baseline,validation,602112.0,602112.0,3.0,34.93616830968094,5.012312673369214,7.1087000048913485,36.49757620135734,1.561407891676403,0.0446931637675827,round1_20260927
blur,all,M5_repr_element_affine,uint8:3ch,full,blur:uint8:3ch:t0,uint8:3ch,t0,baseline,train,12288.0,12288.0,0.061224489795918366,1.0712821696264048,0.15369748473775705,0.0410198445822618,0.7448484939052518,-0.326433675721153,-0.3047130671791096,round1_20260927
blur,all,M5_repr_element_affine,uint8:3ch,full,blur:uint8:3ch:t1,uint8:3ch,t1,baseline,train,27648.0,27648.0,0.1377551020408163,1.9797924424832065,0.2840419894401921,0.12646178977759875,1.6759091112868165,-0.30388333119639,-0.15349252006196992,round1_20260927
blur,all,M5_repr_element_affine,uint8:3ch,full,blur:uint8:3ch:t2,uint8:3ch,t2,baseline,train,62208.0,62208.0,0.30994897959183676,3.83606736936296,0.5503628480639086,0.15714367686731243,3.7707955003953373,-0.06527186896762283,-0.01701530830478148,round1_20260927
blur,all,M5_repr_element_affine,uint8:3ch,full,blur:uint8:3ch:t3,uint8:3ch,t3,baseline,train,110592.0,110592.0,0.5510204081632653,6.463222950089908,0.9272824087743315,0.275821958130395,6.703636445147266,0.24041349505735798,0.03719715332642419,round1_20260927
blur,all,M5_repr_element_affine,uint8:3ch,full,blur:uint8:3ch:t4,uint8:3ch,t4,baseline,train,150528.0,150528.0,0.75,8.28813892810605,1.1891041805085147,0.3435839157031051,9.124394050339335,0.8362551222332844,0.10089781668565487,round1_20260927
blur,all,M5_repr_element_affine,uint8:3ch,full,blur:uint8:3ch:t5,uint8:3ch,t5,baseline,train,248832.0,248832.0,1.239795918367347,13.614195286021072,1.9532366275822433,0.8814041685975825,15.08318200158135,1.468986715560277,0.10790110503766746,round1_20260927
blur,all,M5_repr_element_affine,uint8:3ch,full,blur:uint8:3ch:t6,uint8:3ch,t6,baseline,train,442368.0,442368.0,2.204081632653061,25.57327558770781,3.6690129321455065,3.8829657858260527,26.814545780589064,1.241270192881256,0.04853778658991544,round1_20260927
blur,all,M5_repr_element_affine,uint8:3ch,full,blur:uint8:3ch:t7,uint8:3ch,t7,baseline+control,train,786432.0,786432.0,3.9183673469387754,49.006240244766325,7.030954192676947,14.922060361806185,47.67030360993611,-1.3359366348302117,-0.027260541273065413,"round1_20260927,round2_20260927"
blur,all,M3_element_prop,uint8:3ch,local_x_le_2,blur:uint8:3ch:v0,uint8:3ch,v0,baseline,validation,19200.0,19200.0,0.09566326530612244,1.4769610506482422,0.21190047307464738,0.04042047029498749,1.0690417941945265,-0.40791925645371574,-0.2761882287110272,round1_20260927
blur,all,M3_element_prop,uint8:3ch,local_x_le_2,blur:uint8:3ch:v1,uint8:3ch,v1,baseline,validation,76800.0,76800.0,0.3826530612244898,4.636861905455589,0.6652533124801124,0.22551869406541783,4.276167176778106,-0.3606947286774833,-0.0777885423443603,round1_20260927
blur,all,M3_element_prop,uint8:3ch,local_x_le_2,blur:uint8:3ch:v2,uint8:3ch,v2,baseline,validation,196608.0,196608.0,0.9795918367346939,10.64690839026251,1.5275182264886784,0.4745540558530487,10.946987972551952,0.30007958228944176,0.028184668383536546,round1_20260927
blur,all,M3_element_prop,uint8:3ch,local_x_le_2,blur:uint8:3ch:t0,uint8:3ch,t0,baseline,train,12288.0,12288.0,0.061224489795918366,1.0712821696264048,0.15369748473775705,0.0410198445822618,0.684186748284497,-0.3870954213419078,-0.3613384338104891,round1_20260927
blur,all,M3_element_prop,uint8:3ch,local_x_le_2,blur:uint8:3ch:t1,uint8:3ch,t1,baseline,train,27648.0,27648.0,0.1377551020408163,1.9797924424832065,0.2840419894401921,0.12646178977759875,1.5394201836401182,-0.4403722588430883,-0.22243354878693236,round1_20260927
blur,all,M3_element_prop,uint8:3ch,local_x_le_2,blur:uint8:3ch:t2,uint8:3ch,t2,baseline,train,62208.0,62208.0,0.30994897959183676,3.83606736936296,0.5503628480639086,0.15714367686731243,3.463695413190266,-0.37237195617269414,-0.09707127647096886,round1_20260927
blur,all,M3_element_prop,uint8:3ch,local_x_le_2,blur:uint8:3ch:t3,uint8:3ch,t3,baseline,train,110592.0,110592.0,0.5510204081632653,6.463222950089908,0.9272824087743315,0.275821958130395,6.157680734560473,-0.30554221552943517,-0.04727397118881453,round1_20260927
blur,all,M3_element_prop,uint8:3ch,local_x_le_2,blur:uint8:3ch:t4,uint8:3ch,t4,baseline,train,150528.0,150528.0,0.75,8.28813892810605,1.1891041805085147,0.3435839157031051,8.381287666485088,0.09314873837903725,0.01123880031295795,round1_20260927
blur,all,M3_element_prop,uint8:3ch,local_x_le_2,blur:uint8:3ch:t5,uint8:3ch,t5,baseline,train,248832.0,248832.0,1.239795918367347,13.614195286021072,1.9532366275822433,0.8814041685975825,13.854781652761064,0.24058636673999167,0.017671728786425114,round1_20260927
blur,all,M4_element_affine,uint8:3ch,local_x_le_2,blur:uint8:3ch:v0,uint8:3ch,v0,baseline,validation,19200.0,19200.0,0.09566326530612244,1.4769610506482422,0.21190047307464738,0.04042047029498749,1.517168276366522,0.04020722571827973,0.027222942474097515,round1_20260927
blur,all,M4_element_affine,uint8:3ch,local_x_le_2,blur:uint8:3ch:v1,uint8:3ch,v1,baseline,validation,76800.0,76800.0,0.3826530612244898,4.636861905455589,0.6652533124801124,0.22551869406541783,4.548430581717039,-0.08843132373855056,-0.019071373170398923,round1_20260927
blur,all,M4_element_affine,uint8:3ch,local_x_le_2,blur:uint8:3ch:v2,uint8:3ch,v2,baseline,validation,196608.0,196608.0,0.9795918367346939,10.64690839026251,1.5275182264886784,0.4745540558530487,10.853456176846114,0.20654778658360406,0.019399789968373292,round1_20260927
blur,all,M4_element_affine,uint8:3ch,local_x_le_2,blur:uint8:3ch:t0,uint8:3ch,t0,baseline,train,12288.0,12288.0,0.061224489795918366,1.0712821696264048,0.15369748473775705,0.0410198445822618,1.15341679972446,0.08213463009805522,0.07666946433608483,round1_20260927
blur,all,M4_element_affine,uint8:3ch,local_x_le_2,blur:uint8:3ch:t1,uint8:3ch,t1,baseline,train,27648.0,27648.0,0.1377551020408163,1.9797924424832065,0.2840419894401921,0.12646178977759875,1.9617534144845976,-0.018039027998608903,-0.009111575340687218,round1_20260927
blur,all,M4_element_affine,uint8:3ch,local_x_le_2,blur:uint8:3ch:t2,uint8:3ch,t2,baseline,train,62208.0,62208.0,0.30994897959183676,3.83606736936296,0.5503628480639086,0.15714367686731243,3.780510797694908,-0.05555657166805217,-0.014482689254041494,round1_20260927
blur,all,M4_element_affine,uint8:3ch,local_x_le_2,blur:uint8:3ch:t3,uint8:3ch,t3,baseline,train,110592.0,110592.0,0.5510204081632653,6.463222950089908,0.9272824087743315,0.275821958130395,6.326771134189342,-0.13645181590056588,-0.021112039141194677,round1_20260927
blur,all,M4_element_affine,uint8:3ch,local_x_le_2,blur:uint8:3ch:t4,uint8:3ch,t4,baseline,train,150528.0,150528.0,0.75,8.28813892810605,1.1891041805085147,0.3435839157031051,8.4284463325657,0.14030740445964973,0.01692869842997574,round1_20260927
blur,all,M4_element_affine,uint8:3ch,local_x_le_2,blur:uint8:3ch:t5,uint8:3ch,t5,baseline,train,248832.0,248832.0,1.239795918367347,13.614195286021072,1.9532366275822433,0.8814041685975825,13.601800667030583,-0.012394618990489548,-0.0009104187746752998,round1_20260927
blur,1ch,M1_byte_prop_anchored,shared,full,blur:float32:1ch:v0,float32:1ch,v0,baseline,validation,6400.0,25600.0,0.12755102040816327,1.1934437051725884,0.17122407229563485,0.048191525063303965,0.8890394928327118,-0.3044042123398766,-0.2550637378374337,round1_20260927
blur,1ch,M1_byte_prop_anchored,shared,full,blur:float32:1ch:v1,float32:1ch,v1,baseline,validation,25600.0,102400.0,0.5102040816326531,3.7802832069185874,0.5423594613755139,0.1966417652043313,3.556157971330847,-0.22412523558774033,-0.05928794836787664,round1_20260927
blur,1ch,M1_byte_prop_anchored,shared,full,blur:float32:1ch:v2,float32:1ch,v2,baseline,validation,65536.0,262144.0,1.3061224489795917,8.652812834201884,1.2414241609073007,0.2579124643561535,9.103764406606969,0.450951572405085,0.05211618245371186,round1_20260927
blur,1ch,M1_byte_prop_anchored,shared,full,blur:float32:1ch:v3,float32:1ch,v3,baseline,validation,200704.0,802816.0,4.0,24.823284669959218,3.561411292818008,4.824201549280144,27.880278495233842,3.056993825274624,0.12315025452591107,round1_20260927
blur,1ch,M1_byte_prop_anchored,shared,full,blur:uint8:1ch:v0,uint8:1ch,v0,baseline,validation,6400.0,6400.0,0.03188775510204082,1.2150102209610243,0.17431823303611998,0.04828653216687504,0.22225987320817794,-0.9927503477528463,-0.8170716020541956,round1_20260927
blur,1ch,M1_byte_prop_anchored,shared,full,blur:uint8:1ch:v1,uint8:1ch,v1,baseline,validation,25600.0,25600.0,0.12755102040816327,3.8441834373710058,0.5515272651280255,0.19638314586331515,0.8890394928327118,-2.955143944538294,-0.7687312514304167,round1_20260927
blur,1ch,M1_byte_prop_anchored,shared,full,blur:uint8:1ch:v2,uint8:1ch,v2,baseline,validation,65536.0,65536.0,0.32653061224489793,8.730368727555673,1.2525511506706273,0.27172290618266565,2.275941101651742,-6.45442762590393,-0.7393075627529697,round1_20260927
blur,1ch,M1_byte_prop_anchored,shared,full,blur:uint8:1ch:v3,uint8:1ch,v3,baseline,validation,200704.0,200704.0,1.0,27.34011817796681,3.9225028806854465,2.711696675231116,6.9700696238084605,-20.370048554158352,-0.7450607353473115,round1_20260927
blur,1ch,M1_byte_prop_anchored,shared,full,blur:float32:1ch:t0,float32:1ch,t0,baseline,train,4096.0,16384.0,0.08163265306122448,0.9094541380181909,0.1304799215938482,0.03482591234641074,0.5689852754129355,-0.34046886260525533,-0.3743661701811348,round1_20260927
blur,1ch,M1_byte_prop_anchored,shared,full,blur:float32:1ch:t1,float32:1ch,t1,baseline,train,9216.0,36864.0,0.1836734693877551,1.569673866033554,0.2252020353816611,0.08071105998145386,1.280216869679105,-0.2894569963544491,-0.1844058199719441,round1_20260927
blur,1ch,M1_byte_prop_anchored,shared,full,blur:float32:1ch:t2,float32:1ch,t2,baseline,train,20736.0,82944.0,0.413265306122449,3.2934570064147315,0.4725142192503925,0.388275348719399,2.880487956777986,-0.4129690496367453,-0.125390751672907,round1_20260927
blur,1ch,M1_byte_prop_anchored,shared,full,blur:float32:1ch:t3,float32:1ch,t3,baseline,train,36864.0,147456.0,0.7346938775510204,5.427929859918852,0.7787482984930386,0.2932935058184816,5.12086747871642,-0.30706238120243246,-0.05657080860050447,round1_20260927
blur,1ch,M1_byte_prop_anchored,shared,full,blur:float32:1ch:t4,float32:1ch,t4,baseline+control,train,50176.0,200704.0,1.0,7.029785573531197,1.0085674825282602,0.4558638882563633,6.9700696238084605,-0.05971594972273664,-0.008494704297607781,"round1_20260927,round2_20260927"
blur,1ch,M1_byte_prop_anchored,shared,full,blur:float32:1ch:t5,float32:1ch,t5,baseline,train,82944.0,331776.0,1.653061224489796,10.753636798632407,1.542830614187839,0.5033121751371753,11.521951827111945,0.7683150284795381,0.0714469944323625,round1_20260927
blur,1ch,M1_byte_prop_anchored,shared,full,blur:float32:1ch:t6,float32:1ch,t6,baseline,train,147456.0,589824.0,2.938775510204082,20.1358906048976,2.8889081015944442,2.57104706231566,20.48346991486568,0.3475793099680793,0.0172616804882491,round1_20260927
blur,1ch,M1_byte_prop_anchored,shared,full,blur:float32:1ch:t7,float32:1ch,t7,baseline,train,262144.0,1048576.0,5.224489795918367,35.7575117655059,5.130151303419538,7.883679370857692,36.415057626427874,0.6575458609219709,0.018389027324778335,round1_20260927
blur,1ch,M1_byte_prop_anchored,shared,full,blur:uint8:1ch:t0,uint8:1ch,t0,baseline,train,4096.0,4096.0,0.02040816326530612,0.9265565367725989,0.13293361283044494,0.027837861277773945,0.14224631885323388,-0.784310217919365,-0.8464785329250287,round1_20260927
blur,1ch,M1_byte_prop_anchored,shared,full,blur:uint8:1ch:t1,uint8:1ch,t1,baseline,train,9216.0,9216.0,0.04591836734693878,1.6183962843691309,0.23219226947762334,0.0911290635168446,0.32005421741977624,-1.2983420669493546,-0.8022398960557815,round1_20260927
blur,1ch,M1_byte_prop_anchored,shared,full,blur:uint8:1ch:t2,uint8:1ch,t2,baseline,train,20736.0,20736.0,0.10331632653061225,3.1958938615086177,0.45851677730621787,0.15448296823884033,0.7201219891944965,-2.4757718723141213,-0.7746727455915686,round1_20260927
blur,1ch,M1_byte_prop_anchored,shared,full,blur:uint8:1ch:t3,uint8:1ch,t3,baseline,train,36864.0,36864.0,0.1836734693877551,5.3986620491681,0.7745492284219478,0.31485857561902836,1.280216869679105,-4.118445179488995,-0.7628640470509951,round1_20260927
blur,1ch,M1_byte_prop_anchored,shared,full,blur:uint8:1ch:t4,uint8:1ch,t4,baseline,train,50176.0,50176.0,0.25,7.10466499632507,1.0193104774817252,0.5025019416095186,1.7425174059521151,-5.362147590372955,-0.7547361618241758,round1_20260927
blur,1ch,M1_byte_prop_anchored,shared,full,blur:uint8:1ch:t5,uint8:1ch,t5,baseline,train,82944.0,82944.0,0.413265306122449,10.925367324182128,1.5674688939782047,0.5011305180958722,2.880487956777986,-8.044879367404143,-0.7363486397018126,round1_20260927
blur,1ch,M1_byte_prop_anchored,shared,full,blur:uint8:1ch:t6,uint8:1ch,t6,baseline,train,147456.0,147456.0,0.7346938775510204,19.51089357088386,2.799239408490021,2.173292364389319,5.12086747871642,-14.390026092167439,-0.7375380343236406,round1_20260927
blur,1ch,M1_byte_prop_anchored,shared,full,blur:uint8:1ch:t7,uint8:1ch,t7,baseline,train,262144.0,262144.0,1.3061224489795917,35.97761032850886,5.161728974071656,8.146301882208311,9.103764406606969,-26.87384592190189,-0.7469602810336434,round1_20260927
blur,1ch,M2_byte_affine,shared,full,blur:float32:1ch:v0,float32:1ch,v0,baseline,validation,6400.0,25600.0,0.12755102040816327,1.1934437051725884,0.17122407229563485,0.048191525063303965,5.23286682690511,4.039423121732522,3.3846783926422117,round1_20260927
blur,1ch,M2_byte_affine,shared,full,blur:float32:1ch:v1,float32:1ch,v1,baseline,validation,25600.0,102400.0,0.5102040816326531,3.7802832069185874,0.5423594613755139,0.1966417652043313,7.711716571754096,3.931433364835508,1.0399838185774783,round1_20260927
blur,1ch,M2_byte_affine,shared,full,blur:float32:1ch:v2,float32:1ch,v2,baseline,validation,65536.0,262144.0,1.3061224489795917,8.652812834201884,1.2414241609073007,0.2579124643561535,12.867724041039985,4.214911206838101,0.48711457044093975,round1_20260927
blur,1ch,M2_byte_affine,shared,full,blur:float32:1ch:v3,float32:1ch,v3,baseline,validation,200704.0,802816.0,4.0,24.823284669959218,3.561411292818008,4.824201549280144,30.31882624477684,5.495541574817622,0.22138655894593384,round1_20260927
blur,1ch,M2_byte_affine,shared,full,blur:uint8:1ch:v0,uint8:1ch,v0,baseline,validation,6400.0,6400.0,0.03188775510204082,1.2150102209610243,0.17431823303611998,0.04828653216687504,4.613154390692864,3.3981441697318395,2.796802949562057,round1_20260927
blur,1ch,M2_byte_affine,shared,full,blur:uint8:1ch:v1,uint8:1ch,v1,baseline,validation,25600.0,25600.0,0.12755102040816327,3.8441834373710058,0.5515272651280255,0.19638314586331515,5.23286682690511,1.3886833895341044,0.36124274820865715,round1_20260927
blur,1ch,M2_byte_affine,shared,full,blur:uint8:1ch:v2,uint8:1ch,v2,baseline,validation,65536.0,65536.0,0.32653061224489793,8.730368727555673,1.2525511506706273,0.27172290618266565,6.521868694226582,-2.2085000333290905,-0.25296755523720316,round1_20260927
blur,1ch,M2_byte_affine,shared,full,blur:uint8:1ch:v3,uint8:1ch,v3,baseline,validation,200704.0,200704.0,1.0,27.34011817796681,3.9225028806854465,2.711696675231116,10.884644245160796,-16.455473932806015,-0.6018801318155002,round1_20260927
blur,1ch,M2_byte_affine,shared,full,blur:float32:1ch:t0,float32:1ch,t0,baseline,train,4096.0,16384.0,0.08163265306122448,0.9094541380181909,0.1304799215938482,0.03482591234641074,4.935404857523232,4.025950719505041,4.4267770646225975,round1_20260927
blur,1ch,M2_byte_affine,shared,full,blur:float32:1ch:t1,float32:1ch,t1,baseline,train,9216.0,36864.0,0.1836734693877551,1.569673866033554,0.2252020353816611,0.08071105998145386,5.596431456149628,4.026757590116074,2.5653466476392213,round1_20260927
blur,1ch,M2_byte_affine,shared,full,blur:float32:1ch:t2,float32:1ch,t2,baseline,train,20736.0,82944.0,0.413265306122449,3.2934570064147315,0.4725142192503925,0.388275348719399,7.0837413030590195,3.790284296644288,1.1508528240271167,round1_20260927
blur,1ch,M2_byte_affine,shared,full,blur:float32:1ch:t3,float32:1ch,t3,baseline,train,36864.0,147456.0,0.7346938775510204,5.427929859918852,0.7787482984930386,0.2932935058184816,9.165975088732168,3.7380452288133155,0.6886686684026531,round1_20260927
blur,1ch,M2_byte_affine,shared,full,blur:float32:1ch:t4,float32:1ch,t4,baseline+control,train,50176.0,200704.0,1.0,7.029785573531197,1.0085674825282602,0.4558638882563633,10.884644245160796,3.854858671629599,0.5483607759167012,"round1_20260927,round2_20260927"
blur,1ch,M2_byte_affine,shared,full,blur:float32:1ch:t5,float32:1ch,t5,baseline,train,82944.0,331776.0,1.653061224489796,10.753636798632407,1.542830614187839,0.5033121751371753,15.115214476369731,4.3615776777373245,0.4055909418748463,round1_20260927
blur,1ch,M2_byte_affine,shared,full,blur:float32:1ch:t6,float32:1ch,t6,baseline,train,147456.0,589824.0,2.938775510204082,20.1358906048976,2.8889081015944442,2.57104706231566,23.444149619062323,3.3082590141647223,0.16429663227113794,round1_20260927
blur,1ch,M2_byte_affine,shared,full,blur:float32:1ch:t7,float32:1ch,t7,baseline,train,262144.0,1048576.0,5.224489795918367,35.7575117655059,5.130151303419538,7.883679370857692,38.2511454282936,2.493633662787694,0.06973733740593271,round1_20260927
blur,1ch,M2_byte_affine,shared,full,blur:uint8:1ch:t0,uint8:1ch,t0,baseline,train,4096.0,4096.0,0.02040816326530612,0.9265565367725989,0.13293361283044494,0.027837861277773945,4.538788898347394,3.612232361574795,3.8985558012002146,round1_20260927
blur,1ch,M2_byte_affine,shared,full,blur:uint8:1ch:t1,uint8:1ch,t1,baseline,train,9216.0,9216.0,0.04591836734693878,1.6183962843691309,0.23219226947762334,0.0911290635168446,4.704045548003993,3.0856492636348625,1.90660921149957,round1_20260927
blur,1ch,M2_byte_affine,shared,full,blur:uint8:1ch:t2,uint8:1ch,t2,baseline,train,20736.0,20736.0,0.10331632653061225,3.1958938615086177,0.45851677730621787,0.15448296823884033,5.075873009731341,1.879979148222723,0.5882483053849858,round1_20260927
blur,1ch,M2_byte_affine,shared,full,blur:uint8:1ch:t3,uint8:1ch,t3,baseline,train,36864.0,36864.0,0.1836734693877551,5.3986620491681,0.7745492284219478,0.31485857561902836,5.596431456149628,0.19776940698152856,0.03663304077572398,round1_20260927
blur,1ch,M2_byte_affine,shared,full,blur:uint8:1ch:t4,uint8:1ch,t4,baseline,train,50176.0,50176.0,0.25,7.10466499632507,1.0193104774817252,0.5025019416095186,6.026098745256785,-1.0785662510682847,-0.15181099342842758,round1_20260927
blur,1ch,M2_byte_affine,shared,full,blur:uint8:1ch:t5,uint8:1ch,t5,baseline,train,82944.0,82944.0,0.413265306122449,10.925367324182128,1.5674688939782047,0.5011305180958722,7.0837413030590195,-3.8416260211231084,-0.35162442663324295,round1_20260927
blur,1ch,M2_byte_affine,shared,full,blur:uint8:1ch:t6,uint8:1ch,t6,baseline,train,147456.0,147456.0,0.7346938775510204,19.51089357088386,2.799239408490021,2.173292364389319,9.165975088732168,-10.34491848215169,-0.5302124397618277,round1_20260927
blur,1ch,M2_byte_affine,shared,full,blur:uint8:1ch:t7,uint8:1ch,t7,baseline,train,262144.0,262144.0,1.3061224489795917,35.97761032850886,5.161728974071656,8.146301882208311,12.867724041039985,-23.109886287468875,-0.6423407801811803,round1_20260927
blur,1ch,M3_element_prop,shared,full,blur:float32:1ch:v0,float32:1ch,v0,baseline,validation,6400.0,25600.0,0.12755102040816327,1.1934437051725884,0.17122407229563485,0.048191525063303965,0.8720610915773358,-0.32138261359525255,-0.2692901325821449,round1_20260927
blur,1ch,M3_element_prop,shared,full,blur:float32:1ch:v1,float32:1ch,v1,baseline,validation,25600.0,102400.0,0.5102040816326531,3.7802832069185874,0.5423594613755139,0.1966417652043313,3.488244366309343,-0.29203884060924423,-0.07725316454459323,round1_20260927
blur,1ch,M3_element_prop,shared,full,blur:float32:1ch:v2,float32:1ch,v2,baseline,validation,65536.0,262144.0,1.3061224489795917,8.652812834201884,1.2414241609073007,0.2579124643561535,8.929905577751919,0.27709274355003544,0.03202342970539867,round1_20260927
blur,1ch,M3_element_prop,shared,full,blur:float32:1ch:v3,float32:1ch,v3,baseline,validation,200704.0,802816.0,4.0,24.823284669959218,3.561411292818008,4.824201549280144,27.34783583186525,2.5245511619060323,0.10170093101986652,round1_20260927
blur,1ch,M3_element_prop,shared,full,blur:uint8:1ch:v0,uint8:1ch,v0,baseline,validation,6400.0,6400.0,0.03188775510204082,1.2150102209610243,0.17431823303611998,0.04828653216687504,0.8720610915773358,-0.3429491293836885,-0.2822602834669403,round1_20260927
blur,1ch,M3_element_prop,shared,full,blur:uint8:1ch:v1,uint8:1ch,v1,baseline,validation,25600.0,25600.0,0.12755102040816327,3.8441834373710058,0.5515272651280255,0.19638314586331515,3.488244366309343,-0.35593907106166256,-0.09259159373130366,round1_20260927
blur,1ch,M3_element_prop,shared,full,blur:uint8:1ch:v2,uint8:1ch,v2,baseline,validation,65536.0,65536.0,0.32653061224489793,8.730368727555673,1.2525511506706273,0.27172290618266565,8.929905577751919,0.199536850196246,0.02285548943270261,round1_20260927
blur,1ch,M3_element_prop,shared,full,blur:uint8:1ch:v3,uint8:1ch,v3,baseline,validation,200704.0,200704.0,1.0,27.34011817796681,3.9225028806854465,2.711696675231116,27.34783583186525,0.007717653898438925,0.0002822831213896699,round1_20260927
blur,1ch,M3_element_prop,shared,full,blur:float32:1ch:t0,float32:1ch,t0,baseline,train,4096.0,16384.0,0.08163265306122448,0.9094541380181909,0.1304799215938482,0.03482591234641074,0.5581190986094949,-0.3513350394086959,-0.3863141908115311,round1_20260927
blur,1ch,M3_element_prop,shared,full,blur:float32:1ch:t1,float32:1ch,t1,baseline,train,9216.0,36864.0,0.1836734693877551,1.569673866033554,0.2252020353816611,0.08071105998145386,1.2557679718713637,-0.3139058941621904,-0.19998160188231112,round1_20260927
blur,1ch,M3_element_prop,shared,full,blur:float32:1ch:t2,float32:1ch,t2,baseline,train,20736.0,82944.0,0.413265306122449,3.2934570064147315,0.4725142192503925,0.388275348719399,2.825477936710568,-0.4679790697041635,-0.1420935718282253,round1_20260927
blur,1ch,M3_element_prop,shared,full,blur:float32:1ch:t3,float32:1ch,t3,baseline,train,36864.0,147456.0,0.7346938775510204,5.427929859918852,0.7787482984930386,0.2932935058184816,5.023071887485455,-0.4048579724333976,-0.07458791526083762,round1_20260927
blur,1ch,M3_element_prop,shared,full,blur:float32:1ch:t4,float32:1ch,t4,baseline+control,train,50176.0,200704.0,1.0,7.029785573531197,1.0085674825282602,0.4558638882563633,6.836958957966313,-0.19282661556488456,-0.027429942712751055,"round1_20260927,round2_20260927"
blur,1ch,M3_element_prop,shared,full,blur:float32:1ch:t5,float32:1ch,t5,baseline,train,82944.0,331776.0,1.653061224489796,10.753636798632407,1.542830614187839,0.5033121751371753,11.301911746842272,0.5482749482098654,0.05098507216457155,round1_20260927
blur,1ch,M3_element_prop,shared,full,blur:float32:1ch:t6,float32:1ch,t6,baseline,train,147456.0,589824.0,2.938775510204082,20.1358906048976,2.8889081015944442,2.57104706231566,20.09228754994182,-0.04360305495578132,-0.0021654396029136083,round1_20260927
blur,1ch,M3_element_prop,shared,full,blur:float32:1ch:t7,float32:1ch,t7,baseline,train,262144.0,1048576.0,5.224489795918367,35.7575117655059,5.130151303419538,7.883679370857692,35.719622311007676,-0.03788945449822734,-0.0010596222339714937,round1_20260927
blur,1ch,M3_element_prop,shared,full,blur:uint8:1ch:t0,uint8:1ch,t0,baseline,train,4096.0,4096.0,0.02040816326530612,0.9265565367725989,0.13293361283044494,0.027837861277773945,0.5581190986094949,-0.3684374381631039,-0.39764161553104244,round1_20260927
blur,1ch,M3_element_prop,shared,full,blur:uint8:1ch:t1,uint8:1ch,t1,baseline,train,9216.0,9216.0,0.04591836734693878,1.6183962843691309,0.23219226947762334,0.0911290635168446,1.2557679718713637,-0.36262831249776717,-0.22406645146193213,round1_20260927
blur,1ch,M3_element_prop,shared,full,blur:uint8:1ch:t2,uint8:1ch,t2,baseline,train,20736.0,20736.0,0.10331632653061225,3.1958938615086177,0.45851677730621787,0.15448296823884033,2.825477936710568,-0.37041592479804963,-0.11590370045117683,round1_20260927
blur,1ch,M3_element_prop,shared,full,blur:uint8:1ch:t3,uint8:1ch,t3,baseline,train,36864.0,36864.0,0.1836734693877551,5.3986620491681,0.7745492284219478,0.31485857561902836,5.023071887485455,-0.3755901616826449,-0.0695709711521063,round1_20260927
blur,1ch,M3_element_prop,shared,full,blur:uint8:1ch:t4,uint8:1ch,t4,baseline,train,50176.0,50176.0,0.25,7.10466499632507,1.0193104774817252,0.5025019416095186,6.836958957966313,-0.2677060383587575,-0.03768031828344194,round1_20260927
blur,1ch,M3_element_prop,shared,full,blur:uint8:1ch:t5,uint8:1ch,t5,baseline,train,82944.0,82944.0,0.413265306122449,10.925367324182128,1.5674688939782047,0.5011305180958722,11.301911746842272,0.3765444226601442,0.03446514991095114,round1_20260927
blur,1ch,M3_element_prop,shared,full,blur:uint8:1ch:t6,uint8:1ch,t6,baseline,train,147456.0,147456.0,0.7346938775510204,19.51089357088386,2.799239408490021,2.173292364389319,20.09228754994182,0.5813939790579603,0.02979842911580306,round1_20260927
blur,1ch,M3_element_prop,shared,full,blur:uint8:1ch:t7,uint8:1ch,t7,baseline,train,262144.0,262144.0,1.3061224489795917,35.97761032850886,5.161728974071656,8.146301882208311,35.719622311007676,-0.2579880175011837,-0.007170793589277178,round1_20260927
blur,1ch,M4_element_affine,shared,full,blur:float32:1ch:v0,float32:1ch,v0,baseline,validation,6400.0,25600.0,0.12755102040816327,1.1934437051725884,0.17122407229563485,0.048191525063303965,1.1302203083507025,-0.06322339682188582,-0.05297560039729134,round1_20260927
blur,1ch,M4_element_affine,shared,full,blur:float32:1ch:v1,float32:1ch,v1,baseline,validation,25600.0,102400.0,0.5102040816326531,3.7802832069185874,0.5423594613755139,0.1966417652043313,3.715311221488952,-0.06497198542963556,-0.017187068236243604,round1_20260927
blur,1ch,M4_element_affine,shared,full,blur:float32:1ch:v2,float32:1ch,v2,baseline,validation,65536.0,262144.0,1.3061224489795917,8.652812834201884,1.2414241609073007,0.2579124643561535,9.092300320816511,0.43948748661462744,0.05079128545083858,round1_20260927
blur,1ch,M4_element_affine,shared,full,blur:float32:1ch:v3,float32:1ch,v3,baseline,validation,200704.0,802816.0,4.0,24.823284669959218,3.561411292818008,4.824201549280144,27.291340349309785,2.4680556793505666,0.09942502421274539,round1_20260927
blur,1ch,M4_element_affine,shared,full,blur:uint8:1ch:v0,uint8:1ch,v0,baseline,validation,6400.0,6400.0,0.03188775510204082,1.2150102209610243,0.17431823303611998,0.04828653216687504,1.1302203083507025,-0.08478991261032176,-0.069785349248549,round1_20260927
blur,1ch,M4_element_affine,shared,full,blur:uint8:1ch:v1,uint8:1ch,v1,baseline,validation,25600.0,25600.0,0.12755102040816327,3.8441834373710058,0.5515272651280255,0.19638314586331515,3.715311221488952,-0.1288722158820539,-0.03352395065990611,round1_20260927
blur,1ch,M4_element_affine,shared,full,blur:uint8:1ch:v2,uint8:1ch,v2,baseline,validation,65536.0,65536.0,0.32653061224489793,8.730368727555673,1.2525511506706273,0.27172290618266565,9.092300320816511,0.361931593260838,0.041456621656594285,round1_20260927
blur,1ch,M4_element_affine,shared,full,blur:uint8:1ch:v3,uint8:1ch,v3,baseline,validation,200704.0,200704.0,1.0,27.34011817796681,3.9225028806854465,2.711696675231116,27.291340349309785,-0.048777828657026845,-0.0017841118439764652,round1_20260927
blur,1ch,M4_element_affine,shared,full,blur:float32:1ch:t0,float32:1ch,t0,baseline,train,4096.0,16384.0,0.08163265306122448,0.9094541380181909,0.1304799215938482,0.03482591234641074,0.8200093987741126,-0.08944473924407825,-0.09834991728003901,round1_20260927
blur,1ch,M4_element_affine,shared,full,blur:float32:1ch:t1,float32:1ch,t1,baseline,train,9216.0,36864.0,0.1836734693877551,1.569673866033554,0.2252020353816611,0.08071105998145386,1.509366975610979,-0.06030689042257498,-0.038420013053390434,round1_20260927
blur,1ch,M4_element_affine,shared,full,blur:float32:1ch:t2,float32:1ch,t2,baseline,train,20736.0,82944.0,0.413265306122449,3.2934570064147315,0.4725142192503925,0.388275348719399,3.0604215234939285,-0.233035482920803,-0.07075710491040726,round1_20260927
blur,1ch,M4_element_affine,shared,full,blur:float32:1ch:t3,float32:1ch,t3,baseline,train,36864.0,147456.0,0.7346938775510204,5.427929859918852,0.7787482984930386,0.2932935058184816,5.231897890530059,-0.19603196938879375,-0.03611542050982295,round1_20260927
blur,1ch,M4_element_affine,shared,full,blur:float32:1ch:t4,float32:1ch,t4,baseline+control,train,50176.0,200704.0,1.0,7.029785573531197,1.0085674825282602,0.4558638882563633,7.024227590305911,-0.005557983225286556,-0.0007906333937430006,"round1_20260927,round2_20260927"
blur,1ch,M4_element_affine,shared,full,blur:float32:1ch:t5,float32:1ch,t5,baseline,train,82944.0,331776.0,1.653061224489796,10.753636798632407,1.542830614187839,0.5033121751371753,11.436116082061856,0.6824792834294495,0.06346497433465893,round1_20260927
blur,1ch,M4_element_affine,shared,full,blur:float32:1ch:t6,float32:1ch,t6,baseline,train,147456.0,589824.0,2.938775510204082,20.1358906048976,2.8889081015944442,2.57104706231566,20.122021550206373,-0.013869054691227234,-0.0006887728466231287,round1_20260927
blur,1ch,M4_element_affine,shared,full,blur:float32:1ch:t7,float32:1ch,t7,baseline,train,262144.0,1048576.0,5.224489795918367,35.7575117655059,5.130151303419538,7.883679370857692,35.563631271352186,-0.1938804941537171,-0.005422091319585253,round1_20260927
blur,1ch,M4_element_affine,shared,full,blur:uint8:1ch:t0,uint8:1ch,t0,baseline,train,4096.0,4096.0,0.02040816326530612,0.9265565367725989,0.13293361283044494,0.027837861277773945,0.8200093987741126,-0.10654713799848625,-0.11499259221635139,round1_20260927
blur,1ch,M4_element_affine,shared,full,blur:uint8:1ch:t1,uint8:1ch,t1,baseline,train,9216.0,9216.0,0.04591836734693878,1.6183962843691309,0.23219226947762334,0.0911290635168446,1.509366975610979,-0.10902930875815176,-0.06736873398140099,round1_20260927
blur,1ch,M4_element_affine,shared,full,blur:uint8:1ch:t2,uint8:1ch,t2,baseline,train,20736.0,20736.0,0.10331632653061225,3.1958938615086177,0.45851677730621787,0.15448296823884033,3.0604215234939285,-0.13547233801468916,-0.042389498489395896,round1_20260927
blur,1ch,M4_element_affine,shared,full,blur:uint8:1ch:t3,uint8:1ch,t3,baseline,train,36864.0,36864.0,0.1836734693877551,5.3986620491681,0.7745492284219478,0.31485857561902836,5.231897890530059,-0.16676415863804106,-0.030889905150432297,round1_20260927
blur,1ch,M4_element_affine,shared,full,blur:uint8:1ch:t4,uint8:1ch,t4,baseline,train,50176.0,50176.0,0.25,7.10466499632507,1.0193104774817252,0.5025019416095186,7.024227590305911,-0.0804374060191595,-0.011321773237832638,round1_20260927
blur,1ch,M4_element_affine,shared,full,blur:uint8:1ch:t5,uint8:1ch,t5,baseline,train,82944.0,82944.0,0.413265306122449,10.925367324182128,1.5674688939782047,0.5011305180958722,11.436116082061856,0.5107487578797283,0.04674888657969794,round1_20260927
blur,1ch,M4_element_affine,shared,full,blur:uint8:1ch:t6,uint8:1ch,t6,baseline,train,147456.0,147456.0,0.7346938775510204,19.51089357088386,2.799239408490021,2.173292364389319,20.122021550206373,0.6111279793225144,0.031322398284951015,round1_20260927
blur,1ch,M4_element_affine,shared,full,blur:uint8:1ch:t7,uint8:1ch,t7,baseline,train,262144.0,262144.0,1.3061224489795917,35.97761032850886,5.161728974071656,8.146301882208311,35.563631271352186,-0.4139790571566735,-0.01150657459949846,round1_20260927
blur,1ch,M5_repr_element_affine,float32:1ch,full,blur:float32:1ch:v0,float32:1ch,v0,baseline,validation,6400.0,25600.0,0.12755102040816327,1.1934437051725884,0.17122407229563485,0.048191525063303965,1.142497187018061,-0.05094651815452744,-0.04268866468834395,round1_20260927
blur,1ch,M5_repr_element_affine,float32:1ch,full,blur:float32:1ch:v1,float32:1ch,v1,baseline,validation,25600.0,102400.0,0.5102040816326531,3.7802832069185874,0.5423594613755139,0.1966417652043313,3.7279783698858786,-0.05230483703270883,-0.013836221830412524,round1_20260927
blur,1ch,M5_repr_element_affine,float32:1ch,full,blur:float32:1ch:v2,float32:1ch,v2,baseline,validation,65536.0,262144.0,1.3061224489795917,8.652812834201884,1.2414241609073007,0.2579124643561535,9.105779230250938,0.45296639604905486,0.05234903432310697,round1_20260927
blur,1ch,M5_repr_element_affine,float32:1ch,full,blur:float32:1ch:v3,float32:1ch,v3,baseline,validation,200704.0,802816.0,4.0,24.823284669959218,3.561411292818008,4.824201549280144,27.307566757640377,2.4842820876811587,0.1000787011352934,round1_20260927
blur,1ch,M5_repr_element_affine,float32:1ch,full,blur:float32:1ch:t0,float32:1ch,t0,baseline,train,4096.0,16384.0,0.08163265306122448,0.9094541380181909,0.1304799215938482,0.03482591234641074,0.8322394450739228,-0.07721469294426808,-0.08490223939442193,round1_20260927
blur,1ch,M5_repr_element_affine,float32:1ch,full,blur:float32:1ch:t1,float32:1ch,t1,baseline,train,9216.0,36864.0,0.1836734693877551,1.569673866033554,0.2252020353816611,0.08071105998145386,1.5217010938386741,-0.04797277219487994,-0.030562254512208623,round1_20260927
blur,1ch,M5_repr_element_affine,float32:1ch,full,blur:float32:1ch:t2,float32:1ch,t2,baseline,train,20736.0,82944.0,0.413265306122449,3.2934570064147315,0.4725142192503925,0.388275348719399,3.0729898035593646,-0.22046720285536692,-0.06694096884397112,round1_20260927
blur,1ch,M5_repr_element_affine,float32:1ch,full,blur:float32:1ch:t3,float32:1ch,t3,baseline,train,36864.0,147456.0,0.7346938775510204,5.427929859918852,0.7787482984930386,0.2932935058184816,5.244793997168331,-0.18313586275052174,-0.03373954112834826,round1_20260927
blur,1ch,M5_repr_element_affine,float32:1ch,full,blur:float32:1ch:t4,float32:1ch,t4,baseline+control,train,50176.0,200704.0,1.0,7.029785573531197,1.0085674825282602,0.4558638882563633,7.037394283956685,0.007608710425487608,0.0010823531309598119,"round1_20260927,round2_20260927"
blur,1ch,M5_repr_element_affine,float32:1ch,full,blur:float32:1ch:t5,float32:1ch,t5,baseline,train,82944.0,331776.0,1.653061224489796,10.753636798632407,1.542830614187839,0.5033121751371753,11.449948836051092,0.6963120374186857,0.064751306972469,round1_20260927
blur,1ch,M5_repr_element_affine,float32:1ch,full,blur:float32:1ch:t6,float32:1ch,t6,baseline,train,147456.0,589824.0,2.938775510204082,20.1358906048976,2.8889081015944442,2.57104706231566,20.13716561048696,0.001275005589359779,6.332004947671213e-05,round1_20260927
blur,1ch,M5_repr_element_affine,float32:1ch,full,blur:float32:1ch:t7,float32:1ch,t7,baseline,train,262144.0,1048576.0,5.224489795918367,35.7575117655059,5.130151303419538,7.883679370857692,35.58110654281739,-0.17640522268851555,-0.004933375226032586,round1_20260927
blur,1ch,M3_element_prop,float32:1ch,local_x_le_2,blur:float32:1ch:v0,float32:1ch,v0,baseline,validation,6400.0,25600.0,0.12755102040816327,1.1934437051725884,0.17122407229563485,0.048191525063303965,0.8681829149131771,-0.32526079025941124,-0.27253970074137185,round1_20260927
blur,1ch,M3_element_prop,float32:1ch,local_x_le_2,blur:float32:1ch:v1,float32:1ch,v1,baseline,validation,25600.0,102400.0,0.5102040816326531,3.7802832069185874,0.5423594613755139,0.1966417652043313,3.4727316596527085,-0.30755154726587897,-0.08135674774392701,round1_20260927
blur,1ch,M3_element_prop,float32:1ch,local_x_le_2,blur:float32:1ch:v2,float32:1ch,v2,baseline,validation,65536.0,262144.0,1.3061224489795917,8.652812834201884,1.2414241609073007,0.2579124643561535,8.890193048710934,0.23738021450905045,0.027433878330380627,round1_20260927
blur,1ch,M3_element_prop,float32:1ch,local_x_le_2,blur:float32:1ch:t0,float32:1ch,t0,baseline,train,4096.0,16384.0,0.08163265306122448,0.9094541380181909,0.1304799215938482,0.03482591234641074,0.5556370655444334,-0.3538170724737575,-0.3890433367478729,round1_20260927
blur,1ch,M3_element_prop,float32:1ch,local_x_le_2,blur:float32:1ch:t1,float32:1ch,t1,baseline,train,9216.0,36864.0,0.1836734693877551,1.569673866033554,0.2252020353816611,0.08071105998145386,1.250183397474975,-0.3194904685585791,-0.2035393946934385,round1_20260927
blur,1ch,M3_element_prop,float32:1ch,local_x_le_2,blur:float32:1ch:t2,float32:1ch,t2,baseline,train,20736.0,82944.0,0.413265306122449,3.2934570064147315,0.4725142192503925,0.388275348719399,2.812912644318694,-0.4805443620960377,-0.1459088007403989,round1_20260927
blur,1ch,M3_element_prop,float32:1ch,local_x_le_2,blur:float32:1ch:t3,float32:1ch,t3,baseline,train,36864.0,147456.0,0.7346938775510204,5.427929859918852,0.7787482984930386,0.2932935058184816,5.0007335898999,-0.42719627001895244,-0.07870335119351358,round1_20260927
blur,1ch,M3_element_prop,float32:1ch,local_x_le_2,blur:float32:1ch:t4,float32:1ch,t4,baseline+control,train,50176.0,200704.0,1.0,7.029785573531197,1.0085674825282602,0.4558638882563633,6.806554052919309,-0.223231520611888,-0.03175509669205379,"round1_20260927,round2_20260927"
blur,1ch,M3_element_prop,float32:1ch,local_x_le_2,blur:float32:1ch:t5,float32:1ch,t5,baseline,train,82944.0,331776.0,1.653061224489796,10.753636798632407,1.542830614187839,0.5033121751371753,11.251650577274775,0.4980137786423686,0.046311195734795835,round1_20260927
blur,1ch,M4_element_affine,float32:1ch,local_x_le_2,blur:float32:1ch:v0,float32:1ch,v0,baseline,validation,6400.0,25600.0,0.12755102040816327,1.1934437051725884,0.17122407229563485,0.048191525063303965,1.3677979660684878,0.17435426089589945,0.14609341030516845,round1_20260927
blur,1ch,M4_element_affine,float32:1ch,local_x_le_2,blur:float32:1ch:v1,float32:1ch,v1,baseline,validation,25600.0,102400.0,0.5102040816326531,3.7802832069185874,0.5423594613755139,0.1966417652043313,3.7762774227305433,-0.0040057841880440925,-0.0010596518749475697,round1_20260927
blur,1ch,M4_element_affine,float32:1ch,local_x_le_2,blur:float32:1ch:v2,float32:1ch,v2,baseline,validation,65536.0,262144.0,1.3061224489795917,8.652812834201884,1.2414241609073007,0.2579124643561535,8.78591469258762,0.13310185838573574,0.015382495950868763,round1_20260927
blur,1ch,M4_element_affine,float32:1ch,local_x_le_2,blur:float32:1ch:t0,float32:1ch,t0,baseline,train,4096.0,16384.0,0.08163265306122448,0.9094541380181909,0.1304799215938482,0.03482591234641074,1.078780431269041,0.16932629325085014,0.18618453220723405,round1_20260927
blur,1ch,M4_element_affine,float32:1ch,local_x_le_2,blur:float32:1ch:t1,float32:1ch,t1,baseline,train,9216.0,36864.0,0.1836734693877551,1.569673866033554,0.2252020353816611,0.08071105998145386,1.721041619712256,0.15136775367870192,0.09643261377676923,round1_20260927
blur,1ch,M4_element_affine,float32:1ch,local_x_le_2,blur:float32:1ch:t2,float32:1ch,t2,baseline,train,20736.0,82944.0,0.413265306122449,3.2934570064147315,0.4725142192503925,0.388275348719399,3.1661292937094894,-0.12732771270524212,-0.03866080913072295,round1_20260927
blur,1ch,M4_element_affine,float32:1ch,local_x_le_2,blur:float32:1ch:t3,float32:1ch,t3,baseline,train,36864.0,147456.0,0.7346938775510204,5.427929859918852,0.7787482984930386,0.2932935058184816,5.189252037305616,-0.23867782261323622,-0.04397216411650619,round1_20260927
blur,1ch,M4_element_affine,float32:1ch,local_x_le_2,blur:float32:1ch:t4,float32:1ch,t4,baseline+control,train,50176.0,200704.0,1.0,7.029785573531197,1.0085674825282602,0.4558638882563633,6.8591311272579745,-0.17065444627322268,-0.0242759106217659,"round1_20260927,round2_20260927"
blur,1ch,M4_element_affine,float32:1ch,local_x_le_2,blur:float32:1ch:t5,float32:1ch,t5,baseline,train,82944.0,331776.0,1.653061224489796,10.753636798632407,1.542830614187839,0.5033121751371753,10.96960273329455,0.21596593466214387,0.020083060150367857,round1_20260927
blur,1ch,M5_repr_element_affine,uint8:1ch,full,blur:uint8:1ch:v0,uint8:1ch,v0,baseline,validation,6400.0,6400.0,0.03188775510204082,1.2150102209610243,0.17431823303611998,0.04828653216687504,1.1179434296833424,-0.09706679127768192,-0.0798896911343725,round1_20260927
blur,1ch,M5_repr_element_affine,uint8:1ch,full,blur:uint8:1ch:v1,uint8:1ch,v1,baseline,validation,25600.0,25600.0,0.12755102040816327,3.8441834373710058,0.5515272651280255,0.19638314586331515,3.7026440730920234,-0.1415393642789824,-0.03681909736747099,round1_20260927
blur,1ch,M5_repr_element_affine,uint8:1ch,full,blur:uint8:1ch:v2,uint8:1ch,v2,baseline,validation,65536.0,65536.0,0.32653061224489793,8.730368727555673,1.2525511506706273,0.27172290618266565,9.078821411382078,0.34845268382640526,0.039912710986259224,round1_20260927
blur,1ch,M5_repr_element_affine,uint8:1ch,full,blur:uint8:1ch:v3,uint8:1ch,v3,baseline,validation,200704.0,200704.0,1.0,27.34011817796681,3.9225028806854465,2.711696675231116,27.275113940979193,-0.06500423698761892,-0.0023776136066597305,round1_20260927
blur,1ch,M5_repr_element_affine,uint8:1ch,full,blur:uint8:1ch:t0,uint8:1ch,t0,baseline,train,4096.0,4096.0,0.02040816326530612,0.9265565367725989,0.13293361283044494,0.027837861277773945,0.8077793524743007,-0.1187771842982982,-0.12819205259942948,round1_20260927
blur,1ch,M5_repr_element_affine,uint8:1ch,full,blur:uint8:1ch:t1,uint8:1ch,t1,baseline,train,9216.0,9216.0,0.04591836734693878,1.6183962843691309,0.23219226947762334,0.0911290635168446,1.4970328573832823,-0.12136342698584857,-0.07498993179730229,round1_20260927
blur,1ch,M5_repr_element_affine,uint8:1ch,full,blur:uint8:1ch:t2,uint8:1ch,t2,baseline,train,20736.0,20736.0,0.10331632653061225,3.1958938615086177,0.45851677730621787,0.15448296823884033,3.0478532434284906,-0.14804061808012703,-0.046322132240726115,round1_20260927
blur,1ch,M5_repr_element_affine,uint8:1ch,full,blur:uint8:1ch:t3,uint8:1ch,t3,baseline,train,36864.0,36864.0,0.1836734693877551,5.3986620491681,0.7745492284219478,0.31485857561902836,5.219001783891783,-0.17966026527631662,-0.033278664906243045,round1_20260927
blur,1ch,M5_repr_element_affine,uint8:1ch,full,blur:uint8:1ch:t4,uint8:1ch,t4,baseline,train,50176.0,50176.0,0.25,7.10466499632507,1.0193104774817252,0.5025019416095186,7.011060896655135,-0.09360409966993544,-0.013175019472185207,round1_20260927
blur,1ch,M5_repr_element_affine,uint8:1ch,full,blur:uint8:1ch:t5,uint8:1ch,t5,baseline,train,82944.0,82944.0,0.413265306122449,10.925367324182128,1.5674688939782047,0.5011305180958722,11.422283328072615,0.49691600389048673,0.04548277317785156,round1_20260927
blur,1ch,M5_repr_element_affine,uint8:1ch,full,blur:uint8:1ch:t6,uint8:1ch,t6,baseline,train,147456.0,147456.0,0.7346938775510204,19.51089357088386,2.799239408490021,2.173292364389319,20.106877489925786,0.5959839190419274,0.0305462134205537,round1_20260927
blur,1ch,M5_repr_element_affine,uint8:1ch,full,blur:uint8:1ch:t7,uint8:1ch,t7,baseline,train,262144.0,262144.0,1.3061224489795917,35.97761032850886,5.161728974071656,8.146301882208311,35.54615599988697,-0.43145432862188926,-0.011992300897205573,round1_20260927
blur,3ch,M1_byte_prop_anchored,shared,full,blur:float32:3ch:v0,float32:3ch,v0,baseline,validation,19200.0,76800.0,0.3826530612244898,1.4147147295686107,0.20296995667535492,0.06418250265726357,2.667118478498135,1.2524037489295246,0.8852694629901962,round1_20260927
blur,3ch,M1_byte_prop_anchored,shared,full,blur:float32:3ch:v1,float32:3ch,v1,baseline,validation,76800.0,307200.0,1.530612244897959,4.437902649709334,0.6367085107084561,0.2178509538628073,10.66847391399254,6.230571264283207,1.4039450064753645,round1_20260927
blur,3ch,M1_byte_prop_anchored,shared,full,blur:float32:3ch:v2,float32:3ch,v2,baseline,validation,196608.0,786432.0,3.9183673469387754,10.517050672479831,1.5088874631259843,0.37945345137134495,27.311293219820907,16.794242547341078,1.5968585747415762,round1_20260927
blur,3ch,M1_byte_prop_anchored,shared,full,blur:float32:3ch:v3,float32:3ch,v3,baseline,validation,602112.0,2408448.0,12.0,33.36427419073984,4.786792096993363,8.169013764587627,83.64083548570153,50.27656129496169,1.5068980972742336,round1_20260927
blur,3ch,M1_byte_prop_anchored,shared,full,blur:uint8:3ch:v0,uint8:3ch,v0,baseline,validation,19200.0,19200.0,0.09566326530612244,1.4769610506482422,0.21190047307464738,0.04042047029498749,0.6667796196245338,-0.8101814310237084,-0.5485462400434443,round1_20260927
blur,3ch,M1_byte_prop_anchored,shared,full,blur:uint8:3ch:v1,uint8:3ch,v1,baseline,validation,76800.0,76800.0,0.3826530612244898,4.636861905455589,0.6652533124801124,0.22551869406541783,2.667118478498135,-1.969743426957454,-0.424800968223771,round1_20260927
blur,3ch,M1_byte_prop_anchored,shared,full,blur:uint8:3ch:v2,uint8:3ch,v2,baseline,validation,196608.0,196608.0,0.9795918367346939,10.64690839026251,1.5275182264886784,0.4745540558530487,6.827823304955227,-3.8190850853072833,-0.35870366732939646,round1_20260927
blur,3ch,M1_byte_prop_anchored,shared,full,blur:uint8:3ch:v3,uint8:3ch,v3,baseline,validation,602112.0,602112.0,3.0,34.93616830968094,5.012312673369214,7.1087000048913485,20.910208871425382,-14.025959438255555,-0.40147389129588407,round1_20260927
blur,3ch,M1_byte_prop_anchored,shared,full,blur:float32:3ch:t0,float32:3ch,t0,baseline,train,12288.0,49152.0,0.24489795918367346,1.0483491250003378,0.15040726729893378,0.03674591270303875,1.7069558262388067,0.6586067012384689,0.6282322229612741,round1_20260927
blur,3ch,M1_byte_prop_anchored,shared,full,blur:float32:3ch:t1,float32:3ch,t1,baseline,train,27648.0,110592.0,0.5510204081632653,1.8436820114341874,0.2645141456172135,0.06273466727791303,3.8406506090373145,1.996968597603127,1.0831415532712712,round1_20260927
blur,3ch,M1_byte_prop_anchored,shared,full,blur:float32:3ch:t2,float32:3ch,t2,baseline,train,62208.0,248832.0,1.239795918367347,3.6912948979685702,0.5295922562035527,0.14915010047438237,8.64146387033396,4.95016897236539,1.3410386081831651,round1_20260927
blur,3ch,M1_byte_prop_anchored,shared,full,blur:float32:3ch:t3,float32:3ch,t3,baseline,train,110592.0,442368.0,2.204081632653061,6.354811818755606,0.9117285998189676,0.33143735002397906,15.362602436149258,9.007790617393653,1.4174755876811393,round1_20260927
blur,3ch,M1_byte_prop_anchored,shared,full,blur:float32:3ch:t4,float32:3ch,t4,baseline,train,150528.0,602112.0,3.0,8.053652985083016,1.1554623439589808,0.3486923652718969,20.910208871425382,12.856555886342367,1.5963632788940985,round1_20260927
blur,3ch,M1_byte_prop_anchored,shared,full,blur:float32:3ch:t5,float32:3ch,t5,baseline,train,248832.0,995328.0,4.959183673469388,13.679758789307186,1.9626430620692334,1.46731118031968,34.56585548133584,20.88609669202865,1.5267883749788276,round1_20260927
blur,3ch,M1_byte_prop_anchored,shared,full,blur:float32:3ch:t6,float32:3ch,t6,baseline,train,442368.0,1769472.0,8.816326530612244,22.97352415681597,3.2960250609753863,3.932096916964358,61.45040974459703,38.47688558778106,1.6748360123218375,round1_20260927
blur,3ch,M1_byte_prop_anchored,shared,full,blur:float32:3ch:t7,float32:3ch,t7,baseline,train,786432.0,3145728.0,15.673469387755102,46.09784001324697,6.613684296034194,8.616267020052662,109.24517287928363,63.147332866036656,1.3698544844593636,round1_20260927
blur,3ch,M1_byte_prop_anchored,shared,full,blur:uint8:3ch:t0,uint8:3ch,t0,baseline,train,12288.0,12288.0,0.061224489795918366,1.0712821696264048,0.15369748473775705,0.0410198445822618,0.4267389565597017,-0.644543213066703,-0.6016558767999274,round1_20260927
blur,3ch,M1_byte_prop_anchored,shared,full,blur:uint8:3ch:t1,uint8:3ch,t1,baseline,train,27648.0,27648.0,0.1377551020408163,1.9797924424832065,0.2840419894401921,0.12646178977759875,0.9601626522593286,-1.019629790223878,-0.5150185283791571,round1_20260927
blur,3ch,M1_byte_prop_anchored,shared,full,blur:uint8:3ch:t2,uint8:3ch,t2,baseline,train,62208.0,62208.0,0.30994897959183676,3.83606736936296,0.5503628480639086,0.15714367686731243,2.16036596758349,-1.6757014017794702,-0.4368279387277151,round1_20260927
blur,3ch,M1_byte_prop_anchored,shared,full,blur:uint8:3ch:t3,uint8:3ch,t3,baseline,train,110592.0,110592.0,0.5510204081632653,6.463222950089908,0.9272824087743315,0.275821958130395,3.8406506090373145,-2.6225723410525936,-0.40576850919495383,round1_20260927
blur,3ch,M1_byte_prop_anchored,shared,full,blur:uint8:3ch:t4,uint8:3ch,t4,baseline,train,150528.0,150528.0,0.75,8.28813892810605,1.1891041805085147,0.3435839157031051,5.227552217856346,-3.060586710249705,-0.3692730945750555,round1_20260927
blur,3ch,M1_byte_prop_anchored,shared,full,blur:uint8:3ch:t5,uint8:3ch,t5,baseline,train,248832.0,248832.0,1.239795918367347,13.614195286021072,1.9532366275822433,0.8814041685975825,8.64146387033396,-4.972731415687113,-0.3652607672517425,round1_20260927
blur,3ch,M1_byte_prop_anchored,shared,full,blur:uint8:3ch:t6,uint8:3ch,t6,baseline,train,442368.0,442368.0,2.204081632653061,25.57327558770781,3.6690129321455065,3.8829657858260527,15.362602436149258,-10.21067315155855,-0.3992712281435887,round1_20260927
blur,3ch,M1_byte_prop_anchored,shared,full,blur:uint8:3ch:t7,uint8:3ch,t7,baseline+control,train,786432.0,786432.0,3.9183673469387754,49.006240244766325,7.030954192676947,14.922060361806185,27.311293219820907,-21.694947024945417,-0.4426976425162988,"round1_20260927,round2_20260927"
blur,3ch,M2_byte_affine,shared,full,blur:float32:3ch:v0,float32:3ch,v0,baseline,validation,19200.0,76800.0,0.3826530612244898,1.4147147295686107,0.20296995667535492,0.06418250265726357,6.518287241403758,5.103572511835147,3.6074923128787817,round1_20260927
blur,3ch,M2_byte_affine,shared,full,blur:float32:3ch:v1,float32:3ch,v1,baseline,validation,76800.0,307200.0,1.530612244897959,4.437902649709334,0.6367085107084561,0.2178509538628073,9.675221268750377,5.2373186190410435,1.180133732627972,round1_20260927
blur,3ch,M2_byte_affine,shared,full,blur:float32:3ch:v2,float32:3ch,v2,baseline,validation,196608.0,786432.0,3.9183673469387754,10.517050672479831,1.5088874631259843,0.37945345137134495,16.241644045631343,5.724593373151512,0.5443154693673926,round1_20260927
blur,3ch,M2_byte_affine,shared,full,blur:float32:3ch:v3,float32:3ch,v3,baseline,validation,602112.0,2408448.0,12.0,33.36427419073984,4.786792096993363,8.169013764587627,38.466459598151545,5.102185407411703,0.1529236145897578,round1_20260927
blur,3ch,M2_byte_affine,shared,full,blur:uint8:3ch:v0,uint8:3ch,v0,baseline,validation,19200.0,19200.0,0.09566326530612244,1.4769610506482422,0.21190047307464738,0.04042047029498749,5.7290537345671035,4.252092683918861,2.8789470663783625,round1_20260927
blur,3ch,M2_byte_affine,shared,full,blur:uint8:3ch:v1,uint8:3ch,v1,baseline,validation,76800.0,76800.0,0.3826530612244898,4.636861905455589,0.6652533124801124,0.22551869406541783,6.518287241403758,1.881425335948169,0.4057540151744743,round1_20260927
blur,3ch,M2_byte_affine,shared,full,blur:uint8:3ch:v2,uint8:3ch,v2,baseline,validation,196608.0,196608.0,0.9795918367346939,10.64690839026251,1.5275182264886784,0.4745540558530487,8.159892935624,-2.4870154546385095,-0.23359038731967427,round1_20260927
blur,3ch,M2_byte_affine,shared,full,blur:uint8:3ch:v3,uint8:3ch,v3,baseline,validation,602112.0,602112.0,3.0,34.93616830968094,5.012312673369214,7.1087000048913485,13.71609682375405,-21.220071485926887,-0.607395501928777,round1_20260927
blur,3ch,M2_byte_affine,shared,full,blur:float32:3ch:t0,float32:3ch,t0,baseline,train,12288.0,49152.0,0.24489795918367346,1.0483491250003378,0.15040726729893378,0.03674591270303875,6.139455158122164,5.091106033121826,4.856307800247542,round1_20260927
blur,3ch,M2_byte_affine,shared,full,blur:float32:3ch:t1,float32:3ch,t1,baseline,train,27648.0,110592.0,0.5510204081632653,1.8436820114341874,0.2645141456172135,0.06273466727791303,6.981304232081262,5.137622220647075,2.7866097237942644,round1_20260927
blur,3ch,M2_byte_affine,shared,full,blur:float32:3ch:t2,float32:3ch,t2,baseline,train,62208.0,248832.0,1.239795918367347,3.6912948979685702,0.5295922562035527,0.14915010047438237,8.875464648489233,5.184169750520663,1.4044312074263334,round1_20260927
blur,3ch,M2_byte_affine,shared,full,blur:float32:3ch:t3,float32:3ch,t3,baseline,train,110592.0,442368.0,2.204081632653061,6.354811818755606,0.9117285998189676,0.33143735002397906,11.527289231460394,5.1724774127047874,0.8139465904306915,round1_20260927
blur,3ch,M2_byte_affine,shared,full,blur:float32:3ch:t4,float32:3ch,t4,baseline,train,150528.0,602112.0,3.0,8.053652985083016,1.1554623439589808,0.3486923652718969,13.71609682375405,5.6624438386710345,0.7030901193730371,round1_20260927
blur,3ch,M2_byte_affine,shared,full,blur:float32:3ch:t5,float32:3ch,t5,baseline,train,248832.0,995328.0,4.959183673469388,13.679758789307186,1.9626430620692334,1.46731118031968,19.10393089709228,5.424172107785093,0.39651080047002796,round1_20260927
blur,3ch,M2_byte_affine,shared,full,blur:float32:3ch:t6,float32:3ch,t6,baseline,train,442368.0,1769472.0,8.816326530612244,22.97352415681597,3.2960250609753863,3.932096916964358,29.71122922897692,6.737705072160949,0.29328130182247,round1_20260927
blur,3ch,M2_byte_affine,shared,full,blur:float32:3ch:t7,float32:3ch,t7,baseline,train,786432.0,3145728.0,15.673469387755102,46.09784001324697,6.613684296034194,8.616267020052662,48.568648485660724,2.4708084724137507,0.05359922442578054,round1_20260927
blur,3ch,M2_byte_affine,shared,full,blur:uint8:3ch:t0,uint8:3ch,t0,baseline,train,12288.0,12288.0,0.061224489795918366,1.0712821696264048,0.15369748473775705,0.0410198445822618,5.634345713746705,4.5630635441203005,4.259441325072746,round1_20260927
blur,3ch,M2_byte_affine,shared,full,blur:uint8:3ch:t1,uint8:3ch,t1,baseline,train,27648.0,27648.0,0.1377551020408163,1.9797924424832065,0.2840419894401921,0.12646178977759875,5.844807982236479,3.865015539753273,1.9522326971333803,round1_20260927
blur,3ch,M2_byte_affine,shared,full,blur:uint8:3ch:t2,uint8:3ch,t2,baseline,train,62208.0,62208.0,0.30994897959183676,3.83606736936296,0.5503628480639086,0.15714367686731243,6.318348086338472,2.4822807169755117,0.6470899694829222,round1_20260927
blur,3ch,M2_byte_affine,shared,full,blur:uint8:3ch:t3,uint8:3ch,t3,baseline,train,110592.0,110592.0,0.5510204081632653,6.463222950089908,0.9272824087743315,0.275821958130395,6.981304232081262,0.5180812819913543,0.08015834916914748,round1_20260927
blur,3ch,M2_byte_affine,shared,full,blur:uint8:3ch:t4,uint8:3ch,t4,baseline,train,150528.0,150528.0,0.75,8.28813892810605,1.1891041805085147,0.3435839157031051,7.5285061301546765,-0.7596327979513742,-0.09165300009334669,round1_20260927
blur,3ch,M2_byte_affine,shared,full,blur:uint8:3ch:t5,uint8:3ch,t5,baseline,train,248832.0,248832.0,1.239795918367347,13.614195286021072,1.9532366275822433,0.8814041685975825,8.875464648489233,-4.738730637531839,-0.348072768017183,round1_20260927
blur,3ch,M2_byte_affine,shared,full,blur:uint8:3ch:t6,uint8:3ch,t6,baseline,train,442368.0,442368.0,2.204081632653061,25.57327558770781,3.6690129321455065,3.8829657858260527,11.527289231460394,-14.045986356247415,-0.5492447108730505,round1_20260927
blur,3ch,M2_byte_affine,shared,full,blur:uint8:3ch:t7,uint8:3ch,t7,baseline+control,train,786432.0,786432.0,3.9183673469387754,49.006240244766325,7.030954192676947,14.922060361806185,16.241644045631343,-32.764596199134985,-0.6685800835870921,"round1_20260927,round2_20260927"
blur,3ch,M3_element_prop,shared,full,blur:float32:3ch:v0,float32:3ch,v0,baseline,validation,19200.0,76800.0,0.3826530612244898,1.4147147295686107,0.20296995667535492,0.06418250265726357,1.127330534337278,-0.28738419523133274,-0.2031393249994399,round1_20260927
blur,3ch,M3_element_prop,shared,full,blur:float32:3ch:v1,float32:3ch,v1,baseline,validation,76800.0,307200.0,1.530612244897959,4.437902649709334,0.6367085107084561,0.2178509538628073,4.509322137349112,0.07141948763977801,0.016093072173283415,round1_20260927
blur,3ch,M3_element_prop,shared,full,blur:float32:3ch:v2,float32:3ch,v2,baseline,validation,196608.0,786432.0,3.9183673469387754,10.517050672479831,1.5088874631259843,0.37945345137134495,11.543864671613726,1.0268139991338945,0.09763326536219688,round1_20260927
blur,3ch,M3_element_prop,shared,full,blur:float32:3ch:v3,float32:3ch,v3,baseline,validation,602112.0,2408448.0,12.0,33.36427419073984,4.786792096993363,8.169013764587627,35.353085556817035,1.9888113660771936,0.05960901036561984,round1_20260927
blur,3ch,M3_element_prop,shared,full,blur:uint8:3ch:v0,uint8:3ch,v0,baseline,validation,19200.0,19200.0,0.09566326530612244,1.4769610506482422,0.21190047307464738,0.04042047029498749,1.127330534337278,-0.3496305163109643,-0.23672290894706433,round1_20260927
blur,3ch,M3_element_prop,shared,full,blur:uint8:3ch:v1,uint8:3ch,v1,baseline,validation,76800.0,76800.0,0.3826530612244898,4.636861905455589,0.6652533124801124,0.22551869406541783,4.509322137349112,-0.1275397681064776,-0.02750562141098449,round1_20260927
blur,3ch,M3_element_prop,shared,full,blur:uint8:3ch:v2,uint8:3ch,v2,baseline,validation,196608.0,196608.0,0.9795918367346939,10.64690839026251,1.5275182264886784,0.4745540558530487,11.543864671613726,0.8969562813512155,0.0842457029283315,round1_20260927
blur,3ch,M3_element_prop,shared,full,blur:uint8:3ch:v3,uint8:3ch,v3,baseline,validation,602112.0,602112.0,3.0,34.93616830968094,5.012312673369214,7.1087000048913485,35.353085556817035,0.416917247136098,0.011933685555910513,round1_20260927
blur,3ch,M3_element_prop,shared,full,blur:float32:3ch:t0,float32:3ch,t0,baseline,train,12288.0,49152.0,0.24489795918367346,1.0483491250003378,0.15040726729893378,0.03674591270303875,0.7214915419758579,-0.32685758302448,-0.31178314096878235,round1_20260927
blur,3ch,M3_element_prop,shared,full,blur:float32:3ch:t1,float32:3ch,t1,baseline,train,27648.0,110592.0,0.5510204081632653,1.8436820114341874,0.2645141456172135,0.06273466727791303,1.6233559694456803,-0.22032604198850714,-0.11950327693283563,round1_20260927
blur,3ch,M3_element_prop,shared,full,blur:float32:3ch:t2,float32:3ch,t2,baseline,train,62208.0,248832.0,1.239795918367347,3.6912948979685702,0.5295922562035527,0.14915010047438237,3.652550931252781,-0.03874396671578939,-0.010496036698967441,round1_20260927
blur,3ch,M3_element_prop,shared,full,blur:float32:3ch:t3,float32:3ch,t3,baseline,train,110592.0,442368.0,2.204081632653061,6.354811818755606,0.9117285998189676,0.33143735002397906,6.493423877782721,0.13861205902711493,0.021812142197195357,round1_20260927
blur,3ch,M3_element_prop,shared,full,blur:float32:3ch:t4,float32:3ch,t4,baseline,train,150528.0,602112.0,3.0,8.053652985083016,1.1554623439589808,0.3486923652718969,8.838271389204259,0.7846184041212432,0.09742391503265838,round1_20260927
blur,3ch,M3_element_prop,shared,full,blur:float32:3ch:t5,float32:3ch,t5,baseline,train,248832.0,995328.0,4.959183673469388,13.679758789307186,1.9626430620692334,1.46731118031968,14.610203725011123,0.930444935703937,0.06801617996592318,round1_20260927
blur,3ch,M3_element_prop,shared,full,blur:float32:3ch:t6,float32:3ch,t6,baseline,train,442368.0,1769472.0,8.816326530612244,22.97352415681597,3.2960250609753863,3.932096916964358,25.973695511130884,3.000171354314915,0.13059256097740668,round1_20260927
blur,3ch,M3_element_prop,shared,full,blur:float32:3ch:t7,float32:3ch,t7,baseline,train,786432.0,3145728.0,15.673469387755102,46.09784001324697,6.613684296034194,8.616267020052662,46.1754586864549,0.07761867320792959,0.0016837811312986593,round1_20260927
blur,3ch,M3_element_prop,shared,full,blur:uint8:3ch:t0,uint8:3ch,t0,baseline,train,12288.0,12288.0,0.061224489795918366,1.0712821696264048,0.15369748473775705,0.0410198445822618,0.7214915419758579,-0.3497906276505469,-0.3265158681512749,round1_20260927
blur,3ch,M3_element_prop,shared,full,blur:uint8:3ch:t1,uint8:3ch,t1,baseline,train,27648.0,27648.0,0.1377551020408163,1.9797924424832065,0.2840419894401921,0.12646178977759875,1.6233559694456803,-0.35643647303752624,-0.18003729350055325,round1_20260927
blur,3ch,M3_element_prop,shared,full,blur:uint8:3ch:t2,uint8:3ch,t2,baseline,train,62208.0,62208.0,0.30994897959183676,3.83606736936296,0.5503628480639086,0.15714367686731243,3.652550931252781,-0.18351643811017926,-0.04783973284094202,round1_20260927
blur,3ch,M3_element_prop,shared,full,blur:uint8:3ch:t3,uint8:3ch,t3,baseline,train,110592.0,110592.0,0.5510204081632653,6.463222950089908,0.9272824087743315,0.275821958130395,6.493423877782721,0.030200927692813018,0.0046727349382853795,round1_20260927
blur,3ch,M3_element_prop,shared,full,blur:uint8:3ch:t4,uint8:3ch,t4,baseline,train,150528.0,150528.0,0.75,8.28813892810605,1.1891041805085147,0.3435839157031051,8.838271389204259,0.5501324610982081,0.06637587350673436,round1_20260927
blur,3ch,M3_element_prop,shared,full,blur:uint8:3ch:t5,uint8:3ch,t5,baseline,train,248832.0,248832.0,1.239795918367347,13.614195286021072,1.9532366275822433,0.8814041685975825,14.610203725011123,0.9960084389900512,0.07315955280976051,round1_20260927
blur,3ch,M3_element_prop,shared,full,blur:uint8:3ch:t6,uint8:3ch,t6,baseline,train,442368.0,442368.0,2.204081632653061,25.57327558770781,3.6690129321455065,3.8829657858260527,25.973695511130884,0.4004199234230761,0.015657748732647456,round1_20260927
blur,3ch,M3_element_prop,shared,full,blur:uint8:3ch:t7,uint8:3ch,t7,baseline+control,train,786432.0,786432.0,3.9183673469387754,49.006240244766325,7.030954192676947,14.922060361806185,46.1754586864549,-2.830781558311422,-0.05776369589204996,"round1_20260927,round2_20260927"
blur,3ch,M4_element_affine,shared,full,blur:float32:3ch:v0,float32:3ch,v0,baseline,validation,19200.0,76800.0,0.3826530612244898,1.4147147295686107,0.20296995667535492,0.06418250265726357,1.127330534337278,-0.28738419523133274,-0.2031393249994399,round1_20260927
blur,3ch,M4_element_affine,shared,full,blur:float32:3ch:v1,float32:3ch,v1,baseline,validation,76800.0,307200.0,1.530612244897959,4.437902649709334,0.6367085107084561,0.2178509538628073,4.509322137349112,0.07141948763977801,0.016093072173283415,round1_20260927
blur,3ch,M4_element_affine,shared,full,blur:float32:3ch:v2,float32:3ch,v2,baseline,validation,196608.0,786432.0,3.9183673469387754,10.517050672479831,1.5088874631259843,0.37945345137134495,11.543864671613726,1.0268139991338945,0.09763326536219688,round1_20260927
blur,3ch,M4_element_affine,shared,full,blur:float32:3ch:v3,float32:3ch,v3,baseline,validation,602112.0,2408448.0,12.0,33.36427419073984,4.786792096993363,8.169013764587627,35.353085556817035,1.9888113660771936,0.05960901036561984,round1_20260927
blur,3ch,M4_element_affine,shared,full,blur:uint8:3ch:v0,uint8:3ch,v0,baseline,validation,19200.0,19200.0,0.09566326530612244,1.4769610506482422,0.21190047307464738,0.04042047029498749,1.127330534337278,-0.3496305163109643,-0.23672290894706433,round1_20260927
blur,3ch,M4_element_affine,shared,full,blur:uint8:3ch:v1,uint8:3ch,v1,baseline,validation,76800.0,76800.0,0.3826530612244898,4.636861905455589,0.6652533124801124,0.22551869406541783,4.509322137349112,-0.1275397681064776,-0.02750562141098449,round1_20260927
blur,3ch,M4_element_affine,shared,full,blur:uint8:3ch:v2,uint8:3ch,v2,baseline,validation,196608.0,196608.0,0.9795918367346939,10.64690839026251,1.5275182264886784,0.4745540558530487,11.543864671613726,0.8969562813512155,0.0842457029283315,round1_20260927
blur,3ch,M4_element_affine,shared,full,blur:uint8:3ch:v3,uint8:3ch,v3,baseline,validation,602112.0,602112.0,3.0,34.93616830968094,5.012312673369214,7.1087000048913485,35.353085556817035,0.416917247136098,0.011933685555910513,round1_20260927
blur,3ch,M4_element_affine,shared,full,blur:float32:3ch:t0,float32:3ch,t0,baseline,train,12288.0,49152.0,0.24489795918367346,1.0483491250003378,0.15040726729893378,0.03674591270303875,0.7214915419758579,-0.32685758302448,-0.31178314096878235,round1_20260927
blur,3ch,M4_element_affine,shared,full,blur:float32:3ch:t1,float32:3ch,t1,baseline,train,27648.0,110592.0,0.5510204081632653,1.8436820114341874,0.2645141456172135,0.06273466727791303,1.62335596944568,-0.22032604198850736,-0.11950327693283576,round1_20260927
blur,3ch,M4_element_affine,shared,full,blur:float32:3ch:t2,float32:3ch,t2,baseline,train,62208.0,248832.0,1.239795918367347,3.6912948979685702,0.5295922562035527,0.14915010047438237,3.6525509312527804,-0.038743966715789835,-0.010496036698967561,round1_20260927
blur,3ch,M4_element_affine,shared,full,blur:float32:3ch:t3,float32:3ch,t3,baseline,train,110592.0,442368.0,2.204081632653061,6.354811818755606,0.9117285998189676,0.33143735002397906,6.49342387778272,0.13861205902711404,0.021812142197195218,round1_20260927
blur,3ch,M4_element_affine,shared,full,blur:float32:3ch:t4,float32:3ch,t4,baseline,train,150528.0,602112.0,3.0,8.053652985083016,1.1554623439589808,0.3486923652718969,8.838271389204259,0.7846184041212432,0.09742391503265838,round1_20260927
blur,3ch,M4_element_affine,shared,full,blur:float32:3ch:t5,float32:3ch,t5,baseline,train,248832.0,995328.0,4.959183673469388,13.679758789307186,1.9626430620692334,1.46731118031968,14.610203725011122,0.9304449357039353,0.06801617996592306,round1_20260927
blur,3ch,M4_element_affine,shared,full,blur:float32:3ch:t6,float32:3ch,t6,baseline,train,442368.0,1769472.0,8.816326530612244,22.97352415681597,3.2960250609753863,3.932096916964358,25.97369551113088,3.0001713543149116,0.13059256097740654,round1_20260927
blur,3ch,M4_element_affine,shared,full,blur:float32:3ch:t7,float32:3ch,t7,baseline,train,786432.0,3145728.0,15.673469387755102,46.09784001324697,6.613684296034194,8.616267020052662,46.1754586864549,0.07761867320792959,0.0016837811312986593,round1_20260927
blur,3ch,M4_element_affine,shared,full,blur:uint8:3ch:t0,uint8:3ch,t0,baseline,train,12288.0,12288.0,0.061224489795918366,1.0712821696264048,0.15369748473775705,0.0410198445822618,0.7214915419758579,-0.3497906276505469,-0.3265158681512749,round1_20260927
blur,3ch,M4_element_affine,shared,full,blur:uint8:3ch:t1,uint8:3ch,t1,baseline,train,27648.0,27648.0,0.1377551020408163,1.9797924424832065,0.2840419894401921,0.12646178977759875,1.62335596944568,-0.35643647303752646,-0.18003729350055336,round1_20260927
blur,3ch,M4_element_affine,shared,full,blur:uint8:3ch:t2,uint8:3ch,t2,baseline,train,62208.0,62208.0,0.30994897959183676,3.83606736936296,0.5503628480639086,0.15714367686731243,3.6525509312527804,-0.1835164381101797,-0.04783973284094213,round1_20260927
blur,3ch,M4_element_affine,shared,full,blur:uint8:3ch:t3,uint8:3ch,t3,baseline,train,110592.0,110592.0,0.5510204081632653,6.463222950089908,0.9272824087743315,0.275821958130395,6.49342387778272,0.03020092769281213,0.0046727349382852425,round1_20260927
blur,3ch,M4_element_affine,shared,full,blur:uint8:3ch:t4,uint8:3ch,t4,baseline,train,150528.0,150528.0,0.75,8.28813892810605,1.1891041805085147,0.3435839157031051,8.838271389204259,0.5501324610982081,0.06637587350673436,round1_20260927
blur,3ch,M4_element_affine,shared,full,blur:uint8:3ch:t5,uint8:3ch,t5,baseline,train,248832.0,248832.0,1.239795918367347,13.614195286021072,1.9532366275822433,0.8814041685975825,14.610203725011122,0.9960084389900494,0.07315955280976037,round1_20260927
blur,3ch,M4_element_affine,shared,full,blur:uint8:3ch:t6,uint8:3ch,t6,baseline,train,442368.0,442368.0,2.204081632653061,25.57327558770781,3.6690129321455065,3.8829657858260527,25.97369551113088,0.40041992342307253,0.015657748732647317,round1_20260927
blur,3ch,M4_element_affine,shared,full,blur:uint8:3ch:t7,uint8:3ch,t7,baseline+control,train,786432.0,786432.0,3.9183673469387754,49.006240244766325,7.030954192676947,14.922060361806185,46.1754586864549,-2.830781558311422,-0.05776369589204996,"round1_20260927,round2_20260927"
blur,3ch,M5_repr_element_affine,float32:3ch,full,blur:float32:3ch:v0,float32:3ch,v0,baseline,validation,19200.0,76800.0,0.3826530612244898,1.4147147295686107,0.20296995667535492,0.06418250265726357,1.0908352969475994,-0.32387943262101127,-0.22893621297049188,round1_20260927
blur,3ch,M5_repr_element_affine,float32:3ch,full,blur:float32:3ch:v1,float32:3ch,v1,baseline,validation,76800.0,307200.0,1.530612244897959,4.437902649709334,0.6367085107084561,0.2178509538628073,4.363341187790398,-0.07456146191893609,-0.01680105847383101,round1_20260927
blur,3ch,M5_repr_element_affine,float32:3ch,full,blur:float32:3ch:v2,float32:3ch,v2,baseline,validation,196608.0,786432.0,3.9183673469387754,10.517050672479831,1.5088874631259843,0.37945345137134495,11.17015344074342,0.6531027682635884,0.06209942203402851,round1_20260927
blur,3ch,M5_repr_element_affine,float32:3ch,full,blur:float32:3ch:v3,float32:3ch,v3,baseline,validation,602112.0,2408448.0,12.0,33.36427419073984,4.786792096993363,8.169013764587627,34.208594912276716,0.8443207215368744,0.025306131843599738,round1_20260927
blur,3ch,M5_repr_element_affine,float32:3ch,full,blur:float32:3ch:t0,float32:3ch,t0,baseline,train,12288.0,49152.0,0.24489795918367346,1.0483491250003378,0.15040726729893378,0.03674591270303875,0.6981345900464637,-0.3502145349538741,-0.33406288668744893,round1_20260927
blur,3ch,M5_repr_element_affine,float32:3ch,full,blur:float32:3ch:t1,float32:3ch,t1,baseline,train,27648.0,110592.0,0.5510204081632653,1.8436820114341874,0.2645141456172135,0.06273466727791303,1.5708028276045432,-0.27287918382964427,-0.1480077270035159,round1_20260927
blur,3ch,M5_repr_element_affine,float32:3ch,full,blur:float32:3ch:t2,float32:3ch,t2,baseline,train,62208.0,248832.0,1.239795918367347,3.6912948979685702,0.5295922562035527,0.14915010047438237,3.534306362110222,-0.15698853585834804,-0.0425293942092634,round1_20260927
blur,3ch,M5_repr_element_affine,float32:3ch,full,blur:float32:3ch:t3,float32:3ch,t3,baseline,train,110592.0,442368.0,2.204081632653061,6.354811818755606,0.9117285998189676,0.33143735002397906,6.283211310418173,-0.07160050833743359,-0.011267132745947202,round1_20260927
blur,3ch,M5_repr_element_affine,float32:3ch,full,blur:float32:3ch:t4,float32:3ch,t4,baseline,train,150528.0,602112.0,3.0,8.053652985083016,1.1554623439589808,0.3486923652718969,8.552148728069179,0.4984957429861634,0.061896849033535185,round1_20260927
blur,3ch,M5_repr_element_affine,float32:3ch,full,blur:float32:3ch:t5,float32:3ch,t5,baseline,train,248832.0,995328.0,4.959183673469388,13.679758789307186,1.9626430620692334,1.46731118031968,14.137225448440889,0.45746665913370244,0.033441134904460615,round1_20260927
blur,3ch,M5_repr_element_affine,float32:3ch,full,blur:float32:3ch:t6,float32:3ch,t6,baseline,train,442368.0,1769472.0,8.816326530612244,22.97352415681597,3.2960250609753863,3.932096916964358,25.13284524167269,2.159321084856721,0.09399172151896758,round1_20260927
blur,3ch,M5_repr_element_affine,float32:3ch,full,blur:float32:3ch:t7,float32:3ch,t7,baseline,train,786432.0,3145728.0,15.673469387755102,46.09784001324697,6.613684296034194,8.616267020052662,44.68061376297368,-1.4172262502732949,-0.03074387541511775,round1_20260927
blur,3ch,M3_element_prop,float32:3ch,local_x_le_2,blur:float32:3ch:v0,float32:3ch,v0,baseline,validation,19200.0,76800.0,0.3826530612244898,1.4147147295686107,0.20296995667535492,0.06418250265726357,1.177557701057224,-0.23715702851138665,-0.16763593645745317,round1_20260927
blur,3ch,M3_element_prop,float32:3ch,local_x_le_2,blur:float32:3ch:v1,float32:3ch,v1,baseline,validation,76800.0,307200.0,1.530612244897959,4.437902649709334,0.6367085107084561,0.2178509538628073,4.710230804228896,0.2723281545195624,0.06136415690357671,round1_20260927
blur,3ch,M3_element_prop,float32:3ch,local_x_le_2,blur:float32:3ch:t0,float32:3ch,t0,baseline,train,12288.0,49152.0,0.24489795918367346,1.0483491250003378,0.15040726729893378,0.03674591270303875,0.7536369286766234,-0.2947121963237145,-0.28112027691502056,round1_20260927
blur,3ch,M3_element_prop,float32:3ch,local_x_le_2,blur:float32:3ch:t1,float32:3ch,t1,baseline,train,27648.0,110592.0,0.5510204081632653,1.8436820114341874,0.2645141456172135,0.06273466727791303,1.6956830895224027,-0.14799892191178476,-0.08027356181484759,round1_20260927
blur,3ch,M3_element_prop,float32:3ch,local_x_le_2,blur:float32:3ch:t2,float32:3ch,t2,baseline,train,62208.0,248832.0,1.239795918367347,3.6912948979685702,0.5295922562035527,0.14915010047438237,3.815286951425406,0.12399205345683573,0.03359039493839201,round1_20260927
blur,3ch,M4_element_affine,float32:3ch,local_x_le_2,blur:float32:3ch:v0,float32:3ch,v0,baseline,validation,19200.0,76800.0,0.3826530612244898,1.4147147295686107,0.20296995667535492,0.06418250265726357,1.407035427697862,-0.007679301870748612,-0.005428162802185755,round1_20260927
blur,3ch,M4_element_affine,float32:3ch,local_x_le_2,blur:float32:3ch:v1,float32:3ch,v1,baseline,validation,76800.0,307200.0,1.530612244897959,4.437902649709334,0.6367085107084561,0.2178509538628073,4.461629933701538,0.02372728399220403,0.005346508444424323,round1_20260927
blur,3ch,M4_element_affine,float32:3ch,local_x_le_2,blur:float32:3ch:t0,float32:3ch,t0,baseline,train,12288.0,49152.0,0.24489795918367346,1.0483491250003378,0.15040726729893378,0.03674591270303875,1.040484086977421,-0.007865038022916826,-0.007502307995835158,round1_20260927
blur,3ch,M4_element_affine,float32:3ch,local_x_le_2,blur:float32:3ch:t1,float32:3ch,t1,baseline,train,27648.0,110592.0,0.5510204081632653,1.8436820114341874,0.2645141456172135,0.06273466727791303,1.8550426219117346,0.011360610477547217,0.006161914260209046,round1_20260927
blur,3ch,M4_element_affine,float32:3ch,local_x_le_2,blur:float32:3ch:t2,float32:3ch,t2,baseline,train,62208.0,248832.0,1.239795918367347,3.6912948979685702,0.5295922562035527,0.14915010047438237,3.68779932551394,-0.0034955724546303912,-0.0009469772942156719,round1_20260927
blur,3ch,M5_repr_element_affine,uint8:3ch,full,blur:uint8:3ch:v0,uint8:3ch,v0,baseline,validation,19200.0,19200.0,0.09566326530612244,1.4769610506482422,0.21190047307464738,0.04042047029498749,1.163825771726956,-0.31313527892128623,-0.2120132272843961,round1_20260927
blur,3ch,M5_repr_element_affine,uint8:3ch,full,blur:uint8:3ch:v1,uint8:3ch,v1,baseline,validation,76800.0,76800.0,0.3826530612244898,4.636861905455589,0.6652533124801124,0.22551869406541783,4.655303086907824,0.018441181452234723,0.003977082308735008,round1_20260927
blur,3ch,M5_repr_element_affine,uint8:3ch,full,blur:uint8:3ch:v2,uint8:3ch,v2,baseline,validation,196608.0,196608.0,0.9795918367346939,10.64690839026251,1.5275182264886784,0.4745540558530487,11.917575902484028,1.270667512221518,0.11934614872648383,round1_20260927
blur,3ch,M5_repr_element_affine,uint8:3ch,full,blur:uint8:3ch:v3,uint8:3ch,v3,baseline,validation,602112.0,602112.0,3.0,34.93616830968094,5.012312673369214,7.1087000048913485,36.49757620135734,1.561407891676403,0.0446931637675827,round1_20260927
blur,3ch,M5_repr_element_affine,uint8:3ch,full,blur:uint8:3ch:t0,uint8:3ch,t0,baseline,train,12288.0,12288.0,0.061224489795918366,1.0712821696264048,0.15369748473775705,0.0410198445822618,0.7448484939052518,-0.326433675721153,-0.3047130671791096,round1_20260927
blur,3ch,M5_repr_element_affine,uint8:3ch,full,blur:uint8:3ch:t1,uint8:3ch,t1,baseline,train,27648.0,27648.0,0.1377551020408163,1.9797924424832065,0.2840419894401921,0.12646178977759875,1.6759091112868165,-0.30388333119639,-0.15349252006196992,round1_20260927
blur,3ch,M5_repr_element_affine,uint8:3ch,full,blur:uint8:3ch:t2,uint8:3ch,t2,baseline,train,62208.0,62208.0,0.30994897959183676,3.83606736936296,0.5503628480639086,0.15714367686731243,3.7707955003953373,-0.06527186896762283,-0.01701530830478148,round1_20260927
blur,3ch,M5_repr_element_affine,uint8:3ch,full,blur:uint8:3ch:t3,uint8:3ch,t3,baseline,train,110592.0,110592.0,0.5510204081632653,6.463222950089908,0.9272824087743315,0.275821958130395,6.703636445147266,0.24041349505735798,0.03719715332642419,round1_20260927
blur,3ch,M5_repr_element_affine,uint8:3ch,full,blur:uint8:3ch:t4,uint8:3ch,t4,baseline,train,150528.0,150528.0,0.75,8.28813892810605,1.1891041805085147,0.3435839157031051,9.124394050339335,0.8362551222332844,0.10089781668565487,round1_20260927
blur,3ch,M5_repr_element_affine,uint8:3ch,full,blur:uint8:3ch:t5,uint8:3ch,t5,baseline,train,248832.0,248832.0,1.239795918367347,13.614195286021072,1.9532366275822433,0.8814041685975825,15.08318200158135,1.468986715560277,0.10790110503766746,round1_20260927
blur,3ch,M5_repr_element_affine,uint8:3ch,full,blur:uint8:3ch:t6,uint8:3ch,t6,baseline,train,442368.0,442368.0,2.204081632653061,25.57327558770781,3.6690129321455065,3.8829657858260527,26.814545780589064,1.241270192881256,0.04853778658991544,round1_20260927
blur,3ch,M5_repr_element_affine,uint8:3ch,full,blur:uint8:3ch:t7,uint8:3ch,t7,baseline+control,train,786432.0,786432.0,3.9183673469387754,49.006240244766325,7.030954192676947,14.922060361806185,47.67030360993611,-1.3359366348302117,-0.027260541273065413,"round1_20260927,round2_20260927"
blur,3ch,M3_element_prop,uint8:3ch,local_x_le_2,blur:uint8:3ch:v0,uint8:3ch,v0,baseline,validation,19200.0,19200.0,0.09566326530612244,1.4769610506482422,0.21190047307464738,0.04042047029498749,1.0690417941945265,-0.40791925645371574,-0.2761882287110272,round1_20260927
blur,3ch,M3_element_prop,uint8:3ch,local_x_le_2,blur:uint8:3ch:v1,uint8:3ch,v1,baseline,validation,76800.0,76800.0,0.3826530612244898,4.636861905455589,0.6652533124801124,0.22551869406541783,4.276167176778106,-0.3606947286774833,-0.0777885423443603,round1_20260927
blur,3ch,M3_element_prop,uint8:3ch,local_x_le_2,blur:uint8:3ch:v2,uint8:3ch,v2,baseline,validation,196608.0,196608.0,0.9795918367346939,10.64690839026251,1.5275182264886784,0.4745540558530487,10.946987972551952,0.30007958228944176,0.028184668383536546,round1_20260927
blur,3ch,M3_element_prop,uint8:3ch,local_x_le_2,blur:uint8:3ch:t0,uint8:3ch,t0,baseline,train,12288.0,12288.0,0.061224489795918366,1.0712821696264048,0.15369748473775705,0.0410198445822618,0.684186748284497,-0.3870954213419078,-0.3613384338104891,round1_20260927
blur,3ch,M3_element_prop,uint8:3ch,local_x_le_2,blur:uint8:3ch:t1,uint8:3ch,t1,baseline,train,27648.0,27648.0,0.1377551020408163,1.9797924424832065,0.2840419894401921,0.12646178977759875,1.5394201836401182,-0.4403722588430883,-0.22243354878693236,round1_20260927
blur,3ch,M3_element_prop,uint8:3ch,local_x_le_2,blur:uint8:3ch:t2,uint8:3ch,t2,baseline,train,62208.0,62208.0,0.30994897959183676,3.83606736936296,0.5503628480639086,0.15714367686731243,3.463695413190266,-0.37237195617269414,-0.09707127647096886,round1_20260927
blur,3ch,M3_element_prop,uint8:3ch,local_x_le_2,blur:uint8:3ch:t3,uint8:3ch,t3,baseline,train,110592.0,110592.0,0.5510204081632653,6.463222950089908,0.9272824087743315,0.275821958130395,6.157680734560473,-0.30554221552943517,-0.04727397118881453,round1_20260927
blur,3ch,M3_element_prop,uint8:3ch,local_x_le_2,blur:uint8:3ch:t4,uint8:3ch,t4,baseline,train,150528.0,150528.0,0.75,8.28813892810605,1.1891041805085147,0.3435839157031051,8.381287666485088,0.09314873837903725,0.01123880031295795,round1_20260927
blur,3ch,M3_element_prop,uint8:3ch,local_x_le_2,blur:uint8:3ch:t5,uint8:3ch,t5,baseline,train,248832.0,248832.0,1.239795918367347,13.614195286021072,1.9532366275822433,0.8814041685975825,13.854781652761064,0.24058636673999167,0.017671728786425114,round1_20260927
blur,3ch,M4_element_affine,uint8:3ch,local_x_le_2,blur:uint8:3ch:v0,uint8:3ch,v0,baseline,validation,19200.0,19200.0,0.09566326530612244,1.4769610506482422,0.21190047307464738,0.04042047029498749,1.517168276366522,0.04020722571827973,0.027222942474097515,round1_20260927
blur,3ch,M4_element_affine,uint8:3ch,local_x_le_2,blur:uint8:3ch:v1,uint8:3ch,v1,baseline,validation,76800.0,76800.0,0.3826530612244898,4.636861905455589,0.6652533124801124,0.22551869406541783,4.548430581717039,-0.08843132373855056,-0.019071373170398923,round1_20260927
blur,3ch,M4_element_affine,uint8:3ch,local_x_le_2,blur:uint8:3ch:v2,uint8:3ch,v2,baseline,validation,196608.0,196608.0,0.9795918367346939,10.64690839026251,1.5275182264886784,0.4745540558530487,10.853456176846114,0.20654778658360406,0.019399789968373292,round1_20260927
blur,3ch,M4_element_affine,uint8:3ch,local_x_le_2,blur:uint8:3ch:t0,uint8:3ch,t0,baseline,train,12288.0,12288.0,0.061224489795918366,1.0712821696264048,0.15369748473775705,0.0410198445822618,1.15341679972446,0.08213463009805522,0.07666946433608483,round1_20260927
blur,3ch,M4_element_affine,uint8:3ch,local_x_le_2,blur:uint8:3ch:t1,uint8:3ch,t1,baseline,train,27648.0,27648.0,0.1377551020408163,1.9797924424832065,0.2840419894401921,0.12646178977759875,1.9617534144845976,-0.018039027998608903,-0.009111575340687218,round1_20260927
blur,3ch,M4_element_affine,uint8:3ch,local_x_le_2,blur:uint8:3ch:t2,uint8:3ch,t2,baseline,train,62208.0,62208.0,0.30994897959183676,3.83606736936296,0.5503628480639086,0.15714367686731243,3.780510797694908,-0.05555657166805217,-0.014482689254041494,round1_20260927
blur,3ch,M4_element_affine,uint8:3ch,local_x_le_2,blur:uint8:3ch:t3,uint8:3ch,t3,baseline,train,110592.0,110592.0,0.5510204081632653,6.463222950089908,0.9272824087743315,0.275821958130395,6.326771134189342,-0.13645181590056588,-0.021112039141194677,round1_20260927
blur,3ch,M4_element_affine,uint8:3ch,local_x_le_2,blur:uint8:3ch:t4,uint8:3ch,t4,baseline,train,150528.0,150528.0,0.75,8.28813892810605,1.1891041805085147,0.3435839157031051,8.4284463325657,0.14030740445964973,0.01692869842997574,round1_20260927
blur,3ch,M4_element_affine,uint8:3ch,local_x_le_2,blur:uint8:3ch:t5,uint8:3ch,t5,baseline,train,248832.0,248832.0,1.239795918367347,13.614195286021072,1.9532366275822433,0.8814041685975825,13.601800667030583,-0.012394618990489548,-0.0009104187746752998,round1_20260927
jitter,all,M1_byte_prop_anchored,shared,full,jitter:float32:3ch:v0,float32:3ch,v0,baseline,validation,19200.0,76800.0,0.12755102040816327,1.7530677878918748,0.2464934783439015,0.0371368787124611,0.9071460498371533,-0.8459217380547215,-0.4825379508410065,round1_20260927
jitter,all,M1_byte_prop_anchored,shared,full,jitter:float32:3ch:v1,float32:3ch,v1,baseline,validation,76800.0,307200.0,0.5102040816326531,3.955243182288507,0.5561345981211014,0.1442563890698067,3.628584199348613,-0.3266589829398936,-0.08258884925272494,round1_20260927
jitter,all,M1_byte_prop_anchored,shared,full,jitter:float32:3ch:v2,float32:3ch,v2,baseline,validation,196608.0,786432.0,1.3061224489795917,9.517521506051423,1.3382294726096466,0.15807636011567416,9.289175550332448,-0.2283459557189751,-0.02399216598289674,round1_20260927
jitter,all,M1_byte_prop_anchored,shared,full,jitter:float32:3ch:v3,float32:3ch,v3,baseline,validation,602112.0,2408448.0,4.0,41.235049925103944,5.79793374558897,2.6691384128877242,28.448100122893127,-12.786949802210817,-0.31009904984803005,round1_20260927
jitter,all,M1_byte_prop_anchored,shared,full,jitter:float32:1ch:v0,float32:1ch,v0,baseline,validation,6400.0,25600.0,0.04251700680272109,0.27701203944161534,0.03894981221873507,0.00837667924262504,0.3023820166123844,0.025369977170769054,0.09158438464230063,round1_20260927
jitter,all,M1_byte_prop_anchored,shared,full,jitter:float32:1ch:v1,float32:1ch,v1,baseline,validation,25600.0,102400.0,0.17006802721088435,0.3208126740840574,0.04510848495304456,0.008649441732908086,1.2095280664495376,0.8887153923654803,2.7702003822100383,round1_20260927
jitter,all,M1_byte_prop_anchored,shared,full,jitter:float32:1ch:v2,float32:1ch,v2,baseline,validation,65536.0,262144.0,0.43537414965986393,0.43192301799232763,0.06073136921291203,0.011798183196517145,3.0963918501108165,2.664468832118489,6.168851209883468,round1_20260927
jitter,all,M1_byte_prop_anchored,shared,full,jitter:float32:1ch:v3,float32:1ch,v3,baseline,validation,200704.0,802816.0,1.3333333333333333,0.9225241451834639,0.12971328717183167,0.031674772306956644,9.482700040964374,8.56017589578091,9.279080596940402,round1_20260927
jitter,all,M1_byte_prop_anchored,shared,full,jitter:uint8:3ch:v0,uint8:3ch,v0,baseline,validation,19200.0,19200.0,0.03188775510204082,1.867444795401146,0.2625756781414519,0.0985693166227975,0.22678651245928833,-1.6406582829418577,-0.8785578491970509,round1_20260927
jitter,all,M1_byte_prop_anchored,shared,full,jitter:uint8:3ch:v1,uint8:3ch,v1,baseline,validation,76800.0,76800.0,0.12755102040816327,4.377874128392374,0.6155594376398239,0.012334939999400683,0.9071460498371533,-3.4707280785552213,-0.7927884577690516,round1_20260927
jitter,all,M1_byte_prop_anchored,shared,full,jitter:uint8:3ch:v2,uint8:3ch,v2,baseline,validation,196608.0,196608.0,0.32653061224489793,10.689822305350518,1.5030630881038083,0.09953980854098789,2.322293887583112,-8.367528417767407,-0.7827565490568775,round1_20260927
jitter,all,M1_byte_prop_anchored,shared,full,jitter:uint8:3ch:v3,uint8:3ch,v3,baseline,validation,602112.0,602112.0,1.0,43.33487374421495,6.0931835246659505,4.889182190986537,7.112025030723282,-36.22284871349167,-0.8358821794958452,round1_20260927
jitter,all,M1_byte_prop_anchored,shared,full,jitter:uint8:1ch:v0,uint8:1ch,v0,baseline,validation,6400.0,6400.0,0.010629251700680272,0.3002344522004326,0.04221504436548633,0.003656084765146561,0.0755955041530961,-0.2246389480473365,-0.7482117605123161,round1_20260927
jitter,all,M1_byte_prop_anchored,shared,full,jitter:uint8:1ch:v1,uint8:1ch,v1,baseline,validation,25600.0,25600.0,0.04251700680272109,0.36365873568380874,0.05113293810311931,0.01114089328671815,0.3023820166123844,-0.061276719071424346,-0.1685006107613561,round1_20260927
jitter,all,M1_byte_prop_anchored,shared,full,jitter:uint8:1ch:v2,uint8:1ch,v2,baseline,validation,65536.0,65536.0,0.10884353741496598,0.5310789099894464,0.07467337469922213,0.019305458707008113,0.7740979625277041,0.24301905253825773,0.45759499759289446,round1_20260927
jitter,all,M1_byte_prop_anchored,shared,full,jitter:uint8:1ch:v3,uint8:1ch,v3,baseline,validation,200704.0,200704.0,0.3333333333333333,1.2246068349728982,0.17218820654914901,0.04592046104466054,2.3706750102410936,1.1460681752681954,0.9358662246022488,round1_20260927
jitter,all,M1_byte_prop_anchored,shared,full,jitter:uint8:1ch:xv0,uint8:1ch,xv0,extension,validation,409600.0,409600.0,0.6802721088435374,2.3584676044993103,0.3316168874984201,0.0595347139822729,4.83811226579815,2.47964466129884,1.0513795722987067,round2_20260927
jitter,all,M1_byte_prop_anchored,shared,full,jitter:uint8:1ch:xv1,uint8:1ch,xv1,extension,validation,692224.0,692224.0,1.1496598639455782,4.2180022681019285,0.5930803462980732,0.13523346502584233,8.176409729198875,3.9584074610969466,0.9384555079621145,round2_20260927
jitter,all,M1_byte_prop_anchored,shared,full,jitter:uint8:1ch:xv2,uint8:1ch,xv2,extension,validation,921600.0,921600.0,1.530612244897959,7.954702568117398,1.1184863008431252,1.5139036023959567,10.885752598045839,2.931050029928441,0.36846758314712436,round2_20260927
jitter,all,M1_byte_prop_anchored,shared,full,jitter:uint8:1ch:xv3,uint8:1ch,xv3,extension,validation,1183744.0,1183744.0,1.965986394557823,9.824304156045747,1.3813652389587598,0.38474941604641655,13.982144448156655,4.157840292110908,0.423219825655767,round2_20260927
jitter,all,M1_byte_prop_anchored,shared,full,jitter:float32:3ch:t0,float32:3ch,t0,baseline,train,12288.0,49152.0,0.08163265306122448,1.509811660895745,0.2122899813166433,0.10296398004677176,0.580573471895778,-0.929238188999967,-0.6154662949474546,round1_20260927
jitter,all,M1_byte_prop_anchored,shared,full,jitter:float32:3ch:t1,float32:3ch,t1,baseline,train,27648.0,110592.0,0.1836734693877551,2.0234422121817865,0.2845099958789101,0.04439544603665878,1.3062903117655007,-0.7171519004162858,-0.35442173544606115,round1_20260927
jitter,all,M1_byte_prop_anchored,shared,full,jitter:float32:3ch:t2,float32:3ch,t2,baseline,train,62208.0,248832.0,0.413265306122449,3.244211811106652,0.45615866045071,0.03412494802413667,2.9391532014723767,-0.30505860963427534,-0.09403165619146643,round1_20260927
jitter,all,M1_byte_prop_anchored,shared,full,jitter:float32:3ch:t3,float32:3ch,t3,baseline,train,110592.0,442368.0,0.7346938775510204,5.372403207955614,0.7553971175224125,0.1057451408536148,5.225161247062003,-0.14724196089361108,-0.027407094217271485,round1_20260927
jitter,all,M1_byte_prop_anchored,shared,full,jitter:float32:3ch:t4,float32:3ch,t4,baseline+control,train,150528.0,602112.0,1.0,7.283180742900029,1.024065679105089,0.23903089471006933,7.112025030723282,-0.17115571217674752,-0.023500132458417672,"round1_20260927,round2_20260927"
jitter,all,M1_byte_prop_anchored,shared,full,jitter:float32:3ch:t5,float32:3ch,t5,baseline,train,248832.0,995328.0,1.653061224489796,12.06516234188601,1.696445427253931,0.40680197021999115,11.756612805889507,-0.30854953599650337,-0.025573591739029292,round1_20260927
jitter,all,M1_byte_prop_anchored,shared,full,jitter:float32:3ch:t6,float32:3ch,t6,baseline,train,442368.0,1769472.0,2.938775510204082,24.985352664162907,3.5131137132150863,1.89359218939554,20.90064498824801,-4.0847076759148955,-0.16348409129216296,round1_20260927
jitter,all,M1_byte_prop_anchored,shared,full,jitter:float32:3ch:t7,float32:3ch,t7,baseline,train,786432.0,3145728.0,5.224489795918367,52.50420930375179,7.382455640543801,4.38211224825043,37.15670220132979,-15.347507102422,-0.29231003201347733,round1_20260927
jitter,all,M1_byte_prop_anchored,shared,full,jitter:float32:1ch:t0,float32:1ch,t0,baseline,train,4096.0,16384.0,0.027210884353741496,0.2731888135895133,0.03841224017201335,0.005648978726455124,0.19352449063192603,-0.07966432295758727,-0.2916090227518938,round1_20260927
jitter,all,M1_byte_prop_anchored,shared,full,jitter:float32:1ch:t1,float32:1ch,t1,baseline,train,9216.0,36864.0,0.061224489795918366,0.2847551740705967,0.04003855060133802,0.008275995882444482,0.43543010392183357,0.15067492985123687,0.5291385146662214,round1_20260927
jitter,all,M1_byte_prop_anchored,shared,full,jitter:float32:1ch:t2,float32:1ch,t2,baseline,train,20736.0,82944.0,0.1377551020408163,0.3055100523245831,0.042956830298657316,0.006076754836043071,0.9797177338241254,0.6742076814995424,2.206826506589851,round1_20260927
jitter,all,M1_byte_prop_anchored,shared,full,jitter:float32:1ch:t3,float32:1ch,t3,baseline,train,36864.0,147456.0,0.24489795918367346,0.36333188026522595,0.051086979966418325,0.029665259432434404,1.7417204156873343,1.3783885354221084,3.793745086216791,round1_20260927
jitter,all,M1_byte_prop_anchored,shared,full,jitter:float32:1ch:t4,float32:1ch,t4,baseline,train,50176.0,200704.0,0.3333333333333333,0.3955779123740892,0.05562099552029551,0.02530810906890196,2.3706750102410936,1.9750970978670044,4.992940798977672,round1_20260927
jitter,all,M1_byte_prop_anchored,shared,full,jitter:float32:1ch:t5,float32:1ch,t5,baseline,train,82944.0,331776.0,0.5510204081632653,0.4906580178067088,0.06898991717367588,0.006886815480992052,3.9188709352965017,3.428212917489793,6.986970136173975,round1_20260927
jitter,all,M1_byte_prop_anchored,shared,full,jitter:float32:1ch:t6,float32:1ch,t6,baseline,train,147456.0,589824.0,0.9795918367346939,0.7250734915335973,0.10195035709257881,0.010687873571127538,6.966881662749337,6.24180817121574,8.60851795590229,round1_20260927
jitter,all,M1_byte_prop_anchored,shared,full,jitter:float32:1ch:t7,float32:1ch,t7,baseline,train,262144.0,1048576.0,1.7414965986394557,1.2799025784867506,0.1799631712427461,0.06364890290470714,12.385567400443266,11.105664821956516,8.67696105049411,round1_20260927
jitter,all,M1_byte_prop_anchored,shared,full,jitter:uint8:3ch:t0,uint8:3ch,t0,baseline,train,12288.0,12288.0,0.02040816326530612,1.663568524333338,0.23390926172881532,0.017614627216548034,0.1451433679739445,-1.5184251563593936,-0.9127517948008126,round1_20260927
jitter,all,M1_byte_prop_anchored,shared,full,jitter:uint8:3ch:t1,uint8:3ch,t1,baseline,train,27648.0,27648.0,0.04591836734693878,2.303294880936543,0.323859220262376,0.030072730064637284,0.3265725779413752,-1.9767223029951677,-0.8582150376643969,round1_20260927
jitter,all,M1_byte_prop_anchored,shared,full,jitter:uint8:3ch:t2,uint8:3ch,t2,baseline,train,62208.0,62208.0,0.10331632653061225,3.680015243589878,0.5174356428292304,0.04545705301588263,0.7347883003680942,-2.945226943221784,-0.8003300932929551,round1_20260927
jitter,all,M1_byte_prop_anchored,shared,full,jitter:uint8:3ch:t3,uint8:3ch,t3,baseline,train,110592.0,110592.0,0.1836734693877551,6.0185619574963125,0.8462515150743549,0.12449688154664332,1.3062903117655007,-4.712271645730812,-0.7829564070303415,round1_20260927
jitter,all,M1_byte_prop_anchored,shared,full,jitter:uint8:3ch:t4,uint8:3ch,t4,baseline,train,150528.0,150528.0,0.25,8.091521068818315,1.1377239300851307,0.18317581888094106,1.7780062576808204,-6.313514811137495,-0.7802630379926231,round1_20260927
jitter,all,M1_byte_prop_anchored,shared,full,jitter:uint8:3ch:t5,uint8:3ch,t5,baseline,train,248832.0,248832.0,0.413265306122449,13.872056385777663,1.9505072501645704,0.9467685493659718,2.9391532014723767,-10.932903184305285,-0.7881241886757505,round1_20260927
jitter,all,M1_byte_prop_anchored,shared,full,jitter:uint8:3ch:t6,uint8:3ch,t6,baseline,train,442368.0,442368.0,0.7346938775510204,27.20905054961345,3.8257810443682216,1.7669327565577415,5.225161247062003,-21.983889302551447,-0.8079623823134013,round1_20260927
jitter,all,M1_byte_prop_anchored,shared,full,jitter:uint8:3ch:t7,uint8:3ch,t7,baseline,train,786432.0,786432.0,1.3061224489795917,64.05183946711634,9.00613245741099,3.9980376532262185,9.289175550332448,-54.76266391678389,-0.8549741017960706,round1_20260927
jitter,all,M1_byte_prop_anchored,shared,full,jitter:uint8:1ch:t0,uint8:1ch,t0,baseline,train,4096.0,4096.0,0.006802721088435374,0.30986011183510226,0.04356847880829098,0.02665918866394371,0.04838112265798151,-0.26147898917712076,-0.8438614045175056,round1_20260927
jitter,all,M1_byte_prop_anchored,shared,full,jitter:uint8:1ch:t1,uint8:1ch,t1,baseline,train,9216.0,9216.0,0.015306122448979591,0.3025479312054813,0.04254033554416676,0.004407118288774131,0.10885752598045839,-0.1936904052250229,-0.6401974207963574,round1_20260927
jitter,all,M1_byte_prop_anchored,shared,full,jitter:uint8:1ch:t2,uint8:1ch,t2,baseline,train,20736.0,20736.0,0.03443877551020408,0.339843697535495,0.04778437872018195,0.0034668248700200667,0.24492943345603135,-0.09491426407946363,-0.2792879925912126,round1_20260927
jitter,all,M1_byte_prop_anchored,shared,full,jitter:uint8:1ch:t3,uint8:1ch,t3,baseline,train,36864.0,36864.0,0.061224489795918366,0.41386013307298225,0.05819160243181727,0.028957566217798245,0.43543010392183357,0.021569970848851316,0.05211898688740709,round1_20260927
jitter,all,M1_byte_prop_anchored,shared,full,jitter:uint8:1ch:t4,uint8:1ch,t4,baseline,train,50176.0,50176.0,0.08333333333333333,0.4465744667686522,0.06279146443375724,0.007859124006011655,0.5926687525602734,0.1460942857916212,0.32714428760053876,round1_20260927
jitter,all,M1_byte_prop_anchored,shared,full,jitter:uint8:1ch:t5,uint8:1ch,t5,baseline,train,82944.0,82944.0,0.1377551020408163,0.598602967026333,0.0841677250066506,0.015458821900013749,0.9797177338241254,0.38111476679779244,0.6366737015872942,round1_20260927
jitter,all,M1_byte_prop_anchored,shared,full,jitter:uint8:1ch:t6,uint8:1ch,t6,baseline,train,147456.0,147456.0,0.24489795918367346,0.9098916213649014,0.12793706678959296,0.015593853670325314,1.7417204156873343,0.8318287943224328,0.9142064557915492,round1_20260927
jitter,all,M1_byte_prop_anchored,shared,full,jitter:uint8:1ch:t7,uint8:1ch,t7,baseline+control,train,262144.0,262144.0,0.43537414965986393,1.6171979651941608,0.22738923980273087,0.027448508490602232,3.0963918501108165,1.4791938849166557,0.9146646958209991,"round1_20260927,round2_20260927"
jitter,all,M1_byte_prop_anchored,shared,full,jitter:uint8:1ch:xt0,uint8:1ch,xt0,extension,train,262144.0,262144.0,0.43537414965986393,1.6571611678227782,0.23300834300554304,0.029367770316790297,3.0963918501108165,1.4392306822880383,0.8684916773538311,round2_20260927
jitter,all,M1_byte_prop_anchored,shared,full,jitter:uint8:1ch:xt1,uint8:1ch,xt1,extension,train,541696.0,541696.0,0.8996598639455783,3.280415339395404,0.46124912738978235,0.1119507491249189,6.398403471518055,3.117988132122651,0.9504857798577759,round2_20260927
jitter,all,M1_byte_prop_anchored,shared,full,jitter:uint8:1ch:xt2,uint8:1ch,xt2,extension,train,1048576.0,1048576.0,1.7414965986394557,10.396321961065707,1.4617949059732736,1.4111860175931243,12.385567400443266,1.9892454393775587,0.1913412692322627,round2_20260927
jitter,all,M1_byte_prop_anchored,shared,full,jitter:uint8:1ch:xt3,uint8:1ch,xt3,extension,train,1205604.0,1205604.0,2.0022919323979593,8.353445091533244,1.174552262604131,0.19137949917898278,14.240350342029576,5.886905250496332,0.704727832168681,round2_20260927
jitter,all,M2_byte_affine,shared,full,jitter:float32:3ch:v0,float32:3ch,v0,baseline,validation,19200.0,76800.0,0.12755102040816327,1.7530677878918748,0.2464934783439015,0.0371368787124611,2.1341428863336587,0.3810750984417839,0.21737613403988215,round1_20260927
jitter,all,M2_byte_affine,shared,full,jitter:float32:3ch:v1,float32:3ch,v1,baseline,validation,76800.0,307200.0,0.5102040816326531,3.955243182288507,0.5561345981211014,0.1442563890698067,5.650729602707658,1.6954864204191513,0.4286680596559784,round1_20260927
jitter,all,M2_byte_affine,shared,full,jitter:float32:3ch:v2,float32:3ch,v2,baseline,validation,196608.0,786432.0,1.3061224489795917,9.517521506051423,1.3382294726096466,0.15807636011567416,12.965229972765574,3.4477084667141504,0.3622485606701315,round1_20260927
jitter,all,M2_byte_affine,shared,full,jitter:float32:3ch:v3,float32:3ch,v3,baseline,validation,602112.0,2408448.0,4.0,41.235049925103944,5.79793374558897,2.6691384128877242,37.72200045603853,-3.5130494690654146,-0.08519571276004849,round1_20260927
jitter,all,M2_byte_affine,shared,full,jitter:float32:1ch:v0,float32:1ch,v0,baseline,validation,6400.0,25600.0,0.04251700680272109,0.27701203944161534,0.03894981221873507,0.00837667924262504,1.3526791715838808,1.0756671321422655,3.8831060711676373,round1_20260927
jitter,all,M2_byte_affine,shared,full,jitter:float32:1ch:v1,float32:1ch,v1,baseline,validation,25600.0,102400.0,0.17006802721088435,0.3208126740840574,0.04510848495304456,0.008649441732908086,2.5248747437085473,2.2040620696244897,6.870246245467829,round1_20260927
jitter,all,M2_byte_affine,shared,full,jitter:float32:1ch:v2,float32:1ch,v2,baseline,validation,65536.0,262144.0,0.43537414965986393,0.43192301799232763,0.06073136921291203,0.011798183196517145,4.9630415337278535,4.531118515735526,10.490569677895733,round1_20260927
jitter,all,M2_byte_affine,shared,full,jitter:float32:1ch:v3,float32:1ch,v3,baseline,validation,200704.0,802816.0,1.3333333333333333,0.9225241451834639,0.12971328717183167,0.031674772306956644,13.215298361485504,12.292774216302039,13.32515173774379,round1_20260927
jitter,all,M2_byte_affine,shared,full,jitter:uint8:3ch:v0,uint8:3ch,v0,baseline,validation,19200.0,19200.0,0.03188775510204082,1.867444795401146,0.2625756781414519,0.0985693166227975,1.2549962072401588,-0.6124485881609871,-0.3279607459718385,round1_20260927
jitter,all,M2_byte_affine,shared,full,jitter:uint8:3ch:v1,uint8:3ch,v1,baseline,validation,76800.0,76800.0,0.12755102040816327,4.377874128392374,0.6155594376398239,0.012334939999400683,2.1341428863336587,-2.2437312420587157,-0.5125161610990971,round1_20260927
jitter,all,M2_byte_affine,shared,full,jitter:uint8:3ch:v2,uint8:3ch,v2,baseline,validation,196608.0,196608.0,0.32653061224489793,10.689822305350518,1.5030630881038083,0.09953980854098789,3.9627679788481376,-6.72705432650238,-0.6292952431150632,round1_20260927
jitter,all,M2_byte_affine,shared,full,jitter:uint8:3ch:v3,uint8:3ch,v3,baseline,validation,602112.0,602112.0,1.0,43.33487374421495,6.0931835246659505,4.889182190986537,10.151960599666376,-33.18291314454858,-0.7657323138959964,round1_20260927
jitter,all,M2_byte_affine,shared,full,jitter:uint8:1ch:v0,uint8:1ch,v0,baseline,validation,6400.0,6400.0,0.010629251700680272,0.3002344522004326,0.04221504436548633,0.003656084765146561,1.0596302785527143,0.7593958263522818,2.529342721285427,round1_20260927
jitter,all,M2_byte_affine,shared,full,jitter:uint8:1ch:v1,uint8:1ch,v1,baseline,validation,25600.0,25600.0,0.04251700680272109,0.36365873568380874,0.05113293810311931,0.01114089328671815,1.3526791715838808,0.989020435900072,2.719638878027663,round1_20260927
jitter,all,M2_byte_affine,shared,full,jitter:uint8:1ch:v2,uint8:1ch,v2,baseline,validation,65536.0,65536.0,0.10884353741496598,0.5310789099894464,0.07467337469922213,0.019305458707008113,1.9622208690887075,1.4311419590992611,2.6947821353472703,round1_20260927
jitter,all,M2_byte_affine,shared,full,jitter:uint8:1ch:v3,uint8:1ch,v3,baseline,validation,200704.0,200704.0,0.3333333333333333,1.2246068349728982,0.17218820654914901,0.04592046104466054,4.02528507602812,2.8006782410552216,2.2870019675475706,round1_20260927
jitter,all,M2_byte_affine,shared,full,jitter:uint8:1ch:xv0,uint8:1ch,xv0,extension,validation,409600.0,409600.0,0.6802721088435374,2.3584676044993103,0.3316168874984201,0.0595347139822729,7.213657032207212,4.855189427707902,2.058620359442517,round2_20260927
jitter,all,M2_byte_affine,shared,full,jitter:uint8:1ch:xv1,uint8:1ch,xv1,extension,validation,692224.0,692224.0,1.1496598639455782,4.2180022681019285,0.5930803462980732,0.13523346502584233,11.527336737625983,7.309334469524055,1.732890123080281,round2_20260927
jitter,all,M2_byte_affine,shared,full,jitter:uint8:1ch:xv2,uint8:1ch,xv2,extension,validation,921600.0,921600.0,1.530612244897959,7.954702568117398,1.1184863008431252,1.5139036023959567,15.028294179704988,7.07359161158759,0.8892339532515876,round2_20260927
jitter,all,M2_byte_affine,shared,full,jitter:uint8:1ch:xv3,uint8:1ch,xv3,extension,validation,1183744.0,1183744.0,1.965986394557823,9.824304156045747,1.3813652389587598,0.38474941604641655,19.029388399223848,9.205084243178101,0.9369706084998818,round2_20260927
jitter,all,M2_byte_affine,shared,full,jitter:float32:3ch:t0,float32:3ch,t0,baseline,train,12288.0,49152.0,0.08163265306122448,1.509811660895745,0.2122899813166433,0.10296398004677176,1.7121524803687787,0.20234081947303362,0.13401725838637935,round1_20260927
jitter,all,M2_byte_affine,shared,full,jitter:float32:3ch:t1,float32:3ch,t1,baseline,train,27648.0,110592.0,0.1836734693877551,2.0234422121817865,0.2845099958789101,0.04439544603665878,2.6499089380685117,0.6264667258867251,0.30960445626526406,round1_20260927
jitter,all,M2_byte_affine,shared,full,jitter:float32:3ch:t2,float32:3ch,t2,baseline,train,62208.0,248832.0,0.413265306122449,3.244211811106652,0.45615866045071,0.03412494802413667,4.759860967892911,1.5156491567862593,0.46718563553630843,round1_20260927
jitter,all,M2_byte_affine,shared,full,jitter:float32:3ch:t3,float32:3ch,t3,baseline,train,110592.0,442368.0,0.7346938775510204,5.372403207955614,0.7553971175224125,0.1057451408536148,7.71379380964707,2.3413906016914563,0.435818108034828,round1_20260927
jitter,all,M2_byte_affine,shared,full,jitter:float32:3ch:t4,float32:3ch,t4,baseline+control,train,150528.0,602112.0,1.0,7.283180742900029,1.024065679105089,0.23903089471006933,10.151960599666376,2.8687798567663467,0.3938910701293472,"round1_20260927,round2_20260927"
jitter,all,M2_byte_affine,shared,full,jitter:float32:3ch:t5,float32:3ch,t5,baseline,train,248832.0,995328.0,1.653061224489796,12.06516234188601,1.696445427253931,0.40680197021999115,16.153601928944667,4.088439587058657,0.3388632055836521,round1_20260927
jitter,all,M2_byte_affine,shared,full,jitter:float32:3ch:t6,float32:3ch,t6,baseline,train,442368.0,1769472.0,2.938775510204082,24.985352664162907,3.5131137132150863,1.89359218939554,27.969333295961302,2.9839806317983957,0.11942919805484238,round1_20260927
jitter,all,M2_byte_affine,shared,full,jitter:float32:3ch:t7,float32:3ch,t7,baseline,train,786432.0,3145728.0,5.224489795918367,52.50420930375179,7.382455640543801,4.38211224825043,48.97507794843532,-3.5291313553164727,-0.06721616042057588,round1_20260927
jitter,all,M2_byte_affine,shared,full,jitter:float32:1ch:t0,float32:1ch,t0,baseline,train,4096.0,16384.0,0.027210884353741496,0.2731888135895133,0.03841224017201335,0.005648978726455124,1.212015702928921,0.9388268893394076,3.4365495314536028,round1_20260927
jitter,all,M2_byte_affine,shared,full,jitter:float32:1ch:t1,float32:1ch,t1,baseline,train,9216.0,36864.0,0.061224489795918366,0.2847551740705967,0.04003855060133802,0.008275995882444482,1.524601188828832,1.2398460147582353,4.354077213188238,round1_20260927
jitter,all,M2_byte_affine,shared,full,jitter:float32:1ch:t2,float32:1ch,t2,baseline,train,20736.0,82944.0,0.1377551020408163,0.3055100523245831,0.042956830298657316,0.006076754836043071,2.2279185321036317,1.9224084797790486,6.292455731494634,round1_20260927
jitter,all,M2_byte_affine,shared,full,jitter:float32:1ch:t3,float32:1ch,t3,baseline,train,36864.0,147456.0,0.24489795918367346,0.36333188026522595,0.051086979966418325,0.029665259432434404,3.2125628126883514,2.8492309324231253,7.8419513595758135,round1_20260927
jitter,all,M2_byte_affine,shared,full,jitter:float32:1ch:t4,float32:1ch,t4,baseline,train,50176.0,200704.0,0.3333333333333333,0.3955779123740892,0.05562099552029551,0.02530810906890196,4.02528507602812,3.629707163654031,9.17570736411971,round1_20260927
jitter,all,M2_byte_affine,shared,full,jitter:float32:1ch:t5,float32:1ch,t5,baseline,train,82944.0,331776.0,0.5510204081632653,0.4906580178067088,0.06898991717367588,0.006886815480992052,6.025832185787551,5.535174167980842,11.281124463681717,round1_20260927
jitter,all,M2_byte_affine,shared,full,jitter:float32:1ch:t6,float32:1ch,t6,baseline,train,147456.0,589824.0,0.9795918367346939,0.7250734915335973,0.10195035709257881,0.010687873571127538,9.964409308126429,9.239335816592831,12.742619781962768,round1_20260927
jitter,all,M2_byte_affine,shared,full,jitter:float32:1ch:t7,float32:1ch,t7,baseline,train,262144.0,1048576.0,1.7414965986394557,1.2799025784867506,0.1799631712427461,0.06364890290470714,16.966324192284436,15.686421613797686,12.255949692939907,round1_20260927
jitter,all,M2_byte_affine,shared,full,jitter:uint8:3ch:t0,uint8:3ch,t0,baseline,train,12288.0,12288.0,0.02040816326530612,1.663568524333338,0.23390926172881532,0.017614627216548034,1.1494986057489387,-0.5140699185843993,-0.30901637718254427,round1_20260927
jitter,all,M2_byte_affine,shared,full,jitter:uint8:3ch:t1,uint8:3ch,t1,baseline,train,27648.0,27648.0,0.04591836734693878,2.303294880936543,0.323859220262376,0.030072730064637284,1.383937720173872,-0.9193571607626709,-0.399148701441498,round1_20260927
jitter,all,M2_byte_affine,shared,full,jitter:uint8:3ch:t2,uint8:3ch,t2,baseline,train,62208.0,62208.0,0.10331632653061225,3.680015243589878,0.5174356428292304,0.04545705301588263,1.9114257276299718,-1.7685895159599063,-0.4805929864123704,round1_20260927
jitter,all,M2_byte_affine,shared,full,jitter:uint8:3ch:t3,uint8:3ch,t3,baseline,train,110592.0,110592.0,0.1836734693877551,6.0185619574963125,0.8462515150743549,0.12449688154664332,2.6499089380685117,-3.368653019427801,-0.5597106157945313,round1_20260927
jitter,all,M2_byte_affine,shared,full,jitter:uint8:3ch:t4,uint8:3ch,t4,baseline,train,150528.0,150528.0,0.25,8.091521068818315,1.1377239300851307,0.18317581888094106,3.259450635573338,-4.832070433244977,-0.5971770192709456,round1_20260927
jitter,all,M2_byte_affine,shared,full,jitter:uint8:3ch:t5,uint8:3ch,t5,baseline,train,248832.0,248832.0,0.413265306122449,13.872056385777663,1.9505072501645704,0.9467685493659718,4.759860967892911,-9.112195417884752,-0.6568741623071139,round1_20260927
jitter,all,M2_byte_affine,shared,full,jitter:uint8:3ch:t6,uint8:3ch,t6,baseline,train,442368.0,442368.0,0.7346938775510204,27.20905054961345,3.8257810443682216,1.7669327565577415,7.71379380964707,-19.49525673996638,-0.7164989717086376,round1_20260927
jitter,all,M2_byte_affine,shared,full,jitter:uint8:3ch:t7,uint8:3ch,t7,baseline,train,786432.0,786432.0,1.3061224489795917,64.05183946711634,9.00613245741099,3.9980376532262185,12.965229972765574,-51.08660949435077,-0.7975822383770601,round1_20260927
jitter,all,M2_byte_affine,shared,full,jitter:uint8:1ch:t0,uint8:1ch,t0,baseline,train,4096.0,4096.0,0.006802721088435374,0.30986011183510226,0.04356847880829098,0.02665918866394371,1.0244644113889743,0.714604299553872,2.306215844697564,round1_20260927
jitter,all,M2_byte_affine,shared,full,jitter:uint8:1ch:t1,uint8:1ch,t1,baseline,train,9216.0,9216.0,0.015306122448979591,0.3025479312054813,0.04254033554416676,0.004407118288774131,1.1026107828639522,0.8000628516584709,2.6444168646953754,round1_20260927
jitter,all,M2_byte_affine,shared,full,jitter:uint8:1ch:t2,uint8:1ch,t2,baseline,train,20736.0,20736.0,0.03443877551020408,0.339843697535495,0.04778437872018195,0.0034668248700200667,1.278440118682652,0.9385964211471569,2.7618473667563754,round1_20260927
jitter,all,M2_byte_affine,shared,full,jitter:uint8:1ch:t3,uint8:1ch,t3,baseline,train,36864.0,36864.0,0.061224489795918366,0.41386013307298225,0.05819160243181727,0.028957566217798245,1.524601188828832,1.1107410557558497,2.683856131559248,round1_20260927
jitter,all,M2_byte_affine,shared,full,jitter:uint8:1ch:t4,uint8:1ch,t4,baseline,train,50176.0,50176.0,0.08333333333333333,0.4465744667686522,0.06279146443375724,0.007859124006011655,1.7277817546637741,1.281207287895122,2.8689667306009485,round1_20260927
jitter,all,M2_byte_affine,shared,full,jitter:uint8:1ch:t5,uint8:1ch,t5,baseline,train,82944.0,82944.0,0.1377551020408163,0.598602967026333,0.0841677250066506,0.015458821900013749,2.2279185321036317,1.6293155650772988,2.721863496887118,round1_20260927
jitter,all,M2_byte_affine,shared,full,jitter:uint8:1ch:t6,uint8:1ch,t6,baseline,train,147456.0,147456.0,0.24489795918367346,0.9098916213649014,0.12793706678959296,0.015593853670325314,3.2125628126883514,2.30267119132345,2.5307093034544943,round1_20260927
jitter,all,M2_byte_affine,shared,full,jitter:uint8:1ch:t7,uint8:1ch,t7,baseline+control,train,262144.0,262144.0,0.43537414965986393,1.6171979651941608,0.22738923980273087,0.027448508490602232,4.9630415337278535,3.3458435685336925,2.068914035599835,"round1_20260927,round2_20260927"
jitter,all,M2_byte_affine,shared,full,jitter:uint8:1ch:xt0,uint8:1ch,xt0,extension,train,262144.0,262144.0,0.43537414965986393,1.6571611678227782,0.23300834300554304,0.029367770316790297,4.9630415337278535,3.3058803659050753,1.994905764204231,round2_20260927
jitter,all,M2_byte_affine,shared,full,jitter:uint8:1ch:xt1,uint8:1ch,xt1,extension,train,541696.0,541696.0,0.8996598639455783,3.280415339395404,0.46124912738978235,0.1119507491249189,9.229833416261638,5.949418076866234,1.8136173201661532,round2_20260927
jitter,all,M2_byte_affine,shared,full,jitter:uint8:1ch:xt2,uint8:1ch,xt2,extension,train,1048576.0,1048576.0,1.7414965986394557,10.396321961065707,1.4617949059732736,1.4111860175931243,16.966324192284436,6.570002231218728,0.6319544792690558,round2_20260927
jitter,all,M2_byte_affine,shared,full,jitter:uint8:1ch:xt3,uint8:1ch,xt3,extension,train,1205604.0,1205604.0,2.0022919323979593,8.353445091533244,1.174552262604131,0.19137949917898278,19.363036774310373,11.00959168277713,1.3179701981803964,round2_20260927
jitter,all,M3_element_prop,shared,full,jitter:float32:3ch:v0,float32:3ch,v0,baseline,validation,19200.0,76800.0,0.12755102040816327,1.7530677878918748,0.2464934783439015,0.0371368787124611,0.5807777642723068,-1.172290023619568,-0.6687077543243708,round1_20260927
jitter,all,M3_element_prop,shared,full,jitter:float32:3ch:v1,float32:3ch,v1,baseline,validation,76800.0,307200.0,0.5102040816326531,3.955243182288507,0.5561345981211014,0.1442563890698067,2.323111057089227,-1.6321321251992797,-0.41265025940956856,round1_20260927
jitter,all,M3_element_prop,shared,full,jitter:float32:3ch:v2,float32:3ch,v2,baseline,validation,196608.0,786432.0,1.3061224489795917,9.517521506051423,1.3382294726096466,0.15807636011567416,5.947164306148421,-3.570357199903002,-0.3751351859444605,round1_20260927
jitter,all,M3_element_prop,shared,full,jitter:float32:3ch:v3,float32:3ch,v3,baseline,validation,602112.0,2408448.0,4.0,41.235049925103944,5.79793374558897,2.6691384128877242,18.213190687579537,-23.021859237524406,-0.5583080238617263,round1_20260927
jitter,all,M3_element_prop,shared,full,jitter:float32:1ch:v0,float32:1ch,v0,baseline,validation,6400.0,25600.0,0.04251700680272109,0.27701203944161534,0.03894981221873507,0.00837667924262504,0.1935925880907689,-0.08341945135084644,-0.3011401653119427,round1_20260927
jitter,all,M3_element_prop,shared,full,jitter:float32:1ch:v1,float32:1ch,v1,baseline,validation,25600.0,102400.0,0.17006802721088435,0.3208126740840574,0.04510848495304456,0.008649441732908086,0.7743703523630756,0.4535576782790182,1.413777306566697,round1_20260927
jitter,all,M3_element_prop,shared,full,jitter:float32:1ch:v2,float32:1ch,v2,baseline,validation,65536.0,262144.0,0.43537414965986393,0.43192301799232763,0.06073136921291203,0.011798183196517145,1.9823881020494736,1.550465084057146,3.5896792240062725,round1_20260927
jitter,all,M3_element_prop,shared,full,jitter:float32:1ch:v3,float32:1ch,v3,baseline,validation,200704.0,802816.0,1.3333333333333333,0.9225241451834639,0.12971328717183167,0.031674772306956644,6.071063562526513,5.148539417343049,5.580926465961658,round1_20260927
jitter,all,M3_element_prop,shared,full,jitter:uint8:3ch:v0,uint8:3ch,v0,baseline,validation,19200.0,19200.0,0.03188775510204082,1.867444795401146,0.2625756781414519,0.0985693166227975,0.5807777642723068,-1.286667031128839,-0.6889986972024252,round1_20260927
jitter,all,M3_element_prop,shared,full,jitter:uint8:3ch:v1,uint8:3ch,v1,baseline,validation,76800.0,76800.0,0.12755102040816327,4.377874128392374,0.6155594376398239,0.012334939999400683,2.323111057089227,-2.0547630713031473,-0.4693517929118006,round1_20260927
jitter,all,M3_element_prop,shared,full,jitter:uint8:3ch:v2,uint8:3ch,v2,baseline,validation,196608.0,196608.0,0.32653061224489793,10.689822305350518,1.5030630881038083,0.09953980854098789,5.947164306148421,-4.7426579992020965,-0.44366106972875313,round1_20260927
jitter,all,M3_element_prop,shared,full,jitter:uint8:3ch:v3,uint8:3ch,v3,baseline,validation,602112.0,602112.0,1.0,43.33487374421495,6.0931835246659505,4.889182190986537,18.213190687579537,-25.121683056635415,-0.5797105399433422,round1_20260927
jitter,all,M3_element_prop,shared,full,jitter:uint8:1ch:v0,uint8:1ch,v0,baseline,validation,6400.0,6400.0,0.010629251700680272,0.3002344522004326,0.04221504436548633,0.003656084765146561,0.1935925880907689,-0.1066418641096637,-0.35519529263907057,round1_20260927
jitter,all,M3_element_prop,shared,full,jitter:uint8:1ch:v1,uint8:1ch,v1,baseline,validation,25600.0,25600.0,0.04251700680272109,0.36365873568380874,0.05113293810311931,0.01114089328671815,0.7743703523630756,0.41071161667926687,1.129387462415778,round1_20260927
jitter,all,M3_element_prop,shared,full,jitter:uint8:1ch:v2,uint8:1ch,v2,baseline,validation,65536.0,65536.0,0.10884353741496598,0.5310789099894464,0.07467337469922213,0.019305458707008113,1.9823881020494736,1.4513091920600272,2.7327562152465585,round1_20260927
jitter,all,M3_element_prop,shared,full,jitter:uint8:1ch:v3,uint8:1ch,v3,baseline,validation,200704.0,200704.0,0.3333333333333333,1.2246068349728982,0.17218820654914901,0.04592046104466054,6.071063562526513,4.846456727553615,3.957561389620099,round1_20260927
jitter,all,M3_element_prop,shared,full,jitter:uint8:1ch:xv0,uint8:1ch,xv0,extension,validation,409600.0,409600.0,0.6802721088435374,2.3584676044993103,0.3316168874984201,0.0595347139822729,12.38992563780921,10.0314580333099,4.253379615718539,round2_20260927
jitter,all,M3_element_prop,shared,full,jitter:uint8:1ch:xv1,uint8:1ch,xv1,extension,validation,692224.0,692224.0,1.1496598639455782,4.2180022681019285,0.5930803462980732,0.13523346502584233,20.938974327897565,16.720972059795635,3.96419228748304,round2_20260927
jitter,all,M3_element_prop,shared,full,jitter:uint8:1ch:xv2,uint8:1ch,xv2,extension,validation,921600.0,921600.0,1.530612244897959,7.954702568117398,1.1184863008431252,1.5139036023959567,27.877332685070723,19.922630116953325,2.504509747077611,round2_20260927
jitter,all,M3_element_prop,shared,full,jitter:uint8:1ch:xv3,uint8:1ch,xv3,extension,validation,1183744.0,1183744.0,1.965986394557823,9.824304156045747,1.3813652389587598,0.38474941604641655,35.80688509326862,25.98258093722287,2.6447248094648548,round2_20260927
jitter,all,M3_element_prop,shared,full,jitter:float32:3ch:t0,float32:3ch,t0,baseline,train,12288.0,49152.0,0.08163265306122448,1.509811660895745,0.2122899813166433,0.10296398004677176,0.3716977691342763,-1.1381138917614688,-0.7538118304678119,round1_20260927
jitter,all,M3_element_prop,shared,full,jitter:float32:3ch:t1,float32:3ch,t1,baseline,train,27648.0,110592.0,0.1836734693877551,2.0234422121817865,0.2845099958789101,0.04439544603665878,0.8363199805521216,-1.1871222316296648,-0.5866845242640483,round1_20260927
jitter,all,M3_element_prop,shared,full,jitter:float32:3ch:t2,float32:3ch,t2,baseline,train,62208.0,248832.0,0.413265306122449,3.244211811106652,0.45615866045071,0.03412494802413667,1.8817199562422737,-1.3624918548643783,-0.4199762328094141,round1_20260927
jitter,all,M3_element_prop,shared,full,jitter:float32:3ch:t3,float32:3ch,t3,baseline,train,110592.0,442368.0,0.7346938775510204,5.372403207955614,0.7553971175224125,0.1057451408536148,3.3452799222084866,-2.0271232857471273,-0.3773215090679164,round1_20260927
jitter,all,M3_element_prop,shared,full,jitter:float32:3ch:t4,float32:3ch,t4,baseline+control,train,150528.0,602112.0,1.0,7.283180742900029,1.024065679105089,0.23903089471006933,4.553297671894884,-2.729883071005145,-0.37482017368117043,"round1_20260927,round2_20260927"
jitter,all,M3_element_prop,shared,full,jitter:float32:3ch:t5,float32:3ch,t5,baseline,train,248832.0,995328.0,1.653061224489796,12.06516234188601,1.696445427253931,0.40680197021999115,7.526879824969095,-4.538282516916915,-0.37614765457084576,round1_20260927
jitter,all,M3_element_prop,shared,full,jitter:float32:3ch:t6,float32:3ch,t6,baseline,train,442368.0,1769472.0,2.938775510204082,24.985352664162907,3.5131137132150863,1.89359218939554,13.381119688833946,-11.60423297532896,-0.4644414321985213,round1_20260927
jitter,all,M3_element_prop,shared,full,jitter:float32:3ch:t7,float32:3ch,t7,baseline,train,786432.0,3145728.0,5.224489795918367,52.50420930375179,7.382455640543801,4.38211224825043,23.788657224593685,-28.71555207915811,-0.5469190463002779,round1_20260927
jitter,all,M3_element_prop,shared,full,jitter:float32:1ch:t0,float32:1ch,t0,baseline,train,4096.0,16384.0,0.027210884353741496,0.2731888135895133,0.03841224017201335,0.005648978726455124,0.1238992563780921,-0.1492895572114212,-0.546470242503194,round1_20260927
jitter,all,M3_element_prop,shared,full,jitter:float32:1ch:t1,float32:1ch,t1,baseline,train,9216.0,36864.0,0.061224489795918366,0.2847551740705967,0.04003855060133802,0.008275995882444482,0.2787733268507072,-0.00598184721988948,-0.021006983417995617,round1_20260927
jitter,all,M3_element_prop,shared,full,jitter:float32:1ch:t2,float32:1ch,t2,baseline,train,20736.0,82944.0,0.1377551020408163,0.3055100523245831,0.042956830298657316,0.006076754836043071,0.6272399854140912,0.3217299330895081,1.0530911524563928,round1_20260927
jitter,all,M3_element_prop,shared,full,jitter:float32:1ch:t3,float32:1ch,t3,baseline,train,36864.0,147456.0,0.24489795918367346,0.36333188026522595,0.051086979966418325,0.029665259432434404,1.1150933074028289,0.751761427137603,2.0690764228804537,round1_20260927
jitter,all,M3_element_prop,shared,full,jitter:float32:1ch:t4,float32:1ch,t4,baseline,train,50176.0,200704.0,0.3333333333333333,0.3955779123740892,0.05562099552029551,0.02530810906890196,1.5177658906316283,1.122187978257539,2.8368317420015883,round1_20260927
jitter,all,M3_element_prop,shared,full,jitter:float32:1ch:t5,float32:1ch,t5,baseline,train,82944.0,331776.0,0.5510204081632653,0.4906580178067088,0.06898991717367588,0.006886815480992052,2.508959941656365,2.018301923849656,4.113459579997634,round1_20260927
jitter,all,M3_element_prop,shared,full,jitter:float32:1ch:t6,float32:1ch,t6,baseline,train,147456.0,589824.0,0.9795918367346939,0.7250734915335973,0.10195035709257881,0.010687873571127538,4.460373229611315,3.735299738077718,5.151615362709253,round1_20260927
jitter,all,M3_element_prop,shared,full,jitter:float32:1ch:t7,float32:1ch,t7,baseline,train,262144.0,1048576.0,1.7414965986394557,1.2799025784867506,0.1799631712427461,0.06364890290470714,7.929552408197894,6.6496498297111435,5.195434356865763,round1_20260927
jitter,all,M3_element_prop,shared,full,jitter:uint8:3ch:t0,uint8:3ch,t0,baseline,train,12288.0,12288.0,0.02040816326530612,1.663568524333338,0.23390926172881532,0.017614627216548034,0.3716977691342763,-1.2918707551990618,-0.7765660003195654,round1_20260927
jitter,all,M3_element_prop,shared,full,jitter:uint8:3ch:t1,uint8:3ch,t1,baseline,train,27648.0,27648.0,0.04591836734693878,2.303294880936543,0.323859220262376,0.030072730064637284,0.8363199805521216,-1.4669749003844212,-0.6369027745973779,round1_20260927
jitter,all,M3_element_prop,shared,full,jitter:uint8:3ch:t2,uint8:3ch,t2,baseline,train,62208.0,62208.0,0.10331632653061225,3.680015243589878,0.5174356428292304,0.04545705301588263,1.8817199562422737,-1.7982952873476044,-0.4886651734609001,round1_20260927
jitter,all,M3_element_prop,shared,full,jitter:uint8:3ch:t3,uint8:3ch,t3,baseline,train,110592.0,110592.0,0.1836734693877551,6.0185619574963125,0.8462515150743549,0.12449688154664332,3.3452799222084866,-2.673282035287826,-0.4441728861756033,round1_20260927
jitter,all,M3_element_prop,shared,full,jitter:uint8:3ch:t4,uint8:3ch,t4,baseline,train,150528.0,150528.0,0.25,8.091521068818315,1.1377239300851307,0.18317581888094106,4.553297671894884,-3.5382233969234305,-0.43727543521556356,round1_20260927
jitter,all,M3_element_prop,shared,full,jitter:uint8:3ch:t5,uint8:3ch,t5,baseline,train,248832.0,248832.0,0.413265306122449,13.872056385777663,1.9505072501645704,0.9467685493659718,7.526879824969095,-6.345176560808568,-0.4574070623958799,round1_20260927
jitter,all,M3_element_prop,shared,full,jitter:uint8:3ch:t6,uint8:3ch,t6,baseline,train,442368.0,442368.0,0.7346938775510204,27.20905054961345,3.8257810443682216,1.7669327565577415,13.381119688833946,-13.827930860779505,-0.5082107086230524,round1_20260927
jitter,all,M3_element_prop,shared,full,jitter:uint8:3ch:t7,uint8:3ch,t7,baseline,train,786432.0,786432.0,1.3061224489795917,64.05183946711634,9.00613245741099,3.9980376532262185,23.788657224593685,-40.26318224252265,-0.6286030592953294,round1_20260927
jitter,all,M3_element_prop,shared,full,jitter:uint8:1ch:t0,uint8:1ch,t0,baseline,train,4096.0,4096.0,0.006802721088435374,0.30986011183510226,0.04356847880829098,0.02665918866394371,0.1238992563780921,-0.18596085545701016,-0.6001445437932735,round1_20260927
jitter,all,M3_element_prop,shared,full,jitter:uint8:1ch:t1,uint8:1ch,t1,baseline,train,9216.0,9216.0,0.015306122448979591,0.3025479312054813,0.04254033554416676,0.004407118288774131,0.2787733268507072,-0.023774604354774076,-0.07858128217914369,round1_20260927
jitter,all,M3_element_prop,shared,full,jitter:uint8:1ch:t2,uint8:1ch,t2,baseline,train,20736.0,20736.0,0.03443877551020408,0.339843697535495,0.04778437872018195,0.0034668248700200667,0.6272399854140912,0.2873962878785962,0.8456719661502009,round1_20260927
jitter,all,M3_element_prop,shared,full,jitter:uint8:1ch:t3,uint8:1ch,t3,baseline,train,36864.0,36864.0,0.061224489795918366,0.41386013307298225,0.05819160243181727,0.028957566217798245,1.1150933074028289,0.7012331743298466,1.6943723695323596,round1_20260927
jitter,all,M3_element_prop,shared,full,jitter:uint8:1ch:t4,uint8:1ch,t4,baseline,train,50176.0,50176.0,0.08333333333333333,0.4465744667686522,0.06279146443375724,0.007859124006011655,1.5177658906316283,1.071191423862976,2.3986848858913974,round1_20260927
jitter,all,M3_element_prop,shared,full,jitter:uint8:1ch:t5,uint8:1ch,t5,baseline,train,82944.0,82944.0,0.1377551020408163,0.598602967026333,0.0841677250066506,0.015458821900013749,2.508959941656365,1.910356974630032,3.191359014005679,round1_20260927
jitter,all,M3_element_prop,shared,full,jitter:uint8:1ch:t6,uint8:1ch,t6,baseline,train,147456.0,147456.0,0.24489795918367346,0.9098916213649014,0.12793706678959296,0.015593853670325314,4.460373229611315,3.550481608246414,3.9020928700502178,round1_20260927
jitter,all,M3_element_prop,shared,full,jitter:uint8:1ch:t7,uint8:1ch,t7,baseline+control,train,262144.0,262144.0,0.43537414965986393,1.6171979651941608,0.22738923980273087,0.027448508490602232,7.929552408197894,6.312354443003733,3.903266377314463,"round1_20260927,round2_20260927"
jitter,all,M3_element_prop,shared,full,jitter:uint8:1ch:xt0,uint8:1ch,xt0,extension,train,262144.0,262144.0,0.43537414965986393,1.6571611678227782,0.23300834300554304,0.029367770316790297,7.929552408197894,6.272391240375116,3.785021856755157,round2_20260927
jitter,all,M3_element_prop,shared,full,jitter:uint8:1ch:xt1,uint8:1ch,xt1,extension,train,541696.0,541696.0,0.8996598639455783,3.280415339395404,0.46124912738978235,0.1119507491249189,16.38567665600268,13.105261316607276,3.995000620568564,round2_20260927
jitter,all,M3_element_prop,shared,full,jitter:uint8:1ch:xt2,uint8:1ch,xt2,extension,train,1048576.0,1048576.0,1.7414965986394557,10.396321961065707,1.4617949059732736,1.4111860175931243,31.718209632791577,21.321887671725868,2.0509068256616594,round2_20260927
jitter,all,M3_element_prop,shared,full,jitter:uint8:1ch:xt3,uint8:1ch,xt3,extension,train,1205604.0,1205604.0,2.0022919323979593,8.353445091533244,1.174552262604131,0.19137949917898278,36.46812477696615,28.114679685432904,3.365638892380935,round2_20260927
jitter,all,M4_element_affine,shared,full,jitter:float32:3ch:v0,float32:3ch,v0,baseline,validation,19200.0,76800.0,0.12755102040816327,1.7530677878918748,0.2464934783439015,0.0371368787124611,1.7359098802394528,-0.017157907652421978,-0.009787361202418169,round1_20260927
jitter,all,M4_element_affine,shared,full,jitter:float32:3ch:v1,float32:3ch,v1,baseline,validation,76800.0,307200.0,0.5102040816326531,3.955243182288507,0.5561345981211014,0.1442563890698067,3.367742260339222,-0.5875009219492848,-0.14853724407644547,round1_20260927
jitter,all,M4_element_affine,shared,full,jitter:float32:3ch:v2,float32:3ch,v2,baseline,validation,196608.0,786432.0,1.3061224489795917,9.517521506051423,1.3382294726096466,0.15807636011567416,6.761953610946742,-2.755567895104681,-0.2895257860308104,round1_20260927
jitter,all,M4_element_affine,shared,full,jitter:float32:3ch:v3,float32:3ch,v3,baseline,validation,602112.0,2408448.0,4.0,41.235049925103944,5.79793374558897,2.6691384128877242,18.25005356684912,-22.984996358254822,-0.5574140543058136,round1_20260927
jitter,all,M4_element_affine,shared,full,jitter:float32:1ch:v0,float32:1ch,v0,baseline,validation,6400.0,25600.0,0.04251700680272109,0.27701203944161534,0.03894981221873507,0.00837667924262504,1.3732804624395039,1.0962684229978885,3.957475729963514,round1_20260927
jitter,all,M4_element_affine,shared,full,jitter:float32:1ch:v1,float32:1ch,v1,baseline,validation,25600.0,102400.0,0.17006802721088435,0.3208126740840574,0.04510848495304456,0.008649441732908086,1.917224589139427,1.5964119150553697,4.9761497721785375,round1_20260927
jitter,all,M4_element_affine,shared,full,jitter:float32:1ch:v2,float32:1ch,v2,baseline,validation,65536.0,262144.0,0.43537414965986393,0.43192301799232763,0.06073136921291203,0.011798183196517145,3.0486283726752674,2.61670535468294,6.058267898862989,round1_20260927
jitter,all,M4_element_affine,shared,full,jitter:float32:1ch:v3,float32:1ch,v3,baseline,validation,200704.0,802816.0,1.3333333333333333,0.9225241451834639,0.12971328717183167,0.031674772306956644,6.8779950246427255,5.955470879459262,6.455626024048279,round1_20260927
jitter,all,M4_element_affine,shared,full,jitter:uint8:3ch:v0,uint8:3ch,v0,baseline,validation,19200.0,19200.0,0.03188775510204082,1.867444795401146,0.2625756781414519,0.0985693166227975,1.7359098802394528,-0.13153491516169313,-0.07043577164134489,round1_20260927
jitter,all,M4_element_affine,shared,full,jitter:uint8:3ch:v1,uint8:3ch,v1,baseline,validation,76800.0,76800.0,0.12755102040816327,4.377874128392374,0.6155594376398239,0.012334939999400683,3.367742260339222,-1.0101318680531524,-0.23073570377503955,round1_20260927
jitter,all,M4_element_affine,shared,full,jitter:uint8:3ch:v2,uint8:3ch,v2,baseline,validation,196608.0,196608.0,0.32653061224489793,10.689822305350518,1.5030630881038083,0.09953980854098789,6.761953610946742,-3.9278686944037755,-0.36744003615829807,round1_20260927
jitter,all,M4_element_affine,shared,full,jitter:uint8:3ch:v3,uint8:3ch,v3,baseline,validation,602112.0,602112.0,1.0,43.33487374421495,6.0931835246659505,4.889182190986537,18.25005356684912,-25.08482017736583,-0.5788598883529588,round1_20260927
jitter,all,M4_element_affine,shared,full,jitter:uint8:1ch:v0,uint8:1ch,v0,baseline,validation,6400.0,6400.0,0.010629251700680272,0.3002344522004326,0.04221504436548633,0.003656084765146561,1.3732804624395039,1.0730460102390713,3.5740269058886014,round1_20260927
jitter,all,M4_element_affine,shared,full,jitter:uint8:1ch:v1,uint8:1ch,v1,baseline,validation,25600.0,25600.0,0.04251700680272109,0.36365873568380874,0.05113293810311931,0.01114089328671815,1.917224589139427,1.5535658534556183,4.272043267527612,round1_20260927
jitter,all,M4_element_affine,shared,full,jitter:uint8:1ch:v2,uint8:1ch,v2,baseline,validation,65536.0,65536.0,0.10884353741496598,0.5310789099894464,0.07467337469922213,0.019305458707008113,3.0486283726752674,2.517549462685821,4.7404433038695695,round1_20260927
jitter,all,M4_element_affine,shared,full,jitter:uint8:1ch:v3,uint8:1ch,v3,baseline,validation,200704.0,200704.0,0.3333333333333333,1.2246068349728982,0.17218820654914901,0.04592046104466054,6.8779950246427255,5.653388189669827,4.6164924351373084,round1_20260927
jitter,all,M4_element_affine,shared,full,jitter:uint8:1ch:xv0,uint8:1ch,xv0,extension,validation,409600.0,409600.0,0.6802721088435374,2.3584676044993103,0.3316168874984201,0.0595347139822729,12.796107123137888,10.437639518638578,4.425602242204396,round2_20260927
jitter,all,M4_element_affine,shared,full,jitter:uint8:1ch:xv1,uint8:1ch,xv1,extension,validation,692224.0,692224.0,1.1496598639455782,4.2180022681019285,0.5930803462980732,0.13523346502584233,20.802964668160758,16.584962400058828,3.9319472456144373,round2_20260927
jitter,all,M4_element_affine,shared,full,jitter:uint8:1ch:xv2,uint8:1ch,xv2,extension,validation,921600.0,921600.0,1.530612244897959,7.954702568117398,1.1184863008431252,1.5139036023959567,27.30128383513584,19.346581267018443,2.432093607693129,round2_20260927
jitter,all,M4_element_affine,shared,full,jitter:uint8:1ch:xv3,uint8:1ch,xv3,extension,validation,1183744.0,1183744.0,1.965986394557823,9.824304156045747,1.3813652389587598,0.38474941604641655,34.72793431167879,24.90363015563304,2.534900157820101,round2_20260927
jitter,all,M4_element_affine,shared,full,jitter:float32:3ch:t0,float32:3ch,t0,baseline,train,12288.0,49152.0,0.08163265306122448,1.509811660895745,0.2122899813166433,0.10296398004677176,1.5400899946274804,0.030278333731735385,0.020054377983656436,round1_20260927
jitter,all,M4_element_affine,shared,full,jitter:float32:3ch:t1,float32:3ch,t1,baseline,train,27648.0,110592.0,0.1836734693877551,2.0234422121817865,0.2845099958789101,0.04439544603665878,1.975245295987419,-0.04819691619436761,-0.02381926990758933,round1_20260927
jitter,all,M4_element_affine,shared,full,jitter:float32:3ch:t2,float32:3ch,t2,baseline,train,62208.0,248832.0,0.413265306122449,3.244211811106652,0.45615866045071,0.03412494802413667,2.9543447240472807,-0.28986708705937136,-0.08934900183366669,round1_20260927
jitter,all,M4_element_affine,shared,full,jitter:float32:3ch:t3,float32:3ch,t3,baseline,train,110592.0,442368.0,0.7346938775510204,5.372403207955614,0.7553971175224125,0.1057451408536148,4.325083923331087,-1.0473192846245265,-0.1949442817459466,round1_20260927
jitter,all,M4_element_affine,shared,full,jitter:float32:3ch:t4,float32:3ch,t4,baseline+control,train,150528.0,602112.0,1.0,7.283180742900029,1.024065679105089,0.23903089471006933,5.456487706866927,-1.8266930360331024,-0.2508097904633006,"round1_20260927,round2_20260927"
jitter,all,M4_element_affine,shared,full,jitter:float32:3ch:t5,float32:3ch,t5,baseline,train,248832.0,995328.0,1.653061224489796,12.06516234188601,1.696445427253931,0.40680197021999115,8.241481635570533,-3.8236807063154767,-0.3169191261555594,round1_20260927
jitter,all,M4_element_affine,shared,full,jitter:float32:3ch:t6,float32:3ch,t6,baseline,train,442368.0,1769472.0,2.938775510204082,24.985352664162907,3.5131137132150863,1.89359218939554,13.724438432705758,-11.260914231457148,-0.4507006317989239,round1_20260927
jitter,all,M4_element_affine,shared,full,jitter:float32:3ch:t7,float32:3ch,t7,baseline,train,786432.0,3145728.0,5.224489795918367,52.50420930375179,7.382455640543801,4.38211224825043,23.471917183168383,-29.03229212058341,-0.5529517062646032,round1_20260927
jitter,all,M4_element_affine,shared,full,jitter:float32:1ch:t0,float32:1ch,t0,baseline,train,4096.0,16384.0,0.027210884353741496,0.2731888135895133,0.03841224017201335,0.005648978726455124,1.3080071672355131,1.0348183536459998,3.787923597782785,round1_20260927
jitter,all,M4_element_affine,shared,full,jitter:float32:1ch:t1,float32:1ch,t1,baseline,train,9216.0,36864.0,0.061224489795918366,0.2847551740705967,0.04003855060133802,0.008275995882444482,1.4530589343554927,1.168303760284896,4.102835933001342,round1_20260927
jitter,all,M4_element_affine,shared,full,jitter:float32:1ch:t2,float32:1ch,t2,baseline,train,20736.0,82944.0,0.1377551020408163,0.3055100523245831,0.042956830298657316,0.006076754836043071,1.7794254103754465,1.4739153580508635,4.824441444188328,round1_20260927
jitter,all,M4_element_affine,shared,full,jitter:float32:1ch:t3,float32:1ch,t3,baseline,train,36864.0,147456.0,0.24489795918367346,0.36333188026522595,0.051086979966418325,0.029665259432434404,2.236338476803382,1.8730065965381562,5.155084643744705,round1_20260927
jitter,all,M4_element_affine,shared,full,jitter:float32:1ch:t4,float32:1ch,t4,baseline,train,50176.0,200704.0,0.3333333333333333,0.3955779123740892,0.05562099552029551,0.02530810906890196,2.6134730713153287,2.2178951589412397,5.606721431008074,round1_20260927
jitter,all,M4_element_affine,shared,full,jitter:float32:1ch:t5,float32:1ch,t5,baseline,train,82944.0,331776.0,0.5510204081632653,0.4906580178067088,0.06898991717367588,0.006886815480992052,3.5418043808831974,3.0511463630764886,6.2184785580706965,round1_20260927
jitter,all,M4_element_affine,shared,full,jitter:float32:1ch:t6,float32:1ch,t6,baseline,train,147456.0,589824.0,0.9795918367346939,0.7250734915335973,0.10195035709257881,0.010687873571127538,5.369456646594939,4.644383155061342,6.405396431247325,round1_20260927
jitter,all,M4_element_affine,shared,full,jitter:float32:1ch:t7,float32:1ch,t7,baseline,train,262144.0,1048576.0,1.7414965986394557,1.2799025784867506,0.1799631712427461,0.06364890290470714,8.61861623008248,7.33871365159573,5.733806443512606,round1_20260927
jitter,all,M4_element_affine,shared,full,jitter:uint8:3ch:t0,uint8:3ch,t0,baseline,train,12288.0,12288.0,0.02040816326530612,1.663568524333338,0.23390926172881532,0.017614627216548034,1.5400899946274804,-0.1234785297058576,-0.07422509376663076,round1_20260927
jitter,all,M4_element_affine,shared,full,jitter:uint8:3ch:t1,uint8:3ch,t1,baseline,train,27648.0,27648.0,0.04591836734693878,2.303294880936543,0.323859220262376,0.030072730064637284,1.975245295987419,-0.32804958494912406,-0.14242622065644317,round1_20260927
jitter,all,M4_element_affine,shared,full,jitter:uint8:3ch:t2,uint8:3ch,t2,baseline,train,62208.0,62208.0,0.10331632653061225,3.680015243589878,0.5174356428292304,0.04545705301588263,2.9543447240472807,-0.7256705195425974,-0.19719225913713914,round1_20260927
jitter,all,M4_element_affine,shared,full,jitter:uint8:3ch:t3,uint8:3ch,t3,baseline,train,110592.0,110592.0,0.1836734693877551,6.0185619574963125,0.8462515150743549,0.12449688154664332,4.325083923331087,-1.6934780341652251,-0.28137585790837355,round1_20260927
jitter,all,M4_element_affine,shared,full,jitter:uint8:3ch:t4,uint8:3ch,t4,baseline,train,150528.0,150528.0,0.25,8.091521068818315,1.1377239300851307,0.18317581888094106,5.456487706866927,-2.635033361951388,-0.325653648991389,round1_20260927
jitter,all,M4_element_affine,shared,full,jitter:uint8:3ch:t5,uint8:3ch,t5,baseline,train,248832.0,248832.0,0.413265306122449,13.872056385777663,1.9505072501645704,0.9467685493659718,8.241481635570533,-5.6305747502071295,-0.40589330043236277,round1_20260927
jitter,all,M4_element_affine,shared,full,jitter:uint8:3ch:t6,uint8:3ch,t6,baseline,train,442368.0,442368.0,0.7346938775510204,27.20905054961345,3.8257810443682216,1.7669327565577415,13.724438432705758,-13.484612116907693,-0.49559289444222315,round1_20260927
jitter,all,M4_element_affine,shared,full,jitter:uint8:3ch:t7,uint8:3ch,t7,baseline,train,786432.0,786432.0,1.3061224489795917,64.05183946711634,9.00613245741099,3.9980376532262185,23.471917183168383,-40.57992228394795,-0.6335481169870435,round1_20260927
jitter,all,M4_element_affine,shared,full,jitter:uint8:1ch:t0,uint8:1ch,t0,baseline,train,4096.0,4096.0,0.006802721088435374,0.30986011183510226,0.04356847880829098,0.02665918866394371,1.3080071672355131,0.9981470554004108,3.2212828217514913,round1_20260927
jitter,all,M4_element_affine,shared,full,jitter:uint8:1ch:t1,uint8:1ch,t1,baseline,train,9216.0,9216.0,0.015306122448979591,0.3025479312054813,0.04254033554416676,0.004407118288774131,1.4530589343554927,1.1505110031500114,3.8027396140700085,round1_20260927
jitter,all,M4_element_affine,shared,full,jitter:uint8:1ch:t2,uint8:1ch,t2,baseline,train,20736.0,20736.0,0.03443877551020408,0.339843697535495,0.04778437872018195,0.0034668248700200667,1.7794254103754465,1.4395817128399515,4.236011211270424,round1_20260927
jitter,all,M4_element_affine,shared,full,jitter:uint8:1ch:t3,uint8:1ch,t3,baseline,train,36864.0,36864.0,0.061224489795918366,0.41386013307298225,0.05819160243181727,0.028957566217798245,2.236338476803382,1.8224783437303997,4.403609331003174,round1_20260927
jitter,all,M4_element_affine,shared,full,jitter:uint8:1ch:t4,uint8:1ch,t4,baseline,train,50176.0,50176.0,0.08333333333333333,0.4465744667686522,0.06279146443375724,0.007859124006011655,2.6134730713153287,2.1668986045466765,4.8522671263004336,round1_20260927
jitter,all,M4_element_affine,shared,full,jitter:uint8:1ch:t5,uint8:1ch,t5,baseline,train,82944.0,82944.0,0.1377551020408163,0.598602967026333,0.0841677250066506,0.015458821900013749,3.5418043808831974,2.9432014138568645,4.916783871750156,round1_20260927
jitter,all,M4_element_affine,shared,full,jitter:uint8:1ch:t6,uint8:1ch,t6,baseline,train,147456.0,147456.0,0.24489795918367346,0.9098916213649014,0.12793706678959296,0.015593853670325314,5.369456646594939,4.459565025230037,4.901204627580125,round1_20260927
jitter,all,M4_element_affine,shared,full,jitter:uint8:1ch:t7,uint8:1ch,t7,baseline+control,train,262144.0,262144.0,0.43537414965986393,1.6171979651941608,0.22738923980273087,0.027448508490602232,8.61861623008248,7.001418264888319,4.329351393938793,"round1_20260927,round2_20260927"
jitter,all,M4_element_affine,shared,full,jitter:uint8:1ch:xt0,uint8:1ch,xt0,extension,train,262144.0,262144.0,0.43537414965986393,1.6571611678227782,0.23300834300554304,0.029367770316790297,8.61861623008248,6.961455062259702,4.200831637520111,round2_20260927
jitter,all,M4_element_affine,shared,full,jitter:uint8:1ch:xt1,uint8:1ch,xt1,extension,train,541696.0,541696.0,0.8996598639455783,3.280415339395404,0.46124912738978235,0.1119507491249189,16.538442714833362,13.258027375437958,4.041569741556408,round2_20260927
jitter,all,M4_element_affine,shared,full,jitter:uint8:1ch:xt2,uint8:1ch,xt2,extension,train,1048576.0,1048576.0,1.7414965986394557,10.396321961065707,1.4617949059732736,1.4111860175931243,30.898567659711333,20.502245698645623,1.9720672152542664,round2_20260927
jitter,all,M4_element_affine,shared,full,jitter:uint8:1ch:xt3,uint8:1ch,xt3,extension,train,1205604.0,1205604.0,2.0022919323979593,8.353445091533244,1.174552262604131,0.19137949917898278,35.34723736426526,26.993792272732016,3.2314562407421543,round2_20260927
jitter,all,M5_repr_element_affine,float32:1ch,full,jitter:float32:1ch:v0,float32:1ch,v0,baseline,validation,6400.0,25600.0,0.04251700680272109,0.27701203944161534,0.03894981221873507,0.00837667924262504,0.24400509004975857,-0.03300694939185678,-0.11915348321462942,round1_20260927
jitter,all,M5_repr_element_affine,float32:1ch,full,jitter:float32:1ch:v1,float32:1ch,v1,baseline,validation,25600.0,102400.0,0.17006802721088435,0.3208126740840574,0.04510848495304456,0.008649441732908086,0.31794536770291043,-0.0028673063811469612,-0.00893763436663879,round1_20260927
jitter,all,M5_repr_element_affine,float32:1ch,full,jitter:float32:1ch:v2,float32:1ch,v2,baseline,validation,65536.0,262144.0,0.43537414965986393,0.43192301799232763,0.06073136921291203,0.011798183196517145,0.4717411452214664,0.039818127229138744,0.09218801862938929,round1_20260927
jitter,all,M5_repr_element_affine,float32:1ch,full,jitter:float32:1ch:v3,float32:1ch,v3,baseline,validation,200704.0,802816.0,1.3333333333333333,0.9225241451834639,0.12971328717183167,0.031674772306956644,0.9922806998996556,0.06975655471619169,0.07561488236421073,round1_20260927
jitter,all,M5_repr_element_affine,float32:1ch,full,jitter:float32:1ch:t0,float32:1ch,t0,baseline,train,4096.0,16384.0,0.027210884353741496,0.2731888135895133,0.03841224017201335,0.005648978726455124,0.23513225673138033,-0.03805655685813297,-0.13930496039752127,round1_20260927
jitter,all,M5_repr_element_affine,float32:1ch,full,jitter:float32:1ch:t1,float32:1ch,t1,baseline,train,9216.0,36864.0,0.061224489795918366,0.2847551740705967,0.04003855060133802,0.008275995882444482,0.25484966410555415,-0.029905509965042543,-0.10502183169331401,round1_20260927
jitter,all,M5_repr_element_affine,float32:1ch,full,jitter:float32:1ch:t2,float32:1ch,t2,baseline,train,20736.0,82944.0,0.1377551020408163,0.3055100523245831,0.042956830298657316,0.006076754836043071,0.2992138306974453,-0.006296221627137832,-0.020608885302564564,round1_20260927
jitter,all,M5_repr_element_affine,float32:1ch,full,jitter:float32:1ch:t3,float32:1ch,t3,baseline,train,36864.0,147456.0,0.24489795918367346,0.36333188026522595,0.051086979966418325,0.029665259432434404,0.3613236639260929,-0.002008216339133062,-0.005527223038251141,round1_20260927
jitter,all,M5_repr_element_affine,float32:1ch,full,jitter:float32:1ch:t4,float32:1ch,t4,baseline,train,50176.0,200704.0,0.3333333333333333,0.3955779123740892,0.05562099552029551,0.02530810906890196,0.41258892309894485,0.01701101072485567,0.04300293366422526,round1_20260927
jitter,all,M5_repr_element_affine,float32:1ch,full,jitter:float32:1ch:t5,float32:1ch,t5,baseline,train,82944.0,331776.0,0.5510204081632653,0.4906580178067088,0.06898991717367588,0.006886815480992052,0.5387803302936574,0.04812231248694854,0.09807709390353013,round1_20260927
jitter,all,M5_repr_element_affine,float32:1ch,full,jitter:float32:1ch:t6,float32:1ch,t6,baseline,train,147456.0,589824.0,0.9795918367346939,0.7250734915335973,0.10195035709257881,0.010687873571127538,0.7872196632082478,0.06214617167465042,0.08571016924533474,round1_20260927
jitter,all,M5_repr_element_affine,float32:1ch,full,jitter:float32:1ch:t7,float32:1ch,t7,baseline,train,262144.0,1048576.0,1.7414965986394557,1.2799025784867506,0.1799631712427461,0.06364890290470714,1.2288895883897417,-0.05101299009700888,-0.03985693204659558,round1_20260927
jitter,all,M5_repr_element_affine,float32:3ch,full,jitter:float32:3ch:v0,float32:3ch,v0,baseline,validation,19200.0,76800.0,0.12755102040816327,1.7530677878918748,0.2464934783439015,0.0371368787124611,1.2016332936390488,-0.551434494252826,-0.31455400530514865,round1_20260927
jitter,all,M5_repr_element_affine,float32:3ch,full,jitter:float32:3ch:v1,float32:3ch,v1,baseline,validation,76800.0,307200.0,0.5102040816326531,3.955243182288507,0.5561345981211014,0.1442563890698067,4.806533174556195,0.8512899922676884,0.21523075902886238,round1_20260927
jitter,all,M5_repr_element_affine,float32:3ch,full,jitter:float32:3ch:v2,float32:3ch,v2,baseline,validation,196608.0,786432.0,1.3061224489795917,9.517521506051423,1.3382294726096466,0.15807636011567416,12.304724926863859,2.7872034208124354,0.2928497108244282,round1_20260927
jitter,all,M5_repr_element_affine,float32:3ch,full,jitter:float32:3ch:v3,float32:3ch,v3,baseline,validation,602112.0,2408448.0,4.0,41.235049925103944,5.79793374558897,2.6691384128877242,37.68322008852057,-3.551829836583373,-0.0861361837328834,round1_20260927
jitter,all,M5_repr_element_affine,float32:3ch,full,jitter:float32:3ch:t0,float32:3ch,t0,baseline,train,12288.0,49152.0,0.08163265306122448,1.509811660895745,0.2122899813166433,0.10296398004677176,0.7690453079289912,-0.7407663529667539,-0.4906349395442277,round1_20260927
jitter,all,M5_repr_element_affine,float32:3ch,full,jitter:float32:3ch:t1,float32:3ch,t1,baseline,train,27648.0,110592.0,0.1836734693877551,2.0234422121817865,0.2845099958789101,0.04439544603665878,1.73035194284023,-0.29309026934155646,-0.14484736335787443,round1_20260927
jitter,all,M5_repr_element_affine,float32:3ch,full,jitter:float32:3ch:t2,float32:3ch,t2,baseline,train,62208.0,248832.0,0.413265306122449,3.244211811106652,0.45615866045071,0.03412494802413667,3.893291871390518,0.649080060283866,0.20007326835495814,round1_20260927
jitter,all,M5_repr_element_affine,float32:3ch,full,jitter:float32:3ch:t3,float32:3ch,t3,baseline,train,110592.0,442368.0,0.7346938775510204,5.372403207955614,0.7553971175224125,0.1057451408536148,6.92140777136092,1.5490045634053065,0.28832619285006283,round1_20260927
jitter,all,M5_repr_element_affine,float32:3ch,full,jitter:float32:3ch:t4,float32:3ch,t4,baseline+control,train,150528.0,602112.0,1.0,7.283180742900029,1.024065679105089,0.23903089471006933,9.420805022130143,2.1376242792301134,0.29350147342065697,"round1_20260927,round2_20260927"
jitter,all,M5_repr_element_affine,float32:3ch,full,jitter:float32:3ch:t5,float32:3ch,t5,baseline,train,248832.0,995328.0,1.653061224489796,12.06516234188601,1.696445427253931,0.40680197021999115,15.573167485562072,3.508005143676062,0.29075490609003235,round1_20260927
jitter,all,M5_repr_element_affine,float32:3ch,full,jitter:float32:3ch:t6,float32:3ch,t6,baseline,train,442368.0,1769472.0,2.938775510204082,24.985352664162907,3.5131137132150863,1.89359218939554,27.68563108544368,2.7002784212807747,0.10807445696589463,round1_20260927
jitter,all,M5_repr_element_affine,float32:3ch,full,jitter:float32:3ch:t7,float32:3ch,t7,baseline,train,786432.0,3145728.0,5.224489795918367,52.50420930375179,7.382455640543801,4.38211224825043,49.218899707455435,-3.285309596296358,-0.06257230877032938,round1_20260927
jitter,all,M3_element_prop,float32:3ch,local_x_le_2,jitter:float32:3ch:v0,float32:3ch,v0,baseline,validation,19200.0,76800.0,0.12755102040816327,1.7530677878918748,0.2464934783439015,0.0371368787124611,0.9390946623100185,-0.8139731255818563,-0.464313548628195,round1_20260927
jitter,all,M3_element_prop,float32:3ch,local_x_le_2,jitter:float32:3ch:v1,float32:3ch,v1,baseline,validation,76800.0,307200.0,0.5102040816326531,3.955243182288507,0.5561345981211014,0.1442563890698067,3.756378649240074,-0.19886453304843288,-0.05027871204960139,round1_20260927
jitter,all,M3_element_prop,float32:3ch,local_x_le_2,jitter:float32:3ch:v2,float32:3ch,v2,baseline,validation,196608.0,786432.0,1.3061224489795917,9.517521506051423,1.3382294726096466,0.15807636011567416,9.61632934205459,0.09880783600316612,0.010381677198243492,round1_20260927
jitter,all,M3_element_prop,float32:3ch,local_x_le_2,jitter:float32:3ch:t0,float32:3ch,t0,baseline,train,12288.0,49152.0,0.08163265306122448,1.509811660895745,0.2122899813166433,0.10296398004677176,0.6010205838784118,-0.9087910770173332,-0.6019234720164787,round1_20260927
jitter,all,M3_element_prop,float32:3ch,local_x_le_2,jitter:float32:3ch:t1,float32:3ch,t1,baseline,train,27648.0,110592.0,0.1836734693877551,2.0234422121817865,0.2845099958789101,0.04439544603665878,1.3522963137264266,-0.67114589845536,-0.3316852314411755,round1_20260927
jitter,all,M3_element_prop,float32:3ch,local_x_le_2,jitter:float32:3ch:t2,float32:3ch,t2,baseline,train,62208.0,248832.0,0.413265306122449,3.244211811106652,0.45615866045071,0.03412494802413667,3.04266670588446,-0.20154510522219216,-0.06212452113397674,round1_20260927
jitter,all,M3_element_prop,float32:3ch,local_x_le_2,jitter:float32:3ch:t3,float32:3ch,t3,baseline,train,110592.0,442368.0,0.7346938775510204,5.372403207955614,0.7553971175224125,0.1057451408536148,5.409185254905706,0.03678204695009235,0.0068464792247209605,round1_20260927
jitter,all,M3_element_prop,float32:3ch,local_x_le_2,jitter:float32:3ch:t4,float32:3ch,t4,baseline+control,train,150528.0,602112.0,1.0,7.283180742900029,1.024065679105089,0.23903089471006933,7.362502152510545,0.07932140961051548,0.0108910395623288,"round1_20260927,round2_20260927"
jitter,all,M3_element_prop,float32:3ch,local_x_le_2,jitter:float32:3ch:t5,float32:3ch,t5,baseline,train,248832.0,995328.0,1.653061224489796,12.06516234188601,1.696445427253931,0.40680197021999115,12.17066682353784,0.10550448165182935,0.008744555494753255,round1_20260927
jitter,all,M4_element_affine,float32:3ch,local_x_le_2,jitter:float32:3ch:v0,float32:3ch,v0,baseline,validation,19200.0,76800.0,0.12755102040816327,1.7530677878918748,0.2464934783439015,0.0371368787124611,1.5357087134563352,-0.2173590744355396,-0.1239878320375286,round1_20260927
jitter,all,M4_element_affine,float32:3ch,local_x_le_2,jitter:float32:3ch:v1,float32:3ch,v1,baseline,validation,76800.0,307200.0,0.5102040816326531,3.955243182288507,0.5561345981211014,0.1442563890698067,4.118857055363733,0.16361387307522657,0.04136632453040712,round1_20260927
jitter,all,M4_element_affine,float32:3ch,local_x_le_2,jitter:float32:3ch:v2,float32:3ch,v2,baseline,validation,196608.0,786432.0,1.3061224489795917,9.517521506051423,1.3382294726096466,0.15807636011567416,9.491805606531122,-0.025715899520301733,-0.002701953392377529,round1_20260927
jitter,all,M4_element_affine,float32:3ch,local_x_le_2,jitter:float32:3ch:t0,float32:3ch,t0,baseline,train,12288.0,49152.0,0.08163265306122448,1.509811660895745,0.2122899813166433,0.10296398004677176,1.2257309124274474,-0.2840807484682977,-0.188156414356846,round1_20260927
jitter,all,M4_element_affine,float32:3ch,local_x_le_2,jitter:float32:3ch:t1,float32:3ch,t1,baseline,train,27648.0,110592.0,0.1836734693877551,2.0234422121817865,0.2845099958789101,0.04439544603665878,1.9145704702694202,-0.10887174191236637,-0.05380521433076899,round1_20260927
jitter,all,M4_element_affine,float32:3ch,local_x_le_2,jitter:float32:3ch:t2,float32:3ch,t2,baseline,train,62208.0,248832.0,0.413265306122449,3.244211811106652,0.45615866045071,0.03412494802413667,3.464459475413859,0.2202476643072071,0.06788942187843067,round1_20260927
jitter,all,M4_element_affine,float32:3ch,local_x_le_2,jitter:float32:3ch:t3,float32:3ch,t3,baseline,train,110592.0,442368.0,0.7346938775510204,5.372403207955614,0.7553971175224125,0.1057451408536148,5.634304082616073,0.2619008746604594,0.04874929608273423,round1_20260927
jitter,all,M4_element_affine,float32:3ch,local_x_le_2,jitter:float32:3ch:t4,float32:3ch,t4,baseline+control,train,150528.0,602112.0,1.0,7.283180742900029,1.024065679105089,0.23903089471006933,7.425286933005203,0.14210619010517345,0.01951155616228595,"round1_20260927,round2_20260927"
jitter,all,M4_element_affine,float32:3ch,local_x_le_2,jitter:float32:3ch:t5,float32:3ch,t5,baseline,train,248832.0,995328.0,1.653061224489796,12.06516234188601,1.696445427253931,0.40680197021999115,11.833860103193828,-0.23130223869218192,-0.01917108383110451,round1_20260927
jitter,all,M5_repr_element_affine,uint8:1ch,full,jitter:uint8:1ch:v0,uint8:1ch,v0,baseline,validation,6400.0,6400.0,0.010629251700680272,0.3002344522004326,0.04221504436548633,0.003656084765146561,0.05057425644309098,-0.2496601957573416,-0.8315507894832527,round1_20260927
jitter,all,M5_repr_element_affine,uint8:1ch,full,jitter:uint8:1ch:v1,uint8:1ch,v1,baseline,validation,25600.0,25600.0,0.04251700680272109,0.36365873568380874,0.05113293810311931,0.01114089328671815,0.20229702577236391,-0.16136170991144483,-0.443717403372772,round1_20260927
jitter,all,M5_repr_element_affine,uint8:1ch,full,jitter:uint8:1ch:v2,uint8:1ch,v2,baseline,validation,65536.0,65536.0,0.10884353741496598,0.5310789099894464,0.07467337469922213,0.019305458707008113,0.5178803859772516,-0.01319852401219479,-0.02485228421602558,round1_20260927
jitter,all,M5_repr_element_affine,uint8:1ch,full,jitter:uint8:1ch:v3,uint8:1ch,v3,baseline,validation,200704.0,200704.0,0.3333333333333333,1.2246068349728982,0.17218820654914901,0.04592046104466054,1.586008682055333,0.3614018470824347,0.2951166339770045,round1_20260927
jitter,all,M5_repr_element_affine,uint8:1ch,full,jitter:uint8:1ch:xv0,uint8:1ch,xv0,extension,validation,409600.0,409600.0,0.6802721088435374,2.3584676044993103,0.3316168874984201,0.0595347139822729,3.2367524123578226,0.8782848078585124,0.37239638406861536,round2_20260927
jitter,all,M5_repr_element_affine,uint8:1ch,full,jitter:uint8:1ch:xv1,uint8:1ch,xv1,extension,validation,692224.0,692224.0,1.1496598639455782,4.2180022681019285,0.5930803462980732,0.13523346502584233,5.47011157688472,1.2521093087827913,0.2968488941439644,round2_20260927
jitter,all,M5_repr_element_affine,uint8:1ch,full,jitter:uint8:1ch:xv2,uint8:1ch,xv2,extension,validation,921600.0,921600.0,1.530612244897959,7.954702568117398,1.1184863008431252,1.5139036023959567,7.282692927805101,-0.6720096403122966,-0.08447954333399268,round2_20260927
jitter,all,M5_repr_element_affine,uint8:1ch,full,jitter:uint8:1ch:xv3,uint8:1ch,xv3,extension,validation,1183744.0,1183744.0,1.965986394557823,9.824304156045747,1.3813652389587598,0.38474941604641655,9.354214471714107,-0.47008968433164,-0.04784966719931539,round2_20260927
jitter,all,M5_repr_element_affine,uint8:1ch,full,jitter:uint8:1ch:t0,uint8:1ch,t0,baseline,train,4096.0,4096.0,0.006802721088435374,0.30986011183510226,0.04356847880829098,0.02665918866394371,0.032367524123578226,-0.277492587711524,-0.8955414947348782,round1_20260927
jitter,all,M5_repr_element_affine,uint8:1ch,full,jitter:uint8:1ch:t1,uint8:1ch,t1,baseline,train,9216.0,9216.0,0.015306122448979591,0.3025479312054813,0.04254033554416676,0.004407118288774131,0.07282692927805101,-0.22972100192743028,-0.7592879614549762,round1_20260927
jitter,all,M5_repr_element_affine,uint8:1ch,full,jitter:uint8:1ch:t2,uint8:1ch,t2,baseline,train,20736.0,20736.0,0.03443877551020408,0.339843697535495,0.04778437872018195,0.0034668248700200667,0.16386059087561478,-0.1759831066598802,-0.5178354282750812,round1_20260927
jitter,all,M5_repr_element_affine,uint8:1ch,full,jitter:uint8:1ch:t3,uint8:1ch,t3,baseline,train,36864.0,36864.0,0.061224489795918366,0.41386013307298225,0.05819160243181727,0.028957566217798245,0.29130771711220405,-0.1225524159607782,-0.2961203705483917,round1_20260927
jitter,all,M5_repr_element_affine,uint8:1ch,full,jitter:uint8:1ch:t4,uint8:1ch,t4,baseline,train,50176.0,50176.0,0.08333333333333333,0.4465744667686522,0.06279146443375724,0.007859124006011655,0.39650217051383324,-0.05007229625481896,-0.11212530043899464,round1_20260927
jitter,all,M5_repr_element_affine,uint8:1ch,full,jitter:uint8:1ch:t5,uint8:1ch,t5,baseline,train,82944.0,82944.0,0.1377551020408163,0.598602967026333,0.0841677250066506,0.015458821900013749,0.6554423635024591,0.056839396476126125,0.09495341588179218,round1_20260927
jitter,all,M5_repr_element_affine,uint8:1ch,full,jitter:uint8:1ch:t6,uint8:1ch,t6,baseline,train,147456.0,147456.0,0.24489795918367346,0.9098916213649014,0.12793706678959296,0.015593853670325314,1.1652308684488162,0.25533924708391476,0.28062600104052826,round1_20260927
jitter,all,M5_repr_element_affine,uint8:1ch,full,jitter:uint8:1ch:t7,uint8:1ch,t7,baseline+control,train,262144.0,262144.0,0.43537414965986393,1.6171979651941608,0.22738923980273087,0.027448508490602232,2.0715215439090064,0.45432357871484563,0.2809325688585686,"round1_20260927,round2_20260927"
jitter,all,M5_repr_element_affine,uint8:1ch,full,jitter:uint8:1ch:xt0,uint8:1ch,xt0,extension,train,262144.0,262144.0,0.43537414965986393,1.6571611678227782,0.23300834300554304,0.029367770316790297,2.0715215439090064,0.4143603760862282,0.25004229168043185,round2_20260927
jitter,all,M5_repr_element_affine,uint8:1ch,full,jitter:uint8:1ch:xt1,uint8:1ch,xt1,extension,train,541696.0,541696.0,0.8996598639455783,3.280415339395404,0.46124912738978235,0.1119507491249189,4.28060506534322,1.0001897259478163,0.30489728356536583,round2_20260927
jitter,all,M5_repr_element_affine,uint8:1ch,full,jitter:uint8:1ch:xt2,uint8:1ch,xt2,extension,train,1048576.0,1048576.0,1.7414965986394557,10.396321961065707,1.4617949059732736,1.4111860175931243,8.286086175636026,-2.1102357854296816,-0.20297907214998998,round2_20260927
jitter,all,M5_repr_element_affine,uint8:1ch,full,jitter:uint8:1ch:xt3,uint8:1ch,xt3,extension,train,1205604.0,1205604.0,2.0022919323979593,8.353445091533244,1.174552262604131,0.19137949917898278,9.52695716637754,1.1735120748442966,0.14048240719672975,round2_20260927
jitter,all,M3_element_prop,uint8:1ch,local_x_le_2,jitter:uint8:1ch:v0,uint8:1ch,v0,baseline,validation,6400.0,6400.0,0.010629251700680272,0.3002344522004326,0.04221504436548633,0.003656084765146561,0.05636584304403707,-0.24386860915639552,-0.8122605762565585,round1_20260927
jitter,all,M3_element_prop,uint8:1ch,local_x_le_2,jitter:uint8:1ch:v1,uint8:1ch,v1,baseline,validation,25600.0,25600.0,0.04251700680272109,0.36365873568380874,0.05113293810311931,0.01114089328671815,0.22546337217614829,-0.13819536350766046,-0.3800138700031601,round1_20260927
jitter,all,M3_element_prop,uint8:1ch,local_x_le_2,jitter:uint8:1ch:v2,uint8:1ch,v2,baseline,validation,65536.0,65536.0,0.10884353741496598,0.5310789099894464,0.07467337469922213,0.019305458707008113,0.5771862327709396,0.04610732278149321,0.08681821460846459,round1_20260927
jitter,all,M3_element_prop,uint8:1ch,local_x_le_2,jitter:uint8:1ch:v3,uint8:1ch,v3,baseline,validation,200704.0,200704.0,0.3333333333333333,1.2246068349728982,0.17218820654914901,0.04592046104466054,1.7676328378610027,0.5430260028881044,0.4434288519221944,round1_20260927
jitter,all,M3_element_prop,uint8:1ch,local_x_le_2,jitter:uint8:1ch:xv0,uint8:1ch,xv0,extension,validation,409600.0,409600.0,0.6802721088435374,2.3584676044993103,0.3316168874984201,0.0595347139822729,3.6074139548183726,1.2489463503190623,0.529558408152995,round2_20260927
jitter,all,M3_element_prop,uint8:1ch,local_x_le_2,jitter:uint8:1ch:xv1,uint8:1ch,xv1,extension,validation,692224.0,692224.0,1.1496598639455782,4.2180022681019285,0.5930803462980732,0.13523346502584233,6.09652958364305,1.8785273155411213,0.44535948445244566,round2_20260927
jitter,all,M3_element_prop,uint8:1ch,local_x_le_2,jitter:uint8:1ch:xv2,uint8:1ch,xv2,extension,validation,921600.0,921600.0,1.530612244897959,7.954702568117398,1.1184863008431252,1.5139036023959567,8.116681398341338,0.16197883022394066,0.020362650751161327,round2_20260927
jitter,all,M3_element_prop,uint8:1ch,local_x_le_2,jitter:uint8:1ch:xv3,uint8:1ch,xv3,extension,validation,1183744.0,1183744.0,1.965986394557823,9.824304156045747,1.3813652389587598,0.38474941604641655,10.425426329425097,0.6011221733793501,0.061187251924547506,round2_20260927
jitter,all,M3_element_prop,uint8:1ch,local_x_le_2,jitter:uint8:1ch:t0,uint8:1ch,t0,baseline,train,4096.0,4096.0,0.006802721088435374,0.30986011183510226,0.04356847880829098,0.02665918866394371,0.036074139548183726,-0.27378597228691853,-0.8835792728062357,round1_20260927
jitter,all,M3_element_prop,uint8:1ch,local_x_le_2,jitter:uint8:1ch:t1,uint8:1ch,t1,baseline,train,9216.0,9216.0,0.015306122448979591,0.3025479312054813,0.04254033554416676,0.004407118288774131,0.08116681398341338,-0.2213811172220679,-0.7317224624210457,round1_20260927
jitter,all,M3_element_prop,uint8:1ch,local_x_le_2,jitter:uint8:1ch:t2,uint8:1ch,t2,baseline,train,20736.0,20736.0,0.03443877551020408,0.339843697535495,0.04778437872018195,0.0034668248700200667,0.18262533146268012,-0.15721836607281486,-0.4626196313568363,round1_20260927
jitter,all,M3_element_prop,uint8:1ch,local_x_le_2,jitter:uint8:1ch:t3,uint8:1ch,t3,baseline,train,36864.0,36864.0,0.061224489795918366,0.41386013307298225,0.05819160243181727,0.028957566217798245,0.32466725593365353,-0.08919287713932872,-0.21551454226106861,round1_20260927
jitter,all,M3_element_prop,uint8:1ch,local_x_le_2,jitter:uint8:1ch:t4,uint8:1ch,t4,baseline,train,50176.0,50176.0,0.08333333333333333,0.4465744667686522,0.06279146443375724,0.007859124006011655,0.44190820946525067,-0.004666257303401533,-0.010449001567792023,round1_20260927
jitter,all,M3_element_prop,uint8:1ch,local_x_le_2,jitter:uint8:1ch:t5,uint8:1ch,t5,baseline,train,82944.0,82944.0,0.1377551020408163,0.598602967026333,0.0841677250066506,0.015458821900013749,0.7305013258507205,0.1318983588243875,0.22034364360005784,round1_20260927
jitter,all,M3_element_prop,uint8:1ch,local_x_le_2,jitter:uint8:1ch:t6,uint8:1ch,t6,baseline,train,147456.0,147456.0,0.24489795918367346,0.9098916213649014,0.12793706678959296,0.015593853670325314,1.2986690237346141,0.3887774023697127,0.4272788024869591,round1_20260927
jitter,all,M3_element_prop,uint8:1ch,local_x_le_2,jitter:uint8:1ch:t7,uint8:1ch,t7,baseline+control,train,262144.0,262144.0,0.43537414965986393,1.6171979651941608,0.22738923980273087,0.027448508490602232,2.3087449310837584,0.6915469658895976,0.4276204773770974,"round1_20260927,round2_20260927"
jitter,all,M3_element_prop,uint8:1ch,local_x_le_2,jitter:uint8:1ch:xt0,uint8:1ch,xt0,extension,train,262144.0,262144.0,0.43537414965986393,1.6571611678227782,0.23300834300554304,0.029367770316790297,2.3087449310837584,0.6515837632609802,0.3931927539172596,round2_20260927
jitter,all,M3_element_prop,uint8:1ch,local_x_le_2,jitter:uint8:1ch:xt1,uint8:1ch,xt1,extension,train,541696.0,541696.0,0.8996598639455783,3.280415339395404,0.46124912738978235,0.1119507491249189,4.770804955247297,1.4903896158518934,0.45432954722330354,round2_20260927
jitter,all,M3_element_prop,uint8:1ch,local_x_le_2,jitter:uint8:1ch:xt2,uint8:1ch,xt2,extension,train,1048576.0,1048576.0,1.7414965986394557,10.396321961065707,1.4617949059732736,1.4111860175931243,9.234979724335034,-1.1613422367306736,-0.11170702880113831,round2_20260927
jitter,all,M4_element_affine,uint8:1ch,local_x_le_2,jitter:uint8:1ch:v0,uint8:1ch,v0,baseline,validation,6400.0,6400.0,0.010629251700680272,0.3002344522004326,0.04221504436548633,0.003656084765146561,0.05636584304403706,-0.24386860915639555,-0.8122605762565585,round1_20260927
jitter,all,M4_element_affine,uint8:1ch,local_x_le_2,jitter:uint8:1ch:v1,uint8:1ch,v1,baseline,validation,25600.0,25600.0,0.04251700680272109,0.36365873568380874,0.05113293810311931,0.01114089328671815,0.22546337217614823,-0.1381953635076605,-0.3800138700031603,round1_20260927
jitter,all,M4_element_affine,uint8:1ch,local_x_le_2,jitter:uint8:1ch:v2,uint8:1ch,v2,baseline,validation,65536.0,65536.0,0.10884353741496598,0.5310789099894464,0.07467337469922213,0.019305458707008113,0.5771862327709395,0.0461073227814931,0.08681821460846438,round1_20260927
jitter,all,M4_element_affine,uint8:1ch,local_x_le_2,jitter:uint8:1ch:v3,uint8:1ch,v3,baseline,validation,200704.0,200704.0,0.3333333333333333,1.2246068349728982,0.17218820654914901,0.04592046104466054,1.7676328378610022,0.543026002888104,0.443428851922194,round1_20260927
jitter,all,M4_element_affine,uint8:1ch,local_x_le_2,jitter:uint8:1ch:xv0,uint8:1ch,xv0,extension,validation,409600.0,409600.0,0.6802721088435374,2.3584676044993103,0.3316168874984201,0.0595347139822729,3.6074139548183717,1.2489463503190614,0.5295584081529947,round2_20260927
jitter,all,M4_element_affine,uint8:1ch,local_x_le_2,jitter:uint8:1ch:xv1,uint8:1ch,xv1,extension,validation,692224.0,692224.0,1.1496598639455782,4.2180022681019285,0.5930803462980732,0.13523346502584233,6.096529583643049,1.8785273155411204,0.44535948445244544,round2_20260927
jitter,all,M4_element_affine,uint8:1ch,local_x_le_2,jitter:uint8:1ch:xv2,uint8:1ch,xv2,extension,validation,921600.0,921600.0,1.530612244897959,7.954702568117398,1.1184863008431252,1.5139036023959567,8.116681398341337,0.16197883022393889,0.0203626507511611,round2_20260927
jitter,all,M4_element_affine,uint8:1ch,local_x_le_2,jitter:uint8:1ch:xv3,uint8:1ch,xv3,extension,validation,1183744.0,1183744.0,1.965986394557823,9.824304156045747,1.3813652389587598,0.38474941604641655,10.425426329425095,0.6011221733793484,0.06118725192454732,round2_20260927
jitter,all,M4_element_affine,uint8:1ch,local_x_le_2,jitter:uint8:1ch:t0,uint8:1ch,t0,baseline,train,4096.0,4096.0,0.006802721088435374,0.30986011183510226,0.04356847880829098,0.02665918866394371,0.03607413954818372,-0.27378597228691853,-0.8835792728062357,round1_20260927
jitter,all,M4_element_affine,uint8:1ch,local_x_le_2,jitter:uint8:1ch:t1,uint8:1ch,t1,baseline,train,9216.0,9216.0,0.015306122448979591,0.3025479312054813,0.04254033554416676,0.004407118288774131,0.08116681398341337,-0.22138111722206794,-0.7317224624210458,round1_20260927
jitter,all,M4_element_affine,uint8:1ch,local_x_le_2,jitter:uint8:1ch:t2,uint8:1ch,t2,baseline,train,20736.0,20736.0,0.03443877551020408,0.339843697535495,0.04778437872018195,0.0034668248700200667,0.18262533146268006,-0.15721836607281492,-0.4626196313568365,round1_20260927
jitter,all,M4_element_affine,uint8:1ch,local_x_le_2,jitter:uint8:1ch:t3,uint8:1ch,t3,baseline,train,36864.0,36864.0,0.061224489795918366,0.41386013307298225,0.05819160243181727,0.028957566217798245,0.3246672559336535,-0.08919287713932877,-0.21551454226106875,round1_20260927
jitter,all,M4_element_affine,uint8:1ch,local_x_le_2,jitter:uint8:1ch:t4,uint8:1ch,t4,baseline,train,50176.0,50176.0,0.08333333333333333,0.4465744667686522,0.06279146443375724,0.007859124006011655,0.44190820946525056,-0.004666257303401644,-0.010449001567792271,round1_20260927
jitter,all,M4_element_affine,uint8:1ch,local_x_le_2,jitter:uint8:1ch:t5,uint8:1ch,t5,baseline,train,82944.0,82944.0,0.1377551020408163,0.598602967026333,0.0841677250066506,0.015458821900013749,0.7305013258507203,0.13189835882438727,0.22034364360005748,round1_20260927
jitter,all,M4_element_affine,uint8:1ch,local_x_le_2,jitter:uint8:1ch:t6,uint8:1ch,t6,baseline,train,147456.0,147456.0,0.24489795918367346,0.9098916213649014,0.12793706678959296,0.015593853670325314,1.298669023734614,0.3887774023697125,0.4272788024869589,round1_20260927
jitter,all,M4_element_affine,uint8:1ch,local_x_le_2,jitter:uint8:1ch:t7,uint8:1ch,t7,baseline+control,train,262144.0,262144.0,0.43537414965986393,1.6171979651941608,0.22738923980273087,0.027448508490602232,2.308744931083758,0.6915469658895972,0.42762047737709713,"round1_20260927,round2_20260927"
jitter,all,M4_element_affine,uint8:1ch,local_x_le_2,jitter:uint8:1ch:xt0,uint8:1ch,xt0,extension,train,262144.0,262144.0,0.43537414965986393,1.6571611678227782,0.23300834300554304,0.029367770316790297,2.308744931083758,0.6515837632609798,0.3931927539172594,round2_20260927
jitter,all,M4_element_affine,uint8:1ch,local_x_le_2,jitter:uint8:1ch:xt1,uint8:1ch,xt1,extension,train,541696.0,541696.0,0.8996598639455783,3.280415339395404,0.46124912738978235,0.1119507491249189,4.770804955247296,1.4903896158518926,0.45432954722330327,round2_20260927
jitter,all,M4_element_affine,uint8:1ch,local_x_le_2,jitter:uint8:1ch:xt2,uint8:1ch,xt2,extension,train,1048576.0,1048576.0,1.7414965986394557,10.396321961065707,1.4617949059732736,1.4111860175931243,9.234979724335032,-1.1613422367306754,-0.11170702880113847,round2_20260927
jitter,all,M5_repr_element_affine,uint8:3ch,full,jitter:uint8:3ch:v0,uint8:3ch,v0,baseline,validation,19200.0,19200.0,0.03188775510204082,1.867444795401146,0.2625756781414519,0.0985693166227975,1.426907615165374,-0.44053718023577204,-0.23590372326970996,round1_20260927
jitter,all,M5_repr_element_affine,uint8:3ch,full,jitter:uint8:3ch:v1,uint8:3ch,v1,baseline,validation,76800.0,76800.0,0.12755102040816327,4.377874128392374,0.6155594376398239,0.012334939999400683,5.707630460661496,1.3297563322691213,0.3037447613317812,round1_20260927
jitter,all,M5_repr_element_affine,uint8:3ch,full,jitter:uint8:3ch:v2,uint8:3ch,v2,baseline,validation,196608.0,196608.0,0.32653061224489793,10.689822305350518,1.5030630881038083,0.09953980854098789,14.61153397929343,3.9217116739429123,0.3668640658301682,round1_20260927
jitter,all,M5_repr_element_affine,uint8:3ch,full,jitter:uint8:3ch:v3,uint8:3ch,v3,baseline,validation,602112.0,602112.0,1.0,43.33487374421495,6.0931835246659505,4.889182190986537,44.747822811586126,1.4129490673711729,0.032605357885917376,round1_20260927
jitter,all,M5_repr_element_affine,uint8:3ch,full,jitter:uint8:3ch:t0,uint8:3ch,t0,baseline,train,12288.0,12288.0,0.02040816326530612,1.663568524333338,0.23390926172881532,0.017614627216548034,0.9132208737058394,-0.7503476506274986,-0.4510470351248047,round1_20260927
jitter,all,M5_repr_element_affine,uint8:3ch,full,jitter:uint8:3ch:t1,uint8:3ch,t1,baseline,train,27648.0,27648.0,0.04591836734693878,2.303294880936543,0.323859220262376,0.030072730064637284,2.0547469658381385,-0.24854791509840446,-0.10790972408940637,round1_20260927
jitter,all,M5_repr_element_affine,uint8:3ch,full,jitter:uint8:3ch:t2,uint8:3ch,t2,baseline,train,62208.0,62208.0,0.10331632653061225,3.680015243589878,0.5174356428292304,0.04545705301588263,4.623180673135812,0.9431654295459335,0.2562938920399334,round1_20260927
jitter,all,M5_repr_element_affine,uint8:3ch,full,jitter:uint8:3ch:t3,uint8:3ch,t3,baseline,train,110592.0,110592.0,0.1836734693877551,6.0185619574963125,0.8462515150743549,0.12449688154664332,8.218987863352554,2.2004259058562416,0.36560658864955947,round1_20260927
jitter,all,M5_repr_element_affine,uint8:3ch,full,jitter:uint8:3ch:t4,uint8:3ch,t4,baseline,train,150528.0,150528.0,0.25,8.091521068818315,1.1377239300851307,0.18317581888094106,11.186955702896531,3.0954346340782166,0.3825528732795197,round1_20260927
jitter,all,M5_repr_element_affine,uint8:3ch,full,jitter:uint8:3ch:t5,uint8:3ch,t5,baseline,train,248832.0,248832.0,0.413265306122449,13.872056385777663,1.9505072501645704,0.9467685493659718,18.492722692543246,4.6206663067655835,0.3330916612696965,round1_20260927
jitter,all,M5_repr_element_affine,uint8:3ch,full,jitter:uint8:3ch:t6,uint8:3ch,t6,baseline,train,442368.0,442368.0,0.7346938775510204,27.20905054961345,3.8257810443682216,1.7669327565577415,32.87595145341022,5.6669009037967655,0.20827264418740524,round1_20260927
jitter,all,M5_repr_element_affine,uint8:3ch,full,jitter:uint8:3ch:t7,uint8:3ch,t7,baseline,train,786432.0,786432.0,1.3061224489795917,64.05183946711634,9.00613245741099,3.9980376532262185,58.44613591717372,-5.605703549942618,-0.08751822893112285,round1_20260927
jitter,1ch,M1_byte_prop_anchored,shared,full,jitter:float32:1ch:v0,float32:1ch,v0,baseline,validation,6400.0,25600.0,0.04251700680272109,0.27701203944161534,0.03894981221873507,0.00837667924262504,0.3023820166123844,0.025369977170769054,0.09158438464230063,round1_20260927
jitter,1ch,M1_byte_prop_anchored,shared,full,jitter:float32:1ch:v1,float32:1ch,v1,baseline,validation,25600.0,102400.0,0.17006802721088435,0.3208126740840574,0.04510848495304456,0.008649441732908086,1.2095280664495376,0.8887153923654803,2.7702003822100383,round1_20260927
jitter,1ch,M1_byte_prop_anchored,shared,full,jitter:float32:1ch:v2,float32:1ch,v2,baseline,validation,65536.0,262144.0,0.43537414965986393,0.43192301799232763,0.06073136921291203,0.011798183196517145,3.0963918501108165,2.664468832118489,6.168851209883468,round1_20260927
jitter,1ch,M1_byte_prop_anchored,shared,full,jitter:float32:1ch:v3,float32:1ch,v3,baseline,validation,200704.0,802816.0,1.3333333333333333,0.9225241451834639,0.12971328717183167,0.031674772306956644,9.482700040964374,8.56017589578091,9.279080596940402,round1_20260927
jitter,1ch,M1_byte_prop_anchored,shared,full,jitter:uint8:1ch:v0,uint8:1ch,v0,baseline,validation,6400.0,6400.0,0.010629251700680272,0.3002344522004326,0.04221504436548633,0.003656084765146561,0.0755955041530961,-0.2246389480473365,-0.7482117605123161,round1_20260927
jitter,1ch,M1_byte_prop_anchored,shared,full,jitter:uint8:1ch:v1,uint8:1ch,v1,baseline,validation,25600.0,25600.0,0.04251700680272109,0.36365873568380874,0.05113293810311931,0.01114089328671815,0.3023820166123844,-0.061276719071424346,-0.1685006107613561,round1_20260927
jitter,1ch,M1_byte_prop_anchored,shared,full,jitter:uint8:1ch:v2,uint8:1ch,v2,baseline,validation,65536.0,65536.0,0.10884353741496598,0.5310789099894464,0.07467337469922213,0.019305458707008113,0.7740979625277041,0.24301905253825773,0.45759499759289446,round1_20260927
jitter,1ch,M1_byte_prop_anchored,shared,full,jitter:uint8:1ch:v3,uint8:1ch,v3,baseline,validation,200704.0,200704.0,0.3333333333333333,1.2246068349728982,0.17218820654914901,0.04592046104466054,2.3706750102410936,1.1460681752681954,0.9358662246022488,round1_20260927
jitter,1ch,M1_byte_prop_anchored,shared,full,jitter:uint8:1ch:xv0,uint8:1ch,xv0,extension,validation,409600.0,409600.0,0.6802721088435374,2.3584676044993103,0.3316168874984201,0.0595347139822729,4.83811226579815,2.47964466129884,1.0513795722987067,round2_20260927
jitter,1ch,M1_byte_prop_anchored,shared,full,jitter:uint8:1ch:xv1,uint8:1ch,xv1,extension,validation,692224.0,692224.0,1.1496598639455782,4.2180022681019285,0.5930803462980732,0.13523346502584233,8.176409729198875,3.9584074610969466,0.9384555079621145,round2_20260927
jitter,1ch,M1_byte_prop_anchored,shared,full,jitter:uint8:1ch:xv2,uint8:1ch,xv2,extension,validation,921600.0,921600.0,1.530612244897959,7.954702568117398,1.1184863008431252,1.5139036023959567,10.885752598045839,2.931050029928441,0.36846758314712436,round2_20260927
jitter,1ch,M1_byte_prop_anchored,shared,full,jitter:uint8:1ch:xv3,uint8:1ch,xv3,extension,validation,1183744.0,1183744.0,1.965986394557823,9.824304156045747,1.3813652389587598,0.38474941604641655,13.982144448156655,4.157840292110908,0.423219825655767,round2_20260927
jitter,1ch,M1_byte_prop_anchored,shared,full,jitter:float32:1ch:t0,float32:1ch,t0,baseline,train,4096.0,16384.0,0.027210884353741496,0.2731888135895133,0.03841224017201335,0.005648978726455124,0.19352449063192603,-0.07966432295758727,-0.2916090227518938,round1_20260927
jitter,1ch,M1_byte_prop_anchored,shared,full,jitter:float32:1ch:t1,float32:1ch,t1,baseline,train,9216.0,36864.0,0.061224489795918366,0.2847551740705967,0.04003855060133802,0.008275995882444482,0.43543010392183357,0.15067492985123687,0.5291385146662214,round1_20260927
jitter,1ch,M1_byte_prop_anchored,shared,full,jitter:float32:1ch:t2,float32:1ch,t2,baseline,train,20736.0,82944.0,0.1377551020408163,0.3055100523245831,0.042956830298657316,0.006076754836043071,0.9797177338241254,0.6742076814995424,2.206826506589851,round1_20260927
jitter,1ch,M1_byte_prop_anchored,shared,full,jitter:float32:1ch:t3,float32:1ch,t3,baseline,train,36864.0,147456.0,0.24489795918367346,0.36333188026522595,0.051086979966418325,0.029665259432434404,1.7417204156873343,1.3783885354221084,3.793745086216791,round1_20260927
jitter,1ch,M1_byte_prop_anchored,shared,full,jitter:float32:1ch:t4,float32:1ch,t4,baseline,train,50176.0,200704.0,0.3333333333333333,0.3955779123740892,0.05562099552029551,0.02530810906890196,2.3706750102410936,1.9750970978670044,4.992940798977672,round1_20260927
jitter,1ch,M1_byte_prop_anchored,shared,full,jitter:float32:1ch:t5,float32:1ch,t5,baseline,train,82944.0,331776.0,0.5510204081632653,0.4906580178067088,0.06898991717367588,0.006886815480992052,3.9188709352965017,3.428212917489793,6.986970136173975,round1_20260927
jitter,1ch,M1_byte_prop_anchored,shared,full,jitter:float32:1ch:t6,float32:1ch,t6,baseline,train,147456.0,589824.0,0.9795918367346939,0.7250734915335973,0.10195035709257881,0.010687873571127538,6.966881662749337,6.24180817121574,8.60851795590229,round1_20260927
jitter,1ch,M1_byte_prop_anchored,shared,full,jitter:float32:1ch:t7,float32:1ch,t7,baseline,train,262144.0,1048576.0,1.7414965986394557,1.2799025784867506,0.1799631712427461,0.06364890290470714,12.385567400443266,11.105664821956516,8.67696105049411,round1_20260927
jitter,1ch,M1_byte_prop_anchored,shared,full,jitter:uint8:1ch:t0,uint8:1ch,t0,baseline,train,4096.0,4096.0,0.006802721088435374,0.30986011183510226,0.04356847880829098,0.02665918866394371,0.04838112265798151,-0.26147898917712076,-0.8438614045175056,round1_20260927
jitter,1ch,M1_byte_prop_anchored,shared,full,jitter:uint8:1ch:t1,uint8:1ch,t1,baseline,train,9216.0,9216.0,0.015306122448979591,0.3025479312054813,0.04254033554416676,0.004407118288774131,0.10885752598045839,-0.1936904052250229,-0.6401974207963574,round1_20260927
jitter,1ch,M1_byte_prop_anchored,shared,full,jitter:uint8:1ch:t2,uint8:1ch,t2,baseline,train,20736.0,20736.0,0.03443877551020408,0.339843697535495,0.04778437872018195,0.0034668248700200667,0.24492943345603135,-0.09491426407946363,-0.2792879925912126,round1_20260927
jitter,1ch,M1_byte_prop_anchored,shared,full,jitter:uint8:1ch:t3,uint8:1ch,t3,baseline,train,36864.0,36864.0,0.061224489795918366,0.41386013307298225,0.05819160243181727,0.028957566217798245,0.43543010392183357,0.021569970848851316,0.05211898688740709,round1_20260927
jitter,1ch,M1_byte_prop_anchored,shared,full,jitter:uint8:1ch:t4,uint8:1ch,t4,baseline,train,50176.0,50176.0,0.08333333333333333,0.4465744667686522,0.06279146443375724,0.007859124006011655,0.5926687525602734,0.1460942857916212,0.32714428760053876,round1_20260927
jitter,1ch,M1_byte_prop_anchored,shared,full,jitter:uint8:1ch:t5,uint8:1ch,t5,baseline,train,82944.0,82944.0,0.1377551020408163,0.598602967026333,0.0841677250066506,0.015458821900013749,0.9797177338241254,0.38111476679779244,0.6366737015872942,round1_20260927
jitter,1ch,M1_byte_prop_anchored,shared,full,jitter:uint8:1ch:t6,uint8:1ch,t6,baseline,train,147456.0,147456.0,0.24489795918367346,0.9098916213649014,0.12793706678959296,0.015593853670325314,1.7417204156873343,0.8318287943224328,0.9142064557915492,round1_20260927
jitter,1ch,M1_byte_prop_anchored,shared,full,jitter:uint8:1ch:t7,uint8:1ch,t7,baseline+control,train,262144.0,262144.0,0.43537414965986393,1.6171979651941608,0.22738923980273087,0.027448508490602232,3.0963918501108165,1.4791938849166557,0.9146646958209991,"round1_20260927,round2_20260927"
jitter,1ch,M1_byte_prop_anchored,shared,full,jitter:uint8:1ch:xt0,uint8:1ch,xt0,extension,train,262144.0,262144.0,0.43537414965986393,1.6571611678227782,0.23300834300554304,0.029367770316790297,3.0963918501108165,1.4392306822880383,0.8684916773538311,round2_20260927
jitter,1ch,M1_byte_prop_anchored,shared,full,jitter:uint8:1ch:xt1,uint8:1ch,xt1,extension,train,541696.0,541696.0,0.8996598639455783,3.280415339395404,0.46124912738978235,0.1119507491249189,6.398403471518055,3.117988132122651,0.9504857798577759,round2_20260927
jitter,1ch,M1_byte_prop_anchored,shared,full,jitter:uint8:1ch:xt2,uint8:1ch,xt2,extension,train,1048576.0,1048576.0,1.7414965986394557,10.396321961065707,1.4617949059732736,1.4111860175931243,12.385567400443266,1.9892454393775587,0.1913412692322627,round2_20260927
jitter,1ch,M1_byte_prop_anchored,shared,full,jitter:uint8:1ch:xt3,uint8:1ch,xt3,extension,train,1205604.0,1205604.0,2.0022919323979593,8.353445091533244,1.174552262604131,0.19137949917898278,14.240350342029576,5.886905250496332,0.704727832168681,round2_20260927
jitter,1ch,M2_byte_affine,shared,full,jitter:float32:1ch:v0,float32:1ch,v0,baseline,validation,6400.0,25600.0,0.04251700680272109,0.27701203944161534,0.03894981221873507,0.00837667924262504,0.1429991726859081,-0.13401286675570726,-0.4837799361567192,round1_20260927
jitter,1ch,M2_byte_affine,shared,full,jitter:float32:1ch:v1,float32:1ch,v1,baseline,validation,25600.0,102400.0,0.17006802721088435,0.3208126740840574,0.04510848495304456,0.008649441732908086,0.5719966907436324,0.25118401665957496,0.7829616375871773,round1_20260927
jitter,1ch,M2_byte_affine,shared,full,jitter:float32:1ch:v2,float32:1ch,v2,baseline,validation,65536.0,262144.0,0.43537414965986393,0.43192301799232763,0.06073136921291203,0.011798183196517145,1.4643115283036987,1.032388510311371,2.390214152304589,round1_20260927
jitter,1ch,M2_byte_affine,shared,full,jitter:float32:1ch:v3,float32:1ch,v3,baseline,validation,200704.0,802816.0,1.3333333333333333,0.9225241451834639,0.12971328717183167,0.031674772306956644,4.484454055430077,3.561929910246613,3.861069576166211,round1_20260927
jitter,1ch,M2_byte_affine,shared,full,jitter:uint8:1ch:v0,uint8:1ch,v0,baseline,validation,6400.0,6400.0,0.010629251700680272,0.3002344522004326,0.04221504436548633,0.003656084765146561,0.03574979317147702,-0.26448465902895557,-0.8809270791227819,round1_20260927
jitter,1ch,M2_byte_affine,shared,full,jitter:uint8:1ch:v1,uint8:1ch,v1,baseline,validation,25600.0,25600.0,0.04251700680272109,0.36365873568380874,0.05113293810311931,0.01114089328671815,0.1429991726859081,-0.22065956299790065,-0.6067764674564509,round1_20260927
jitter,1ch,M2_byte_affine,shared,full,jitter:uint8:1ch:v2,uint8:1ch,v2,baseline,validation,65536.0,65536.0,0.10884353741496598,0.5310789099894464,0.07467337469922213,0.019305458707008113,0.3660778820759247,-0.16500102791352173,-0.31069022853270645,round1_20260927
jitter,1ch,M2_byte_affine,shared,full,jitter:uint8:1ch:v3,uint8:1ch,v3,baseline,validation,200704.0,200704.0,0.3333333333333333,1.2246068349728982,0.17218820654914901,0.04592046104466054,1.1211135138575192,-0.10349332111537901,-0.08451146781135631,round1_20260927
jitter,1ch,M2_byte_affine,shared,full,jitter:uint8:1ch:xv0,uint8:1ch,xv0,extension,validation,409600.0,409600.0,0.6802721088435374,2.3584676044993103,0.3316168874984201,0.0595347139822729,2.2879867629745294,-0.07048084152478085,-0.029884167749568705,round2_20260927
jitter,1ch,M2_byte_affine,shared,full,jitter:uint8:1ch:xv1,uint8:1ch,xv1,extension,validation,692224.0,692224.0,1.1496598639455782,4.2180022681019285,0.5930803462980732,0.13523346502584233,3.8666976294269544,-0.3513046386749741,-0.08328697244467313,round2_20260927
jitter,1ch,M2_byte_affine,shared,full,jitter:uint8:1ch:xv2,uint8:1ch,xv2,extension,validation,921600.0,921600.0,1.530612244897959,7.954702568117398,1.1184863008431252,1.5139036023959567,5.14797021669269,-2.8067323514247073,-0.35283938367150836,round2_20260927
jitter,1ch,M2_byte_affine,shared,full,jitter:uint8:1ch:xv3,uint8:1ch,xv3,extension,validation,1183744.0,1183744.0,1.965986394557823,9.824304156045747,1.3813652389587598,0.38474941604641655,6.612281744996389,-3.2120224110493574,-0.32694655621718727,round2_20260927
jitter,1ch,M2_byte_affine,shared,full,jitter:float32:1ch:t0,float32:1ch,t0,baseline,train,4096.0,16384.0,0.027210884353741496,0.2731888135895133,0.03841224017201335,0.005648978726455124,0.09151947051898117,-0.18166934307053212,-0.6649955416677636,round1_20260927
jitter,1ch,M2_byte_affine,shared,full,jitter:float32:1ch:t1,float32:1ch,t1,baseline,train,9216.0,36864.0,0.061224489795918366,0.2847551740705967,0.04003855060133802,0.008275995882444482,0.20591880866770762,-0.07883636540288907,-0.2768566564600646,round1_20260927
jitter,1ch,M2_byte_affine,shared,full,jitter:float32:1ch:t2,float32:1ch,t2,baseline,train,20736.0,82944.0,0.1377551020408163,0.3055100523245831,0.042956830298657316,0.006076754836043071,0.4633173195023422,0.15780726717775906,0.5165370696545849,round1_20260927
jitter,1ch,M2_byte_affine,shared,full,jitter:float32:1ch:t3,float32:1ch,t3,baseline,train,36864.0,147456.0,0.24489795918367346,0.36333188026522595,0.051086979966418325,0.029665259432434404,0.8236752346708305,0.46034335440560453,1.267005125092689,round1_20260927
jitter,1ch,M2_byte_affine,shared,full,jitter:float32:1ch:t4,float32:1ch,t4,baseline,train,50176.0,200704.0,0.3333333333333333,0.3955779123740892,0.05562099552029551,0.02530810906890196,1.1211135138575192,0.72553560148343,1.8341155529364015,round1_20260927
jitter,1ch,M2_byte_affine,shared,full,jitter:float32:1ch:t5,float32:1ch,t5,baseline,train,82944.0,331776.0,0.5510204081632653,0.4906580178067088,0.06898991717367588,0.006886815480992052,1.8532692780093687,1.3626112602026599,2.7771099436908635,round1_20260927
jitter,1ch,M2_byte_affine,shared,full,jitter:float32:1ch:t6,float32:1ch,t6,baseline,train,147456.0,589824.0,0.9795918367346939,0.7250734915335973,0.10195035709257881,0.010687873571127538,3.294700938683322,2.5696274471497245,3.5439544779312304,round1_20260927
jitter,1ch,M2_byte_affine,shared,full,jitter:float32:1ch:t7,float32:1ch,t7,baseline,train,262144.0,1048576.0,1.7414965986394557,1.2799025784867506,0.1799631712427461,0.06364890290470714,5.857246113214795,4.577343534728044,3.5763218323537647,round1_20260927
jitter,1ch,M2_byte_affine,shared,full,jitter:uint8:1ch:t0,uint8:1ch,t0,baseline,train,4096.0,4096.0,0.006802721088435374,0.30986011183510226,0.04356847880829098,0.02665918866394371,0.022879867629745292,-0.28698024420535695,-0.9261606552252157,round1_20260927
jitter,1ch,M2_byte_affine,shared,full,jitter:uint8:1ch:t1,uint8:1ch,t1,baseline,train,9216.0,9216.0,0.015306122448979591,0.3025479312054813,0.04254033554416676,0.004407118288774131,0.051479702166926905,-0.2510682290385544,-0.8298461273167211,round1_20260927
jitter,1ch,M2_byte_affine,shared,full,jitter:uint8:1ch:t2,uint8:1ch,t2,baseline,train,20736.0,20736.0,0.03443877551020408,0.339843697535495,0.04778437872018195,0.0034668248700200667,0.11582932987558554,-0.22401436765990945,-0.6591688157951268,round1_20260927
jitter,1ch,M2_byte_affine,shared,full,jitter:uint8:1ch:t3,uint8:1ch,t3,baseline,train,36864.0,36864.0,0.061224489795918366,0.41386013307298225,0.05819160243181727,0.028957566217798245,0.20591880866770762,-0.20794132440527463,-0.5024434773682469,round1_20260927
jitter,1ch,M2_byte_affine,shared,full,jitter:uint8:1ch:t4,uint8:1ch,t4,baseline,train,50176.0,50176.0,0.08333333333333333,0.4465744667686522,0.06279146443375724,0.007859124006011655,0.2802783784643798,-0.1662960883042724,-0.3723815414427221,round1_20260927
jitter,1ch,M2_byte_affine,shared,full,jitter:uint8:1ch:t5,uint8:1ch,t5,baseline,train,82944.0,82944.0,0.1377551020408163,0.598602967026333,0.0841677250066506,0.015458821900013749,0.4633173195023422,-0.1352856475239908,-0.22600230031609497,round1_20260927
jitter,1ch,M2_byte_affine,shared,full,jitter:uint8:1ch:t6,uint8:1ch,t6,baseline,train,147456.0,147456.0,0.24489795918367346,0.9098916213649014,0.12793706678959296,0.015593853670325314,0.8236752346708305,-0.08621638669407095,-0.09475456710409126,round1_20260927
jitter,1ch,M2_byte_affine,shared,full,jitter:uint8:1ch:t7,uint8:1ch,t7,baseline+control,train,262144.0,262144.0,0.43537414965986393,1.6171979651941608,0.22738923980273087,0.027448508490602232,1.4643115283036987,-0.1528864368904621,-0.09453786127668455,"round1_20260927,round2_20260927"
jitter,1ch,M2_byte_affine,shared,full,jitter:uint8:1ch:xt0,uint8:1ch,xt0,extension,train,262144.0,262144.0,0.43537414965986393,1.6571611678227782,0.23300834300554304,0.029367770316790297,1.4643115283036987,-0.19284963951907952,-0.11637349659384695,round2_20260927
jitter,1ch,M2_byte_affine,shared,full,jitter:uint8:1ch:xt1,uint8:1ch,xt1,extension,train,541696.0,541696.0,0.8996598639455783,3.280415339395404,0.46124912738978235,0.1119507491249189,3.025862494033815,-0.25455284536158906,-0.07759774876814969,round2_20260927
jitter,1ch,M2_byte_affine,shared,full,jitter:uint8:1ch:xt2,uint8:1ch,xt2,extension,train,1048576.0,1048576.0,1.7414965986394557,10.396321961065707,1.4617949059732736,1.4111860175931243,5.857246113214795,-4.539075847850913,-0.4366040090764581,round2_20260927
jitter,1ch,M2_byte_affine,shared,full,jitter:uint8:1ch:xt3,uint8:1ch,xt3,extension,train,1205604.0,1205604.0,2.0022919323979593,8.353445091533244,1.174552262604131,0.19137949917898278,6.734389632297716,-1.6190554592355282,-0.19381889046910064,round2_20260927
jitter,1ch,M3_element_prop,shared,full,jitter:float32:1ch:v0,float32:1ch,v0,baseline,validation,6400.0,25600.0,0.04251700680272109,0.27701203944161534,0.03894981221873507,0.00837667924262504,0.050004564719563535,-0.2270074747220518,-0.8194859515118555,round1_20260927
jitter,1ch,M3_element_prop,shared,full,jitter:float32:1ch:v1,float32:1ch,v1,baseline,validation,25600.0,102400.0,0.17006802721088435,0.3208126740840574,0.04510848495304456,0.008649441732908086,0.20001825887825414,-0.12079441520580325,-0.37652631882664783,round1_20260927
jitter,1ch,M3_element_prop,shared,full,jitter:float32:1ch:v2,float32:1ch,v2,baseline,validation,65536.0,262144.0,0.43537414965986393,0.43192301799232763,0.06073136921291203,0.011798183196517145,0.5120467427283306,0.08012372473600299,0.18550464179574297,round1_20260927
jitter,1ch,M3_element_prop,shared,full,jitter:float32:1ch:v3,float32:1ch,v3,baseline,validation,200704.0,802816.0,1.3333333333333333,0.9225241451834639,0.12971328717183167,0.031674772306956644,1.5681431496055125,0.6456190044220486,0.6998396820211716,round1_20260927
jitter,1ch,M3_element_prop,shared,full,jitter:uint8:1ch:v0,uint8:1ch,v0,baseline,validation,6400.0,6400.0,0.010629251700680272,0.3002344522004326,0.04221504436548633,0.003656084765146561,0.050004564719563535,-0.25022988748086905,-0.8334482789930412,round1_20260927
jitter,1ch,M3_element_prop,shared,full,jitter:uint8:1ch:v1,uint8:1ch,v1,baseline,validation,25600.0,25600.0,0.04251700680272109,0.36365873568380874,0.05113293810311931,0.01114089328671815,0.20001825887825414,-0.1636404768055546,-0.4499836268138915,round1_20260927
jitter,1ch,M3_element_prop,shared,full,jitter:uint8:1ch:v2,uint8:1ch,v2,baseline,validation,65536.0,65536.0,0.10884353741496598,0.5310789099894464,0.07467337469922213,0.019305458707008113,0.5120467427283306,-0.019032167261115784,-0.03583679732545582,round1_20260927
jitter,1ch,M3_element_prop,shared,full,jitter:uint8:1ch:v3,uint8:1ch,v3,baseline,validation,200704.0,200704.0,0.3333333333333333,1.2246068349728982,0.17218820654914901,0.04592046104466054,1.5681431496055125,0.34353631463261425,0.2805278435672107,round1_20260927
jitter,1ch,M3_element_prop,shared,full,jitter:uint8:1ch:xv0,uint8:1ch,xv0,extension,validation,409600.0,409600.0,0.6802721088435374,2.3584676044993103,0.3316168874984201,0.0595347139822729,3.2002921420520662,0.841824537552756,0.356937078951937,round2_20260927
jitter,1ch,M3_element_prop,shared,full,jitter:uint8:1ch:xv1,uint8:1ch,xv1,extension,validation,692224.0,692224.0,1.1496598639455782,4.2180022681019285,0.5930803462980732,0.13523346502584233,5.408493720067992,1.1904914519660634,0.2822405907576186,round2_20260927
jitter,1ch,M3_element_prop,shared,full,jitter:uint8:1ch:xv2,uint8:1ch,xv2,extension,validation,921600.0,921600.0,1.530612244897959,7.954702568117398,1.1184863008431252,1.5139036023959567,7.200657319617149,-0.7540452485002485,-0.09479238752715613,round2_20260927
jitter,1ch,M3_element_prop,shared,full,jitter:uint8:1ch:xv3,uint8:1ch,xv3,extension,validation,1183744.0,1183744.0,1.965986394557823,9.824304156045747,1.3813652389587598,0.38474941604641655,9.248844290530473,-0.5754598655152741,-0.0585751271922036,round2_20260927
jitter,1ch,M3_element_prop,shared,full,jitter:float32:1ch:t0,float32:1ch,t0,baseline,train,4096.0,16384.0,0.027210884353741496,0.2731888135895133,0.03841224017201335,0.005648978726455124,0.032002921420520664,-0.24118589216899264,-0.8828542025567436,round1_20260927
jitter,1ch,M3_element_prop,shared,full,jitter:float32:1ch:t1,float32:1ch,t1,baseline,train,9216.0,36864.0,0.061224489795918366,0.2847551740705967,0.04003855060133802,0.008275995882444482,0.07200657319617149,-0.2127486008744252,-0.7471281305732497,round1_20260927
jitter,1ch,M3_element_prop,shared,full,jitter:float32:1ch:t2,float32:1ch,t2,baseline,train,20736.0,82944.0,0.1377551020408163,0.3055100523245831,0.042956830298657316,0.006076754836043071,0.16201478969138586,-0.14349526263319726,-0.46969080572426974,round1_20260927
jitter,1ch,M3_element_prop,shared,full,jitter:float32:1ch:t3,float32:1ch,t3,baseline,train,36864.0,147456.0,0.24489795918367346,0.36333188026522595,0.051086979966418325,0.029665259432434404,0.28802629278468594,-0.07530558748054,-0.20726391371318212,round1_20260927
jitter,1ch,M3_element_prop,shared,full,jitter:float32:1ch:t4,float32:1ch,t4,baseline,train,50176.0,200704.0,0.3333333333333333,0.3955779123740892,0.05562099552029551,0.02530810906890196,0.3920357874013781,-0.003542124972711058,-0.008954304226575092,round1_20260927
jitter,1ch,M3_element_prop,shared,full,jitter:float32:1ch:t5,float32:1ch,t5,baseline,train,82944.0,331776.0,0.5510204081632653,0.4906580178067088,0.06898991717367588,0.006886815480992052,0.6480591587655434,0.15740114095883462,0.3207960233941223,round1_20260927
jitter,1ch,M3_element_prop,shared,full,jitter:float32:1ch:t6,float32:1ch,t6,baseline,train,147456.0,589824.0,0.9795918367346939,0.7250734915335973,0.10195035709257881,0.010687873571127538,1.1521051711387438,0.42703167960514643,0.5889495128306719,round1_20260927
jitter,1ch,M3_element_prop,shared,full,jitter:float32:1ch:t7,float32:1ch,t7,baseline,train,262144.0,1048576.0,1.7414965986394557,1.2799025784867506,0.1799631712427461,0.06364890290470714,2.0481869709133225,0.7682843924265719,0.600267868305201,round1_20260927
jitter,1ch,M3_element_prop,shared,full,jitter:uint8:1ch:t0,uint8:1ch,t0,baseline,train,4096.0,4096.0,0.006802721088435374,0.30986011183510226,0.04356847880829098,0.02665918866394371,0.032002921420520664,-0.27785719041458157,-0.8967181634609632,round1_20260927
jitter,1ch,M3_element_prop,shared,full,jitter:uint8:1ch:t1,uint8:1ch,t1,baseline,train,9216.0,9216.0,0.015306122448979591,0.3025479312054813,0.04254033554416676,0.004407118288774131,0.07200657319617149,-0.2305413580093098,-0.7619994527502922,round1_20260927
jitter,1ch,M3_element_prop,shared,full,jitter:uint8:1ch:t2,uint8:1ch,t2,baseline,train,20736.0,20736.0,0.03443877551020408,0.339843697535495,0.04778437872018195,0.0034668248700200667,0.16201478969138586,-0.17782890784410912,-0.5232667521384173,round1_20260927
jitter,1ch,M3_element_prop,shared,full,jitter:uint8:1ch:t3,uint8:1ch,t3,baseline,train,36864.0,36864.0,0.061224489795918366,0.41386013307298225,0.05819160243181727,0.028957566217798245,0.28802629278468594,-0.1258338402882963,-0.30404919496342525,round1_20260927
jitter,1ch,M3_element_prop,shared,full,jitter:uint8:1ch:t4,uint8:1ch,t4,baseline,train,50176.0,50176.0,0.08333333333333333,0.4465744667686522,0.06279146443375724,0.007859124006011655,0.3920357874013781,-0.05453867936727408,-0.12212673008805904,round1_20260927
jitter,1ch,M3_element_prop,shared,full,jitter:uint8:1ch:t5,uint8:1ch,t5,baseline,train,82944.0,82944.0,0.1377551020408163,0.598602967026333,0.0841677250066506,0.015458821900013749,0.6480591587655434,0.04945619173921045,0.08261935617341308,round1_20260927
jitter,1ch,M3_element_prop,shared,full,jitter:uint8:1ch:t6,uint8:1ch,t6,baseline,train,147456.0,147456.0,0.24489795918367346,0.9098916213649014,0.12793706678959296,0.015593853670325314,1.1521051711387438,0.24221354977384235,0.2662004397957913,round1_20260927
jitter,1ch,M3_element_prop,shared,full,jitter:uint8:1ch:t7,uint8:1ch,t7,baseline+control,train,262144.0,262144.0,0.43537414965986393,1.6171979651941608,0.22738923980273087,0.027448508490602232,2.0481869709133225,0.43098900571916166,0.2665035542926973,"round1_20260927,round2_20260927"
jitter,1ch,M3_element_prop,shared,full,jitter:uint8:1ch:xt0,uint8:1ch,xt0,extension,train,262144.0,262144.0,0.43537414965986393,1.6571611678227782,0.23300834300554304,0.029367770316790297,2.0481869709133225,0.39102580309054424,0.23596123942747477,round2_20260927
jitter,1ch,M3_element_prop,shared,full,jitter:uint8:1ch:xt1,uint8:1ch,xt1,extension,train,541696.0,541696.0,0.8996598639455783,3.280415339395404,0.46124912738978235,0.1119507491249189,4.232386357863858,0.9519710184684538,0.290198319412781,round2_20260927
jitter,1ch,M3_element_prop,shared,full,jitter:uint8:1ch:xt2,uint8:1ch,xt2,extension,train,1048576.0,1048576.0,1.7414965986394557,10.396321961065707,1.4617949059732736,1.4111860175931243,8.19274788365329,-2.2035740774124175,-0.21195708305926045,round2_20260927
jitter,1ch,M3_element_prop,shared,full,jitter:uint8:1ch:xt3,uint8:1ch,xt3,extension,train,1205604.0,1205604.0,2.0022919323979593,8.353445091533244,1.174552262604131,0.19137949917898278,9.41964113190073,1.0661960403674868,0.12763548795551974,round2_20260927
jitter,1ch,M4_element_affine,shared,full,jitter:float32:1ch:v0,float32:1ch,v0,baseline,validation,6400.0,25600.0,0.04251700680272109,0.27701203944161534,0.03894981221873507,0.00837667924262504,0.05000456471956355,-0.2270074747220518,-0.8194859515118555,round1_20260927
jitter,1ch,M4_element_affine,shared,full,jitter:float32:1ch:v1,float32:1ch,v1,baseline,validation,25600.0,102400.0,0.17006802721088435,0.3208126740840574,0.04510848495304456,0.008649441732908086,0.2000182588782542,-0.1207944152058032,-0.37652631882664767,round1_20260927
jitter,1ch,M4_element_affine,shared,full,jitter:float32:1ch:v2,float32:1ch,v2,baseline,validation,65536.0,262144.0,0.43537414965986393,0.43192301799232763,0.06073136921291203,0.011798183196517145,0.5120467427283307,0.0801237247360031,0.18550464179574325,round1_20260927
jitter,1ch,M4_element_affine,shared,full,jitter:float32:1ch:v3,float32:1ch,v3,baseline,validation,200704.0,802816.0,1.3333333333333333,0.9225241451834639,0.12971328717183167,0.031674772306956644,1.568143149605513,0.645619004422049,0.6998396820211721,round1_20260927
jitter,1ch,M4_element_affine,shared,full,jitter:uint8:1ch:v0,uint8:1ch,v0,baseline,validation,6400.0,6400.0,0.010629251700680272,0.3002344522004326,0.04221504436548633,0.003656084765146561,0.05000456471956355,-0.25022988748086905,-0.8334482789930412,round1_20260927
jitter,1ch,M4_element_affine,shared,full,jitter:uint8:1ch:v1,uint8:1ch,v1,baseline,validation,25600.0,25600.0,0.04251700680272109,0.36365873568380874,0.05113293810311931,0.01114089328671815,0.2000182588782542,-0.16364047680555455,-0.44998362681389137,round1_20260927
jitter,1ch,M4_element_affine,shared,full,jitter:uint8:1ch:v2,uint8:1ch,v2,baseline,validation,65536.0,65536.0,0.10884353741496598,0.5310789099894464,0.07467337469922213,0.019305458707008113,0.5120467427283307,-0.019032167261115673,-0.03583679732545561,round1_20260927
jitter,1ch,M4_element_affine,shared,full,jitter:uint8:1ch:v3,uint8:1ch,v3,baseline,validation,200704.0,200704.0,0.3333333333333333,1.2246068349728982,0.17218820654914901,0.04592046104466054,1.568143149605513,0.3435363146326147,0.2805278435672111,round1_20260927
jitter,1ch,M4_element_affine,shared,full,jitter:uint8:1ch:xv0,uint8:1ch,xv0,extension,validation,409600.0,409600.0,0.6802721088435374,2.3584676044993103,0.3316168874984201,0.0595347139822729,3.200292142052067,0.8418245375527569,0.3569370789519374,round2_20260927
jitter,1ch,M4_element_affine,shared,full,jitter:uint8:1ch:xv1,uint8:1ch,xv1,extension,validation,692224.0,692224.0,1.1496598639455782,4.2180022681019285,0.5930803462980732,0.13523346502584233,5.408493720067994,1.1904914519660652,0.28224059075761904,round2_20260927
jitter,1ch,M4_element_affine,shared,full,jitter:uint8:1ch:xv2,uint8:1ch,xv2,extension,validation,921600.0,921600.0,1.530612244897959,7.954702568117398,1.1184863008431252,1.5139036023959567,7.200657319617151,-0.7540452485002467,-0.09479238752715591,round2_20260927
jitter,1ch,M4_element_affine,shared,full,jitter:uint8:1ch:xv3,uint8:1ch,xv3,extension,validation,1183744.0,1183744.0,1.965986394557823,9.824304156045747,1.3813652389587598,0.38474941604641655,9.248844290530474,-0.5754598655152723,-0.05857512719220342,round2_20260927
jitter,1ch,M4_element_affine,shared,full,jitter:float32:1ch:t0,float32:1ch,t0,baseline,train,4096.0,16384.0,0.027210884353741496,0.2731888135895133,0.03841224017201335,0.005648978726455124,0.03200292142052067,-0.24118589216899264,-0.8828542025567436,round1_20260927
jitter,1ch,M4_element_affine,shared,full,jitter:float32:1ch:t1,float32:1ch,t1,baseline,train,9216.0,36864.0,0.061224489795918366,0.2847551740705967,0.04003855060133802,0.008275995882444482,0.07200657319617151,-0.21274860087442518,-0.7471281305732496,round1_20260927
jitter,1ch,M4_element_affine,shared,full,jitter:float32:1ch:t2,float32:1ch,t2,baseline,train,20736.0,82944.0,0.1377551020408163,0.3055100523245831,0.042956830298657316,0.006076754836043071,0.16201478969138589,-0.14349526263319723,-0.4696908057242697,round1_20260927
jitter,1ch,M4_element_affine,shared,full,jitter:float32:1ch:t3,float32:1ch,t3,baseline,train,36864.0,147456.0,0.24489795918367346,0.36333188026522595,0.051086979966418325,0.029665259432434404,0.28802629278468606,-0.07530558748053989,-0.2072639137131818,round1_20260927
jitter,1ch,M4_element_affine,shared,full,jitter:float32:1ch:t4,float32:1ch,t4,baseline,train,50176.0,200704.0,0.3333333333333333,0.3955779123740892,0.05562099552029551,0.02530810906890196,0.39203578740137823,-0.003542124972710947,-0.00895430422657481,round1_20260927
jitter,1ch,M4_element_affine,shared,full,jitter:float32:1ch:t5,float32:1ch,t5,baseline,train,82944.0,331776.0,0.5510204081632653,0.4906580178067088,0.06898991717367588,0.006886815480992052,0.6480591587655435,0.15740114095883473,0.3207960233941225,round1_20260927
jitter,1ch,M4_element_affine,shared,full,jitter:float32:1ch:t6,float32:1ch,t6,baseline,train,147456.0,589824.0,0.9795918367346939,0.7250734915335973,0.10195035709257881,0.010687873571127538,1.1521051711387442,0.4270316796051469,0.5889495128306724,round1_20260927
jitter,1ch,M4_element_affine,shared,full,jitter:float32:1ch:t7,float32:1ch,t7,baseline,train,262144.0,1048576.0,1.7414965986394557,1.2799025784867506,0.1799631712427461,0.06364890290470714,2.048186970913323,0.7682843924265723,0.6002678683052013,round1_20260927
jitter,1ch,M4_element_affine,shared,full,jitter:uint8:1ch:t0,uint8:1ch,t0,baseline,train,4096.0,4096.0,0.006802721088435374,0.30986011183510226,0.04356847880829098,0.02665918866394371,0.03200292142052067,-0.27785719041458157,-0.8967181634609632,round1_20260927
jitter,1ch,M4_element_affine,shared,full,jitter:uint8:1ch:t1,uint8:1ch,t1,baseline,train,9216.0,9216.0,0.015306122448979591,0.3025479312054813,0.04254033554416676,0.004407118288774131,0.07200657319617151,-0.23054135800930978,-0.7619994527502921,round1_20260927
jitter,1ch,M4_element_affine,shared,full,jitter:uint8:1ch:t2,uint8:1ch,t2,baseline,train,20736.0,20736.0,0.03443877551020408,0.339843697535495,0.04778437872018195,0.0034668248700200667,0.16201478969138589,-0.1778289078441091,-0.5232667521384172,round1_20260927
jitter,1ch,M4_element_affine,shared,full,jitter:uint8:1ch:t3,uint8:1ch,t3,baseline,train,36864.0,36864.0,0.061224489795918366,0.41386013307298225,0.05819160243181727,0.028957566217798245,0.28802629278468606,-0.1258338402882962,-0.304049194963425,round1_20260927
jitter,1ch,M4_element_affine,shared,full,jitter:uint8:1ch:t4,uint8:1ch,t4,baseline,train,50176.0,50176.0,0.08333333333333333,0.4465744667686522,0.06279146443375724,0.007859124006011655,0.39203578740137823,-0.05453867936727397,-0.12212673008805879,round1_20260927
jitter,1ch,M4_element_affine,shared,full,jitter:uint8:1ch:t5,uint8:1ch,t5,baseline,train,82944.0,82944.0,0.1377551020408163,0.598602967026333,0.0841677250066506,0.015458821900013749,0.6480591587655435,0.049456191739210564,0.08261935617341327,round1_20260927
jitter,1ch,M4_element_affine,shared,full,jitter:uint8:1ch:t6,uint8:1ch,t6,baseline,train,147456.0,147456.0,0.24489795918367346,0.9098916213649014,0.12793706678959296,0.015593853670325314,1.1521051711387442,0.2422135497738428,0.2662004397957918,round1_20260927
jitter,1ch,M4_element_affine,shared,full,jitter:uint8:1ch:t7,uint8:1ch,t7,baseline+control,train,262144.0,262144.0,0.43537414965986393,1.6171979651941608,0.22738923980273087,0.027448508490602232,2.048186970913323,0.4309890057191621,0.26650355429269756,"round1_20260927,round2_20260927"
jitter,1ch,M4_element_affine,shared,full,jitter:uint8:1ch:xt0,uint8:1ch,xt0,extension,train,262144.0,262144.0,0.43537414965986393,1.6571611678227782,0.23300834300554304,0.029367770316790297,2.048186970913323,0.3910258030905447,0.23596123942747502,round2_20260927
jitter,1ch,M4_element_affine,shared,full,jitter:uint8:1ch:xt1,uint8:1ch,xt1,extension,train,541696.0,541696.0,0.8996598639455783,3.280415339395404,0.46124912738978235,0.1119507491249189,4.2323863578638585,0.9519710184684547,0.29019831941278124,round2_20260927
jitter,1ch,M4_element_affine,shared,full,jitter:uint8:1ch:xt2,uint8:1ch,xt2,extension,train,1048576.0,1048576.0,1.7414965986394557,10.396321961065707,1.4617949059732736,1.4111860175931243,8.192747883653292,-2.2035740774124157,-0.21195708305926028,round2_20260927
jitter,1ch,M4_element_affine,shared,full,jitter:uint8:1ch:xt3,uint8:1ch,xt3,extension,train,1205604.0,1205604.0,2.0022919323979593,8.353445091533244,1.174552262604131,0.19137949917898278,9.419641131900732,1.0661960403674886,0.12763548795551996,round2_20260927
jitter,1ch,M5_repr_element_affine,float32:1ch,full,jitter:float32:1ch:v0,float32:1ch,v0,baseline,validation,6400.0,25600.0,0.04251700680272109,0.27701203944161534,0.03894981221873507,0.00837667924262504,0.24400509004975857,-0.03300694939185678,-0.11915348321462942,round1_20260927
jitter,1ch,M5_repr_element_affine,float32:1ch,full,jitter:float32:1ch:v1,float32:1ch,v1,baseline,validation,25600.0,102400.0,0.17006802721088435,0.3208126740840574,0.04510848495304456,0.008649441732908086,0.31794536770291043,-0.0028673063811469612,-0.00893763436663879,round1_20260927
jitter,1ch,M5_repr_element_affine,float32:1ch,full,jitter:float32:1ch:v2,float32:1ch,v2,baseline,validation,65536.0,262144.0,0.43537414965986393,0.43192301799232763,0.06073136921291203,0.011798183196517145,0.4717411452214664,0.039818127229138744,0.09218801862938929,round1_20260927
jitter,1ch,M5_repr_element_affine,float32:1ch,full,jitter:float32:1ch:v3,float32:1ch,v3,baseline,validation,200704.0,802816.0,1.3333333333333333,0.9225241451834639,0.12971328717183167,0.031674772306956644,0.9922806998996556,0.06975655471619169,0.07561488236421073,round1_20260927
jitter,1ch,M5_repr_element_affine,float32:1ch,full,jitter:float32:1ch:t0,float32:1ch,t0,baseline,train,4096.0,16384.0,0.027210884353741496,0.2731888135895133,0.03841224017201335,0.005648978726455124,0.23513225673138033,-0.03805655685813297,-0.13930496039752127,round1_20260927
jitter,1ch,M5_repr_element_affine,float32:1ch,full,jitter:float32:1ch:t1,float32:1ch,t1,baseline,train,9216.0,36864.0,0.061224489795918366,0.2847551740705967,0.04003855060133802,0.008275995882444482,0.25484966410555415,-0.029905509965042543,-0.10502183169331401,round1_20260927
jitter,1ch,M5_repr_element_affine,float32:1ch,full,jitter:float32:1ch:t2,float32:1ch,t2,baseline,train,20736.0,82944.0,0.1377551020408163,0.3055100523245831,0.042956830298657316,0.006076754836043071,0.2992138306974453,-0.006296221627137832,-0.020608885302564564,round1_20260927
jitter,1ch,M5_repr_element_affine,float32:1ch,full,jitter:float32:1ch:t3,float32:1ch,t3,baseline,train,36864.0,147456.0,0.24489795918367346,0.36333188026522595,0.051086979966418325,0.029665259432434404,0.3613236639260929,-0.002008216339133062,-0.005527223038251141,round1_20260927
jitter,1ch,M5_repr_element_affine,float32:1ch,full,jitter:float32:1ch:t4,float32:1ch,t4,baseline,train,50176.0,200704.0,0.3333333333333333,0.3955779123740892,0.05562099552029551,0.02530810906890196,0.41258892309894485,0.01701101072485567,0.04300293366422526,round1_20260927
jitter,1ch,M5_repr_element_affine,float32:1ch,full,jitter:float32:1ch:t5,float32:1ch,t5,baseline,train,82944.0,331776.0,0.5510204081632653,0.4906580178067088,0.06898991717367588,0.006886815480992052,0.5387803302936574,0.04812231248694854,0.09807709390353013,round1_20260927
jitter,1ch,M5_repr_element_affine,float32:1ch,full,jitter:float32:1ch:t6,float32:1ch,t6,baseline,train,147456.0,589824.0,0.9795918367346939,0.7250734915335973,0.10195035709257881,0.010687873571127538,0.7872196632082478,0.06214617167465042,0.08571016924533474,round1_20260927
jitter,1ch,M5_repr_element_affine,float32:1ch,full,jitter:float32:1ch:t7,float32:1ch,t7,baseline,train,262144.0,1048576.0,1.7414965986394557,1.2799025784867506,0.1799631712427461,0.06364890290470714,1.2288895883897417,-0.05101299009700888,-0.03985693204659558,round1_20260927
jitter,1ch,M5_repr_element_affine,uint8:1ch,full,jitter:uint8:1ch:v0,uint8:1ch,v0,baseline,validation,6400.0,6400.0,0.010629251700680272,0.3002344522004326,0.04221504436548633,0.003656084765146561,0.05057425644309098,-0.2496601957573416,-0.8315507894832527,round1_20260927
jitter,1ch,M5_repr_element_affine,uint8:1ch,full,jitter:uint8:1ch:v1,uint8:1ch,v1,baseline,validation,25600.0,25600.0,0.04251700680272109,0.36365873568380874,0.05113293810311931,0.01114089328671815,0.20229702577236391,-0.16136170991144483,-0.443717403372772,round1_20260927
jitter,1ch,M5_repr_element_affine,uint8:1ch,full,jitter:uint8:1ch:v2,uint8:1ch,v2,baseline,validation,65536.0,65536.0,0.10884353741496598,0.5310789099894464,0.07467337469922213,0.019305458707008113,0.5178803859772516,-0.01319852401219479,-0.02485228421602558,round1_20260927
jitter,1ch,M5_repr_element_affine,uint8:1ch,full,jitter:uint8:1ch:v3,uint8:1ch,v3,baseline,validation,200704.0,200704.0,0.3333333333333333,1.2246068349728982,0.17218820654914901,0.04592046104466054,1.586008682055333,0.3614018470824347,0.2951166339770045,round1_20260927
jitter,1ch,M5_repr_element_affine,uint8:1ch,full,jitter:uint8:1ch:xv0,uint8:1ch,xv0,extension,validation,409600.0,409600.0,0.6802721088435374,2.3584676044993103,0.3316168874984201,0.0595347139822729,3.2367524123578226,0.8782848078585124,0.37239638406861536,round2_20260927
jitter,1ch,M5_repr_element_affine,uint8:1ch,full,jitter:uint8:1ch:xv1,uint8:1ch,xv1,extension,validation,692224.0,692224.0,1.1496598639455782,4.2180022681019285,0.5930803462980732,0.13523346502584233,5.47011157688472,1.2521093087827913,0.2968488941439644,round2_20260927
jitter,1ch,M5_repr_element_affine,uint8:1ch,full,jitter:uint8:1ch:xv2,uint8:1ch,xv2,extension,validation,921600.0,921600.0,1.530612244897959,7.954702568117398,1.1184863008431252,1.5139036023959567,7.282692927805101,-0.6720096403122966,-0.08447954333399268,round2_20260927
jitter,1ch,M5_repr_element_affine,uint8:1ch,full,jitter:uint8:1ch:xv3,uint8:1ch,xv3,extension,validation,1183744.0,1183744.0,1.965986394557823,9.824304156045747,1.3813652389587598,0.38474941604641655,9.354214471714107,-0.47008968433164,-0.04784966719931539,round2_20260927
jitter,1ch,M5_repr_element_affine,uint8:1ch,full,jitter:uint8:1ch:t0,uint8:1ch,t0,baseline,train,4096.0,4096.0,0.006802721088435374,0.30986011183510226,0.04356847880829098,0.02665918866394371,0.032367524123578226,-0.277492587711524,-0.8955414947348782,round1_20260927
jitter,1ch,M5_repr_element_affine,uint8:1ch,full,jitter:uint8:1ch:t1,uint8:1ch,t1,baseline,train,9216.0,9216.0,0.015306122448979591,0.3025479312054813,0.04254033554416676,0.004407118288774131,0.07282692927805101,-0.22972100192743028,-0.7592879614549762,round1_20260927
jitter,1ch,M5_repr_element_affine,uint8:1ch,full,jitter:uint8:1ch:t2,uint8:1ch,t2,baseline,train,20736.0,20736.0,0.03443877551020408,0.339843697535495,0.04778437872018195,0.0034668248700200667,0.16386059087561478,-0.1759831066598802,-0.5178354282750812,round1_20260927
jitter,1ch,M5_repr_element_affine,uint8:1ch,full,jitter:uint8:1ch:t3,uint8:1ch,t3,baseline,train,36864.0,36864.0,0.061224489795918366,0.41386013307298225,0.05819160243181727,0.028957566217798245,0.29130771711220405,-0.1225524159607782,-0.2961203705483917,round1_20260927
jitter,1ch,M5_repr_element_affine,uint8:1ch,full,jitter:uint8:1ch:t4,uint8:1ch,t4,baseline,train,50176.0,50176.0,0.08333333333333333,0.4465744667686522,0.06279146443375724,0.007859124006011655,0.39650217051383324,-0.05007229625481896,-0.11212530043899464,round1_20260927
jitter,1ch,M5_repr_element_affine,uint8:1ch,full,jitter:uint8:1ch:t5,uint8:1ch,t5,baseline,train,82944.0,82944.0,0.1377551020408163,0.598602967026333,0.0841677250066506,0.015458821900013749,0.6554423635024591,0.056839396476126125,0.09495341588179218,round1_20260927
jitter,1ch,M5_repr_element_affine,uint8:1ch,full,jitter:uint8:1ch:t6,uint8:1ch,t6,baseline,train,147456.0,147456.0,0.24489795918367346,0.9098916213649014,0.12793706678959296,0.015593853670325314,1.1652308684488162,0.25533924708391476,0.28062600104052826,round1_20260927
jitter,1ch,M5_repr_element_affine,uint8:1ch,full,jitter:uint8:1ch:t7,uint8:1ch,t7,baseline+control,train,262144.0,262144.0,0.43537414965986393,1.6171979651941608,0.22738923980273087,0.027448508490602232,2.0715215439090064,0.45432357871484563,0.2809325688585686,"round1_20260927,round2_20260927"
jitter,1ch,M5_repr_element_affine,uint8:1ch,full,jitter:uint8:1ch:xt0,uint8:1ch,xt0,extension,train,262144.0,262144.0,0.43537414965986393,1.6571611678227782,0.23300834300554304,0.029367770316790297,2.0715215439090064,0.4143603760862282,0.25004229168043185,round2_20260927
jitter,1ch,M5_repr_element_affine,uint8:1ch,full,jitter:uint8:1ch:xt1,uint8:1ch,xt1,extension,train,541696.0,541696.0,0.8996598639455783,3.280415339395404,0.46124912738978235,0.1119507491249189,4.28060506534322,1.0001897259478163,0.30489728356536583,round2_20260927
jitter,1ch,M5_repr_element_affine,uint8:1ch,full,jitter:uint8:1ch:xt2,uint8:1ch,xt2,extension,train,1048576.0,1048576.0,1.7414965986394557,10.396321961065707,1.4617949059732736,1.4111860175931243,8.286086175636026,-2.1102357854296816,-0.20297907214998998,round2_20260927
jitter,1ch,M5_repr_element_affine,uint8:1ch,full,jitter:uint8:1ch:xt3,uint8:1ch,xt3,extension,train,1205604.0,1205604.0,2.0022919323979593,8.353445091533244,1.174552262604131,0.19137949917898278,9.52695716637754,1.1735120748442966,0.14048240719672975,round2_20260927
jitter,1ch,M3_element_prop,uint8:1ch,local_x_le_2,jitter:uint8:1ch:v0,uint8:1ch,v0,baseline,validation,6400.0,6400.0,0.010629251700680272,0.3002344522004326,0.04221504436548633,0.003656084765146561,0.05636584304403707,-0.24386860915639552,-0.8122605762565585,round1_20260927
jitter,1ch,M3_element_prop,uint8:1ch,local_x_le_2,jitter:uint8:1ch:v1,uint8:1ch,v1,baseline,validation,25600.0,25600.0,0.04251700680272109,0.36365873568380874,0.05113293810311931,0.01114089328671815,0.22546337217614829,-0.13819536350766046,-0.3800138700031601,round1_20260927
jitter,1ch,M3_element_prop,uint8:1ch,local_x_le_2,jitter:uint8:1ch:v2,uint8:1ch,v2,baseline,validation,65536.0,65536.0,0.10884353741496598,0.5310789099894464,0.07467337469922213,0.019305458707008113,0.5771862327709396,0.04610732278149321,0.08681821460846459,round1_20260927
jitter,1ch,M3_element_prop,uint8:1ch,local_x_le_2,jitter:uint8:1ch:v3,uint8:1ch,v3,baseline,validation,200704.0,200704.0,0.3333333333333333,1.2246068349728982,0.17218820654914901,0.04592046104466054,1.7676328378610027,0.5430260028881044,0.4434288519221944,round1_20260927
jitter,1ch,M3_element_prop,uint8:1ch,local_x_le_2,jitter:uint8:1ch:xv0,uint8:1ch,xv0,extension,validation,409600.0,409600.0,0.6802721088435374,2.3584676044993103,0.3316168874984201,0.0595347139822729,3.6074139548183726,1.2489463503190623,0.529558408152995,round2_20260927
jitter,1ch,M3_element_prop,uint8:1ch,local_x_le_2,jitter:uint8:1ch:xv1,uint8:1ch,xv1,extension,validation,692224.0,692224.0,1.1496598639455782,4.2180022681019285,0.5930803462980732,0.13523346502584233,6.09652958364305,1.8785273155411213,0.44535948445244566,round2_20260927
jitter,1ch,M3_element_prop,uint8:1ch,local_x_le_2,jitter:uint8:1ch:xv2,uint8:1ch,xv2,extension,validation,921600.0,921600.0,1.530612244897959,7.954702568117398,1.1184863008431252,1.5139036023959567,8.116681398341338,0.16197883022394066,0.020362650751161327,round2_20260927
jitter,1ch,M3_element_prop,uint8:1ch,local_x_le_2,jitter:uint8:1ch:xv3,uint8:1ch,xv3,extension,validation,1183744.0,1183744.0,1.965986394557823,9.824304156045747,1.3813652389587598,0.38474941604641655,10.425426329425097,0.6011221733793501,0.061187251924547506,round2_20260927
jitter,1ch,M3_element_prop,uint8:1ch,local_x_le_2,jitter:uint8:1ch:t0,uint8:1ch,t0,baseline,train,4096.0,4096.0,0.006802721088435374,0.30986011183510226,0.04356847880829098,0.02665918866394371,0.036074139548183726,-0.27378597228691853,-0.8835792728062357,round1_20260927
jitter,1ch,M3_element_prop,uint8:1ch,local_x_le_2,jitter:uint8:1ch:t1,uint8:1ch,t1,baseline,train,9216.0,9216.0,0.015306122448979591,0.3025479312054813,0.04254033554416676,0.004407118288774131,0.08116681398341338,-0.2213811172220679,-0.7317224624210457,round1_20260927
jitter,1ch,M3_element_prop,uint8:1ch,local_x_le_2,jitter:uint8:1ch:t2,uint8:1ch,t2,baseline,train,20736.0,20736.0,0.03443877551020408,0.339843697535495,0.04778437872018195,0.0034668248700200667,0.18262533146268012,-0.15721836607281486,-0.4626196313568363,round1_20260927
jitter,1ch,M3_element_prop,uint8:1ch,local_x_le_2,jitter:uint8:1ch:t3,uint8:1ch,t3,baseline,train,36864.0,36864.0,0.061224489795918366,0.41386013307298225,0.05819160243181727,0.028957566217798245,0.32466725593365353,-0.08919287713932872,-0.21551454226106861,round1_20260927
jitter,1ch,M3_element_prop,uint8:1ch,local_x_le_2,jitter:uint8:1ch:t4,uint8:1ch,t4,baseline,train,50176.0,50176.0,0.08333333333333333,0.4465744667686522,0.06279146443375724,0.007859124006011655,0.44190820946525067,-0.004666257303401533,-0.010449001567792023,round1_20260927
jitter,1ch,M3_element_prop,uint8:1ch,local_x_le_2,jitter:uint8:1ch:t5,uint8:1ch,t5,baseline,train,82944.0,82944.0,0.1377551020408163,0.598602967026333,0.0841677250066506,0.015458821900013749,0.7305013258507205,0.1318983588243875,0.22034364360005784,round1_20260927
jitter,1ch,M3_element_prop,uint8:1ch,local_x_le_2,jitter:uint8:1ch:t6,uint8:1ch,t6,baseline,train,147456.0,147456.0,0.24489795918367346,0.9098916213649014,0.12793706678959296,0.015593853670325314,1.2986690237346141,0.3887774023697127,0.4272788024869591,round1_20260927
jitter,1ch,M3_element_prop,uint8:1ch,local_x_le_2,jitter:uint8:1ch:t7,uint8:1ch,t7,baseline+control,train,262144.0,262144.0,0.43537414965986393,1.6171979651941608,0.22738923980273087,0.027448508490602232,2.3087449310837584,0.6915469658895976,0.4276204773770974,"round1_20260927,round2_20260927"
jitter,1ch,M3_element_prop,uint8:1ch,local_x_le_2,jitter:uint8:1ch:xt0,uint8:1ch,xt0,extension,train,262144.0,262144.0,0.43537414965986393,1.6571611678227782,0.23300834300554304,0.029367770316790297,2.3087449310837584,0.6515837632609802,0.3931927539172596,round2_20260927
jitter,1ch,M3_element_prop,uint8:1ch,local_x_le_2,jitter:uint8:1ch:xt1,uint8:1ch,xt1,extension,train,541696.0,541696.0,0.8996598639455783,3.280415339395404,0.46124912738978235,0.1119507491249189,4.770804955247297,1.4903896158518934,0.45432954722330354,round2_20260927
jitter,1ch,M3_element_prop,uint8:1ch,local_x_le_2,jitter:uint8:1ch:xt2,uint8:1ch,xt2,extension,train,1048576.0,1048576.0,1.7414965986394557,10.396321961065707,1.4617949059732736,1.4111860175931243,9.234979724335034,-1.1613422367306736,-0.11170702880113831,round2_20260927
jitter,1ch,M4_element_affine,uint8:1ch,local_x_le_2,jitter:uint8:1ch:v0,uint8:1ch,v0,baseline,validation,6400.0,6400.0,0.010629251700680272,0.3002344522004326,0.04221504436548633,0.003656084765146561,0.05636584304403706,-0.24386860915639555,-0.8122605762565585,round1_20260927
jitter,1ch,M4_element_affine,uint8:1ch,local_x_le_2,jitter:uint8:1ch:v1,uint8:1ch,v1,baseline,validation,25600.0,25600.0,0.04251700680272109,0.36365873568380874,0.05113293810311931,0.01114089328671815,0.22546337217614823,-0.1381953635076605,-0.3800138700031603,round1_20260927
jitter,1ch,M4_element_affine,uint8:1ch,local_x_le_2,jitter:uint8:1ch:v2,uint8:1ch,v2,baseline,validation,65536.0,65536.0,0.10884353741496598,0.5310789099894464,0.07467337469922213,0.019305458707008113,0.5771862327709395,0.0461073227814931,0.08681821460846438,round1_20260927
jitter,1ch,M4_element_affine,uint8:1ch,local_x_le_2,jitter:uint8:1ch:v3,uint8:1ch,v3,baseline,validation,200704.0,200704.0,0.3333333333333333,1.2246068349728982,0.17218820654914901,0.04592046104466054,1.7676328378610022,0.543026002888104,0.443428851922194,round1_20260927
jitter,1ch,M4_element_affine,uint8:1ch,local_x_le_2,jitter:uint8:1ch:xv0,uint8:1ch,xv0,extension,validation,409600.0,409600.0,0.6802721088435374,2.3584676044993103,0.3316168874984201,0.0595347139822729,3.6074139548183717,1.2489463503190614,0.5295584081529947,round2_20260927
jitter,1ch,M4_element_affine,uint8:1ch,local_x_le_2,jitter:uint8:1ch:xv1,uint8:1ch,xv1,extension,validation,692224.0,692224.0,1.1496598639455782,4.2180022681019285,0.5930803462980732,0.13523346502584233,6.096529583643049,1.8785273155411204,0.44535948445244544,round2_20260927
jitter,1ch,M4_element_affine,uint8:1ch,local_x_le_2,jitter:uint8:1ch:xv2,uint8:1ch,xv2,extension,validation,921600.0,921600.0,1.530612244897959,7.954702568117398,1.1184863008431252,1.5139036023959567,8.116681398341337,0.16197883022393889,0.0203626507511611,round2_20260927
jitter,1ch,M4_element_affine,uint8:1ch,local_x_le_2,jitter:uint8:1ch:xv3,uint8:1ch,xv3,extension,validation,1183744.0,1183744.0,1.965986394557823,9.824304156045747,1.3813652389587598,0.38474941604641655,10.425426329425095,0.6011221733793484,0.06118725192454732,round2_20260927
jitter,1ch,M4_element_affine,uint8:1ch,local_x_le_2,jitter:uint8:1ch:t0,uint8:1ch,t0,baseline,train,4096.0,4096.0,0.006802721088435374,0.30986011183510226,0.04356847880829098,0.02665918866394371,0.03607413954818372,-0.27378597228691853,-0.8835792728062357,round1_20260927
jitter,1ch,M4_element_affine,uint8:1ch,local_x_le_2,jitter:uint8:1ch:t1,uint8:1ch,t1,baseline,train,9216.0,9216.0,0.015306122448979591,0.3025479312054813,0.04254033554416676,0.004407118288774131,0.08116681398341337,-0.22138111722206794,-0.7317224624210458,round1_20260927
jitter,1ch,M4_element_affine,uint8:1ch,local_x_le_2,jitter:uint8:1ch:t2,uint8:1ch,t2,baseline,train,20736.0,20736.0,0.03443877551020408,0.339843697535495,0.04778437872018195,0.0034668248700200667,0.18262533146268006,-0.15721836607281492,-0.4626196313568365,round1_20260927
jitter,1ch,M4_element_affine,uint8:1ch,local_x_le_2,jitter:uint8:1ch:t3,uint8:1ch,t3,baseline,train,36864.0,36864.0,0.061224489795918366,0.41386013307298225,0.05819160243181727,0.028957566217798245,0.3246672559336535,-0.08919287713932877,-0.21551454226106875,round1_20260927
jitter,1ch,M4_element_affine,uint8:1ch,local_x_le_2,jitter:uint8:1ch:t4,uint8:1ch,t4,baseline,train,50176.0,50176.0,0.08333333333333333,0.4465744667686522,0.06279146443375724,0.007859124006011655,0.44190820946525056,-0.004666257303401644,-0.010449001567792271,round1_20260927
jitter,1ch,M4_element_affine,uint8:1ch,local_x_le_2,jitter:uint8:1ch:t5,uint8:1ch,t5,baseline,train,82944.0,82944.0,0.1377551020408163,0.598602967026333,0.0841677250066506,0.015458821900013749,0.7305013258507203,0.13189835882438727,0.22034364360005748,round1_20260927
jitter,1ch,M4_element_affine,uint8:1ch,local_x_le_2,jitter:uint8:1ch:t6,uint8:1ch,t6,baseline,train,147456.0,147456.0,0.24489795918367346,0.9098916213649014,0.12793706678959296,0.015593853670325314,1.298669023734614,0.3887774023697125,0.4272788024869589,round1_20260927
jitter,1ch,M4_element_affine,uint8:1ch,local_x_le_2,jitter:uint8:1ch:t7,uint8:1ch,t7,baseline+control,train,262144.0,262144.0,0.43537414965986393,1.6171979651941608,0.22738923980273087,0.027448508490602232,2.308744931083758,0.6915469658895972,0.42762047737709713,"round1_20260927,round2_20260927"
jitter,1ch,M4_element_affine,uint8:1ch,local_x_le_2,jitter:uint8:1ch:xt0,uint8:1ch,xt0,extension,train,262144.0,262144.0,0.43537414965986393,1.6571611678227782,0.23300834300554304,0.029367770316790297,2.308744931083758,0.6515837632609798,0.3931927539172594,round2_20260927
jitter,1ch,M4_element_affine,uint8:1ch,local_x_le_2,jitter:uint8:1ch:xt1,uint8:1ch,xt1,extension,train,541696.0,541696.0,0.8996598639455783,3.280415339395404,0.46124912738978235,0.1119507491249189,4.770804955247296,1.4903896158518926,0.45432954722330327,round2_20260927
jitter,1ch,M4_element_affine,uint8:1ch,local_x_le_2,jitter:uint8:1ch:xt2,uint8:1ch,xt2,extension,train,1048576.0,1048576.0,1.7414965986394557,10.396321961065707,1.4617949059732736,1.4111860175931243,9.234979724335032,-1.1613422367306754,-0.11170702880113847,round2_20260927
jitter,3ch,M1_byte_prop_anchored,shared,full,jitter:float32:3ch:v0,float32:3ch,v0,baseline,validation,19200.0,76800.0,0.12755102040816327,1.7530677878918748,0.2464934783439015,0.0371368787124611,0.9071460498371533,-0.8459217380547215,-0.4825379508410065,round1_20260927
jitter,3ch,M1_byte_prop_anchored,shared,full,jitter:float32:3ch:v1,float32:3ch,v1,baseline,validation,76800.0,307200.0,0.5102040816326531,3.955243182288507,0.5561345981211014,0.1442563890698067,3.628584199348613,-0.3266589829398936,-0.08258884925272494,round1_20260927
jitter,3ch,M1_byte_prop_anchored,shared,full,jitter:float32:3ch:v2,float32:3ch,v2,baseline,validation,196608.0,786432.0,1.3061224489795917,9.517521506051423,1.3382294726096466,0.15807636011567416,9.289175550332448,-0.2283459557189751,-0.02399216598289674,round1_20260927
jitter,3ch,M1_byte_prop_anchored,shared,full,jitter:float32:3ch:v3,float32:3ch,v3,baseline,validation,602112.0,2408448.0,4.0,41.235049925103944,5.79793374558897,2.6691384128877242,28.448100122893127,-12.786949802210817,-0.31009904984803005,round1_20260927
jitter,3ch,M1_byte_prop_anchored,shared,full,jitter:uint8:3ch:v0,uint8:3ch,v0,baseline,validation,19200.0,19200.0,0.03188775510204082,1.867444795401146,0.2625756781414519,0.0985693166227975,0.22678651245928833,-1.6406582829418577,-0.8785578491970509,round1_20260927
jitter,3ch,M1_byte_prop_anchored,shared,full,jitter:uint8:3ch:v1,uint8:3ch,v1,baseline,validation,76800.0,76800.0,0.12755102040816327,4.377874128392374,0.6155594376398239,0.012334939999400683,0.9071460498371533,-3.4707280785552213,-0.7927884577690516,round1_20260927
jitter,3ch,M1_byte_prop_anchored,shared,full,jitter:uint8:3ch:v2,uint8:3ch,v2,baseline,validation,196608.0,196608.0,0.32653061224489793,10.689822305350518,1.5030630881038083,0.09953980854098789,2.322293887583112,-8.367528417767407,-0.7827565490568775,round1_20260927
jitter,3ch,M1_byte_prop_anchored,shared,full,jitter:uint8:3ch:v3,uint8:3ch,v3,baseline,validation,602112.0,602112.0,1.0,43.33487374421495,6.0931835246659505,4.889182190986537,7.112025030723282,-36.22284871349167,-0.8358821794958452,round1_20260927
jitter,3ch,M1_byte_prop_anchored,shared,full,jitter:float32:3ch:t0,float32:3ch,t0,baseline,train,12288.0,49152.0,0.08163265306122448,1.509811660895745,0.2122899813166433,0.10296398004677176,0.580573471895778,-0.929238188999967,-0.6154662949474546,round1_20260927
jitter,3ch,M1_byte_prop_anchored,shared,full,jitter:float32:3ch:t1,float32:3ch,t1,baseline,train,27648.0,110592.0,0.1836734693877551,2.0234422121817865,0.2845099958789101,0.04439544603665878,1.3062903117655007,-0.7171519004162858,-0.35442173544606115,round1_20260927
jitter,3ch,M1_byte_prop_anchored,shared,full,jitter:float32:3ch:t2,float32:3ch,t2,baseline,train,62208.0,248832.0,0.413265306122449,3.244211811106652,0.45615866045071,0.03412494802413667,2.9391532014723767,-0.30505860963427534,-0.09403165619146643,round1_20260927
jitter,3ch,M1_byte_prop_anchored,shared,full,jitter:float32:3ch:t3,float32:3ch,t3,baseline,train,110592.0,442368.0,0.7346938775510204,5.372403207955614,0.7553971175224125,0.1057451408536148,5.225161247062003,-0.14724196089361108,-0.027407094217271485,round1_20260927
jitter,3ch,M1_byte_prop_anchored,shared,full,jitter:float32:3ch:t4,float32:3ch,t4,baseline+control,train,150528.0,602112.0,1.0,7.283180742900029,1.024065679105089,0.23903089471006933,7.112025030723282,-0.17115571217674752,-0.023500132458417672,"round1_20260927,round2_20260927"
jitter,3ch,M1_byte_prop_anchored,shared,full,jitter:float32:3ch:t5,float32:3ch,t5,baseline,train,248832.0,995328.0,1.653061224489796,12.06516234188601,1.696445427253931,0.40680197021999115,11.756612805889507,-0.30854953599650337,-0.025573591739029292,round1_20260927
jitter,3ch,M1_byte_prop_anchored,shared,full,jitter:float32:3ch:t6,float32:3ch,t6,baseline,train,442368.0,1769472.0,2.938775510204082,24.985352664162907,3.5131137132150863,1.89359218939554,20.90064498824801,-4.0847076759148955,-0.16348409129216296,round1_20260927
jitter,3ch,M1_byte_prop_anchored,shared,full,jitter:float32:3ch:t7,float32:3ch,t7,baseline,train,786432.0,3145728.0,5.224489795918367,52.50420930375179,7.382455640543801,4.38211224825043,37.15670220132979,-15.347507102422,-0.29231003201347733,round1_20260927
jitter,3ch,M1_byte_prop_anchored,shared,full,jitter:uint8:3ch:t0,uint8:3ch,t0,baseline,train,12288.0,12288.0,0.02040816326530612,1.663568524333338,0.23390926172881532,0.017614627216548034,0.1451433679739445,-1.5184251563593936,-0.9127517948008126,round1_20260927
jitter,3ch,M1_byte_prop_anchored,shared,full,jitter:uint8:3ch:t1,uint8:3ch,t1,baseline,train,27648.0,27648.0,0.04591836734693878,2.303294880936543,0.323859220262376,0.030072730064637284,0.3265725779413752,-1.9767223029951677,-0.8582150376643969,round1_20260927
jitter,3ch,M1_byte_prop_anchored,shared,full,jitter:uint8:3ch:t2,uint8:3ch,t2,baseline,train,62208.0,62208.0,0.10331632653061225,3.680015243589878,0.5174356428292304,0.04545705301588263,0.7347883003680942,-2.945226943221784,-0.8003300932929551,round1_20260927
jitter,3ch,M1_byte_prop_anchored,shared,full,jitter:uint8:3ch:t3,uint8:3ch,t3,baseline,train,110592.0,110592.0,0.1836734693877551,6.0185619574963125,0.8462515150743549,0.12449688154664332,1.3062903117655007,-4.712271645730812,-0.7829564070303415,round1_20260927
jitter,3ch,M1_byte_prop_anchored,shared,full,jitter:uint8:3ch:t4,uint8:3ch,t4,baseline,train,150528.0,150528.0,0.25,8.091521068818315,1.1377239300851307,0.18317581888094106,1.7780062576808204,-6.313514811137495,-0.7802630379926231,round1_20260927
jitter,3ch,M1_byte_prop_anchored,shared,full,jitter:uint8:3ch:t5,uint8:3ch,t5,baseline,train,248832.0,248832.0,0.413265306122449,13.872056385777663,1.9505072501645704,0.9467685493659718,2.9391532014723767,-10.932903184305285,-0.7881241886757505,round1_20260927
jitter,3ch,M1_byte_prop_anchored,shared,full,jitter:uint8:3ch:t6,uint8:3ch,t6,baseline,train,442368.0,442368.0,0.7346938775510204,27.20905054961345,3.8257810443682216,1.7669327565577415,5.225161247062003,-21.983889302551447,-0.8079623823134013,round1_20260927
jitter,3ch,M1_byte_prop_anchored,shared,full,jitter:uint8:3ch:t7,uint8:3ch,t7,baseline,train,786432.0,786432.0,1.3061224489795917,64.05183946711634,9.00613245741099,3.9980376532262185,9.289175550332448,-54.76266391678389,-0.8549741017960706,round1_20260927
jitter,3ch,M2_byte_affine,shared,full,jitter:float32:3ch:v0,float32:3ch,v0,baseline,validation,19200.0,76800.0,0.12755102040816327,1.7530677878918748,0.2464934783439015,0.0371368787124611,6.900166840146527,5.147099052254652,2.936052494834908,round1_20260927
jitter,3ch,M2_byte_affine,shared,full,jitter:float32:3ch:v1,float32:3ch,v1,baseline,validation,76800.0,307200.0,0.5102040816326531,3.955243182288507,0.5561345981211014,0.1442563890698067,10.524866288779496,6.5696231064909885,1.6609909438462895,round1_20260927
jitter,3ch,M2_byte_affine,shared,full,jitter:float32:3ch:v2,float32:3ch,v2,baseline,validation,196608.0,786432.0,1.3061224489795917,9.517521506051423,1.3382294726096466,0.15807636011567416,18.064241141936073,8.54671963588465,0.8979984579441697,round1_20260927
jitter,3ch,M2_byte_affine,shared,full,jitter:float32:3ch:v3,float32:3ch,v3,baseline,validation,602112.0,2408448.0,4.0,41.235049925103944,5.79793374558897,2.6691384128877242,43.58212526031218,2.3470753352082383,0.05691942508791135,round1_20260927
jitter,3ch,M2_byte_affine,shared,full,jitter:uint8:3ch:v0,uint8:3ch,v0,baseline,validation,19200.0,19200.0,0.03188775510204082,1.867444795401146,0.2625756781414519,0.0985693166227975,5.993991977988284,4.126547182587139,2.2097291404540367,round1_20260927
jitter,3ch,M2_byte_affine,shared,full,jitter:uint8:3ch:v1,uint8:3ch,v1,baseline,validation,76800.0,76800.0,0.12755102040816327,4.377874128392374,0.6155594376398239,0.012334939999400683,6.900166840146527,2.5222927117541527,0.576145553248325,round1_20260927
jitter,3ch,M2_byte_affine,shared,full,jitter:uint8:3ch:v2,uint8:3ch,v2,baseline,validation,196608.0,196608.0,0.32653061224489793,10.689822305350518,1.5030630881038083,0.09953980854098789,8.785010553435672,-1.9048117519148455,-0.17818928112223537,round1_20260927
jitter,3ch,M2_byte_affine,shared,full,jitter:uint8:3ch:v3,uint8:3ch,v3,baseline,validation,602112.0,602112.0,1.0,43.33487374421495,6.0931835246659505,4.889182190986537,15.164481583029698,-28.170392161185255,-0.6500628645524991,round1_20260927
jitter,3ch,M2_byte_affine,shared,full,jitter:float32:3ch:t0,float32:3ch,t0,baseline,train,12288.0,49152.0,0.08163265306122448,1.509811660895745,0.2122899813166433,0.10296398004677176,6.46520290631057,4.955391245414825,3.282125429124635,round1_20260927
jitter,3ch,M2_byte_affine,shared,full,jitter:float32:3ch:t1,float32:3ch,t1,baseline,train,27648.0,110592.0,0.1836734693877551,2.0234422121817865,0.2845099958789101,0.04439544603665878,7.431789425946029,5.408347213764243,2.6728449081492007,round1_20260927
jitter,3ch,M2_byte_affine,shared,full,jitter:float32:3ch:t2,float32:3ch,t2,baseline,train,62208.0,248832.0,0.413265306122449,3.244211811106652,0.45615866045071,0.03412494802413667,9.606609095125812,6.36239728401916,1.9611534802497514,round1_20260927
jitter,3ch,M2_byte_affine,shared,full,jitter:float32:3ch:t3,float32:3ch,t3,baseline,train,110592.0,442368.0,0.7346938775510204,5.372403207955614,0.7553971175224125,0.1057451408536148,12.651356631977507,7.278953424021893,1.3548784672831338,round1_20260927
jitter,3ch,M2_byte_affine,shared,full,jitter:float32:3ch:t4,float32:3ch,t4,baseline+control,train,150528.0,602112.0,1.0,7.283180742900029,1.024065679105089,0.23903089471006933,15.164481583029698,7.8813008401296685,1.0821234730186688,"round1_20260927,round2_20260927"
jitter,3ch,M2_byte_affine,shared,full,jitter:float32:3ch:t5,float32:3ch,t5,baseline,train,248832.0,995328.0,1.653061224489796,12.06516234188601,1.696445427253931,0.40680197021999115,21.35063530869663,9.285472966810621,0.7696102798861411,round1_20260927
jitter,3ch,M2_byte_affine,shared,full,jitter:float32:3ch:t6,float32:3ch,t6,baseline,train,442368.0,1769472.0,2.938775510204082,24.985352664162907,3.5131137132150863,1.89359218939554,33.52962545610341,8.544272791940504,0.34197127039938724,round1_20260927
jitter,3ch,M2_byte_affine,shared,full,jitter:float32:3ch:t7,float32:3ch,t7,baseline,train,786432.0,3145728.0,5.224489795918367,52.50420930375179,7.382455640543801,4.38211224825043,55.18116349593769,2.676954192185896,0.0509855157840575,round1_20260927
jitter,3ch,M2_byte_affine,shared,full,jitter:uint8:3ch:t0,uint8:3ch,t0,baseline,train,12288.0,12288.0,0.02040816326530612,1.663568524333338,0.23390926172881532,0.017614627216548034,5.8852509945292955,4.221682470195957,2.537726825462608,round1_20260927
jitter,3ch,M2_byte_affine,shared,full,jitter:uint8:3ch:t1,uint8:3ch,t1,baseline,train,27648.0,27648.0,0.04591836734693878,2.303294880936543,0.323859220262376,0.030072730064637284,6.12689762443816,3.8236027435016173,1.6600578480628159,round1_20260927
jitter,3ch,M2_byte_affine,shared,full,jitter:uint8:3ch:t2,uint8:3ch,t2,baseline,train,62208.0,62208.0,0.10331632653061225,3.680015243589878,0.5174356428292304,0.04545705301588263,6.670602541733105,2.990587298143227,0.8126562256372314,round1_20260927
jitter,3ch,M2_byte_affine,shared,full,jitter:uint8:3ch:t3,uint8:3ch,t3,baseline,train,110592.0,110592.0,0.1836734693877551,6.0185619574963125,0.8462515150743549,0.12449688154664332,7.431789425946029,1.4132274684497164,0.23481148460879364,round1_20260927
jitter,3ch,M2_byte_affine,shared,full,jitter:uint8:3ch:t4,uint8:3ch,t4,baseline,train,150528.0,150528.0,0.25,8.091521068818315,1.1377239300851307,0.18317581888094106,8.060070663709077,-0.03145040510923813,-0.0038868347300529426,round1_20260927
jitter,3ch,M2_byte_affine,shared,full,jitter:uint8:3ch:t5,uint8:3ch,t5,baseline,train,248832.0,248832.0,0.413265306122449,13.872056385777663,1.9505072501645704,0.9467685493659718,9.606609095125812,-4.265447290651851,-0.3074848581948531,round1_20260927
jitter,3ch,M2_byte_affine,shared,full,jitter:uint8:3ch:t6,uint8:3ch,t6,baseline,train,442368.0,442368.0,0.7346938775510204,27.20905054961345,3.8257810443682216,1.7669327565577415,12.651356631977507,-14.557693917635945,-0.535031308464483,round1_20260927
jitter,3ch,M2_byte_affine,shared,full,jitter:uint8:3ch:t7,uint8:3ch,t7,baseline,train,786432.0,786432.0,1.3061224489795917,64.05183946711634,9.00613245741099,3.9980376532262185,18.064241141936073,-45.987598325180265,-0.7179746703260552,round1_20260927
jitter,3ch,M3_element_prop,shared,full,jitter:float32:3ch:v0,float32:3ch,v0,baseline,validation,19200.0,76800.0,0.12755102040816327,1.7530677878918748,0.2464934783439015,0.0371368787124611,1.3142704544022112,-0.43879733348966354,-0.2503025476369814,round1_20260927
jitter,3ch,M3_element_prop,shared,full,jitter:float32:3ch:v1,float32:3ch,v1,baseline,validation,76800.0,307200.0,0.5102040816326531,3.955243182288507,0.5561345981211014,0.1442563890698067,5.257081817608845,1.3018386353203382,0.3291425015660082,round1_20260927
jitter,3ch,M3_element_prop,shared,full,jitter:float32:3ch:v2,float32:3ch,v2,baseline,validation,196608.0,786432.0,1.3061224489795917,9.517521506051423,1.3382294726096466,0.15807636011567416,13.458129453078643,3.9406079470272193,0.41403719913022574,round1_20260927
jitter,3ch,M3_element_prop,shared,full,jitter:float32:3ch:v3,float32:3ch,v3,baseline,validation,602112.0,2408448.0,4.0,41.235049925103944,5.79793374558897,2.6691384128877242,41.215521450053345,-0.01952847505059907,-0.0004735892180576727,round1_20260927
jitter,3ch,M3_element_prop,shared,full,jitter:uint8:3ch:v0,uint8:3ch,v0,baseline,validation,19200.0,19200.0,0.03188775510204082,1.867444795401146,0.2625756781414519,0.0985693166227975,1.3142704544022112,-0.5531743409989347,-0.2962199163055352,round1_20260927
jitter,3ch,M3_element_prop,shared,full,jitter:uint8:3ch:v1,uint8:3ch,v1,baseline,validation,76800.0,76800.0,0.12755102040816327,4.377874128392374,0.6155594376398239,0.012334939999400683,5.257081817608845,0.8792076892164706,0.2008298236613143,round1_20260927
jitter,3ch,M3_element_prop,shared,full,jitter:uint8:3ch:v2,uint8:3ch,v2,baseline,validation,196608.0,196608.0,0.32653061224489793,10.689822305350518,1.5030630881038083,0.09953980854098789,13.458129453078643,2.768307147728125,0.2589666197110236,round1_20260927
jitter,3ch,M3_element_prop,shared,full,jitter:uint8:3ch:v3,uint8:3ch,v3,baseline,validation,602112.0,602112.0,1.0,43.33487374421495,6.0931835246659505,4.889182190986537,41.215521450053345,-2.119352294161608,-0.04890639134363542,round1_20260927
jitter,3ch,M3_element_prop,shared,full,jitter:float32:3ch:t0,float32:3ch,t0,baseline,train,12288.0,49152.0,0.08163265306122448,1.509811660895745,0.2122899813166433,0.10296398004677176,0.8411330908174152,-0.6686785700783299,-0.44288873069215434,round1_20260927
jitter,3ch,M3_element_prop,shared,full,jitter:float32:3ch:t1,float32:3ch,t1,baseline,train,27648.0,110592.0,0.1836734693877551,2.0234422121817865,0.2845099958789101,0.04439544603665878,1.892549454339184,-0.13089275784260246,-0.06468816211038056,round1_20260927
jitter,3ch,M3_element_prop,shared,full,jitter:float32:3ch:t2,float32:3ch,t2,baseline,train,62208.0,248832.0,0.413265306122449,3.244211811106652,0.45615866045071,0.03412494802413667,4.258236272263164,1.0140244611565121,0.31256419746854086,round1_20260927
jitter,3ch,M3_element_prop,shared,full,jitter:float32:3ch:t3,float32:3ch,t3,baseline,train,110592.0,442368.0,0.7346938775510204,5.372403207955614,0.7553971175224125,0.1057451408536148,7.570197817356736,2.1977946094011225,0.4090896614287184,round1_20260927
jitter,3ch,M3_element_prop,shared,full,jitter:float32:3ch:t4,float32:3ch,t4,baseline+control,train,150528.0,602112.0,1.0,7.283180742900029,1.024065679105089,0.23903089471006933,10.303880362513336,3.020699619613307,0.41475005581291113,"round1_20260927,round2_20260927"
jitter,3ch,M3_element_prop,shared,full,jitter:float32:3ch:t5,float32:3ch,t5,baseline,train,248832.0,995328.0,1.653061224489796,12.06516234188601,1.696445427253931,0.40680197021999115,17.032945089052657,4.9677827471666465,0.41174603427591255,round1_20260927
jitter,3ch,M3_element_prop,shared,full,jitter:float32:3ch:t6,float32:3ch,t6,baseline,train,442368.0,1769472.0,2.938775510204082,24.985352664162907,3.5131137132150863,1.89359218939554,30.280791269426945,5.295438605264039,0.2119417194722816,round1_20260927
jitter,3ch,M3_element_prop,shared,full,jitter:float32:3ch:t7,float32:3ch,t7,baseline,train,786432.0,3145728.0,5.224489795918367,52.50420930375179,7.382455640543801,4.38211224825043,53.83251781231457,1.3283085085627775,0.025299086038571398,round1_20260927
jitter,3ch,M3_element_prop,shared,full,jitter:uint8:3ch:t0,uint8:3ch,t0,baseline,train,12288.0,12288.0,0.02040816326530612,1.663568524333338,0.23390926172881532,0.017614627216548034,0.8411330908174152,-0.8224354335159229,-0.49438025635012983,round1_20260927
jitter,3ch,M3_element_prop,shared,full,jitter:uint8:3ch:t1,uint8:3ch,t1,baseline,train,27648.0,27648.0,0.04591836734693878,2.303294880936543,0.323859220262376,0.030072730064637284,1.892549454339184,-0.4107454265973589,-0.17832950092362715,round1_20260927
jitter,3ch,M3_element_prop,shared,full,jitter:uint8:3ch:t2,uint8:3ch,t2,baseline,train,62208.0,62208.0,0.10331632653061225,3.680015243589878,0.5174356428292304,0.04545705301588263,4.258236272263164,0.5782210286732861,0.15712462867659965,round1_20260927
jitter,3ch,M3_element_prop,shared,full,jitter:uint8:3ch:t3,uint8:3ch,t3,baseline,train,110592.0,110592.0,0.1836734693877551,6.0185619574963125,0.8462515150743549,0.12449688154664332,7.570197817356736,1.5516358598604238,0.2578084052001511,round1_20260927
jitter,3ch,M3_element_prop,shared,full,jitter:uint8:3ch:t4,uint8:3ch,t4,baseline,train,150528.0,150528.0,0.25,8.091521068818315,1.1377239300851307,0.18317581888094106,10.303880362513336,2.2123592936950214,0.2734169848757638,round1_20260927
jitter,3ch,M3_element_prop,shared,full,jitter:uint8:3ch:t5,uint8:3ch,t5,baseline,train,248832.0,248832.0,0.413265306122449,13.872056385777663,1.9505072501645704,0.9467685493659718,17.032945089052657,3.1608887032749937,0.22786013950431297,round1_20260927
jitter,3ch,M3_element_prop,shared,full,jitter:uint8:3ch:t6,uint8:3ch,t6,baseline,train,442368.0,442368.0,0.7346938775510204,27.20905054961345,3.8257810443682216,1.7669327565577415,30.280791269426945,3.0717407198134943,0.11289407964502214,round1_20260927
jitter,3ch,M3_element_prop,shared,full,jitter:uint8:3ch:t7,uint8:3ch,t7,baseline,train,786432.0,786432.0,1.3061224489795917,64.05183946711634,9.00613245741099,3.9980376532262185,53.83251781231457,-10.219321654801767,-0.15954766857317626,round1_20260927
jitter,3ch,M4_element_affine,shared,full,jitter:float32:3ch:v0,float32:3ch,v0,baseline,validation,19200.0,76800.0,0.12755102040816327,1.7530677878918748,0.2464934783439015,0.0371368787124611,1.3142704544022115,-0.4387973334896633,-0.25030254763698123,round1_20260927
jitter,3ch,M4_element_affine,shared,full,jitter:float32:3ch:v1,float32:3ch,v1,baseline,validation,76800.0,307200.0,0.5102040816326531,3.955243182288507,0.5561345981211014,0.1442563890698067,5.257081817608846,1.301838635320339,0.32914250156600844,round1_20260927
jitter,3ch,M4_element_affine,shared,full,jitter:float32:3ch:v2,float32:3ch,v2,baseline,validation,196608.0,786432.0,1.3061224489795917,9.517521506051423,1.3382294726096466,0.15807636011567416,13.458129453078644,3.940607947027221,0.41403719913022596,round1_20260927
jitter,3ch,M4_element_affine,shared,full,jitter:float32:3ch:v3,float32:3ch,v3,baseline,validation,602112.0,2408448.0,4.0,41.235049925103944,5.79793374558897,2.6691384128877242,41.21552145005335,-0.019528475050591965,-0.00047358921805750034,round1_20260927
jitter,3ch,M4_element_affine,shared,full,jitter:uint8:3ch:v0,uint8:3ch,v0,baseline,validation,19200.0,19200.0,0.03188775510204082,1.867444795401146,0.2625756781414519,0.0985693166227975,1.3142704544022115,-0.5531743409989345,-0.29621991630553507,round1_20260927
jitter,3ch,M4_element_affine,shared,full,jitter:uint8:3ch:v1,uint8:3ch,v1,baseline,validation,76800.0,76800.0,0.12755102040816327,4.377874128392374,0.6155594376398239,0.012334939999400683,5.257081817608846,0.8792076892164715,0.20082982366131452,round1_20260927
jitter,3ch,M4_element_affine,shared,full,jitter:uint8:3ch:v2,uint8:3ch,v2,baseline,validation,196608.0,196608.0,0.32653061224489793,10.689822305350518,1.5030630881038083,0.09953980854098789,13.458129453078644,2.7683071477281267,0.25896661971102375,round1_20260927
jitter,3ch,M4_element_affine,shared,full,jitter:uint8:3ch:v3,uint8:3ch,v3,baseline,validation,602112.0,602112.0,1.0,43.33487374421495,6.0931835246659505,4.889182190986537,41.21552145005335,-2.119352294161601,-0.04890639134363526,round1_20260927
jitter,3ch,M4_element_affine,shared,full,jitter:float32:3ch:t0,float32:3ch,t0,baseline,train,12288.0,49152.0,0.08163265306122448,1.509811660895745,0.2122899813166433,0.10296398004677176,0.8411330908174153,-0.6686785700783298,-0.4428887306921543,round1_20260927
jitter,3ch,M4_element_affine,shared,full,jitter:float32:3ch:t1,float32:3ch,t1,baseline,train,27648.0,110592.0,0.1836734693877551,2.0234422121817865,0.2845099958789101,0.04439544603665878,1.8925494543391845,-0.13089275784260201,-0.06468816211038034,round1_20260927
jitter,3ch,M4_element_affine,shared,full,jitter:float32:3ch:t2,float32:3ch,t2,baseline,train,62208.0,248832.0,0.413265306122449,3.244211811106652,0.45615866045071,0.03412494802413667,4.258236272263165,1.014024461156513,0.31256419746854114,round1_20260927
jitter,3ch,M4_element_affine,shared,full,jitter:float32:3ch:t3,float32:3ch,t3,baseline,train,110592.0,442368.0,0.7346938775510204,5.372403207955614,0.7553971175224125,0.1057451408536148,7.570197817356738,2.1977946094011243,0.40908966142871867,round1_20260927
jitter,3ch,M4_element_affine,shared,full,jitter:float32:3ch:t4,float32:3ch,t4,baseline+control,train,150528.0,602112.0,1.0,7.283180742900029,1.024065679105089,0.23903089471006933,10.303880362513338,3.0206996196133087,0.4147500558129114,"round1_20260927,round2_20260927"
jitter,3ch,M4_element_affine,shared,full,jitter:float32:3ch:t5,float32:3ch,t5,baseline,train,248832.0,995328.0,1.653061224489796,12.06516234188601,1.696445427253931,0.40680197021999115,17.03294508905266,4.96778274716665,0.41174603427591283,round1_20260927
jitter,3ch,M4_element_affine,shared,full,jitter:float32:3ch:t6,float32:3ch,t6,baseline,train,442368.0,1769472.0,2.938775510204082,24.985352664162907,3.5131137132150863,1.89359218939554,30.280791269426953,5.295438605264046,0.2119417194722819,round1_20260927
jitter,3ch,M4_element_affine,shared,full,jitter:float32:3ch:t7,float32:3ch,t7,baseline,train,786432.0,3145728.0,5.224489795918367,52.50420930375179,7.382455640543801,4.38211224825043,53.83251781231458,1.3283085085627846,0.025299086038571533,round1_20260927
jitter,3ch,M4_element_affine,shared,full,jitter:uint8:3ch:t0,uint8:3ch,t0,baseline,train,12288.0,12288.0,0.02040816326530612,1.663568524333338,0.23390926172881532,0.017614627216548034,0.8411330908174153,-0.8224354335159227,-0.4943802563501298,round1_20260927
jitter,3ch,M4_element_affine,shared,full,jitter:uint8:3ch:t1,uint8:3ch,t1,baseline,train,27648.0,27648.0,0.04591836734693878,2.303294880936543,0.323859220262376,0.030072730064637284,1.8925494543391845,-0.41074542659735847,-0.17832950092362695,round1_20260927
jitter,3ch,M4_element_affine,shared,full,jitter:uint8:3ch:t2,uint8:3ch,t2,baseline,train,62208.0,62208.0,0.10331632653061225,3.680015243589878,0.5174356428292304,0.04545705301588263,4.258236272263165,0.578221028673287,0.1571246286765999,round1_20260927
jitter,3ch,M4_element_affine,shared,full,jitter:uint8:3ch:t3,uint8:3ch,t3,baseline,train,110592.0,110592.0,0.1836734693877551,6.0185619574963125,0.8462515150743549,0.12449688154664332,7.570197817356738,1.5516358598604256,0.25780840520015136,round1_20260927
jitter,3ch,M4_element_affine,shared,full,jitter:uint8:3ch:t4,uint8:3ch,t4,baseline,train,150528.0,150528.0,0.25,8.091521068818315,1.1377239300851307,0.18317581888094106,10.303880362513338,2.212359293695023,0.27341698487576405,round1_20260927
jitter,3ch,M4_element_affine,shared,full,jitter:uint8:3ch:t5,uint8:3ch,t5,baseline,train,248832.0,248832.0,0.413265306122449,13.872056385777663,1.9505072501645704,0.9467685493659718,17.03294508905266,3.1608887032749973,0.22786013950431322,round1_20260927
jitter,3ch,M4_element_affine,shared,full,jitter:uint8:3ch:t6,uint8:3ch,t6,baseline,train,442368.0,442368.0,0.7346938775510204,27.20905054961345,3.8257810443682216,1.7669327565577415,30.280791269426953,3.0717407198135014,0.11289407964502239,round1_20260927
jitter,3ch,M4_element_affine,shared,full,jitter:uint8:3ch:t7,uint8:3ch,t7,baseline,train,786432.0,786432.0,1.3061224489795917,64.05183946711634,9.00613245741099,3.9980376532262185,53.83251781231458,-10.21932165480176,-0.15954766857317615,round1_20260927
jitter,3ch,M5_repr_element_affine,float32:3ch,full,jitter:float32:3ch:v0,float32:3ch,v0,baseline,validation,19200.0,76800.0,0.12755102040816327,1.7530677878918748,0.2464934783439015,0.0371368787124611,1.2016332936390488,-0.551434494252826,-0.31455400530514865,round1_20260927
jitter,3ch,M5_repr_element_affine,float32:3ch,full,jitter:float32:3ch:v1,float32:3ch,v1,baseline,validation,76800.0,307200.0,0.5102040816326531,3.955243182288507,0.5561345981211014,0.1442563890698067,4.806533174556195,0.8512899922676884,0.21523075902886238,round1_20260927
jitter,3ch,M5_repr_element_affine,float32:3ch,full,jitter:float32:3ch:v2,float32:3ch,v2,baseline,validation,196608.0,786432.0,1.3061224489795917,9.517521506051423,1.3382294726096466,0.15807636011567416,12.304724926863859,2.7872034208124354,0.2928497108244282,round1_20260927
jitter,3ch,M5_repr_element_affine,float32:3ch,full,jitter:float32:3ch:v3,float32:3ch,v3,baseline,validation,602112.0,2408448.0,4.0,41.235049925103944,5.79793374558897,2.6691384128877242,37.68322008852057,-3.551829836583373,-0.0861361837328834,round1_20260927
jitter,3ch,M5_repr_element_affine,float32:3ch,full,jitter:float32:3ch:t0,float32:3ch,t0,baseline,train,12288.0,49152.0,0.08163265306122448,1.509811660895745,0.2122899813166433,0.10296398004677176,0.7690453079289912,-0.7407663529667539,-0.4906349395442277,round1_20260927
jitter,3ch,M5_repr_element_affine,float32:3ch,full,jitter:float32:3ch:t1,float32:3ch,t1,baseline,train,27648.0,110592.0,0.1836734693877551,2.0234422121817865,0.2845099958789101,0.04439544603665878,1.73035194284023,-0.29309026934155646,-0.14484736335787443,round1_20260927
jitter,3ch,M5_repr_element_affine,float32:3ch,full,jitter:float32:3ch:t2,float32:3ch,t2,baseline,train,62208.0,248832.0,0.413265306122449,3.244211811106652,0.45615866045071,0.03412494802413667,3.893291871390518,0.649080060283866,0.20007326835495814,round1_20260927
jitter,3ch,M5_repr_element_affine,float32:3ch,full,jitter:float32:3ch:t3,float32:3ch,t3,baseline,train,110592.0,442368.0,0.7346938775510204,5.372403207955614,0.7553971175224125,0.1057451408536148,6.92140777136092,1.5490045634053065,0.28832619285006283,round1_20260927
jitter,3ch,M5_repr_element_affine,float32:3ch,full,jitter:float32:3ch:t4,float32:3ch,t4,baseline+control,train,150528.0,602112.0,1.0,7.283180742900029,1.024065679105089,0.23903089471006933,9.420805022130143,2.1376242792301134,0.29350147342065697,"round1_20260927,round2_20260927"
jitter,3ch,M5_repr_element_affine,float32:3ch,full,jitter:float32:3ch:t5,float32:3ch,t5,baseline,train,248832.0,995328.0,1.653061224489796,12.06516234188601,1.696445427253931,0.40680197021999115,15.573167485562072,3.508005143676062,0.29075490609003235,round1_20260927
jitter,3ch,M5_repr_element_affine,float32:3ch,full,jitter:float32:3ch:t6,float32:3ch,t6,baseline,train,442368.0,1769472.0,2.938775510204082,24.985352664162907,3.5131137132150863,1.89359218939554,27.68563108544368,2.7002784212807747,0.10807445696589463,round1_20260927
jitter,3ch,M5_repr_element_affine,float32:3ch,full,jitter:float32:3ch:t7,float32:3ch,t7,baseline,train,786432.0,3145728.0,5.224489795918367,52.50420930375179,7.382455640543801,4.38211224825043,49.218899707455435,-3.285309596296358,-0.06257230877032938,round1_20260927
jitter,3ch,M3_element_prop,float32:3ch,local_x_le_2,jitter:float32:3ch:v0,float32:3ch,v0,baseline,validation,19200.0,76800.0,0.12755102040816327,1.7530677878918748,0.2464934783439015,0.0371368787124611,0.9390946623100185,-0.8139731255818563,-0.464313548628195,round1_20260927
jitter,3ch,M3_element_prop,float32:3ch,local_x_le_2,jitter:float32:3ch:v1,float32:3ch,v1,baseline,validation,76800.0,307200.0,0.5102040816326531,3.955243182288507,0.5561345981211014,0.1442563890698067,3.756378649240074,-0.19886453304843288,-0.05027871204960139,round1_20260927
jitter,3ch,M3_element_prop,float32:3ch,local_x_le_2,jitter:float32:3ch:v2,float32:3ch,v2,baseline,validation,196608.0,786432.0,1.3061224489795917,9.517521506051423,1.3382294726096466,0.15807636011567416,9.61632934205459,0.09880783600316612,0.010381677198243492,round1_20260927
jitter,3ch,M3_element_prop,float32:3ch,local_x_le_2,jitter:float32:3ch:t0,float32:3ch,t0,baseline,train,12288.0,49152.0,0.08163265306122448,1.509811660895745,0.2122899813166433,0.10296398004677176,0.6010205838784118,-0.9087910770173332,-0.6019234720164787,round1_20260927
jitter,3ch,M3_element_prop,float32:3ch,local_x_le_2,jitter:float32:3ch:t1,float32:3ch,t1,baseline,train,27648.0,110592.0,0.1836734693877551,2.0234422121817865,0.2845099958789101,0.04439544603665878,1.3522963137264266,-0.67114589845536,-0.3316852314411755,round1_20260927
jitter,3ch,M3_element_prop,float32:3ch,local_x_le_2,jitter:float32:3ch:t2,float32:3ch,t2,baseline,train,62208.0,248832.0,0.413265306122449,3.244211811106652,0.45615866045071,0.03412494802413667,3.04266670588446,-0.20154510522219216,-0.06212452113397674,round1_20260927
jitter,3ch,M3_element_prop,float32:3ch,local_x_le_2,jitter:float32:3ch:t3,float32:3ch,t3,baseline,train,110592.0,442368.0,0.7346938775510204,5.372403207955614,0.7553971175224125,0.1057451408536148,5.409185254905706,0.03678204695009235,0.0068464792247209605,round1_20260927
jitter,3ch,M3_element_prop,float32:3ch,local_x_le_2,jitter:float32:3ch:t4,float32:3ch,t4,baseline+control,train,150528.0,602112.0,1.0,7.283180742900029,1.024065679105089,0.23903089471006933,7.362502152510545,0.07932140961051548,0.0108910395623288,"round1_20260927,round2_20260927"
jitter,3ch,M3_element_prop,float32:3ch,local_x_le_2,jitter:float32:3ch:t5,float32:3ch,t5,baseline,train,248832.0,995328.0,1.653061224489796,12.06516234188601,1.696445427253931,0.40680197021999115,12.17066682353784,0.10550448165182935,0.008744555494753255,round1_20260927
jitter,3ch,M4_element_affine,float32:3ch,local_x_le_2,jitter:float32:3ch:v0,float32:3ch,v0,baseline,validation,19200.0,76800.0,0.12755102040816327,1.7530677878918748,0.2464934783439015,0.0371368787124611,1.5357087134563352,-0.2173590744355396,-0.1239878320375286,round1_20260927
jitter,3ch,M4_element_affine,float32:3ch,local_x_le_2,jitter:float32:3ch:v1,float32:3ch,v1,baseline,validation,76800.0,307200.0,0.5102040816326531,3.955243182288507,0.5561345981211014,0.1442563890698067,4.118857055363733,0.16361387307522657,0.04136632453040712,round1_20260927
jitter,3ch,M4_element_affine,float32:3ch,local_x_le_2,jitter:float32:3ch:v2,float32:3ch,v2,baseline,validation,196608.0,786432.0,1.3061224489795917,9.517521506051423,1.3382294726096466,0.15807636011567416,9.491805606531122,-0.025715899520301733,-0.002701953392377529,round1_20260927
jitter,3ch,M4_element_affine,float32:3ch,local_x_le_2,jitter:float32:3ch:t0,float32:3ch,t0,baseline,train,12288.0,49152.0,0.08163265306122448,1.509811660895745,0.2122899813166433,0.10296398004677176,1.2257309124274474,-0.2840807484682977,-0.188156414356846,round1_20260927
jitter,3ch,M4_element_affine,float32:3ch,local_x_le_2,jitter:float32:3ch:t1,float32:3ch,t1,baseline,train,27648.0,110592.0,0.1836734693877551,2.0234422121817865,0.2845099958789101,0.04439544603665878,1.9145704702694202,-0.10887174191236637,-0.05380521433076899,round1_20260927
jitter,3ch,M4_element_affine,float32:3ch,local_x_le_2,jitter:float32:3ch:t2,float32:3ch,t2,baseline,train,62208.0,248832.0,0.413265306122449,3.244211811106652,0.45615866045071,0.03412494802413667,3.464459475413859,0.2202476643072071,0.06788942187843067,round1_20260927
jitter,3ch,M4_element_affine,float32:3ch,local_x_le_2,jitter:float32:3ch:t3,float32:3ch,t3,baseline,train,110592.0,442368.0,0.7346938775510204,5.372403207955614,0.7553971175224125,0.1057451408536148,5.634304082616073,0.2619008746604594,0.04874929608273423,round1_20260927
jitter,3ch,M4_element_affine,float32:3ch,local_x_le_2,jitter:float32:3ch:t4,float32:3ch,t4,baseline+control,train,150528.0,602112.0,1.0,7.283180742900029,1.024065679105089,0.23903089471006933,7.425286933005203,0.14210619010517345,0.01951155616228595,"round1_20260927,round2_20260927"
jitter,3ch,M4_element_affine,float32:3ch,local_x_le_2,jitter:float32:3ch:t5,float32:3ch,t5,baseline,train,248832.0,995328.0,1.653061224489796,12.06516234188601,1.696445427253931,0.40680197021999115,11.833860103193828,-0.23130223869218192,-0.01917108383110451,round1_20260927
jitter,3ch,M5_repr_element_affine,uint8:3ch,full,jitter:uint8:3ch:v0,uint8:3ch,v0,baseline,validation,19200.0,19200.0,0.03188775510204082,1.867444795401146,0.2625756781414519,0.0985693166227975,1.426907615165374,-0.44053718023577204,-0.23590372326970996,round1_20260927
jitter,3ch,M5_repr_element_affine,uint8:3ch,full,jitter:uint8:3ch:v1,uint8:3ch,v1,baseline,validation,76800.0,76800.0,0.12755102040816327,4.377874128392374,0.6155594376398239,0.012334939999400683,5.707630460661496,1.3297563322691213,0.3037447613317812,round1_20260927
jitter,3ch,M5_repr_element_affine,uint8:3ch,full,jitter:uint8:3ch:v2,uint8:3ch,v2,baseline,validation,196608.0,196608.0,0.32653061224489793,10.689822305350518,1.5030630881038083,0.09953980854098789,14.61153397929343,3.9217116739429123,0.3668640658301682,round1_20260927
jitter,3ch,M5_repr_element_affine,uint8:3ch,full,jitter:uint8:3ch:v3,uint8:3ch,v3,baseline,validation,602112.0,602112.0,1.0,43.33487374421495,6.0931835246659505,4.889182190986537,44.747822811586126,1.4129490673711729,0.032605357885917376,round1_20260927
jitter,3ch,M5_repr_element_affine,uint8:3ch,full,jitter:uint8:3ch:t0,uint8:3ch,t0,baseline,train,12288.0,12288.0,0.02040816326530612,1.663568524333338,0.23390926172881532,0.017614627216548034,0.9132208737058394,-0.7503476506274986,-0.4510470351248047,round1_20260927
jitter,3ch,M5_repr_element_affine,uint8:3ch,full,jitter:uint8:3ch:t1,uint8:3ch,t1,baseline,train,27648.0,27648.0,0.04591836734693878,2.303294880936543,0.323859220262376,0.030072730064637284,2.0547469658381385,-0.24854791509840446,-0.10790972408940637,round1_20260927
jitter,3ch,M5_repr_element_affine,uint8:3ch,full,jitter:uint8:3ch:t2,uint8:3ch,t2,baseline,train,62208.0,62208.0,0.10331632653061225,3.680015243589878,0.5174356428292304,0.04545705301588263,4.623180673135812,0.9431654295459335,0.2562938920399334,round1_20260927
jitter,3ch,M5_repr_element_affine,uint8:3ch,full,jitter:uint8:3ch:t3,uint8:3ch,t3,baseline,train,110592.0,110592.0,0.1836734693877551,6.0185619574963125,0.8462515150743549,0.12449688154664332,8.218987863352554,2.2004259058562416,0.36560658864955947,round1_20260927
jitter,3ch,M5_repr_element_affine,uint8:3ch,full,jitter:uint8:3ch:t4,uint8:3ch,t4,baseline,train,150528.0,150528.0,0.25,8.091521068818315,1.1377239300851307,0.18317581888094106,11.186955702896531,3.0954346340782166,0.3825528732795197,round1_20260927
jitter,3ch,M5_repr_element_affine,uint8:3ch,full,jitter:uint8:3ch:t5,uint8:3ch,t5,baseline,train,248832.0,248832.0,0.413265306122449,13.872056385777663,1.9505072501645704,0.9467685493659718,18.492722692543246,4.6206663067655835,0.3330916612696965,round1_20260927
jitter,3ch,M5_repr_element_affine,uint8:3ch,full,jitter:uint8:3ch:t6,uint8:3ch,t6,baseline,train,442368.0,442368.0,0.7346938775510204,27.20905054961345,3.8257810443682216,1.7669327565577415,32.87595145341022,5.6669009037967655,0.20827264418740524,round1_20260927
jitter,3ch,M5_repr_element_affine,uint8:3ch,full,jitter:uint8:3ch:t7,uint8:3ch,t7,baseline,train,786432.0,786432.0,1.3061224489795917,64.05183946711634,9.00613245741099,3.9980376532262185,58.44613591717372,-5.605703549942618,-0.08751822893112285,round1_20260927
crop,all,M1_byte_prop_anchored,shared,full,crop:float32:3ch:v0,float32:3ch,v0,baseline,validation,37632.0,150528.0,0.08506944444444445,1.5388586550640564,0.8777750159985308,0.03375883661806343,0.14913827402105434,-1.389720381043002,-0.9030851381117609,round1_20260927
crop,all,M1_byte_prop_anchored,shared,full,crop:float32:3ch:v1,float32:3ch,v1,baseline,validation,150528.0,602112.0,0.3402777777777778,1.60537365047882,0.9157156033112143,0.0022043744562438624,0.5965530960842174,-1.0088205543946027,-0.6284023374207687,round1_20260927
crop,all,M1_byte_prop_anchored,shared,full,crop:float32:3ch:v2,float32:3ch,v2,baseline,validation,248832.0,995328.0,0.5625,1.6670476148525875,0.9508948349363715,0.010829106996373369,0.9861387914861552,-0.6809088233664322,-0.40845193460574497,round1_20260927
crop,all,M1_byte_prop_anchored,shared,full,crop:float32:3ch:v3,float32:3ch,v3,baseline,validation,519168.0,2076672.0,1.1736111111111112,1.7830278639060755,1.0170507256242016,0.0024838722168261016,2.0574994538414844,0.2744715899354089,0.15393567060366883,round1_20260927
crop,all,M1_byte_prop_anchored,shared,full,crop:float32:1ch:v0,float32:1ch,v0,baseline,validation,12544.0,50176.0,0.028356481481481483,0.5707618384622037,0.325566276174115,0.004631846766641471,0.04971275800701811,-0.5210490804551856,-0.9129010479380356,round1_20260927
crop,all,M1_byte_prop_anchored,shared,full,crop:float32:1ch:v1,float32:1ch,v1,baseline,validation,50176.0,200704.0,0.11342592592592593,0.5633277267528077,0.32132581035668856,0.0043693318606459735,0.19885103202807244,-0.3644766947247353,-0.647006489145652,round1_20260927
crop,all,M1_byte_prop_anchored,shared,full,crop:float32:1ch:v2,float32:1ch,v2,baseline,validation,82944.0,331776.0,0.1875,0.600438821905603,0.34249422113585265,0.025307805692878972,0.3287129304953851,-0.27172589141021797,-0.45254550754704015,round1_20260927
crop,all,M1_byte_prop_anchored,shared,full,crop:float32:1ch:v3,float32:1ch,v3,baseline,validation,173056.0,692224.0,0.3912037037037037,0.6043594043391446,0.3447305469328975,0.031194495086642057,0.6858331512804948,0.08147374694135023,0.1348100920683781,round1_20260927
crop,all,M1_byte_prop_anchored,shared,full,crop:uint8:3ch:v0,uint8:3ch,v0,baseline,validation,37632.0,37632.0,0.021267361111111112,1.74175275877739,0.9935071363897734,0.01014986108406587,0.037284568505263585,-1.7044681902721264,-0.9785936503804161,round1_20260927
crop,all,M1_byte_prop_anchored,shared,full,crop:uint8:3ch:v1,uint8:3ch,v1,baseline,validation,150528.0,150528.0,0.08506944444444445,1.7710845451802015,1.0102381787075758,0.020532405241720838,0.14913827402105434,-1.6219462711591472,-0.9157926850940479,round1_20260927
crop,all,M1_byte_prop_anchored,shared,full,crop:uint8:3ch:v2,uint8:3ch,v2,baseline,validation,248832.0,248832.0,0.140625,1.8393144197762012,1.0491569442927027,0.017939233817294526,0.2465346978715388,-1.5927797219046624,-0.8659638095472899,round1_20260927
crop,all,M1_byte_prop_anchored,shared,full,crop:uint8:3ch:v3,uint8:3ch,v3,baseline,validation,519168.0,519168.0,0.2934027777777778,2.04330525904273,1.165514649798331,0.040297490026463975,0.5143748634603711,-1.528930395582359,-0.748263329140869,round1_20260927
crop,all,M1_byte_prop_anchored,shared,full,crop:uint8:1ch:v0,uint8:1ch,v0,baseline,validation,12544.0,12544.0,0.007089120370370371,0.6491960127217075,0.37030564085774254,0.016002700143506268,0.012428189501754528,-0.636767823219953,-0.9808560292142735,round1_20260927
crop,all,M1_byte_prop_anchored,shared,full,crop:uint8:1ch:v1,uint8:1ch,v1,baseline,validation,50176.0,50176.0,0.028356481481481483,0.6557016113462547,0.37401647675417143,0.018673417069151453,0.04971275800701811,-0.6059888533392366,-0.9241838709150794,round1_20260927
crop,all,M1_byte_prop_anchored,shared,full,crop:uint8:1ch:v2,uint8:1ch,v2,baseline,validation,82944.0,82944.0,0.046875,0.6664095803474387,0.3801243721287046,0.01385955203125734,0.08217823262384627,-0.5842313477235924,-0.8766850972025314,round1_20260927
crop,all,M1_byte_prop_anchored,shared,full,crop:uint8:1ch:v3,uint8:1ch,v3,baseline,validation,173056.0,173056.0,0.09780092592592593,0.684085824371626,0.3902070170357374,0.010697271499528295,0.1714582878201237,-0.5126275365515023,-0.7493614372471196,round1_20260927
crop,all,M1_byte_prop_anchored,shared,full,crop:uint8:1ch:xv0,uint8:1ch,xv0,extension,validation,331776.0,331776.0,0.1875,0.7119952173282703,0.4061267168524876,0.006694391307386477,0.3287129304953851,-0.38328228683288523,-0.5383214346174046,round2_20260927
crop,all,M1_byte_prop_anchored,shared,full,crop:uint8:1ch:xv1,uint8:1ch,xv1,extension,validation,589824.0,589824.0,0.3333333333333333,0.8148191488968829,0.4647781582182404,0.031972814817732655,0.5843785431029067,-0.23044060579397618,-0.2828119664418183,round2_20260927
crop,all,M1_byte_prop_anchored,shared,full,crop:uint8:1ch:xv2,uint8:1ch,xv2,extension,validation,802816.0,802816.0,0.4537037037037037,0.8496900593551496,0.48466875303321016,0.020183863702232137,0.7954041281122898,-0.05428593124285985,-0.06388909773059927,round2_20260927
crop,all,M1_byte_prop_anchored,shared,full,crop:uint8:1ch:xv3,uint8:1ch,xv3,extension,validation,972196.0,972196.0,0.5494271737557871,0.9669082937762141,0.5515307986510297,0.06429005276001525,0.9632203540216634,-0.0036879397545507286,-0.0038141567078173013,round2_20260927
crop,all,M1_byte_prop_anchored,shared,full,crop:float32:3ch:t0,float32:3ch,t0,baseline,train,27648.0,110592.0,0.0625,1.5664149944980938,0.8934933317827484,0.0037622157549926003,0.10957097683179502,-1.456844017666299,-0.9300498416979829,round1_20260927
crop,all,M1_byte_prop_anchored,shared,full,crop:float32:3ch:t1,float32:3ch,t1,baseline,train,49152.0,196608.0,0.1111111111111111,1.5674961575617392,0.8941100342475039,0.006419562873575843,0.1947928477009689,-1.3727033098607704,-0.8757299360759061,round1_20260927
crop,all,M1_byte_prop_anchored,shared,full,crop:float32:3ch:t2,float32:3ch,t2,baseline,train,76800.0,307200.0,0.1736111111111111,1.5853542818998296,0.9042964248721311,0.013772231908571683,0.30436382453276395,-1.2809904573670656,-0.8080152632079022,round1_20260927
crop,all,M1_byte_prop_anchored,shared,full,crop:float32:3ch:t3,float32:3ch,t3,baseline,train,110592.0,442368.0,0.25,1.592587736280014,0.9084224344399343,0.005169709773548009,0.4382839073271801,-1.154303828952834,-0.7247976376165441,round1_20260927
crop,all,M1_byte_prop_anchored,shared,full,crop:float32:3ch:t4,float32:3ch,t4,baseline,train,196608.0,786432.0,0.4444444444444444,1.6405843112928171,0.9357999939455435,0.005944575663893978,0.7791713908038757,-0.8614129204889415,-0.5250647068605263,round1_20260927
crop,all,M1_byte_prop_anchored,shared,full,crop:float32:3ch:t5,float32:3ch,t5,baseline,train,307200.0,1228800.0,0.6944444444444444,1.6897859323459368,0.9638649195739847,0.006987638824592055,1.2174552981310558,-0.472330634214881,-0.27952098853086227,round1_20260927
crop,all,M1_byte_prop_anchored,shared,full,crop:float32:3ch:t6,float32:3ch,t6,baseline+control,train,442368.0,1769472.0,1.0,1.7647263159354527,1.006611403266787,0.014182473372794293,1.7531356293087204,-0.01159068662673235,-0.006567979704313705,"round1_20260927,round2_20260927"
crop,all,M1_byte_prop_anchored,shared,full,crop:float32:3ch:t7,float32:3ch,t7,baseline,train,602112.0,2408448.0,1.3611111111111112,1.8230507158053417,1.0398800214471653,0.008876557310915389,2.3862123843368694,0.5631616685315277,0.30891168503929867,round1_20260927
crop,all,M1_byte_prop_anchored,shared,full,crop:float32:1ch:t0,float32:1ch,t0,baseline,train,9216.0,36864.0,0.020833333333333332,0.5785837164148688,0.3300279263863974,0.012238528714390653,0.03652365894393167,-0.5420600574709371,-0.9368740289300801,round1_20260927
crop,all,M1_byte_prop_anchored,shared,full,crop:float32:1ch:t1,float32:1ch,t1,baseline,train,16384.0,65536.0,0.037037037037037035,0.5717300654699405,0.3261185591758121,0.01011375049574464,0.0649309492336563,-0.5067991162362843,-0.8864307596272981,round1_20260927
crop,all,M1_byte_prop_anchored,shared,full,crop:float32:1ch:t2,float32:1ch,t2,baseline,train,25600.0,102400.0,0.05787037037037037,0.5701976781710982,0.32524447546362006,0.004427182268971041,0.10145460817758799,-0.46874306999351023,-0.822071165735009,round1_20260927
crop,all,M1_byte_prop_anchored,shared,full,crop:float32:1ch:t3,float32:1ch,t3,baseline,train,36864.0,147456.0,0.08333333333333333,0.5515510371575753,0.3146083097832297,0.00721971233134883,0.14609463577572668,-0.4054564013818486,-0.7351203679561059,round1_20260927
crop,all,M1_byte_prop_anchored,shared,full,crop:float32:1ch:t4,float32:1ch,t4,baseline,train,65536.0,262144.0,0.14814814814814814,0.5695432106343409,0.3248711629110622,0.0031876197877786427,0.2597237969346252,-0.30981941369971566,-0.5439787673961519,round1_20260927
crop,all,M1_byte_prop_anchored,shared,full,crop:float32:1ch:t5,float32:1ch,t5,baseline,train,102400.0,409600.0,0.23148148148148148,0.56861407821998,0.3243411797204706,0.014135168778122964,0.40581843271035195,-0.16279564550962805,-0.28630252353099006,round1_20260927
crop,all,M1_byte_prop_anchored,shared,full,crop:float32:1ch:t6,float32:1ch,t6,baseline,train,147456.0,589824.0,0.3333333333333333,0.5762292429183921,0.3286849193439787,0.009753250128134825,0.5843785431029067,0.008149300184514652,0.0141424620229987,round1_20260927
crop,all,M1_byte_prop_anchored,shared,full,crop:float32:1ch:t7,float32:1ch,t7,baseline,train,200704.0,802816.0,0.4537037037037037,0.5712173126327494,0.32582608161240006,0.0045495914257998515,0.7954041281122898,0.22418681547954034,0.39247202513218626,round1_20260927
crop,all,M1_byte_prop_anchored,shared,full,crop:uint8:3ch:t0,uint8:3ch,t0,baseline,train,27648.0,27648.0,0.015625,1.7404260369949043,0.9927503656298243,0.013394511211491707,0.027392744207948756,-1.7130332927869556,-0.9842608972598191,round1_20260927
crop,all,M1_byte_prop_anchored,shared,full,crop:uint8:3ch:t1,uint8:3ch,t1,baseline,train,49152.0,49152.0,0.027777777777777776,1.7391062566700082,0.9919975543225689,0.006685248895977168,0.04869821192524223,-1.690408044744766,-0.9719981388494984,round1_20260927
crop,all,M1_byte_prop_anchored,shared,full,crop:uint8:3ch:t2,uint8:3ch,t2,baseline,train,76800.0,76800.0,0.043402777777777776,1.7638549030137558,1.0061143436513593,0.002685958492455078,0.07609095613319099,-1.6877639468805647,-0.9568609889604974,round1_20260927
crop,all,M1_byte_prop_anchored,shared,full,crop:uint8:3ch:t3,uint8:3ch,t3,baseline,train,110592.0,110592.0,0.0625,1.7661560031895835,1.0074269062034849,0.01735001687548288,0.10957097683179502,-1.6565850263577886,-0.9379607596192434,round1_20260927
crop,all,M1_byte_prop_anchored,shared,full,crop:uint8:3ch:t4,uint8:3ch,t4,baseline,train,196608.0,196608.0,0.1111111111111111,1.8295853879923623,1.043607441093298,0.004697452895846064,0.1947928477009689,-1.6347925402913934,-0.8935316990508333,round1_20260927
crop,all,M1_byte_prop_anchored,shared,full,crop:uint8:3ch:t5,uint8:3ch,t5,baseline,train,307200.0,307200.0,0.1736111111111111,1.8901706114411354,1.0781656477921502,0.003689409193519574,0.30436382453276395,-1.5858067869083714,-0.838975475181732,round1_20260927
crop,all,M1_byte_prop_anchored,shared,full,crop:uint8:3ch:t6,uint8:3ch,t6,baseline,train,442368.0,442368.0,0.25,1.9923039052324991,1.1364231448642028,0.009104705023104169,0.4382839073271801,-1.554019997905319,-0.7800115202424236,round1_20260927
crop,all,M1_byte_prop_anchored,shared,full,crop:uint8:3ch:t7,uint8:3ch,t7,baseline,train,602112.0,602112.0,0.3402777777777778,2.076412501434485,1.184399236842409,0.04006167232980735,0.5965530960842174,-1.4798594053502676,-0.7127001038222944,round1_20260927
crop,all,M1_byte_prop_anchored,shared,full,crop:uint8:1ch:t0,uint8:1ch,t0,baseline,train,9216.0,9216.0,0.005208333333333333,0.6542897216665248,0.3732111256700191,0.003361945988592416,0.009130914735982917,-0.6451588069305418,-0.9860445389349449,round1_20260927
crop,all,M1_byte_prop_anchored,shared,full,crop:uint8:1ch:t1,uint8:1ch,t1,baseline,train,16384.0,16384.0,0.009259259259259259,0.6373593606986105,0.3635539373242491,0.006402691068913746,0.016232737308414076,-0.6211266233901964,-0.9745312639785797,round1_20260927
crop,all,M1_byte_prop_anchored,shared,full,crop:uint8:1ch:t2,uint8:1ch,t2,baseline,train,25600.0,25600.0,0.014467592592592593,0.6523193644049267,0.3720872210338586,0.015200968703644917,0.025363652044396997,-0.6269557123605297,-0.9611177385979722,round1_20260927
crop,all,M1_byte_prop_anchored,shared,full,crop:uint8:1ch:t3,uint8:1ch,t3,baseline,train,36864.0,36864.0,0.020833333333333332,0.651539055009683,0.3716421274642577,0.015572177762365426,0.03652365894393167,-0.6150153960657514,-0.9439424871569843,round1_20260927
crop,all,M1_byte_prop_anchored,shared,full,crop:uint8:1ch:t4,uint8:1ch,t4,baseline,train,65536.0,65536.0,0.037037037037037035,0.6567829544655979,0.3746332819238716,0.01662355398703421,0.0649309492336563,-0.5918520052319416,-0.9011378891730094,round1_20260927
crop,all,M1_byte_prop_anchored,shared,full,crop:uint8:1ch:t5,uint8:1ch,t5,baseline,train,102400.0,102400.0,0.05787037037037037,0.6602131412364542,0.3765898828356955,0.015645069463610384,0.10145460817758799,-0.5587585330588662,-0.8463305229163074,round1_20260927
crop,all,M1_byte_prop_anchored,shared,full,crop:uint8:1ch:t6,uint8:1ch,t6,baseline,train,147456.0,147456.0,0.08333333333333333,0.6757588102482259,0.3854572338562788,0.006721314391668743,0.14609463577572668,-0.5296641744724992,-0.783806539315319,round1_20260927
crop,all,M1_byte_prop_anchored,shared,full,crop:uint8:1ch:t7,uint8:1ch,t7,baseline+control,train,200704.0,200704.0,0.11342592592592593,0.6909588902878264,0.39412745867259497,0.009539790068425244,0.19885103202807244,-0.492107858259754,-0.712210039087508,"round1_20260927,round2_20260927"
crop,all,M1_byte_prop_anchored,shared,full,crop:uint8:1ch:xt0,uint8:1ch,xt0,extension,train,200704.0,200704.0,0.11342592592592593,0.7113640444974104,0.4057666917521428,0.0235513864975227,0.19885103202807244,-0.512513012469338,-0.7204651632785802,round2_20260927
crop,all,M1_byte_prop_anchored,shared,full,crop:uint8:1ch:xt1,uint8:1ch,xt1,extension,train,451584.0,451584.0,0.2552083333333333,0.7736371938760082,0.44128770241299664,0.014298812975672733,0.44741482206316296,-0.3262223718128452,-0.42167358859575366,round2_20260927
crop,all,M1_byte_prop_anchored,shared,full,crop:uint8:1ch:xt2,uint8:1ch,xt2,extension,train,692224.0,692224.0,0.3912037037037037,0.8348308278558155,0.47619295044787724,0.025888278049741347,0.6858331512804948,-0.1489976765753207,-0.1784764908095299,round2_20260927
crop,all,M1_byte_prop_anchored,shared,full,crop:uint8:1ch:xt3,uint8:1ch,xt3,extension,train,921600.0,921600.0,0.5208333333333334,0.8647638590385517,0.4932669467105275,0.030836564038458327,0.9130914735982919,0.04832761455974022,0.05588533106999993,round2_20260927
crop,all,M2_byte_affine,shared,full,crop:float32:3ch:v0,float32:3ch,v0,baseline,validation,37632.0,150528.0,0.08506944444444445,1.5388586550640564,0.8777750159985308,0.03375883661806343,1.0502421329176463,-0.48861652214641005,-0.3175187796088205,round1_20260927
crop,all,M2_byte_affine,shared,full,crop:float32:3ch:v1,float32:3ch,v1,baseline,validation,150528.0,602112.0,0.3402777777777778,1.60537365047882,0.9157156033112143,0.0022043744562438624,1.214120728110016,-0.39125292236880416,-0.2437145534636804,round1_20260927
crop,all,M2_byte_affine,shared,full,crop:float32:3ch:v2,float32:3ch,v2,baseline,validation,248832.0,995328.0,0.5625,1.6670476148525875,0.9508948349363715,0.010829106996373369,1.3568177361686777,-0.3102298786839097,-0.18609539158924535,round1_20260927
crop,all,M2_byte_affine,shared,full,crop:float32:3ch:v3,float32:3ch,v3,baseline,validation,519168.0,2076672.0,1.1736111111111112,1.7830278639060755,1.0170507256242016,0.0024838722168261016,1.7492345083299978,-0.033793355576077655,-0.01895279163055064,round1_20260927
crop,all,M2_byte_affine,shared,full,crop:float32:1ch:v0,float32:1ch,v0,baseline,validation,12544.0,50176.0,0.028356481481481483,0.5707618384622037,0.325566276174115,0.004631846766641471,1.013824667319342,0.4430628288571383,0.7762656838636528,round1_20260927
crop,all,M2_byte_affine,shared,full,crop:float32:1ch:v1,float32:1ch,v1,baseline,validation,50176.0,200704.0,0.11342592592592593,0.5633277267528077,0.32132581035668856,0.0043693318606459735,1.0684508657167986,0.5051231389639909,0.8966772182077282,round1_20260927
crop,all,M2_byte_affine,shared,full,crop:float32:1ch:v2,float32:1ch,v2,baseline,validation,82944.0,331776.0,0.1875,0.600438821905603,0.34249422113585265,0.025307805692878972,1.1160165350696858,0.5155777131640827,0.8586681845917324,round1_20260927
crop,all,M2_byte_affine,shared,full,crop:float32:1ch:v3,float32:1ch,v3,baseline,validation,173056.0,692224.0,0.3912037037037037,0.6043594043391446,0.3447305469328975,0.031194495086642057,1.246822125790126,0.6424627214509814,1.0630474463345234,round1_20260927
crop,all,M2_byte_affine,shared,full,crop:uint8:3ch:v0,uint8:3ch,v0,baseline,validation,37632.0,37632.0,0.021267361111111112,1.74175275877739,0.9935071363897734,0.01014986108406587,1.009272484119554,-0.732480274657836,-0.42054204936181355,round1_20260927
crop,all,M2_byte_affine,shared,full,crop:uint8:3ch:v1,uint8:3ch,v1,baseline,validation,150528.0,150528.0,0.08506944444444445,1.7710845451802015,1.0102381787075758,0.020532405241720838,1.0502421329176463,-0.7208424122625552,-0.4070062122241669,round1_20260927
crop,all,M2_byte_affine,shared,full,crop:uint8:3ch:v2,uint8:3ch,v2,baseline,validation,248832.0,248832.0,0.140625,1.8393144197762012,1.0491569442927027,0.017939233817294526,1.085916384932312,-0.7533980348438893,-0.409608072846816,round1_20260927
crop,all,M2_byte_affine,shared,full,crop:uint8:3ch:v3,uint8:3ch,v3,baseline,validation,519168.0,519168.0,0.2934027777777778,2.04330525904273,1.165514649798331,0.040297490026463975,1.1840205779726418,-0.8592846810700883,-0.42053661696767486,round1_20260927
crop,all,M2_byte_affine,shared,full,crop:uint8:1ch:v0,uint8:1ch,v0,baseline,validation,12544.0,12544.0,0.007089120370370371,0.6491960127217075,0.37030564085774254,0.016002700143506268,1.000168117719978,0.3509721049982705,0.5406257865430276,round1_20260927
crop,all,M2_byte_affine,shared,full,crop:uint8:1ch:v1,uint8:1ch,v1,baseline,validation,50176.0,50176.0,0.028356481481481483,0.6557016113462547,0.37401647675417143,0.018673417069151453,1.013824667319342,0.35812305597308736,0.5461677229034202,round1_20260927
crop,all,M2_byte_affine,shared,full,crop:uint8:1ch:v2,uint8:1ch,v2,baseline,validation,82944.0,82944.0,0.046875,0.6664095803474387,0.3801243721287046,0.01385955203125734,1.025716084657564,0.35930650431012523,0.5391676754148665,round1_20260927
crop,all,M2_byte_affine,shared,full,crop:uint8:1ch:v3,uint8:1ch,v3,baseline,validation,173056.0,173056.0,0.09780092592592593,0.684085824371626,0.3902070170357374,0.010697271499528295,1.058417482337674,0.37433165796604795,0.5471998463202977,round1_20260927
crop,all,M2_byte_affine,shared,full,crop:uint8:1ch:xv0,uint8:1ch,xv0,extension,validation,331776.0,331776.0,0.1875,0.7119952173282703,0.4061267168524876,0.006694391307386477,1.1160165350696858,0.4040213177414155,0.5674494826769864,round2_20260927
crop,all,M2_byte_affine,shared,full,crop:uint8:1ch:xv1,uint8:1ch,xv1,extension,validation,589824.0,589824.0,0.3333333333333333,0.8148191488968829,0.4647781582182404,0.031972814817732655,1.2096614466081828,0.39484229771129986,0.48457660604300307,round2_20260927
crop,all,M2_byte_affine,shared,full,crop:uint8:1ch:xv2,uint8:1ch,xv2,extension,validation,802816.0,802816.0,0.4537037037037037,0.8496900593551496,0.48466875303321016,0.020183863702232137,1.2869556593066245,0.43726559995147485,0.5146177657807676,round2_20260927
crop,all,M2_byte_affine,shared,full,crop:uint8:1ch:xv3,uint8:1ch,xv3,extension,validation,972196.0,972196.0,0.5494271737557871,0.9669082937762141,0.5515307986510297,0.06429005276001525,1.348423196805038,0.38151490302882385,0.39457196249588017,round2_20260927
crop,all,M2_byte_affine,shared,full,crop:float32:3ch:t0,float32:3ch,t0,baseline,train,27648.0,110592.0,0.0625,1.5664149944980938,0.8934933317827484,0.0037622157549926003,1.0357494680366885,-0.5306655264614053,-0.33877709823088076,round1_20260927
crop,all,M2_byte_affine,shared,full,crop:float32:3ch:t1,float32:3ch,t1,baseline,train,49152.0,196608.0,0.1111111111111111,1.5674961575617392,0.8941100342475039,0.006419562873575843,1.066964438549521,-0.5005317190122183,-0.3193192637810366,round1_20260927
crop,all,M2_byte_affine,shared,full,crop:float32:3ch:t2,float32:3ch,t2,baseline,train,76800.0,307200.0,0.1736111111111111,1.5853542818998296,0.9042964248721311,0.013772231908571683,1.1070979720660195,-0.4782563098338102,-0.3016715665981522,round1_20260927
crop,all,M2_byte_affine,shared,full,crop:float32:3ch:t3,float32:3ch,t3,baseline,train,110592.0,442368.0,0.25,1.592587736280014,0.9084224344399343,0.005169709773548009,1.1561500685861845,-0.4364376676938295,-0.274043092101956,round1_20260927
crop,all,M2_byte_affine,shared,full,crop:float32:3ch:t4,float32:3ch,t4,baseline,train,196608.0,786432.0,0.4444444444444444,1.6405843112928171,0.9357999939455435,0.005944575663893978,1.2810099506375137,-0.35957436065530346,-0.21917456980431005,round1_20260927
crop,all,M2_byte_affine,shared,full,crop:float32:3ch:t5,float32:3ch,t5,baseline,train,307200.0,1228800.0,0.6944444444444444,1.6897859323459368,0.9638649195739847,0.006987638824592055,1.4415440847035081,-0.24824184764242863,-0.1469072755847798,round1_20260927
crop,all,M2_byte_affine,shared,full,crop:float32:3ch:t6,float32:3ch,t6,baseline+control,train,442368.0,1769472.0,1.0,1.7647263159354527,1.006611403266787,0.014182473372794293,1.6377524707841684,-0.1269738451512843,-0.07195101246278947,"round1_20260927,round2_20260927"
crop,all,M2_byte_affine,shared,full,crop:float32:3ch:t7,float32:3ch,t7,baseline,train,602112.0,2408448.0,1.3611111111111112,1.8230507158053417,1.0398800214471653,0.008876557310915389,1.8696351088794938,0.046584393074152075,0.025552988005368347,round1_20260927
crop,all,M2_byte_affine,shared,full,crop:float32:1ch:t0,float32:1ch,t0,baseline,train,9216.0,36864.0,0.020833333333333332,0.5785837164148688,0.3300279263863974,0.012238528714390653,1.0089937790256895,0.4304100626108207,0.743902827542071,round1_20260927
crop,all,M2_byte_affine,shared,full,crop:float32:1ch:t1,float32:1ch,t1,baseline,train,16384.0,65536.0,0.037037037037037035,0.5717300654699405,0.3261185591758121,0.01011375049574464,1.0193987691966335,0.447668703726693,0.7830071055625284,round1_20260927
crop,all,M2_byte_affine,shared,full,crop:float32:1ch:t2,float32:1ch,t2,baseline,train,25600.0,102400.0,0.05787037037037037,0.5701976781710982,0.32524447546362006,0.004427182268971041,1.032776613702133,0.4625789355310348,0.8112606438783666,round1_20260927
crop,all,M2_byte_affine,shared,full,crop:float32:1ch:t3,float32:1ch,t3,baseline,train,36864.0,147456.0,0.08333333333333333,0.5515510371575753,0.3146083097832297,0.00721971233134883,1.049127312542188,0.4975762753846128,0.902140041198867,round1_20260927
crop,all,M2_byte_affine,shared,full,crop:float32:1ch:t4,float32:1ch,t4,baseline,train,65536.0,262144.0,0.14814814814814814,0.5695432106343409,0.3248711629110622,0.0031876197877786427,1.0907472732259644,0.5212040625916236,0.9151264607493458,round1_20260927
crop,all,M2_byte_affine,shared,full,crop:float32:1ch:t5,float32:1ch,t5,baseline,train,102400.0,409600.0,0.23148148148148148,0.56861407821998,0.3243411797204706,0.014135168778122964,1.1442586512479627,0.5756445730279827,1.0123642644058537,round1_20260927
crop,all,M2_byte_affine,shared,full,crop:float32:1ch:t6,float32:1ch,t6,baseline,train,147456.0,589824.0,0.3333333333333333,0.5762292429183921,0.3286849193439787,0.009753250128134825,1.2096614466081828,0.6334322036897907,1.0992711867271545,round1_20260927
crop,all,M2_byte_affine,shared,full,crop:float32:1ch:t7,float32:1ch,t7,baseline,train,200704.0,802816.0,0.4537037037037037,0.5712173126327494,0.32582608161240006,0.0045495914257998515,1.2869556593066245,0.715738346673875,1.2530053463803923,round1_20260927
crop,all,M2_byte_affine,shared,full,crop:uint8:3ch:t0,uint8:3ch,t0,baseline,train,27648.0,27648.0,0.015625,1.7404260369949043,0.9927503656298243,0.013394511211491707,1.0056493178993147,-0.7347767190955896,-0.42218209994392364,round1_20260927
crop,all,M2_byte_affine,shared,full,crop:uint8:3ch:t1,uint8:3ch,t1,baseline,train,49152.0,49152.0,0.027777777777777776,1.7391062566700082,0.9919975543225689,0.006685248895977168,1.0134530605275227,-0.7256531961424855,-0.41725638865329934,round1_20260927
crop,all,M2_byte_affine,shared,full,crop:uint8:3ch:t2,uint8:3ch,t2,baseline,train,76800.0,76800.0,0.043402777777777776,1.7638549030137558,1.0061143436513593,0.002685958492455078,1.0234864439066473,-0.7403684591071085,-0.41974453672016954,round1_20260927
crop,all,M2_byte_affine,shared,full,crop:uint8:3ch:t3,uint8:3ch,t3,baseline,train,110592.0,110592.0,0.0625,1.7661560031895835,1.0074269062034849,0.01735001687548288,1.0357494680366885,-0.730406535152895,-0.4135572021009581,round1_20260927
crop,all,M2_byte_affine,shared,full,crop:uint8:3ch:t4,uint8:3ch,t4,baseline,train,196608.0,196608.0,0.1111111111111111,1.8295853879923623,1.043607441093298,0.004697452895846064,1.066964438549521,-0.7626209494428413,-0.41682719726991224,round1_20260927
crop,all,M2_byte_affine,shared,full,crop:uint8:3ch:t5,uint8:3ch,t5,baseline,train,307200.0,307200.0,0.1736111111111111,1.8901706114411354,1.0781656477921502,0.003689409193519574,1.1070979720660195,-0.783072639375116,-0.41428674990247183,round1_20260927
crop,all,M2_byte_affine,shared,full,crop:uint8:3ch:t6,uint8:3ch,t6,baseline,train,442368.0,442368.0,0.25,1.9923039052324991,1.1364231448642028,0.009104705023104169,1.1561500685861845,-0.8361538366463146,-0.41969191268976436,round1_20260927
crop,all,M2_byte_affine,shared,full,crop:uint8:3ch:t7,uint8:3ch,t7,baseline,train,602112.0,602112.0,0.3402777777777778,2.076412501434485,1.184399236842409,0.04006167232980735,1.214120728110016,-0.862291773324469,-0.41527960977347067,round1_20260927
crop,all,M2_byte_affine,shared,full,crop:uint8:1ch:t0,uint8:1ch,t0,baseline,train,9216.0,9216.0,0.005208333333333333,0.6542897216665248,0.3732111256700191,0.003361945988592416,0.9989603956465648,0.34467067398004003,0.5267860132391169,round1_20260927
crop,all,M2_byte_affine,shared,full,crop:uint8:1ch:t1,uint8:1ch,t1,baseline,train,16384.0,16384.0,0.009259259259259259,0.6373593606986105,0.3635539373242491,0.006402691068913746,1.0015616431893009,0.3642022824906903,0.5714237602025452,round1_20260927
crop,all,M2_byte_affine,shared,full,crop:uint8:1ch:t2,uint8:1ch,t2,baseline,train,25600.0,25600.0,0.014467592592592593,0.6523193644049267,0.3720872210338586,0.015200968703644917,1.0049061043156757,0.35258673991074907,0.5405124531791167,round1_20260927
crop,all,M2_byte_affine,shared,full,crop:uint8:1ch:t3,uint8:1ch,t3,baseline,train,36864.0,36864.0,0.020833333333333332,0.651539055009683,0.3716421274642577,0.015572177762365426,1.0089937790256895,0.35745472401600653,0.5486313080812848,round1_20260927
crop,all,M2_byte_affine,shared,full,crop:uint8:1ch:t4,uint8:1ch,t4,baseline,train,65536.0,65536.0,0.037037037037037035,0.6567829544655979,0.3746332819238716,0.01662355398703421,1.0193987691966335,0.36261581473103566,0.5521090525652936,round1_20260927
crop,all,M2_byte_affine,shared,full,crop:uint8:1ch:t5,uint8:1ch,t5,baseline,train,102400.0,102400.0,0.05787037037037037,0.6602131412364542,0.3765898828356955,0.015645069463610384,1.032776613702133,0.3725634724656788,0.5643078714972833,round1_20260927
crop,all,M2_byte_affine,shared,full,crop:uint8:1ch:t6,uint8:1ch,t6,baseline,train,147456.0,147456.0,0.08333333333333333,0.6757588102482259,0.3854572338562788,0.006721314391668743,1.049127312542188,0.3733685022939621,0.552517402113948,round1_20260927
crop,all,M2_byte_affine,shared,full,crop:uint8:1ch:t7,uint8:1ch,t7,baseline+control,train,200704.0,200704.0,0.11342592592592593,0.6909588902878264,0.39412745867259497,0.009539790068425244,1.0684508657167986,0.37749197542897217,0.5463305859943763,"round1_20260927,round2_20260927"
crop,all,M2_byte_affine,shared,full,crop:uint8:1ch:xt0,uint8:1ch,xt0,extension,train,200704.0,200704.0,0.11342592592592593,0.7113640444974104,0.4057666917521428,0.0235513864975227,1.0684508657167986,0.3570868212193882,0.5019747961420731,round2_20260927
crop,all,M2_byte_affine,shared,full,crop:uint8:1ch:xt1,uint8:1ch,xt1,extension,train,451584.0,451584.0,0.2552083333333333,0.7736371938760082,0.44128770241299664,0.014298812975672733,1.1594945297125594,0.38585733583655124,0.4987574781705662,round2_20260927
crop,all,M2_byte_affine,shared,full,crop:uint8:1ch:xt2,uint8:1ch,xt2,extension,train,692224.0,692224.0,0.3912037037037037,0.8348308278558155,0.47619295044787724,0.025888278049741347,1.246822125790126,0.41199129793431044,0.49350273634775965,round2_20260927
crop,all,M2_byte_affine,shared,full,crop:uint8:1ch:xt3,uint8:1ch,xt3,extension,train,921600.0,921600.0,0.5208333333333334,0.8647638590385517,0.4932669467105275,0.030836564038458327,1.3300620471576787,0.46529818811912704,0.5380638694087513,round2_20260927
crop,all,M3_element_prop,shared,full,crop:float32:3ch:v0,float32:3ch,v0,baseline,validation,37632.0,150528.0,0.08506944444444445,1.5388586550640564,0.8777750159985308,0.03375883661806343,0.11079611054591117,-1.4280625445181452,-0.9280011129148835,round1_20260927
crop,all,M3_element_prop,shared,full,crop:float32:3ch:v1,float32:3ch,v1,baseline,validation,150528.0,602112.0,0.3402777777777778,1.60537365047882,0.9157156033112143,0.0022043744562438624,0.44318444218364467,-1.1621892082951755,-0.7239368902987413,round1_20260927
crop,all,M3_element_prop,shared,full,crop:float32:3ch:v2,float32:3ch,v2,baseline,validation,248832.0,995328.0,0.5625,1.6670476148525875,0.9508948349363715,0.010829106996373369,0.7326110166709229,-0.9344365981816646,-0.5605338382996903,round1_20260927
crop,all,M3_element_prop,shared,full,crop:float32:3ch:v3,float32:3ch,v3,baseline,validation,519168.0,2076672.0,1.1736111111111112,1.7830278639060755,1.0170507256242016,0.0024838722168261016,1.5285340965109377,-0.25449376739513774,-0.14273123406923027,round1_20260927
crop,all,M3_element_prop,shared,full,crop:float32:1ch:v0,float32:1ch,v0,baseline,validation,12544.0,50176.0,0.028356481481481483,0.5707618384622037,0.325566276174115,0.004631846766641471,0.03693203684863706,-0.5338298016135666,-0.9352934370171934,round1_20260927
crop,all,M3_element_prop,shared,full,crop:float32:1ch:v1,float32:1ch,v1,baseline,validation,50176.0,200704.0,0.11342592592592593,0.5633277267528077,0.32132581035668856,0.0043693318606459735,0.14772814739454823,-0.41559957935825953,-0.7377580751331057,round1_20260927
crop,all,M3_element_prop,shared,full,crop:float32:1ch:v2,float32:1ch,v2,baseline,validation,82944.0,331776.0,0.1875,0.600438821905603,0.34249422113585265,0.025307805692878972,0.24420367222364095,-0.3562351496819621,-0.5932913340802721,round1_20260927
crop,all,M3_element_prop,shared,full,crop:float32:1ch:v3,float32:1ch,v3,baseline,validation,173056.0,692224.0,0.3912037037037037,0.6043594043391446,0.3447305469328975,0.031194495086642057,0.509511365503646,-0.09484803883549864,-0.15693979137995404,round1_20260927
crop,all,M3_element_prop,shared,full,crop:uint8:3ch:v0,uint8:3ch,v0,baseline,validation,37632.0,37632.0,0.021267361111111112,1.74175275877739,0.9935071363897734,0.01014986108406587,0.11079611054591117,-1.6309566482314788,-0.9363881526883967,round1_20260927
crop,all,M3_element_prop,shared,full,crop:uint8:3ch:v1,uint8:3ch,v1,baseline,validation,150528.0,150528.0,0.08506944444444445,1.7710845451802015,1.0102381787075758,0.020532405241720838,0.44318444218364467,-1.327900102996557,-0.7497666368385862,round1_20260927
crop,all,M3_element_prop,shared,full,crop:uint8:3ch:v2,uint8:3ch,v2,baseline,validation,248832.0,248832.0,0.140625,1.8393144197762012,1.0491569442927027,0.017939233817294526,0.7326110166709229,-1.1067034031052785,-0.6016934305554658,round1_20260927
crop,all,M3_element_prop,shared,full,crop:uint8:3ch:v3,uint8:3ch,v3,baseline,validation,519168.0,519168.0,0.2934027777777778,2.04330525904273,1.165514649798331,0.040297490026463975,1.5285340965109377,-0.5147711625317923,-0.25193062086717183,round1_20260927
crop,all,M3_element_prop,shared,full,crop:uint8:1ch:v0,uint8:1ch,v0,baseline,validation,12544.0,12544.0,0.007089120370370371,0.6491960127217075,0.37030564085774254,0.016002700143506268,0.03693203684863706,-0.6122639758730704,-0.9431111157109512,round1_20260927
crop,all,M3_element_prop,shared,full,crop:uint8:1ch:v1,uint8:1ch,v1,baseline,validation,50176.0,50176.0,0.028356481481481483,0.6557016113462547,0.37401647675417143,0.018673417069151453,0.14772814739454823,-0.5079734639517065,-0.7747021742233636,round1_20260927
crop,all,M3_element_prop,shared,full,crop:uint8:1ch:v2,uint8:1ch,v2,baseline,validation,82944.0,82944.0,0.046875,0.6664095803474387,0.3801243721287046,0.01385955203125734,0.24420367222364095,-0.42220590812379777,-0.6335531789679207,round1_20260927
crop,all,M3_element_prop,shared,full,crop:uint8:1ch:v3,uint8:1ch,v3,baseline,validation,173056.0,173056.0,0.09780092592592593,0.684085824371626,0.3902070170357374,0.010697271499528295,0.509511365503646,-0.17457445886798006,-0.2551937968139264,round1_20260927
crop,all,M3_element_prop,shared,full,crop:uint8:1ch:xv0,uint8:1ch,xv0,extension,validation,331776.0,331776.0,0.1875,0.7119952173282703,0.4061267168524876,0.006694391307386477,0.9768146888945638,0.2648194715662935,0.37193995847333994,round2_20260927
crop,all,M3_element_prop,shared,full,crop:uint8:1ch:xv1,uint8:1ch,xv1,extension,validation,589824.0,589824.0,0.3333333333333333,0.8148191488968829,0.4647781582182404,0.031972814817732655,1.736559446923669,0.921740298026786,1.1312207123196047,round2_20260927
crop,all,M3_element_prop,shared,full,crop:uint8:1ch:xv2,uint8:1ch,xv2,extension,validation,802816.0,802816.0,0.4537037037037037,0.8496900593551496,0.48466875303321016,0.020183863702232137,2.3636503583127717,1.5139602989576222,1.7817794645103926,round2_20260927
crop,all,M3_element_prop,shared,full,crop:uint8:1ch:xv3,uint8:1ch,xv3,extension,validation,972196.0,972196.0,0.5494271737557871,0.9669082937762141,0.5515307986510297,0.06429005276001525,2.8623388469465523,1.8954305531703382,1.960300232577202,round2_20260927
crop,all,M3_element_prop,shared,full,crop:float32:3ch:t0,float32:3ch,t0,baseline,train,27648.0,110592.0,0.0625,1.5664149944980938,0.8934933317827484,0.0037622157549926003,0.08140122407454697,-1.4850137704235469,-0.9480334238624744,round1_20260927
crop,all,M3_element_prop,shared,full,crop:float32:3ch:t1,float32:3ch,t1,baseline,train,49152.0,196608.0,0.1111111111111111,1.5674961575617392,0.8941100342475039,0.006419562873575843,0.14471328724363908,-1.4227828703181,-0.9076786972998119,round1_20260927
crop,all,M3_element_prop,shared,full,crop:float32:3ch:t2,float32:3ch,t2,baseline,train,76800.0,307200.0,0.1736111111111111,1.5853542818998296,0.9042964248721311,0.013772231908571683,0.22611451131818605,-1.3592397705816435,-0.8573728825791426,round1_20260927
crop,all,M3_element_prop,shared,full,crop:float32:3ch:t3,float32:3ch,t3,baseline,train,110592.0,442368.0,0.25,1.592587736280014,0.9084224344399343,0.005169709773548009,0.3256048962981879,-1.2669828399818261,-0.7955497905197112,round1_20260927
crop,all,M3_element_prop,shared,full,crop:float32:3ch:t4,float32:3ch,t4,baseline,train,196608.0,786432.0,0.4444444444444444,1.6405843112928171,0.9357999939455435,0.005944575663893978,0.5788531489745563,-1.0617311623182608,-0.6471664729510871,round1_20260927
crop,all,M3_element_prop,shared,full,crop:float32:3ch:t5,float32:3ch,t5,baseline,train,307200.0,1228800.0,0.6944444444444444,1.6897859323459368,0.9638649195739847,0.006987638824592055,0.9044580452727442,-0.7853278870731926,-0.4647499260352574,round1_20260927
crop,all,M3_element_prop,shared,full,crop:float32:3ch:t6,float32:3ch,t6,baseline+control,train,442368.0,1769472.0,1.0,1.7647263159354527,1.006611403266787,0.014182473372794293,1.3024195851927516,-0.4623067307427011,-0.26197078071997804,"round1_20260927,round2_20260927"
crop,all,M3_element_prop,shared,full,crop:float32:3ch:t7,float32:3ch,t7,baseline,train,602112.0,2408448.0,1.3611111111111112,1.8230507158053417,1.0398800214471653,0.008876557310915389,1.7727377687345787,-0.05031294707076306,-0.027598215800890138,round1_20260927
crop,all,M3_element_prop,shared,full,crop:float32:1ch:t0,float32:1ch,t0,baseline,train,9216.0,36864.0,0.020833333333333332,0.5785837164148688,0.3300279263863974,0.012238528714390653,0.027133741358182327,-0.5514499750566865,-0.9531031714367738,round1_20260927
crop,all,M3_element_prop,shared,full,crop:float32:1ch:t1,float32:1ch,t1,baseline,train,16384.0,65536.0,0.037037037037037035,0.5717300654699405,0.3261185591758121,0.01011375049574464,0.04823776241454636,-0.5234923030553942,-0.9156284314436102,round1_20260927
crop,all,M3_element_prop,shared,full,crop:float32:1ch:t2,float32:1ch,t2,baseline,train,25600.0,102400.0,0.05787037037037037,0.5701976781710982,0.32524447546362006,0.004427182268971041,0.07537150377272869,-0.4948261743983695,-0.8678151338418602,round1_20260927
crop,all,M3_element_prop,shared,full,crop:float32:1ch:t3,float32:1ch,t3,baseline,train,36864.0,147456.0,0.08333333333333333,0.5515510371575753,0.3146083097832297,0.00721971233134883,0.10853496543272931,-0.4430160717248459,-0.8032186359542255,round1_20260927
crop,all,M3_element_prop,shared,full,crop:float32:1ch:t4,float32:1ch,t4,baseline,train,65536.0,262144.0,0.14814814814814814,0.5695432106343409,0.3248711629110622,0.0031876197877786427,0.19295104965818544,-0.37659216097615544,-0.6612178917148672,round1_20260927
crop,all,M3_element_prop,shared,full,crop:float32:1ch:t5,float32:1ch,t5,baseline,train,102400.0,409600.0,0.23148148148148148,0.56861407821998,0.3243411797204706,0.014135168778122964,0.30148601509091477,-0.26712806312906523,-0.46978798689842016,round1_20260927
crop,all,M3_element_prop,shared,full,crop:float32:1ch:t6,float32:1ch,t6,baseline,train,147456.0,589824.0,0.3333333333333333,0.5762292429183921,0.3286849193439787,0.009753250128134825,0.43413986173091723,-0.14208938118747483,-0.24658481486958847,round1_20260927
crop,all,M3_element_prop,shared,full,crop:float32:1ch:t7,float32:1ch,t7,baseline,train,200704.0,802816.0,0.4537037037037037,0.5712173126327494,0.32582608161240006,0.0045495914257998515,0.5909125895781929,0.019695276945443485,0.03447948181869287,round1_20260927
crop,all,M3_element_prop,shared,full,crop:uint8:3ch:t0,uint8:3ch,t0,baseline,train,27648.0,27648.0,0.015625,1.7404260369949043,0.9927503656298243,0.013394511211491707,0.08140122407454697,-1.6590248129203573,-0.9532291391048724,round1_20260927
crop,all,M3_element_prop,shared,full,crop:uint8:3ch:t1,uint8:3ch,t1,baseline,train,49152.0,49152.0,0.027777777777777776,1.7391062566700082,0.9919975543225689,0.006685248895977168,0.14471328724363908,-1.594392969426369,-0.916788702996945,round1_20260927
crop,all,M3_element_prop,shared,full,crop:uint8:3ch:t2,uint8:3ch,t2,baseline,train,76800.0,76800.0,0.043402777777777776,1.7638549030137558,1.0061143436513593,0.002685958492455078,0.22611451131818605,-1.5377403916955696,-0.8718066259691528,round1_20260927
crop,all,M3_element_prop,shared,full,crop:uint8:3ch:t3,uint8:3ch,t3,baseline,train,110592.0,110592.0,0.0625,1.7661560031895835,1.0074269062034849,0.01735001687548288,0.3256048962981879,-1.4405511068913956,-0.8156420521685724,round1_20260927
crop,all,M3_element_prop,shared,full,crop:uint8:3ch:t4,uint8:3ch,t4,baseline,train,196608.0,196608.0,0.1111111111111111,1.8295853879923623,1.043607441093298,0.004697452895846064,0.5788531489745563,-1.250732239017806,-0.6836151224350657,round1_20260927
crop,all,M3_element_prop,shared,full,crop:uint8:3ch:t5,uint8:3ch,t5,baseline,train,307200.0,307200.0,0.1736111111111111,1.8901706114411354,1.0781656477921502,0.003689409193519574,0.9044580452727442,-0.9857125661683912,-0.5214939647256751,round1_20260927
crop,all,M3_element_prop,shared,full,crop:uint8:3ch:t6,uint8:3ch,t6,baseline,train,442368.0,442368.0,0.25,1.9923039052324991,1.1364231448642028,0.009104705023104169,1.3024195851927516,-0.6898843200397475,-0.3462746412471841,round1_20260927
crop,all,M3_element_prop,shared,full,crop:uint8:3ch:t7,uint8:3ch,t7,baseline,train,602112.0,602112.0,0.3402777777777778,2.076412501434485,1.184399236842409,0.04006167232980735,1.7727377687345787,-0.3036747326999063,-0.14624971314231314,round1_20260927
crop,all,M3_element_prop,shared,full,crop:uint8:1ch:t0,uint8:1ch,t0,baseline,train,9216.0,9216.0,0.005208333333333333,0.6542897216665248,0.3732111256700191,0.003361945988592416,0.027133741358182327,-0.6271559803083424,-0.9585294702642269,round1_20260927
crop,all,M3_element_prop,shared,full,crop:uint8:1ch:t1,uint8:1ch,t1,baseline,train,16384.0,16384.0,0.009259259259259259,0.6373593606986105,0.3635539373242491,0.006402691068913746,0.04823776241454636,-0.5891215982840642,-0.9243162250544609,round1_20260927
crop,all,M3_element_prop,shared,full,crop:uint8:1ch:t2,uint8:1ch,t2,baseline,train,25600.0,25600.0,0.014467592592592593,0.6523193644049267,0.3720872210338586,0.015200968703644917,0.07537150377272869,-0.5769478606321979,-0.884456130102031,round1_20260927
crop,all,M3_element_prop,shared,full,crop:uint8:1ch:t3,uint8:1ch,t3,baseline,train,36864.0,36864.0,0.020833333333333332,0.651539055009683,0.3716421274642577,0.015572177762365426,0.10853496543272931,-0.5430040895769537,-0.8334175601628112,round1_20260927
crop,all,M3_element_prop,shared,full,crop:uint8:1ch:t4,uint8:1ch,t4,baseline,train,65536.0,65536.0,0.037037037037037035,0.6567829544655979,0.3746332819238716,0.01662355398703421,0.19295104965818544,-0.46383190480741243,-0.7062179395091287,round1_20260927
crop,all,M3_element_prop,shared,full,crop:uint8:1ch:t5,uint8:1ch,t5,baseline,train,102400.0,102400.0,0.05787037037037037,0.6602131412364542,0.3765898828356955,0.015645069463610384,0.30148601509091477,-0.3587271261455395,-0.5433504784132461,round1_20260927
crop,all,M3_element_prop,shared,full,crop:uint8:1ch:t6,uint8:1ch,t6,baseline,train,147456.0,147456.0,0.08333333333333333,0.6757588102482259,0.3854572338562788,0.006721314391668743,0.43413986173091723,-0.2416189485173087,-0.35755205089898123,round1_20260927
crop,all,M3_element_prop,shared,full,crop:uint8:1ch:t7,uint8:1ch,t7,baseline+control,train,200704.0,200704.0,0.11342592592592593,0.6909588902878264,0.39412745867259497,0.009539790068425244,0.5909125895781929,-0.1000463007096335,-0.14479341986316743,"round1_20260927,round2_20260927"
crop,all,M3_element_prop,shared,full,crop:uint8:1ch:xt0,uint8:1ch,xt0,extension,train,200704.0,200704.0,0.11342592592592593,0.7113640444974104,0.4057666917521428,0.0235513864975227,0.5909125895781929,-0.1204514549192175,-0.16932463181255988,round2_20260927
crop,all,M3_element_prop,shared,full,crop:uint8:1ch:xt1,uint8:1ch,xt1,extension,train,451584.0,451584.0,0.2552083333333333,0.7736371938760082,0.44128770241299664,0.014298812975672733,1.329553326550934,0.5559161326749259,0.7185747234950332,round2_20260927
crop,all,M3_element_prop,shared,full,crop:uint8:1ch:xt2,uint8:1ch,xt2,extension,train,692224.0,692224.0,0.3912037037037037,0.8348308278558155,0.47619295044787724,0.025888278049741347,2.038045462014584,1.2032146341587682,1.4412676125642268,round2_20260927
crop,all,M3_element_prop,shared,full,crop:uint8:1ch:xt3,uint8:1ch,xt3,extension,train,921600.0,921600.0,0.5208333333333334,0.8647638590385517,0.4932669467105275,0.030836564038458327,2.7133741358182326,1.8486102767796808,2.137705290823525,round2_20260927
crop,all,M4_element_affine,shared,full,crop:float32:3ch:v0,float32:3ch,v0,baseline,validation,37632.0,150528.0,0.08506944444444445,1.5388586550640564,0.8777750159985308,0.03375883661806343,1.0314699567413403,-0.507388698322716,-0.32971754530736647,round1_20260927
crop,all,M4_element_affine,shared,full,crop:float32:3ch:v1,float32:3ch,v1,baseline,validation,150528.0,602112.0,0.3402777777777778,1.60537365047882,0.9157156033112143,0.0022043744562438624,1.108440201734553,-0.49693344874426715,-0.30954379287093153,round1_20260927
crop,all,M4_element_affine,shared,full,crop:float32:3ch:v2,float32:3ch,v2,baseline,validation,248832.0,995328.0,0.5625,1.6670476148525875,0.9508948349363715,0.010829106996373369,1.1754619116606158,-0.4915857031919717,-0.2948840205955613,round1_20260927
crop,all,M4_element_affine,shared,full,crop:float32:3ch:v3,float32:3ch,v3,baseline,validation,519168.0,2076672.0,1.1736111111111112,1.7830278639060755,1.0170507256242016,0.0024838722168261016,1.3597716139572886,-0.42325624994878686,-0.23738061446867142,round1_20260927
crop,all,M4_element_affine,shared,full,crop:float32:1ch:v0,float32:1ch,v0,baseline,validation,12544.0,50176.0,0.028356481481481483,0.5707618384622037,0.325566276174115,0.004631846766641471,1.0143654578539596,0.44360361939175585,0.7772131728129396,round1_20260927
crop,all,M4_element_affine,shared,full,crop:float32:1ch:v1,float32:1ch,v1,baseline,validation,50176.0,200704.0,0.11342592592592593,0.5633277267528077,0.32132581035668856,0.0043693318606459735,1.0400222061850306,0.4766944794322229,0.8462116398566688,round1_20260927
crop,all,M4_element_affine,shared,full,crop:float32:1ch:v2,float32:1ch,v2,baseline,validation,82944.0,331776.0,0.1875,0.600438821905603,0.34249422113585265,0.025307805692878972,1.0623627761603849,0.46192395425478183,0.7693106065140511,round1_20260927
crop,all,M4_element_affine,shared,full,crop:float32:1ch:v3,float32:1ch,v3,baseline,validation,173056.0,692224.0,0.3912037037037037,0.6043594043391446,0.3447305469328975,0.031194495086642057,1.123799343592609,0.5194399392534644,0.8594884691526593,round1_20260927
crop,all,M4_element_affine,shared,full,crop:uint8:3ch:v0,uint8:3ch,v0,baseline,validation,37632.0,37632.0,0.021267361111111112,1.74175275877739,0.9935071363897734,0.01014986108406587,1.0314699567413403,-0.7102828020360497,-0.40779771896823475,round1_20260927
crop,all,M4_element_affine,shared,full,crop:uint8:3ch:v1,uint8:3ch,v1,baseline,validation,150528.0,150528.0,0.08506944444444445,1.7710845451802015,1.0102381787075758,0.020532405241720838,1.108440201734553,-0.6626443434456486,-0.3741460819862933,round1_20260927
crop,all,M4_element_affine,shared,full,crop:uint8:3ch:v2,uint8:3ch,v2,baseline,validation,248832.0,248832.0,0.140625,1.8393144197762012,1.0491569442927027,0.017939233817294526,1.1754619116606158,-0.6638525081155855,-0.3609238860837941,round1_20260927
crop,all,M4_element_affine,shared,full,crop:uint8:3ch:v3,uint8:3ch,v3,baseline,validation,519168.0,519168.0,0.2934027777777778,2.04330525904273,1.165514649798331,0.040297490026463975,1.3597716139572886,-0.6835336450854415,-0.33452350893750976,round1_20260927
crop,all,M4_element_affine,shared,full,crop:uint8:1ch:v0,uint8:1ch,v0,baseline,validation,12544.0,12544.0,0.007089120370370371,0.6491960127217075,0.37030564085774254,0.016002700143506268,1.0143654578539596,0.36516944513225214,0.5624948982685608,round1_20260927
crop,all,M4_element_affine,shared,full,crop:uint8:1ch:v1,uint8:1ch,v1,baseline,validation,50176.0,50176.0,0.028356481481481483,0.6557016113462547,0.37401647675417143,0.018673417069151453,1.0400222061850306,0.3843205948387759,0.5861211688190113,round1_20260927
crop,all,M4_element_affine,shared,full,crop:uint8:1ch:v2,uint8:1ch,v2,baseline,validation,82944.0,82944.0,0.046875,0.6664095803474387,0.3801243721287046,0.01385955203125734,1.0623627761603849,0.3959531958129462,0.5941589189136692,round1_20260927
crop,all,M4_element_affine,shared,full,crop:uint8:1ch:v3,uint8:1ch,v3,baseline,validation,173056.0,173056.0,0.09780092592592593,0.684085824371626,0.3902070170357374,0.010697271499528295,1.123799343592609,0.439713519220983,0.6427753705098134,round1_20260927
crop,all,M4_element_affine,shared,full,crop:uint8:1ch:xv0,uint8:1ch,xv0,extension,validation,331776.0,331776.0,0.1875,0.7119952173282703,0.4061267168524876,0.006694391307386477,1.2320114794107313,0.520016262082461,0.7303648246877252,round2_20260927
crop,all,M4_element_affine,shared,full,crop:uint8:1ch:xv1,uint8:1ch,xv1,extension,validation,589824.0,589824.0,0.3333333333333333,0.8148191488968829,0.4647781582182404,0.031972814817732655,1.4079434679666463,0.5931243190697634,0.7279214287891319,round2_20260927
crop,all,M4_element_affine,shared,full,crop:uint8:1ch:xv2,uint8:1ch,xv2,extension,validation,802816.0,802816.0,0.4537037037037037,0.8496900593551496,0.48466875303321016,0.020183863702232137,1.553157172806449,0.7034671134512994,0.8279102546935498,round2_20260927
crop,all,M4_element_affine,shared,full,crop:uint8:1ch:xv3,uint8:1ch,xv3,extension,validation,972196.0,972196.0,0.5494271737557871,0.9669082937762141,0.5515307986510297,0.06429005276001525,1.668637084379493,0.701728790603279,0.7257449285730199,round2_20260927
crop,all,M4_element_affine,shared,full,crop:float32:3ch:t0,float32:3ch,t0,baseline,train,27648.0,110592.0,0.0625,1.5664149944980938,0.8934933317827484,0.0037622157549926003,1.0246630643269745,-0.5417519301711193,-0.34585466308352464,round1_20260927
crop,all,M4_element_affine,shared,full,crop:float32:3ch:t1,float32:3ch,t1,baseline,train,49152.0,196608.0,0.1111111111111111,1.5674961575617392,0.8941100342475039,0.006419562873575843,1.0393240633733007,-0.5281720941884385,-0.33695272019678635,round1_20260927
crop,all,M4_element_affine,shared,full,crop:float32:3ch:t2,float32:3ch,t2,baseline,train,76800.0,307200.0,0.1736111111111111,1.5853542818998296,0.9042964248721311,0.013772231908571683,1.058173919290006,-0.5271803626098237,-0.33253157898439606,round1_20260927
crop,all,M4_element_affine,shared,full,crop:float32:3ch:t3,float32:3ch,t3,baseline,train,110592.0,442368.0,0.25,1.592587736280014,0.9084224344399343,0.005169709773548009,1.08121263207709,-0.511375104202924,-0.3210969747873359,round1_20260927
crop,all,M4_element_affine,shared,full,crop:float32:3ch:t4,float32:3ch,t4,baseline,train,196608.0,786432.0,0.4444444444444444,1.6405843112928171,0.9357999939455435,0.005944575663893978,1.139856628262395,-0.5007276830304221,-0.30521301440206844,round1_20260927
crop,all,M4_element_affine,shared,full,crop:float32:3ch:t5,float32:3ch,t5,baseline,train,307200.0,1228800.0,0.6944444444444444,1.6897859323459368,0.9638649195739847,0.006987638824592055,1.2152560519292157,-0.47452988041672106,-0.2808224825010404,round1_20260927
crop,all,M4_element_affine,shared,full,crop:float32:3ch:t6,float32:3ch,t6,baseline+control,train,442368.0,1769472.0,1.0,1.7647263159354527,1.006611403266787,0.014182473372794293,1.307410903077552,-0.45731541285790067,-0.25914240000182986,"round1_20260927,round2_20260927"
crop,all,M4_element_affine,shared,full,crop:float32:3ch:t7,float32:3ch,t7,baseline,train,602112.0,2408448.0,1.3611111111111112,1.8230507158053417,1.0398800214471653,0.008876557310915389,1.4163211817074042,-0.40672953409793755,-0.22310379550700693,round1_20260927
crop,all,M4_element_affine,shared,full,crop:float32:1ch:t0,float32:1ch,t0,baseline,train,9216.0,36864.0,0.020833333333333332,0.5785837164148688,0.3300279263863974,0.012238528714390653,1.0120964937158377,0.4335127773009688,0.7492654303981863,round1_20260927
crop,all,M4_element_affine,shared,full,crop:float32:1ch:t1,float32:1ch,t1,baseline,train,16384.0,65536.0,0.037037037037037035,0.5717300654699405,0.3261185591758121,0.01011375049574464,1.0169834933979465,0.44525342792800593,0.7787826018245593,round1_20260927
crop,all,M4_element_affine,shared,full,crop:float32:1ch:t2,float32:1ch,t2,baseline,train,25600.0,102400.0,0.05787037037037037,0.5701976781710982,0.32524447546362006,0.004427182268971041,1.0232667787035148,0.45306910053241656,0.7945825068695999,round1_20260927
crop,all,M4_element_affine,shared,full,crop:float32:1ch:t3,float32:1ch,t3,baseline,train,36864.0,147456.0,0.08333333333333333,0.5515510371575753,0.3146083097832297,0.00721971233134883,1.0309463496325428,0.4793953124749676,0.8691767038378478,round1_20260927
crop,all,M4_element_affine,shared,full,crop:float32:1ch:t4,float32:1ch,t4,baseline,train,65536.0,262144.0,0.14814814814814814,0.5695432106343409,0.3248711629110622,0.0031876197877786427,1.0504943483609779,0.480951137726637,0.8444506558000532,round1_20260927
crop,all,M4_element_affine,shared,full,crop:float32:1ch:t5,float32:1ch,t5,baseline,train,102400.0,409600.0,0.23148148148148148,0.56861407821998,0.3243411797204706,0.014135168778122964,1.0756274895832514,0.5070134113632714,0.8916652449943788,round1_20260927
crop,all,M4_element_affine,shared,full,crop:float32:1ch:t6,float32:1ch,t6,baseline,train,147456.0,589824.0,0.3333333333333333,0.5762292429183921,0.3286849193439787,0.009753250128134825,1.1063457732993636,0.5301165303809715,0.9199750566217771,round1_20260927
crop,all,M4_element_affine,shared,full,crop:float32:1ch:t7,float32:1ch,t7,baseline,train,200704.0,802816.0,0.4537037037037037,0.5712173126327494,0.32582608161240006,0.0045495914257998515,1.1426491995093142,0.5714318868765648,1.0003756438032776,round1_20260927
crop,all,M4_element_affine,shared,full,crop:uint8:3ch:t0,uint8:3ch,t0,baseline,train,27648.0,27648.0,0.015625,1.7404260369949043,0.9927503656298243,0.013394511211491707,1.0246630643269745,-0.7157629726679298,-0.41125733438451506,round1_20260927
crop,all,M4_element_affine,shared,full,crop:uint8:3ch:t1,uint8:3ch,t1,baseline,train,49152.0,49152.0,0.027777777777777776,1.7391062566700082,0.9919975543225689,0.006685248895977168,1.0393240633733007,-0.6997821932967074,-0.4023803552041902,round1_20260927
crop,all,M4_element_affine,shared,full,crop:uint8:3ch:t2,uint8:3ch,t2,baseline,train,76800.0,76800.0,0.043402777777777776,1.7638549030137558,1.0061143436513593,0.002685958492455078,1.058173919290006,-0.7056809837237499,-0.4000788174344783,round1_20260927
crop,all,M4_element_affine,shared,full,crop:uint8:3ch:t3,uint8:3ch,t3,baseline,train,110592.0,110592.0,0.0625,1.7661560031895835,1.0074269062034849,0.01735001687548288,1.08121263207709,-0.6849433711124935,-0.3878158950146659,round1_20260927
crop,all,M4_element_affine,shared,full,crop:uint8:3ch:t4,uint8:3ch,t4,baseline,train,196608.0,196608.0,0.1111111111111111,1.8295853879923623,1.043607441093298,0.004697452895846064,1.139856628262395,-0.6897287597299673,-0.37698637311856725,round1_20260927
crop,all,M4_element_affine,shared,full,crop:uint8:3ch:t5,uint8:3ch,t5,baseline,train,307200.0,307200.0,0.1736111111111111,1.8901706114411354,1.0781656477921502,0.003689409193519574,1.2152560519292157,-0.6749145595119197,-0.3570654180245349,round1_20260927
crop,all,M4_element_affine,shared,full,crop:uint8:3ch:t6,uint8:3ch,t6,baseline,train,442368.0,442368.0,0.25,1.9923039052324991,1.1364231448642028,0.009104705023104169,1.307410903077552,-0.6848930021549471,-0.3437693417937767,round1_20260927
crop,all,M4_element_affine,shared,full,crop:uint8:3ch:t7,uint8:3ch,t7,baseline,train,602112.0,602112.0,0.3402777777777778,2.076412501434485,1.184399236842409,0.04006167232980735,1.4163211817074042,-0.6600913197270808,-0.31789989670696844,round1_20260927
crop,all,M4_element_affine,shared,full,crop:uint8:1ch:t0,uint8:1ch,t0,baseline,train,9216.0,9216.0,0.005208333333333333,0.6542897216665248,0.3732111256700191,0.003361945988592416,1.0120964937158377,0.3578067720493129,0.5468628960545985,round1_20260927
crop,all,M4_element_affine,shared,full,crop:uint8:1ch:t1,uint8:1ch,t1,baseline,train,16384.0,16384.0,0.009259259259259259,0.6373593606986105,0.3635539373242491,0.006402691068913746,1.0169834933979465,0.3796241326993359,0.5956202357853964,round1_20260927
crop,all,M4_element_affine,shared,full,crop:uint8:1ch:t2,uint8:1ch,t2,baseline,train,25600.0,25600.0,0.014467592592592593,0.6523193644049267,0.3720872210338586,0.015200968703644917,1.0232667787035148,0.37094741429858813,0.5686592097982283,round1_20260927
crop,all,M4_element_affine,shared,full,crop:uint8:1ch:t3,uint8:1ch,t3,baseline,train,36864.0,36864.0,0.020833333333333332,0.651539055009683,0.3716421274642577,0.015572177762365426,1.0309463496325428,0.3794072946228598,0.5823247151580517,round1_20260927
crop,all,M4_element_affine,shared,full,crop:uint8:1ch:t4,uint8:1ch,t4,baseline,train,65536.0,65536.0,0.037037037037037035,0.6567829544655979,0.3746332819238716,0.01662355398703421,1.0504943483609779,0.39371139389538,0.5994543421361014,round1_20260927
crop,all,M4_element_affine,shared,full,crop:uint8:1ch:t5,uint8:1ch,t5,baseline,train,102400.0,102400.0,0.05787037037037037,0.6602131412364542,0.3765898828356955,0.015645069463610384,1.0756274895832514,0.41541434834679714,0.6292124806373964,round1_20260927
crop,all,M4_element_affine,shared,full,crop:uint8:1ch:t6,uint8:1ch,t6,baseline,train,147456.0,147456.0,0.08333333333333333,0.6757588102482259,0.3854572338562788,0.006721314391668743,1.1063457732993636,0.43058696305113764,0.6371903059509805,round1_20260927
crop,all,M4_element_affine,shared,full,crop:uint8:1ch:t7,uint8:1ch,t7,baseline+control,train,200704.0,200704.0,0.11342592592592593,0.6909588902878264,0.39412745867259497,0.009539790068425244,1.1426491995093142,0.4516903092214878,0.6537151711490843,"round1_20260927,round2_20260927"
crop,all,M4_element_affine,shared,full,crop:uint8:1ch:xt0,uint8:1ch,xt0,extension,train,200704.0,200704.0,0.11342592592592593,0.7113640444974104,0.4057666917521428,0.0235513864975227,1.1426491995093142,0.4312851550119038,0.6062791032917799,round2_20260927
crop,all,M4_element_affine,shared,full,crop:uint8:1ch:xt1,uint8:1ch,xt1,extension,train,451584.0,451584.0,0.2552083333333333,0.7736371938760082,0.44128770241299664,0.014298812975672733,1.3136941883831204,0.5400569945071122,0.6980752719519169,round2_20260927
crop,all,M4_element_affine,shared,full,crop:uint8:1ch:xt2,uint8:1ch,xt2,extension,train,692224.0,692224.0,0.3912037037037037,0.8348308278558155,0.47619295044787724,0.025888278049741347,1.4777577491396283,0.6429269212838128,0.7701283898860205,round2_20260927
crop,all,M4_element_affine,shared,full,crop:uint8:1ch:xt3,uint8:1ch,xt3,extension,train,921600.0,921600.0,0.5208333333333334,0.8647638590385517,0.4932669467105275,0.030836564038458327,1.6341417389671082,0.7693778799285566,0.8896970795980701,round2_20260927
crop,all,M5_repr_element_affine,float32:1ch,full,crop:float32:1ch:v0,float32:1ch,v0,baseline,validation,12544.0,50176.0,0.028356481481481483,0.5707618384622037,0.325566276174115,0.004631846766641471,0.5685826166407417,-0.0021792218214620185,-0.0038180930724686637,round1_20260927
crop,all,M5_repr_element_affine,float32:1ch,full,crop:float32:1ch:v1,float32:1ch,v1,baseline,validation,50176.0,200704.0,0.11342592592592593,0.5633277267528077,0.32132581035668856,0.0043693318606459735,0.5692552767263478,0.005927549973540058,0.010522382783656432,round1_20260927
crop,all,M5_repr_element_affine,float32:1ch,full,crop:float32:1ch:v2,float32:1ch,v2,baseline,validation,82944.0,331776.0,0.1875,0.600438821905603,0.34249422113585265,0.025307805692878972,0.5698409943519095,-0.030597827553693557,-0.0509591093004042,round1_20260927
crop,all,M5_repr_element_affine,float32:1ch,full,crop:float32:1ch:v3,float32:1ch,v3,baseline,validation,173056.0,692224.0,0.3912037037037037,0.6043594043391446,0.3447305469328975,0.031194495086642057,0.571451717822204,-0.03290768651694054,-0.05445052444070836,round1_20260927
crop,all,M5_repr_element_affine,float32:1ch,full,crop:float32:1ch:t0,float32:1ch,t0,baseline,train,9216.0,36864.0,0.020833333333333332,0.5785837164148688,0.3300279263863974,0.012238528714390653,0.5685231296943957,-0.010060586720473164,-0.017388299108748683,round1_20260927
crop,all,M5_repr_element_affine,float32:1ch,full,crop:float32:1ch:t1,float32:1ch,t1,baseline,train,16384.0,65536.0,0.037037037037037035,0.5717300654699405,0.3261185591758121,0.01011375049574464,0.5686512554249873,-0.0030788100449532507,-0.005385076333920947,round1_20260927
crop,all,M5_repr_element_affine,float32:1ch,full,crop:float32:1ch:t2,float32:1ch,t2,baseline,train,25600.0,102400.0,0.05787037037037037,0.5701976781710982,0.32524447546362006,0.004427182268971041,0.5688159885071765,-0.0013816896639217147,-0.0024231765873783746,round1_20260927
crop,all,M5_repr_element_affine,float32:1ch,full,crop:float32:1ch:t3,float32:1ch,t3,baseline,train,36864.0,147456.0,0.08333333333333333,0.5515510371575753,0.3146083097832297,0.00721971233134883,0.5690173289409634,0.0174662917833881,0.031667589410040525,round1_20260927
crop,all,M5_repr_element_affine,float32:1ch,full,crop:float32:1ch:t4,float32:1ch,t4,baseline,train,65536.0,262144.0,0.14814814814814814,0.5695432106343409,0.3248711629110622,0.0031876197877786427,0.5695298318633298,-1.3378771011041124e-05,-2.349035290253084e-05,round1_20260927
crop,all,M5_repr_element_affine,float32:1ch,full,crop:float32:1ch:t5,float32:1ch,t5,baseline,train,102400.0,409600.0,0.23148148148148148,0.56861407821998,0.3243411797204706,0.014135168778122964,0.5701887641920867,0.0015746859721067485,0.0027693404585342487,round1_20260927
crop,all,M5_repr_element_affine,float32:1ch,full,crop:float32:1ch:t6,float32:1ch,t6,baseline,train,147456.0,589824.0,0.3333333333333333,0.5762292429183921,0.3286849193439787,0.009753250128134825,0.570994125927234,-0.005235116991158084,-0.009085128975135167,round1_20260927
crop,all,M5_repr_element_affine,float32:1ch,full,crop:float32:1ch:t7,float32:1ch,t7,baseline,train,200704.0,802816.0,0.4537037037037037,0.5712173126327494,0.32582608161240006,0.0045495914257998515,0.5719459170687717,0.0007286044360222954,0.0012755293299219982,round1_20260927
crop,all,M5_repr_element_affine,float32:3ch,full,crop:float32:3ch:v0,float32:3ch,v0,baseline,validation,37632.0,150528.0,0.08506944444444445,1.5388586550640564,0.8777750159985308,0.03375883661806343,1.5656205756737507,0.02676192060969429,0.017390759392765867,round1_20260927
crop,all,M5_repr_element_affine,float32:3ch,full,crop:float32:3ch:v1,float32:3ch,v1,baseline,validation,150528.0,602112.0,0.3402777777777778,1.60537365047882,0.9157156033112143,0.0022043744562438624,1.6182833137396528,0.01290966326083276,0.008041531799766561,round1_20260927
crop,all,M5_repr_element_affine,float32:3ch,full,crop:float32:3ch:v2,float32:3ch,v2,baseline,validation,248832.0,995328.0,0.5625,1.6670476148525875,0.9508948349363715,0.010829106996373369,1.6641393033480576,-0.002908311504529859,-0.0017445881441047102,round1_20260927
crop,all,M5_repr_element_affine,float32:3ch,full,crop:float32:3ch:v3,float32:3ch,v3,baseline,validation,519168.0,2076672.0,1.1736111111111112,1.7830278639060755,1.0170507256242016,0.0024838722168261016,1.7902432747711703,0.007215410865094807,0.00404671795161295,round1_20260927
crop,all,M5_repr_element_affine,float32:3ch,full,crop:float32:3ch:t0,float32:3ch,t0,baseline,train,27648.0,110592.0,0.0625,1.5664149944980938,0.8934933317827484,0.0037622157549926003,1.5609633267291472,-0.0054516677689466775,-0.0034803470268704143,round1_20260927
crop,all,M5_repr_element_affine,float32:3ch,full,crop:float32:3ch:t1,float32:3ch,t1,baseline,train,49152.0,196608.0,0.1111111111111111,1.5674961575617392,0.8941100342475039,0.006419562873575843,1.5709943244559856,0.003498166894246424,0.002231690889557183,round1_20260927
crop,all,M5_repr_element_affine,float32:3ch,full,crop:float32:3ch:t2,float32:3ch,t2,baseline,train,76800.0,307200.0,0.1736111111111111,1.5853542818998296,0.9042964248721311,0.013772231908571683,1.5838913215333494,-0.0014629603664801927,-0.0009227971206076634,round1_20260927
crop,all,M5_repr_element_affine,float32:3ch,full,crop:float32:3ch:t3,float32:3ch,t3,baseline,train,110592.0,442368.0,0.25,1.592587736280014,0.9084224344399343,0.005169709773548009,1.5996543179612386,0.0070665816812245374,0.0044371694696900945,round1_20260927
crop,all,M5_repr_element_affine,float32:3ch,full,crop:float32:3ch:t4,float32:3ch,t4,baseline,train,196608.0,786432.0,0.4444444444444444,1.6405843112928171,0.9357999939455435,0.005944575663893978,1.6397783088685927,-0.0008060024242244612,-0.0004912898524485543,round1_20260927
crop,all,M5_repr_element_affine,float32:3ch,full,crop:float32:3ch:t5,float32:3ch,t5,baseline,train,307200.0,1228800.0,0.6944444444444444,1.6897859323459368,0.9638649195739847,0.006987638824592055,1.6913662971780479,0.001580364832111103,0.0009352455845795071,round1_20260927
crop,all,M5_repr_element_affine,float32:3ch,full,crop:float32:3ch:t6,float32:3ch,t6,baseline+control,train,442368.0,1769472.0,1.0,1.7647263159354527,1.006611403266787,0.014182473372794293,1.7544182828896042,-0.010308033045848486,-0.005841151091116565,"round1_20260927,round2_20260927"
crop,all,M5_repr_element_affine,float32:3ch,full,crop:float32:3ch:t7,float32:3ch,t7,baseline,train,602112.0,2408448.0,1.3611111111111112,1.8230507158053417,1.0398800214471653,0.008876557310915389,1.8289342660032617,0.005883550197919973,0.0032273102151855857,round1_20260927
crop,all,M5_repr_element_affine,uint8:1ch,full,crop:uint8:1ch:v0,uint8:1ch,v0,baseline,validation,12544.0,12544.0,0.007089120370370371,0.6491960127217075,0.37030564085774254,0.016002700143506268,0.6469293874966751,-0.0022666252250324037,-0.003491434298140158,round1_20260927
crop,all,M5_repr_element_affine,uint8:1ch,full,crop:uint8:1ch:v1,uint8:1ch,v1,baseline,validation,50176.0,50176.0,0.028356481481481483,0.6557016113462547,0.37401647675417143,0.018673417069151453,0.6566242003994286,0.0009225890531738834,0.0014070257525822887,round1_20260927
crop,all,M5_repr_element_affine,uint8:1ch,full,crop:uint8:1ch:v2,uint8:1ch,v2,baseline,validation,82944.0,82944.0,0.046875,0.6664095803474387,0.3801243721287046,0.01385955203125734,0.6650659422467241,-0.0013436381007145837,-0.002016234670597121,round1_20260927
crop,all,M5_repr_element_affine,uint8:1ch,full,crop:uint8:1ch:v3,uint8:1ch,v3,baseline,validation,173056.0,173056.0,0.09780092592592593,0.684085824371626,0.3902070170357374,0.010697271499528295,0.688280732326787,0.004194907955160976,0.006132136942048538,round1_20260927
crop,all,M5_repr_element_affine,uint8:1ch,full,crop:uint8:1ch:xv0,uint8:1ch,xv0,extension,validation,331776.0,331776.0,0.1875,0.7119952173282703,0.4061267168524876,0.006694391307386477,0.7291704193996249,0.01717520207135459,0.02412263685675271,round2_20260927
crop,all,M5_repr_element_affine,uint8:1ch,full,crop:uint8:1ch:xv1,uint8:1ch,xv1,extension,validation,589824.0,589824.0,0.3333333333333333,0.8148191488968829,0.4647781582182404,0.031972814817732655,0.7956491364470775,-0.01917001244980543,-0.02352670832019368,round2_20260927
crop,all,M5_repr_element_affine,uint8:1ch,full,crop:uint8:1ch:xv2,uint8:1ch,xv2,extension,validation,802816.0,802816.0,0.4537037037037037,0.8496900593551496,0.48466875303321016,0.020183863702232137,0.8505204584544988,0.0008303990993491217,0.0009772964744101298,round2_20260927
crop,all,M5_repr_element_affine,uint8:1ch,full,crop:uint8:1ch:xv3,uint8:1ch,xv3,extension,validation,972196.0,972196.0,0.5494271737557871,0.9669082937762141,0.5515307986510297,0.06429005276001525,0.8941563908914776,-0.07275190288473654,-0.07524178182463144,round2_20260927
crop,all,M5_repr_element_affine,uint8:1ch,full,crop:uint8:1ch:t0,uint8:1ch,t0,baseline,train,9216.0,9216.0,0.005208333333333333,0.6542897216665248,0.3732111256700191,0.003361945988592416,0.6460720230903091,-0.008217698576215682,-0.012559724391336288,round1_20260927
crop,all,M5_repr_element_affine,uint8:1ch,full,crop:uint8:1ch:t1,uint8:1ch,t1,baseline,train,16384.0,16384.0,0.009259259259259259,0.6373593606986105,0.3635539373242491,0.006402691068913746,0.647918654119405,0.010559293420794424,0.016567252435455513,round1_20260927
crop,all,M5_repr_element_affine,uint8:1ch,full,crop:uint8:1ch:t2,uint8:1ch,t2,baseline,train,25600.0,25600.0,0.014467592592592593,0.6523193644049267,0.3720872210338586,0.015200968703644917,0.6502928940139568,-0.0020264703909698145,-0.0031065617572436266,round1_20260927
crop,all,M5_repr_element_affine,uint8:1ch,full,crop:uint8:1ch:t3,uint8:1ch,t3,baseline,train,36864.0,36864.0,0.020833333333333332,0.651539055009683,0.3716421274642577,0.015572177762365426,0.6531947427739647,0.0016556877642817103,0.0025411949622223397,round1_20260927
crop,all,M5_repr_element_affine,uint8:1ch,full,crop:uint8:1ch:t4,uint8:1ch,t4,baseline,train,65536.0,65536.0,0.037037037037037035,0.6567829544655979,0.3746332819238716,0.01662355398703421,0.6605812668903484,0.003798312424750483,0.005783207982066224,round1_20260927
crop,all,M5_repr_element_affine,uint8:1ch,full,crop:uint8:1ch:t5,uint8:1ch,t5,baseline,train,102400.0,102400.0,0.05787037037037037,0.6602131412364542,0.3765898828356955,0.015645069463610384,0.6700782264685559,0.009865085232101611,0.014942273359821609,round1_20260927
crop,all,M5_repr_element_affine,uint8:1ch,full,crop:uint8:1ch:t6,uint8:1ch,t6,baseline,train,147456.0,147456.0,0.08333333333333333,0.6757588102482259,0.3854572338562788,0.006721314391668743,0.6816856215085872,0.00592681126036132,0.008770601537824167,round1_20260927
crop,all,M5_repr_element_affine,uint8:1ch,full,crop:uint8:1ch:t7,uint8:1ch,t7,baseline+control,train,200704.0,200704.0,0.11342592592592593,0.6909588902878264,0.39412745867259497,0.009539790068425244,0.6954034520104426,0.004444561722616203,0.0064324546439583,"round1_20260927,round2_20260927"
crop,all,M5_repr_element_affine,uint8:1ch,full,crop:uint8:1ch:xt0,uint8:1ch,xt0,extension,train,200704.0,200704.0,0.11342592592592593,0.7113640444974104,0.4057666917521428,0.0235513864975227,0.6954034520104426,-0.015960592486967795,-0.022436602763981694,round2_20260927
crop,all,M5_repr_element_affine,uint8:1ch,full,crop:uint8:1ch:xt1,uint8:1ch,xt1,extension,train,451584.0,451584.0,0.2552083333333333,0.7736371938760082,0.44128770241299664,0.014298812975672733,0.7600355380287993,-0.013601655847208849,-0.017581439924136848,round2_20260927
crop,all,M5_repr_element_affine,uint8:1ch,full,crop:uint8:1ch:xt2,uint8:1ch,xt2,extension,train,692224.0,692224.0,0.3912037037037037,0.8348308278558155,0.47619295044787724,0.025888278049741347,0.8220295797198762,-0.012801248135939303,-0.015333942768762031,round2_20260927
crop,all,M5_repr_element_affine,uint8:1ch,full,crop:uint8:1ch:xt3,uint8:1ch,xt3,extension,train,921600.0,921600.0,0.5208333333333334,0.8647638590385517,0.4932669467105275,0.030836564038458327,0.8811217726509452,0.01635791361239347,0.018916046781349387,round2_20260927
crop,all,M5_repr_element_affine,uint8:3ch,full,crop:uint8:3ch:v0,uint8:3ch,v0,baseline,validation,37632.0,37632.0,0.021267361111111112,1.74175275877739,0.9935071363897734,0.01014986108406587,1.7348139113257521,-0.006938847451637864,-0.003983830320733084,round1_20260927
crop,all,M5_repr_element_affine,uint8:3ch,full,crop:uint8:3ch:v1,uint8:3ch,v1,baseline,validation,150528.0,150528.0,0.08506944444444445,1.7710845451802015,1.0102381787075758,0.020532405241720838,1.803496398296443,0.032411853116241396,0.018300567979347145,round1_20260927
crop,all,M5_repr_element_affine,uint8:3ch,full,crop:uint8:3ch:v2,uint8:3ch,v2,baseline,validation,248832.0,248832.0,0.140625,1.8393144197762012,1.0491569442927027,0.017939233817294526,1.8633015570192213,0.02398713724302004,0.013041346811133399,round1_20260927
crop,all,M5_repr_element_affine,uint8:3ch,full,crop:uint8:3ch:v3,uint8:3ch,v3,baseline,validation,519168.0,519168.0,0.2934027777777778,2.04330525904273,1.165514649798331,0.040297490026463975,2.027765743506862,-0.015539515535868187,-0.007605087623152455,round1_20260927
crop,all,M5_repr_element_affine,uint8:3ch,full,crop:uint8:3ch:t0,uint8:3ch,t0,baseline,train,27648.0,27648.0,0.015625,1.7404260369949043,0.9927503656298243,0.013394511211491707,1.7287399498929699,-0.011686087101934417,-0.00671449797551416,round1_20260927
crop,all,M5_repr_element_affine,uint8:3ch,full,crop:uint8:3ch:t1,uint8:3ch,t1,baseline,train,49152.0,49152.0,0.027777777777777776,1.7391062566700082,0.9919975543225689,0.006685248895977168,1.7418223283635776,0.002716071693569466,0.0015617629360785144,round1_20260927
crop,all,M5_repr_element_affine,uint8:3ch,full,crop:uint8:3ch:t2,uint8:3ch,t2,baseline,train,76800.0,76800.0,0.043402777777777776,1.7638549030137558,1.0061143436513593,0.002685958492455078,1.758642529254359,-0.00521237375939676,-0.002955103478461182,round1_20260927
crop,all,M5_repr_element_affine,uint8:3ch,full,crop:uint8:3ch:t3,uint8:3ch,t3,baseline,train,110592.0,110592.0,0.0625,1.7661560031895835,1.0074269062034849,0.01735001687548288,1.7792005525653143,0.01304454937573074,0.0073858421069107035,round1_20260927
crop,all,M5_repr_element_affine,uint8:3ch,full,crop:uint8:3ch:t4,uint8:3ch,t4,baseline,train,196608.0,196608.0,0.1111111111111111,1.8295853879923623,1.043607441093298,0.004697452895846064,1.8315300664477454,0.001944678455383153,0.0010629066389282243,round1_20260927
crop,all,M5_repr_element_affine,uint8:3ch,full,crop:uint8:3ch:t5,uint8:3ch,t5,baseline,train,307200.0,307200.0,0.1736111111111111,1.8901706114411354,1.0781656477921502,0.003689409193519574,1.898810870010871,0.008640258569735604,0.0045711527400946915,round1_20260927
crop,all,M5_repr_element_affine,uint8:3ch,full,crop:uint8:3ch:t6,uint8:3ch,t6,baseline,train,442368.0,442368.0,0.25,1.9923039052324991,1.1364231448642028,0.009104705023104169,1.9810429632546913,-0.011260941977807803,-0.005652221003147442,round1_20260927
crop,all,M5_repr_element_affine,uint8:3ch,full,crop:uint8:3ch:t7,uint8:3ch,t7,baseline,train,602112.0,602112.0,0.3402777777777778,2.076412501434485,1.184399236842409,0.04006167232980735,2.078226346179206,0.001813844744721127,0.000873547401331882,round1_20260927
crop,1ch,M1_byte_prop_anchored,shared,full,crop:float32:1ch:v0,float32:1ch,v0,baseline,validation,12544.0,50176.0,0.028356481481481483,0.5707618384622037,0.325566276174115,0.004631846766641471,0.04971275800701811,-0.5210490804551856,-0.9129010479380356,round1_20260927
crop,1ch,M1_byte_prop_anchored,shared,full,crop:float32:1ch:v1,float32:1ch,v1,baseline,validation,50176.0,200704.0,0.11342592592592593,0.5633277267528077,0.32132581035668856,0.0043693318606459735,0.19885103202807244,-0.3644766947247353,-0.647006489145652,round1_20260927
crop,1ch,M1_byte_prop_anchored,shared,full,crop:float32:1ch:v2,float32:1ch,v2,baseline,validation,82944.0,331776.0,0.1875,0.600438821905603,0.34249422113585265,0.025307805692878972,0.3287129304953851,-0.27172589141021797,-0.45254550754704015,round1_20260927
crop,1ch,M1_byte_prop_anchored,shared,full,crop:float32:1ch:v3,float32:1ch,v3,baseline,validation,173056.0,692224.0,0.3912037037037037,0.6043594043391446,0.3447305469328975,0.031194495086642057,0.6858331512804948,0.08147374694135023,0.1348100920683781,round1_20260927
crop,1ch,M1_byte_prop_anchored,shared,full,crop:uint8:1ch:v0,uint8:1ch,v0,baseline,validation,12544.0,12544.0,0.007089120370370371,0.6491960127217075,0.37030564085774254,0.016002700143506268,0.012428189501754528,-0.636767823219953,-0.9808560292142735,round1_20260927
crop,1ch,M1_byte_prop_anchored,shared,full,crop:uint8:1ch:v1,uint8:1ch,v1,baseline,validation,50176.0,50176.0,0.028356481481481483,0.6557016113462547,0.37401647675417143,0.018673417069151453,0.04971275800701811,-0.6059888533392366,-0.9241838709150794,round1_20260927
crop,1ch,M1_byte_prop_anchored,shared,full,crop:uint8:1ch:v2,uint8:1ch,v2,baseline,validation,82944.0,82944.0,0.046875,0.6664095803474387,0.3801243721287046,0.01385955203125734,0.08217823262384627,-0.5842313477235924,-0.8766850972025314,round1_20260927
crop,1ch,M1_byte_prop_anchored,shared,full,crop:uint8:1ch:v3,uint8:1ch,v3,baseline,validation,173056.0,173056.0,0.09780092592592593,0.684085824371626,0.3902070170357374,0.010697271499528295,0.1714582878201237,-0.5126275365515023,-0.7493614372471196,round1_20260927
crop,1ch,M1_byte_prop_anchored,shared,full,crop:uint8:1ch:xv0,uint8:1ch,xv0,extension,validation,331776.0,331776.0,0.1875,0.7119952173282703,0.4061267168524876,0.006694391307386477,0.3287129304953851,-0.38328228683288523,-0.5383214346174046,round2_20260927
crop,1ch,M1_byte_prop_anchored,shared,full,crop:uint8:1ch:xv1,uint8:1ch,xv1,extension,validation,589824.0,589824.0,0.3333333333333333,0.8148191488968829,0.4647781582182404,0.031972814817732655,0.5843785431029067,-0.23044060579397618,-0.2828119664418183,round2_20260927
crop,1ch,M1_byte_prop_anchored,shared,full,crop:uint8:1ch:xv2,uint8:1ch,xv2,extension,validation,802816.0,802816.0,0.4537037037037037,0.8496900593551496,0.48466875303321016,0.020183863702232137,0.7954041281122898,-0.05428593124285985,-0.06388909773059927,round2_20260927
crop,1ch,M1_byte_prop_anchored,shared,full,crop:uint8:1ch:xv3,uint8:1ch,xv3,extension,validation,972196.0,972196.0,0.5494271737557871,0.9669082937762141,0.5515307986510297,0.06429005276001525,0.9632203540216634,-0.0036879397545507286,-0.0038141567078173013,round2_20260927
crop,1ch,M1_byte_prop_anchored,shared,full,crop:float32:1ch:t0,float32:1ch,t0,baseline,train,9216.0,36864.0,0.020833333333333332,0.5785837164148688,0.3300279263863974,0.012238528714390653,0.03652365894393167,-0.5420600574709371,-0.9368740289300801,round1_20260927
crop,1ch,M1_byte_prop_anchored,shared,full,crop:float32:1ch:t1,float32:1ch,t1,baseline,train,16384.0,65536.0,0.037037037037037035,0.5717300654699405,0.3261185591758121,0.01011375049574464,0.0649309492336563,-0.5067991162362843,-0.8864307596272981,round1_20260927
crop,1ch,M1_byte_prop_anchored,shared,full,crop:float32:1ch:t2,float32:1ch,t2,baseline,train,25600.0,102400.0,0.05787037037037037,0.5701976781710982,0.32524447546362006,0.004427182268971041,0.10145460817758799,-0.46874306999351023,-0.822071165735009,round1_20260927
crop,1ch,M1_byte_prop_anchored,shared,full,crop:float32:1ch:t3,float32:1ch,t3,baseline,train,36864.0,147456.0,0.08333333333333333,0.5515510371575753,0.3146083097832297,0.00721971233134883,0.14609463577572668,-0.4054564013818486,-0.7351203679561059,round1_20260927
crop,1ch,M1_byte_prop_anchored,shared,full,crop:float32:1ch:t4,float32:1ch,t4,baseline,train,65536.0,262144.0,0.14814814814814814,0.5695432106343409,0.3248711629110622,0.0031876197877786427,0.2597237969346252,-0.30981941369971566,-0.5439787673961519,round1_20260927
crop,1ch,M1_byte_prop_anchored,shared,full,crop:float32:1ch:t5,float32:1ch,t5,baseline,train,102400.0,409600.0,0.23148148148148148,0.56861407821998,0.3243411797204706,0.014135168778122964,0.40581843271035195,-0.16279564550962805,-0.28630252353099006,round1_20260927
crop,1ch,M1_byte_prop_anchored,shared,full,crop:float32:1ch:t6,float32:1ch,t6,baseline,train,147456.0,589824.0,0.3333333333333333,0.5762292429183921,0.3286849193439787,0.009753250128134825,0.5843785431029067,0.008149300184514652,0.0141424620229987,round1_20260927
crop,1ch,M1_byte_prop_anchored,shared,full,crop:float32:1ch:t7,float32:1ch,t7,baseline,train,200704.0,802816.0,0.4537037037037037,0.5712173126327494,0.32582608161240006,0.0045495914257998515,0.7954041281122898,0.22418681547954034,0.39247202513218626,round1_20260927
crop,1ch,M1_byte_prop_anchored,shared,full,crop:uint8:1ch:t0,uint8:1ch,t0,baseline,train,9216.0,9216.0,0.005208333333333333,0.6542897216665248,0.3732111256700191,0.003361945988592416,0.009130914735982917,-0.6451588069305418,-0.9860445389349449,round1_20260927
crop,1ch,M1_byte_prop_anchored,shared,full,crop:uint8:1ch:t1,uint8:1ch,t1,baseline,train,16384.0,16384.0,0.009259259259259259,0.6373593606986105,0.3635539373242491,0.006402691068913746,0.016232737308414076,-0.6211266233901964,-0.9745312639785797,round1_20260927
crop,1ch,M1_byte_prop_anchored,shared,full,crop:uint8:1ch:t2,uint8:1ch,t2,baseline,train,25600.0,25600.0,0.014467592592592593,0.6523193644049267,0.3720872210338586,0.015200968703644917,0.025363652044396997,-0.6269557123605297,-0.9611177385979722,round1_20260927
crop,1ch,M1_byte_prop_anchored,shared,full,crop:uint8:1ch:t3,uint8:1ch,t3,baseline,train,36864.0,36864.0,0.020833333333333332,0.651539055009683,0.3716421274642577,0.015572177762365426,0.03652365894393167,-0.6150153960657514,-0.9439424871569843,round1_20260927
crop,1ch,M1_byte_prop_anchored,shared,full,crop:uint8:1ch:t4,uint8:1ch,t4,baseline,train,65536.0,65536.0,0.037037037037037035,0.6567829544655979,0.3746332819238716,0.01662355398703421,0.0649309492336563,-0.5918520052319416,-0.9011378891730094,round1_20260927
crop,1ch,M1_byte_prop_anchored,shared,full,crop:uint8:1ch:t5,uint8:1ch,t5,baseline,train,102400.0,102400.0,0.05787037037037037,0.6602131412364542,0.3765898828356955,0.015645069463610384,0.10145460817758799,-0.5587585330588662,-0.8463305229163074,round1_20260927
crop,1ch,M1_byte_prop_anchored,shared,full,crop:uint8:1ch:t6,uint8:1ch,t6,baseline,train,147456.0,147456.0,0.08333333333333333,0.6757588102482259,0.3854572338562788,0.006721314391668743,0.14609463577572668,-0.5296641744724992,-0.783806539315319,round1_20260927
crop,1ch,M1_byte_prop_anchored,shared,full,crop:uint8:1ch:t7,uint8:1ch,t7,baseline+control,train,200704.0,200704.0,0.11342592592592593,0.6909588902878264,0.39412745867259497,0.009539790068425244,0.19885103202807244,-0.492107858259754,-0.712210039087508,"round1_20260927,round2_20260927"
crop,1ch,M1_byte_prop_anchored,shared,full,crop:uint8:1ch:xt0,uint8:1ch,xt0,extension,train,200704.0,200704.0,0.11342592592592593,0.7113640444974104,0.4057666917521428,0.0235513864975227,0.19885103202807244,-0.512513012469338,-0.7204651632785802,round2_20260927
crop,1ch,M1_byte_prop_anchored,shared,full,crop:uint8:1ch:xt1,uint8:1ch,xt1,extension,train,451584.0,451584.0,0.2552083333333333,0.7736371938760082,0.44128770241299664,0.014298812975672733,0.44741482206316296,-0.3262223718128452,-0.42167358859575366,round2_20260927
crop,1ch,M1_byte_prop_anchored,shared,full,crop:uint8:1ch:xt2,uint8:1ch,xt2,extension,train,692224.0,692224.0,0.3912037037037037,0.8348308278558155,0.47619295044787724,0.025888278049741347,0.6858331512804948,-0.1489976765753207,-0.1784764908095299,round2_20260927
crop,1ch,M1_byte_prop_anchored,shared,full,crop:uint8:1ch:xt3,uint8:1ch,xt3,extension,train,921600.0,921600.0,0.5208333333333334,0.8647638590385517,0.4932669467105275,0.030836564038458327,0.9130914735982919,0.04832761455974022,0.05588533106999993,round2_20260927
crop,1ch,M2_byte_affine,shared,full,crop:float32:1ch:v0,float32:1ch,v0,baseline,validation,12544.0,50176.0,0.028356481481481483,0.5707618384622037,0.325566276174115,0.004631846766641471,0.6214840170263795,0.05072217856417571,0.08886750154992111,round1_20260927
crop,1ch,M2_byte_affine,shared,full,crop:float32:1ch:v1,float32:1ch,v1,baseline,validation,50176.0,200704.0,0.11342592592592593,0.5633277267528077,0.32132581035668856,0.0043693318606459735,0.6422813093963095,0.07895358264350172,0.1401556836170912,round1_20260927
crop,1ch,M2_byte_affine,shared,full,crop:float32:1ch:v2,float32:1ch,v2,baseline,validation,82944.0,331776.0,0.1875,0.600438821905603,0.34249422113585265,0.025307805692878972,0.6603905163578813,0.059951694452278215,0.09984646605962366,round1_20260927
crop,1ch,M2_byte_affine,shared,full,crop:float32:1ch:v3,float32:1ch,v3,baseline,validation,173056.0,692224.0,0.3912037037037037,0.6043594043391446,0.3447305469328975,0.031194495086642057,0.7101908355022036,0.10583143116305904,0.17511340173283757,round1_20260927
crop,1ch,M2_byte_affine,shared,full,crop:uint8:1ch:v0,uint8:1ch,v0,baseline,validation,12544.0,12544.0,0.007089120370370371,0.6491960127217075,0.37030564085774254,0.016002700143506268,0.6162846939338968,-0.03291131878781062,-0.050695503581163856,round1_20260927
crop,1ch,M2_byte_affine,shared,full,crop:uint8:1ch:v1,uint8:1ch,v1,baseline,validation,50176.0,50176.0,0.028356481481481483,0.6557016113462547,0.37401647675417143,0.018673417069151453,0.6214840170263795,-0.034217594319875255,-0.05218470372464291,round1_20260927
crop,1ch,M2_byte_affine,shared,full,crop:uint8:1ch:v2,uint8:1ch,v2,baseline,validation,82944.0,82944.0,0.046875,0.6664095803474387,0.3801243721287046,0.01385955203125734,0.6260113187667724,-0.040398261580666284,-0.06062076952675903,round1_20260927
crop,1ch,M2_byte_affine,shared,full,crop:uint8:1ch:v3,uint8:1ch,v3,baseline,validation,173056.0,173056.0,0.09780092592592593,0.684085824371626,0.3902070170357374,0.010697271499528295,0.638461398552853,-0.04562442581877302,-0.06669400854882762,round1_20260927
crop,1ch,M2_byte_affine,shared,full,crop:uint8:1ch:xv0,uint8:1ch,xv0,extension,validation,331776.0,331776.0,0.1875,0.7119952173282703,0.4061267168524876,0.006694391307386477,0.6603905163578813,-0.05160470097038905,-0.07247899945737465,round2_20260927
crop,1ch,M2_byte_affine,shared,full,crop:uint8:1ch:xv1,uint8:1ch,xv1,extension,validation,589824.0,589824.0,0.3333333333333333,0.8148191488968829,0.4647781582182404,0.031972814817732655,0.6960430175634758,-0.11877613133340714,-0.14576993127150786,round2_20260927
crop,1ch,M2_byte_affine,shared,full,crop:uint8:1ch:xv2,uint8:1ch,xv2,extension,validation,802816.0,802816.0,0.4537037037037037,0.8496900593551496,0.48466875303321016,0.020183863702232137,0.7254704788760299,-0.12421958047911974,-0.1461939905162513,round2_20260927
crop,1ch,M2_byte_affine,shared,full,crop:uint8:1ch:xv3,uint8:1ch,xv3,extension,validation,972196.0,972196.0,0.5494271737557871,0.9669082937762141,0.5515307986510297,0.06429005276001525,0.7488724066344453,-0.2180358871417688,-0.22549800073618156,round2_20260927
crop,1ch,M2_byte_affine,shared,full,crop:float32:1ch:t0,float32:1ch,t0,baseline,train,9216.0,36864.0,0.020833333333333332,0.5785837164148688,0.3300279263863974,0.012238528714390653,0.6196448006943448,0.04106108427947597,0.07096826805618817,round1_20260927
crop,1ch,M2_byte_affine,shared,full,crop:float32:1ch:t1,float32:1ch,t1,baseline,train,16384.0,65536.0,0.037037037037037035,0.5717300654699405,0.3261185591758121,0.01011375049574464,0.6236061897171886,0.05187612424724808,0.09073534414288299,round1_20260927
crop,1ch,M2_byte_affine,shared,full,crop:float32:1ch:t2,float32:1ch,t2,baseline,train,25600.0,102400.0,0.05787037037037037,0.5701976781710982,0.32524447546362006,0.004427182268971041,0.6286994041751307,0.05850172600403247,0.10259902529185319,round1_20260927
crop,1ch,M2_byte_affine,shared,full,crop:float32:1ch:t3,float32:1ch,t3,baseline,train,36864.0,147456.0,0.08333333333333333,0.5515510371575753,0.3146083097832297,0.00721971233134883,0.634924444068171,0.0833734069105957,0.15116172628422841,round1_20260927
crop,1ch,M2_byte_affine,shared,full,crop:float32:1ch:t4,float32:1ch,t4,baseline,train,65536.0,262144.0,0.14814814814814814,0.5695432106343409,0.3248711629110622,0.0031876197877786427,0.6507700001595462,0.08122678952520535,0.14261743096671678,round1_20260927
crop,1ch,M2_byte_affine,shared,full,crop:float32:1ch:t5,float32:1ch,t5,baseline,train,102400.0,409600.0,0.23148148148148148,0.56861407821998,0.3243411797204706,0.014135168778122964,0.6711428579913146,0.10252877977133457,0.18031347393349134,round1_20260927
crop,1ch,M2_byte_affine,shared,full,crop:float32:1ch:t6,float32:1ch,t6,baseline,train,147456.0,589824.0,0.3333333333333333,0.5762292429183921,0.3286849193439787,0.009753250128134825,0.6960430175634758,0.11981377464508369,0.2079272722055382,round1_20260927
crop,1ch,M2_byte_affine,shared,full,crop:float32:1ch:t7,float32:1ch,t7,baseline,train,200704.0,802816.0,0.4537037037037037,0.5712173126327494,0.32582608161240006,0.0045495914257998515,0.7254704788760299,0.15425316624328045,0.27004287655835435,round1_20260927
crop,1ch,M2_byte_affine,shared,full,crop:uint8:1ch:t0,uint8:1ch,t0,baseline,train,9216.0,9216.0,0.005208333333333333,0.6542897216665248,0.3732111256700191,0.003361945988592416,0.6158248898508882,-0.038464831815636535,-0.058788684189725215,round1_20260927
crop,1ch,M2_byte_affine,shared,full,crop:uint8:1ch:t1,uint8:1ch,t1,baseline,train,16384.0,16384.0,0.009259259259259259,0.6373593606986105,0.3635539373242491,0.006402691068913746,0.6168152371065991,-0.02054412359201141,-0.032233187207751944,round1_20260927
crop,1ch,M2_byte_affine,shared,full,crop:uint8:1ch:t2,uint8:1ch,t2,baseline,train,25600.0,25600.0,0.014467592592592593,0.6523193644049267,0.3720872210338586,0.015200968703644917,0.6180885407210847,-0.034230823683842004,-0.052475559598125394,round1_20260927
crop,1ch,M2_byte_affine,shared,full,crop:uint8:1ch:t3,uint8:1ch,t3,baseline,train,36864.0,36864.0,0.020833333333333332,0.651539055009683,0.3716421274642577,0.015572177762365426,0.6196448006943448,-0.03189425431533821,-0.0489521757293033,round1_20260927
crop,1ch,M2_byte_affine,shared,full,crop:uint8:1ch:t4,uint8:1ch,t4,baseline,train,65536.0,65536.0,0.037037037037037035,0.6567829544655979,0.3746332819238716,0.01662355398703421,0.6236061897171886,-0.03317676474840925,-0.0505140465702312,round1_20260927
crop,1ch,M2_byte_affine,shared,full,crop:uint8:1ch:t5,uint8:1ch,t5,baseline,train,102400.0,102400.0,0.05787037037037037,0.6602131412364542,0.3765898828356955,0.015645069463610384,0.6286994041751307,-0.03151373706132354,-0.047732671607087794,round1_20260927
crop,1ch,M2_byte_affine,shared,full,crop:uint8:1ch:t6,uint8:1ch,t6,baseline,train,147456.0,147456.0,0.08333333333333333,0.6757588102482259,0.3854572338562788,0.006721314391668743,0.634924444068171,-0.04083436618005498,-0.060427427006175954,round1_20260927
crop,1ch,M2_byte_affine,shared,full,crop:uint8:1ch:t7,uint8:1ch,t7,baseline+control,train,200704.0,200704.0,0.11342592592592593,0.6909588902878264,0.39412745867259497,0.009539790068425244,0.6422813093963095,-0.04867758089151697,-0.07044931554645718,"round1_20260927,round2_20260927"
crop,1ch,M2_byte_affine,shared,full,crop:uint8:1ch:xt0,uint8:1ch,xt0,extension,train,200704.0,200704.0,0.11342592592592593,0.7113640444974104,0.4057666917521428,0.0235513864975227,0.6422813093963095,-0.06908273510110097,-0.09711305432917822,round2_20260927
crop,1ch,M2_byte_affine,shared,full,crop:uint8:1ch:xt1,uint8:1ch,xt1,extension,train,451584.0,451584.0,0.2552083333333333,0.7736371938760082,0.44128770241299664,0.014298812975672733,0.676943463346193,-0.09669373052981511,-0.12498588653082823,round2_20260927
crop,1ch,M2_byte_affine,shared,full,crop:uint8:1ch:xt2,uint8:1ch,xt2,extension,train,692224.0,692224.0,0.3912037037037037,0.8348308278558155,0.47619295044787724,0.025888278049741347,0.7101908355022036,-0.1246399923536119,-0.1492997002443453,round2_20260927
crop,1ch,M2_byte_affine,shared,full,crop:uint8:1ch:xt3,uint8:1ch,xt3,extension,train,921600.0,921600.0,0.5208333333333334,0.8647638590385517,0.4932669467105275,0.030836564038458327,0.7418819476849543,-0.12288191135359738,-0.1420988054359927,round2_20260927
crop,1ch,M3_element_prop,shared,full,crop:float32:1ch:v0,float32:1ch,v0,baseline,validation,12544.0,50176.0,0.028356481481481483,0.5707618384622037,0.325566276174115,0.004631846766641471,0.018970571346951404,-0.5517912671152523,-0.9667627194591992,round1_20260927
crop,1ch,M3_element_prop,shared,full,crop:float32:1ch:v1,float32:1ch,v1,baseline,validation,50176.0,200704.0,0.11342592592592593,0.5633277267528077,0.32132581035668856,0.0043693318606459735,0.07588228538780561,-0.4874454413650021,-0.8652963776073758,round1_20260927
crop,1ch,M3_element_prop,shared,full,crop:float32:1ch:v2,float32:1ch,v2,baseline,validation,82944.0,331776.0,0.1875,0.600438821905603,0.34249422113585265,0.025307805692878972,0.1254380636002501,-0.47500075830535293,-0.7910893516142922,round1_20260927
crop,1ch,M3_element_prop,shared,full,crop:float32:1ch:v3,float32:1ch,v3,baseline,validation,173056.0,692224.0,0.3912037037037037,0.6043594043391446,0.3447305469328975,0.031194495086642057,0.26171645368447244,-0.34264295065467215,-0.5669522939406323,round1_20260927
crop,1ch,M3_element_prop,shared,full,crop:uint8:1ch:v0,uint8:1ch,v0,baseline,validation,12544.0,12544.0,0.007089120370370371,0.6491960127217075,0.37030564085774254,0.016002700143506268,0.018970571346951404,-0.6302254413747561,-0.9707783612727093,round1_20260927
crop,1ch,M3_element_prop,shared,full,crop:uint8:1ch:v1,uint8:1ch,v1,baseline,validation,50176.0,50176.0,0.028356481481481483,0.6557016113462547,0.37401647675417143,0.018673417069151453,0.07588228538780561,-0.5798193259584491,-0.884273144865379,round1_20260927
crop,1ch,M3_element_prop,shared,full,crop:uint8:1ch:v2,uint8:1ch,v2,baseline,validation,82944.0,82944.0,0.046875,0.6664095803474387,0.3801243721287046,0.01385955203125734,0.1254380636002501,-0.5409715167471886,-0.8117703176853313,round1_20260927
crop,1ch,M3_element_prop,shared,full,crop:uint8:1ch:v3,uint8:1ch,v3,baseline,validation,173056.0,173056.0,0.09780092592592593,0.684085824371626,0.3902070170357374,0.010697271499528295,0.26171645368447244,-0.4223693706871536,-0.6174216094524766,round1_20260927
crop,1ch,M3_element_prop,shared,full,crop:uint8:1ch:xv0,uint8:1ch,xv0,extension,validation,331776.0,331776.0,0.1875,0.7119952173282703,0.4061267168524876,0.006694391307386477,0.5017522544010004,-0.21024296292726996,-0.2952870438037451,round2_20260927
crop,1ch,M3_element_prop,shared,full,crop:uint8:1ch:xv1,uint8:1ch,xv1,extension,validation,589824.0,589824.0,0.3333333333333333,0.8148191488968829,0.4647781582182404,0.031972814817732655,0.8920040078240007,0.0771848589271178,0.0947263684605499,round2_20260927
crop,1ch,M3_element_prop,shared,full,crop:uint8:1ch:xv2,uint8:1ch,xv2,extension,validation,802816.0,802816.0,0.4537037037037037,0.8496900593551496,0.48466875303321016,0.020183863702232137,1.2141165662048898,0.3644265068497402,0.4288934568992278,round2_20260927
crop,1ch,M3_element_prop,shared,full,crop:uint8:1ch:xv3,uint8:1ch,xv3,extension,validation,972196.0,972196.0,0.5494271737557871,0.9669082937762141,0.5515307986510297,0.06429005276001525,1.470273722992727,0.5033654292165128,0.5205927309307103,round2_20260927
crop,1ch,M3_element_prop,shared,full,crop:float32:1ch:t0,float32:1ch,t0,baseline,train,9216.0,36864.0,0.020833333333333332,0.5785837164148688,0.3300279263863974,0.012238528714390653,0.01393756262225001,-0.5646461537926188,-0.9759108972015103,round1_20260927
crop,1ch,M3_element_prop,shared,full,crop:float32:1ch:t1,float32:1ch,t1,baseline,train,16384.0,65536.0,0.037037037037037035,0.5717300654699405,0.3261185591758121,0.01011375049574464,0.02477788910622224,-0.5469521763637183,-0.9566615600565701,round1_20260927
crop,1ch,M3_element_prop,shared,full,crop:float32:1ch:t2,float32:1ch,t2,baseline,train,25600.0,102400.0,0.05787037037037037,0.5701976781710982,0.32524447546362006,0.004427182268971041,0.03871545172847225,-0.531482226442626,-0.9321017022506097,round1_20260927
crop,1ch,M3_element_prop,shared,full,crop:float32:1ch:t3,float32:1ch,t3,baseline,train,36864.0,147456.0,0.08333333333333333,0.5515510371575753,0.3146083097832297,0.00721971233134883,0.05575025048900004,-0.4958007866685752,-0.8989209579292795,round1_20260927
crop,1ch,M3_element_prop,shared,full,crop:float32:1ch:t4,float32:1ch,t4,baseline,train,65536.0,262144.0,0.14814814814814814,0.5695432106343409,0.3248711629110622,0.0031876197877786427,0.09911155642488896,-0.47043165420945193,-0.8259806199524329,round1_20260927
crop,1ch,M3_element_prop,shared,full,crop:float32:1ch:t5,float32:1ch,t5,baseline,train,102400.0,409600.0,0.23148148148148148,0.56861407821998,0.3243411797204706,0.014135168778122964,0.154861806913889,-0.413752271306091,-0.7276504173117262,round1_20260927
crop,1ch,M3_element_prop,shared,full,crop:float32:1ch:t6,float32:1ch,t6,baseline,train,147456.0,589824.0,0.3333333333333333,0.5762292429183921,0.3286849193439787,0.009753250128134825,0.22300100195600017,-0.3532282409623919,-0.6129995054978796,round1_20260927
crop,1ch,M3_element_prop,shared,full,crop:float32:1ch:t7,float32:1ch,t7,baseline,train,200704.0,802816.0,0.4537037037037037,0.5712173126327494,0.32582608161240006,0.0045495914257998515,0.30352914155122246,-0.267688171081527,-0.46862755235437115,round1_20260927
crop,1ch,M3_element_prop,shared,full,crop:uint8:1ch:t0,uint8:1ch,t0,baseline,train,9216.0,9216.0,0.005208333333333333,0.6542897216665248,0.3732111256700191,0.003361945988592416,0.01393756262225001,-0.6403521590442748,-0.978698178863715,round1_20260927
crop,1ch,M3_element_prop,shared,full,crop:uint8:1ch:t1,uint8:1ch,t1,baseline,train,16384.0,16384.0,0.009259259259259259,0.6373593606986105,0.3635539373242491,0.006402691068913746,0.02477788910622224,-0.6125814715923883,-0.9611241465425986,round1_20260927
crop,1ch,M3_element_prop,shared,full,crop:uint8:1ch:t2,uint8:1ch,t2,baseline,train,25600.0,25600.0,0.014467592592592593,0.6523193644049267,0.3720872210338586,0.015200968703644917,0.03871545172847225,-0.6136039126764544,-0.9406495440101029,round1_20260927
crop,1ch,M3_element_prop,shared,full,crop:uint8:1ch:t3,uint8:1ch,t3,baseline,train,36864.0,36864.0,0.020833333333333332,0.651539055009683,0.3716421274642577,0.015572177762365426,0.05575025048900004,-0.595788804520683,-0.9144329874620156,round1_20260927
crop,1ch,M3_element_prop,shared,full,crop:uint8:1ch:t4,uint8:1ch,t4,baseline,train,65536.0,65536.0,0.037037037037037035,0.6567829544655979,0.3746332819238716,0.01662355398703421,0.09911155642488896,-0.5576713980407089,-0.8490954191928858,round1_20260927
crop,1ch,M3_element_prop,shared,full,crop:uint8:1ch:t5,uint8:1ch,t5,baseline,train,102400.0,102400.0,0.05787037037037037,0.6602131412364542,0.3765898828356955,0.015645069463610384,0.154861806913889,-0.5053513343225653,-0.765436648801231,round1_20260927
crop,1ch,M3_element_prop,shared,full,crop:uint8:1ch:t6,uint8:1ch,t6,baseline,train,147456.0,147456.0,0.08333333333333333,0.6757588102482259,0.3854572338562788,0.006721314391668743,0.22300100195600017,-0.4527578082922258,-0.6699991201386107,round1_20260927
crop,1ch,M3_element_prop,shared,full,crop:uint8:1ch:t7,uint8:1ch,t7,baseline+control,train,200704.0,200704.0,0.11342592592592593,0.6909588902878264,0.39412745867259497,0.009539790068425244,0.30352914155122246,-0.38742974873660396,-0.5607131685869414,"round1_20260927,round2_20260927"
crop,1ch,M3_element_prop,shared,full,crop:uint8:1ch:xt0,uint8:1ch,xt0,extension,train,200704.0,200704.0,0.11342592592592593,0.7113640444974104,0.4057666917521428,0.0235513864975227,0.30352914155122246,-0.40783490294618796,-0.5733139116334304,round2_20260927
crop,1ch,M3_element_prop,shared,full,crop:uint8:1ch:xt1,uint8:1ch,xt1,extension,train,451584.0,451584.0,0.2552083333333333,0.7736371938760082,0.44128770241299664,0.014298812975672733,0.6829405684902505,-0.09069662538575762,-0.11723405506314591,round2_20260927
crop,1ch,M3_element_prop,shared,full,crop:uint8:1ch:xt2,uint8:1ch,xt2,extension,train,692224.0,692224.0,0.3912037037037037,0.8348308278558155,0.47619295044787724,0.025888278049741347,1.0468658147378898,0.21203498688207423,0.2539855738517301,round2_20260927
crop,1ch,M3_element_prop,shared,full,crop:uint8:1ch:xt3,uint8:1ch,xt3,extension,train,921600.0,921600.0,0.5208333333333334,0.8647638590385517,0.4932669467105275,0.030836564038458327,1.393756262225001,0.5289924031864494,0.611718907603962,round2_20260927
crop,1ch,M4_element_affine,shared,full,crop:float32:1ch:v0,float32:1ch,v0,baseline,validation,12544.0,50176.0,0.028356481481481483,0.5707618384622037,0.325566276174115,0.004631846766641471,0.6002067728991133,0.029444934436909542,0.05158882821641098,round1_20260927
crop,1ch,M4_element_affine,shared,full,crop:float32:1ch:v1,float32:1ch,v1,baseline,validation,50176.0,200704.0,0.11342592592592593,0.5633277267528077,0.32132581035668856,0.0043693318606459735,0.6120833748461892,0.04875564809338151,0.08654934912297658,round1_20260927
crop,1ch,M4_element_affine,shared,full,crop:float32:1ch:v2,float32:1ch,v2,baseline,validation,82944.0,331776.0,0.1875,0.600438821905603,0.34249422113585265,0.025307805692878972,0.622424905793303,0.02198608388769996,0.03661669280131334,round1_20260927
crop,1ch,M4_element_affine,shared,full,crop:float32:1ch:v3,float32:1ch,v3,baseline,validation,173056.0,692224.0,0.3912037037037037,0.6043594043391446,0.3447305469328975,0.031194495086642057,0.6508641158978657,0.04650471155872116,0.07694876794309698,round1_20260927
crop,1ch,M4_element_affine,shared,full,crop:uint8:1ch:v0,uint8:1ch,v0,baseline,validation,12544.0,12544.0,0.007089120370370371,0.6491960127217075,0.37030564085774254,0.016002700143506268,0.6002067728991133,-0.04898923982259418,-0.07546139973535931,round1_20260927
crop,1ch,M4_element_affine,shared,full,crop:uint8:1ch:v1,uint8:1ch,v1,baseline,validation,50176.0,50176.0,0.028356481481481483,0.6557016113462547,0.37401647675417143,0.018673417069151453,0.6120833748461892,-0.043618236500065466,-0.06652147218383468,round1_20260927
crop,1ch,M4_element_affine,shared,full,crop:uint8:1ch:v2,uint8:1ch,v2,baseline,validation,82944.0,82944.0,0.046875,0.6664095803474387,0.3801243721287046,0.01385955203125734,0.622424905793303,-0.04398467455413568,-0.06600246432712428,round1_20260927
crop,1ch,M4_element_affine,shared,full,crop:uint8:1ch:v3,uint8:1ch,v3,baseline,validation,173056.0,173056.0,0.09780092592592593,0.684085824371626,0.3902070170357374,0.010697271499528295,0.6508641158978657,-0.03322170847376027,-0.048563655743453546,round1_20260927
crop,1ch,M4_element_affine,shared,full,crop:uint8:1ch:xv0,uint8:1ch,xv0,extension,validation,331776.0,331776.0,0.1875,0.7119952173282703,0.4061267168524876,0.006694391307386477,0.7009559064229479,-0.011039310905322397,-0.015504754297011867,round2_20260927
crop,1ch,M4_element_affine,shared,full,crop:uint8:1ch:xv1,uint8:1ch,xv1,extension,validation,589824.0,589824.0,0.3333333333333333,0.8148191488968829,0.4647781582182404,0.031972814817732655,0.7823954626314685,-0.032423686265414364,-0.03979249421090575,round2_20260927
crop,1ch,M4_element_affine,shared,full,crop:uint8:1ch:xv2,uint8:1ch,xv2,extension,validation,802816.0,802816.0,0.4537037037037037,0.8496900593551496,0.48466875303321016,0.020183863702232137,0.8496154137877078,-7.464556744185558e-05,-8.785034804162108e-05,round2_20260927
crop,1ch,M4_element_affine,shared,full,crop:uint8:1ch:xv3,uint8:1ch,xv3,extension,validation,972196.0,972196.0,0.5494271737557871,0.9669082937762141,0.5515307986510297,0.06429005276001525,0.9030714840947794,-0.06383680968143468,-0.06602157628840175,round2_20260927
crop,1ch,M4_element_affine,shared,full,crop:float32:1ch:t0,float32:1ch,t0,baseline,train,9216.0,36864.0,0.020833333333333332,0.5785837164148688,0.3300279263863974,0.012238528714390653,0.599156461162297,0.020572744747428207,0.03555707525767401,round1_20260927
crop,1ch,M4_element_affine,shared,full,crop:float32:1ch:t1,float32:1ch,t1,baseline,train,16384.0,65536.0,0.037037037037037035,0.5717300654699405,0.3261185591758121,0.01011375049574464,0.6014186710569782,0.029688605587037675,0.05192766198614159,round1_20260927
crop,1ch,M4_element_affine,shared,full,crop:float32:1ch:t2,float32:1ch,t2,baseline,train,25600.0,102400.0,0.05787037037037037,0.5701976781710982,0.32524447546362006,0.004427182268971041,0.6043272266358539,0.03412954846475569,0.059855642650502854,round1_20260927
crop,1ch,M4_element_affine,shared,full,crop:float32:1ch:t3,float32:1ch,t3,baseline,train,36864.0,147456.0,0.08333333333333333,0.5515510371575753,0.3146083097832297,0.00721971233134883,0.6078821278989243,0.05633109074134901,0.10213214543417767,round1_20260927
crop,1ch,M4_element_affine,shared,full,crop:float32:1ch:t4,float32:1ch,t4,baseline,train,65536.0,262144.0,0.14814814814814814,0.5695432106343409,0.3248711629110622,0.0031876197877786427,0.6169309674776488,0.04738775684330787,0.08320309321311854,round1_20260927
crop,1ch,M4_element_affine,shared,full,crop:float32:1ch:t5,float32:1ch,t5,baseline,train,102400.0,409600.0,0.23148148148148148,0.56861407821998,0.3243411797204706,0.014135168778122964,0.6285651897931518,0.05995111157317179,0.10543374473042588,round1_20260927
crop,1ch,M4_element_affine,shared,full,crop:float32:1ch:t6,float32:1ch,t6,baseline,train,147456.0,589824.0,0.3333333333333333,0.5762292429183921,0.3286849193439787,0.009753250128134825,0.6427847948454332,0.0665555519270411,0.11550186448358882,round1_20260927
crop,1ch,M4_element_affine,shared,full,crop:float32:1ch:t7,float32:1ch,t7,baseline,train,200704.0,802816.0,0.4537037037037037,0.5712173126327494,0.32582608161240006,0.0045495914257998515,0.659589782634493,0.08837247000174353,0.15470901887485422,round1_20260927
crop,1ch,M4_element_affine,shared,full,crop:uint8:1ch:t0,uint8:1ch,t0,baseline,train,9216.0,9216.0,0.005208333333333333,0.6542897216665248,0.3732111256700191,0.003361945988592416,0.599156461162297,-0.05513326050422773,-0.08426429252747422,round1_20260927
crop,1ch,M4_element_affine,shared,full,crop:uint8:1ch:t1,uint8:1ch,t1,baseline,train,16384.0,16384.0,0.009259259259259259,0.6373593606986105,0.3635539373242491,0.006402691068913746,0.6014186710569782,-0.03594068964163233,-0.05638999261301769,round1_20260927
crop,1ch,M4_element_affine,shared,full,crop:uint8:1ch:t2,uint8:1ch,t2,baseline,train,25600.0,25600.0,0.014467592592592593,0.6523193644049267,0.3720872210338586,0.015200968703644917,0.6043272266358539,-0.04799213776907274,-0.07357153625640594,round1_20260927
crop,1ch,M4_element_affine,shared,full,crop:uint8:1ch:t3,uint8:1ch,t3,baseline,train,36864.0,36864.0,0.020833333333333332,0.651539055009683,0.3716421274642577,0.015572177762365426,0.6078821278989243,-0.04365692711075875,-0.06700584834490073,round1_20260927
crop,1ch,M4_element_affine,shared,full,crop:uint8:1ch:t4,uint8:1ch,t4,baseline,train,65536.0,65536.0,0.037037037037037035,0.6567829544655979,0.3746332819238716,0.01662355398703421,0.6169309674776488,-0.03985198698794912,-0.060677559788949356,round1_20260927
crop,1ch,M4_element_affine,shared,full,crop:uint8:1ch:t5,uint8:1ch,t5,baseline,train,102400.0,102400.0,0.05787037037037037,0.6602131412364542,0.3765898828356955,0.015645069463610384,0.6285651897931518,-0.03164795144330246,-0.04793596108073801,round1_20260927
crop,1ch,M4_element_affine,shared,full,crop:uint8:1ch:t6,uint8:1ch,t6,baseline,train,147456.0,147456.0,0.08333333333333333,0.6757588102482259,0.3854572338562788,0.006721314391668743,0.6427847948454332,-0.03297401540279277,-0.048795539033639014,round1_20260927
crop,1ch,M4_element_affine,shared,full,crop:uint8:1ch:t7,uint8:1ch,t7,baseline+control,train,200704.0,200704.0,0.11342592592592593,0.6909588902878264,0.39412745867259497,0.009539790068425244,0.659589782634493,-0.03136910765333345,-0.04539938351508337,"round1_20260927,round2_20260927"
crop,1ch,M4_element_affine,shared,full,crop:uint8:1ch:xt0,uint8:1ch,xt0,extension,train,200704.0,200704.0,0.11342592592592593,0.7113640444974104,0.4057666917521428,0.0235513864975227,0.659589782634493,-0.05177426186291745,-0.0727816682096953,round2_20260927
crop,1ch,M4_element_affine,shared,full,crop:uint8:1ch:xt1,uint8:1ch,xt1,extension,train,451584.0,451584.0,0.2552083333333333,0.7736371938760082,0.44128770241299664,0.014298812975672733,0.7387671289483324,-0.03487006492767575,-0.04507289101881575,round2_20260927
crop,1ch,M4_element_affine,shared,full,crop:uint8:1ch:xt2,uint8:1ch,xt2,extension,train,692224.0,692224.0,0.3912037037037037,0.8348308278558155,0.47619295044787724,0.025888278049741347,0.814712746841199,-0.02011808101461654,-0.02409839256450069,round2_20260927
crop,1ch,M4_element_affine,shared,full,crop:uint8:1ch:xt3,uint8:1ch,xt3,extension,train,921600.0,921600.0,0.5208333333333334,0.8647638590385517,0.4932669467105275,0.030836564038458327,0.8871034634709951,0.022339604432443427,0.02583318463063512,round2_20260927
crop,1ch,M5_repr_element_affine,float32:1ch,full,crop:float32:1ch:v0,float32:1ch,v0,baseline,validation,12544.0,50176.0,0.028356481481481483,0.5707618384622037,0.325566276174115,0.004631846766641471,0.5685826166407417,-0.0021792218214620185,-0.0038180930724686637,round1_20260927
crop,1ch,M5_repr_element_affine,float32:1ch,full,crop:float32:1ch:v1,float32:1ch,v1,baseline,validation,50176.0,200704.0,0.11342592592592593,0.5633277267528077,0.32132581035668856,0.0043693318606459735,0.5692552767263478,0.005927549973540058,0.010522382783656432,round1_20260927
crop,1ch,M5_repr_element_affine,float32:1ch,full,crop:float32:1ch:v2,float32:1ch,v2,baseline,validation,82944.0,331776.0,0.1875,0.600438821905603,0.34249422113585265,0.025307805692878972,0.5698409943519095,-0.030597827553693557,-0.0509591093004042,round1_20260927
crop,1ch,M5_repr_element_affine,float32:1ch,full,crop:float32:1ch:v3,float32:1ch,v3,baseline,validation,173056.0,692224.0,0.3912037037037037,0.6043594043391446,0.3447305469328975,0.031194495086642057,0.571451717822204,-0.03290768651694054,-0.05445052444070836,round1_20260927
crop,1ch,M5_repr_element_affine,float32:1ch,full,crop:float32:1ch:t0,float32:1ch,t0,baseline,train,9216.0,36864.0,0.020833333333333332,0.5785837164148688,0.3300279263863974,0.012238528714390653,0.5685231296943957,-0.010060586720473164,-0.017388299108748683,round1_20260927
crop,1ch,M5_repr_element_affine,float32:1ch,full,crop:float32:1ch:t1,float32:1ch,t1,baseline,train,16384.0,65536.0,0.037037037037037035,0.5717300654699405,0.3261185591758121,0.01011375049574464,0.5686512554249873,-0.0030788100449532507,-0.005385076333920947,round1_20260927
crop,1ch,M5_repr_element_affine,float32:1ch,full,crop:float32:1ch:t2,float32:1ch,t2,baseline,train,25600.0,102400.0,0.05787037037037037,0.5701976781710982,0.32524447546362006,0.004427182268971041,0.5688159885071765,-0.0013816896639217147,-0.0024231765873783746,round1_20260927
crop,1ch,M5_repr_element_affine,float32:1ch,full,crop:float32:1ch:t3,float32:1ch,t3,baseline,train,36864.0,147456.0,0.08333333333333333,0.5515510371575753,0.3146083097832297,0.00721971233134883,0.5690173289409634,0.0174662917833881,0.031667589410040525,round1_20260927
crop,1ch,M5_repr_element_affine,float32:1ch,full,crop:float32:1ch:t4,float32:1ch,t4,baseline,train,65536.0,262144.0,0.14814814814814814,0.5695432106343409,0.3248711629110622,0.0031876197877786427,0.5695298318633298,-1.3378771011041124e-05,-2.349035290253084e-05,round1_20260927
crop,1ch,M5_repr_element_affine,float32:1ch,full,crop:float32:1ch:t5,float32:1ch,t5,baseline,train,102400.0,409600.0,0.23148148148148148,0.56861407821998,0.3243411797204706,0.014135168778122964,0.5701887641920867,0.0015746859721067485,0.0027693404585342487,round1_20260927
crop,1ch,M5_repr_element_affine,float32:1ch,full,crop:float32:1ch:t6,float32:1ch,t6,baseline,train,147456.0,589824.0,0.3333333333333333,0.5762292429183921,0.3286849193439787,0.009753250128134825,0.570994125927234,-0.005235116991158084,-0.009085128975135167,round1_20260927
crop,1ch,M5_repr_element_affine,float32:1ch,full,crop:float32:1ch:t7,float32:1ch,t7,baseline,train,200704.0,802816.0,0.4537037037037037,0.5712173126327494,0.32582608161240006,0.0045495914257998515,0.5719459170687717,0.0007286044360222954,0.0012755293299219982,round1_20260927
crop,1ch,M5_repr_element_affine,uint8:1ch,full,crop:uint8:1ch:v0,uint8:1ch,v0,baseline,validation,12544.0,12544.0,0.007089120370370371,0.6491960127217075,0.37030564085774254,0.016002700143506268,0.6469293874966751,-0.0022666252250324037,-0.003491434298140158,round1_20260927
crop,1ch,M5_repr_element_affine,uint8:1ch,full,crop:uint8:1ch:v1,uint8:1ch,v1,baseline,validation,50176.0,50176.0,0.028356481481481483,0.6557016113462547,0.37401647675417143,0.018673417069151453,0.6566242003994286,0.0009225890531738834,0.0014070257525822887,round1_20260927
crop,1ch,M5_repr_element_affine,uint8:1ch,full,crop:uint8:1ch:v2,uint8:1ch,v2,baseline,validation,82944.0,82944.0,0.046875,0.6664095803474387,0.3801243721287046,0.01385955203125734,0.6650659422467241,-0.0013436381007145837,-0.002016234670597121,round1_20260927
crop,1ch,M5_repr_element_affine,uint8:1ch,full,crop:uint8:1ch:v3,uint8:1ch,v3,baseline,validation,173056.0,173056.0,0.09780092592592593,0.684085824371626,0.3902070170357374,0.010697271499528295,0.688280732326787,0.004194907955160976,0.006132136942048538,round1_20260927
crop,1ch,M5_repr_element_affine,uint8:1ch,full,crop:uint8:1ch:xv0,uint8:1ch,xv0,extension,validation,331776.0,331776.0,0.1875,0.7119952173282703,0.4061267168524876,0.006694391307386477,0.7291704193996249,0.01717520207135459,0.02412263685675271,round2_20260927
crop,1ch,M5_repr_element_affine,uint8:1ch,full,crop:uint8:1ch:xv1,uint8:1ch,xv1,extension,validation,589824.0,589824.0,0.3333333333333333,0.8148191488968829,0.4647781582182404,0.031972814817732655,0.7956491364470775,-0.01917001244980543,-0.02352670832019368,round2_20260927
crop,1ch,M5_repr_element_affine,uint8:1ch,full,crop:uint8:1ch:xv2,uint8:1ch,xv2,extension,validation,802816.0,802816.0,0.4537037037037037,0.8496900593551496,0.48466875303321016,0.020183863702232137,0.8505204584544988,0.0008303990993491217,0.0009772964744101298,round2_20260927
crop,1ch,M5_repr_element_affine,uint8:1ch,full,crop:uint8:1ch:xv3,uint8:1ch,xv3,extension,validation,972196.0,972196.0,0.5494271737557871,0.9669082937762141,0.5515307986510297,0.06429005276001525,0.8941563908914776,-0.07275190288473654,-0.07524178182463144,round2_20260927
crop,1ch,M5_repr_element_affine,uint8:1ch,full,crop:uint8:1ch:t0,uint8:1ch,t0,baseline,train,9216.0,9216.0,0.005208333333333333,0.6542897216665248,0.3732111256700191,0.003361945988592416,0.6460720230903091,-0.008217698576215682,-0.012559724391336288,round1_20260927
crop,1ch,M5_repr_element_affine,uint8:1ch,full,crop:uint8:1ch:t1,uint8:1ch,t1,baseline,train,16384.0,16384.0,0.009259259259259259,0.6373593606986105,0.3635539373242491,0.006402691068913746,0.647918654119405,0.010559293420794424,0.016567252435455513,round1_20260927
crop,1ch,M5_repr_element_affine,uint8:1ch,full,crop:uint8:1ch:t2,uint8:1ch,t2,baseline,train,25600.0,25600.0,0.014467592592592593,0.6523193644049267,0.3720872210338586,0.015200968703644917,0.6502928940139568,-0.0020264703909698145,-0.0031065617572436266,round1_20260927
crop,1ch,M5_repr_element_affine,uint8:1ch,full,crop:uint8:1ch:t3,uint8:1ch,t3,baseline,train,36864.0,36864.0,0.020833333333333332,0.651539055009683,0.3716421274642577,0.015572177762365426,0.6531947427739647,0.0016556877642817103,0.0025411949622223397,round1_20260927
crop,1ch,M5_repr_element_affine,uint8:1ch,full,crop:uint8:1ch:t4,uint8:1ch,t4,baseline,train,65536.0,65536.0,0.037037037037037035,0.6567829544655979,0.3746332819238716,0.01662355398703421,0.6605812668903484,0.003798312424750483,0.005783207982066224,round1_20260927
crop,1ch,M5_repr_element_affine,uint8:1ch,full,crop:uint8:1ch:t5,uint8:1ch,t5,baseline,train,102400.0,102400.0,0.05787037037037037,0.6602131412364542,0.3765898828356955,0.015645069463610384,0.6700782264685559,0.009865085232101611,0.014942273359821609,round1_20260927
crop,1ch,M5_repr_element_affine,uint8:1ch,full,crop:uint8:1ch:t6,uint8:1ch,t6,baseline,train,147456.0,147456.0,0.08333333333333333,0.6757588102482259,0.3854572338562788,0.006721314391668743,0.6816856215085872,0.00592681126036132,0.008770601537824167,round1_20260927
crop,1ch,M5_repr_element_affine,uint8:1ch,full,crop:uint8:1ch:t7,uint8:1ch,t7,baseline+control,train,200704.0,200704.0,0.11342592592592593,0.6909588902878264,0.39412745867259497,0.009539790068425244,0.6954034520104426,0.004444561722616203,0.0064324546439583,"round1_20260927,round2_20260927"
crop,1ch,M5_repr_element_affine,uint8:1ch,full,crop:uint8:1ch:xt0,uint8:1ch,xt0,extension,train,200704.0,200704.0,0.11342592592592593,0.7113640444974104,0.4057666917521428,0.0235513864975227,0.6954034520104426,-0.015960592486967795,-0.022436602763981694,round2_20260927
crop,1ch,M5_repr_element_affine,uint8:1ch,full,crop:uint8:1ch:xt1,uint8:1ch,xt1,extension,train,451584.0,451584.0,0.2552083333333333,0.7736371938760082,0.44128770241299664,0.014298812975672733,0.7600355380287993,-0.013601655847208849,-0.017581439924136848,round2_20260927
crop,1ch,M5_repr_element_affine,uint8:1ch,full,crop:uint8:1ch:xt2,uint8:1ch,xt2,extension,train,692224.0,692224.0,0.3912037037037037,0.8348308278558155,0.47619295044787724,0.025888278049741347,0.8220295797198762,-0.012801248135939303,-0.015333942768762031,round2_20260927
crop,1ch,M5_repr_element_affine,uint8:1ch,full,crop:uint8:1ch:xt3,uint8:1ch,xt3,extension,train,921600.0,921600.0,0.5208333333333334,0.8647638590385517,0.4932669467105275,0.030836564038458327,0.8811217726509452,0.01635791361239347,0.018916046781349387,round2_20260927
crop,3ch,M1_byte_prop_anchored,shared,full,crop:float32:3ch:v0,float32:3ch,v0,baseline,validation,37632.0,150528.0,0.08506944444444445,1.5388586550640564,0.8777750159985308,0.03375883661806343,0.14913827402105434,-1.389720381043002,-0.9030851381117609,round1_20260927
crop,3ch,M1_byte_prop_anchored,shared,full,crop:float32:3ch:v1,float32:3ch,v1,baseline,validation,150528.0,602112.0,0.3402777777777778,1.60537365047882,0.9157156033112143,0.0022043744562438624,0.5965530960842174,-1.0088205543946027,-0.6284023374207687,round1_20260927
crop,3ch,M1_byte_prop_anchored,shared,full,crop:float32:3ch:v2,float32:3ch,v2,baseline,validation,248832.0,995328.0,0.5625,1.6670476148525875,0.9508948349363715,0.010829106996373369,0.9861387914861552,-0.6809088233664322,-0.40845193460574497,round1_20260927
crop,3ch,M1_byte_prop_anchored,shared,full,crop:float32:3ch:v3,float32:3ch,v3,baseline,validation,519168.0,2076672.0,1.1736111111111112,1.7830278639060755,1.0170507256242016,0.0024838722168261016,2.0574994538414844,0.2744715899354089,0.15393567060366883,round1_20260927
crop,3ch,M1_byte_prop_anchored,shared,full,crop:uint8:3ch:v0,uint8:3ch,v0,baseline,validation,37632.0,37632.0,0.021267361111111112,1.74175275877739,0.9935071363897734,0.01014986108406587,0.037284568505263585,-1.7044681902721264,-0.9785936503804161,round1_20260927
crop,3ch,M1_byte_prop_anchored,shared,full,crop:uint8:3ch:v1,uint8:3ch,v1,baseline,validation,150528.0,150528.0,0.08506944444444445,1.7710845451802015,1.0102381787075758,0.020532405241720838,0.14913827402105434,-1.6219462711591472,-0.9157926850940479,round1_20260927
crop,3ch,M1_byte_prop_anchored,shared,full,crop:uint8:3ch:v2,uint8:3ch,v2,baseline,validation,248832.0,248832.0,0.140625,1.8393144197762012,1.0491569442927027,0.017939233817294526,0.2465346978715388,-1.5927797219046624,-0.8659638095472899,round1_20260927
crop,3ch,M1_byte_prop_anchored,shared,full,crop:uint8:3ch:v3,uint8:3ch,v3,baseline,validation,519168.0,519168.0,0.2934027777777778,2.04330525904273,1.165514649798331,0.040297490026463975,0.5143748634603711,-1.528930395582359,-0.748263329140869,round1_20260927
crop,3ch,M1_byte_prop_anchored,shared,full,crop:float32:3ch:t0,float32:3ch,t0,baseline,train,27648.0,110592.0,0.0625,1.5664149944980938,0.8934933317827484,0.0037622157549926003,0.10957097683179502,-1.456844017666299,-0.9300498416979829,round1_20260927
crop,3ch,M1_byte_prop_anchored,shared,full,crop:float32:3ch:t1,float32:3ch,t1,baseline,train,49152.0,196608.0,0.1111111111111111,1.5674961575617392,0.8941100342475039,0.006419562873575843,0.1947928477009689,-1.3727033098607704,-0.8757299360759061,round1_20260927
crop,3ch,M1_byte_prop_anchored,shared,full,crop:float32:3ch:t2,float32:3ch,t2,baseline,train,76800.0,307200.0,0.1736111111111111,1.5853542818998296,0.9042964248721311,0.013772231908571683,0.30436382453276395,-1.2809904573670656,-0.8080152632079022,round1_20260927
crop,3ch,M1_byte_prop_anchored,shared,full,crop:float32:3ch:t3,float32:3ch,t3,baseline,train,110592.0,442368.0,0.25,1.592587736280014,0.9084224344399343,0.005169709773548009,0.4382839073271801,-1.154303828952834,-0.7247976376165441,round1_20260927
crop,3ch,M1_byte_prop_anchored,shared,full,crop:float32:3ch:t4,float32:3ch,t4,baseline,train,196608.0,786432.0,0.4444444444444444,1.6405843112928171,0.9357999939455435,0.005944575663893978,0.7791713908038757,-0.8614129204889415,-0.5250647068605263,round1_20260927
crop,3ch,M1_byte_prop_anchored,shared,full,crop:float32:3ch:t5,float32:3ch,t5,baseline,train,307200.0,1228800.0,0.6944444444444444,1.6897859323459368,0.9638649195739847,0.006987638824592055,1.2174552981310558,-0.472330634214881,-0.27952098853086227,round1_20260927
crop,3ch,M1_byte_prop_anchored,shared,full,crop:float32:3ch:t6,float32:3ch,t6,baseline+control,train,442368.0,1769472.0,1.0,1.7647263159354527,1.006611403266787,0.014182473372794293,1.7531356293087204,-0.01159068662673235,-0.006567979704313705,"round1_20260927,round2_20260927"
crop,3ch,M1_byte_prop_anchored,shared,full,crop:float32:3ch:t7,float32:3ch,t7,baseline,train,602112.0,2408448.0,1.3611111111111112,1.8230507158053417,1.0398800214471653,0.008876557310915389,2.3862123843368694,0.5631616685315277,0.30891168503929867,round1_20260927
crop,3ch,M1_byte_prop_anchored,shared,full,crop:uint8:3ch:t0,uint8:3ch,t0,baseline,train,27648.0,27648.0,0.015625,1.7404260369949043,0.9927503656298243,0.013394511211491707,0.027392744207948756,-1.7130332927869556,-0.9842608972598191,round1_20260927
crop,3ch,M1_byte_prop_anchored,shared,full,crop:uint8:3ch:t1,uint8:3ch,t1,baseline,train,49152.0,49152.0,0.027777777777777776,1.7391062566700082,0.9919975543225689,0.006685248895977168,0.04869821192524223,-1.690408044744766,-0.9719981388494984,round1_20260927
crop,3ch,M1_byte_prop_anchored,shared,full,crop:uint8:3ch:t2,uint8:3ch,t2,baseline,train,76800.0,76800.0,0.043402777777777776,1.7638549030137558,1.0061143436513593,0.002685958492455078,0.07609095613319099,-1.6877639468805647,-0.9568609889604974,round1_20260927
crop,3ch,M1_byte_prop_anchored,shared,full,crop:uint8:3ch:t3,uint8:3ch,t3,baseline,train,110592.0,110592.0,0.0625,1.7661560031895835,1.0074269062034849,0.01735001687548288,0.10957097683179502,-1.6565850263577886,-0.9379607596192434,round1_20260927
crop,3ch,M1_byte_prop_anchored,shared,full,crop:uint8:3ch:t4,uint8:3ch,t4,baseline,train,196608.0,196608.0,0.1111111111111111,1.8295853879923623,1.043607441093298,0.004697452895846064,0.1947928477009689,-1.6347925402913934,-0.8935316990508333,round1_20260927
crop,3ch,M1_byte_prop_anchored,shared,full,crop:uint8:3ch:t5,uint8:3ch,t5,baseline,train,307200.0,307200.0,0.1736111111111111,1.8901706114411354,1.0781656477921502,0.003689409193519574,0.30436382453276395,-1.5858067869083714,-0.838975475181732,round1_20260927
crop,3ch,M1_byte_prop_anchored,shared,full,crop:uint8:3ch:t6,uint8:3ch,t6,baseline,train,442368.0,442368.0,0.25,1.9923039052324991,1.1364231448642028,0.009104705023104169,0.4382839073271801,-1.554019997905319,-0.7800115202424236,round1_20260927
crop,3ch,M1_byte_prop_anchored,shared,full,crop:uint8:3ch:t7,uint8:3ch,t7,baseline,train,602112.0,602112.0,0.3402777777777778,2.076412501434485,1.184399236842409,0.04006167232980735,0.5965530960842174,-1.4798594053502676,-0.7127001038222944,round1_20260927
crop,3ch,M2_byte_affine,shared,full,crop:float32:3ch:v0,float32:3ch,v0,baseline,validation,37632.0,150528.0,0.08506944444444445,1.5388586550640564,0.8777750159985308,0.03375883661806343,1.7389915965761498,0.20013294151209338,0.13005284199006742,round1_20260927
crop,3ch,M2_byte_affine,shared,full,crop:float32:3ch:v1,float32:3ch,v1,baseline,validation,150528.0,602112.0,0.3402777777777778,1.60537365047882,0.9157156033112143,0.0022043744562438624,1.7528466863436134,0.14747303586479332,0.0918621255685914,round1_20260927
crop,3ch,M2_byte_affine,shared,full,crop:float32:3ch:v2,float32:3ch,v2,baseline,validation,248832.0,995328.0,0.5625,1.6670476148525875,0.9508948349363715,0.010829106996373369,1.7649109821955544,0.09786336734296697,0.05870460235871593,round1_20260927
crop,3ch,M2_byte_affine,shared,full,crop:float32:3ch:v3,float32:3ch,v3,baseline,validation,519168.0,2076672.0,1.1736111111111112,1.7830278639060755,1.0170507256242016,0.0024838722168261016,1.7980877957883925,0.015059931882317024,0.008446268388271432,round1_20260927
crop,3ch,M2_byte_affine,shared,full,crop:uint8:3ch:v0,uint8:3ch,v0,baseline,validation,37632.0,37632.0,0.021267361111111112,1.74175275877739,0.9935071363897734,0.01014986108406587,1.7355278241342837,-0.00622493464310625,-0.0035739484905284694,round1_20260927
crop,3ch,M2_byte_affine,shared,full,crop:uint8:3ch:v1,uint8:3ch,v1,baseline,validation,150528.0,150528.0,0.08506944444444445,1.7710845451802015,1.0102381787075758,0.020532405241720838,1.7389915965761498,-0.03209294860405176,-0.018120506269104403,round1_20260927
crop,3ch,M2_byte_affine,shared,full,crop:uint8:3ch:v2,uint8:3ch,v2,baseline,validation,248832.0,248832.0,0.140625,1.8393144197762012,1.0491569442927027,0.017939233817294526,1.742007670539135,-0.09730674923706628,-0.052903814699014916,round1_20260927
crop,3ch,M2_byte_affine,shared,full,crop:uint8:3ch:v3,uint8:3ch,v3,baseline,validation,519168.0,519168.0,0.2934027777777778,2.04330525904273,1.165514649798331,0.040297490026463975,1.7503018739373446,-0.2930033851053855,-0.14339677530250908,round1_20260927
crop,3ch,M2_byte_affine,shared,full,crop:float32:3ch:t0,float32:3ch,t0,baseline,train,27648.0,110592.0,0.0625,1.5664149944980938,0.8934933317827484,0.0037622157549926003,1.737766316528687,0.1713513220305931,0.10939075700401923,round1_20260927
crop,3ch,M2_byte_affine,shared,full,crop:float32:3ch:t1,float32:3ch,t1,baseline,train,49152.0,196608.0,0.1111111111111111,1.5674961575617392,0.8941100342475039,0.006419562873575843,1.7404053812462992,0.17290922368455997,0.11030918503399877,round1_20260927
crop,3ch,M2_byte_affine,shared,full,crop:float32:3ch:t2,float32:3ch,t2,baseline,train,76800.0,307200.0,0.1736111111111111,1.5853542818998296,0.9042964248721311,0.013772231908571683,1.7437984644546576,0.15844418255482795,0.09994244464079936,round1_20260927
crop,3ch,M2_byte_affine,shared,full,crop:float32:3ch:t3,float32:3ch,t3,baseline,train,110592.0,442368.0,0.25,1.592587736280014,0.9084224344399343,0.005169709773548009,1.7479455661537624,0.15535782987374835,0.09755056273171805,round1_20260927
crop,3ch,M2_byte_affine,shared,full,crop:float32:3ch:t4,float32:3ch,t4,baseline,train,196608.0,786432.0,0.4444444444444444,1.6405843112928171,0.9357999939455435,0.005944575663893978,1.7585018250242108,0.1179175137313937,0.0718753147398271,round1_20260927
crop,3ch,M2_byte_affine,shared,full,crop:float32:3ch:t5,float32:3ch,t5,baseline,train,307200.0,1228800.0,0.6944444444444444,1.6897859323459368,0.9638649195739847,0.006987638824592055,1.7720741578576447,0.08228822551170789,0.048697426068322634,round1_20260927
crop,3ch,M2_byte_affine,shared,full,crop:float32:3ch:t6,float32:3ch,t6,baseline+control,train,442368.0,1769472.0,1.0,1.7647263159354527,1.006611403266787,0.014182473372794293,1.7886625646540635,0.023936248718610775,0.013563717219189628,"round1_20260927,round2_20260927"
crop,3ch,M2_byte_affine,shared,full,crop:float32:3ch:t7,float32:3ch,t7,baseline,train,602112.0,2408448.0,1.3611111111111112,1.8230507158053417,1.0398800214471653,0.008876557310915389,1.808267045413468,-0.014783670391873782,-0.008109302864535517,round1_20260927
crop,3ch,M2_byte_affine,shared,full,crop:uint8:3ch:t0,uint8:3ch,t0,baseline,train,27648.0,27648.0,0.015625,1.7404260369949043,0.9927503656298243,0.013394511211491707,1.7352215041224182,-0.005204532872486123,-0.0029903786554885702,round1_20260927
crop,3ch,M2_byte_affine,shared,full,crop:uint8:3ch:t1,uint8:3ch,t1,baseline,train,49152.0,49152.0,0.027777777777777776,1.7391062566700082,0.9919975543225689,0.006685248895977168,1.7358812703018212,-0.0032249863681870217,-0.0018543929422473212,round1_20260927
crop,3ch,M2_byte_affine,shared,full,crop:uint8:3ch:t2,uint8:3ch,t2,baseline,train,76800.0,76800.0,0.043402777777777776,1.7638549030137558,1.0061143436513593,0.002685958492455078,1.7367295411039108,-0.027125361909845047,-0.015378454238780152,round1_20260927
crop,3ch,M2_byte_affine,shared,full,crop:uint8:3ch:t3,uint8:3ch,t3,baseline,train,110592.0,110592.0,0.0625,1.7661560031895835,1.0074269062034849,0.01735001687548288,1.737766316528687,-0.028389686660896585,-0.016074280306850767,round1_20260927
crop,3ch,M2_byte_affine,shared,full,crop:uint8:3ch:t4,uint8:3ch,t4,baseline,train,196608.0,196608.0,0.1111111111111111,1.8295853879923623,1.043607441093298,0.004697452895846064,1.7404053812462992,-0.08918000674606308,-0.04874328759474951,round1_20260927
crop,3ch,M2_byte_affine,shared,full,crop:uint8:3ch:t5,uint8:3ch,t5,baseline,train,307200.0,307200.0,0.1736111111111111,1.8901706114411354,1.0781656477921502,0.003689409193519574,1.7437984644546576,-0.14637214698647782,-0.07743858998785212,round1_20260927
crop,3ch,M2_byte_affine,shared,full,crop:uint8:3ch:t6,uint8:3ch,t6,baseline,train,442368.0,442368.0,0.25,1.9923039052324991,1.1364231448642028,0.009104705023104169,1.7479455661537624,-0.24435833907873672,-0.1226511369259302,round1_20260927
crop,3ch,M2_byte_affine,shared,full,crop:uint8:3ch:t7,uint8:3ch,t7,baseline,train,602112.0,602112.0,0.3402777777777778,2.076412501434485,1.184399236842409,0.04006167232980735,1.7528466863436134,-0.32356581509087157,-0.1558292559245029,round1_20260927
crop,3ch,M3_element_prop,shared,full,crop:float32:3ch:v0,float32:3ch,v0,baseline,validation,37632.0,150528.0,0.08506944444444445,1.5388586550640564,0.8777750159985308,0.03375883661806343,0.17624855577046353,-1.3626100992935928,-0.8854680024117438,round1_20260927
crop,3ch,M3_element_prop,shared,full,crop:float32:3ch:v1,float32:3ch,v1,baseline,validation,150528.0,602112.0,0.3402777777777778,1.60537365047882,0.9157156033112143,0.0022043744562438624,0.7049942230818541,-0.900379427396966,-0.5608534979557053,round1_20260927
crop,3ch,M3_element_prop,shared,full,crop:float32:3ch:v2,float32:3ch,v2,baseline,validation,248832.0,995328.0,0.5625,1.6670476148525875,0.9508948349363715,0.010829106996373369,1.165398613665922,-0.5016490011866654,-0.3009206196135105,round1_20260927
crop,3ch,M3_element_prop,shared,full,crop:float32:3ch:v3,float32:3ch,v3,baseline,validation,519168.0,2076672.0,1.1736111111111112,1.7830278639060755,1.0170507256242016,0.0024838722168261016,2.431510687772109,0.6484828238660334,0.3636975265464463,round1_20260927
crop,3ch,M3_element_prop,shared,full,crop:uint8:3ch:v0,uint8:3ch,v0,baseline,validation,37632.0,37632.0,0.021267361111111112,1.74175275877739,0.9935071363897734,0.01014986108406587,0.17624855577046353,-1.5655042030069264,-0.8988096589011979,round1_20260927
crop,3ch,M3_element_prop,shared,full,crop:uint8:3ch:v1,uint8:3ch,v1,baseline,validation,150528.0,150528.0,0.08506944444444445,1.7710845451802015,1.0102381787075758,0.020532405241720838,0.7049942230818541,-1.0660903220983475,-0.6019420840182853,round1_20260927
crop,3ch,M3_element_prop,shared,full,crop:uint8:3ch:v2,uint8:3ch,v2,baseline,validation,248832.0,248832.0,0.140625,1.8393144197762012,1.0491569442927027,0.017939233817294526,1.165398613665922,-0.6739158061102792,-0.36639510834274763,round1_20260927
crop,3ch,M3_element_prop,shared,full,crop:uint8:3ch:v3,uint8:3ch,v3,baseline,validation,519168.0,519168.0,0.2934027777777778,2.04330525904273,1.165514649798331,0.040297490026463975,2.431510687772109,0.3882054287293788,0.1899889539320471,round1_20260927
crop,3ch,M3_element_prop,shared,full,crop:float32:3ch:t0,float32:3ch,t0,baseline,train,27648.0,110592.0,0.0625,1.5664149944980938,0.8934933317827484,0.0037622157549926003,0.12948873485176912,-1.4369262596463248,-0.9173343364902738,round1_20260927
crop,3ch,M3_element_prop,shared,full,crop:float32:3ch:t1,float32:3ch,t1,baseline,train,49152.0,196608.0,0.1111111111111111,1.5674961575617392,0.8941100342475039,0.006419562873575843,0.230202195292034,-1.337293962269705,-0.8531401852683859,round1_20260927
crop,3ch,M3_element_prop,shared,full,crop:float32:3ch:t2,float32:3ch,t2,baseline,train,76800.0,307200.0,0.1736111111111111,1.5853542818998296,0.9042964248721311,0.013772231908571683,0.3596909301438031,-1.2256633517560265,-0.7731163726301209,round1_20260927
crop,3ch,M3_element_prop,shared,full,crop:float32:3ch:t3,float32:3ch,t3,baseline,train,110592.0,442368.0,0.25,1.592587736280014,0.9084224344399343,0.005169709773548009,0.5179549394070765,-1.0746327968729377,-0.6747714881838022,round1_20260927
crop,3ch,M3_element_prop,shared,full,crop:float32:3ch:t4,float32:3ch,t4,baseline,train,196608.0,786432.0,0.4444444444444444,1.6405843112928171,0.9357999939455435,0.005944575663893978,0.920808781168136,-0.7197755301246811,-0.4387312039802952,round1_20260927
crop,3ch,M3_element_prop,shared,full,crop:float32:3ch:t5,float32:3ch,t5,baseline,train,307200.0,1228800.0,0.6944444444444444,1.6897859323459368,0.9638649195739847,0.006987638824592055,1.4387637205752124,-0.25102221177072437,-0.1485526698770827,round1_20260927
crop,3ch,M3_element_prop,shared,full,crop:float32:3ch:t6,float32:3ch,t6,baseline+control,train,442368.0,1769472.0,1.0,1.7647263159354527,1.006611403266787,0.014182473372794293,2.071819757628306,0.30709344169285324,0.17401760200423372,"round1_20260927,round2_20260927"
crop,3ch,M3_element_prop,shared,full,crop:float32:3ch:t7,float32:3ch,t7,baseline,train,602112.0,2408448.0,1.3611111111111112,1.8230507158053417,1.0398800214471653,0.008876557310915389,2.8199768923274164,0.9969261765220747,0.5468450042991139,round1_20260927
crop,3ch,M3_element_prop,shared,full,crop:uint8:3ch:t0,uint8:3ch,t0,baseline,train,27648.0,27648.0,0.015625,1.7404260369949043,0.9927503656298243,0.013394511211491707,0.12948873485176912,-1.6109373021431352,-0.9255994037670512,round1_20260927
crop,3ch,M3_element_prop,shared,full,crop:uint8:3ch:t1,uint8:3ch,t1,baseline,train,49152.0,49152.0,0.027777777777777776,1.7391062566700082,0.9919975543225689,0.006685248895977168,0.230202195292034,-1.508904061377974,-0.8676318974708199,round1_20260927
crop,3ch,M3_element_prop,shared,full,crop:uint8:3ch:t2,uint8:3ch,t2,baseline,train,76800.0,76800.0,0.043402777777777776,1.7638549030137558,1.0061143436513593,0.002685958492455078,0.3596909301438031,-1.4041639728699526,-0.7960768034098336,round1_20260927
crop,3ch,M3_element_prop,shared,full,crop:uint8:3ch:t3,uint8:3ch,t3,baseline,train,110592.0,110592.0,0.0625,1.7661560031895835,1.0074269062034849,0.01735001687548288,0.5179549394070765,-1.2482010637825072,-0.7067331886471652,round1_20260927
crop,3ch,M3_element_prop,shared,full,crop:uint8:3ch:t4,uint8:3ch,t4,baseline,train,196608.0,196608.0,0.1111111111111111,1.8295853879923623,1.043607441093298,0.004697452895846064,0.920808781168136,-0.9087766068242262,-0.4967117756780095,round1_20260927
crop,3ch,M3_element_prop,shared,full,crop:uint8:3ch:t5,uint8:3ch,t5,baseline,train,307200.0,307200.0,0.1736111111111111,1.8901706114411354,1.0781656477921502,0.003689409193519574,1.4387637205752124,-0.451406890865923,-0.23881806654572513,round1_20260927
crop,3ch,M3_element_prop,shared,full,crop:uint8:3ch:t6,uint8:3ch,t6,baseline,train,442368.0,442368.0,0.25,1.9923039052324991,1.1364231448642028,0.009104705023104169,2.071819757628306,0.07951585239580683,0.03991150757019042,round1_20260927
crop,3ch,M3_element_prop,shared,full,crop:uint8:3ch:t7,uint8:3ch,t7,baseline,train,602112.0,602112.0,0.3402777777777778,2.076412501434485,1.184399236842409,0.04006167232980735,2.8199768923274164,0.7435643908929315,0.3581005173005083,round1_20260927
crop,3ch,M4_element_affine,shared,full,crop:float32:3ch:v0,float32:3ch,v0,baseline,validation,37632.0,150528.0,0.08506944444444445,1.5388586550640564,0.8777750159985308,0.03375883661806343,1.6502172434997517,0.11135858843569535,0.07236440336429725,round1_20260927
crop,3ch,M4_element_affine,shared,full,crop:float32:3ch:v1,float32:3ch,v1,baseline,validation,150528.0,602112.0,0.3402777777777778,1.60537365047882,0.9157156033112143,0.0022043744562438624,1.7108898560180479,0.1055162055392278,0.06572688265299262,round1_20260927
crop,3ch,M4_element_affine,shared,full,crop:float32:3ch:v2,float32:3ch,v2,baseline,validation,248832.0,995328.0,0.5625,1.6670476148525875,0.9508948349363715,0.010829106996373369,1.763720430183639,0.09667281533105165,0.05799043438816243,round1_20260927
crop,3ch,M4_element_affine,shared,full,crop:float32:3ch:v3,float32:3ch,v3,baseline,validation,519168.0,2076672.0,1.1736111111111112,1.7830278639060755,1.0170507256242016,0.0024838722168261016,1.909004509139015,0.1259766452329396,0.0706532117546177,round1_20260927
crop,3ch,M4_element_affine,shared,full,crop:uint8:3ch:v0,uint8:3ch,v0,baseline,validation,37632.0,37632.0,0.021267361111111112,1.74175275877739,0.9935071363897734,0.01014986108406587,1.6502172434997517,-0.09153551527763826,-0.05255367893999543,round1_20260927
crop,3ch,M4_element_affine,shared,full,crop:uint8:3ch:v1,uint8:3ch,v1,baseline,validation,150528.0,150528.0,0.08506944444444445,1.7710845451802015,1.0102381787075758,0.020532405241720838,1.7108898560180479,-0.06019468916215365,-0.0339874735658252,round1_20260927
crop,3ch,M4_element_affine,shared,full,crop:uint8:3ch:v2,uint8:3ch,v2,baseline,validation,248832.0,248832.0,0.140625,1.8393144197762012,1.0491569442927027,0.017939233817294526,1.763720430183639,-0.07559398959256214,-0.04109900340027783,round1_20260927
crop,3ch,M4_element_affine,shared,full,crop:uint8:3ch:v3,uint8:3ch,v3,baseline,validation,519168.0,519168.0,0.2934027777777778,2.04330525904273,1.165514649798331,0.040297490026463975,1.909004509139015,-0.134300749903715,-0.06572720806612795,round1_20260927
crop,3ch,M4_element_affine,shared,full,crop:float32:3ch:t0,float32:3ch,t0,baseline,train,27648.0,110592.0,0.0625,1.5664149944980938,0.8934933317827484,0.0037622157549926003,1.644851638311059,0.07843664381296511,0.050073986835204906,round1_20260927
crop,3ch,M4_element_affine,shared,full,crop:float32:3ch:t1,float32:3ch,t1,baseline,train,49152.0,196608.0,0.1111111111111111,1.5674961575617392,0.8941100342475039,0.006419562873575843,1.656408326409782,0.08891216884804276,0.05672241582164182,round1_20260927
crop,3ch,M4_element_affine,shared,full,crop:float32:3ch:t2,float32:3ch,t2,baseline,train,76800.0,307200.0,0.1736111111111111,1.5853542818998296,0.9042964248721311,0.013772231908571683,1.6712669253938546,0.08591264349402494,0.054191447599378495,round1_20260927
crop,3ch,M4_element_affine,shared,full,crop:float32:3ch:t3,float32:3ch,t3,baseline,train,110592.0,442368.0,0.25,1.592587736280014,0.9084224344399343,0.005169709773548009,1.6894274352632765,0.0968396989832625,0.06080650803544542,round1_20260927
crop,3ch,M4_element_affine,shared,full,crop:float32:3ch:t4,float32:3ch,t4,baseline,train,196608.0,786432.0,0.4444444444444444,1.6405843112928171,0.9357999939455435,0.005944575663893978,1.7356541876581688,0.09506987636535169,0.05794879038580742,round1_20260927
crop,3ch,M4_element_affine,shared,full,crop:float32:3ch:t5,float32:3ch,t5,baseline,train,307200.0,1228800.0,0.6944444444444444,1.6897859323459368,0.9638649195739847,0.006987638824592055,1.795088583594459,0.10530265124852223,0.0623171546364634,round1_20260927
crop,3ch,M4_element_affine,shared,full,crop:float32:3ch:t6,float32:3ch,t6,baseline+control,train,442368.0,1769472.0,1.0,1.7647263159354527,1.006611403266787,0.014182473372794293,1.867730623072147,0.1030043071366944,0.0583684315276352,"round1_20260927,round2_20260927"
crop,3ch,M4_element_affine,shared,full,crop:float32:3ch:t7,float32:3ch,t7,baseline,train,602112.0,2408448.0,1.3611111111111112,1.8230507158053417,1.0398800214471653,0.008876557310915389,1.953580306091233,0.13052959028589117,0.0715995387041271,round1_20260927
crop,3ch,M4_element_affine,shared,full,crop:uint8:3ch:t0,uint8:3ch,t0,baseline,train,27648.0,27648.0,0.015625,1.7404260369949043,0.9927503656298243,0.013394511211491707,1.644851638311059,-0.09557439868384532,-0.05491436961542374,round1_20260927
crop,3ch,M4_element_affine,shared,full,crop:uint8:3ch:t1,uint8:3ch,t1,baseline,train,49152.0,49152.0,0.027777777777777776,1.7391062566700082,0.9919975543225689,0.006685248895977168,1.656408326409782,-0.0826979302602262,-0.04755197098685268,round1_20260927
crop,3ch,M4_element_affine,shared,full,crop:uint8:3ch:t2,uint8:3ch,t2,baseline,train,76800.0,76800.0,0.043402777777777776,1.7638549030137558,1.0061143436513593,0.002685958492455078,1.6712669253938546,-0.09258797761990123,-0.05249183334848216,round1_20260927
crop,3ch,M4_element_affine,shared,full,crop:uint8:3ch:t3,uint8:3ch,t3,baseline,train,110592.0,110592.0,0.0625,1.7661560031895835,1.0074269062034849,0.01735001687548288,1.6894274352632765,-0.076728567926307,-0.043443822509302295,round1_20260927
crop,3ch,M4_element_affine,shared,full,crop:uint8:3ch:t4,uint8:3ch,t4,baseline,train,196608.0,196608.0,0.1111111111111111,1.8295853879923623,1.043607441093298,0.004697452895846064,1.7356541876581688,-0.09393120033419344,-0.05134015660087113,round1_20260927
crop,3ch,M4_element_affine,shared,full,crop:uint8:3ch:t5,uint8:3ch,t5,baseline,train,307200.0,307200.0,0.1736111111111111,1.8901706114411354,1.0781656477921502,0.003689409193519574,1.795088583594459,-0.09508202784667641,-0.05030341032240597,round1_20260927
crop,3ch,M4_element_affine,shared,full,crop:uint8:3ch:t6,uint8:3ch,t6,baseline,train,442368.0,442368.0,0.25,1.9923039052324991,1.1364231448642028,0.009104705023104169,1.867730623072147,-0.12457328216035202,-0.06252724889670609,round1_20260927
crop,3ch,M4_element_affine,shared,full,crop:uint8:3ch:t7,uint8:3ch,t7,baseline,train,602112.0,602112.0,0.3402777777777778,2.076412501434485,1.184399236842409,0.04006167232980735,1.953580306091233,-0.12283219534325207,-0.05915596985589025,round1_20260927
crop,3ch,M5_repr_element_affine,float32:3ch,full,crop:float32:3ch:v0,float32:3ch,v0,baseline,validation,37632.0,150528.0,0.08506944444444445,1.5388586550640564,0.8777750159985308,0.03375883661806343,1.5656205756737507,0.02676192060969429,0.017390759392765867,round1_20260927
crop,3ch,M5_repr_element_affine,float32:3ch,full,crop:float32:3ch:v1,float32:3ch,v1,baseline,validation,150528.0,602112.0,0.3402777777777778,1.60537365047882,0.9157156033112143,0.0022043744562438624,1.6182833137396528,0.01290966326083276,0.008041531799766561,round1_20260927
crop,3ch,M5_repr_element_affine,float32:3ch,full,crop:float32:3ch:v2,float32:3ch,v2,baseline,validation,248832.0,995328.0,0.5625,1.6670476148525875,0.9508948349363715,0.010829106996373369,1.6641393033480576,-0.002908311504529859,-0.0017445881441047102,round1_20260927
crop,3ch,M5_repr_element_affine,float32:3ch,full,crop:float32:3ch:v3,float32:3ch,v3,baseline,validation,519168.0,2076672.0,1.1736111111111112,1.7830278639060755,1.0170507256242016,0.0024838722168261016,1.7902432747711703,0.007215410865094807,0.00404671795161295,round1_20260927
crop,3ch,M5_repr_element_affine,float32:3ch,full,crop:float32:3ch:t0,float32:3ch,t0,baseline,train,27648.0,110592.0,0.0625,1.5664149944980938,0.8934933317827484,0.0037622157549926003,1.5609633267291472,-0.0054516677689466775,-0.0034803470268704143,round1_20260927
crop,3ch,M5_repr_element_affine,float32:3ch,full,crop:float32:3ch:t1,float32:3ch,t1,baseline,train,49152.0,196608.0,0.1111111111111111,1.5674961575617392,0.8941100342475039,0.006419562873575843,1.5709943244559856,0.003498166894246424,0.002231690889557183,round1_20260927
crop,3ch,M5_repr_element_affine,float32:3ch,full,crop:float32:3ch:t2,float32:3ch,t2,baseline,train,76800.0,307200.0,0.1736111111111111,1.5853542818998296,0.9042964248721311,0.013772231908571683,1.5838913215333494,-0.0014629603664801927,-0.0009227971206076634,round1_20260927
crop,3ch,M5_repr_element_affine,float32:3ch,full,crop:float32:3ch:t3,float32:3ch,t3,baseline,train,110592.0,442368.0,0.25,1.592587736280014,0.9084224344399343,0.005169709773548009,1.5996543179612386,0.0070665816812245374,0.0044371694696900945,round1_20260927
crop,3ch,M5_repr_element_affine,float32:3ch,full,crop:float32:3ch:t4,float32:3ch,t4,baseline,train,196608.0,786432.0,0.4444444444444444,1.6405843112928171,0.9357999939455435,0.005944575663893978,1.6397783088685927,-0.0008060024242244612,-0.0004912898524485543,round1_20260927
crop,3ch,M5_repr_element_affine,float32:3ch,full,crop:float32:3ch:t5,float32:3ch,t5,baseline,train,307200.0,1228800.0,0.6944444444444444,1.6897859323459368,0.9638649195739847,0.006987638824592055,1.6913662971780479,0.001580364832111103,0.0009352455845795071,round1_20260927
crop,3ch,M5_repr_element_affine,float32:3ch,full,crop:float32:3ch:t6,float32:3ch,t6,baseline+control,train,442368.0,1769472.0,1.0,1.7647263159354527,1.006611403266787,0.014182473372794293,1.7544182828896042,-0.010308033045848486,-0.005841151091116565,"round1_20260927,round2_20260927"
crop,3ch,M5_repr_element_affine,float32:3ch,full,crop:float32:3ch:t7,float32:3ch,t7,baseline,train,602112.0,2408448.0,1.3611111111111112,1.8230507158053417,1.0398800214471653,0.008876557310915389,1.8289342660032617,0.005883550197919973,0.0032273102151855857,round1_20260927
crop,3ch,M5_repr_element_affine,uint8:3ch,full,crop:uint8:3ch:v0,uint8:3ch,v0,baseline,validation,37632.0,37632.0,0.021267361111111112,1.74175275877739,0.9935071363897734,0.01014986108406587,1.7348139113257521,-0.006938847451637864,-0.003983830320733084,round1_20260927
crop,3ch,M5_repr_element_affine,uint8:3ch,full,crop:uint8:3ch:v1,uint8:3ch,v1,baseline,validation,150528.0,150528.0,0.08506944444444445,1.7710845451802015,1.0102381787075758,0.020532405241720838,1.803496398296443,0.032411853116241396,0.018300567979347145,round1_20260927
crop,3ch,M5_repr_element_affine,uint8:3ch,full,crop:uint8:3ch:v2,uint8:3ch,v2,baseline,validation,248832.0,248832.0,0.140625,1.8393144197762012,1.0491569442927027,0.017939233817294526,1.8633015570192213,0.02398713724302004,0.013041346811133399,round1_20260927
crop,3ch,M5_repr_element_affine,uint8:3ch,full,crop:uint8:3ch:v3,uint8:3ch,v3,baseline,validation,519168.0,519168.0,0.2934027777777778,2.04330525904273,1.165514649798331,0.040297490026463975,2.027765743506862,-0.015539515535868187,-0.007605087623152455,round1_20260927
crop,3ch,M5_repr_element_affine,uint8:3ch,full,crop:uint8:3ch:t0,uint8:3ch,t0,baseline,train,27648.0,27648.0,0.015625,1.7404260369949043,0.9927503656298243,0.013394511211491707,1.7287399498929699,-0.011686087101934417,-0.00671449797551416,round1_20260927
crop,3ch,M5_repr_element_affine,uint8:3ch,full,crop:uint8:3ch:t1,uint8:3ch,t1,baseline,train,49152.0,49152.0,0.027777777777777776,1.7391062566700082,0.9919975543225689,0.006685248895977168,1.7418223283635776,0.002716071693569466,0.0015617629360785144,round1_20260927
crop,3ch,M5_repr_element_affine,uint8:3ch,full,crop:uint8:3ch:t2,uint8:3ch,t2,baseline,train,76800.0,76800.0,0.043402777777777776,1.7638549030137558,1.0061143436513593,0.002685958492455078,1.758642529254359,-0.00521237375939676,-0.002955103478461182,round1_20260927
crop,3ch,M5_repr_element_affine,uint8:3ch,full,crop:uint8:3ch:t3,uint8:3ch,t3,baseline,train,110592.0,110592.0,0.0625,1.7661560031895835,1.0074269062034849,0.01735001687548288,1.7792005525653143,0.01304454937573074,0.0073858421069107035,round1_20260927
crop,3ch,M5_repr_element_affine,uint8:3ch,full,crop:uint8:3ch:t4,uint8:3ch,t4,baseline,train,196608.0,196608.0,0.1111111111111111,1.8295853879923623,1.043607441093298,0.004697452895846064,1.8315300664477454,0.001944678455383153,0.0010629066389282243,round1_20260927
crop,3ch,M5_repr_element_affine,uint8:3ch,full,crop:uint8:3ch:t5,uint8:3ch,t5,baseline,train,307200.0,307200.0,0.1736111111111111,1.8901706114411354,1.0781656477921502,0.003689409193519574,1.898810870010871,0.008640258569735604,0.0045711527400946915,round1_20260927
crop,3ch,M5_repr_element_affine,uint8:3ch,full,crop:uint8:3ch:t6,uint8:3ch,t6,baseline,train,442368.0,442368.0,0.25,1.9923039052324991,1.1364231448642028,0.009104705023104169,1.9810429632546913,-0.011260941977807803,-0.005652221003147442,round1_20260927
crop,3ch,M5_repr_element_affine,uint8:3ch,full,crop:uint8:3ch:t7,uint8:3ch,t7,baseline,train,602112.0,602112.0,0.3402777777777778,2.076412501434485,1.184399236842409,0.04006167232980735,2.078226346179206,0.001813844744721127,0.000873547401331882,round1_20260927
grayscale,all,M1_byte_prop_anchored,shared,full,grayscale:float32:3ch:v0,float32:3ch,v0,baseline,validation,19200.0,76800.0,0.12755102040816327,0.10185090281690161,0.6084596549420589,0.002462939440953179,0.021350941641357583,-0.08049996117554403,-0.7903706196916057,round1_20260927
grayscale,all,M1_byte_prop_anchored,shared,full,grayscale:float32:3ch:v1,float32:3ch,v1,baseline,validation,76800.0,307200.0,0.5102040816326531,0.13254643262674412,0.7918354617322674,0.002589067594849435,0.08540376656543033,-0.04714266606131379,-0.35566906726240877,round1_20260927
grayscale,all,M1_byte_prop_anchored,shared,full,grayscale:float32:3ch:v2,float32:3ch,v2,baseline,validation,196608.0,786432.0,1.3061224489795917,0.21534957690164447,1.2865033655032951,0.017495970799780453,0.21863364240750163,0.0032840655058571644,0.015249927829470867,round1_20260927
grayscale,all,M1_byte_prop_anchored,shared,full,grayscale:float32:3ch:v3,float32:3ch,v3,baseline,validation,602112.0,2408448.0,4.0,0.5965186888352036,3.5636164779771256,0.015483080603876289,0.6695655298729738,0.07304684103777015,0.12245524307110238,round1_20260927
grayscale,all,M1_byte_prop_anchored,shared,full,grayscale:uint8:3ch:v0,uint8:3ch,v0,baseline,validation,19200.0,19200.0,0.03188775510204082,0.11518327596907814,0.6881075612774156,0.0035320537427256933,0.005337735410339396,-0.10984554055873874,-0.9536587636926358,round1_20260927
grayscale,all,M1_byte_prop_anchored,shared,full,grayscale:uint8:3ch:v1,uint8:3ch,v1,baseline,validation,76800.0,76800.0,0.12755102040816327,0.15506838293125233,0.9263821150450862,0.008355782144278371,0.021350941641357583,-0.13371744128989474,-0.8623127343062366,round1_20260927
grayscale,all,M1_byte_prop_anchored,shared,full,grayscale:uint8:3ch:v2,uint8:3ch,v2,baseline,validation,196608.0,196608.0,0.32653061224489793,0.27641122229397297,1.6512870508516897,0.01837313844123047,0.05465841060187541,-0.22175281169209757,-0.8022569049539375,round1_20260927
grayscale,all,M1_byte_prop_anchored,shared,full,grayscale:uint8:3ch:v3,uint8:3ch,v3,baseline,validation,602112.0,602112.0,1.0,0.7631463215996822,4.5590538195385415,0.013743520245462775,0.16739138246824345,-0.5957549391314387,-0.7806562414959124,round1_20260927
grayscale,all,M1_byte_prop_anchored,shared,full,grayscale:uint8:1ch:nv0,uint8:1ch,nv0,extension,validation,9216.0,9216.0,0.015306122448979591,0.030065429552147787,0.17961157324124274,0.001830246137642962,0.00256211299696291,-0.027503316555184877,-0.9147820924188366,round2_20260927
grayscale,all,M1_byte_prop_anchored,shared,full,grayscale:uint8:1ch:nv1,uint8:1ch,nv1,extension,validation,36864.0,36864.0,0.061224489795918366,0.03393800929188728,0.20274645439603686,0.0016045587647033034,0.01024845198785164,-0.023689557304035644,-0.6980243626045125,round2_20260927
grayscale,all,M1_byte_prop_anchored,shared,full,grayscale:uint8:1ch:nv2,uint8:1ch,nv2,extension,validation,147456.0,147456.0,0.24489795918367346,0.03906646743416786,0.23338398224639392,0.0015552166819447226,0.04099380795140656,0.001927340517238696,0.049334906476673844,round2_20260927
grayscale,all,M1_byte_prop_anchored,shared,full,grayscale:uint8:1ch:nv3,uint8:1ch,nv3,extension,validation,495616.0,495616.0,0.8231292517006803,0.07095909987886746,0.42391130793324694,0.004592260949066732,0.1377847433922276,0.06682564351336014,0.9417487486092206,round2_20260927
grayscale,all,M1_byte_prop_anchored,shared,full,grayscale:float32:1ch:nv0,float32:1ch,nv0,extension,validation,9216.0,36864.0,0.061224489795918366,0.033070703502744436,0.1975651495023552,0.002815438170060372,0.01024845198785164,-0.022822251514892797,-0.6901048087168405,round2_20260927
grayscale,all,M1_byte_prop_anchored,shared,full,grayscale:float32:1ch:nv1,float32:1ch,nv1,extension,validation,36864.0,147456.0,0.24489795918367346,0.03747890780990323,0.22389986424189737,0.00019935891079654247,0.04099380795140656,0.0035149001415033312,0.09378341971252889,round2_20260927
grayscale,all,M1_byte_prop_anchored,shared,full,grayscale:float32:1ch:nv2,float32:1ch,nv2,extension,validation,147456.0,589824.0,0.9795918367346939,0.07426496517534058,0.44366062386413296,0.0022386509276979094,0.16397523180562623,0.08971026663028565,1.2079756102824328,round2_20260927
grayscale,all,M1_byte_prop_anchored,shared,full,grayscale:float32:1ch:nv3,float32:1ch,nv3,extension,validation,495616.0,1982464.0,3.292517006802721,0.3040893259458244,1.8166366838120505,0.0080511935935839,0.5511389735689104,0.247049647623086,0.8124245954858001,round2_20260927
grayscale,all,M1_byte_prop_anchored,shared,full,grayscale:float32:3ch:t0,float32:3ch,t0,baseline,train,12288.0,49152.0,0.08163265306122448,0.10564518704389532,0.6311267968883507,0.008569931554386892,0.013664602650468852,-0.09198058439342646,-0.8706557010988939,round1_20260927
grayscale,all,M1_byte_prop_anchored,shared,full,grayscale:float32:3ch:t1,float32:3ch,t1,baseline,train,27648.0,110592.0,0.1836734693877551,0.11506006742517154,0.6873715105794056,0.004892351421978225,0.030745355963554922,-0.08431471146161662,-0.7327886498628211,round1_20260927
grayscale,all,M1_byte_prop_anchored,shared,full,grayscale:float32:3ch:t2,float32:3ch,t2,baseline,train,62208.0,248832.0,0.413265306122449,0.1361220865510404,0.8131965011810851,0.011946426704501268,0.06917705091799857,-0.06694503563304184,-0.4918014212773626,round1_20260927
grayscale,all,M1_byte_prop_anchored,shared,full,grayscale:float32:3ch:t3,float32:3ch,t3,baseline,train,110592.0,442368.0,0.7346938775510204,0.15756132003540793,0.9412749791065235,0.014621930432682693,0.12298142385421969,-0.034579896181188244,-0.21946944956679268,round1_20260927
grayscale,all,M1_byte_prop_anchored,shared,full,grayscale:float32:3ch:t4,float32:3ch,t4,baseline+control,train,150528.0,602112.0,1.0,0.1707154632701228,1.0198581357825274,0.006348322524827701,0.16739138246824345,-0.0033240808018793477,-0.01947146871294055,"round1_20260927,round3_20260927"
grayscale,all,M1_byte_prop_anchored,shared,full,grayscale:float32:3ch:t5,float32:3ch,t5,baseline,train,248832.0,995328.0,1.653061224489796,0.30430446301276487,1.8179219176381185,0.021394750961750877,0.2767082036719943,-0.02759625934077059,-0.09068634441819866,round1_20260927
grayscale,all,M1_byte_prop_anchored,shared,full,grayscale:float32:3ch:t6,float32:3ch,t6,baseline,train,442368.0,1769472.0,2.938775510204082,0.4867203176642458,2.9076784628180223,0.015451586108937421,0.49192569541687875,0.005205377752632967,0.010694802669453779,round1_20260927
grayscale,all,M1_byte_prop_anchored,shared,full,grayscale:float32:3ch:t7,float32:3ch,t7,baseline,train,786432.0,3145728.0,5.224489795918367,0.8396380340370039,5.016017083175087,0.05032668317030186,0.8745345696300065,0.03489653559300265,0.04156140405552986,round1_20260927
grayscale,all,M1_byte_prop_anchored,shared,full,grayscale:uint8:3ch:t0,uint8:3ch,t0,baseline,train,12288.0,12288.0,0.02040816326530612,0.10857821364576618,0.6486487658130491,0.0006328887226096547,0.003416150662617213,-0.10516206298314897,-0.9685374206490234,round1_20260927
grayscale,all,M1_byte_prop_anchored,shared,full,grayscale:uint8:3ch:t1,uint8:3ch,t1,baseline,train,27648.0,27648.0,0.04591836734693878,0.12582510554542145,0.7516820979078316,0.003665383784986946,0.0076863389908887305,-0.11813876655453272,-0.9389125170404562,round1_20260927
grayscale,all,M1_byte_prop_anchored,shared,full,grayscale:uint8:3ch:t2,uint8:3ch,t2,baseline,train,62208.0,62208.0,0.10331632653061225,0.15769210178405046,0.9420562723052182,0.02135581481259625,0.017294262729499642,-0.14039783905455083,-0.8903289224137361,round1_20260927
grayscale,all,M1_byte_prop_anchored,shared,full,grayscale:uint8:3ch:t3,uint8:3ch,t3,baseline,train,110592.0,110592.0,0.1836734693877551,0.1848268105338017,1.1041596515212844,0.018960931874206853,0.030745355963554922,-0.15408145457024677,-0.8336531595456379,round1_20260927
grayscale,all,M1_byte_prop_anchored,shared,full,grayscale:uint8:3ch:t4,uint8:3ch,t4,baseline,train,150528.0,150528.0,0.25,0.21112633713831505,1.2612736332371755,0.010918924054026488,0.04184784561706086,-0.16927849152125418,-0.8017876585920917,round1_20260927
grayscale,all,M1_byte_prop_anchored,shared,full,grayscale:uint8:3ch:t5,uint8:3ch,t5,baseline,train,248832.0,248832.0,0.413265306122449,0.3097569989040494,1.8504954934750883,0.007345506141761784,0.06917705091799857,-0.2405799479860508,-0.7766731626315022,round1_20260927
grayscale,all,M1_byte_prop_anchored,shared,full,grayscale:uint8:3ch:t6,uint8:3ch,t6,baseline,train,442368.0,442368.0,0.7346938775510204,0.5448710460526248,3.255072262492334,0.01705174221124241,0.12298142385421969,-0.42188962219840515,-0.7742926060300479,round1_20260927
grayscale,all,M1_byte_prop_anchored,shared,full,grayscale:uint8:3ch:t7,uint8:3ch,t7,baseline,train,786432.0,786432.0,1.3061224489795917,0.9915999804312984,5.923841274322585,0.028378518866090545,0.21863364240750163,-0.7729663380237968,-0.7795142731725282,round1_20260927
grayscale,all,M1_byte_prop_anchored,shared,full,grayscale:uint8:1ch:nt0,uint8:1ch,nt0,extension,train,4096.0,4096.0,0.006802721088435374,0.028855542962749798,0.1723836827037623,0.0024961333251404534,0.001138716887539071,-0.027716826075210726,-0.9605373259131161,round2_20260927
grayscale,all,M1_byte_prop_anchored,shared,full,grayscale:uint8:1ch:nt1,uint8:1ch,nt1,extension,train,20736.0,20736.0,0.03443877551020408,0.030081752532472212,0.1797090871041653,0.0029303579280064904,0.005764754243166547,-0.024316998289305666,-0.8083637501856419,round2_20260927
grayscale,all,M1_byte_prop_anchored,shared,full,grayscale:uint8:1ch:nt2,uint8:1ch,nt2,extension,train,50176.0,50176.0,0.08333333333333333,0.03172977128997445,0.18955438937242808,0.0007250164643149446,0.01394928187235362,-0.01778048941762083,-0.5603724418662568,round2_20260927
grayscale,all,M1_byte_prop_anchored,shared,full,grayscale:uint8:1ch:nt3,uint8:1ch,nt3,extension,train,102400.0,102400.0,0.17006802721088435,0.038749227145065866,0.2314887814037688,0.002095198675856776,0.028467922188476776,-0.01028130495658909,-0.2653292907778229,round2_20260927
grayscale,all,M1_byte_prop_anchored,shared,full,grayscale:uint8:1ch:nt4,uint8:1ch,nt4,extension,train,200704.0,200704.0,0.3333333333333333,0.04376535459111134,0.2614552430703191,0.0020315445017807447,0.05579712748941448,0.012031772898303143,0.2749154670563728,round2_20260927
grayscale,all,M1_byte_prop_anchored,shared,full,grayscale:uint8:1ch:nt5,uint8:1ch,nt5,extension,train,409600.0,409600.0,0.6802721088435374,0.061041174146036305,0.36466138964839895,0.0028502641641187675,0.1138716887539071,0.0528305146078708,0.86548981645533,round2_20260927
grayscale,all,M1_byte_prop_anchored,shared,full,grayscale:uint8:1ch:nt6,uint8:1ch,nt6,extension,train,692224.0,692224.0,1.1496598639455782,0.08445128720874588,0.5045139478716445,0.002355079257121055,0.192443153994103,0.10799186678535712,1.278747433635012,round2_20260927
grayscale,all,M1_byte_prop_anchored,shared,full,grayscale:uint8:1ch:nt7,uint8:1ch,nt7,extension,train,1048576.0,1048576.0,1.7414965986394557,0.17587461120759448,1.0506790051809294,0.0012934174216102815,0.2915115232100022,0.1156369120024077,0.6574963333730705,round2_20260927
grayscale,all,M1_byte_prop_anchored,shared,full,grayscale:float32:1ch:nt0,float32:1ch,nt0,extension,train,4096.0,16384.0,0.027210884353741496,0.0294420775026083,0.17588765364426023,0.0013909581171770255,0.004554867550156284,-0.024887209952452014,-0.8452939487795056,round2_20260927
grayscale,all,M1_byte_prop_anchored,shared,full,grayscale:float32:1ch:nt1,float32:1ch,nt1,extension,train,20736.0,82944.0,0.1377551020408163,0.03843377266700069,0.22960424903768345,0.006247004641710162,0.02305901697266619,-0.0153747556943345,-0.4000324357315902,round2_20260927
grayscale,all,M1_byte_prop_anchored,shared,full,grayscale:float32:1ch:nt2,float32:1ch,nt2,extension,train,50176.0,200704.0,0.3333333333333333,0.043224894907325506,0.25822652438829036,0.001848946304599188,0.05579712748941448,0.012572232582088977,0.29085629031704846,round2_20260927
grayscale,all,M1_byte_prop_anchored,shared,full,grayscale:float32:1ch:nt3,float32:1ch,nt3,extension,train,102400.0,409600.0,0.6802721088435374,0.06176644703373313,0.3689941866956688,0.0035787154948037385,0.1138716887539071,0.05210524172017397,0.8435848947522789,round2_20260927
grayscale,all,M1_byte_prop_anchored,shared,full,grayscale:float32:1ch:nt4,float32:1ch,nt4,extension,train,200704.0,802816.0,1.3333333333333333,0.10094406781718135,0.6030422016278639,0.007582840877245947,0.22318850995765793,0.12224444214047658,1.2110116501533512,round2_20260927
grayscale,all,M1_byte_prop_anchored,shared,full,grayscale:float32:1ch:nt5,float32:1ch,nt5,extension,train,409600.0,1638400.0,2.7210884353741496,0.2533929709655543,1.5137754837147999,0.006048405659312287,0.4554867550156284,0.2020937840500741,0.7975508684396234,round2_20260927
grayscale,all,M1_byte_prop_anchored,shared,full,grayscale:float32:1ch:nt6,float32:1ch,nt6,extension,train,692224.0,2768896.0,4.598639455782313,0.42150093087305623,2.5180563339514865,0.02154900437474361,0.769772615976412,0.34827168510335577,0.8262655182800652,round2_20260927
grayscale,all,M1_byte_prop_anchored,shared,full,grayscale:float32:1ch:nt7,float32:1ch,nt7,extension,train,1048576.0,4194304.0,6.965986394557823,0.6269162544049323,3.745212239488298,0.019618548894995567,1.1660460928400087,0.5391298384350764,0.8599710641524481,round2_20260927
grayscale,all,M2_byte_affine,shared,full,grayscale:float32:3ch:v0,float32:3ch,v0,baseline,validation,19200.0,76800.0,0.12755102040816327,0.10185090281690161,0.6084596549420589,0.002462939440953179,0.1221614832752357,0.020310580458334088,0.19941482987977655,round1_20260927
grayscale,all,M2_byte_affine,shared,full,grayscale:float32:3ch:v1,float32:3ch,v1,baseline,validation,76800.0,307200.0,0.5102040816326531,0.13254643262674412,0.7918354617322674,0.002589067594849435,0.15912928872770893,0.026582856100964808,0.20055504757206977,round1_20260927
grayscale,all,M2_byte_affine,shared,full,grayscale:float32:3ch:v2,float32:3ch,v2,baseline,validation,196608.0,786432.0,1.3061224489795917,0.21534957690164447,1.2865033655032951,0.017495970799780453,0.2360223240688532,0.020672747167208738,0.0959962283866037,round1_20260927
grayscale,all,M2_byte_affine,shared,full,grayscale:float32:3ch:v3,float32:3ch,v3,baseline,validation,602112.0,2408448.0,4.0,0.5965186888352036,3.5636164779771256,0.015483080603876289,0.49627567445426474,-0.10024301438093891,-0.1680467288907228,round1_20260927
grayscale,all,M2_byte_affine,shared,full,grayscale:uint8:3ch:v0,uint8:3ch,v0,baseline,validation,19200.0,19200.0,0.03188775510204082,0.11518327596907814,0.6881075612774156,0.0035320537427256933,0.11291953191211739,-0.0022637440569607536,-0.01965340921166779,round1_20260927
grayscale,all,M2_byte_affine,shared,full,grayscale:uint8:3ch:v1,uint8:3ch,v1,baseline,validation,76800.0,76800.0,0.12755102040816327,0.15506838293125233,0.9263821150450862,0.008355782144278371,0.1221614832752357,-0.03290689965601663,-0.2122089560359026,round1_20260927
grayscale,all,M2_byte_affine,shared,full,grayscale:uint8:3ch:v2,uint8:3ch,v2,baseline,validation,196608.0,196608.0,0.32653061224489793,0.27641122229397297,1.6512870508516897,0.01837313844123047,0.14138474211052177,-0.1350264801834512,-0.48849854598105225,round1_20260927
grayscale,all,M2_byte_affine,shared,full,grayscale:uint8:3ch:v3,uint8:3ch,v3,baseline,validation,602112.0,602112.0,1.0,0.7631463215996822,4.5590538195385415,0.013743520245462775,0.20644807970687465,-0.5566982418928076,-0.7294777241746708,round1_20260927
grayscale,all,M2_byte_affine,shared,full,grayscale:uint8:1ch:nv0,uint8:1ch,nv0,extension,validation,9216.0,9216.0,0.015306122448979591,0.030065429552147787,0.17961157324124274,0.001830246137642962,0.11131759367584355,0.08125216412369576,2.70251133391478,round2_20260927
grayscale,all,M2_byte_affine,shared,full,grayscale:uint8:1ch:nv1,uint8:1ch,nv1,extension,validation,36864.0,36864.0,0.061224489795918366,0.03393800929188728,0.20274645439603686,0.0016045587647033034,0.11575373033014033,0.08181572103825305,2.410740133122973,round2_20260927
grayscale,all,M2_byte_affine,shared,full,grayscale:uint8:1ch:nv2,uint8:1ch,nv2,extension,validation,147456.0,147456.0,0.24489795918367346,0.03906646743416786,0.23338398224639392,0.0015552166819447226,0.1334982769473275,0.09443180951315963,2.417208816545536,round2_20260927
grayscale,all,M2_byte_affine,shared,full,grayscale:uint8:1ch:nv3,uint8:1ch,nv3,extension,validation,495616.0,495616.0,0.8231292517006803,0.07095909987886746,0.42391130793324694,0.004592260949066732,0.1893607385199537,0.11840163864108623,1.6685899178992794,round2_20260927
grayscale,all,M2_byte_affine,shared,full,grayscale:float32:1ch:nv0,float32:1ch,nv0,extension,validation,9216.0,36864.0,0.061224489795918366,0.033070703502744436,0.1975651495023552,0.002815438170060372,0.11575373033014033,0.0826830268273959,2.5001895354459056,round2_20260927
grayscale,all,M2_byte_affine,shared,full,grayscale:float32:1ch:nv1,float32:1ch,nv1,extension,validation,36864.0,147456.0,0.24489795918367346,0.03747890780990323,0.22389986424189737,0.00019935891079654247,0.1334982769473275,0.09601936913742426,2.561957504856975,round2_20260927
grayscale,all,M2_byte_affine,shared,full,grayscale:float32:1ch:nv2,float32:1ch,nv2,extension,validation,147456.0,589824.0,0.9795918367346939,0.07426496517534058,0.44366062386413296,0.0022386509276979094,0.20447646341607606,0.13021149824073547,1.7533368248851176,round2_20260927
grayscale,all,M2_byte_affine,shared,full,grayscale:float32:1ch:nv3,float32:1ch,nv3,extension,validation,495616.0,1982464.0,3.292517006802721,0.3040893259458244,1.8166366838120505,0.0080511935935839,0.4279263097065809,0.12383698376075652,0.4072388380472748,round2_20260927
grayscale,all,M2_byte_affine,shared,full,grayscale:float32:3ch:t0,float32:3ch,t0,baseline,train,12288.0,49152.0,0.08163265306122448,0.10564518704389532,0.6311267968883507,0.008569931554386892,0.1177253466209389,0.012080159577043587,0.11434652079345849,round1_20260927
grayscale,all,M2_byte_affine,shared,full,grayscale:float32:3ch:t1,float32:3ch,t1,baseline,train,27648.0,110592.0,0.1836734693877551,0.11506006742517154,0.6873715105794056,0.004892351421978225,0.12758342807493178,0.012523360649760243,0.10884193734637534,round1_20260927
grayscale,all,M2_byte_affine,shared,full,grayscale:float32:3ch:t2,float32:3ch,t2,baseline,train,62208.0,248832.0,0.413265306122449,0.1361220865510404,0.8131965011810851,0.011946426704501268,0.1497641113464157,0.013642024795375296,0.10021903969463526,round1_20260927
grayscale,all,M2_byte_affine,shared,full,grayscale:float32:3ch:t3,float32:3ch,t3,baseline,train,110592.0,442368.0,0.7346938775510204,0.15756132003540793,0.9412749791065235,0.014621930432682693,0.1808170679264932,0.023255747891085282,0.14759807728101756,round1_20260927
grayscale,all,M2_byte_affine,shared,full,grayscale:float32:3ch:t4,float32:3ch,t4,baseline+control,train,150528.0,602112.0,1.0,0.1707154632701228,1.0198581357825274,0.006348322524827701,0.20644807970687465,0.03573261643675185,0.20931095374888325,"round1_20260927,round3_20260927"
grayscale,all,M2_byte_affine,shared,full,grayscale:float32:3ch:t5,float32:3ch,t5,baseline,train,248832.0,995328.0,1.653061224489796,0.30430446301276487,1.8179219176381185,0.021394750961750877,0.2695398010124289,-0.034764662000335955,-0.11424302376688329,round1_20260927
grayscale,all,M2_byte_affine,shared,full,grayscale:float32:3ch:t6,float32:3ch,t6,baseline,train,442368.0,1769472.0,2.938775510204082,0.4867203176642458,2.9076784628180223,0.015451586108937421,0.393751627332739,-0.09296869033150679,-0.1910104981391785,round1_20260927
grayscale,all,M2_byte_affine,shared,full,grayscale:float32:3ch:t7,float32:3ch,t7,baseline,train,786432.0,3145728.0,5.224489795918367,0.8396380340370039,5.016017083175087,0.05032668317030186,0.614572651902179,-0.22506538213482485,-0.2680504848651317,round1_20260927
grayscale,all,M2_byte_affine,shared,full,grayscale:uint8:3ch:t0,uint8:3ch,t0,baseline,train,12288.0,12288.0,0.02040816326530612,0.10857821364576618,0.6486487658130491,0.0006328887226096547,0.1118104977485432,0.003232284102777011,0.02976917739061595,round1_20260927
grayscale,all,M2_byte_affine,shared,full,grayscale:uint8:3ch:t1,uint8:3ch,t1,baseline,train,27648.0,27648.0,0.04591836734693878,0.12582510554542145,0.7516820979078316,0.003665383784986946,0.11427501811204141,-0.01155008743338004,-0.09179477643442618,round1_20260927
grayscale,all,M2_byte_affine,shared,full,grayscale:uint8:3ch:t2,uint8:3ch,t2,baseline,train,62208.0,62208.0,0.10331632653061225,0.15769210178405046,0.9420562723052182,0.02135581481259625,0.11982018892991239,-0.03787191285413807,-0.24016366340275752,round1_20260927
grayscale,all,M2_byte_affine,shared,full,grayscale:uint8:3ch:t3,uint8:3ch,t3,baseline,train,110592.0,110592.0,0.1836734693877551,0.1848268105338017,1.1041596515212844,0.018960931874206853,0.12758342807493178,-0.057243382458869924,-0.3097136302549628,round1_20260927
grayscale,all,M2_byte_affine,shared,full,grayscale:uint8:3ch:t4,uint8:3ch,t4,baseline,train,150528.0,150528.0,0.25,0.21112633713831505,1.2612736332371755,0.010918924054026488,0.13399118102002713,-0.07713515611828792,-0.36535070500349,round1_20260927
grayscale,all,M2_byte_affine,shared,full,grayscale:uint8:3ch:t5,uint8:3ch,t5,baseline,train,248832.0,248832.0,0.413265306122449,0.3097569989040494,1.8504954934750883,0.007345506141761784,0.1497641113464157,-0.1599928875576337,-0.5165109686744906,round1_20260927
grayscale,all,M2_byte_affine,shared,full,grayscale:uint8:3ch:t6,uint8:3ch,t6,baseline,train,442368.0,442368.0,0.7346938775510204,0.5448710460526248,3.255072262492334,0.01705174221124241,0.1808170679264932,-0.3640539781261316,-0.668147042797665,round1_20260927
grayscale,all,M2_byte_affine,shared,full,grayscale:uint8:3ch:t7,uint8:3ch,t7,baseline,train,786432.0,786432.0,1.3061224489795917,0.9915999804312984,5.923841274322585,0.028378518866090545,0.2360223240688532,-0.7555776563624452,-0.7619782889001321,round1_20260927
grayscale,all,M2_byte_affine,shared,full,grayscale:uint8:1ch:nt0,uint8:1ch,nt0,extension,train,4096.0,4096.0,0.006802721088435374,0.028855542962749798,0.1723836827037623,0.0024961333251404534,0.11049608688801081,0.08164054392526102,2.8292846206585835,round2_20260927
grayscale,all,M2_byte_affine,shared,full,grayscale:uint8:1ch:nt1,uint8:1ch,nt1,extension,train,20736.0,20736.0,0.03443877551020408,0.030081752532472212,0.1797090871041653,0.0029303579280064904,0.1131659839484672,0.083084231415995,2.7619478395186063,round2_20260927
grayscale,all,M2_byte_affine,shared,full,grayscale:uint8:1ch:nt2,uint8:1ch,nt2,extension,train,50176.0,50176.0,0.08333333333333333,0.03172977128997445,0.18955438937242808,0.0007250164643149446,0.11788964797850546,0.086159876688531,2.7154269692373942,round2_20260927
grayscale,all,M2_byte_affine,shared,full,grayscale:uint8:1ch:nt3,uint8:1ch,nt3,extension,train,102400.0,102400.0,0.17006802721088435,0.038749227145065866,0.2314887814037688,0.002095198675856776,0.12626901721439937,0.0875197900693335,2.2586202749718023,round2_20260927
grayscale,all,M2_byte_affine,shared,full,grayscale:uint8:1ch:nt4,uint8:1ch,nt4,extension,train,200704.0,200704.0,0.3333333333333333,0.04376535459111134,0.2614552430703191,0.0020315445017807447,0.14204194754078797,0.09827659294967664,2.245534027265403,round2_20260927
grayscale,all,M2_byte_affine,shared,full,grayscale:uint8:1ch:nt5,uint8:1ch,nt5,extension,train,409600.0,409600.0,0.6802721088435374,0.061041174146036305,0.36466138964839895,0.0028502641641187675,0.17555942448436368,0.11451825033832738,1.8760820370910838,round2_20260927
grayscale,all,M2_byte_affine,shared,full,grayscale:uint8:1ch:nt6,uint8:1ch,nt6,extension,train,692224.0,692224.0,1.1496598639455782,0.08445128720874588,0.5045139478716445,0.002355079257121055,0.22090659917273084,0.13645531196398497,1.6157872363353805,round2_20260927
grayscale,all,M2_byte_affine,shared,full,grayscale:uint8:1ch:nt7,uint8:1ch,nt7,extension,train,1048576.0,1048576.0,1.7414965986394557,0.17587461120759448,1.0506790051809294,0.0012934174216102815,0.2780834716058894,0.10220886039829494,0.5811461910079346,round2_20260927
grayscale,all,M2_byte_affine,shared,full,grayscale:float32:1ch:nt0,float32:1ch,nt0,extension,train,4096.0,16384.0,0.027210884353741496,0.0294420775026083,0.17588765364426023,0.0013909581171770255,0.11246770317880939,0.08302562567620109,2.81996491819729,round2_20260927
grayscale,all,M2_byte_affine,shared,full,grayscale:float32:1ch:nt1,float32:1ch,nt1,extension,train,20736.0,82944.0,0.1377551020408163,0.03843377266700069,0.22960424903768345,0.006247004641710162,0.12314729142063498,0.08471351875363428,2.2041426816881153,round2_20260927
grayscale,all,M2_byte_affine,shared,full,grayscale:float32:1ch:nt2,float32:1ch,nt2,extension,train,50176.0,200704.0,0.3333333333333333,0.043224894907325506,0.25822652438829036,0.001848946304599188,0.14204194754078797,0.09881705263346247,2.286114352512064,round2_20260927
grayscale,all,M2_byte_affine,shared,full,grayscale:float32:1ch:nt3,float32:1ch,nt3,extension,train,102400.0,409600.0,0.6802721088435374,0.06176644703373313,0.3689941866956688,0.0035787154948037385,0.17555942448436368,0.11379297745063055,1.8423105571943235,round2_20260927
grayscale,all,M2_byte_affine,shared,full,grayscale:float32:1ch:nt4,float32:1ch,nt4,extension,train,200704.0,802816.0,1.3333333333333333,0.10094406781718135,0.6030422016278639,0.007582840877245947,0.23865114578991797,0.13770707797273662,1.3641918831935358,round2_20260927
grayscale,all,M2_byte_affine,shared,full,grayscale:float32:1ch:nt5,float32:1ch,nt5,extension,train,409600.0,1638400.0,2.7210884353741496,0.2533929709655543,1.5137754837147999,0.006048405659312287,0.37272105356422086,0.11932808259866656,0.47092104466815604,round2_20260927
grayscale,all,M2_byte_affine,shared,full,grayscale:float32:1ch:nt6,float32:1ch,nt6,extension,train,692224.0,2768896.0,4.598639455782313,0.42150093087305623,2.5180563339514865,0.02154900437474361,0.5541097523176894,0.1326088214446332,0.3146109812141106,round2_20260927
grayscale,all,M2_byte_affine,shared,full,grayscale:float32:1ch:nt7,float32:1ch,nt7,extension,train,1048576.0,4194304.0,6.965986394557823,0.6269162544049323,3.745212239488298,0.019618548894995567,0.7828172420503239,0.15590098764539162,0.24867912827267902,round2_20260927
grayscale,all,M3_element_prop,shared,full,grayscale:float32:3ch:v0,float32:3ch,v0,baseline,validation,19200.0,76800.0,0.12755102040816327,0.10185090281690161,0.6084596549420589,0.002462939440953179,0.012504872035699952,-0.08934603078120165,-0.8772237487361296,round1_20260927
grayscale,all,M3_element_prop,shared,full,grayscale:float32:3ch:v1,float32:3ch,v1,baseline,validation,76800.0,307200.0,0.5102040816326531,0.13254643262674412,0.7918354617322674,0.002589067594849435,0.05001948814279981,-0.08252694448394432,-0.6226266739018422,round1_20260927
grayscale,all,M3_element_prop,shared,full,grayscale:float32:3ch:v2,float32:3ch,v2,baseline,validation,196608.0,786432.0,1.3061224489795917,0.21534957690164447,1.2865033655032951,0.017495970799780453,0.12804988964556752,-0.08729968725607695,-0.40538592418943503,round1_20260927
grayscale,all,M3_element_prop,shared,full,grayscale:float32:3ch:v3,float32:3ch,v3,baseline,validation,602112.0,2408448.0,4.0,0.5965186888352036,3.5636164779771256,0.015483080603876289,0.3921527870395505,-0.20436590179565317,-0.34259765137402426,round1_20260927
grayscale,all,M3_element_prop,shared,full,grayscale:uint8:3ch:v0,uint8:3ch,v0,baseline,validation,19200.0,19200.0,0.03188775510204082,0.11518327596907814,0.6881075612774156,0.0035320537427256933,0.012504872035699952,-0.10267840393337818,-0.8914350027771655,round1_20260927
grayscale,all,M3_element_prop,shared,full,grayscale:uint8:3ch:v1,uint8:3ch,v1,baseline,validation,76800.0,76800.0,0.12755102040816327,0.15506838293125233,0.9263821150450862,0.008355782144278371,0.05001948814279981,-0.10504889478845253,-0.677435933764942,round1_20260927
grayscale,all,M3_element_prop,shared,full,grayscale:uint8:3ch:v2,uint8:3ch,v2,baseline,validation,196608.0,196608.0,0.32653061224489793,0.27641122229397297,1.6512870508516897,0.01837313844123047,0.12804988964556752,-0.14836133264840545,-0.5367413501417754,round1_20260927
grayscale,all,M3_element_prop,shared,full,grayscale:uint8:3ch:v3,uint8:3ch,v3,baseline,validation,602112.0,602112.0,1.0,0.7631463215996822,4.5590538195385415,0.013743520245462775,0.3921527870395505,-0.37099353456013173,-0.4861368312468142,round1_20260927
grayscale,all,M3_element_prop,shared,full,grayscale:uint8:1ch:nv0,uint8:1ch,nv0,extension,validation,9216.0,9216.0,0.015306122448979591,0.030065429552147787,0.17961157324124274,0.001830246137642962,0.0060023385771359765,-0.02406309097501181,-0.8003574648176883,round2_20260927
grayscale,all,M3_element_prop,shared,full,grayscale:uint8:1ch:nv1,uint8:1ch,nv1,extension,validation,36864.0,36864.0,0.061224489795918366,0.03393800929188728,0.20274645439603686,0.0016045587647033034,0.024009354308543906,-0.009928654983343378,-0.29255266264886004,round2_20260927
grayscale,all,M3_element_prop,shared,full,grayscale:uint8:1ch:nv2,uint8:1ch,nv2,extension,validation,147456.0,147456.0,0.24489795918367346,0.03906646743416786,0.23338398224639392,0.0015552166819447226,0.09603741723417562,0.05697094980000776,1.458308199890643,round2_20260927
grayscale,all,M3_element_prop,shared,full,grayscale:uint8:1ch:nv3,uint8:1ch,nv3,extension,validation,495616.0,495616.0,0.8231292517006803,0.07095909987886746,0.42391130793324694,0.004592260949066732,0.3227924301482014,0.25183333026933397,3.5489927394686864,round2_20260927
grayscale,all,M3_element_prop,shared,full,grayscale:float32:1ch:nv0,float32:1ch,nv0,extension,validation,9216.0,36864.0,0.061224489795918366,0.033070703502744436,0.1975651495023552,0.002815438170060372,0.0060023385771359765,-0.02706836492560846,-0.8184998218547767,round2_20260927
grayscale,all,M3_element_prop,shared,full,grayscale:float32:1ch:nv1,float32:1ch,nv1,extension,validation,36864.0,147456.0,0.24489795918367346,0.03747890780990323,0.22389986424189737,0.00019935891079654247,0.024009354308543906,-0.01346955350135932,-0.3593902354273034,round2_20260927
grayscale,all,M3_element_prop,shared,full,grayscale:float32:1ch:nv2,float32:1ch,nv2,extension,validation,147456.0,589824.0,0.9795918367346939,0.07426496517534058,0.44366062386413296,0.0022386509276979094,0.09603741723417562,0.021772452058835046,0.2931725882780662,round2_20260927
grayscale,all,M3_element_prop,shared,full,grayscale:float32:1ch:nv3,float32:1ch,nv3,extension,validation,495616.0,1982464.0,3.292517006802721,0.3040893259458244,1.8166366838120505,0.0080511935935839,0.3227924301482014,0.01870310420237703,0.06150529665651308,round2_20260927
grayscale,all,M3_element_prop,shared,full,grayscale:float32:3ch:t0,float32:3ch,t0,baseline,train,12288.0,49152.0,0.08163265306122448,0.10564518704389532,0.6311267968883507,0.008569931554386892,0.00800311810284797,-0.09764206894104735,-0.9242453127606969,round1_20260927
grayscale,all,M3_element_prop,shared,full,grayscale:float32:3ch:t1,float32:3ch,t1,baseline,train,27648.0,110592.0,0.1836734693877551,0.11506006742517154,0.6873715105794056,0.004892351421978225,0.01800701573140793,-0.0970530516937636,-0.8434989989631402,round1_20260927
grayscale,all,M3_element_prop,shared,full,grayscale:float32:3ch:t2,float32:3ch,t2,baseline,train,62208.0,248832.0,0.413265306122449,0.1361220865510404,0.8131965011810851,0.011946426704501268,0.040515785395667844,-0.09560630115537257,-0.7023570059626141,round1_20260927
grayscale,all,M3_element_prop,shared,full,grayscale:float32:3ch:t3,float32:3ch,t3,baseline,train,110592.0,442368.0,0.7346938775510204,0.15756132003540793,0.9412749791065235,0.014621930432682693,0.07202806292563171,-0.08553325710977622,-0.542856946683074,round1_20260927
grayscale,all,M3_element_prop,shared,full,grayscale:float32:3ch:t4,float32:3ch,t4,baseline+control,train,150528.0,602112.0,1.0,0.1707154632701228,1.0198581357825274,0.006348322524827701,0.09803819675988762,-0.07267726651023518,-0.4257216371503386,"round1_20260927,round3_20260927"
grayscale,all,M3_element_prop,shared,full,grayscale:float32:3ch:t5,float32:3ch,t5,baseline,train,248832.0,995328.0,1.653061224489796,0.30430446301276487,1.8179219176381185,0.021394750961750877,0.16206314158267138,-0.1422413214300935,-0.4674309407815908,round1_20260927
grayscale,all,M3_element_prop,shared,full,grayscale:float32:3ch:t6,float32:3ch,t6,baseline,train,442368.0,1769472.0,2.938775510204082,0.4867203176642458,2.9076784628180223,0.015451586108937421,0.28811225170252686,-0.19860806596171893,-0.40805378110129503,round1_20260927
grayscale,all,M3_element_prop,shared,full,grayscale:float32:3ch:t7,float32:3ch,t7,baseline,train,786432.0,3145728.0,5.224489795918367,0.8396380340370039,5.016017083175087,0.05032668317030186,0.5121995585822701,-0.3274384754547338,-0.3899757540524935,round1_20260927
grayscale,all,M3_element_prop,shared,full,grayscale:uint8:3ch:t0,uint8:3ch,t0,baseline,train,12288.0,12288.0,0.02040816326530612,0.10857821364576618,0.6486487658130491,0.0006328887226096547,0.00800311810284797,-0.10057509554291821,-0.9262916764411141,round1_20260927
grayscale,all,M3_element_prop,shared,full,grayscale:uint8:3ch:t1,uint8:3ch,t1,baseline,train,27648.0,27648.0,0.04591836734693878,0.12582510554542145,0.7516820979078316,0.003665383784986946,0.01800701573140793,-0.10781808981401353,-0.8568885306843029,round1_20260927
grayscale,all,M3_element_prop,shared,full,grayscale:uint8:3ch:t2,uint8:3ch,t2,baseline,train,62208.0,62208.0,0.10331632653061225,0.15769210178405046,0.9420562723052182,0.02135581481259625,0.040515785395667844,-0.11717631638838262,-0.7430702937097529,round1_20260927
grayscale,all,M3_element_prop,shared,full,grayscale:uint8:3ch:t3,uint8:3ch,t3,baseline,train,110592.0,110592.0,0.1836734693877551,0.1848268105338017,1.1041596515212844,0.018960931874206853,0.07202806292563171,-0.11279874760816999,-0.6102942927078266,round1_20260927
grayscale,all,M3_element_prop,shared,full,grayscale:uint8:3ch:t4,uint8:3ch,t4,baseline,train,150528.0,150528.0,0.25,0.21112633713831505,1.2612736332371755,0.010918924054026488,0.09803819675988762,-0.11308814037842743,-0.535642032686524,round1_20260927
grayscale,all,M3_element_prop,shared,full,grayscale:uint8:3ch:t5,uint8:3ch,t5,baseline,train,248832.0,248832.0,0.413265306122449,0.3097569989040494,1.8504954934750883,0.007345506141761784,0.16206314158267138,-0.14769385732137802,-0.4768055535272273,round1_20260927
grayscale,all,M3_element_prop,shared,full,grayscale:uint8:3ch:t6,uint8:3ch,t6,baseline,train,442368.0,442368.0,0.7346938775510204,0.5448710460526248,3.255072262492334,0.01705174221124241,0.28811225170252686,-0.25675879435009796,-0.4712285525358961,round1_20260927
grayscale,all,M3_element_prop,shared,full,grayscale:uint8:3ch:t7,uint8:3ch,t7,baseline,train,786432.0,786432.0,1.3061224489795917,0.9915999804312984,5.923841274322585,0.028378518866090545,0.5121995585822701,-0.4794004218490283,-0.483461507976747,round1_20260927
grayscale,all,M3_element_prop,shared,full,grayscale:uint8:1ch:nt0,uint8:1ch,nt0,extension,train,4096.0,4096.0,0.006802721088435374,0.028855542962749798,0.1723836827037623,0.0024961333251404534,0.0026677060342826563,-0.026187836928467143,-0.907549615762682,round2_20260927
grayscale,all,M3_element_prop,shared,full,grayscale:uint8:1ch:nt1,uint8:1ch,nt1,extension,train,20736.0,20736.0,0.03443877551020408,0.030081752532472212,0.1797090871041653,0.0029303579280064904,0.013505261798555948,-0.016576490733916264,-0.5510480387079348,round2_20260927
grayscale,all,M3_element_prop,shared,full,grayscale:uint8:1ch:nt2,uint8:1ch,nt2,extension,train,50176.0,50176.0,0.08333333333333333,0.03172977128997445,0.18955438937242808,0.0007250164643149446,0.03267939891996254,0.000949627629988091,0.0299285999041582,round2_20260927
grayscale,all,M3_element_prop,shared,full,grayscale:uint8:1ch:nt3,uint8:1ch,nt3,extension,train,102400.0,102400.0,0.17006802721088435,0.038749227145065866,0.2314887814037688,0.002095198675856776,0.06669265085706641,0.027943423712000544,0.7211349947029516,round2_20260927
grayscale,all,M3_element_prop,shared,full,grayscale:uint8:1ch:nt4,uint8:1ch,nt4,extension,train,200704.0,200704.0,0.3333333333333333,0.04376535459111134,0.2614552430703191,0.0020315445017807447,0.13071759567985017,0.08695224108873884,1.986782510986411,round2_20260927
grayscale,all,M3_element_prop,shared,full,grayscale:uint8:1ch:nt5,uint8:1ch,nt5,extension,train,409600.0,409600.0,0.6802721088435374,0.061041174146036305,0.36466138964839895,0.0028502641641187675,0.26677060342826564,0.20572942928222934,3.370338663375602,round2_20260927
grayscale,all,M3_element_prop,shared,full,grayscale:uint8:1ch:nt6,uint8:1ch,nt6,extension,train,692224.0,692224.0,1.1496598639455782,0.08445128720874588,0.5045139478716445,0.002355079257121055,0.45084231979376893,0.36639103258502304,4.338489615668985,round2_20260927
grayscale,all,M3_element_prop,shared,full,grayscale:uint8:1ch:nt7,uint8:1ch,nt7,extension,train,1048576.0,1048576.0,1.7414965986394557,0.17587461120759448,1.0506790051809294,0.0012934174216102815,0.68293274477636,0.5070581335687655,2.883066123570598,round2_20260927
grayscale,all,M3_element_prop,shared,full,grayscale:float32:1ch:nt0,float32:1ch,nt0,extension,train,4096.0,16384.0,0.027210884353741496,0.0294420775026083,0.17588765364426023,0.0013909581171770255,0.0026677060342826563,-0.026774371468325644,-0.9093913792582633,round2_20260927
grayscale,all,M3_element_prop,shared,full,grayscale:float32:1ch:nt1,float32:1ch,nt1,extension,train,20736.0,82944.0,0.1377551020408163,0.03843377266700069,0.22960424903768345,0.006247004641710162,0.013505261798555948,-0.02492851086844474,-0.6486095207054292,round2_20260927
grayscale,all,M3_element_prop,shared,full,grayscale:float32:1ch:nt2,float32:1ch,nt2,extension,train,50176.0,200704.0,0.3333333333333333,0.043224894907325506,0.25822652438829036,0.001848946304599188,0.03267939891996254,-0.010545495987362964,-0.24396811166279492,round2_20260927
grayscale,all,M3_element_prop,shared,full,grayscale:float32:1ch:nt3,float32:1ch,nt3,extension,train,102400.0,409600.0,0.6802721088435374,0.06176644703373313,0.3689941866956688,0.0035787154948037385,0.06669265085706641,0.0049262038233332806,0.0797553374025688,round2_20260927
grayscale,all,M3_element_prop,shared,full,grayscale:float32:1ch:nt4,float32:1ch,nt4,extension,train,200704.0,802816.0,1.3333333333333333,0.10094406781718135,0.6030422016278639,0.007582840877245947,0.13071759567985017,0.02977352786266882,0.2949507435800122,round2_20260927
grayscale,all,M3_element_prop,shared,full,grayscale:float32:1ch:nt5,float32:1ch,nt5,extension,train,409600.0,1638400.0,2.7210884353741496,0.2533929709655543,1.5137754837147999,0.006048405659312287,0.26677060342826564,0.013377632462711342,0.05279401560246858,round2_20260927
grayscale,all,M3_element_prop,shared,full,grayscale:float32:1ch:nt6,float32:1ch,nt6,extension,train,692224.0,2768896.0,4.598639455782313,0.42150093087305623,2.5180563339514865,0.02154900437474361,0.45084231979376893,0.029341388920712697,0.06961168237502532,round2_20260927
grayscale,all,M3_element_prop,shared,full,grayscale:float32:1ch:nt7,float32:1ch,nt7,extension,train,1048576.0,4194304.0,6.965986394557823,0.6269162544049323,3.745212239488298,0.019618548894995567,0.68293274477636,0.05601649037142775,0.08935242941594887,round2_20260927
grayscale,all,M4_element_affine,shared,full,grayscale:float32:3ch:v0,float32:3ch,v0,baseline,validation,19200.0,76800.0,0.12755102040816327,0.10185090281690161,0.6084596549420589,0.002462939440953179,0.08427460512510292,-0.017576297691798692,-0.17256889439061507,round1_20260927
grayscale,all,M4_element_affine,shared,full,grayscale:float32:3ch:v1,float32:3ch,v1,baseline,validation,76800.0,307200.0,0.5102040816326531,0.13254643262674412,0.7918354617322674,0.002589067594849435,0.11492657509370441,-0.017619857533039712,-0.13293347232254762,round1_20260927
grayscale,all,M4_element_affine,shared,full,grayscale:float32:3ch:v2,float32:3ch,v2,baseline,validation,196608.0,786432.0,1.3061224489795917,0.21534957690164447,1.2865033655032951,0.017495970799780453,0.1786826726283955,-0.03666690427324898,-0.17026689720405475,round1_20260927
grayscale,all,M4_element_affine,shared,full,grayscale:float32:3ch:v3,float32:3ch,v3,baseline,validation,602112.0,2408448.0,4.0,0.5965186888352036,3.5636164779771256,0.015483080603876289,0.3944725412073499,-0.20204614762785372,-0.33870883077004765,round1_20260927
grayscale,all,M4_element_affine,shared,full,grayscale:uint8:3ch:v0,uint8:3ch,v0,baseline,validation,19200.0,19200.0,0.03188775510204082,0.11518327596907814,0.6881075612774156,0.0035320537427256933,0.08427460512510292,-0.030908670843975222,-0.2683433908606046,round1_20260927
grayscale,all,M4_element_affine,shared,full,grayscale:uint8:3ch:v1,uint8:3ch,v1,baseline,validation,76800.0,76800.0,0.12755102040816327,0.15506838293125233,0.9263821150450862,0.008355782144278371,0.11492657509370441,-0.04014180783754792,-0.25886519920275625,round1_20260927
grayscale,all,M4_element_affine,shared,full,grayscale:uint8:3ch:v2,uint8:3ch,v2,baseline,validation,196608.0,196608.0,0.32653061224489793,0.27641122229397297,1.6512870508516897,0.01837313844123047,0.1786826726283955,-0.09772854966557748,-0.3535621631224501,round1_20260927
grayscale,all,M4_element_affine,shared,full,grayscale:uint8:3ch:v3,uint8:3ch,v3,baseline,validation,602112.0,602112.0,1.0,0.7631463215996822,4.5590538195385415,0.013743520245462775,0.3944725412073499,-0.3686737803923323,-0.4830971072749593,round1_20260927
grayscale,all,M4_element_affine,shared,full,grayscale:uint8:1ch:nv0,uint8:1ch,nv0,extension,validation,9216.0,9216.0,0.015306122448979591,0.030065429552147787,0.17961157324124274,0.001830246137642962,0.07896159699721199,0.0488961674450642,1.6263252570616007,round2_20260927
grayscale,all,M4_element_affine,shared,full,grayscale:uint8:1ch:nv1,uint8:1ch,nv1,extension,validation,36864.0,36864.0,0.061224489795918366,0.03393800929188728,0.20274645439603686,0.0016045587647033034,0.0936745425821407,0.05973653329025341,1.7601660950848153,round2_20260927
grayscale,all,M4_element_affine,shared,full,grayscale:uint8:1ch:nv2,uint8:1ch,nv2,extension,validation,147456.0,147456.0,0.24489795918367346,0.03906646743416786,0.23338398224639392,0.0015552166819447226,0.15252632492185556,0.1134598574876877,2.904277374934974,round2_20260927
grayscale,all,M4_element_affine,shared,full,grayscale:uint8:1ch:nv3,uint8:1ch,nv3,extension,validation,495616.0,495616.0,0.8231292517006803,0.07095909987886746,0.42391130793324694,0.004592260949066732,0.33780045450984675,0.2668413546309793,3.7604952019754707,round2_20260927
grayscale,all,M4_element_affine,shared,full,grayscale:float32:1ch:nv0,float32:1ch,nv0,extension,validation,9216.0,36864.0,0.061224489795918366,0.033070703502744436,0.1975651495023552,0.002815438170060372,0.07896159699721199,0.04589089349446755,1.387660032410838,round2_20260927
grayscale,all,M4_element_affine,shared,full,grayscale:float32:1ch:nv1,float32:1ch,nv1,extension,validation,36864.0,147456.0,0.24489795918367346,0.03747890780990323,0.22389986424189737,0.00019935891079654247,0.0936745425821407,0.05619563477223747,1.499393607126103,round2_20260927
grayscale,all,M4_element_affine,shared,full,grayscale:float32:1ch:nv2,float32:1ch,nv2,extension,validation,147456.0,589824.0,0.9795918367346939,0.07426496517534058,0.44366062386413296,0.0022386509276979094,0.15252632492185556,0.07826135974651498,1.053812649904822,round2_20260927
grayscale,all,M4_element_affine,shared,full,grayscale:float32:1ch:nv3,float32:1ch,nv3,extension,validation,495616.0,1982464.0,3.292517006802721,0.3040893259458244,1.8166366838120505,0.0080511935935839,0.33780045450984675,0.03371112856402236,0.11085929589658873,round2_20260927
grayscale,all,M4_element_affine,shared,full,grayscale:float32:3ch:t0,float32:3ch,t0,baseline,train,12288.0,49152.0,0.08163265306122448,0.10564518704389532,0.6311267968883507,0.008569931554386892,0.08059636872887074,-0.025048818315024576,-0.2371032606020836,round1_20260927
grayscale,all,M4_element_affine,shared,full,grayscale:float32:3ch:t1,float32:3ch,t1,baseline,train,27648.0,110592.0,0.1836734693877551,0.11506006742517154,0.6873715105794056,0.004892351421978225,0.08877022738716446,-0.02628984003800708,-0.22848795960513826,round1_20260927
grayscale,all,M4_element_affine,shared,full,grayscale:float32:3ch:t2,float32:3ch,t2,baseline,train,62208.0,248832.0,0.413265306122449,0.1361220865510404,0.8131965011810851,0.011946426704501268,0.10716140936832536,-0.028960677182715056,-0.21275516645754577,round1_20260927
grayscale,all,M4_element_affine,shared,full,grayscale:float32:3ch:t3,float32:3ch,t3,baseline,train,110592.0,442368.0,0.7346938775510204,0.15756132003540793,0.9412749791065235,0.014621930432682693,0.1329090641419506,-0.02465225589345732,-0.15646134398923128,round1_20260927
grayscale,all,M4_element_affine,shared,full,grayscale:float32:3ch:t4,float32:3ch,t4,baseline+control,train,150528.0,602112.0,1.0,0.1707154632701228,1.0198581357825274,0.006348322524827701,0.1541610966535143,-0.0165543666166085,-0.09697051631705181,"round1_20260927,round3_20260927"
grayscale,all,M4_element_affine,shared,full,grayscale:float32:3ch:t5,float32:3ch,t5,baseline,train,248832.0,995328.0,1.653061224489796,0.30430446301276487,1.8179219176381185,0.021394750961750877,0.20647379206659416,-0.0978306709461707,-0.3214894384972163,round1_20260927
grayscale,all,M4_element_affine,shared,full,grayscale:float32:3ch:t6,float32:3ch,t6,baseline,train,442368.0,1769472.0,2.938775510204082,0.4867203176642458,2.9076784628180223,0.015451586108937421,0.30946441116109513,-0.17725590650315065,-0.36418431709158083,round1_20260927
grayscale,all,M4_element_affine,shared,full,grayscale:float32:3ch:t7,float32:3ch,t7,baseline,train,786432.0,3145728.0,5.224489795918367,0.8396380340370039,5.016017083175087,0.05032668317030186,0.4925588451068747,-0.3470791889301292,-0.41336763564814044,round1_20260927
grayscale,all,M4_element_affine,shared,full,grayscale:uint8:3ch:t0,uint8:3ch,t0,baseline,train,12288.0,12288.0,0.02040816326530612,0.10857821364576618,0.6486487658130491,0.0006328887226096547,0.08059636872887074,-0.02798184491689544,-0.2577114135270777,round1_20260927
grayscale,all,M4_element_affine,shared,full,grayscale:uint8:3ch:t1,uint8:3ch,t1,baseline,train,27648.0,27648.0,0.04591836734693878,0.12582510554542145,0.7516820979078316,0.003665383784986946,0.08877022738716446,-0.03705487815825699,-0.2944951088865218,round1_20260927
grayscale,all,M4_element_affine,shared,full,grayscale:uint8:3ch:t2,uint8:3ch,t2,baseline,train,62208.0,62208.0,0.10331632653061225,0.15769210178405046,0.9420562723052182,0.02135581481259625,0.10716140936832536,-0.05053069241572511,-0.32043895568672015,round1_20260927
grayscale,all,M4_element_affine,shared,full,grayscale:uint8:3ch:t3,uint8:3ch,t3,baseline,train,110592.0,110592.0,0.1836734693877551,0.1848268105338017,1.1041596515212844,0.018960931874206853,0.1329090641419506,-0.051917746391851094,-0.2808994335935706,round1_20260927
grayscale,all,M4_element_affine,shared,full,grayscale:uint8:3ch:t4,uint8:3ch,t4,baseline,train,150528.0,150528.0,0.25,0.21112633713831505,1.2612736332371755,0.010918924054026488,0.1541610966535143,-0.056965240484800755,-0.26981588965606484,round1_20260927
grayscale,all,M4_element_affine,shared,full,grayscale:uint8:3ch:t5,uint8:3ch,t5,baseline,train,248832.0,248832.0,0.413265306122449,0.3097569989040494,1.8504954934750883,0.007345506141761784,0.20647379206659416,-0.10328320683745523,-0.3334330045903122,round1_20260927
grayscale,all,M4_element_affine,shared,full,grayscale:uint8:3ch:t6,uint8:3ch,t6,baseline,train,442368.0,442368.0,0.7346938775510204,0.5448710460526248,3.255072262492334,0.01705174221124241,0.30946441116109513,-0.2354066348915297,-0.4320410060269446,round1_20260927
grayscale,all,M4_element_affine,shared,full,grayscale:uint8:3ch:t7,uint8:3ch,t7,baseline,train,786432.0,786432.0,1.3061224489795917,0.9915999804312984,5.923841274322585,0.028378518866090545,0.4925588451068747,-0.4990411353244237,-0.5032686014247043,round1_20260927
grayscale,all,M4_element_affine,shared,full,grayscale:uint8:1ch:nt0,uint8:1ch,nt0,extension,train,4096.0,4096.0,0.006802721088435374,0.028855542962749798,0.1723836827037623,0.0024961333251404534,0.0762369774444474,0.04738143448169761,1.6420219346717289,round2_20260927
grayscale,all,M4_element_affine,shared,full,grayscale:uint8:1ch:nt1,uint8:1ch,nt1,extension,train,20736.0,20736.0,0.03443877551020408,0.030081752532472212,0.1797090871041653,0.0029303579280064904,0.08509199099093229,0.05501023845846008,1.8286912771813553,round2_20260927
grayscale,all,M4_element_affine,shared,full,grayscale:uint8:1ch:nt2,uint8:1ch,nt2,extension,train,50176.0,50176.0,0.08333333333333333,0.03172977128997445,0.18955438937242808,0.0007250164643149446,0.1007585534193286,0.06902878212935415,2.175520948402327,round2_20260927
grayscale,all,M4_element_affine,shared,full,grayscale:uint8:1ch:nt3,uint8:1ch,nt3,extension,train,102400.0,102400.0,0.17006802721088435,0.038749227145065866,0.2314887814037688,0.002095198675856776,0.12854967285752728,0.0898004457124614,2.317477078349836,round2_20260927
grayscale,all,M4_element_affine,shared,full,grayscale:uint8:1ch:nt4,uint8:1ch,nt4,extension,train,200704.0,200704.0,0.3333333333333333,0.04376535459111134,0.2614552430703191,0.0020315445017807447,0.18086236827060714,0.1370970136794958,3.1325466218738223,round2_20260927
grayscale,all,M4_element_affine,shared,full,grayscale:uint8:1ch:nt5,uint8:1ch,nt5,extension,train,409600.0,409600.0,0.6802721088435374,0.061041174146036305,0.36466138964839895,0.0028502641641187675,0.2920268460234019,0.2309856718773656,3.7840961467213945,round2_20260927
grayscale,all,M4_element_affine,shared,full,grayscale:uint8:1ch:nt6,uint8:1ch,nt6,extension,train,692224.0,692224.0,1.1496598639455782,0.08445128720874588,0.5045139478716445,0.002355079257121055,0.4424258453360065,0.3579745581272606,4.238828914974647,round2_20260927
grayscale,all,M4_element_affine,shared,full,grayscale:uint8:1ch:nt7,uint8:1ch,nt7,extension,train,1048576.0,1048576.0,1.7414965986394557,0.17587461120759448,1.0506790051809294,0.0012934174216102815,0.6320593662084211,0.45618475500082656,2.593806757374244,round2_20260927
grayscale,all,M4_element_affine,shared,full,grayscale:float32:1ch:nt0,float32:1ch,nt0,extension,train,4096.0,16384.0,0.027210884353741496,0.0294420775026083,0.17588765364426023,0.0013909581171770255,0.0762369774444474,0.04679489994183911,1.5893885184458707,round2_20260927
grayscale,all,M4_element_affine,shared,full,grayscale:float32:1ch:nt1,float32:1ch,nt1,extension,train,20736.0,82944.0,0.1377551020408163,0.03843377266700069,0.22960424903768345,0.006247004641710162,0.08509199099093229,0.0466582183239316,1.2139900687915666,round2_20260927
grayscale,all,M4_element_affine,shared,full,grayscale:float32:1ch:nt2,float32:1ch,nt2,extension,train,50176.0,200704.0,0.3333333333333333,0.043224894907325506,0.25822652438829036,0.001848946304599188,0.1007585534193286,0.057533658512003094,1.3310306163926062,round2_20260927
grayscale,all,M4_element_affine,shared,full,grayscale:float32:1ch:nt3,float32:1ch,nt3,extension,train,102400.0,409600.0,0.6802721088435374,0.06176644703373313,0.3689941866956688,0.0035787154948037385,0.12854967285752728,0.06678322582379415,1.0812217479066126,round2_20260927
grayscale,all,M4_element_affine,shared,full,grayscale:float32:1ch:nt4,float32:1ch,nt4,extension,train,200704.0,802816.0,1.3333333333333333,0.10094406781718135,0.6030422016278639,0.007582840877245947,0.18086236827060714,0.0799183004534258,0.791708737141096,round2_20260927
grayscale,all,M4_element_affine,shared,full,grayscale:float32:1ch:nt5,float32:1ch,nt5,extension,train,409600.0,1638400.0,2.7210884353741496,0.2533929709655543,1.5137754837147999,0.006048405659312287,0.2920268460234019,0.0386338750578476,0.15246624604713052,round2_20260927
grayscale,all,M4_element_affine,shared,full,grayscale:float32:1ch:nt6,float32:1ch,nt6,extension,train,692224.0,2768896.0,4.598639455782313,0.42150093087305623,2.5180563339514865,0.02154900437474361,0.4424258453360065,0.02092491446295025,0.04964381554177925,round2_20260927
grayscale,all,M4_element_affine,shared,full,grayscale:float32:1ch:nt7,float32:1ch,nt7,extension,train,1048576.0,4194304.0,6.965986394557823,0.6269162544049323,3.745212239488298,0.019618548894995567,0.6320593662084211,0.005143111803488809,0.008203825897560498,round2_20260927
grayscale,all,M5_repr_element_affine,float32:1ch,full,grayscale:float32:1ch:nv0,float32:1ch,nv0,extension,validation,9216.0,36864.0,0.061224489795918366,0.033070703502744436,0.1975651495023552,0.002815438170060372,0.017749971775176784,-0.015320731727567653,-0.46327202341783363,round2_20260927
grayscale,all,M5_repr_element_affine,float32:1ch,full,grayscale:float32:1ch:nv1,float32:1ch,nv1,extension,validation,36864.0,147456.0,0.24489795918367346,0.03747890780990323,0.22389986424189737,0.00019935891079654247,0.03389671672592844,-0.003582191083974784,-0.09557885470259742,round2_20260927
grayscale,all,M5_repr_element_affine,float32:1ch,full,grayscale:float32:1ch:nv2,float32:1ch,nv2,extension,validation,147456.0,589824.0,0.9795918367346939,0.07426496517534058,0.44366062386413296,0.0022386509276979094,0.09848369652893507,0.024218731353594494,0.3261124716939373,round2_20260927
grayscale,all,M5_repr_element_affine,float32:1ch,full,grayscale:float32:1ch:nv3,float32:1ch,nv3,extension,validation,495616.0,1982464.0,3.292517006802721,0.3040893259458244,1.8166366838120505,0.0080511935935839,0.3018130773902522,-0.00227624855557218,-0.007485460229464646,round2_20260927
grayscale,all,M5_repr_element_affine,float32:1ch,full,grayscale:float32:1ch:nt0,float32:1ch,nt0,extension,train,4096.0,16384.0,0.027210884353741496,0.0294420775026083,0.17588765364426023,0.0013909581171770255,0.014759833821333885,-0.014682243681274415,-0.4986823256603989,round2_20260927
grayscale,all,M5_repr_element_affine,float32:1ch,full,grayscale:float32:1ch:nt1,float32:1ch,nt1,extension,train,20736.0,82944.0,0.1377551020408163,0.03843377266700069,0.22960424903768345,0.006247004641710162,0.024477782171323306,-0.013955990495677383,-0.3631178915636357,round2_20260927
grayscale,all,M5_repr_element_affine,float32:1ch,full,grayscale:float32:1ch:nt2,float32:1ch,nt2,extension,train,50176.0,200704.0,0.3333333333333333,0.043224894907325506,0.25822652438829036,0.001848946304599188,0.04167107540591998,-0.0015538195014055262,-0.03594732861090644,round2_20260927
grayscale,all,M5_repr_element_affine,float32:1ch,full,grayscale:float32:1ch:nt3,float32:1ch,nt3,extension,train,102400.0,409600.0,0.6802721088435374,0.06176644703373313,0.3689941866956688,0.0035787154948037385,0.07217048253511756,0.010404035501384426,0.16844154069121647,round2_20260927
grayscale,all,M5_repr_element_affine,float32:1ch,full,grayscale:float32:1ch:nt4,float32:1ch,nt4,extension,train,200704.0,802816.0,1.3333333333333333,0.10094406781718135,0.6030422016278639,0.007582840877245947,0.12958113124890122,0.028637063431719872,0.2836923858030383,round2_20260927
grayscale,all,M5_repr_element_affine,float32:1ch,full,grayscale:float32:1ch:nt5,float32:1ch,nt5,extension,train,409600.0,1638400.0,2.7210884353741496,0.2533929709655543,1.5137754837147999,0.006048405659312287,0.2515787597656915,-0.001814211199862803,-0.0071596745282623605,round2_20260927
grayscale,all,M5_repr_element_affine,float32:1ch,full,grayscale:float32:1ch:nt6,float32:1ch,nt6,extension,train,692224.0,2768896.0,4.598639455782313,0.42150093087305623,2.5180563339514865,0.02154900437474361,0.41663437481781956,-0.0048665560552366705,-0.011545777716686313,round2_20260927
grayscale,all,M5_repr_element_affine,float32:1ch,full,grayscale:float32:1ch:nt7,float32:1ch,nt7,extension,train,1048576.0,4194304.0,6.965986394557823,0.6269162544049323,3.745212239488298,0.019618548894995567,0.6247479764052853,-0.002168277999646917,-0.003458640583031369,round2_20260927
grayscale,all,M3_element_prop,float32:1ch,local_x_le_2,grayscale:float32:1ch:nv0,float32:1ch,nv0,extension,validation,9216.0,36864.0,0.061224489795918366,0.033070703502744436,0.1975651495023552,0.002815438170060372,0.005089113994165611,-0.027981589508578826,-0.8461141295726207,round2_20260927
grayscale,all,M3_element_prop,float32:1ch,local_x_le_2,grayscale:float32:1ch:nv1,float32:1ch,nv1,extension,validation,36864.0,147456.0,0.24489795918367346,0.03747890780990323,0.22389986424189737,0.00019935891079654247,0.020356455976662444,-0.017122451833240782,-0.45685567786787096,round2_20260927
grayscale,all,M3_element_prop,float32:1ch,local_x_le_2,grayscale:float32:1ch:nv2,float32:1ch,nv2,extension,validation,147456.0,589824.0,0.9795918367346939,0.07426496517534058,0.44366062386413296,0.0022386509276979094,0.08142582390664978,0.0071608587313092,0.0964231076443962,round2_20260927
grayscale,all,M3_element_prop,float32:1ch,local_x_le_2,grayscale:float32:1ch:nt0,float32:1ch,nt0,extension,train,4096.0,16384.0,0.027210884353741496,0.0294420775026083,0.17588765364426023,0.0013909581171770255,0.0022618284418513828,-0.027180249060756917,-0.9231770094467346,round2_20260927
grayscale,all,M3_element_prop,float32:1ch,local_x_le_2,grayscale:float32:1ch:nt1,float32:1ch,nt1,extension,train,20736.0,82944.0,0.1377551020408163,0.03843377266700069,0.22960424903768345,0.006247004641710162,0.011450506486872625,-0.026983266180128064,-0.7020717537650408,round2_20260927
grayscale,all,M3_element_prop,float32:1ch,local_x_le_2,grayscale:float32:1ch:nt2,float32:1ch,nt2,extension,train,50176.0,200704.0,0.3333333333333333,0.043224894907325506,0.25822652438829036,0.001848946304599188,0.02770739841267944,-0.015517496494646066,-0.3589944296664154,round2_20260927
grayscale,all,M3_element_prop,float32:1ch,local_x_le_2,grayscale:float32:1ch:nt3,float32:1ch,nt3,extension,train,102400.0,409600.0,0.6802721088435374,0.06176644703373313,0.3689941866956688,0.0035787154948037385,0.05654571104628457,-0.005220735987448558,-0.08452381896917763,round2_20260927
grayscale,all,M3_element_prop,float32:1ch,local_x_le_2,grayscale:float32:1ch:nt4,float32:1ch,nt4,extension,train,200704.0,802816.0,1.3333333333333333,0.10094406781718135,0.6030422016278639,0.007582840877245947,0.11082959365071776,0.009885525833536413,0.09793072586929998,round2_20260927
grayscale,all,M4_element_affine,float32:1ch,local_x_le_2,grayscale:float32:1ch:nv0,float32:1ch,nv0,extension,validation,9216.0,36864.0,0.061224489795918366,0.033070703502744436,0.1975651495023552,0.002815438170060372,0.031080368354840543,-0.0019903351479038933,-0.06018423973770989,round2_20260927
grayscale,all,M4_element_affine,float32:1ch,local_x_le_2,grayscale:float32:1ch:nv1,float32:1ch,nv1,extension,validation,36864.0,147456.0,0.24489795918367346,0.03747890780990323,0.22389986424189737,0.00019935891079654247,0.040940211963625274,0.0034613041537220474,0.09235338903892634,round2_20260927
grayscale,all,M4_element_affine,float32:1ch,local_x_le_2,grayscale:float32:1ch:nv2,float32:1ch,nv2,extension,validation,147456.0,589824.0,0.9795918367346939,0.07426496517534058,0.44366062386413296,0.0022386509276979094,0.0803795863987642,0.0061146212234236275,0.08233520623064894,round2_20260927
grayscale,all,M4_element_affine,float32:1ch,local_x_le_2,grayscale:float32:1ch:nt0,float32:1ch,nt0,extension,train,4096.0,16384.0,0.027210884353741496,0.0294420775026083,0.17588765364426023,0.0013909581171770255,0.029254471390250777,-0.00018760611235752248,-0.006372040571556212,round2_20260927
grayscale,all,M4_element_affine,float32:1ch,local_x_le_2,grayscale:float32:1ch:nt1,float32:1ch,nt1,extension,train,20736.0,82944.0,0.1377551020408163,0.03843377266700069,0.22960424903768345,0.006247004641710162,0.035188636525167516,-0.003245136141833173,-0.08443449384867317,round2_20260927
grayscale,all,M4_element_affine,float32:1ch,local_x_le_2,grayscale:float32:1ch:nt2,float32:1ch,nt2,extension,train,50176.0,200704.0,0.3333333333333333,0.043224894907325506,0.25822652438829036,0.001848946304599188,0.045687544071558665,0.002462649164233159,0.056972935839707584,round2_20260927
grayscale,all,M4_element_affine,float32:1ch,local_x_le_2,grayscale:float32:1ch:nt3,float32:1ch,nt3,extension,train,102400.0,409600.0,0.6802721088435374,0.06176644703373313,0.3689941866956688,0.0035787154948037385,0.06431169311037427,0.002545246076641139,0.04120758435807516,round2_20260927
grayscale,all,M4_element_affine,float32:1ch,local_x_le_2,grayscale:float32:1ch:nt4,float32:1ch,nt4,extension,train,200704.0,802816.0,1.3333333333333333,0.10094406781718135,0.6030422016278639,0.007582840877245947,0.09936891483049776,-0.0015751529866835923,-0.015604215490268669,round2_20260927
grayscale,all,M5_repr_element_affine,float32:3ch,full,grayscale:float32:3ch:v0,float32:3ch,v0,baseline,validation,19200.0,76800.0,0.12755102040816327,0.10185090281690161,0.6084596549420589,0.002462939440953179,0.08610661863782867,-0.015744284179072934,-0.15458168502812972,round1_20260927
grayscale,all,M5_repr_element_affine,float32:3ch,full,grayscale:float32:3ch:v1,float32:3ch,v1,baseline,validation,76800.0,307200.0,0.5102040816326531,0.13254643262674412,0.7918354617322674,0.002589067594849435,0.14164533017414033,0.009098897547396206,0.0686468686261746,round1_20260927
grayscale,all,M5_repr_element_affine,float32:3ch,full,grayscale:float32:3ch:v2,float32:3ch,v2,baseline,validation,196608.0,786432.0,1.3061224489795917,0.21534957690164447,1.2865033655032951,0.017495970799780453,0.25716585016966864,0.04181627326802417,0.19417857174208755,round1_20260927
grayscale,all,M5_repr_element_affine,float32:3ch,full,grayscale:float32:3ch:v3,float32:3ch,v3,baseline,validation,602112.0,2408448.0,4.0,0.5965186888352036,3.5636164779771256,0.015483080603876289,0.6481583793853027,0.05163969055009909,0.0865684370274026,round1_20260927
grayscale,all,M5_repr_element_affine,float32:3ch,full,grayscale:float32:3ch:t0,float32:3ch,t0,baseline,train,12288.0,49152.0,0.08163265306122448,0.10564518704389532,0.6311267968883507,0.008569931554386892,0.07944197325347128,-0.026203213790424035,-0.2480303601482258,round1_20260927
grayscale,all,M5_repr_element_affine,float32:3ch,full,grayscale:float32:3ch:t1,float32:3ch,t1,baseline,train,27648.0,110592.0,0.1836734693877551,0.11506006742517154,0.6873715105794056,0.004892351421978225,0.09425229632982106,-0.02080777109535048,-0.1808426812272004,round1_20260927
grayscale,all,M5_repr_element_affine,float32:3ch,full,grayscale:float32:3ch:t2,float32:3ch,t2,baseline,train,62208.0,248832.0,0.413265306122449,0.1361220865510404,0.8131965011810851,0.011946426704501268,0.12757552325160806,-0.008546563299432347,-0.0627860144960952,round1_20260927
grayscale,all,M5_repr_element_affine,float32:3ch,full,grayscale:float32:3ch:t3,float32:3ch,t3,baseline,train,110592.0,442368.0,0.7346938775510204,0.15756132003540793,0.9412749791065235,0.014621930432682693,0.17422804094210986,0.016666720906701932,0.10577926678296747,round1_20260927
grayscale,all,M5_repr_element_affine,float32:3ch,full,grayscale:float32:3ch:t4,float32:3ch,t4,baseline+control,train,150528.0,602112.0,1.0,0.1707154632701228,1.0198581357825274,0.006348322524827701,0.2127348809406193,0.042019417670496495,0.24613715047013193,"round1_20260927,round3_20260927"
grayscale,all,M5_repr_element_affine,float32:3ch,full,grayscale:float32:3ch:t5,float32:3ch,t5,baseline,train,248832.0,995328.0,1.653061224489796,0.30430446301276487,1.8179219176381185,0.021394750961750877,0.30752094862925783,0.003216485616492959,0.01056995873359253,round1_20260927
grayscale,all,M5_repr_element_affine,float32:3ch,full,grayscale:float32:3ch:t6,float32:3ch,t6,baseline,train,442368.0,1769472.0,2.938775510204082,0.4867203176642458,2.9076784628180223,0.015451586108937421,0.4941310193912651,0.007410701727019298,0.01522579078387975,round1_20260927
grayscale,all,M5_repr_element_affine,float32:3ch,full,grayscale:float32:3ch:t7,float32:3ch,t7,baseline,train,786432.0,3145728.0,5.224489795918367,0.8396380340370039,5.016017083175087,0.05032668317030186,0.8258822563015,-0.013755777735503849,-0.0163829854983649,round1_20260927
grayscale,all,M3_element_prop,float32:3ch,local_x_le_2,grayscale:float32:3ch:v0,float32:3ch,v0,baseline,validation,19200.0,76800.0,0.12755102040816327,0.10185090281690161,0.6084596549420589,0.002462939440953179,0.024907263853092672,-0.07694363896380893,-0.755453676263737,round1_20260927
grayscale,all,M3_element_prop,float32:3ch,local_x_le_2,grayscale:float32:3ch:v1,float32:3ch,v1,baseline,validation,76800.0,307200.0,0.5102040816326531,0.13254643262674412,0.7918354617322674,0.002589067594849435,0.09962905541237069,-0.03291737721437343,-0.24834600646756025,round1_20260927
grayscale,all,M3_element_prop,float32:3ch,local_x_le_2,grayscale:float32:3ch:v2,float32:3ch,v2,baseline,validation,196608.0,786432.0,1.3061224489795917,0.21534957690164447,1.2865033655032951,0.017495970799780453,0.255050381855669,0.039700804954024504,0.1843551565098122,round1_20260927
grayscale,all,M3_element_prop,float32:3ch,local_x_le_2,grayscale:float32:3ch:t0,float32:3ch,t0,baseline,train,12288.0,49152.0,0.08163265306122448,0.10564518704389532,0.6311267968883507,0.008569931554386892,0.01594064886597931,-0.08970453817791602,-0.8491114520971409,round1_20260927
grayscale,all,M3_element_prop,float32:3ch,local_x_le_2,grayscale:float32:3ch:t1,float32:3ch,t1,baseline,train,27648.0,110592.0,0.1836734693877551,0.11506006742517154,0.6873715105794056,0.004892351421978225,0.03586645994845345,-0.07919360747671808,-0.6882805585719047,round1_20260927
grayscale,all,M3_element_prop,float32:3ch,local_x_le_2,grayscale:float32:3ch:t2,float32:3ch,t2,baseline,train,62208.0,248832.0,0.413265306122449,0.1361220865510404,0.8131965011810851,0.011946426704501268,0.08069953488402026,-0.05542255166702015,-0.4071532627163989,round1_20260927
grayscale,all,M3_element_prop,float32:3ch,local_x_le_2,grayscale:float32:3ch:t3,float32:3ch,t3,baseline,train,110592.0,442368.0,0.7346938775510204,0.15756132003540793,0.9412749791065235,0.014621930432682693,0.1434658397938138,-0.014095480241594127,-0.08946028275484443,round1_20260927
grayscale,all,M3_element_prop,float32:3ch,local_x_le_2,grayscale:float32:3ch:t4,float32:3ch,t4,baseline+control,train,150528.0,602112.0,1.0,0.1707154632701228,1.0198581357825274,0.006348322524827701,0.19527294860824657,0.02455748533812377,0.14385038629609376,"round1_20260927,round3_20260927"
grayscale,all,M3_element_prop,float32:3ch,local_x_le_2,grayscale:float32:3ch:t5,float32:3ch,t5,baseline,train,248832.0,995328.0,1.653061224489796,0.30430446301276487,1.8179219176381185,0.021394750961750877,0.32279813953608105,0.018493676523316183,0.06077359608932326,round1_20260927
grayscale,all,M4_element_affine,float32:3ch,local_x_le_2,grayscale:float32:3ch:v0,float32:3ch,v0,baseline,validation,19200.0,76800.0,0.12755102040816327,0.10185090281690161,0.6084596549420589,0.002462939440953179,0.09962964708628459,-0.0022212557306170166,-0.021808895838755504,round1_20260927
grayscale,all,M4_element_affine,float32:3ch,local_x_le_2,grayscale:float32:3ch:v1,float32:3ch,v1,baseline,validation,76800.0,307200.0,0.5102040816326531,0.13254643262674412,0.7918354617322674,0.002589067594849435,0.1450273331165043,0.012480900489760166,0.09416247757423139,round1_20260927
grayscale,all,M4_element_affine,float32:3ch,local_x_le_2,grayscale:float32:3ch:v2,float32:3ch,v2,baseline,validation,196608.0,786432.0,1.3061224489795917,0.21534957690164447,1.2865033655032951,0.017495970799780453,0.23945452005936121,0.024104943157716746,0.1119340167950554,round1_20260927
grayscale,all,M4_element_affine,float32:3ch,local_x_le_2,grayscale:float32:3ch:t0,float32:3ch,t0,baseline,train,12288.0,49152.0,0.08163265306122448,0.10564518704389532,0.6311267968883507,0.008569931554386892,0.09418192476265824,-0.011463262281237077,-0.10850718903525741,round1_20260927
grayscale,all,M4_element_affine,float32:3ch,local_x_le_2,grayscale:float32:3ch:t1,float32:3ch,t1,baseline,train,27648.0,110592.0,0.1836734693877551,0.11506006742517154,0.6873715105794056,0.004892351421978225,0.10628797437071681,-0.008772093054454727,-0.0762392483400863,round1_20260927
grayscale,all,M4_element_affine,float32:3ch,local_x_le_2,grayscale:float32:3ch:t2,float32:3ch,t2,baseline,train,62208.0,248832.0,0.413265306122449,0.1361220865510404,0.8131965011810851,0.011946426704501268,0.13352658598884862,-0.0025955005621917937,-0.019067446201822533,round1_20260927
grayscale,all,M4_element_affine,float32:3ch,local_x_le_2,grayscale:float32:3ch:t3,float32:3ch,t3,baseline,train,110592.0,442368.0,0.7346938775510204,0.15756132003540793,0.9412749791065235,0.014621930432682693,0.17166064225423316,0.014099322218825233,0.08948466676755923,round1_20260927
grayscale,all,M4_element_affine,float32:3ch,local_x_le_2,grayscale:float32:3ch:t4,float32:3ch,t4,baseline+control,train,150528.0,602112.0,1.0,0.1707154632701228,1.0198581357825274,0.006348322524827701,0.20313637123518546,0.03242090796506267,0.18991195843673,"round1_20260927,round3_20260927"
grayscale,all,M4_element_affine,float32:3ch,local_x_le_2,grayscale:float32:3ch:t5,float32:3ch,t5,baseline,train,248832.0,995328.0,1.653061224489796,0.30430446301276487,1.8179219176381185,0.021394750961750877,0.2806150887267604,-0.023689374286004483,-0.07784760713486732,round1_20260927
grayscale,all,M5_repr_element_affine,uint8:1ch,full,grayscale:uint8:1ch:nv0,uint8:1ch,nv0,extension,validation,9216.0,9216.0,0.015306122448979591,0.030065429552147787,0.17961157324124274,0.001830246137642962,0.022993880074202996,-0.007071549477944791,-0.2352053366036016,round2_20260927
grayscale,all,M5_repr_element_affine,uint8:1ch,full,grayscale:uint8:1ch:nv1,uint8:1ch,nv1,extension,validation,36864.0,36864.0,0.061224489795918366,0.03393800929188728,0.20274645439603686,0.0016045587647033034,0.026492112370890206,-0.007445896920997078,-0.21939698516073491,round2_20260927
grayscale,all,M5_repr_element_affine,uint8:1ch,full,grayscale:uint8:1ch:nv2,uint8:1ch,nv2,extension,validation,147456.0,147456.0,0.24489795918367346,0.03906646743416786,0.23338398224639392,0.0015552166819447226,0.040485041557639045,0.0014185741234711835,0.03631180950419097,round2_20260927
grayscale,all,M5_repr_element_affine,uint8:1ch,full,grayscale:uint8:1ch:nv3,uint8:1ch,nv3,extension,validation,495616.0,495616.0,0.8231292517006803,0.07095909987886746,0.42391130793324694,0.004592260949066732,0.0845368556640706,0.013577755785203136,0.19134622350595468,round2_20260927
grayscale,all,M5_repr_element_affine,uint8:1ch,full,grayscale:uint8:1ch:nt0,uint8:1ch,nt0,extension,train,4096.0,4096.0,0.006802721088435374,0.028855542962749798,0.1723836827037623,0.0024961333251404534,0.02234605927852018,-0.006509483684229617,-0.22558867433660287,round2_20260927
grayscale,all,M5_repr_element_affine,uint8:1ch,full,grayscale:uint8:1ch:nt1,uint8:1ch,nt1,extension,train,20736.0,20736.0,0.03443877551020408,0.030081752532472212,0.1797090871041653,0.0029303579280064904,0.024451476864489334,-0.005630275667982878,-0.1871658129593743,round2_20260927
grayscale,all,M5_repr_element_affine,uint8:1ch,full,grayscale:uint8:1ch:nt2,uint8:1ch,nt2,extension,train,50176.0,50176.0,0.08333333333333333,0.03172977128997445,0.18955438937242808,0.0007250164643149446,0.02817644643966553,-0.0035533248503089206,-0.11198709306271151,round2_20260927
grayscale,all,M5_repr_element_affine,uint8:1ch,full,grayscale:uint8:1ch:nt3,uint8:1ch,nt3,extension,train,102400.0,102400.0,0.17006802721088435,0.038749227145065866,0.2314887814037688,0.002095198675856776,0.03478421855563026,-0.0039650085894356035,-0.10232484314052927,round2_20260927
grayscale,all,M5_repr_element_affine,uint8:1ch,full,grayscale:uint8:1ch:nt4,uint8:1ch,nt4,extension,train,200704.0,200704.0,0.3333333333333333,0.04376535459111134,0.2614552430703191,0.0020315445017807447,0.047222377832740345,0.003457023241629005,0.07898995161645782,round2_20260927
grayscale,all,M5_repr_element_affine,uint8:1ch,full,grayscale:uint8:1ch:nt5,uint8:1ch,nt5,extension,train,409600.0,409600.0,0.6802721088435374,0.061041174146036305,0.36466138964839895,0.0028502641641187675,0.07365346629659927,0.012612292150562969,0.20661942249651083,round2_20260927
grayscale,all,M5_repr_element_affine,uint8:1ch,full,grayscale:uint8:1ch:nt6,uint8:1ch,nt6,extension,train,692224.0,692224.0,1.1496598639455782,0.08445128720874588,0.5045139478716445,0.002355079257121055,0.10941317421829076,0.02496188700954488,0.2955773420936063,round2_20260927
grayscale,all,M5_repr_element_affine,uint8:1ch,full,grayscale:uint8:1ch:nt7,uint8:1ch,nt7,extension,train,1048576.0,1048576.0,1.7414965986394557,0.17587461120759448,1.0506790051809294,0.0012934174216102815,0.1545015015978148,-0.021373109609779672,-0.1215247013939483,round2_20260927
grayscale,all,M5_repr_element_affine,uint8:3ch,full,grayscale:uint8:3ch:v0,uint8:3ch,v0,baseline,validation,19200.0,19200.0,0.03188775510204082,0.11518327596907814,0.6881075612774156,0.0035320537427256933,0.08989176102502505,-0.025291514944053087,-0.2195762772960442,round1_20260927
grayscale,all,M5_repr_element_affine,uint8:3ch,full,grayscale:uint8:3ch:v1,uint8:3ch,v1,baseline,validation,76800.0,76800.0,0.12755102040816327,0.15506838293125233,0.9263821150450862,0.008355782144278371,0.15526986204352053,0.00020147911226819915,0.001299292018525288,round1_20260927
grayscale,all,M5_repr_element_affine,uint8:3ch,full,grayscale:uint8:3ch:v2,uint8:3ch,v2,baseline,validation,196608.0,196608.0,0.32653061224489793,0.27641122229397297,1.6512870508516897,0.01837313844123047,0.29125631216199116,0.01484508986801819,0.05370653819630348,round1_20260927
grayscale,all,M5_repr_element_affine,uint8:3ch,full,grayscale:uint8:3ch:v3,uint8:3ch,v3,baseline,validation,602112.0,602112.0,1.0,0.7631463215996822,4.5590538195385415,0.013743520245462775,0.7515181433321992,-0.01162817826748297,-0.015237154315450757,round1_20260927
grayscale,all,M5_repr_element_affine,uint8:3ch,full,grayscale:uint8:3ch:t0,uint8:3ch,t0,baseline,train,12288.0,12288.0,0.02040816326530612,0.10857821364576618,0.6486487658130491,0.0006328887226096547,0.08204638890280559,-0.02653182474296059,-0.2443567991413087,round1_20260927
grayscale,all,M5_repr_element_affine,uint8:3ch,full,grayscale:uint8:3ch:t1,uint8:3ch,t1,baseline,train,27648.0,27648.0,0.04591836734693878,0.12582510554542145,0.7516820979078316,0.003665383784986946,0.09948054917440438,-0.02634455637101707,-0.2093744031194711,round1_20260927
grayscale,all,M5_repr_element_affine,uint8:3ch,full,grayscale:uint8:3ch:t2,uint8:3ch,t2,baseline,train,62208.0,62208.0,0.10331632653061225,0.15769210178405046,0.9420562723052182,0.02135581481259625,0.13870740978550167,-0.018984691998548797,-0.12039088694846083,round1_20260927
grayscale,all,M5_repr_element_affine,uint8:3ch,full,grayscale:uint8:3ch:t3,uint8:3ch,t3,baseline,train,110592.0,110592.0,0.1836734693877551,0.1848268105338017,1.1041596515212844,0.018960931874206853,0.19362501464103787,0.008798204107236168,0.04760242348945975,round1_20260927
grayscale,all,M5_repr_element_affine,uint8:3ch,full,grayscale:uint8:3ch:t4,uint8:3ch,t4,baseline,train,150528.0,150528.0,0.25,0.21112633713831505,1.2612736332371755,0.010918924054026488,0.23895383134719472,0.02782749420887967,0.1318049400471011,round1_20260927
grayscale,all,M5_repr_element_affine,uint8:3ch,full,grayscale:uint8:3ch:t5,uint8:3ch,t5,baseline,train,248832.0,248832.0,0.413265306122449,0.3097569989040494,1.8504954934750883,0.007345506141761784,0.3505324570854271,0.04077545818137768,0.13163692289648093,round1_20260927
grayscale,all,M5_repr_element_affine,uint8:3ch,full,grayscale:uint8:3ch:t6,uint8:3ch,t6,baseline,train,442368.0,442368.0,0.7346938775510204,0.5448710460526248,3.255072262492334,0.01705174221124241,0.5702028765075718,0.025331830454947024,0.046491423316518864,round1_20260927
grayscale,all,M5_repr_element_affine,uint8:3ch,full,grayscale:uint8:3ch:t7,uint8:3ch,t7,baseline,train,786432.0,786432.0,1.3061224489795917,0.9915999804312984,5.923841274322585,0.028378518866090545,0.9607280665913849,-0.0308719138399135,-0.031133435305722476,round1_20260927
grayscale,1ch,M1_byte_prop_anchored,shared,full,grayscale:uint8:1ch:nv0,uint8:1ch,nv0,extension,validation,9216.0,9216.0,0.015306122448979591,0.030065429552147787,0.17961157324124274,0.001830246137642962,0.00256211299696291,-0.027503316555184877,-0.9147820924188366,round2_20260927
grayscale,1ch,M1_byte_prop_anchored,shared,full,grayscale:uint8:1ch:nv1,uint8:1ch,nv1,extension,validation,36864.0,36864.0,0.061224489795918366,0.03393800929188728,0.20274645439603686,0.0016045587647033034,0.01024845198785164,-0.023689557304035644,-0.6980243626045125,round2_20260927
grayscale,1ch,M1_byte_prop_anchored,shared,full,grayscale:uint8:1ch:nv2,uint8:1ch,nv2,extension,validation,147456.0,147456.0,0.24489795918367346,0.03906646743416786,0.23338398224639392,0.0015552166819447226,0.04099380795140656,0.001927340517238696,0.049334906476673844,round2_20260927
grayscale,1ch,M1_byte_prop_anchored,shared,full,grayscale:uint8:1ch:nv3,uint8:1ch,nv3,extension,validation,495616.0,495616.0,0.8231292517006803,0.07095909987886746,0.42391130793324694,0.004592260949066732,0.1377847433922276,0.06682564351336014,0.9417487486092206,round2_20260927
grayscale,1ch,M1_byte_prop_anchored,shared,full,grayscale:float32:1ch:nv0,float32:1ch,nv0,extension,validation,9216.0,36864.0,0.061224489795918366,0.033070703502744436,0.1975651495023552,0.002815438170060372,0.01024845198785164,-0.022822251514892797,-0.6901048087168405,round2_20260927
grayscale,1ch,M1_byte_prop_anchored,shared,full,grayscale:float32:1ch:nv1,float32:1ch,nv1,extension,validation,36864.0,147456.0,0.24489795918367346,0.03747890780990323,0.22389986424189737,0.00019935891079654247,0.04099380795140656,0.0035149001415033312,0.09378341971252889,round2_20260927
grayscale,1ch,M1_byte_prop_anchored,shared,full,grayscale:float32:1ch:nv2,float32:1ch,nv2,extension,validation,147456.0,589824.0,0.9795918367346939,0.07426496517534058,0.44366062386413296,0.0022386509276979094,0.16397523180562623,0.08971026663028565,1.2079756102824328,round2_20260927
grayscale,1ch,M1_byte_prop_anchored,shared,full,grayscale:float32:1ch:nv3,float32:1ch,nv3,extension,validation,495616.0,1982464.0,3.292517006802721,0.3040893259458244,1.8166366838120505,0.0080511935935839,0.5511389735689104,0.247049647623086,0.8124245954858001,round2_20260927
grayscale,1ch,M1_byte_prop_anchored,shared,full,grayscale:uint8:1ch:nt0,uint8:1ch,nt0,extension,train,4096.0,4096.0,0.006802721088435374,0.028855542962749798,0.1723836827037623,0.0024961333251404534,0.001138716887539071,-0.027716826075210726,-0.9605373259131161,round2_20260927
grayscale,1ch,M1_byte_prop_anchored,shared,full,grayscale:uint8:1ch:nt1,uint8:1ch,nt1,extension,train,20736.0,20736.0,0.03443877551020408,0.030081752532472212,0.1797090871041653,0.0029303579280064904,0.005764754243166547,-0.024316998289305666,-0.8083637501856419,round2_20260927
grayscale,1ch,M1_byte_prop_anchored,shared,full,grayscale:uint8:1ch:nt2,uint8:1ch,nt2,extension,train,50176.0,50176.0,0.08333333333333333,0.03172977128997445,0.18955438937242808,0.0007250164643149446,0.01394928187235362,-0.01778048941762083,-0.5603724418662568,round2_20260927
grayscale,1ch,M1_byte_prop_anchored,shared,full,grayscale:uint8:1ch:nt3,uint8:1ch,nt3,extension,train,102400.0,102400.0,0.17006802721088435,0.038749227145065866,0.2314887814037688,0.002095198675856776,0.028467922188476776,-0.01028130495658909,-0.2653292907778229,round2_20260927
grayscale,1ch,M1_byte_prop_anchored,shared,full,grayscale:uint8:1ch:nt4,uint8:1ch,nt4,extension,train,200704.0,200704.0,0.3333333333333333,0.04376535459111134,0.2614552430703191,0.0020315445017807447,0.05579712748941448,0.012031772898303143,0.2749154670563728,round2_20260927
grayscale,1ch,M1_byte_prop_anchored,shared,full,grayscale:uint8:1ch:nt5,uint8:1ch,nt5,extension,train,409600.0,409600.0,0.6802721088435374,0.061041174146036305,0.36466138964839895,0.0028502641641187675,0.1138716887539071,0.0528305146078708,0.86548981645533,round2_20260927
grayscale,1ch,M1_byte_prop_anchored,shared,full,grayscale:uint8:1ch:nt6,uint8:1ch,nt6,extension,train,692224.0,692224.0,1.1496598639455782,0.08445128720874588,0.5045139478716445,0.002355079257121055,0.192443153994103,0.10799186678535712,1.278747433635012,round2_20260927
grayscale,1ch,M1_byte_prop_anchored,shared,full,grayscale:uint8:1ch:nt7,uint8:1ch,nt7,extension,train,1048576.0,1048576.0,1.7414965986394557,0.17587461120759448,1.0506790051809294,0.0012934174216102815,0.2915115232100022,0.1156369120024077,0.6574963333730705,round2_20260927
grayscale,1ch,M1_byte_prop_anchored,shared,full,grayscale:float32:1ch:nt0,float32:1ch,nt0,extension,train,4096.0,16384.0,0.027210884353741496,0.0294420775026083,0.17588765364426023,0.0013909581171770255,0.004554867550156284,-0.024887209952452014,-0.8452939487795056,round2_20260927
grayscale,1ch,M1_byte_prop_anchored,shared,full,grayscale:float32:1ch:nt1,float32:1ch,nt1,extension,train,20736.0,82944.0,0.1377551020408163,0.03843377266700069,0.22960424903768345,0.006247004641710162,0.02305901697266619,-0.0153747556943345,-0.4000324357315902,round2_20260927
grayscale,1ch,M1_byte_prop_anchored,shared,full,grayscale:float32:1ch:nt2,float32:1ch,nt2,extension,train,50176.0,200704.0,0.3333333333333333,0.043224894907325506,0.25822652438829036,0.001848946304599188,0.05579712748941448,0.012572232582088977,0.29085629031704846,round2_20260927
grayscale,1ch,M1_byte_prop_anchored,shared,full,grayscale:float32:1ch:nt3,float32:1ch,nt3,extension,train,102400.0,409600.0,0.6802721088435374,0.06176644703373313,0.3689941866956688,0.0035787154948037385,0.1138716887539071,0.05210524172017397,0.8435848947522789,round2_20260927
grayscale,1ch,M1_byte_prop_anchored,shared,full,grayscale:float32:1ch:nt4,float32:1ch,nt4,extension,train,200704.0,802816.0,1.3333333333333333,0.10094406781718135,0.6030422016278639,0.007582840877245947,0.22318850995765793,0.12224444214047658,1.2110116501533512,round2_20260927
grayscale,1ch,M1_byte_prop_anchored,shared,full,grayscale:float32:1ch:nt5,float32:1ch,nt5,extension,train,409600.0,1638400.0,2.7210884353741496,0.2533929709655543,1.5137754837147999,0.006048405659312287,0.4554867550156284,0.2020937840500741,0.7975508684396234,round2_20260927
grayscale,1ch,M1_byte_prop_anchored,shared,full,grayscale:float32:1ch:nt6,float32:1ch,nt6,extension,train,692224.0,2768896.0,4.598639455782313,0.42150093087305623,2.5180563339514865,0.02154900437474361,0.769772615976412,0.34827168510335577,0.8262655182800652,round2_20260927
grayscale,1ch,M1_byte_prop_anchored,shared,full,grayscale:float32:1ch:nt7,float32:1ch,nt7,extension,train,1048576.0,4194304.0,6.965986394557823,0.6269162544049323,3.745212239488298,0.019618548894995567,1.1660460928400087,0.5391298384350764,0.8599710641524481,round2_20260927
grayscale,1ch,M2_byte_affine,shared,full,grayscale:uint8:1ch:nv0,uint8:1ch,nv0,extension,validation,9216.0,9216.0,0.015306122448979591,0.030065429552147787,0.17961157324124274,0.001830246137642962,0.01657901014832203,-0.013486419403825757,-0.44856899118749916,round2_20260927
grayscale,1ch,M2_byte_affine,shared,full,grayscale:uint8:1ch:nv1,uint8:1ch,nv1,extension,validation,36864.0,36864.0,0.061224489795918366,0.03393800929188728,0.20274645439603686,0.0016045587647033034,0.02057273764299012,-0.013365271648897163,-0.39381424920795416,round2_20260927
grayscale,1ch,M2_byte_affine,shared,full,grayscale:uint8:1ch:nv2,uint8:1ch,nv2,extension,validation,147456.0,147456.0,0.24489795918367346,0.03906646743416786,0.23338398224639392,0.0015552166819447226,0.03654764762166249,-0.002518819812505374,-0.06447523868775483,round2_20260927
grayscale,1ch,M2_byte_affine,shared,full,grayscale:uint8:1ch:nv3,uint8:1ch,nv3,extension,validation,495616.0,495616.0,0.8231292517006803,0.07095909987886746,0.42391130793324694,0.004592260949066732,0.08683903088785325,0.015879931008985784,0.2237899161079273,round2_20260927
grayscale,1ch,M2_byte_affine,shared,full,grayscale:float32:1ch:nv0,float32:1ch,nv0,extension,validation,9216.0,36864.0,0.061224489795918366,0.033070703502744436,0.1975651495023552,0.002815438170060372,0.02057273764299012,-0.012497965859754316,-0.3779165405029,round2_20260927
grayscale,1ch,M2_byte_affine,shared,full,grayscale:float32:1ch:nv1,float32:1ch,nv1,extension,validation,36864.0,147456.0,0.24489795918367346,0.03747890780990323,0.22389986424189737,0.00019935891079654247,0.03654764762166249,-0.0009312601882407387,-0.024847580750329855,round2_20260927
grayscale,1ch,M2_byte_affine,shared,full,grayscale:float32:1ch:nv2,float32:1ch,nv2,extension,validation,147456.0,589824.0,0.9795918367346939,0.07426496517534058,0.44366062386413296,0.0022386509276979094,0.10044728753635193,0.026182322361011354,0.35255281274547884,round2_20260927
grayscale,1ch,M2_byte_affine,shared,full,grayscale:float32:1ch:nv3,float32:1ch,nv3,extension,validation,495616.0,1982464.0,3.292517006802721,0.3040893259458244,1.8166366838120505,0.0080511935935839,0.301612820601115,-0.00247650534470939,-0.008144006163342269,round2_20260927
grayscale,1ch,M2_byte_affine,shared,full,grayscale:uint8:1ch:nt0,uint8:1ch,nt0,extension,train,4096.0,4096.0,0.006802721088435374,0.028855542962749798,0.1723836827037623,0.0024961333251404534,0.015839430982642753,-0.013016111980107044,-0.4510783940856634,round2_20260927
grayscale,1ch,M2_byte_affine,shared,full,grayscale:uint8:1ch:nt1,uint8:1ch,nt1,extension,train,20736.0,20736.0,0.03443877551020408,0.030081752532472212,0.1797090871041653,0.0029303579280064904,0.018243063271100403,-0.011838689261371809,-0.39355051699838145,round2_20260927
grayscale,1ch,M2_byte_affine,shared,full,grayscale:uint8:1ch:nt2,uint8:1ch,nt2,extension,train,50176.0,50176.0,0.08333333333333333,0.03172977128997445,0.18955438937242808,0.0007250164643149446,0.02249564347375624,-0.009234127816218213,-0.29102409002033647,round2_20260927
grayscale,1ch,M2_byte_affine,shared,full,grayscale:uint8:1ch:nt3,uint8:1ch,nt3,extension,train,102400.0,102400.0,0.17006802721088435,0.038749227145065866,0.2314887814037688,0.002095198675856776,0.030039350963684854,-0.008709876181381013,-0.22477548129602076,round2_20260927
grayscale,1ch,M2_byte_affine,shared,full,grayscale:uint8:1ch:nt4,uint8:1ch,nt4,extension,train,200704.0,200704.0,0.3333333333333333,0.04376535459111134,0.2614552430703191,0.0020315445017807447,0.04423927094472696,0.00047391635361562073,0.010828573378264648,round2_20260927
grayscale,1ch,M2_byte_affine,shared,full,grayscale:uint8:1ch:nt5,uint8:1ch,nt5,extension,train,409600.0,409600.0,0.6802721088435374,0.061041174146036305,0.36466138964839895,0.0028502641641187675,0.07441410090444142,0.013372926758405117,0.2190804312907124,round2_20260927
grayscale,1ch,M2_byte_affine,shared,full,grayscale:uint8:1ch:nt6,uint8:1ch,nt6,extension,train,692224.0,692224.0,1.1496598639455782,0.08445128720874588,0.5045139478716445,0.002355079257121055,0.11523887084993745,0.030787583641191565,0.36456026496187216,round2_20260927
grayscale,1ch,M2_byte_affine,shared,full,grayscale:uint8:1ch:nt7,uint8:1ch,nt7,extension,train,1048576.0,1048576.0,1.7414965986394557,0.17587461120759448,1.0506790051809294,0.0012934174216102815,0.16671358078121506,-0.009161030426379418,-0.05208841892230909,round2_20260927
grayscale,1ch,M2_byte_affine,shared,full,grayscale:float32:1ch:nt0,float32:1ch,nt0,extension,train,4096.0,16384.0,0.027210884353741496,0.0294420775026083,0.17588765364426023,0.0013909581171770255,0.017614420980273018,-0.011827656522335282,-0.4017262885503735,round2_20260927
grayscale,1ch,M2_byte_affine,shared,full,grayscale:float32:1ch:nt1,float32:1ch,nt1,extension,train,20736.0,82944.0,0.1377551020408163,0.03843377266700069,0.22960424903768345,0.006247004641710162,0.027228950134103605,-0.011204822532897084,-0.29153584869167853,round2_20260927
grayscale,1ch,M2_byte_affine,shared,full,grayscale:float32:1ch:nt2,float32:1ch,nt2,extension,train,50176.0,200704.0,0.3333333333333333,0.043224894907325506,0.25822652438829036,0.001848946304599188,0.04423927094472696,0.0010143760374014543,0.02346740320771824,round2_20260927
grayscale,1ch,M2_byte_affine,shared,full,grayscale:float32:1ch:nt3,float32:1ch,nt3,extension,train,102400.0,409600.0,0.6802721088435374,0.06176644703373313,0.3689941866956688,0.0035787154948037385,0.07441410090444142,0.012647653870708292,0.20476576649780262,round2_20260927
grayscale,1ch,M2_byte_affine,shared,full,grayscale:float32:1ch:nt4,float32:1ch,nt4,extension,train,200704.0,802816.0,1.3333333333333333,0.10094406781718135,0.6030422016278639,0.007582840877245947,0.13121378082860982,0.030269713011428473,0.29986618992063613,round2_20260927
grayscale,1ch,M2_byte_affine,shared,full,grayscale:float32:1ch:nt5,float32:1ch,nt5,extension,train,409600.0,1638400.0,2.7210884353741496,0.2533929709655543,1.5137754837147999,0.006048405659312287,0.2519131006674677,-0.0014798702980866052,-0.00584021842613691,round2_20260927
grayscale,1ch,M2_byte_affine,shared,full,grayscale:float32:1ch:nt6,float32:1ch,nt6,extension,train,692224.0,2768896.0,4.598639455782313,0.42150093087305623,2.5180563339514865,0.02154900437474361,0.4152121804494518,-0.006288750423604439,-0.014919896880366384,round2_20260927
grayscale,1ch,M2_byte_affine,shared,full,grayscale:float32:1ch:nt7,float32:1ch,nt7,extension,train,1048576.0,4194304.0,6.965986394557823,0.6269162544049323,3.745212239488298,0.019618548894995567,0.6211110201745623,-0.005805234230369938,-0.009259983593630469,round2_20260927
grayscale,1ch,M3_element_prop,shared,full,grayscale:uint8:1ch:nv0,uint8:1ch,nv0,extension,validation,9216.0,9216.0,0.015306122448979591,0.030065429552147787,0.17961157324124274,0.001830246137642962,0.0034954868234842013,-0.026569942728663587,-0.8837373396770747,round2_20260927
grayscale,1ch,M3_element_prop,shared,full,grayscale:uint8:1ch:nv1,uint8:1ch,nv1,extension,validation,36864.0,36864.0,0.061224489795918366,0.03393800929188728,0.20274645439603686,0.0016045587647033034,0.013981947293936805,-0.019956061997950476,-0.5880151020737941,round2_20260927
grayscale,1ch,M3_element_prop,shared,full,grayscale:uint8:1ch:nv2,uint8:1ch,nv2,extension,validation,147456.0,147456.0,0.24489795918367346,0.03906646743416786,0.23338398224639392,0.0015552166819447226,0.05592778917574722,0.01686132174157936,0.4316059999536151,round2_20260927
grayscale,1ch,M3_element_prop,shared,full,grayscale:uint8:1ch:nv3,uint8:1ch,nv3,extension,validation,495616.0,495616.0,0.8231292517006803,0.07095909987886746,0.42391130793324694,0.004592260949066732,0.18797951361848372,0.11702041373961626,1.6491248330288706,round2_20260927
grayscale,1ch,M3_element_prop,shared,full,grayscale:float32:1ch:nv0,float32:1ch,nv0,extension,validation,9216.0,36864.0,0.061224489795918366,0.033070703502744436,0.1975651495023552,0.002815438170060372,0.0034954868234842013,-0.029575216679260236,-0.8943026167195348,round2_20260927
grayscale,1ch,M3_element_prop,shared,full,grayscale:float32:1ch:nv1,float32:1ch,nv1,extension,validation,36864.0,147456.0,0.24489795918367346,0.03747890780990323,0.22389986424189737,0.00019935891079654247,0.013981947293936805,-0.02349696051596642,-0.6269382404403393,round2_20260927
grayscale,1ch,M3_element_prop,shared,full,grayscale:float32:1ch:nv2,float32:1ch,nv2,extension,validation,147456.0,589824.0,0.9795918367346939,0.07426496517534058,0.44366062386413296,0.0022386509276979094,0.05592778917574722,-0.018337175999593357,-0.24691556720317634,round2_20260927
grayscale,1ch,M3_element_prop,shared,full,grayscale:float32:1ch:nv3,float32:1ch,nv3,extension,validation,495616.0,1982464.0,3.292517006802721,0.3040893259458244,1.8166366838120505,0.0080511935935839,0.18797951361848372,-0.11610981232734066,-0.3818279775727032,round2_20260927
grayscale,1ch,M3_element_prop,shared,full,grayscale:uint8:1ch:nt0,uint8:1ch,nt0,extension,train,4096.0,4096.0,0.006802721088435374,0.028855542962749798,0.1723836827037623,0.0024961333251404534,0.0015535496993263117,-0.027301993263423488,-0.9461611344020864,round2_20260927
grayscale,1ch,M3_element_prop,shared,full,grayscale:uint8:1ch:nt1,uint8:1ch,nt1,extension,train,20736.0,20736.0,0.03443877551020408,0.030081752532472212,0.1797090871041653,0.0029303579280064904,0.007864845352839453,-0.02221690717963276,-0.7385509589459716,round2_20260927
grayscale,1ch,M3_element_prop,shared,full,grayscale:uint8:1ch:nt2,uint8:1ch,nt2,extension,train,50176.0,50176.0,0.08333333333333333,0.03172977128997445,0.18955438937242808,0.0007250164643149446,0.019030983816747317,-0.012698787473227134,-0.40021679819796013,round2_20260927
grayscale,1ch,M3_element_prop,shared,full,grayscale:uint8:1ch:nt3,uint8:1ch,nt3,extension,train,102400.0,102400.0,0.17006802721088435,0.038749227145065866,0.2314887814037688,0.002095198675856776,0.038838742483157794,8.95153380919278e-05,0.0023101193155881106,round2_20260927
grayscale,1ch,M3_element_prop,shared,full,grayscale:uint8:1ch:nt4,uint8:1ch,nt4,extension,train,200704.0,200704.0,0.3333333333333333,0.04376535459111134,0.2614552430703191,0.0020315445017807447,0.07612393526698927,0.03235858067587793,0.7393652120083564,round2_20260927
grayscale,1ch,M3_element_prop,shared,full,grayscale:uint8:1ch:nt5,uint8:1ch,nt5,extension,train,409600.0,409600.0,0.6802721088435374,0.061041174146036305,0.36466138964839895,0.0028502641641187675,0.15535496993263118,0.09431379578659488,1.5450848891103632,round2_20260927
grayscale,1ch,M3_element_prop,shared,full,grayscale:uint8:1ch:nt6,uint8:1ch,nt6,extension,train,692224.0,692224.0,1.1496598639455782,0.08445128720874588,0.5045139478716445,0.002355079257121055,0.2625498991861467,0.1780986119774008,2.108891621002512,round2_20260927
grayscale,1ch,M3_element_prop,shared,full,grayscale:uint8:1ch:nt7,uint8:1ch,nt7,extension,train,1048576.0,1048576.0,1.7414965986394557,0.17587461120759448,1.0506790051809294,0.0012934174216102815,0.3977087230275358,0.2218341118199413,1.2613196998519491,round2_20260927
grayscale,1ch,M3_element_prop,shared,full,grayscale:float32:1ch:nt0,float32:1ch,nt0,extension,train,4096.0,16384.0,0.027210884353741496,0.0294420775026083,0.17588765364426023,0.0013909581171770255,0.0015535496993263117,-0.027888527803281986,-0.9472336930303684,round2_20260927
grayscale,1ch,M3_element_prop,shared,full,grayscale:float32:1ch:nt1,float32:1ch,nt1,extension,train,20736.0,82944.0,0.1377551020408163,0.03843377266700069,0.22960424903768345,0.006247004641710162,0.007864845352839453,-0.030568927314161234,-0.7953662935725219,round2_20260927
grayscale,1ch,M3_element_prop,shared,full,grayscale:float32:1ch:nt2,float32:1ch,nt2,extension,train,50176.0,200704.0,0.3333333333333333,0.043224894907325506,0.25822652438829036,0.001848946304599188,0.019030983816747317,-0.02419391109057819,-0.5597216868300111,round2_20260927
grayscale,1ch,M3_element_prop,shared,full,grayscale:float32:1ch:nt3,float32:1ch,nt3,extension,train,102400.0,409600.0,0.6802721088435374,0.06176644703373313,0.3689941866956688,0.0035787154948037385,0.038838742483157794,-0.022927704550575335,-0.3711999904746601,round2_20260927
grayscale,1ch,M3_element_prop,shared,full,grayscale:float32:1ch:nt4,float32:1ch,nt4,extension,train,200704.0,802816.0,1.3333333333333333,0.10094406781718135,0.6030422016278639,0.007582840877245947,0.07612393526698927,-0.02482013255019208,-0.24588005107089145,round2_20260927
grayscale,1ch,M3_element_prop,shared,full,grayscale:float32:1ch:nt5,float32:1ch,nt5,extension,train,409600.0,1638400.0,2.7210884353741496,0.2533929709655543,1.5137754837147999,0.006048405659312287,0.15535496993263118,-0.09803800103292312,-0.38690102830930617,round2_20260927
grayscale,1ch,M3_element_prop,shared,full,grayscale:float32:1ch:nt6,float32:1ch,nt6,extension,train,692224.0,2768896.0,4.598639455782313,0.42150093087305623,2.5180563339514865,0.02154900437474361,0.2625498991861467,-0.15895103168690955,-0.37710719014943517,round2_20260927
grayscale,1ch,M3_element_prop,shared,full,grayscale:float32:1ch:nt7,float32:1ch,nt7,extension,train,1048576.0,4194304.0,6.965986394557823,0.6269162544049323,3.745212239488298,0.019618548894995567,0.3977087230275358,-0.22920753137739647,-0.36561108404337006,round2_20260927
grayscale,1ch,M4_element_affine,shared,full,grayscale:uint8:1ch:nv0,uint8:1ch,nv0,extension,validation,9216.0,9216.0,0.015306122448979591,0.030065429552147787,0.17961157324124274,0.001830246137642962,0.020371925924689924,-0.009693503627457863,-0.3224136083153146,round2_20260927
grayscale,1ch,M4_element_affine,shared,full,grayscale:uint8:1ch:nv1,uint8:1ch,nv1,extension,validation,36864.0,36864.0,0.061224489795918366,0.03393800929188728,0.20274645439603686,0.0016045587647033034,0.030194414548409352,-0.0037435947434779314,-0.11030684538037473,round2_20260927
grayscale,1ch,M4_element_affine,shared,full,grayscale:uint8:1ch:nv2,uint8:1ch,nv2,extension,validation,147456.0,147456.0,0.24489795918367346,0.03906646743416786,0.23338398224639392,0.0015552166819447226,0.06948436904328706,0.030417901609119197,0.7786191997107843,round2_20260927
grayscale,1ch,M4_element_affine,shared,full,grayscale:uint8:1ch:nv3,uint8:1ch,nv3,extension,validation,495616.0,495616.0,0.8231292517006803,0.07095909987886746,0.42391130793324694,0.004592260949066732,0.19317496652716135,0.12221586664829388,1.7223424036793813,round2_20260927
grayscale,1ch,M4_element_affine,shared,full,grayscale:float32:1ch:nv0,float32:1ch,nv0,extension,validation,9216.0,36864.0,0.061224489795918366,0.033070703502744436,0.1975651495023552,0.002815438170060372,0.020371925924689924,-0.012698777578054512,-0.3839887342281872,round2_20260927
grayscale,1ch,M4_element_affine,shared,full,grayscale:float32:1ch:nv1,float32:1ch,nv1,extension,validation,36864.0,147456.0,0.24489795918367346,0.03747890780990323,0.22389986424189737,0.00019935891079654247,0.030194414548409352,-0.007284493261493875,-0.1943624744467356,round2_20260927
grayscale,1ch,M4_element_affine,shared,full,grayscale:float32:1ch:nv2,float32:1ch,nv2,extension,validation,147456.0,589824.0,0.9795918367346939,0.07426496517534058,0.44366062386413296,0.0022386509276979094,0.06948436904328706,-0.004780596132053519,-0.06437215880686764,round2_20260927
grayscale,1ch,M4_element_affine,shared,full,grayscale:float32:1ch:nv3,float32:1ch,nv3,extension,validation,495616.0,1982464.0,3.292517006802721,0.3040893259458244,1.8166366838120505,0.0080511935935839,0.19317496652716135,-0.11091435941866304,-0.36474269221282435,round2_20260927
grayscale,1ch,M4_element_affine,shared,full,grayscale:uint8:1ch:nt0,uint8:1ch,nt0,extension,train,4096.0,4096.0,0.006802721088435374,0.028855542962749798,0.1723836827037623,0.0024961333251404534,0.018552946549927066,-0.010302596412822732,-0.357040462767329,round2_20260927
grayscale,1ch,M4_element_affine,shared,full,grayscale:uint8:1ch:nt1,uint8:1ch,nt1,extension,train,20736.0,20736.0,0.03443877551020408,0.030081752532472212,0.1797090871041653,0.0029303579280064904,0.02446462951790635,-0.005617123014565861,-0.18672858266825945,round2_20260927
grayscale,1ch,M4_element_affine,shared,full,grayscale:uint8:1ch:nt2,uint8:1ch,nt2,extension,train,50176.0,50176.0,0.08333333333333333,0.03172977128997445,0.18955438937242808,0.0007250164643149446,0.034923760922792785,0.0031939896328183337,0.10066223306902712,round2_20260927
grayscale,1ch,M4_element_affine,shared,full,grayscale:uint8:1ch:nt3,uint8:1ch,nt3,extension,train,102400.0,102400.0,0.17006802721088435,0.038749227145065866,0.2314887814037688,0.002095198675856776,0.053477350545373926,0.01472812340030806,0.38008818460224353,round2_20260927
grayscale,1ch,M4_element_affine,shared,full,grayscale:uint8:1ch:nt4,uint8:1ch,nt4,extension,train,200704.0,200704.0,0.3333333333333333,0.04376535459111134,0.2614552430703191,0.0020315445017807447,0.08840175454082078,0.044636399949709436,1.019902623130466,round2_20260927
grayscale,1ch,M4_element_affine,shared,full,grayscale:uint8:1ch:nt5,uint8:1ch,nt5,extension,train,409600.0,409600.0,0.6802721088435374,0.061041174146036305,0.36466138964839895,0.0028502641641187675,0.16261611303114537,0.10157493888510907,1.664039729021248,round2_20260927
grayscale,1ch,M4_element_affine,shared,full,grayscale:uint8:1ch:nt6,uint8:1ch,nt6,extension,train,692224.0,692224.0,1.1496598639455782,0.08445128720874588,0.5045139478716445,0.002355079257121055,0.26302377451805503,0.17857248730930914,2.1145028478715235,round2_20260927
grayscale,1ch,M4_element_affine,shared,full,grayscale:uint8:1ch:nt7,uint8:1ch,nt7,extension,train,1048576.0,1048576.0,1.7414965986394557,0.17587461120759448,1.0506790051809294,0.0012934174216102815,0.3896247390015499,0.21375012779395544,1.215355225670716,round2_20260927
grayscale,1ch,M4_element_affine,shared,full,grayscale:float32:1ch:nt0,float32:1ch,nt0,extension,train,4096.0,16384.0,0.027210884353741496,0.0294420775026083,0.17588765364426023,0.0013909581171770255,0.018552946549927066,-0.010889130952681233,-0.36984927275313895,round2_20260927
grayscale,1ch,M4_element_affine,shared,full,grayscale:float32:1ch:nt1,float32:1ch,nt1,extension,train,20736.0,82944.0,0.1377551020408163,0.03843377266700069,0.22960424903768345,0.006247004641710162,0.02446462951790635,-0.013969143149094337,-0.3634601076018819,round2_20260927
grayscale,1ch,M4_element_affine,shared,full,grayscale:float32:1ch:nt2,float32:1ch,nt2,extension,train,50176.0,200704.0,0.3333333333333333,0.043224894907325506,0.25822652438829036,0.001848946304599188,0.034923760922792785,-0.008301133984532721,-0.19204520918628984,round2_20260927
grayscale,1ch,M4_element_affine,shared,full,grayscale:float32:1ch:nt3,float32:1ch,nt3,extension,train,102400.0,409600.0,0.6802721088435374,0.06176644703373313,0.3689941866956688,0.0035787154948037385,0.053477350545373926,-0.008289096488359203,-0.13420063621001538,round2_20260927
grayscale,1ch,M4_element_affine,shared,full,grayscale:float32:1ch:nt4,float32:1ch,nt4,extension,train,200704.0,802816.0,1.3333333333333333,0.10094406781718135,0.6030422016278639,0.007582840877245947,0.08840175454082078,-0.012542313276360573,-0.1242501272989693,round2_20260927
grayscale,1ch,M4_element_affine,shared,full,grayscale:float32:1ch:nt5,float32:1ch,nt5,extension,train,409600.0,1638400.0,2.7210884353741496,0.2533929709655543,1.5137754837147999,0.006048405659312287,0.16261611303114537,-0.09077685793440893,-0.3582453672195546,round2_20260927
grayscale,1ch,M4_element_affine,shared,full,grayscale:float32:1ch:nt6,float32:1ch,nt6,extension,train,692224.0,2768896.0,4.598639455782313,0.42150093087305623,2.5180563339514865,0.02154900437474361,0.26302377451805503,-0.1584771563550012,-0.37598293324464777,round2_20260927
grayscale,1ch,M4_element_affine,shared,full,grayscale:float32:1ch:nt7,float32:1ch,nt7,extension,train,1048576.0,4194304.0,6.965986394557823,0.6269162544049323,3.745212239488298,0.019618548894995567,0.3896247390015499,-0.23729151540338234,-0.37850592281838186,round2_20260927
grayscale,1ch,M5_repr_element_affine,float32:1ch,full,grayscale:float32:1ch:nv0,float32:1ch,nv0,extension,validation,9216.0,36864.0,0.061224489795918366,0.033070703502744436,0.1975651495023552,0.002815438170060372,0.017749971775176784,-0.015320731727567653,-0.46327202341783363,round2_20260927
grayscale,1ch,M5_repr_element_affine,float32:1ch,full,grayscale:float32:1ch:nv1,float32:1ch,nv1,extension,validation,36864.0,147456.0,0.24489795918367346,0.03747890780990323,0.22389986424189737,0.00019935891079654247,0.03389671672592844,-0.003582191083974784,-0.09557885470259742,round2_20260927
grayscale,1ch,M5_repr_element_affine,float32:1ch,full,grayscale:float32:1ch:nv2,float32:1ch,nv2,extension,validation,147456.0,589824.0,0.9795918367346939,0.07426496517534058,0.44366062386413296,0.0022386509276979094,0.09848369652893507,0.024218731353594494,0.3261124716939373,round2_20260927
grayscale,1ch,M5_repr_element_affine,float32:1ch,full,grayscale:float32:1ch:nv3,float32:1ch,nv3,extension,validation,495616.0,1982464.0,3.292517006802721,0.3040893259458244,1.8166366838120505,0.0080511935935839,0.3018130773902522,-0.00227624855557218,-0.007485460229464646,round2_20260927
grayscale,1ch,M5_repr_element_affine,float32:1ch,full,grayscale:float32:1ch:nt0,float32:1ch,nt0,extension,train,4096.0,16384.0,0.027210884353741496,0.0294420775026083,0.17588765364426023,0.0013909581171770255,0.014759833821333885,-0.014682243681274415,-0.4986823256603989,round2_20260927
grayscale,1ch,M5_repr_element_affine,float32:1ch,full,grayscale:float32:1ch:nt1,float32:1ch,nt1,extension,train,20736.0,82944.0,0.1377551020408163,0.03843377266700069,0.22960424903768345,0.006247004641710162,0.024477782171323306,-0.013955990495677383,-0.3631178915636357,round2_20260927
grayscale,1ch,M5_repr_element_affine,float32:1ch,full,grayscale:float32:1ch:nt2,float32:1ch,nt2,extension,train,50176.0,200704.0,0.3333333333333333,0.043224894907325506,0.25822652438829036,0.001848946304599188,0.04167107540591998,-0.0015538195014055262,-0.03594732861090644,round2_20260927
grayscale,1ch,M5_repr_element_affine,float32:1ch,full,grayscale:float32:1ch:nt3,float32:1ch,nt3,extension,train,102400.0,409600.0,0.6802721088435374,0.06176644703373313,0.3689941866956688,0.0035787154948037385,0.07217048253511756,0.010404035501384426,0.16844154069121647,round2_20260927
grayscale,1ch,M5_repr_element_affine,float32:1ch,full,grayscale:float32:1ch:nt4,float32:1ch,nt4,extension,train,200704.0,802816.0,1.3333333333333333,0.10094406781718135,0.6030422016278639,0.007582840877245947,0.12958113124890122,0.028637063431719872,0.2836923858030383,round2_20260927
grayscale,1ch,M5_repr_element_affine,float32:1ch,full,grayscale:float32:1ch:nt5,float32:1ch,nt5,extension,train,409600.0,1638400.0,2.7210884353741496,0.2533929709655543,1.5137754837147999,0.006048405659312287,0.2515787597656915,-0.001814211199862803,-0.0071596745282623605,round2_20260927
grayscale,1ch,M5_repr_element_affine,float32:1ch,full,grayscale:float32:1ch:nt6,float32:1ch,nt6,extension,train,692224.0,2768896.0,4.598639455782313,0.42150093087305623,2.5180563339514865,0.02154900437474361,0.41663437481781956,-0.0048665560552366705,-0.011545777716686313,round2_20260927
grayscale,1ch,M5_repr_element_affine,float32:1ch,full,grayscale:float32:1ch:nt7,float32:1ch,nt7,extension,train,1048576.0,4194304.0,6.965986394557823,0.6269162544049323,3.745212239488298,0.019618548894995567,0.6247479764052853,-0.002168277999646917,-0.003458640583031369,round2_20260927
grayscale,1ch,M3_element_prop,float32:1ch,local_x_le_2,grayscale:float32:1ch:nv0,float32:1ch,nv0,extension,validation,9216.0,36864.0,0.061224489795918366,0.033070703502744436,0.1975651495023552,0.002815438170060372,0.005089113994165611,-0.027981589508578826,-0.8461141295726207,round2_20260927
grayscale,1ch,M3_element_prop,float32:1ch,local_x_le_2,grayscale:float32:1ch:nv1,float32:1ch,nv1,extension,validation,36864.0,147456.0,0.24489795918367346,0.03747890780990323,0.22389986424189737,0.00019935891079654247,0.020356455976662444,-0.017122451833240782,-0.45685567786787096,round2_20260927
grayscale,1ch,M3_element_prop,float32:1ch,local_x_le_2,grayscale:float32:1ch:nv2,float32:1ch,nv2,extension,validation,147456.0,589824.0,0.9795918367346939,0.07426496517534058,0.44366062386413296,0.0022386509276979094,0.08142582390664978,0.0071608587313092,0.0964231076443962,round2_20260927
grayscale,1ch,M3_element_prop,float32:1ch,local_x_le_2,grayscale:float32:1ch:nt0,float32:1ch,nt0,extension,train,4096.0,16384.0,0.027210884353741496,0.0294420775026083,0.17588765364426023,0.0013909581171770255,0.0022618284418513828,-0.027180249060756917,-0.9231770094467346,round2_20260927
grayscale,1ch,M3_element_prop,float32:1ch,local_x_le_2,grayscale:float32:1ch:nt1,float32:1ch,nt1,extension,train,20736.0,82944.0,0.1377551020408163,0.03843377266700069,0.22960424903768345,0.006247004641710162,0.011450506486872625,-0.026983266180128064,-0.7020717537650408,round2_20260927
grayscale,1ch,M3_element_prop,float32:1ch,local_x_le_2,grayscale:float32:1ch:nt2,float32:1ch,nt2,extension,train,50176.0,200704.0,0.3333333333333333,0.043224894907325506,0.25822652438829036,0.001848946304599188,0.02770739841267944,-0.015517496494646066,-0.3589944296664154,round2_20260927
grayscale,1ch,M3_element_prop,float32:1ch,local_x_le_2,grayscale:float32:1ch:nt3,float32:1ch,nt3,extension,train,102400.0,409600.0,0.6802721088435374,0.06176644703373313,0.3689941866956688,0.0035787154948037385,0.05654571104628457,-0.005220735987448558,-0.08452381896917763,round2_20260927
grayscale,1ch,M3_element_prop,float32:1ch,local_x_le_2,grayscale:float32:1ch:nt4,float32:1ch,nt4,extension,train,200704.0,802816.0,1.3333333333333333,0.10094406781718135,0.6030422016278639,0.007582840877245947,0.11082959365071776,0.009885525833536413,0.09793072586929998,round2_20260927
grayscale,1ch,M4_element_affine,float32:1ch,local_x_le_2,grayscale:float32:1ch:nv0,float32:1ch,nv0,extension,validation,9216.0,36864.0,0.061224489795918366,0.033070703502744436,0.1975651495023552,0.002815438170060372,0.031080368354840543,-0.0019903351479038933,-0.06018423973770989,round2_20260927
grayscale,1ch,M4_element_affine,float32:1ch,local_x_le_2,grayscale:float32:1ch:nv1,float32:1ch,nv1,extension,validation,36864.0,147456.0,0.24489795918367346,0.03747890780990323,0.22389986424189737,0.00019935891079654247,0.040940211963625274,0.0034613041537220474,0.09235338903892634,round2_20260927
grayscale,1ch,M4_element_affine,float32:1ch,local_x_le_2,grayscale:float32:1ch:nv2,float32:1ch,nv2,extension,validation,147456.0,589824.0,0.9795918367346939,0.07426496517534058,0.44366062386413296,0.0022386509276979094,0.0803795863987642,0.0061146212234236275,0.08233520623064894,round2_20260927
grayscale,1ch,M4_element_affine,float32:1ch,local_x_le_2,grayscale:float32:1ch:nt0,float32:1ch,nt0,extension,train,4096.0,16384.0,0.027210884353741496,0.0294420775026083,0.17588765364426023,0.0013909581171770255,0.029254471390250777,-0.00018760611235752248,-0.006372040571556212,round2_20260927
grayscale,1ch,M4_element_affine,float32:1ch,local_x_le_2,grayscale:float32:1ch:nt1,float32:1ch,nt1,extension,train,20736.0,82944.0,0.1377551020408163,0.03843377266700069,0.22960424903768345,0.006247004641710162,0.035188636525167516,-0.003245136141833173,-0.08443449384867317,round2_20260927
grayscale,1ch,M4_element_affine,float32:1ch,local_x_le_2,grayscale:float32:1ch:nt2,float32:1ch,nt2,extension,train,50176.0,200704.0,0.3333333333333333,0.043224894907325506,0.25822652438829036,0.001848946304599188,0.045687544071558665,0.002462649164233159,0.056972935839707584,round2_20260927
grayscale,1ch,M4_element_affine,float32:1ch,local_x_le_2,grayscale:float32:1ch:nt3,float32:1ch,nt3,extension,train,102400.0,409600.0,0.6802721088435374,0.06176644703373313,0.3689941866956688,0.0035787154948037385,0.06431169311037427,0.002545246076641139,0.04120758435807516,round2_20260927
grayscale,1ch,M4_element_affine,float32:1ch,local_x_le_2,grayscale:float32:1ch:nt4,float32:1ch,nt4,extension,train,200704.0,802816.0,1.3333333333333333,0.10094406781718135,0.6030422016278639,0.007582840877245947,0.09936891483049776,-0.0015751529866835923,-0.015604215490268669,round2_20260927
grayscale,1ch,M5_repr_element_affine,uint8:1ch,full,grayscale:uint8:1ch:nv0,uint8:1ch,nv0,extension,validation,9216.0,9216.0,0.015306122448979591,0.030065429552147787,0.17961157324124274,0.001830246137642962,0.022993880074202996,-0.007071549477944791,-0.2352053366036016,round2_20260927
grayscale,1ch,M5_repr_element_affine,uint8:1ch,full,grayscale:uint8:1ch:nv1,uint8:1ch,nv1,extension,validation,36864.0,36864.0,0.061224489795918366,0.03393800929188728,0.20274645439603686,0.0016045587647033034,0.026492112370890206,-0.007445896920997078,-0.21939698516073491,round2_20260927
grayscale,1ch,M5_repr_element_affine,uint8:1ch,full,grayscale:uint8:1ch:nv2,uint8:1ch,nv2,extension,validation,147456.0,147456.0,0.24489795918367346,0.03906646743416786,0.23338398224639392,0.0015552166819447226,0.040485041557639045,0.0014185741234711835,0.03631180950419097,round2_20260927
grayscale,1ch,M5_repr_element_affine,uint8:1ch,full,grayscale:uint8:1ch:nv3,uint8:1ch,nv3,extension,validation,495616.0,495616.0,0.8231292517006803,0.07095909987886746,0.42391130793324694,0.004592260949066732,0.0845368556640706,0.013577755785203136,0.19134622350595468,round2_20260927
grayscale,1ch,M5_repr_element_affine,uint8:1ch,full,grayscale:uint8:1ch:nt0,uint8:1ch,nt0,extension,train,4096.0,4096.0,0.006802721088435374,0.028855542962749798,0.1723836827037623,0.0024961333251404534,0.02234605927852018,-0.006509483684229617,-0.22558867433660287,round2_20260927
grayscale,1ch,M5_repr_element_affine,uint8:1ch,full,grayscale:uint8:1ch:nt1,uint8:1ch,nt1,extension,train,20736.0,20736.0,0.03443877551020408,0.030081752532472212,0.1797090871041653,0.0029303579280064904,0.024451476864489334,-0.005630275667982878,-0.1871658129593743,round2_20260927
grayscale,1ch,M5_repr_element_affine,uint8:1ch,full,grayscale:uint8:1ch:nt2,uint8:1ch,nt2,extension,train,50176.0,50176.0,0.08333333333333333,0.03172977128997445,0.18955438937242808,0.0007250164643149446,0.02817644643966553,-0.0035533248503089206,-0.11198709306271151,round2_20260927
grayscale,1ch,M5_repr_element_affine,uint8:1ch,full,grayscale:uint8:1ch:nt3,uint8:1ch,nt3,extension,train,102400.0,102400.0,0.17006802721088435,0.038749227145065866,0.2314887814037688,0.002095198675856776,0.03478421855563026,-0.0039650085894356035,-0.10232484314052927,round2_20260927
grayscale,1ch,M5_repr_element_affine,uint8:1ch,full,grayscale:uint8:1ch:nt4,uint8:1ch,nt4,extension,train,200704.0,200704.0,0.3333333333333333,0.04376535459111134,0.2614552430703191,0.0020315445017807447,0.047222377832740345,0.003457023241629005,0.07898995161645782,round2_20260927
grayscale,1ch,M5_repr_element_affine,uint8:1ch,full,grayscale:uint8:1ch:nt5,uint8:1ch,nt5,extension,train,409600.0,409600.0,0.6802721088435374,0.061041174146036305,0.36466138964839895,0.0028502641641187675,0.07365346629659927,0.012612292150562969,0.20661942249651083,round2_20260927
grayscale,1ch,M5_repr_element_affine,uint8:1ch,full,grayscale:uint8:1ch:nt6,uint8:1ch,nt6,extension,train,692224.0,692224.0,1.1496598639455782,0.08445128720874588,0.5045139478716445,0.002355079257121055,0.10941317421829076,0.02496188700954488,0.2955773420936063,round2_20260927
grayscale,1ch,M5_repr_element_affine,uint8:1ch,full,grayscale:uint8:1ch:nt7,uint8:1ch,nt7,extension,train,1048576.0,1048576.0,1.7414965986394557,0.17587461120759448,1.0506790051809294,0.0012934174216102815,0.1545015015978148,-0.021373109609779672,-0.1215247013939483,round2_20260927
grayscale,3ch,M1_byte_prop_anchored,shared,full,grayscale:float32:3ch:v0,float32:3ch,v0,baseline,validation,19200.0,76800.0,0.12755102040816327,0.10185090281690161,0.6084596549420589,0.002462939440953179,0.021350941641357583,-0.08049996117554403,-0.7903706196916057,round1_20260927
grayscale,3ch,M1_byte_prop_anchored,shared,full,grayscale:float32:3ch:v1,float32:3ch,v1,baseline,validation,76800.0,307200.0,0.5102040816326531,0.13254643262674412,0.7918354617322674,0.002589067594849435,0.08540376656543033,-0.04714266606131379,-0.35566906726240877,round1_20260927
grayscale,3ch,M1_byte_prop_anchored,shared,full,grayscale:float32:3ch:v2,float32:3ch,v2,baseline,validation,196608.0,786432.0,1.3061224489795917,0.21534957690164447,1.2865033655032951,0.017495970799780453,0.21863364240750163,0.0032840655058571644,0.015249927829470867,round1_20260927
grayscale,3ch,M1_byte_prop_anchored,shared,full,grayscale:float32:3ch:v3,float32:3ch,v3,baseline,validation,602112.0,2408448.0,4.0,0.5965186888352036,3.5636164779771256,0.015483080603876289,0.6695655298729738,0.07304684103777015,0.12245524307110238,round1_20260927
grayscale,3ch,M1_byte_prop_anchored,shared,full,grayscale:uint8:3ch:v0,uint8:3ch,v0,baseline,validation,19200.0,19200.0,0.03188775510204082,0.11518327596907814,0.6881075612774156,0.0035320537427256933,0.005337735410339396,-0.10984554055873874,-0.9536587636926358,round1_20260927
grayscale,3ch,M1_byte_prop_anchored,shared,full,grayscale:uint8:3ch:v1,uint8:3ch,v1,baseline,validation,76800.0,76800.0,0.12755102040816327,0.15506838293125233,0.9263821150450862,0.008355782144278371,0.021350941641357583,-0.13371744128989474,-0.8623127343062366,round1_20260927
grayscale,3ch,M1_byte_prop_anchored,shared,full,grayscale:uint8:3ch:v2,uint8:3ch,v2,baseline,validation,196608.0,196608.0,0.32653061224489793,0.27641122229397297,1.6512870508516897,0.01837313844123047,0.05465841060187541,-0.22175281169209757,-0.8022569049539375,round1_20260927
grayscale,3ch,M1_byte_prop_anchored,shared,full,grayscale:uint8:3ch:v3,uint8:3ch,v3,baseline,validation,602112.0,602112.0,1.0,0.7631463215996822,4.5590538195385415,0.013743520245462775,0.16739138246824345,-0.5957549391314387,-0.7806562414959124,round1_20260927
grayscale,3ch,M1_byte_prop_anchored,shared,full,grayscale:float32:3ch:t0,float32:3ch,t0,baseline,train,12288.0,49152.0,0.08163265306122448,0.10564518704389532,0.6311267968883507,0.008569931554386892,0.013664602650468852,-0.09198058439342646,-0.8706557010988939,round1_20260927
grayscale,3ch,M1_byte_prop_anchored,shared,full,grayscale:float32:3ch:t1,float32:3ch,t1,baseline,train,27648.0,110592.0,0.1836734693877551,0.11506006742517154,0.6873715105794056,0.004892351421978225,0.030745355963554922,-0.08431471146161662,-0.7327886498628211,round1_20260927
grayscale,3ch,M1_byte_prop_anchored,shared,full,grayscale:float32:3ch:t2,float32:3ch,t2,baseline,train,62208.0,248832.0,0.413265306122449,0.1361220865510404,0.8131965011810851,0.011946426704501268,0.06917705091799857,-0.06694503563304184,-0.4918014212773626,round1_20260927
grayscale,3ch,M1_byte_prop_anchored,shared,full,grayscale:float32:3ch:t3,float32:3ch,t3,baseline,train,110592.0,442368.0,0.7346938775510204,0.15756132003540793,0.9412749791065235,0.014621930432682693,0.12298142385421969,-0.034579896181188244,-0.21946944956679268,round1_20260927
grayscale,3ch,M1_byte_prop_anchored,shared,full,grayscale:float32:3ch:t4,float32:3ch,t4,baseline+control,train,150528.0,602112.0,1.0,0.1707154632701228,1.0198581357825274,0.006348322524827701,0.16739138246824345,-0.0033240808018793477,-0.01947146871294055,"round1_20260927,round3_20260927"
grayscale,3ch,M1_byte_prop_anchored,shared,full,grayscale:float32:3ch:t5,float32:3ch,t5,baseline,train,248832.0,995328.0,1.653061224489796,0.30430446301276487,1.8179219176381185,0.021394750961750877,0.2767082036719943,-0.02759625934077059,-0.09068634441819866,round1_20260927
grayscale,3ch,M1_byte_prop_anchored,shared,full,grayscale:float32:3ch:t6,float32:3ch,t6,baseline,train,442368.0,1769472.0,2.938775510204082,0.4867203176642458,2.9076784628180223,0.015451586108937421,0.49192569541687875,0.005205377752632967,0.010694802669453779,round1_20260927
grayscale,3ch,M1_byte_prop_anchored,shared,full,grayscale:float32:3ch:t7,float32:3ch,t7,baseline,train,786432.0,3145728.0,5.224489795918367,0.8396380340370039,5.016017083175087,0.05032668317030186,0.8745345696300065,0.03489653559300265,0.04156140405552986,round1_20260927
grayscale,3ch,M1_byte_prop_anchored,shared,full,grayscale:uint8:3ch:t0,uint8:3ch,t0,baseline,train,12288.0,12288.0,0.02040816326530612,0.10857821364576618,0.6486487658130491,0.0006328887226096547,0.003416150662617213,-0.10516206298314897,-0.9685374206490234,round1_20260927
grayscale,3ch,M1_byte_prop_anchored,shared,full,grayscale:uint8:3ch:t1,uint8:3ch,t1,baseline,train,27648.0,27648.0,0.04591836734693878,0.12582510554542145,0.7516820979078316,0.003665383784986946,0.0076863389908887305,-0.11813876655453272,-0.9389125170404562,round1_20260927
grayscale,3ch,M1_byte_prop_anchored,shared,full,grayscale:uint8:3ch:t2,uint8:3ch,t2,baseline,train,62208.0,62208.0,0.10331632653061225,0.15769210178405046,0.9420562723052182,0.02135581481259625,0.017294262729499642,-0.14039783905455083,-0.8903289224137361,round1_20260927
grayscale,3ch,M1_byte_prop_anchored,shared,full,grayscale:uint8:3ch:t3,uint8:3ch,t3,baseline,train,110592.0,110592.0,0.1836734693877551,0.1848268105338017,1.1041596515212844,0.018960931874206853,0.030745355963554922,-0.15408145457024677,-0.8336531595456379,round1_20260927
grayscale,3ch,M1_byte_prop_anchored,shared,full,grayscale:uint8:3ch:t4,uint8:3ch,t4,baseline,train,150528.0,150528.0,0.25,0.21112633713831505,1.2612736332371755,0.010918924054026488,0.04184784561706086,-0.16927849152125418,-0.8017876585920917,round1_20260927
grayscale,3ch,M1_byte_prop_anchored,shared,full,grayscale:uint8:3ch:t5,uint8:3ch,t5,baseline,train,248832.0,248832.0,0.413265306122449,0.3097569989040494,1.8504954934750883,0.007345506141761784,0.06917705091799857,-0.2405799479860508,-0.7766731626315022,round1_20260927
grayscale,3ch,M1_byte_prop_anchored,shared,full,grayscale:uint8:3ch:t6,uint8:3ch,t6,baseline,train,442368.0,442368.0,0.7346938775510204,0.5448710460526248,3.255072262492334,0.01705174221124241,0.12298142385421969,-0.42188962219840515,-0.7742926060300479,round1_20260927
grayscale,3ch,M1_byte_prop_anchored,shared,full,grayscale:uint8:3ch:t7,uint8:3ch,t7,baseline,train,786432.0,786432.0,1.3061224489795917,0.9915999804312984,5.923841274322585,0.028378518866090545,0.21863364240750163,-0.7729663380237968,-0.7795142731725282,round1_20260927
grayscale,3ch,M2_byte_affine,shared,full,grayscale:float32:3ch:v0,float32:3ch,v0,baseline,validation,19200.0,76800.0,0.12755102040816327,0.10185090281690161,0.6084596549420589,0.002462939440953179,0.19550038047478052,0.09364947765787891,0.9194761663157127,round1_20260927
grayscale,3ch,M2_byte_affine,shared,full,grayscale:float32:3ch:v1,float32:3ch,v1,baseline,validation,76800.0,307200.0,0.5102040816326531,0.13254643262674412,0.7918354617322674,0.002589067594849435,0.24813506835571914,0.11558863572897501,0.8720614613180656,round1_20260927
grayscale,3ch,M2_byte_affine,shared,full,grayscale:float32:3ch:v2,float32:3ch,v2,baseline,validation,196608.0,786432.0,1.3061224489795917,0.21534957690164447,1.2865033655032951,0.017495970799780453,0.3576152191480715,0.14226564224642702,0.660626523131751,round1_20260927
grayscale,3ch,M2_byte_affine,shared,full,grayscale:float32:3ch:v3,float32:3ch,v3,baseline,validation,602112.0,2408448.0,4.0,0.5965186888352036,3.5636164779771256,0.015483080603876289,0.7281634218298793,0.1316447329946756,0.22068836309509868,round1_20260927
grayscale,3ch,M2_byte_affine,shared,full,grayscale:uint8:3ch:v0,uint8:3ch,v0,baseline,validation,19200.0,19200.0,0.03188775510204082,0.11518327596907814,0.6881075612774156,0.0035320537427256933,0.18234170850454587,0.06715843253546773,0.5830571493165114,round1_20260927
grayscale,3ch,M2_byte_affine,shared,full,grayscale:uint8:3ch:v1,uint8:3ch,v1,baseline,validation,76800.0,76800.0,0.12755102040816327,0.15506838293125233,0.9263821150450862,0.008355782144278371,0.19550038047478052,0.04043199754352819,0.2607365652445942,round1_20260927
grayscale,3ch,M2_byte_affine,shared,full,grayscale:uint8:3ch:v2,uint8:3ch,v2,baseline,validation,196608.0,196608.0,0.32653061224489793,0.27641122229397297,1.6512870508516897,0.01837313844123047,0.22287041817286862,-0.053540804121104346,-0.19369982042249295,round1_20260927
grayscale,3ch,M2_byte_affine,shared,full,grayscale:uint8:3ch:v3,uint8:3ch,v3,baseline,validation,602112.0,602112.0,1.0,0.7631463215996822,4.5590538195385415,0.013743520245462775,0.3155074688433206,-0.4476388527563616,-0.5865701505551855,round1_20260927
grayscale,3ch,M2_byte_affine,shared,full,grayscale:float32:3ch:t0,float32:3ch,t0,baseline,train,12288.0,49152.0,0.08163265306122448,0.10564518704389532,0.6311267968883507,0.008569931554386892,0.1891842179290679,0.08353903088517257,0.7907509392781169,round1_20260927
grayscale,3ch,M2_byte_affine,shared,full,grayscale:float32:3ch:t1,float32:3ch,t1,baseline,train,27648.0,110592.0,0.1836734693877551,0.11506006742517154,0.6873715105794056,0.004892351421978225,0.2032201346973182,0.08816006727214666,0.7662090701405239,round1_20260927
grayscale,3ch,M2_byte_affine,shared,full,grayscale:float32:3ch:t2,float32:3ch,t2,baseline,train,62208.0,248832.0,0.413265306122449,0.1361220865510404,0.8131965011810851,0.011946426704501268,0.23480094742588137,0.09867886087484096,0.7249290939853488,round1_20260927
grayscale,3ch,M2_byte_affine,shared,full,grayscale:float32:3ch:t3,float32:3ch,t3,baseline,train,110592.0,442368.0,0.7346938775510204,0.15756132003540793,0.9412749791065235,0.014621930432682693,0.2790140852458698,0.12145276521046186,0.7708285585775012,round1_20260927
grayscale,3ch,M2_byte_affine,shared,full,grayscale:float32:3ch:t4,float32:3ch,t4,baseline+control,train,150528.0,602112.0,1.0,0.1707154632701228,1.0198581357825274,0.006348322524827701,0.3155074688433206,0.1447920055731978,0.8481481571712906,"round1_20260927,round3_20260927"
grayscale,3ch,M2_byte_affine,shared,full,grayscale:float32:3ch:t5,float32:3ch,t5,baseline,train,248832.0,995328.0,1.653061224489796,0.30430446301276487,1.8179219176381185,0.021394750961750877,0.40533733616012246,0.1010328731473576,0.33201245932143786,round1_20260927
grayscale,3ch,M2_byte_affine,shared,full,grayscale:float32:3ch:t6,float32:3ch,t6,baseline,train,442368.0,1769472.0,2.938775510204082,0.4867203176642458,2.9076784628180223,0.015451586108937421,0.5821898874400763,0.09546956977583049,0.1961487250706642,round1_20260927
grayscale,3ch,M2_byte_affine,shared,full,grayscale:float32:3ch:t7,float32:3ch,t7,baseline,train,786432.0,3145728.0,5.224489795918367,0.8396380340370039,5.016017083175087,0.05032668317030186,0.8965944230488828,0.05695638901187894,0.06783445568566134,round1_20260927
grayscale,3ch,M2_byte_affine,shared,full,grayscale:uint8:3ch:t0,uint8:3ch,t0,baseline,train,12288.0,12288.0,0.02040816326530612,0.10857821364576618,0.6486487658130491,0.0006328887226096547,0.18076266786811773,0.07218445422235155,0.6648152681702022,round1_20260927
grayscale,3ch,M2_byte_affine,shared,full,grayscale:uint8:3ch:t1,uint8:3ch,t1,baseline,train,27648.0,27648.0,0.04591836734693878,0.12582510554542145,0.7516820979078316,0.003665383784986946,0.1842716470601803,0.05844654151475884,0.46450619899269857,round1_20260927
grayscale,3ch,M2_byte_affine,shared,full,grayscale:uint8:3ch:t2,uint8:3ch,t2,baseline,train,62208.0,62208.0,0.10331632653061225,0.15769210178405046,0.9420562723052182,0.02135581481259625,0.19216685024232108,0.034474748458270615,0.21862064154285699,round1_20260927
grayscale,3ch,M2_byte_affine,shared,full,grayscale:uint8:3ch:t3,uint8:3ch,t3,baseline,train,110592.0,110592.0,0.1836734693877551,0.1848268105338017,1.1041596515212844,0.018960931874206853,0.2032201346973182,0.018393324163516495,0.09951653718632268,round1_20260927
grayscale,3ch,M2_byte_affine,shared,full,grayscale:uint8:3ch:t4,uint8:3ch,t4,baseline,train,150528.0,150528.0,0.25,0.21112633713831505,1.2612736332371755,0.010918924054026488,0.2123434805966809,0.0012171434583658491,0.005765000590942203,round1_20260927
grayscale,3ch,M2_byte_affine,shared,full,grayscale:uint8:3ch:t5,uint8:3ch,t5,baseline,train,248832.0,248832.0,0.413265306122449,0.3097569989040494,1.8504954934750883,0.007345506141761784,0.23480094742588137,-0.07495605147816803,-0.2419833990623937,round1_20260927
grayscale,3ch,M2_byte_affine,shared,full,grayscale:uint8:3ch:t6,uint8:3ch,t6,baseline,train,442368.0,442368.0,0.7346938775510204,0.5448710460526248,3.255072262492334,0.01705174221124241,0.2790140852458698,-0.265856960806755,-0.48792638686306333,round1_20260927
grayscale,3ch,M2_byte_affine,shared,full,grayscale:uint8:3ch:t7,uint8:3ch,t7,baseline,train,786432.0,786432.0,1.3061224489795917,0.9915999804312984,5.923841274322585,0.028378518866090545,0.3576152191480715,-0.6339847612832269,-0.6393553588085732,round1_20260927
grayscale,3ch,M3_element_prop,shared,full,grayscale:float32:3ch:v0,float32:3ch,v0,baseline,validation,19200.0,76800.0,0.12755102040816327,0.10185090281690161,0.6084596549420589,0.002462939440953179,0.02277145024124678,-0.07907945257565482,-0.7764236780288217,round1_20260927
grayscale,3ch,M3_element_prop,shared,full,grayscale:float32:3ch:v1,float32:3ch,v1,baseline,validation,76800.0,307200.0,0.5102040816326531,0.13254643262674412,0.7918354617322674,0.002589067594849435,0.09108580096498713,-0.041460631661756994,-0.31280081130898285,round1_20260927
grayscale,3ch,M3_element_prop,shared,full,grayscale:float32:3ch:v2,float32:3ch,v2,baseline,validation,196608.0,786432.0,1.3061224489795917,0.21534957690164447,1.2865033655032951,0.017495970799780453,0.23317965047036704,0.01783007356872257,0.0827959535618963,round1_20260927
grayscale,3ch,M3_element_prop,shared,full,grayscale:float32:3ch:v3,float32:3ch,v3,baseline,validation,602112.0,2408448.0,4.0,0.5965186888352036,3.5636164779771256,0.015483080603876289,0.7141126795654991,0.11759399073029542,0.19713379133169515,round1_20260927
grayscale,3ch,M3_element_prop,shared,full,grayscale:uint8:3ch:v0,uint8:3ch,v0,baseline,validation,19200.0,19200.0,0.03188775510204082,0.11518327596907814,0.6881075612774156,0.0035320537427256933,0.02277145024124678,-0.09241182572783135,-0.8023024605815174,round1_20260927
grayscale,3ch,M3_element_prop,shared,full,grayscale:uint8:3ch:v1,uint8:3ch,v1,baseline,validation,76800.0,76800.0,0.12755102040816327,0.15506838293125233,0.9263821150450862,0.008355782144278371,0.09108580096498713,-0.0639825819662652,-0.4126088165543785,round1_20260927
grayscale,3ch,M3_element_prop,shared,full,grayscale:uint8:3ch:v2,uint8:3ch,v2,baseline,validation,196608.0,196608.0,0.32653061224489793,0.27641122229397297,1.6512870508516897,0.01837313844123047,0.23317965047036704,-0.04323157182360593,-0.15640309921146273,round1_20260927
grayscale,3ch,M3_element_prop,shared,full,grayscale:uint8:3ch:v3,uint8:3ch,v3,baseline,validation,602112.0,602112.0,1.0,0.7631463215996822,4.5590538195385415,0.013743520245462775,0.7141126795654991,-0.049033642034183145,-0.06425195358525798,round1_20260927
grayscale,3ch,M3_element_prop,shared,full,grayscale:float32:3ch:t0,float32:3ch,t0,baseline,train,12288.0,49152.0,0.08163265306122448,0.10564518704389532,0.6311267968883507,0.008569931554386892,0.01457372815439794,-0.09107145888949739,-0.862050240411401,round1_20260927
grayscale,3ch,M3_element_prop,shared,full,grayscale:float32:3ch:t1,float32:3ch,t1,baseline,train,27648.0,110592.0,0.1836734693877551,0.11506006742517154,0.6873715105794056,0.004892351421978225,0.03279088834739537,-0.08226917907777617,-0.7150106976191312,round1_20260927
grayscale,3ch,M3_element_prop,shared,full,grayscale:float32:3ch:t2,float32:3ch,t2,baseline,train,62208.0,248832.0,0.413265306122449,0.1361220865510404,0.8131965011810851,0.011946426704501268,0.07377949878163957,-0.06234258776940084,-0.45799024499984303,round1_20260927
grayscale,3ch,M3_element_prop,shared,full,grayscale:float32:3ch:t3,float32:3ch,t3,baseline,train,110592.0,442368.0,0.7346938775510204,0.15756132003540793,0.9412749791065235,0.014621930432682693,0.13116355338958147,-0.026397766645826465,-0.1675396387888489,round1_20260927
grayscale,3ch,M3_element_prop,shared,full,grayscale:float32:3ch:t4,float32:3ch,t4,baseline+control,train,150528.0,602112.0,1.0,0.1707154632701228,1.0198581357825274,0.006348322524827701,0.17852816989137477,0.007812706621251969,0.04576449298497311,"round1_20260927,round3_20260927"
grayscale,3ch,M3_element_prop,shared,full,grayscale:float32:3ch:t5,float32:3ch,t5,baseline,train,248832.0,995328.0,1.653061224489796,0.30430446301276487,1.8179219176381185,0.021394750961750877,0.2951179951265583,-0.009186467886206584,-0.030188409973537698,round1_20260927
grayscale,3ch,M3_element_prop,shared,full,grayscale:float32:3ch:t6,float32:3ch,t6,baseline,train,442368.0,1769472.0,2.938775510204082,0.4867203176642458,2.9076784628180223,0.015451586108937421,0.5246542135583259,0.03793389589408008,0.0779377694280846,round1_20260927
grayscale,3ch,M3_element_prop,shared,full,grayscale:float32:3ch:t7,float32:3ch,t7,baseline,train,786432.0,3145728.0,5.224489795918367,0.8396380340370039,5.016017083175087,0.05032668317030186,0.9327186018814682,0.09308056784446428,0.11085796982889189,round1_20260927
grayscale,3ch,M3_element_prop,shared,full,grayscale:uint8:3ch:t0,uint8:3ch,t0,baseline,train,12288.0,12288.0,0.02040816326530612,0.10857821364576618,0.6486487658130491,0.0006328887226096547,0.01457372815439794,-0.09400448549136825,-0.8657766814810164,round1_20260927
grayscale,3ch,M3_element_prop,shared,full,grayscale:uint8:3ch:t1,uint8:3ch,t1,baseline,train,27648.0,27648.0,0.04591836734693878,0.12582510554542145,0.7516820979078316,0.003665383784986946,0.03279088834739537,-0.09303421719802608,-0.7393931186844248,round1_20260927
grayscale,3ch,M3_element_prop,shared,full,grayscale:uint8:3ch:t2,uint8:3ch,t2,baseline,train,62208.0,62208.0,0.10331632653061225,0.15769210178405046,0.9420562723052182,0.02135581481259625,0.07377949878163957,-0.0839126030024109,-0.532129396799619,round1_20260927
grayscale,3ch,M3_element_prop,shared,full,grayscale:uint8:3ch:t3,uint8:3ch,t3,baseline,train,110592.0,110592.0,0.1836734693877551,0.1848268105338017,1.1041596515212844,0.018960931874206853,0.13116355338958147,-0.05366325714422024,-0.2903434679700115,round1_20260927
grayscale,3ch,M3_element_prop,shared,full,grayscale:uint8:3ch:t4,uint8:3ch,t4,baseline,train,150528.0,150528.0,0.25,0.21112633713831505,1.2612736332371755,0.010918924054026488,0.17852816989137477,-0.032598167246940285,-0.15440123524515215,round1_20260927
grayscale,3ch,M3_element_prop,shared,full,grayscale:uint8:3ch:t5,uint8:3ch,t5,baseline,train,248832.0,248832.0,0.413265306122449,0.3097569989040494,1.8504954934750883,0.007345506141761784,0.2951179951265583,-0.01463900377749111,-0.04725963845622646,round1_20260927
grayscale,3ch,M3_element_prop,shared,full,grayscale:uint8:3ch:t6,uint8:3ch,t6,baseline,train,442368.0,442368.0,0.7346938775510204,0.5448710460526248,3.255072262492334,0.01705174221124241,0.5246542135583259,-0.020216832494298953,-0.03710388474623841,round1_20260927
grayscale,3ch,M3_element_prop,shared,full,grayscale:uint8:3ch:t7,uint8:3ch,t7,baseline,train,786432.0,786432.0,1.3061224489795917,0.9915999804312984,5.923841274322585,0.028378518866090545,0.9327186018814682,-0.05888137854983022,-0.05938017316642105,round1_20260927
grayscale,3ch,M4_element_affine,shared,full,grayscale:float32:3ch:v0,float32:3ch,v0,baseline,validation,19200.0,76800.0,0.12755102040816327,0.10185090281690161,0.6084596549420589,0.002462939440953179,0.08799918983142684,-0.013851712985474773,-0.13599990380425137,round1_20260927
grayscale,3ch,M4_element_affine,shared,full,grayscale:float32:3ch:v1,float32:3ch,v1,baseline,validation,76800.0,307200.0,0.5102040816326531,0.13254643262674412,0.7918354617322674,0.002589067594849435,0.14845759610883041,0.015911163482086293,0.12004218572138221,round1_20260927
grayscale,3ch,M4_element_affine,shared,full,grayscale:float32:3ch:v2,float32:3ch,v2,baseline,validation,196608.0,786432.0,1.3061224489795917,0.21534957690164447,1.2865033655032951,0.017495970799780453,0.2742110811658299,0.058861504264185405,0.27333002047674754,round1_20260927
grayscale,3ch,M4_element_affine,shared,full,grayscale:float32:3ch:v3,float32:3ch,v3,baseline,validation,602112.0,2408448.0,4.0,0.5965186888352036,3.5636164779771256,0.015483080603876289,0.6998382613587512,0.10331957252354751,0.17320425069212028,round1_20260927
grayscale,3ch,M4_element_affine,shared,full,grayscale:uint8:3ch:v0,uint8:3ch,v0,baseline,validation,19200.0,19200.0,0.03188775510204082,0.11518327596907814,0.6881075612774156,0.0035320537427256933,0.08799918983142684,-0.027184086137651303,-0.23600723203036078,round1_20260927
grayscale,3ch,M4_element_affine,shared,full,grayscale:uint8:3ch:v1,uint8:3ch,v1,baseline,validation,76800.0,76800.0,0.12755102040816327,0.15506838293125233,0.9263821150450862,0.008355782144278371,0.14845759610883041,-0.006610786822421916,-0.042631429421384544,round1_20260927
grayscale,3ch,M4_element_affine,shared,full,grayscale:uint8:3ch:v2,uint8:3ch,v2,baseline,validation,196608.0,196608.0,0.32653061224489793,0.27641122229397297,1.6512870508516897,0.01837313844123047,0.2742110811658299,-0.002200141128143096,-0.007959666434249075,round1_20260927
grayscale,3ch,M4_element_affine,shared,full,grayscale:uint8:3ch:v3,uint8:3ch,v3,baseline,validation,602112.0,602112.0,1.0,0.7631463215996822,4.5590538195385415,0.013743520245462775,0.6998382613587512,-0.06330806024093105,-0.08295664730221955,round1_20260927
grayscale,3ch,M4_element_affine,shared,full,grayscale:float32:3ch:t0,float32:3ch,t0,baseline,train,12288.0,49152.0,0.08163265306122448,0.10564518704389532,0.6311267968883507,0.008569931554386892,0.0807441810781384,-0.024901005965756923,-0.2357041211485632,round1_20260927
grayscale,3ch,M4_element_affine,shared,full,grayscale:float32:3ch:t1,float32:3ch,t1,baseline,train,27648.0,110592.0,0.1836734693877551,0.11506006742517154,0.6873715105794056,0.004892351421978225,0.09686642275211269,-0.018193644673058854,-0.15812301418031896,round1_20260927
grayscale,3ch,M4_element_affine,shared,full,grayscale:float32:3ch:t2,float32:3ch,t2,baseline,train,62208.0,248832.0,0.413265306122449,0.1361220865510404,0.8131965011810851,0.011946426704501268,0.13314146651855485,-0.002980620032485559,-0.02189666723458536,round1_20260927
grayscale,3ch,M4_element_affine,shared,full,grayscale:float32:3ch:t3,float32:3ch,t3,baseline,train,110592.0,442368.0,0.7346938775510204,0.15756132003540793,0.9412749791065235,0.014621930432682693,0.18392652779157384,0.02636520775616591,0.16733299613281352,round1_20260927
grayscale,3ch,M4_element_affine,shared,full,grayscale:float32:3ch:t4,float32:3ch,t4,baseline+control,train,150528.0,602112.0,1.0,0.1707154632701228,1.0198581357825274,0.006348322524827701,0.22584435614390702,0.055128892873784224,0.3229285257338046,"round1_20260927,round3_20260927"
grayscale,3ch,M4_element_affine,shared,full,grayscale:float32:3ch:t5,float32:3ch,t5,baseline,train,248832.0,995328.0,1.653061224489796,0.30430446301276487,1.8179219176381185,0.021394750961750877,0.3290267028573424,0.024722239844577554,0.08124179185482572,round1_20260927
grayscale,3ch,M4_element_affine,shared,full,grayscale:float32:3ch:t6,float32:3ch,t6,baseline,train,442368.0,1769472.0,2.938775510204082,0.4867203176642458,2.9076784628180223,0.015451586108937421,0.5321669479494184,0.04544663028517265,0.09337319326069946,round1_20260927
grayscale,3ch,M4_element_affine,shared,full,grayscale:float32:3ch:t7,float32:3ch,t7,baseline,train,786432.0,3145728.0,5.224489795918367,0.8396380340370039,5.016017083175087,0.05032668317030186,0.8933051614464426,0.053667127409438686,0.06391697997696173,round1_20260927
grayscale,3ch,M4_element_affine,shared,full,grayscale:uint8:3ch:t0,uint8:3ch,t0,baseline,train,12288.0,12288.0,0.02040816326530612,0.10857821364576618,0.6486487658130491,0.0006328887226096547,0.0807441810781384,-0.027834032567627787,-0.25635006907035374,round1_20260927
grayscale,3ch,M4_element_affine,shared,full,grayscale:uint8:3ch:t1,uint8:3ch,t1,baseline,train,27648.0,27648.0,0.04591836734693878,0.12582510554542145,0.7516820979078316,0.003665383784986946,0.09686642275211269,-0.028958682793308765,-0.23015027619313227,round1_20260927
grayscale,3ch,M4_element_affine,shared,full,grayscale:uint8:3ch:t2,uint8:3ch,t2,baseline,train,62208.0,62208.0,0.10331632653061225,0.15769210178405046,0.9420562723052182,0.02135581481259625,0.13314146651855485,-0.024550635265495613,-0.15568715863218174,round1_20260927
grayscale,3ch,M4_element_affine,shared,full,grayscale:uint8:3ch:t3,uint8:3ch,t3,baseline,train,110592.0,110592.0,0.1836734693877551,0.1848268105338017,1.1041596515212844,0.018960931874206853,0.18392652779157384,-0.0009002827422278648,-0.004870953189246417,round1_20260927
grayscale,3ch,M4_element_affine,shared,full,grayscale:uint8:3ch:t4,uint8:3ch,t4,baseline,train,150528.0,150528.0,0.25,0.21112633713831505,1.2612736332371755,0.010918924054026488,0.22584435614390702,0.01471801900559197,0.06971190428008878,round1_20260927
grayscale,3ch,M4_element_affine,shared,full,grayscale:uint8:3ch:t5,uint8:3ch,t5,baseline,train,248832.0,248832.0,0.413265306122449,0.3097569989040494,1.8504954934750883,0.007345506141761784,0.3290267028573424,0.019269703953293027,0.062209099460128835,round1_20260927
grayscale,3ch,M4_element_affine,shared,full,grayscale:uint8:3ch:t6,uint8:3ch,t6,baseline,train,442368.0,442368.0,0.7346938775510204,0.5448710460526248,3.255072262492334,0.01705174221124241,0.5321669479494184,-0.012704098103206385,-0.023315788561793747,round1_20260927
grayscale,3ch,M4_element_affine,shared,full,grayscale:uint8:3ch:t7,uint8:3ch,t7,baseline,train,786432.0,786432.0,1.3061224489795917,0.9915999804312984,5.923841274322585,0.028378518866090545,0.8933051614464426,-0.09829481898485581,-0.09912749185624457,round1_20260927
grayscale,3ch,M5_repr_element_affine,float32:3ch,full,grayscale:float32:3ch:v0,float32:3ch,v0,baseline,validation,19200.0,76800.0,0.12755102040816327,0.10185090281690161,0.6084596549420589,0.002462939440953179,0.08610661863782867,-0.015744284179072934,-0.15458168502812972,round1_20260927
grayscale,3ch,M5_repr_element_affine,float32:3ch,full,grayscale:float32:3ch:v1,float32:3ch,v1,baseline,validation,76800.0,307200.0,0.5102040816326531,0.13254643262674412,0.7918354617322674,0.002589067594849435,0.14164533017414033,0.009098897547396206,0.0686468686261746,round1_20260927
grayscale,3ch,M5_repr_element_affine,float32:3ch,full,grayscale:float32:3ch:v2,float32:3ch,v2,baseline,validation,196608.0,786432.0,1.3061224489795917,0.21534957690164447,1.2865033655032951,0.017495970799780453,0.25716585016966864,0.04181627326802417,0.19417857174208755,round1_20260927
grayscale,3ch,M5_repr_element_affine,float32:3ch,full,grayscale:float32:3ch:v3,float32:3ch,v3,baseline,validation,602112.0,2408448.0,4.0,0.5965186888352036,3.5636164779771256,0.015483080603876289,0.6481583793853027,0.05163969055009909,0.0865684370274026,round1_20260927
grayscale,3ch,M5_repr_element_affine,float32:3ch,full,grayscale:float32:3ch:t0,float32:3ch,t0,baseline,train,12288.0,49152.0,0.08163265306122448,0.10564518704389532,0.6311267968883507,0.008569931554386892,0.07944197325347128,-0.026203213790424035,-0.2480303601482258,round1_20260927
grayscale,3ch,M5_repr_element_affine,float32:3ch,full,grayscale:float32:3ch:t1,float32:3ch,t1,baseline,train,27648.0,110592.0,0.1836734693877551,0.11506006742517154,0.6873715105794056,0.004892351421978225,0.09425229632982106,-0.02080777109535048,-0.1808426812272004,round1_20260927
grayscale,3ch,M5_repr_element_affine,float32:3ch,full,grayscale:float32:3ch:t2,float32:3ch,t2,baseline,train,62208.0,248832.0,0.413265306122449,0.1361220865510404,0.8131965011810851,0.011946426704501268,0.12757552325160806,-0.008546563299432347,-0.0627860144960952,round1_20260927
grayscale,3ch,M5_repr_element_affine,float32:3ch,full,grayscale:float32:3ch:t3,float32:3ch,t3,baseline,train,110592.0,442368.0,0.7346938775510204,0.15756132003540793,0.9412749791065235,0.014621930432682693,0.17422804094210986,0.016666720906701932,0.10577926678296747,round1_20260927
grayscale,3ch,M5_repr_element_affine,float32:3ch,full,grayscale:float32:3ch:t4,float32:3ch,t4,baseline+control,train,150528.0,602112.0,1.0,0.1707154632701228,1.0198581357825274,0.006348322524827701,0.2127348809406193,0.042019417670496495,0.24613715047013193,"round1_20260927,round3_20260927"
grayscale,3ch,M5_repr_element_affine,float32:3ch,full,grayscale:float32:3ch:t5,float32:3ch,t5,baseline,train,248832.0,995328.0,1.653061224489796,0.30430446301276487,1.8179219176381185,0.021394750961750877,0.30752094862925783,0.003216485616492959,0.01056995873359253,round1_20260927
grayscale,3ch,M5_repr_element_affine,float32:3ch,full,grayscale:float32:3ch:t6,float32:3ch,t6,baseline,train,442368.0,1769472.0,2.938775510204082,0.4867203176642458,2.9076784628180223,0.015451586108937421,0.4941310193912651,0.007410701727019298,0.01522579078387975,round1_20260927
grayscale,3ch,M5_repr_element_affine,float32:3ch,full,grayscale:float32:3ch:t7,float32:3ch,t7,baseline,train,786432.0,3145728.0,5.224489795918367,0.8396380340370039,5.016017083175087,0.05032668317030186,0.8258822563015,-0.013755777735503849,-0.0163829854983649,round1_20260927
grayscale,3ch,M3_element_prop,float32:3ch,local_x_le_2,grayscale:float32:3ch:v0,float32:3ch,v0,baseline,validation,19200.0,76800.0,0.12755102040816327,0.10185090281690161,0.6084596549420589,0.002462939440953179,0.024907263853092672,-0.07694363896380893,-0.755453676263737,round1_20260927
grayscale,3ch,M3_element_prop,float32:3ch,local_x_le_2,grayscale:float32:3ch:v1,float32:3ch,v1,baseline,validation,76800.0,307200.0,0.5102040816326531,0.13254643262674412,0.7918354617322674,0.002589067594849435,0.09962905541237069,-0.03291737721437343,-0.24834600646756025,round1_20260927
grayscale,3ch,M3_element_prop,float32:3ch,local_x_le_2,grayscale:float32:3ch:v2,float32:3ch,v2,baseline,validation,196608.0,786432.0,1.3061224489795917,0.21534957690164447,1.2865033655032951,0.017495970799780453,0.255050381855669,0.039700804954024504,0.1843551565098122,round1_20260927
grayscale,3ch,M3_element_prop,float32:3ch,local_x_le_2,grayscale:float32:3ch:t0,float32:3ch,t0,baseline,train,12288.0,49152.0,0.08163265306122448,0.10564518704389532,0.6311267968883507,0.008569931554386892,0.01594064886597931,-0.08970453817791602,-0.8491114520971409,round1_20260927
grayscale,3ch,M3_element_prop,float32:3ch,local_x_le_2,grayscale:float32:3ch:t1,float32:3ch,t1,baseline,train,27648.0,110592.0,0.1836734693877551,0.11506006742517154,0.6873715105794056,0.004892351421978225,0.03586645994845345,-0.07919360747671808,-0.6882805585719047,round1_20260927
grayscale,3ch,M3_element_prop,float32:3ch,local_x_le_2,grayscale:float32:3ch:t2,float32:3ch,t2,baseline,train,62208.0,248832.0,0.413265306122449,0.1361220865510404,0.8131965011810851,0.011946426704501268,0.08069953488402026,-0.05542255166702015,-0.4071532627163989,round1_20260927
grayscale,3ch,M3_element_prop,float32:3ch,local_x_le_2,grayscale:float32:3ch:t3,float32:3ch,t3,baseline,train,110592.0,442368.0,0.7346938775510204,0.15756132003540793,0.9412749791065235,0.014621930432682693,0.1434658397938138,-0.014095480241594127,-0.08946028275484443,round1_20260927
grayscale,3ch,M3_element_prop,float32:3ch,local_x_le_2,grayscale:float32:3ch:t4,float32:3ch,t4,baseline+control,train,150528.0,602112.0,1.0,0.1707154632701228,1.0198581357825274,0.006348322524827701,0.19527294860824657,0.02455748533812377,0.14385038629609376,"round1_20260927,round3_20260927"
grayscale,3ch,M3_element_prop,float32:3ch,local_x_le_2,grayscale:float32:3ch:t5,float32:3ch,t5,baseline,train,248832.0,995328.0,1.653061224489796,0.30430446301276487,1.8179219176381185,0.021394750961750877,0.32279813953608105,0.018493676523316183,0.06077359608932326,round1_20260927
grayscale,3ch,M4_element_affine,float32:3ch,local_x_le_2,grayscale:float32:3ch:v0,float32:3ch,v0,baseline,validation,19200.0,76800.0,0.12755102040816327,0.10185090281690161,0.6084596549420589,0.002462939440953179,0.09962964708628459,-0.0022212557306170166,-0.021808895838755504,round1_20260927
grayscale,3ch,M4_element_affine,float32:3ch,local_x_le_2,grayscale:float32:3ch:v1,float32:3ch,v1,baseline,validation,76800.0,307200.0,0.5102040816326531,0.13254643262674412,0.7918354617322674,0.002589067594849435,0.1450273331165043,0.012480900489760166,0.09416247757423139,round1_20260927
grayscale,3ch,M4_element_affine,float32:3ch,local_x_le_2,grayscale:float32:3ch:v2,float32:3ch,v2,baseline,validation,196608.0,786432.0,1.3061224489795917,0.21534957690164447,1.2865033655032951,0.017495970799780453,0.23945452005936121,0.024104943157716746,0.1119340167950554,round1_20260927
grayscale,3ch,M4_element_affine,float32:3ch,local_x_le_2,grayscale:float32:3ch:t0,float32:3ch,t0,baseline,train,12288.0,49152.0,0.08163265306122448,0.10564518704389532,0.6311267968883507,0.008569931554386892,0.09418192476265824,-0.011463262281237077,-0.10850718903525741,round1_20260927
grayscale,3ch,M4_element_affine,float32:3ch,local_x_le_2,grayscale:float32:3ch:t1,float32:3ch,t1,baseline,train,27648.0,110592.0,0.1836734693877551,0.11506006742517154,0.6873715105794056,0.004892351421978225,0.10628797437071681,-0.008772093054454727,-0.0762392483400863,round1_20260927
grayscale,3ch,M4_element_affine,float32:3ch,local_x_le_2,grayscale:float32:3ch:t2,float32:3ch,t2,baseline,train,62208.0,248832.0,0.413265306122449,0.1361220865510404,0.8131965011810851,0.011946426704501268,0.13352658598884862,-0.0025955005621917937,-0.019067446201822533,round1_20260927
grayscale,3ch,M4_element_affine,float32:3ch,local_x_le_2,grayscale:float32:3ch:t3,float32:3ch,t3,baseline,train,110592.0,442368.0,0.7346938775510204,0.15756132003540793,0.9412749791065235,0.014621930432682693,0.17166064225423316,0.014099322218825233,0.08948466676755923,round1_20260927
grayscale,3ch,M4_element_affine,float32:3ch,local_x_le_2,grayscale:float32:3ch:t4,float32:3ch,t4,baseline+control,train,150528.0,602112.0,1.0,0.1707154632701228,1.0198581357825274,0.006348322524827701,0.20313637123518546,0.03242090796506267,0.18991195843673,"round1_20260927,round3_20260927"
grayscale,3ch,M4_element_affine,float32:3ch,local_x_le_2,grayscale:float32:3ch:t5,float32:3ch,t5,baseline,train,248832.0,995328.0,1.653061224489796,0.30430446301276487,1.8179219176381185,0.021394750961750877,0.2806150887267604,-0.023689374286004483,-0.07784760713486732,round1_20260927
grayscale,3ch,M5_repr_element_affine,uint8:3ch,full,grayscale:uint8:3ch:v0,uint8:3ch,v0,baseline,validation,19200.0,19200.0,0.03188775510204082,0.11518327596907814,0.6881075612774156,0.0035320537427256933,0.08989176102502505,-0.025291514944053087,-0.2195762772960442,round1_20260927
grayscale,3ch,M5_repr_element_affine,uint8:3ch,full,grayscale:uint8:3ch:v1,uint8:3ch,v1,baseline,validation,76800.0,76800.0,0.12755102040816327,0.15506838293125233,0.9263821150450862,0.008355782144278371,0.15526986204352053,0.00020147911226819915,0.001299292018525288,round1_20260927
grayscale,3ch,M5_repr_element_affine,uint8:3ch,full,grayscale:uint8:3ch:v2,uint8:3ch,v2,baseline,validation,196608.0,196608.0,0.32653061224489793,0.27641122229397297,1.6512870508516897,0.01837313844123047,0.29125631216199116,0.01484508986801819,0.05370653819630348,round1_20260927
grayscale,3ch,M5_repr_element_affine,uint8:3ch,full,grayscale:uint8:3ch:v3,uint8:3ch,v3,baseline,validation,602112.0,602112.0,1.0,0.7631463215996822,4.5590538195385415,0.013743520245462775,0.7515181433321992,-0.01162817826748297,-0.015237154315450757,round1_20260927
grayscale,3ch,M5_repr_element_affine,uint8:3ch,full,grayscale:uint8:3ch:t0,uint8:3ch,t0,baseline,train,12288.0,12288.0,0.02040816326530612,0.10857821364576618,0.6486487658130491,0.0006328887226096547,0.08204638890280559,-0.02653182474296059,-0.2443567991413087,round1_20260927
grayscale,3ch,M5_repr_element_affine,uint8:3ch,full,grayscale:uint8:3ch:t1,uint8:3ch,t1,baseline,train,27648.0,27648.0,0.04591836734693878,0.12582510554542145,0.7516820979078316,0.003665383784986946,0.09948054917440438,-0.02634455637101707,-0.2093744031194711,round1_20260927
grayscale,3ch,M5_repr_element_affine,uint8:3ch,full,grayscale:uint8:3ch:t2,uint8:3ch,t2,baseline,train,62208.0,62208.0,0.10331632653061225,0.15769210178405046,0.9420562723052182,0.02135581481259625,0.13870740978550167,-0.018984691998548797,-0.12039088694846083,round1_20260927
grayscale,3ch,M5_repr_element_affine,uint8:3ch,full,grayscale:uint8:3ch:t3,uint8:3ch,t3,baseline,train,110592.0,110592.0,0.1836734693877551,0.1848268105338017,1.1041596515212844,0.018960931874206853,0.19362501464103787,0.008798204107236168,0.04760242348945975,round1_20260927
grayscale,3ch,M5_repr_element_affine,uint8:3ch,full,grayscale:uint8:3ch:t4,uint8:3ch,t4,baseline,train,150528.0,150528.0,0.25,0.21112633713831505,1.2612736332371755,0.010918924054026488,0.23895383134719472,0.02782749420887967,0.1318049400471011,round1_20260927
grayscale,3ch,M5_repr_element_affine,uint8:3ch,full,grayscale:uint8:3ch:t5,uint8:3ch,t5,baseline,train,248832.0,248832.0,0.413265306122449,0.3097569989040494,1.8504954934750883,0.007345506141761784,0.3505324570854271,0.04077545818137768,0.13163692289648093,round1_20260927
grayscale,3ch,M5_repr_element_affine,uint8:3ch,full,grayscale:uint8:3ch:t6,uint8:3ch,t6,baseline,train,442368.0,442368.0,0.7346938775510204,0.5448710460526248,3.255072262492334,0.01705174221124241,0.5702028765075718,0.025331830454947024,0.046491423316518864,round1_20260927
grayscale,3ch,M5_repr_element_affine,uint8:3ch,full,grayscale:uint8:3ch:t7,uint8:3ch,t7,baseline,train,786432.0,786432.0,1.3061224489795917,0.9915999804312984,5.923841274322585,0.028378518866090545,0.9607280665913849,-0.0308719138399135,-0.031133435305722476,round1_20260927
flip,all,M1_byte_prop_anchored,shared,full,flip:float32:3ch:v0,float32:3ch,v0,baseline,validation,19200.0,76800.0,0.12755102040816327,0.05473555065691471,0.7363464544051566,0.002212117405571379,0.009481372928633323,-0.045254177728281386,-0.8267785230103363,round1_20260927
flip,all,M1_byte_prop_anchored,shared,full,flip:float32:3ch:v1,float32:3ch,v1,baseline,validation,76800.0,307200.0,0.5102040816326531,0.06642836689328153,0.8936475809002102,0.008710521812716613,0.03792549171453329,-0.028502875178748242,-0.42907686146399876,round1_20260927
flip,all,M1_byte_prop_anchored,shared,full,flip:float32:3ch:v2,float32:3ch,v2,baseline,validation,196608.0,786432.0,1.3061224489795917,0.08053883444517851,1.0834728887145888,0.004384765547060833,0.09708925878920521,0.016550424344026704,0.20549619892118395,round1_20260927
flip,all,M1_byte_prop_anchored,shared,full,flip:float32:3ch:v3,float32:3ch,v3,baseline,validation,602112.0,2408448.0,4.0,0.21744758977244297,2.9252790887499347,0.007247933807891709,0.297335855041941,0.07988826526949802,0.36739089797730295,round1_20260927
flip,all,M1_byte_prop_anchored,shared,full,flip:float32:1ch:v0,float32:1ch,v0,baseline,validation,6400.0,25600.0,0.04251700680272109,0.05711931890497605,0.768414813570587,0.009629589942612286,0.003160457642877774,-0.05395886126209827,-0.9446691994325855,round1_20260927
flip,all,M1_byte_prop_anchored,shared,full,flip:float32:1ch:v1,float32:1ch,v1,baseline,validation,25600.0,102400.0,0.17006802721088435,0.05584685985619823,0.7512966755835174,0.009644109593512891,0.012641830571511097,-0.043205029284687134,-0.7736339947480856,round1_20260927
flip,all,M1_byte_prop_anchored,shared,full,flip:float32:1ch:v2,float32:1ch,v2,baseline,validation,65536.0,262144.0,0.43537414965986393,0.06115830813844999,0.82275053077367,0.0014423902476564613,0.03236308626306841,-0.028795221875381583,-0.47083091000808996,round1_20260927
flip,all,M1_byte_prop_anchored,shared,full,flip:float32:1ch:v3,float32:1ch,v3,baseline,validation,200704.0,802816.0,1.3333333333333333,0.08413352770730853,1.1318315807616406,0.005152623130455152,0.09911195168064699,0.014978423973338456,0.1780315693577806,round1_20260927
flip,all,M1_byte_prop_anchored,shared,full,flip:uint8:3ch:v0,uint8:3ch,v0,baseline,validation,19200.0,19200.0,0.03188775510204082,0.05165725170324246,0.6949347120744103,0.008519342118599983,0.0023703432321583308,-0.04928690847108413,-0.9541140274791361,round1_20260927
flip,all,M1_byte_prop_anchored,shared,full,flip:uint8:3ch:v1,uint8:3ch,v1,baseline,validation,76800.0,76800.0,0.12755102040816327,0.05919593386352062,0.7963511007466043,0.00258115561364921,0.009481372928633323,-0.0497145609348873,-0.8398306723145355,round1_20260927
flip,all,M1_byte_prop_anchored,shared,full,flip:uint8:3ch:v2,uint8:3ch,v2,baseline,validation,196608.0,196608.0,0.32653061224489793,0.05973581845561663,0.803614060567173,0.006790235778120782,0.024272314697301303,-0.03546350375831533,-0.5936723506126312,round1_20260927
flip,all,M1_byte_prop_anchored,shared,full,flip:uint8:3ch:v3,uint8:3ch,v3,baseline,validation,602112.0,602112.0,1.0,0.0753945461474359,1.0142678034817032,0.0056952451001949225,0.07433396376048525,-0.0010605823869506564,-0.014067096907469425,round1_20260927
flip,all,M1_byte_prop_anchored,shared,full,flip:uint8:1ch:nv0,uint8:1ch,nv0,extension,validation,9216.0,9216.0,0.015306122448979591,0.057008405371258654,0.7669227159061228,0.0006964759813315703,0.0011377647514359986,-0.05587064061982266,-0.9800421579234417,round2_20260927
flip,all,M1_byte_prop_anchored,shared,full,flip:uint8:1ch:nv1,uint8:1ch,nv1,extension,validation,36864.0,36864.0,0.061224489795918366,0.048241554759442806,0.6489840218245868,0.001073265830071163,0.004551059005743994,-0.043690495753698814,-0.9056610213240864,round2_20260927
flip,all,M1_byte_prop_anchored,shared,full,flip:uint8:1ch:nv2,uint8:1ch,nv2,extension,validation,147456.0,147456.0,0.24489795918367346,0.06052737900366386,0.8142627668651143,0.006185201214068149,0.018204236022975977,-0.042323142980687886,-0.6992396445602902,round2_20260927
flip,all,M1_byte_prop_anchored,shared,full,flip:uint8:1ch:nv3,uint8:1ch,nv3,extension,validation,495616.0,495616.0,0.8231292517006803,0.07197162446876366,0.9682199203135006,0.0031644107749136128,0.06118645996611371,-0.010785164502649956,-0.14985300918601352,round2_20260927
flip,all,M1_byte_prop_anchored,shared,full,flip:float32:3ch:t0,float32:3ch,t0,baseline,train,12288.0,49152.0,0.08163265306122448,0.0625793884197871,0.8418680405827262,0.004340101892442544,0.006068078674325326,-0.05651130974546177,-0.9030339089666359,round1_20260927
flip,all,M1_byte_prop_anchored,shared,full,flip:float32:3ch:t1,float32:3ch,t1,baseline,train,27648.0,110592.0,0.1836734693877551,0.05611162167042494,0.7548584635043097,0.010270325719812321,0.013653177017231986,-0.042458444653192956,-0.7566782671613956,round1_20260927
flip,all,M1_byte_prop_anchored,shared,full,flip:float32:3ch:t2,float32:3ch,t2,baseline,train,62208.0,248832.0,0.413265306122449,0.06951229336361091,0.9351350290910027,0.0038115550135201285,0.030719648288771967,-0.03879264507483894,-0.5580688421819004,round1_20260927
flip,all,M1_byte_prop_anchored,shared,full,flip:float32:3ch:t3,float32:3ch,t3,baseline,train,110592.0,442368.0,0.7346938775510204,0.07433308754116297,0.9999882123960845,0.006165741106556363,0.05461270806892794,-0.019720379472235025,-0.26529746206646665,round1_20260927
flip,all,M1_byte_prop_anchored,shared,full,flip:float32:3ch:t4,float32:3ch,t4,baseline+control,train,150528.0,602112.0,1.0,0.0739065813831985,0.9942505100540066,0.003451750688075251,0.07433396376048525,0.00042738237728674744,0.005782737738481111,"round1_20260927,round2_20260927"
flip,all,M1_byte_prop_anchored,shared,full,flip:float32:3ch:t5,float32:3ch,t5,baseline,train,248832.0,995328.0,1.653061224489796,0.11657052440568805,1.5682000327776828,0.0032934199197008586,0.12287859315508787,0.00630806874939982,0.0541137545838476,round1_20260927
flip,all,M1_byte_prop_anchored,shared,full,flip:float32:3ch:t6,float32:3ch,t6,baseline,train,442368.0,1769472.0,2.938775510204082,0.1695980931011339,2.2815693462493596,0.008464486448896708,0.21845083227571177,0.04885273917457786,0.288050049863746,round1_20260927
flip,all,M1_byte_prop_anchored,shared,full,flip:float32:3ch:t7,float32:3ch,t7,baseline,train,786432.0,3145728.0,5.224489795918367,0.27927534965177375,3.7570356203745465,0.0040724922165824625,0.38835703515682085,0.1090816855050471,0.390588305201516,round1_20260927
flip,all,M1_byte_prop_anchored,shared,full,flip:float32:1ch:t0,float32:1ch,t0,baseline,train,4096.0,16384.0,0.027210884353741496,0.052530396884928145,0.7066809601891897,0.008111700662471771,0.0020226928914417754,-0.05050770399348637,-0.9614948104071508,round1_20260927
flip,all,M1_byte_prop_anchored,shared,full,flip:float32:1ch:t1,float32:1ch,t1,baseline,train,9216.0,36864.0,0.061224489795918366,0.05313481126601497,0.7148120264005159,0.00743409794693125,0.004551059005743994,-0.04858375226027098,-0.914348825237009,round1_20260927
flip,all,M1_byte_prop_anchored,shared,full,flip:float32:1ch:t2,float32:1ch,t2,baseline,train,20736.0,82944.0,0.1377551020408163,0.05694358920057615,0.7660507568795417,0.0034956939501180123,0.010239882762923987,-0.04670370643765216,-0.8201749677763484,round1_20260927
flip,all,M1_byte_prop_anchored,shared,full,flip:float32:1ch:t3,float32:1ch,t3,baseline,train,36864.0,147456.0,0.24489795918367346,0.06043720059096813,0.8130496146513256,0.00560238667711161,0.018204236022975977,-0.04223296456799215,-0.6987908797070184,round1_20260927
flip,all,M1_byte_prop_anchored,shared,full,flip:float32:1ch:t4,float32:1ch,t4,baseline,train,50176.0,200704.0,0.3333333333333333,0.05926343612372875,0.7972591952002465,0.0004993461294656319,0.024777987920161747,-0.034485448203567005,-0.5819009233883964,round1_20260927
flip,all,M1_byte_prop_anchored,shared,full,flip:float32:1ch:t5,float32:1ch,t5,baseline,train,82944.0,331776.0,0.5510204081632653,0.0629301113076508,0.8465862456954495,0.003982487722869477,0.04095953105169595,-0.021970580255954858,-0.34912667083243754,round1_20260927
flip,all,M1_byte_prop_anchored,shared,full,flip:float32:1ch:t6,float32:1ch,t6,baseline,train,147456.0,589824.0,0.9795918367346939,0.07644206440697114,1.0283598578609168,0.008167729225096319,0.07281694409190391,-0.0036251203150672318,-0.0474231085095687,round1_20260927
flip,all,M1_byte_prop_anchored,shared,full,flip:float32:1ch:t7,float32:1ch,t7,baseline,train,262144.0,1048576.0,1.7414965986394557,0.1254296605475247,1.6873802257024413,0.0032731931435109984,0.12945234505227363,0.004022684504748936,0.03207123807231193,round1_20260927
flip,all,M1_byte_prop_anchored,shared,full,flip:uint8:3ch:t0,uint8:3ch,t0,baseline,train,12288.0,12288.0,0.02040816326530612,0.050747012719511986,0.6826894484333726,0.002705753533001747,0.0015170196685813314,-0.049229993050930655,-0.9701062271987088,round1_20260927
flip,all,M1_byte_prop_anchored,shared,full,flip:uint8:3ch:t1,uint8:3ch,t1,baseline,train,27648.0,27648.0,0.04591836734693878,0.0531687851374348,0.7152690701218665,0.00248608357529937,0.0034132942543079964,-0.04975549088312681,-0.9358026660664702,round1_20260927
flip,all,M1_byte_prop_anchored,shared,full,flip:uint8:3ch:t2,uint8:3ch,t2,baseline,train,62208.0,62208.0,0.10331632653061225,0.061035536540051304,0.8210989089283145,0.005435895607484682,0.007679912072192992,-0.05335562446785831,-0.8741731045953293,round1_20260927
flip,all,M1_byte_prop_anchored,shared,full,flip:uint8:3ch:t3,uint8:3ch,t3,baseline,train,110592.0,110592.0,0.1836734693877551,0.055999443866312504,0.7533493578621852,0.006032443472422505,0.013653177017231986,-0.04234626684908052,-0.7561908462907915,round1_20260927
flip,all,M1_byte_prop_anchored,shared,full,flip:uint8:3ch:t4,uint8:3ch,t4,baseline,train,150528.0,150528.0,0.25,0.05955992188925544,0.8012477591154173,0.0049477364536163575,0.018583490940121312,-0.04097643094913413,-0.6879866468818563,round1_20260927
flip,all,M1_byte_prop_anchored,shared,full,flip:uint8:3ch:t5,uint8:3ch,t5,baseline,train,248832.0,248832.0,0.413265306122449,0.06771777523681521,0.910993734371702,0.00867821226124482,0.030719648288771967,-0.03699812694804325,-0.5463576855361452,round1_20260927
flip,all,M1_byte_prop_anchored,shared,full,flip:uint8:3ch:t6,uint8:3ch,t6,baseline,train,442368.0,442368.0,0.7346938775510204,0.06769450459008415,0.9106806789989783,0.003913910739592923,0.05461270806892794,-0.013081796521156208,-0.19324754055549173,round1_20260927
flip,all,M1_byte_prop_anchored,shared,full,flip:uint8:3ch:t7,uint8:3ch,t7,baseline,train,786432.0,786432.0,1.3061224489795917,0.08555895105625193,1.1510075169936478,0.008315036062580357,0.09708925878920521,0.011530307732953285,0.13476448215654868,round1_20260927
flip,all,M1_byte_prop_anchored,shared,full,flip:uint8:1ch:nt0,uint8:1ch,nt0,extension,train,4096.0,4096.0,0.006802721088435374,0.04985230043530464,0.6706530623866089,0.0030868572518992494,0.0005056732228604439,-0.0493466272124442,-0.9898565719446252,round2_20260927
flip,all,M1_byte_prop_anchored,shared,full,flip:uint8:1ch:nt1,uint8:1ch,nt1,extension,train,20736.0,20736.0,0.03443877551020408,0.0552073175398012,0.742693040259324,0.0033957417233451822,0.0025599706907309967,-0.05264734684907021,-0.9536298663870888,round2_20260927
flip,all,M1_byte_prop_anchored,shared,full,flip:uint8:1ch:nt2,uint8:1ch,nt2,extension,train,50176.0,50176.0,0.08333333333333333,0.04786873934790492,0.6439686103938289,0.002916537786898336,0.006194496980040437,-0.04167424236786448,-0.8705941066252133,round2_20260927
flip,all,M1_byte_prop_anchored,shared,full,flip:uint8:1ch:nt3,uint8:1ch,nt3,extension,train,102400.0,102400.0,0.17006802721088435,0.05563299870118499,0.7484196440868206,0.004146797647177228,0.012641830571511097,-0.04299116812967389,-0.7727638116468846,round2_20260927
flip,all,M1_byte_prop_anchored,shared,full,flip:uint8:1ch:nt4,uint8:1ch,nt4,extension,train,200704.0,200704.0,0.3333333333333333,0.06330245329687993,0.851595288270239,0.006117374141832919,0.024777987920161747,-0.038524465376718185,-0.6085777623189998,round2_20260927
flip,all,M1_byte_prop_anchored,shared,full,flip:uint8:1ch:nt5,uint8:1ch,nt5,extension,train,409600.0,409600.0,0.6802721088435374,0.06906240402410428,0.9290827574678152,0.004579916299397147,0.05056732228604439,-0.018495081738059894,-0.26780246067896374,round2_20260927
flip,all,M1_byte_prop_anchored,shared,full,flip:uint8:1ch:nt6,uint8:1ch,nt6,extension,train,692224.0,692224.0,1.1496598639455782,0.08125633078937729,1.0931252240388647,0.0017865513192997671,0.085458774663415,0.004202443874037717,0.051718356381741847,round2_20260927
flip,all,M1_byte_prop_anchored,shared,full,flip:uint8:1ch:nt7,uint8:1ch,nt7,extension,train,1048576.0,1048576.0,1.7414965986394557,0.12306282840048273,1.6555397045287255,0.003887629362241747,0.12945234505227363,0.006389516651790897,0.05192076872309099,round2_20260927
flip,all,M2_byte_affine,shared,full,flip:float32:3ch:v0,float32:3ch,v0,baseline,validation,19200.0,76800.0,0.12755102040816327,0.05473555065691471,0.7363464544051566,0.002212117405571379,0.05234978490947274,-0.0023857657474419744,-0.04358713338605249,round1_20260927
flip,all,M2_byte_affine,shared,full,flip:float32:3ch:v1,float32:3ch,v1,baseline,validation,76800.0,307200.0,0.5102040816326531,0.06642836689328153,0.8936475809002102,0.008710521812716613,0.06846674598977599,0.002038379096494458,0.030685371202473694,round1_20260927
flip,all,M2_byte_affine,shared,full,flip:float32:3ch:v2,float32:3ch,v2,baseline,validation,196608.0,786432.0,1.3061224489795917,0.08053883444517851,1.0834728887145888,0.004384765547060833,0.10199002503680676,0.021451190591628255,0.26634592789183875,round1_20260927
flip,all,M2_byte_affine,shared,full,flip:float32:3ch:v3,float32:3ch,v3,baseline,validation,602112.0,2408448.0,4.0,0.21744758977244297,2.9252790887499347,0.007247933807891709,0.21545343104214168,-0.0019941587303012875,-0.009170755731935947,round1_20260927
flip,all,M2_byte_affine,shared,full,flip:float32:1ch:v0,float32:1ch,v0,baseline,validation,6400.0,25600.0,0.04251700680272109,0.05711931890497605,0.768414813570587,0.009629589942612286,0.048768238002738676,-0.008351080902237372,-0.14620414007614949,round1_20260927
flip,all,M2_byte_affine,shared,full,flip:float32:1ch:v1,float32:1ch,v1,baseline,validation,25600.0,102400.0,0.17006802721088435,0.05584685985619823,0.7512966755835174,0.009644109593512891,0.054140558362839764,-0.0017063014933584655,-0.030553221752343335,round1_20260927
flip,all,M2_byte_affine,shared,full,flip:float32:1ch:v2,float32:1ch,v2,baseline,validation,65536.0,262144.0,0.43537414965986393,0.06115830813844999,0.82275053077367,0.0014423902476564613,0.06531498471185002,0.004156676573400027,0.06796585288118427,round1_20260927
flip,all,M2_byte_affine,shared,full,flip:float32:1ch:v3,float32:1ch,v3,baseline,validation,200704.0,802816.0,1.3333333333333333,0.08413352770730853,1.1318315807616406,0.005152623130455152,0.10313612004696165,0.019002592339653124,0.22586230314460476,round1_20260927
flip,all,M2_byte_affine,shared,full,flip:uint8:3ch:v0,uint8:3ch,v0,baseline,validation,19200.0,19200.0,0.03188775510204082,0.05165725170324246,0.6949347120744103,0.008519342118599983,0.04832054463939692,-0.0033367070638455412,-0.06459319754395879,round1_20260927
flip,all,M2_byte_affine,shared,full,flip:uint8:3ch:v1,uint8:3ch,v1,baseline,validation,76800.0,76800.0,0.12755102040816327,0.05919593386352062,0.7963511007466043,0.00258115561364921,0.05234978490947274,-0.006846148954047886,-0.11565235155901157,round1_20260927
flip,all,M2_byte_affine,shared,full,flip:uint8:3ch:v2,uint8:3ch,v2,baseline,validation,196608.0,196608.0,0.32653061224489793,0.05973581845561663,0.803614060567173,0.006790235778120782,0.060730604671230426,0.0009947862156137952,0.016653094262915568,round1_20260927
flip,all,M2_byte_affine,shared,full,flip:uint8:3ch:v3,uint8:3ch,v3,baseline,validation,602112.0,602112.0,1.0,0.0753945461474359,1.0142678034817032,0.0056952451001949225,0.08909645617256415,0.013701910025128244,0.18173609001284813,round1_20260927
flip,all,M2_byte_affine,shared,full,flip:uint8:1ch:nv0,uint8:1ch,nv0,extension,validation,9216.0,9216.0,0.015306122448979591,0.057008405371258654,0.7669227159061228,0.0006964759813315703,0.04762214299258378,-0.009386262378674876,-0.16464699051917442,round2_20260927
flip,all,M2_byte_affine,shared,full,flip:uint8:1ch:nv1,uint8:1ch,nv1,extension,validation,36864.0,36864.0,0.061224489795918366,0.048241554759442806,0.6489840218245868,0.001073265830071163,0.04955617832222017,0.0013146235627773603,0.027250853943923434,round2_20260927
flip,all,M2_byte_affine,shared,full,flip:uint8:1ch:nv2,uint8:1ch,nv2,extension,validation,147456.0,147456.0,0.24489795918367346,0.06052737900366386,0.8142627668651143,0.006185201214068149,0.05729231964076573,-0.0032350593628981267,-0.053447867992141226,round2_20260927
flip,all,M2_byte_affine,shared,full,flip:uint8:1ch:nv3,uint8:1ch,nv3,extension,validation,495616.0,495616.0,0.8231292517006803,0.07197162446876366,0.9682199203135006,0.0031644107749136128,0.08164683860655732,0.009675214137793653,0.13443095399344202,round2_20260927
flip,all,M2_byte_affine,shared,full,flip:float32:3ch:t0,float32:3ch,t0,baseline,train,12288.0,49152.0,0.08163265306122448,0.0625793884197871,0.8418680405827262,0.004340101892442544,0.05041574957983634,-0.012163638839950752,-0.19437132811775304,round1_20260927
flip,all,M2_byte_affine,shared,full,flip:float32:3ch:t1,float32:3ch,t1,baseline,train,27648.0,110592.0,0.1836734693877551,0.05611162167042494,0.7548584635043097,0.010270325719812321,0.05471360586791721,-0.0013980158025077294,-0.02491490641135024,round1_20260927
flip,all,M2_byte_affine,shared,full,flip:float32:3ch:t2,float32:3ch,t2,baseline,train,62208.0,248832.0,0.413265306122449,0.06951229336361091,0.9351350290910027,0.0038115550135201285,0.06438378251609916,-0.005128510847511744,-0.07377847283336038,round1_20260927
flip,all,M2_byte_affine,shared,full,flip:float32:3ch:t3,float32:3ch,t3,baseline,train,110592.0,442368.0,0.7346938775510204,0.07433308754116297,0.9999882123960845,0.006165741106556363,0.0779220298235539,0.003588942282390928,0.04828189439061712,round1_20260927
flip,all,M2_byte_affine,shared,full,flip:float32:3ch:t4,float32:3ch,t4,baseline+control,train,150528.0,602112.0,1.0,0.0739065813831985,0.9942505100540066,0.003451750688075251,0.08909645617256415,0.015189874789365648,0.2055280396560032,"round1_20260927,round2_20260927"
flip,all,M2_byte_affine,shared,full,flip:float32:3ch:t5,float32:3ch,t5,baseline,train,248832.0,995328.0,1.653061224489796,0.11657052440568805,1.5682000327776828,0.0032934199197008586,0.11660273641628172,3.2212010593668516e-05,0.00027633066555971274,round1_20260927
flip,all,M2_byte_affine,shared,full,flip:float32:3ch:t6,float32:3ch,t6,baseline,train,442368.0,1769472.0,2.938775510204082,0.1695980931011339,2.2815693462493596,0.008464486448896708,0.17075572564610064,0.0011576325449667302,0.006825740335868142,round1_20260927
flip,all,M2_byte_affine,shared,full,flip:float32:3ch:t7,float32:3ch,t7,baseline,train,786432.0,3145728.0,5.224489795918367,0.27927534965177375,3.7570356203745465,0.0040724922165824625,0.26702770649911206,-0.012247643152661691,-0.04385508125917014,round1_20260927
flip,all,M2_byte_affine,shared,full,flip:float32:1ch:t0,float32:1ch,t0,baseline,train,4096.0,16384.0,0.027210884353741496,0.052530396884928145,0.7066809601891897,0.008111700662471771,0.048123559559526546,-0.004406837325401598,-0.08389118656489714,round1_20260927
flip,all,M2_byte_affine,shared,full,flip:float32:1ch:t1,float32:1ch,t1,baseline,train,9216.0,36864.0,0.061224489795918366,0.05313481126601497,0.7148120264005159,0.00743409794693125,0.04955617832222017,-0.0035786329437948045,-0.06735006408282282,round1_20260927
flip,all,M2_byte_affine,shared,full,flip:float32:1ch:t2,float32:1ch,t2,baseline,train,20736.0,82944.0,0.1377551020408163,0.05694358920057615,0.7660507568795417,0.0034956939501180123,0.05277957053828082,-0.004164018662295328,-0.07312532843035467,round1_20260927
flip,all,M2_byte_affine,shared,full,flip:float32:1ch:t3,float32:1ch,t3,baseline,train,36864.0,147456.0,0.24489795918367346,0.06043720059096813,0.8130496146513256,0.00560238667711161,0.05729231964076573,-0.0031448809502023986,-0.052035516527090375,round1_20260927
flip,all,M2_byte_affine,shared,full,flip:float32:1ch:t4,float32:1ch,t4,baseline,train,50176.0,200704.0,0.3333333333333333,0.05926343612372875,0.7972591952002465,0.0004993461294656319,0.06101712842376915,0.0017536923000403964,0.029591471820484397,round1_20260927
flip,all,M2_byte_affine,shared,full,flip:float32:1ch:t5,float32:1ch,t5,baseline,train,82944.0,331776.0,0.5510204081632653,0.0629301113076508,0.8465862456954495,0.003982487722869477,0.07018588850500834,0.007255777197357538,0.11529897288574172,round1_20260927
flip,all,M2_byte_affine,shared,full,flip:float32:1ch:t6,float32:1ch,t6,baseline,train,147456.0,589824.0,0.9795918367346939,0.07644206440697114,1.0283598578609168,0.008167729225096319,0.08823688491494798,0.011794820507976839,0.1542975140647982,round1_20260927
flip,all,M2_byte_affine,shared,full,flip:float32:1ch:t7,float32:1ch,t7,baseline,train,262144.0,1048576.0,1.7414965986394557,0.1254296605475247,1.6873802257024413,0.0032731931435109984,0.12032754519928512,-0.0051021153482395665,-0.04067710401166556,round1_20260927
flip,all,M2_byte_affine,shared,full,flip:uint8:3ch:t0,uint8:3ch,t0,baseline,train,12288.0,12288.0,0.02040816326530612,0.050747012719511986,0.6826894484333726,0.002705753533001747,0.047837035806987824,-0.002909976912524162,-0.05734282190378646,round1_20260927
flip,all,M2_byte_affine,shared,full,flip:uint8:3ch:t1,uint8:3ch,t1,baseline,train,27648.0,27648.0,0.04591836734693878,0.0531687851374348,0.7152690701218665,0.00248608357529937,0.04891149987900804,-0.004257285258426766,-0.08007114037723834,round1_20260927
flip,all,M2_byte_affine,shared,full,flip:uint8:3ch:t2,uint8:3ch,t2,baseline,train,62208.0,62208.0,0.10331632653061225,0.061035536540051304,0.8210989089283145,0.005435895607484682,0.051329044041053526,-0.009706492498997778,-0.15903018223864407,round1_20260927
flip,all,M2_byte_affine,shared,full,flip:uint8:3ch:t3,uint8:3ch,t3,baseline,train,110592.0,110592.0,0.1836734693877551,0.055999443866312504,0.7533493578621852,0.006032443472422505,0.05471360586791721,-0.001285837998395295,-0.022961620859395973,round1_20260927
flip,all,M2_byte_affine,shared,full,flip:uint8:3ch:t4,uint8:3ch,t4,baseline,train,150528.0,150528.0,0.25,0.05955992188925544,0.8012477591154173,0.0049477364536163575,0.05750721245516978,-0.002052709434085663,-0.03446460923676883,round1_20260927
flip,all,M2_byte_affine,shared,full,flip:uint8:3ch:t5,uint8:3ch,t5,baseline,train,248832.0,248832.0,0.413265306122449,0.06771777523681521,0.910993734371702,0.00867821226124482,0.06438378251609916,-0.0033339927207160502,-0.04923364226093924,round1_20260927
flip,all,M2_byte_affine,shared,full,flip:uint8:3ch:t6,uint8:3ch,t6,baseline,train,442368.0,442368.0,0.7346938775510204,0.06769450459008415,0.9106806789989783,0.003913910739592923,0.0779220298235539,0.010227525233469745,0.15108353765791302,round1_20260927
flip,all,M2_byte_affine,shared,full,flip:uint8:3ch:t7,uint8:3ch,t7,baseline,train,786432.0,786432.0,1.3061224489795917,0.08555895105625193,1.1510075169936478,0.008315036062580357,0.10199002503680676,0.016431073980554836,0.19204389228371907,round1_20260927
flip,all,M2_byte_affine,shared,full,flip:uint8:1ch:nt0,uint8:1ch,nt0,extension,train,4096.0,4096.0,0.006802721088435374,0.04985230043530464,0.6706530623866089,0.0030868572518992494,0.04726398830191037,-0.00258831213339427,-0.05191961275193766,round2_20260927
flip,all,M2_byte_affine,shared,full,flip:uint8:1ch:nt1,uint8:1ch,nt1,extension,train,20736.0,20736.0,0.03443877551020408,0.0552073175398012,0.742693040259324,0.0033957417233451822,0.048427991046598944,-0.006779326493202259,-0.12279760718884351,round2_20260927
flip,all,M2_byte_affine,shared,full,flip:uint8:1ch:nt2,uint8:1ch,nt2,extension,train,50176.0,50176.0,0.08333333333333333,0.04786873934790492,0.6439686103938289,0.002916537786898336,0.050487380517971026,0.002618641170066105,0.0547046194601888,round2_20260927
flip,all,M2_byte_affine,shared,full,flip:uint8:1ch:nt3,uint8:1ch,nt3,extension,train,102400.0,102400.0,0.17006802721088435,0.05563299870118499,0.7484196440868206,0.004146797647177228,0.054140558362839764,-0.0014924403383452245,-0.026826530533818508,round2_20260927
flip,all,M2_byte_affine,shared,full,flip:uint8:1ch:nt4,uint8:1ch,nt4,extension,train,200704.0,200704.0,0.3333333333333333,0.06330245329687993,0.851595288270239,0.006117374141832919,0.06101712842376915,-0.0022853248731107834,-0.0361016793834659,round2_20260927
flip,all,M2_byte_affine,shared,full,flip:uint8:1ch:nt5,uint8:1ch,nt5,extension,train,409600.0,409600.0,0.6802721088435374,0.06906240402410428,0.9290827574678152,0.004579916299397147,0.0756298398032441,0.006567435779139819,0.09509422488171192,round2_20260927
flip,all,M2_byte_affine,shared,full,flip:uint8:1ch:nt6,uint8:1ch,nt6,extension,train,692224.0,692224.0,1.1496598639455782,0.08125633078937729,1.0931252240388647,0.0017865513192997671,0.0953999787284161,0.014143647939038814,0.17406210447405318,round2_20260927
flip,all,M2_byte_affine,shared,full,flip:uint8:1ch:nt7,uint8:1ch,nt7,extension,train,1048576.0,1048576.0,1.7414965986394557,0.12306282840048273,1.6555397045287255,0.003887629362241747,0.12032754519928512,-0.0027352832011976053,-0.022226721397107723,round2_20260927
flip,all,M3_element_prop,shared,full,flip:float32:3ch:v0,float32:3ch,v0,baseline,validation,19200.0,76800.0,0.12755102040816327,0.05473555065691471,0.7363464544051566,0.002212117405571379,0.003995728916285013,-0.0507398217406297,-0.9269993839775095,round1_20260927
flip,all,M3_element_prop,shared,full,flip:float32:3ch:v1,float32:3ch,v1,baseline,validation,76800.0,307200.0,0.5102040816326531,0.06642836689328153,0.8936475809002102,0.008710521812716613,0.01598291566514005,-0.05044545122814148,-0.7593962276565233,round1_20260927
flip,all,M3_element_prop,shared,full,flip:float32:3ch:v2,float32:3ch,v2,baseline,validation,196608.0,786432.0,1.3061224489795917,0.08053883444517851,1.0834728887145888,0.004384765547060833,0.04091626410275853,-0.03962257034241998,-0.49196850954418053,round1_20260927
flip,all,M3_element_prop,shared,full,flip:float32:3ch:v3,float32:3ch,v3,baseline,validation,602112.0,2408448.0,4.0,0.21744758977244297,2.9252790887499347,0.007247933807891709,0.125306058814698,-0.09214153095774497,-0.42374133028639355,round1_20260927
flip,all,M3_element_prop,shared,full,flip:float32:1ch:v0,float32:1ch,v0,baseline,validation,6400.0,25600.0,0.04251700680272109,0.05711931890497605,0.768414813570587,0.009629589942612286,0.001331909638761671,-0.05578740926621438,-0.9766819761808183,round1_20260927
flip,all,M3_element_prop,shared,full,flip:float32:1ch:v1,float32:1ch,v1,baseline,validation,25600.0,102400.0,0.17006802721088435,0.05584685985619823,0.7512966755835174,0.009644109593512891,0.005327638555046684,-0.050519221301151544,-0.9046027194946147,round1_20260927
flip,all,M3_element_prop,shared,full,flip:float32:1ch:v2,float32:1ch,v2,baseline,validation,65536.0,262144.0,0.43537414965986393,0.06115830813844999,0.82275053077367,0.0014423902476564613,0.013638754700919511,-0.047519553437530476,-0.7769926095724535,round1_20260927
flip,all,M3_element_prop,shared,full,flip:float32:1ch:v3,float32:1ch,v3,baseline,validation,200704.0,802816.0,1.3333333333333333,0.08413352770730853,1.1318315807616406,0.005152623130455152,0.041768686271566005,-0.042364841435742526,-0.5035429107777964,round1_20260927
flip,all,M3_element_prop,shared,full,flip:uint8:3ch:v0,uint8:3ch,v0,baseline,validation,19200.0,19200.0,0.03188775510204082,0.05165725170324246,0.6949347120744103,0.008519342118599983,0.003995728916285013,-0.04766152278695745,-0.9226492160434814,round1_20260927
flip,all,M3_element_prop,shared,full,flip:uint8:3ch:v1,uint8:3ch,v1,baseline,validation,76800.0,76800.0,0.12755102040816327,0.05919593386352062,0.7963511007466043,0.00258115561364921,0.01598291566514005,-0.04321301819838057,-0.729999771572326,round1_20260927
flip,all,M3_element_prop,shared,full,flip:uint8:3ch:v2,uint8:3ch,v2,baseline,validation,196608.0,196608.0,0.32653061224489793,0.05973581845561663,0.803614060567173,0.006790235778120782,0.04091626410275853,-0.0188195543528581,-0.3150463966077726,round1_20260927
flip,all,M3_element_prop,shared,full,flip:uint8:3ch:v3,uint8:3ch,v3,baseline,validation,602112.0,602112.0,1.0,0.0753945461474359,1.0142678034817032,0.0056952451001949225,0.125306058814698,0.0499115126672621,0.6620042856900935,round1_20260927
flip,all,M3_element_prop,shared,full,flip:uint8:1ch:nv0,uint8:1ch,nv0,extension,validation,9216.0,9216.0,0.015306122448979591,0.057008405371258654,0.7669227159061228,0.0006964759813315703,0.0019179498798168062,-0.05509045549144185,-0.9663567176221393,round2_20260927
flip,all,M3_element_prop,shared,full,flip:uint8:1ch:nv1,uint8:1ch,nv1,extension,validation,36864.0,36864.0,0.061224489795918366,0.048241554759442806,0.6489840218245868,0.001073265830071163,0.007671799519267225,-0.04056975524017558,-0.8409711387304418,round2_20260927
flip,all,M3_element_prop,shared,full,flip:uint8:1ch:nv2,uint8:1ch,nv2,extension,validation,147456.0,147456.0,0.24489795918367346,0.06052737900366386,0.8142627668651143,0.006185201214068149,0.0306871980770689,-0.02984018092659496,-0.49300302471033264,round2_20260927
flip,all,M3_element_prop,shared,full,flip:uint8:1ch:nv3,uint8:1ch,nv3,extension,validation,495616.0,495616.0,0.8231292517006803,0.07197162446876366,0.9682199203135006,0.0031644107749136128,0.1031430824257038,0.031171457956940138,0.43310760576856,round2_20260927
flip,all,M3_element_prop,shared,full,flip:float32:3ch:t0,float32:3ch,t0,baseline,train,12288.0,49152.0,0.08163265306122448,0.0625793884197871,0.8418680405827262,0.004340101892442544,0.0025572665064224082,-0.06002212191336469,-0.959135642405642,round1_20260927
flip,all,M3_element_prop,shared,full,flip:float32:3ch:t1,float32:3ch,t1,baseline,train,27648.0,110592.0,0.1836734693877551,0.05611162167042494,0.7548584635043097,0.010270325719812321,0.005753849639450419,-0.05035777203097452,-0.8974570780854274,round1_20260927
flip,all,M3_element_prop,shared,full,flip:float32:3ch:t2,float32:3ch,t2,baseline,train,62208.0,248832.0,0.413265306122449,0.06951229336361091,0.9351350290910027,0.0038115550135201285,0.012946161688763442,-0.05656613167484747,-0.8137572354138348,round1_20260927
flip,all,M3_element_prop,shared,full,flip:float32:3ch:t3,float32:3ch,t3,baseline,train,110592.0,442368.0,0.7346938775510204,0.07433308754116297,0.9999882123960845,0.006165741106556363,0.023015398557801676,-0.051317688983361295,-0.690374780341842,round1_20260927
flip,all,M3_element_prop,shared,full,flip:float32:3ch:t4,float32:3ch,t4,baseline+control,train,150528.0,602112.0,1.0,0.0739065813831985,0.9942505100540066,0.003451750688075251,0.0313265147036745,-0.042580066679524,-0.5761336254852658,"round1_20260927,round2_20260927"
flip,all,M3_element_prop,shared,full,flip:float32:3ch:t5,float32:3ch,t5,baseline,train,248832.0,995328.0,1.653061224489796,0.11657052440568805,1.5682000327776828,0.0032934199197008586,0.051784646755053766,-0.06478587765063429,-0.5557655160335975,round1_20260927
flip,all,M3_element_prop,shared,full,flip:float32:3ch:t6,float32:3ch,t6,baseline,train,442368.0,1769472.0,2.938775510204082,0.1695980931011339,2.2815693462493596,0.008464486448896708,0.0920615942312067,-0.07753649886992721,-0.45717789305385065,round1_20260927
flip,all,M3_element_prop,shared,full,flip:float32:3ch:t7,float32:3ch,t7,baseline,train,786432.0,3145728.0,5.224489795918367,0.27927534965177375,3.7570356203745465,0.0040724922165824625,0.16366505641103413,-0.11561029324073963,-0.413965261828132,round1_20260927
flip,all,M3_element_prop,shared,full,flip:float32:1ch:t0,float32:1ch,t0,baseline,train,4096.0,16384.0,0.027210884353741496,0.052530396884928145,0.7066809601891897,0.008111700662471771,0.0008524221688074694,-0.05167797471612068,-0.9837727826295551,round1_20260927
flip,all,M3_element_prop,shared,full,flip:float32:1ch:t1,float32:1ch,t1,baseline,train,9216.0,36864.0,0.061224489795918366,0.05313481126601497,0.7148120264005159,0.00743409794693125,0.0019179498798168062,-0.051216861386198166,-0.9639040803172378,round1_20260927
flip,all,M3_element_prop,shared,full,flip:float32:1ch:t2,float32:1ch,t2,baseline,train,20736.0,82944.0,0.1377551020408163,0.05694358920057615,0.7660507568795417,0.0034956939501180123,0.004315387229587814,-0.05262820197098833,-0.9242164519277588,round1_20260927
flip,all,M3_element_prop,shared,full,flip:float32:1ch:t3,float32:1ch,t3,baseline,train,36864.0,147456.0,0.24489795918367346,0.06043720059096813,0.8130496146513256,0.00560238667711161,0.007671799519267225,-0.052765401071700906,-0.873061633493102,round1_20260927
flip,all,M3_element_prop,shared,full,flip:float32:1ch:t4,float32:1ch,t4,baseline,train,50176.0,200704.0,0.3333333333333333,0.05926343612372875,0.7972591952002465,0.0004993461294656319,0.010442171567891501,-0.048821264555837254,-0.8238007741216593,round1_20260927
flip,all,M3_element_prop,shared,full,flip:float32:1ch:t5,float32:1ch,t5,baseline,train,82944.0,331776.0,0.5510204081632653,0.0629301113076508,0.8465862456954495,0.003982487722869477,0.017261548918351258,-0.04566856238929955,-0.7257028700622581,round1_20260927
flip,all,M3_element_prop,shared,full,flip:float32:1ch:t6,float32:1ch,t6,baseline,train,147456.0,589824.0,0.9795918367346939,0.07644206440697114,1.0283598578609168,0.008167729225096319,0.0306871980770689,-0.04575486632990224,-0.5985561311676143,round1_20260927
flip,all,M3_element_prop,shared,full,flip:float32:1ch:t7,float32:1ch,t7,baseline,train,262144.0,1048576.0,1.7414965986394557,0.1254296605475247,1.6873802257024413,0.0032731931435109984,0.054555018803678045,-0.07087464174384664,-0.5650548796390354,round1_20260927
flip,all,M3_element_prop,shared,full,flip:uint8:3ch:t0,uint8:3ch,t0,baseline,train,12288.0,12288.0,0.02040816326530612,0.050747012719511986,0.6826894484333726,0.002705753533001747,0.0025572665064224082,-0.04818974621308958,-0.9496075459543425,round1_20260927
flip,all,M3_element_prop,shared,full,flip:uint8:3ch:t1,uint8:3ch,t1,baseline,train,27648.0,27648.0,0.04591836734693878,0.0531687851374348,0.7152690701218665,0.00248608357529937,0.005753849639450419,-0.04741493549798438,-0.8917814348291497,round1_20260927
flip,all,M3_element_prop,shared,full,flip:uint8:3ch:t2,uint8:3ch,t2,baseline,train,62208.0,62208.0,0.10331632653061225,0.061035536540051304,0.8210989089283145,0.005435895607484682,0.012946161688763442,-0.048089374851287864,-0.7878914084704045,round1_20260927
flip,all,M3_element_prop,shared,full,flip:uint8:3ch:t3,uint8:3ch,t3,baseline,train,110592.0,110592.0,0.1836734693877551,0.055999443866312504,0.7533493578621852,0.006032443472422505,0.023015398557801676,-0.03298404530851083,-0.589006658481353,round1_20260927
flip,all,M3_element_prop,shared,full,flip:uint8:3ch:t4,uint8:3ch,t4,baseline,train,150528.0,150528.0,0.25,0.05955992188925544,0.8012477591154173,0.0049477364536163575,0.0313265147036745,-0.02823340718558094,-0.47403365031400796,round1_20260927
flip,all,M3_element_prop,shared,full,flip:uint8:3ch:t5,uint8:3ch,t5,baseline,train,248832.0,248832.0,0.413265306122449,0.06771777523681521,0.910993734371702,0.00867821226124482,0.051784646755053766,-0.015933128481761448,-0.23528724069923812,round1_20260927
flip,all,M3_element_prop,shared,full,flip:uint8:3ch:t6,uint8:3ch,t6,baseline,train,442368.0,442368.0,0.7346938775510204,0.06769450459008415,0.9106806789989783,0.003913910739592923,0.0920615942312067,0.024367089641122552,0.3599566876022582,round1_20260927
flip,all,M3_element_prop,shared,full,flip:uint8:3ch:t7,uint8:3ch,t7,baseline,train,786432.0,786432.0,1.3061224489795917,0.08555895105625193,1.1510075169936478,0.008315036062580357,0.16366505641103413,0.0781061053547822,0.91289227357907,round1_20260927
flip,all,M3_element_prop,shared,full,flip:uint8:1ch:nt0,uint8:1ch,nt0,extension,train,4096.0,4096.0,0.006802721088435374,0.04985230043530464,0.6706530623866089,0.0030868572518992494,0.0008524221688074694,-0.048999878266497175,-0.9829010464639704,round2_20260927
flip,all,M3_element_prop,shared,full,flip:uint8:1ch:nt1,uint8:1ch,nt1,extension,train,20736.0,20736.0,0.03443877551020408,0.0552073175398012,0.742693040259324,0.0033957417233451822,0.004315387229587814,-0.050891930310213385,-0.9218330572486758,round2_20260927
flip,all,M3_element_prop,shared,full,flip:uint8:1ch:nt2,uint8:1ch,nt2,extension,train,50176.0,50176.0,0.08333333333333333,0.04786873934790492,0.6439686103938289,0.002916537786898336,0.010442171567891501,-0.03742656778001342,-0.7818582291879695,round2_20260927
flip,all,M3_element_prop,shared,full,flip:uint8:1ch:nt3,uint8:1ch,nt3,extension,train,102400.0,102400.0,0.17006802721088435,0.05563299870118499,0.7484196440868206,0.004146797647177228,0.021310554220186736,-0.03432244448099825,-0.6169439951520567,round2_20260927
flip,all,M3_element_prop,shared,full,flip:uint8:1ch:nt4,uint8:1ch,nt4,extension,train,200704.0,200704.0,0.3333333333333333,0.06330245329687993,0.851595288270239,0.006117374141832919,0.041768686271566005,-0.021533767025313927,-0.3401727090152964,round2_20260927
flip,all,M3_element_prop,shared,full,flip:uint8:1ch:nt5,uint8:1ch,nt5,extension,train,409600.0,409600.0,0.6802721088435374,0.06906240402410428,0.9290827574678152,0.004579916299397147,0.08524221688074694,0.01617981285664266,0.23427815879382877,round2_20260927
flip,all,M3_element_prop,shared,full,flip:uint8:1ch:nt6,uint8:1ch,nt6,extension,train,692224.0,692224.0,1.1496598639455782,0.08125633078937729,1.0931252240388647,0.0017865513192997671,0.14405934652846233,0.06280301573908505,0.7728999713496212,round2_20260927
flip,all,M3_element_prop,shared,full,flip:uint8:1ch:nt7,uint8:1ch,nt7,extension,train,1048576.0,1048576.0,1.7414965986394557,0.12306282840048273,1.6555397045287255,0.003887629362241747,0.21822007521471218,0.09515724681422945,0.7732411813627402,round2_20260927
flip,all,M4_element_affine,shared,full,flip:float32:3ch:v0,float32:3ch,v0,baseline,validation,19200.0,76800.0,0.12755102040816327,0.05473555065691471,0.7363464544051566,0.002212117405571379,0.05714398477432767,0.0024084341174129623,0.04400127683941928,round1_20260927
flip,all,M4_element_affine,shared,full,flip:float32:3ch:v1,float32:3ch,v1,baseline,validation,76800.0,307200.0,0.5102040816326531,0.06642836689328153,0.8936475809002102,0.008710521812716613,0.06333220831274779,-0.0030961585805337477,-0.046608982357007014,round1_20260927
flip,all,M4_element_affine,shared,full,flip:float32:3ch:v2,float32:3ch,v2,baseline,validation,196608.0,786432.0,1.3061224489795917,0.08053883444517851,1.0834728887145888,0.004384765547060833,0.07620371327266164,-0.004335121172516873,-0.053826470203858244,round1_20260927
flip,all,M4_element_affine,shared,full,flip:float32:3ch:v3,float32:3ch,v3,baseline,validation,602112.0,2408448.0,4.0,0.21744758977244297,2.9252790887499347,0.007247933807891709,0.11976880698313927,-0.0976787827893037,-0.4492060955539848,round1_20260927
flip,all,M4_element_affine,shared,full,flip:float32:1ch:v0,float32:1ch,v0,baseline,validation,6400.0,25600.0,0.04251700680272109,0.05711931890497605,0.768414813570587,0.009629589942612286,0.05576882398801209,-0.0013504949169639568,-0.023643400216494987,round1_20260927
flip,all,M4_element_affine,shared,full,flip:float32:1ch:v1,float32:1ch,v1,baseline,validation,25600.0,102400.0,0.17006802721088435,0.05584685985619823,0.7512966755835174,0.009644109593512891,0.057831565167485464,0.0019847053112872354,0.03553835106213157,round1_20260927
flip,all,M4_element_affine,shared,full,flip:float32:1ch:v2,float32:1ch,v2,baseline,validation,65536.0,262144.0,0.43537414965986393,0.06115830813844999,0.82275053077367,0.0014423902476564613,0.06212206682079008,0.0009637586823400893,0.015758426151330662,round1_20260927
flip,all,M4_element_affine,shared,full,flip:float32:1ch:v3,float32:1ch,v3,baseline,validation,200704.0,802816.0,1.3333333333333333,0.08413352770730853,1.1318315807616406,0.005152623130455152,0.07664376472428262,-0.007489762983025908,-0.08902233374882348,round1_20260927
flip,all,M4_element_affine,shared,full,flip:uint8:3ch:v0,uint8:3ch,v0,baseline,validation,19200.0,19200.0,0.03188775510204082,0.05165725170324246,0.6949347120744103,0.008519342118599983,0.05714398477432767,0.005486733071085215,0.10621418852487693,round1_20260927
flip,all,M4_element_affine,shared,full,flip:uint8:3ch:v1,uint8:3ch,v1,baseline,validation,76800.0,76800.0,0.12755102040816327,0.05919593386352062,0.7963511007466043,0.00258115561364921,0.06333220831274779,0.004136274449227165,0.06987430012952521,round1_20260927
flip,all,M4_element_affine,shared,full,flip:uint8:3ch:v2,uint8:3ch,v2,baseline,validation,196608.0,196608.0,0.32653061224489793,0.05973581845561663,0.803614060567173,0.006790235778120782,0.07620371327266164,0.016467894817045005,0.27567873417990507,round1_20260927
flip,all,M4_element_affine,shared,full,flip:uint8:3ch:v3,uint8:3ch,v3,baseline,validation,602112.0,602112.0,1.0,0.0753945461474359,1.0142678034817032,0.0056952451001949225,0.11976880698313927,0.044374260835703366,0.5885606201399289,round1_20260927
flip,all,M4_element_affine,shared,full,flip:uint8:1ch:nv0,uint8:1ch,nv0,extension,validation,9216.0,9216.0,0.015306122448979591,0.057008405371258654,0.7669227159061228,0.0006964759813315703,0.05607135936100152,-0.0009370460102571324,-0.01643697984805506,round2_20260927
flip,all,M4_element_affine,shared,full,flip:uint8:1ch:nv1,uint8:1ch,nv1,extension,validation,36864.0,36864.0,0.061224489795918366,0.048241554759442806,0.6489840218245868,0.001073265830071163,0.05904170665944317,0.010800151900000367,0.22387653038662367,round2_20260927
flip,all,M4_element_affine,shared,full,flip:uint8:1ch:nv2,uint8:1ch,nv2,extension,validation,147456.0,147456.0,0.24489795918367346,0.06052737900366386,0.8142627668651143,0.006185201214068149,0.0709230958532098,0.01039571684954594,0.17175230483574488,round2_20260927
flip,all,M4_element_affine,shared,full,flip:uint8:1ch:nv3,uint8:1ch,nv3,extension,validation,495616.0,495616.0,0.8231292517006803,0.07197162446876366,0.9682199203135006,0.0031644107749136128,0.10832746924099362,0.03635584477222996,0.5051413670398495,round2_20260927
flip,all,M4_element_affine,shared,full,flip:float32:3ch:t0,float32:3ch,t0,baseline,train,12288.0,49152.0,0.08163265306122448,0.0625793884197871,0.8418680405827262,0.004340101892442544,0.056401397949717255,-0.0061779904700698385,-0.09872244881377601,round1_20260927
flip,all,M4_element_affine,shared,full,flip:float32:3ch:t1,float32:3ch,t1,baseline,train,27648.0,110592.0,0.1836734693877551,0.05611162167042494,0.7548584635043097,0.010270325719812321,0.05805159089329596,0.00193996922287102,0.034573394336480746,round1_20260927
flip,all,M4_element_affine,shared,full,flip:float32:3ch:t2,float32:3ch,t2,baseline,train,62208.0,248832.0,0.413265306122449,0.06951229336361091,0.9351350290910027,0.0038115550135201285,0.06176452501634803,-0.00774776834726288,-0.11145896606712692,round1_20260927
flip,all,M4_element_affine,shared,full,flip:float32:3ch:t3,float32:3ch,t3,baseline,train,110592.0,442368.0,0.7346938775510204,0.07433308754116297,0.9999882123960845,0.006165741106556363,0.06696263278862093,-0.007370454752542041,-0.09915442767610791,round1_20260927
flip,all,M4_element_affine,shared,full,flip:float32:3ch:t4,float32:3ch,t4,baseline+control,train,150528.0,602112.0,1.0,0.0739065813831985,0.9942505100540066,0.003451750688075251,0.07125313444192555,-0.0026534469412729522,-0.03590271517924886,"round1_20260927,round2_20260927"
flip,all,M4_element_affine,shared,full,flip:float32:3ch:t5,float32:3ch,t5,baseline,train,248832.0,995328.0,1.653061224489796,0.11657052440568805,1.5682000327776828,0.0032934199197008586,0.0818143692808292,-0.03475615512485884,-0.29815560410366415,round1_20260927
flip,all,M4_element_affine,shared,full,flip:float32:3ch:t6,float32:3ch,t6,baseline,train,442368.0,1769472.0,2.938775510204082,0.1695980931011339,2.2815693462493596,0.008464486448896708,0.10260680036992081,-0.0669912927312131,-0.3950002709715915,round1_20260927
flip,all,M4_element_affine,shared,full,flip:float32:3ch:t7,float32:3ch,t7,baseline,train,786432.0,3145728.0,5.224489795918367,0.27927534965177375,3.7570356203745465,0.0040724922165824625,0.13957112230608365,-0.1397042273456901,-0.5002383043110902,round1_20260927
flip,all,M4_element_affine,shared,full,flip:float32:1ch:t0,float32:1ch,t0,baseline,train,4096.0,16384.0,0.027210884353741496,0.052530396884928145,0.7066809601891897,0.008111700662471771,0.05552129504647529,0.0029908981615471425,0.05693652321148332,round1_20260927
flip,all,M4_element_affine,shared,full,flip:float32:1ch:t1,float32:1ch,t1,baseline,train,9216.0,36864.0,0.061224489795918366,0.05313481126601497,0.7148120264005159,0.00743409794693125,0.05607135936100152,0.0029365480949865505,0.05526599276479913,round1_20260927
flip,all,M4_element_affine,shared,full,flip:float32:1ch:t2,float32:1ch,t2,baseline,train,20736.0,82944.0,0.1377551020408163,0.05694358920057615,0.7660507568795417,0.0034956939501180123,0.05730900406868554,0.00036541486810939133,0.006417137964771882,round1_20260927
flip,all,M4_element_affine,shared,full,flip:float32:1ch:t3,float32:1ch,t3,baseline,train,36864.0,147456.0,0.24489795918367346,0.06043720059096813,0.8130496146513256,0.00560238667711161,0.05904170665944317,-0.001395493931524959,-0.023089982955522673,round1_20260927
flip,all,M4_element_affine,shared,full,flip:float32:1ch:t4,float32:1ch,t4,baseline,train,50176.0,200704.0,0.3333333333333333,0.05926343612372875,0.7972591952002465,0.0004993461294656319,0.06047187387721138,0.0012084377534826302,0.020390949842322394,round1_20260927
flip,all,M4_element_affine,shared,full,flip:float32:1ch:t5,float32:1ch,t5,baseline,train,82944.0,331776.0,0.5510204081632653,0.0629301113076508,0.8465862456954495,0.003982487722869477,0.06399228549017927,0.0010621741825284636,0.016878631873631034,round1_20260927
flip,all,M4_element_affine,shared,full,flip:float32:1ch:t6,float32:1ch,t6,baseline,train,147456.0,589824.0,0.9795918367346939,0.07644206440697114,1.0283598578609168,0.008167729225096319,0.0709230958532098,-0.005518968553761341,-0.07219805739911492,round1_20260927
flip,all,M4_element_affine,shared,full,flip:float32:1ch:t7,float32:1ch,t7,baseline,train,262144.0,1048576.0,1.7414965986394557,0.1254296605475247,1.6873802257024413,0.0032731931435109984,0.08324453649859742,-0.04218512404892727,-0.33632494790132617,round1_20260927
flip,all,M4_element_affine,shared,full,flip:uint8:3ch:t0,uint8:3ch,t0,baseline,train,12288.0,12288.0,0.02040816326530612,0.050747012719511986,0.6826894484333726,0.002705753533001747,0.056401397949717255,0.005654385230205269,0.11142301639424748,round1_20260927
flip,all,M4_element_affine,shared,full,flip:uint8:3ch:t1,uint8:3ch,t1,baseline,train,27648.0,27648.0,0.04591836734693878,0.0531687851374348,0.7152690701218665,0.00248608357529937,0.05805159089329596,0.004882805755861155,0.09183594741237175,round1_20260927
flip,all,M4_element_affine,shared,full,flip:uint8:3ch:t2,uint8:3ch,t2,baseline,train,62208.0,62208.0,0.10331632653061225,0.061035536540051304,0.8210989089283145,0.005435895607484682,0.06176452501634803,0.0007289884762967241,0.011943672778535575,round1_20260927
flip,all,M4_element_affine,shared,full,flip:uint8:3ch:t3,uint8:3ch,t3,baseline,train,110592.0,110592.0,0.1836734693877551,0.055999443866312504,0.7533493578621852,0.006032443472422505,0.06696263278862093,0.010963188922308423,0.19577317497082378,round1_20260927
flip,all,M4_element_affine,shared,full,flip:uint8:3ch:t4,uint8:3ch,t4,baseline,train,150528.0,150528.0,0.25,0.05955992188925544,0.8012477591154173,0.0049477364536163575,0.07125313444192555,0.011693212552670106,0.19632686178488007,round1_20260927
flip,all,M4_element_affine,shared,full,flip:uint8:3ch:t5,uint8:3ch,t5,baseline,train,248832.0,248832.0,0.413265306122449,0.06771777523681521,0.910993734371702,0.00867821226124482,0.0818143692808292,0.01409659404401399,0.20816682170548162,round1_20260927
flip,all,M4_element_affine,shared,full,flip:uint8:3ch:t6,uint8:3ch,t6,baseline,train,442368.0,442368.0,0.7346938775510204,0.06769450459008415,0.9106806789989783,0.003913910739592923,0.10260680036992081,0.03491229577983666,0.5157330863301804,round1_20260927
flip,all,M4_element_affine,shared,full,flip:uint8:3ch:t7,uint8:3ch,t7,baseline,train,786432.0,786432.0,1.3061224489795917,0.08555895105625193,1.1510075169936478,0.008315036062580357,0.13957112230608365,0.05401217124983172,0.6312860382582375,round1_20260927
flip,all,M4_element_affine,shared,full,flip:uint8:1ch:nt0,uint8:1ch,nt0,extension,train,4096.0,4096.0,0.006802721088435374,0.04985230043530464,0.6706530623866089,0.0030868572518992494,0.05552129504647529,0.0056689946111706455,0.11371580772942526,round2_20260927
flip,all,M4_element_affine,shared,full,flip:uint8:1ch:nt1,uint8:1ch,nt1,extension,train,20736.0,20736.0,0.03443877551020408,0.0552073175398012,0.742693040259324,0.0033957417233451822,0.05730900406868554,0.0021016865288843375,0.03806898473864712,round2_20260927
flip,all,M4_element_affine,shared,full,flip:uint8:1ch:nt2,uint8:1ch,nt2,extension,train,50176.0,50176.0,0.08333333333333333,0.04786873934790492,0.6439686103938289,0.002916537786898336,0.06047187387721138,0.012603134529306462,0.26328528181425914,round2_20260927
flip,all,M4_element_affine,shared,full,flip:uint8:1ch:nt3,uint8:1ch,nt3,extension,train,102400.0,102400.0,0.17006802721088435,0.05563299870118499,0.7484196440868206,0.004146797647177228,0.06608252988537895,0.010449531184193964,0.1878297310616008,round2_20260927
flip,all,M4_element_affine,shared,full,flip:uint8:1ch:nt4,uint8:1ch,nt4,extension,train,200704.0,200704.0,0.3333333333333333,0.06330245329687993,0.851595288270239,0.006117374141832919,0.07664376472428262,0.013341311427402691,0.21075504554039554,round2_20260927
flip,all,M4_element_affine,shared,full,flip:uint8:1ch:nt5,uint8:1ch,nt5,extension,train,409600.0,409600.0,0.6802721088435374,0.06906240402410428,0.9290827574678152,0.004579916299397147,0.09908638875695291,0.030023984732848633,0.43473703467330227,round2_20260927
flip,all,M4_element_affine,shared,full,flip:uint8:1ch:nt6,uint8:1ch,nt6,extension,train,692224.0,692224.0,1.1496598639455782,0.08125633078937729,1.0931252240388647,0.0017865513192997671,0.12944993891880097,0.04819360812942368,0.5931058867812435,round2_20260927
flip,all,M4_element_affine,shared,full,flip:uint8:1ch:nt7,uint8:1ch,nt7,extension,train,1048576.0,1048576.0,1.7414965986394557,0.12306282840048273,1.6555397045287255,0.003887629362241747,0.16773441520982676,0.044671586809344035,0.362998213107613,round2_20260927
flip,all,M5_repr_element_affine,float32:1ch,full,flip:float32:1ch:v0,float32:1ch,v0,baseline,validation,6400.0,25600.0,0.04251700680272109,0.05711931890497605,0.768414813570587,0.009629589942612286,0.04975474182216866,-0.00736457708280739,-0.12893320900865665,round1_20260927
flip,all,M5_repr_element_affine,float32:1ch,full,flip:float32:1ch:v1,float32:1ch,v1,baseline,validation,25600.0,102400.0,0.17006802721088435,0.05584685985619823,0.7512966755835174,0.009644109593512891,0.054843726884219644,-0.0010031329719785848,-0.01796220905815622,round1_20260927
flip,all,M5_repr_element_affine,float32:1ch,full,flip:float32:1ch:v2,float32:1ch,v2,baseline,validation,65536.0,262144.0,0.43537414965986393,0.06115830813844999,0.82275053077367,0.0014423902476564613,0.06542881581328569,0.004270507674835701,0.06982710615813863,round1_20260927
flip,all,M5_repr_element_affine,float32:1ch,full,flip:float32:1ch:v3,float32:1ch,v3,baseline,validation,200704.0,802816.0,1.3333333333333333,0.08413352770730853,1.1318315807616406,0.005152623130455152,0.10125527065012462,0.017121742942816084,0.20350677559106736,round1_20260927
flip,all,M5_repr_element_affine,float32:1ch,full,flip:float32:1ch:t0,float32:1ch,t0,baseline,train,4096.0,16384.0,0.027210884353741496,0.052530396884928145,0.7066809601891897,0.008111700662471771,0.04914406361472254,-0.003386333270205606,-0.0644642620466704,round1_20260927
flip,all,M5_repr_element_affine,float32:1ch,full,flip:float32:1ch:t1,float32:1ch,t1,baseline,train,9216.0,36864.0,0.061224489795918366,0.05313481126601497,0.7148120264005159,0.00743409794693125,0.050501126297936134,-0.0026336849680788366,-0.04956609246043077,round1_20260927
flip,all,M5_repr_element_affine,float32:1ch,full,flip:float32:1ch:t2,float32:1ch,t2,baseline,train,20736.0,82944.0,0.1377551020408163,0.05694358920057615,0.7660507568795417,0.0034956939501180123,0.053554517335166724,-0.003389071865409425,-0.05951630223855181,round1_20260927
flip,all,M5_repr_element_affine,float32:1ch,full,flip:float32:1ch:t3,float32:1ch,t3,baseline,train,36864.0,147456.0,0.24489795918367346,0.06043720059096813,0.8130496146513256,0.00560238667711161,0.05782926478728956,-0.002607935803678574,-0.043151168124559186,round1_20260927
flip,all,M5_repr_element_affine,float32:1ch,full,flip:float32:1ch:t4,float32:1ch,t4,baseline,train,50176.0,200704.0,0.3333333333333333,0.05926343612372875,0.7972591952002465,0.0004993461294656319,0.0613576277636449,0.00209419163991615,0.03533699321018018,round1_20260927
flip,all,M5_repr_element_affine,float32:1ch,full,flip:float32:1ch:t5,float32:1ch,t5,baseline,train,82944.0,331776.0,0.5510204081632653,0.0629301113076508,0.8465862456954495,0.003982487722869477,0.07004282893621191,0.0071127176285611105,0.11302566419736132,round1_20260927
flip,all,M5_repr_element_affine,float32:1ch,full,flip:float32:1ch:t6,float32:1ch,t6,baseline,train,147456.0,589824.0,0.9795918367346939,0.07644206440697114,1.0283598578609168,0.008167729225096319,0.08714181874470323,0.010699754337732084,0.13997207454743096,round1_20260927
flip,all,M5_repr_element_affine,float32:1ch,full,flip:float32:1ch:t7,float32:1ch,t7,baseline,train,262144.0,1048576.0,1.7414965986394557,0.1254296605475247,1.6873802257024413,0.0032731931435109984,0.11754002284868777,-0.007889637698836924,-0.06290089333254296,round1_20260927
flip,all,M5_repr_element_affine,float32:3ch,full,flip:float32:3ch:v0,float32:3ch,v0,baseline,validation,19200.0,76800.0,0.12755102040816327,0.05473555065691471,0.7363464544051566,0.002212117405571379,0.05183037613902467,-0.00290517451789004,-0.05307655596816455,round1_20260927
flip,all,M5_repr_element_affine,float32:3ch,full,flip:float32:3ch:v1,float32:3ch,v1,baseline,validation,76800.0,307200.0,0.5102040816326531,0.06642836689328153,0.8936475809002102,0.008710521812716613,0.06846364640841188,0.002035279515130342,0.03063871069418368,round1_20260927
flip,all,M5_repr_element_affine,float32:3ch,full,flip:float32:3ch:v2,float32:3ch,v2,baseline,validation,196608.0,786432.0,1.3061224489795917,0.08053883444517851,1.0834728887145888,0.004384765547060833,0.10306084856873729,0.02252201412355878,0.279641669496585,round1_20260927
flip,all,M5_repr_element_affine,float32:3ch,full,flip:float32:3ch:v3,float32:3ch,v3,baseline,validation,602112.0,2408448.0,4.0,0.21744758977244297,2.9252790887499347,0.007247933807891709,0.22015907126522327,0.0027114814927803044,0.012469586329367212,round1_20260927
flip,all,M5_repr_element_affine,float32:3ch,full,flip:float32:3ch:t0,float32:3ch,t0,baseline,train,12288.0,49152.0,0.08163265306122448,0.0625793884197871,0.8418680405827262,0.004340101892442544,0.0498343837066982,-0.01274500471308889,-0.2036613817251532,round1_20260927
flip,all,M5_repr_element_affine,float32:3ch,full,flip:float32:3ch:t1,float32:3ch,t1,baseline,train,27648.0,110592.0,0.1836734693877551,0.05611162167042494,0.7548584635043097,0.010270325719812321,0.05426992244520146,-0.001841699225223481,-0.03282206377924371,round1_20260927
flip,all,M5_repr_element_affine,float32:3ch,full,flip:float32:3ch:t2,float32:3ch,t2,baseline,train,62208.0,248832.0,0.413265306122449,0.06951229336361091,0.9351350290910027,0.0038115550135201285,0.06424988460683378,-0.005262408756777123,-0.07570472073551164,round1_20260927
flip,all,M5_repr_element_affine,float32:3ch,full,flip:float32:3ch:t3,float32:3ch,t3,baseline,train,110592.0,442368.0,0.7346938775510204,0.07433308754116297,0.9999882123960845,0.006165741106556363,0.07822183163311905,0.003888744091956081,0.05231511592738074,round1_20260927
flip,all,M5_repr_element_affine,float32:3ch,full,flip:float32:3ch:t4,float32:3ch,t4,baseline+control,train,150528.0,602112.0,1.0,0.0739065813831985,0.9942505100540066,0.003451750688075251,0.08975423235322752,0.01584765097002902,0.21442814257448167,"round1_20260927,round2_20260927"
flip,all,M5_repr_element_affine,float32:3ch,full,flip:float32:3ch:t5,float32:3ch,t5,baseline,train,248832.0,995328.0,1.653061224489796,0.11657052440568805,1.5682000327776828,0.0032934199197008586,0.11814168027964836,0.0015711558739603115,0.013478157381298072,round1_20260927
flip,all,M5_repr_element_affine,float32:3ch,full,flip:float32:3ch:t6,float32:3ch,t6,baseline,train,442368.0,1769472.0,2.938775510204082,0.1695980931011339,2.2815693462493596,0.008464486448896708,0.1740294683847894,0.004431375283655475,0.026128685780759216,round1_20260927
flip,all,M5_repr_element_affine,float32:3ch,full,flip:float32:3ch:t7,float32:3ch,t7,baseline,train,786432.0,3145728.0,5.224489795918367,0.27927534965177375,3.7570356203745465,0.0040724922165824625,0.27338553612726235,-0.0058898135245114,-0.02108962904121457,round1_20260927
flip,all,M3_element_prop,float32:3ch,local_x_le_2,flip:float32:3ch:v0,float32:3ch,v0,baseline,validation,19200.0,76800.0,0.12755102040816327,0.05473555065691471,0.7363464544051566,0.002212117405571379,0.010393908654411794,-0.044341642002502915,-0.8101068039022506,round1_20260927
flip,all,M3_element_prop,float32:3ch,local_x_le_2,flip:float32:3ch:v1,float32:3ch,v1,baseline,validation,76800.0,307200.0,0.5102040816326531,0.06642836689328153,0.8936475809002102,0.008710521812716613,0.04157563461764718,-0.024852732275634358,-0.37412830448715917,round1_20260927
flip,all,M3_element_prop,float32:3ch,local_x_le_2,flip:float32:3ch:v2,float32:3ch,v2,baseline,validation,196608.0,786432.0,1.3061224489795917,0.08053883444517851,1.0834728887145888,0.004384765547060833,0.10643362462117678,0.025894790175998272,0.3215193062375945,round1_20260927
flip,all,M3_element_prop,float32:3ch,local_x_le_2,flip:float32:3ch:t0,float32:3ch,t0,baseline,train,12288.0,49152.0,0.08163265306122448,0.0625793884197871,0.8418680405827262,0.004340101892442544,0.006652101538823549,-0.055927286880963545,-0.8937013974281632,round1_20260927
flip,all,M3_element_prop,float32:3ch,local_x_le_2,flip:float32:3ch:t1,float32:3ch,t1,baseline,train,27648.0,110592.0,0.1836734693877551,0.05611162167042494,0.7548584635043097,0.010270325719812321,0.014967228462352983,-0.04114439320807196,-0.7332597416224411,round1_20260927
flip,all,M3_element_prop,float32:3ch,local_x_le_2,flip:float32:3ch:t2,float32:3ch,t2,baseline,train,62208.0,248832.0,0.413265306122449,0.06951229336361091,0.9351350290910027,0.0038115550135201285,0.03367626404029422,-0.03583602932331669,-0.5155351318343432,round1_20260927
flip,all,M3_element_prop,float32:3ch,local_x_le_2,flip:float32:3ch:t3,float32:3ch,t3,baseline,train,110592.0,442368.0,0.7346938775510204,0.07433308754116297,0.9999882123960845,0.006165741106556363,0.05986891384941193,-0.014464173691751035,-0.19458593972356256,round1_20260927
flip,all,M3_element_prop,float32:3ch,local_x_le_2,flip:float32:3ch:t4,float32:3ch,t4,baseline+control,train,150528.0,602112.0,1.0,0.0739065813831985,0.9942505100540066,0.003451750688075251,0.08148824385058846,0.007581662467389963,0.1025844021668351,"round1_20260927,round2_20260927"
flip,all,M3_element_prop,float32:3ch,local_x_le_2,flip:float32:3ch:t5,float32:3ch,t5,baseline,train,248832.0,995328.0,1.653061224489796,0.11657052440568805,1.5682000327776828,0.0032934199197008586,0.13470505616117687,0.01813453175548882,0.15556704276612096,round1_20260927
flip,all,M4_element_affine,float32:3ch,local_x_le_2,flip:float32:3ch:v0,float32:3ch,v0,baseline,validation,19200.0,76800.0,0.12755102040816327,0.05473555065691471,0.7363464544051566,0.002212117405571379,0.056924260951241534,0.0021887102943268233,0.039986996897971736,round1_20260927
flip,all,M4_element_affine,float32:3ch,local_x_le_2,flip:float32:3ch:v1,float32:3ch,v1,baseline,validation,76800.0,307200.0,0.5102040816326531,0.06642836689328153,0.8936475809002102,0.008710521812716613,0.0698455821733926,0.0034172152801110606,0.05144210884486869,round1_20260927
flip,all,M4_element_affine,float32:3ch,local_x_le_2,flip:float32:3ch:v2,float32:3ch,v2,baseline,validation,196608.0,786432.0,1.3061224489795917,0.08053883444517851,1.0834728887145888,0.004384765547060833,0.09672193031546683,0.016183095870288322,0.20093531253303518,round1_20260927
flip,all,M4_element_affine,float32:3ch,local_x_le_2,flip:float32:3ch:t0,float32:3ch,t0,baseline,train,12288.0,49152.0,0.08163265306122448,0.0625793884197871,0.8418680405827262,0.004340101892442544,0.055373702404583405,-0.007205686015203688,-0.11514471772826257,round1_20260927
flip,all,M4_element_affine,float32:3ch,local_x_le_2,flip:float32:3ch:t1,float32:3ch,t1,baseline,train,27648.0,110592.0,0.1836734693877551,0.05611162167042494,0.7548584635043097,0.010270325719812321,0.05881938806382369,0.0027077663933987514,0.04825678376046559,round1_20260927
flip,all,M4_element_affine,float32:3ch,local_x_le_2,flip:float32:3ch:t2,float32:3ch,t2,baseline,train,62208.0,248832.0,0.413265306122449,0.06951229336361091,0.9351350290910027,0.0038115550135201285,0.06657218079711433,-0.0029401125664965805,-0.042296296442374384,round1_20260927
flip,all,M4_element_affine,float32:3ch,local_x_le_2,flip:float32:3ch:t3,float32:3ch,t3,baseline,train,110592.0,442368.0,0.7346938775510204,0.07433308754116297,0.9999882123960845,0.006165741106556363,0.07742609062372123,0.0030930030825582627,0.04161004452889798,round1_20260927
flip,all,M4_element_affine,float32:3ch,local_x_le_2,flip:float32:3ch:t4,float32:3ch,t4,baseline+control,train,150528.0,602112.0,1.0,0.0739065813831985,0.9942505100540066,0.003451750688075251,0.08638487333774597,0.012478291954547471,0.16883871126238043,"round1_20260927,round2_20260927"
flip,all,M4_element_affine,float32:3ch,local_x_le_2,flip:float32:3ch:t5,float32:3ch,t5,baseline,train,248832.0,995328.0,1.653061224489796,0.11657052440568805,1.5682000327776828,0.0032934199197008586,0.1084372615568838,-0.008133262848804251,-0.06977117835121782,round1_20260927
flip,all,M5_repr_element_affine,uint8:1ch,full,flip:uint8:1ch:nv0,uint8:1ch,nv0,extension,validation,9216.0,9216.0,0.015306122448979591,0.057008405371258654,0.7669227159061228,0.0006964759813315703,0.04872235996913895,-0.008286045402119704,-0.145347784211084,round2_20260927
flip,all,M5_repr_element_affine,uint8:1ch,full,flip:uint8:1ch:nv1,uint8:1ch,nv1,extension,validation,36864.0,36864.0,0.061224489795918366,0.048241554759442806,0.6489840218245868,0.001073265830071163,0.05047336437214743,0.0022318096127046244,0.04626321899933728,round2_20260927
flip,all,M5_repr_element_affine,uint8:1ch,full,flip:uint8:1ch:nv2,uint8:1ch,nv2,extension,validation,147456.0,147456.0,0.24489795918367346,0.06052737900366386,0.8142627668651143,0.006185201214068149,0.05747738198418133,-0.0030499970194825324,-0.050390369939823584,round2_20260927
flip,all,M5_repr_element_affine,uint8:1ch,full,flip:uint8:1ch:nv3,uint8:1ch,nv3,extension,validation,495616.0,495616.0,0.8231292517006803,0.07197162446876366,0.9682199203135006,0.0031644107749136128,0.07952706705910287,0.007555442590339204,0.10497807498590411,round2_20260927
flip,all,M5_repr_element_affine,uint8:1ch,full,flip:uint8:1ch:nt0,uint8:1ch,nt0,extension,train,4096.0,4096.0,0.006802721088435374,0.04985230043530464,0.6706530623866089,0.0030868572518992494,0.04839809989450775,-0.0014542005407968892,-0.029170179271547646,round2_20260927
flip,all,M5_repr_element_affine,uint8:1ch,full,flip:uint8:1ch:nt1,uint8:1ch,nt1,extension,train,20736.0,20736.0,0.03443877551020408,0.0552073175398012,0.742693040259324,0.0033957417233451822,0.04945194513705915,-0.00575537240274205,-0.10425017297014598,round2_20260927
flip,all,M5_repr_element_affine,uint8:1ch,full,flip:uint8:1ch:nt2,uint8:1ch,nt2,extension,train,50176.0,50176.0,0.08333333333333333,0.04786873934790492,0.6439686103938289,0.002916537786898336,0.051316440566188545,0.0034477012182836247,0.07202406550183196,round2_20260927
flip,all,M5_repr_element_affine,uint8:1ch,full,flip:uint8:1ch:nt3,uint8:1ch,nt3,extension,train,102400.0,102400.0,0.17006802721088435,0.05563299870118499,0.7484196440868206,0.004146797647177228,0.05462389332742677,-0.001009105373758215,-0.01813861192667871,round2_20260927
flip,all,M5_repr_element_affine,uint8:1ch,full,flip:uint8:1ch:nt4,uint8:1ch,nt4,extension,train,200704.0,200704.0,0.3333333333333333,0.06330245329687993,0.851595288270239,0.006117374141832919,0.0608496867603458,-0.0024527665365341317,-0.03874678482097667,round2_20260927
flip,all,M5_repr_element_affine,uint8:1ch,full,flip:uint8:1ch:nt5,uint8:1ch,nt5,extension,train,409600.0,409600.0,0.6802721088435374,0.06906240402410428,0.9290827574678152,0.004579916299397147,0.07407949780529872,0.005017093781194443,0.07264580276474836,round2_20260927
flip,all,M5_repr_element_affine,uint8:1ch,full,flip:uint8:1ch:nt6,uint8:1ch,nt6,extension,train,692224.0,692224.0,1.1496598639455782,0.08125633078937729,1.0931252240388647,0.0017865513192997671,0.09197865392494092,0.010722323135563636,0.1319567722465432,round2_20260927
flip,all,M5_repr_element_affine,uint8:1ch,full,flip:uint8:1ch:nt7,uint8:1ch,nt7,extension,train,1048576.0,1048576.0,1.7414965986394557,0.12306282840048273,1.6555397045287255,0.003887629362241747,0.11454715511927238,-0.008515673281210348,-0.06919776988627171,round2_20260927
flip,all,M5_repr_element_affine,uint8:3ch,full,flip:uint8:3ch:v0,uint8:3ch,v0,baseline,validation,19200.0,19200.0,0.03188775510204082,0.05165725170324246,0.6949347120744103,0.008519342118599983,0.05422786504040893,0.0025706133371664747,0.04976287457052464,round1_20260927
flip,all,M5_repr_element_affine,uint8:3ch,full,flip:uint8:3ch:v1,uint8:3ch,v1,baseline,validation,76800.0,76800.0,0.12755102040816327,0.05919593386352062,0.7963511007466043,0.00258115561364921,0.05653757182394714,-0.002658362039573481,-0.044907848665796474,round1_20260927
flip,all,M5_repr_element_affine,uint8:3ch,full,flip:uint8:3ch:v2,uint8:3ch,v2,baseline,validation,196608.0,196608.0,0.32653061224489793,0.05973581845561663,0.803614060567173,0.006790235778120782,0.06134176193370661,0.001605943478089976,0.02688409600151679,round1_20260927
flip,all,M5_repr_element_affine,uint8:3ch,full,flip:uint8:3ch:v3,uint8:3ch,v3,baseline,validation,602112.0,602112.0,1.0,0.0753945461474359,1.0142678034817032,0.0056952451001949225,0.07760209768981557,0.002207551542379671,0.02927998980274713,round1_20260927
flip,all,M5_repr_element_affine,uint8:3ch,full,flip:uint8:3ch:t0,uint8:3ch,t0,baseline,train,12288.0,12288.0,0.02040816326530612,0.050747012719511986,0.6826894484333726,0.002705753533001747,0.05395070022638435,0.003203687506872367,0.0631305634595623,round1_20260927
flip,all,M5_repr_element_affine,uint8:3ch,full,flip:uint8:3ch:t1,uint8:3ch,t1,baseline,train,27648.0,27648.0,0.04591836734693878,0.0531687851374348,0.7152690701218665,0.00248608357529937,0.054566622035327875,0.001397836897893072,0.026290555525762618,round1_20260927
flip,all,M5_repr_element_affine,uint8:3ch,full,flip:uint8:3ch:t2,uint8:3ch,t2,baseline,train,62208.0,62208.0,0.10331632653061225,0.061035536540051304,0.8210989089283145,0.005435895607484682,0.0559524461054508,-0.005083090434600507,-0.08328083478491256,round1_20260927
flip,all,M5_repr_element_affine,uint8:3ch,full,flip:uint8:3ch:t3,uint8:3ch,t3,baseline,train,110592.0,110592.0,0.1836734693877551,0.055999443866312504,0.7533493578621852,0.006032443472422505,0.057892599803622886,0.0018931559373103826,0.033806691756259485,round1_20260927
flip,all,M5_repr_element_affine,uint8:3ch,full,flip:uint8:3ch:t4,uint8:3ch,t4,baseline,train,150528.0,150528.0,0.25,0.05955992188925544,0.8012477591154173,0.0049477364536163575,0.05949399650687604,-6.592538237940038e-05,-0.0011068748965450416,round1_20260927
flip,all,M5_repr_element_affine,uint8:3ch,full,flip:uint8:3ch:t5,uint8:3ch,t5,baseline,train,248832.0,248832.0,0.413265306122449,0.06771777523681521,0.910993734371702,0.00867821226124482,0.06343589608411458,-0.004281879152700632,-0.06323124375729285,round1_20260927
flip,all,M5_repr_element_affine,uint8:3ch,full,flip:uint8:3ch:t6,uint8:3ch,t6,baseline,train,442368.0,442368.0,0.7346938775510204,0.06769450459008415,0.9106806789989783,0.003913910739592923,0.07119651087680295,0.0035020062867188034,0.05173250484547862,round1_20260927
flip,all,M5_repr_element_affine,uint8:3ch,full,flip:uint8:3ch:t7,uint8:3ch,t7,baseline,train,786432.0,786432.0,1.3061224489795917,0.08555895105625193,1.1510075169936478,0.008315036062580357,0.08499315939713782,-0.0005657916591141066,-0.006612886812299965,round1_20260927
flip,1ch,M1_byte_prop_anchored,shared,full,flip:float32:1ch:v0,float32:1ch,v0,baseline,validation,6400.0,25600.0,0.04251700680272109,0.05711931890497605,0.768414813570587,0.009629589942612286,0.003160457642877774,-0.05395886126209827,-0.9446691994325855,round1_20260927
flip,1ch,M1_byte_prop_anchored,shared,full,flip:float32:1ch:v1,float32:1ch,v1,baseline,validation,25600.0,102400.0,0.17006802721088435,0.05584685985619823,0.7512966755835174,0.009644109593512891,0.012641830571511097,-0.043205029284687134,-0.7736339947480856,round1_20260927
flip,1ch,M1_byte_prop_anchored,shared,full,flip:float32:1ch:v2,float32:1ch,v2,baseline,validation,65536.0,262144.0,0.43537414965986393,0.06115830813844999,0.82275053077367,0.0014423902476564613,0.03236308626306841,-0.028795221875381583,-0.47083091000808996,round1_20260927
flip,1ch,M1_byte_prop_anchored,shared,full,flip:float32:1ch:v3,float32:1ch,v3,baseline,validation,200704.0,802816.0,1.3333333333333333,0.08413352770730853,1.1318315807616406,0.005152623130455152,0.09911195168064699,0.014978423973338456,0.1780315693577806,round1_20260927
flip,1ch,M1_byte_prop_anchored,shared,full,flip:uint8:1ch:nv0,uint8:1ch,nv0,extension,validation,9216.0,9216.0,0.015306122448979591,0.057008405371258654,0.7669227159061228,0.0006964759813315703,0.0011377647514359986,-0.05587064061982266,-0.9800421579234417,round2_20260927
flip,1ch,M1_byte_prop_anchored,shared,full,flip:uint8:1ch:nv1,uint8:1ch,nv1,extension,validation,36864.0,36864.0,0.061224489795918366,0.048241554759442806,0.6489840218245868,0.001073265830071163,0.004551059005743994,-0.043690495753698814,-0.9056610213240864,round2_20260927
flip,1ch,M1_byte_prop_anchored,shared,full,flip:uint8:1ch:nv2,uint8:1ch,nv2,extension,validation,147456.0,147456.0,0.24489795918367346,0.06052737900366386,0.8142627668651143,0.006185201214068149,0.018204236022975977,-0.042323142980687886,-0.6992396445602902,round2_20260927
flip,1ch,M1_byte_prop_anchored,shared,full,flip:uint8:1ch:nv3,uint8:1ch,nv3,extension,validation,495616.0,495616.0,0.8231292517006803,0.07197162446876366,0.9682199203135006,0.0031644107749136128,0.06118645996611371,-0.010785164502649956,-0.14985300918601352,round2_20260927
flip,1ch,M1_byte_prop_anchored,shared,full,flip:float32:1ch:t0,float32:1ch,t0,baseline,train,4096.0,16384.0,0.027210884353741496,0.052530396884928145,0.7066809601891897,0.008111700662471771,0.0020226928914417754,-0.05050770399348637,-0.9614948104071508,round1_20260927
flip,1ch,M1_byte_prop_anchored,shared,full,flip:float32:1ch:t1,float32:1ch,t1,baseline,train,9216.0,36864.0,0.061224489795918366,0.05313481126601497,0.7148120264005159,0.00743409794693125,0.004551059005743994,-0.04858375226027098,-0.914348825237009,round1_20260927
flip,1ch,M1_byte_prop_anchored,shared,full,flip:float32:1ch:t2,float32:1ch,t2,baseline,train,20736.0,82944.0,0.1377551020408163,0.05694358920057615,0.7660507568795417,0.0034956939501180123,0.010239882762923987,-0.04670370643765216,-0.8201749677763484,round1_20260927
flip,1ch,M1_byte_prop_anchored,shared,full,flip:float32:1ch:t3,float32:1ch,t3,baseline,train,36864.0,147456.0,0.24489795918367346,0.06043720059096813,0.8130496146513256,0.00560238667711161,0.018204236022975977,-0.04223296456799215,-0.6987908797070184,round1_20260927
flip,1ch,M1_byte_prop_anchored,shared,full,flip:float32:1ch:t4,float32:1ch,t4,baseline,train,50176.0,200704.0,0.3333333333333333,0.05926343612372875,0.7972591952002465,0.0004993461294656319,0.024777987920161747,-0.034485448203567005,-0.5819009233883964,round1_20260927
flip,1ch,M1_byte_prop_anchored,shared,full,flip:float32:1ch:t5,float32:1ch,t5,baseline,train,82944.0,331776.0,0.5510204081632653,0.0629301113076508,0.8465862456954495,0.003982487722869477,0.04095953105169595,-0.021970580255954858,-0.34912667083243754,round1_20260927
flip,1ch,M1_byte_prop_anchored,shared,full,flip:float32:1ch:t6,float32:1ch,t6,baseline,train,147456.0,589824.0,0.9795918367346939,0.07644206440697114,1.0283598578609168,0.008167729225096319,0.07281694409190391,-0.0036251203150672318,-0.0474231085095687,round1_20260927
flip,1ch,M1_byte_prop_anchored,shared,full,flip:float32:1ch:t7,float32:1ch,t7,baseline,train,262144.0,1048576.0,1.7414965986394557,0.1254296605475247,1.6873802257024413,0.0032731931435109984,0.12945234505227363,0.004022684504748936,0.03207123807231193,round1_20260927
flip,1ch,M1_byte_prop_anchored,shared,full,flip:uint8:1ch:nt0,uint8:1ch,nt0,extension,train,4096.0,4096.0,0.006802721088435374,0.04985230043530464,0.6706530623866089,0.0030868572518992494,0.0005056732228604439,-0.0493466272124442,-0.9898565719446252,round2_20260927
flip,1ch,M1_byte_prop_anchored,shared,full,flip:uint8:1ch:nt1,uint8:1ch,nt1,extension,train,20736.0,20736.0,0.03443877551020408,0.0552073175398012,0.742693040259324,0.0033957417233451822,0.0025599706907309967,-0.05264734684907021,-0.9536298663870888,round2_20260927
flip,1ch,M1_byte_prop_anchored,shared,full,flip:uint8:1ch:nt2,uint8:1ch,nt2,extension,train,50176.0,50176.0,0.08333333333333333,0.04786873934790492,0.6439686103938289,0.002916537786898336,0.006194496980040437,-0.04167424236786448,-0.8705941066252133,round2_20260927
flip,1ch,M1_byte_prop_anchored,shared,full,flip:uint8:1ch:nt3,uint8:1ch,nt3,extension,train,102400.0,102400.0,0.17006802721088435,0.05563299870118499,0.7484196440868206,0.004146797647177228,0.012641830571511097,-0.04299116812967389,-0.7727638116468846,round2_20260927
flip,1ch,M1_byte_prop_anchored,shared,full,flip:uint8:1ch:nt4,uint8:1ch,nt4,extension,train,200704.0,200704.0,0.3333333333333333,0.06330245329687993,0.851595288270239,0.006117374141832919,0.024777987920161747,-0.038524465376718185,-0.6085777623189998,round2_20260927
flip,1ch,M1_byte_prop_anchored,shared,full,flip:uint8:1ch:nt5,uint8:1ch,nt5,extension,train,409600.0,409600.0,0.6802721088435374,0.06906240402410428,0.9290827574678152,0.004579916299397147,0.05056732228604439,-0.018495081738059894,-0.26780246067896374,round2_20260927
flip,1ch,M1_byte_prop_anchored,shared,full,flip:uint8:1ch:nt6,uint8:1ch,nt6,extension,train,692224.0,692224.0,1.1496598639455782,0.08125633078937729,1.0931252240388647,0.0017865513192997671,0.085458774663415,0.004202443874037717,0.051718356381741847,round2_20260927
flip,1ch,M1_byte_prop_anchored,shared,full,flip:uint8:1ch:nt7,uint8:1ch,nt7,extension,train,1048576.0,1048576.0,1.7414965986394557,0.12306282840048273,1.6555397045287255,0.003887629362241747,0.12945234505227363,0.006389516651790897,0.05192076872309099,round2_20260927
flip,1ch,M2_byte_affine,shared,full,flip:float32:1ch:v0,float32:1ch,v0,baseline,validation,6400.0,25600.0,0.04251700680272109,0.05711931890497605,0.768414813570587,0.009629589942612286,0.0497834323734455,-0.0073358865315305485,-0.12843091745779675,round1_20260927
flip,1ch,M2_byte_affine,shared,full,flip:float32:1ch:v1,float32:1ch,v1,baseline,validation,25600.0,102400.0,0.17006802721088435,0.05584685985619823,0.7512966755835174,0.009644109593512891,0.05475105159910922,-0.0010958082570890065,-0.01962166288150554,round1_20260927
flip,1ch,M2_byte_affine,shared,full,flip:float32:1ch:v2,float32:1ch,v2,baseline,validation,65536.0,262144.0,0.43537414965986393,0.06115830813844999,0.82275053077367,0.0014423902476564613,0.06508369958848977,0.003925391450039777,0.0641841079245274,round1_20260927
flip,1ch,M2_byte_affine,shared,full,flip:float32:1ch:v3,float32:1ch,v3,baseline,validation,200704.0,802816.0,1.3333333333333333,0.08413352770730853,1.1318315807616406,0.005152623130455152,0.10005573893716237,0.015922211229853836,0.18924930005604296,round1_20260927
flip,1ch,M2_byte_affine,shared,full,flip:uint8:1ch:nv0,uint8:1ch,nv0,extension,validation,9216.0,9216.0,0.015306122448979591,0.057008405371258654,0.7669227159061228,0.0006964759813315703,0.048723673605303906,-0.008284731765954748,-0.14532474136053586,round2_20260927
flip,1ch,M2_byte_affine,shared,full,flip:uint8:1ch:nv1,uint8:1ch,nv1,extension,validation,36864.0,36864.0,0.061224489795918366,0.048241554759442806,0.6489840218245868,0.001073265830071163,0.050512016526542844,0.0022704617671000377,0.04706444015790385,round2_20260927
flip,1ch,M2_byte_affine,shared,full,flip:uint8:1ch:nv2,uint8:1ch,nv2,extension,validation,147456.0,147456.0,0.24489795918367346,0.06052737900366386,0.8142627668651143,0.006185201214068149,0.05766538821149861,-0.002861990792165252,-0.0472842346600207,round2_20260927
flip,1ch,M2_byte_affine,shared,full,flip:uint8:1ch:nv3,uint8:1ch,nv3,extension,validation,495616.0,495616.0,0.8231292517006803,0.07197162446876366,0.9682199203135006,0.0031644107749136128,0.08018526203450747,0.008213637565743809,0.11412327603232857,round2_20260927
flip,1ch,M2_byte_affine,shared,full,flip:float32:1ch:t0,float32:1ch,t0,baseline,train,4096.0,16384.0,0.027210884353741496,0.052530396884928145,0.7066809601891897,0.008111700662471771,0.04918731806636585,-0.0033430788185622937,-0.06364084447877985,round1_20260927
flip,1ch,M2_byte_affine,shared,full,flip:float32:1ch:t1,float32:1ch,t1,baseline,train,9216.0,36864.0,0.061224489795918366,0.05313481126601497,0.7148120264005159,0.00743409794693125,0.050512016526542844,-0.002622794739472127,-0.049361137773527144,round1_20260927
flip,1ch,M2_byte_affine,shared,full,flip:float32:1ch:t2,float32:1ch,t2,baseline,train,20736.0,82944.0,0.1377551020408163,0.05694358920057615,0.7660507568795417,0.0034956939501180123,0.05349258806194108,-0.003451001138635071,-0.060603857029092115,round1_20260927
flip,1ch,M2_byte_affine,shared,full,flip:float32:1ch:t3,float32:1ch,t3,baseline,train,36864.0,147456.0,0.24489795918367346,0.06043720059096813,0.8130496146513256,0.00560238667711161,0.05766538821149861,-0.0027718123794695237,-0.045862686430975255,round1_20260927
flip,1ch,M2_byte_affine,shared,full,flip:float32:1ch:t4,float32:1ch,t4,baseline,train,50176.0,200704.0,0.3333333333333333,0.05926343612372875,0.7972591952002465,0.0004993461294656319,0.06110960420795879,0.0018461680842300349,0.031151890693203316,round1_20260927
flip,1ch,M2_byte_affine,shared,full,flip:float32:1ch:t5,float32:1ch,t5,baseline,train,82944.0,331776.0,0.5510204081632653,0.0629301113076508,0.8465862456954495,0.003982487722869477,0.06958767435309154,0.00665756304544074,0.10579296472071134,round1_20260927
flip,1ch,M2_byte_affine,shared,full,flip:float32:1ch:t6,float32:1ch,t6,baseline,train,147456.0,589824.0,0.9795918367346939,0.07644206440697114,1.0283598578609168,0.008167729225096319,0.08627887495132164,0.009836810544350497,0.12868321415261816,round1_20260927
flip,1ch,M2_byte_affine,shared,full,flip:float32:1ch:t7,float32:1ch,t7,baseline,train,262144.0,1048576.0,1.7414965986394557,0.1254296605475247,1.6873802257024413,0.0032731931435109984,0.11595212045928627,-0.009477540088238423,-0.07556059744455283,round1_20260927
flip,1ch,M2_byte_affine,shared,full,flip:uint8:1ch:nt0,uint8:1ch,nt0,extension,train,4096.0,4096.0,0.006802721088435374,0.04985230043530464,0.6706530623866089,0.0030868572518992494,0.04839249899025966,-0.0014598014450449837,-0.02928252923733033,round2_20260927
flip,1ch,M2_byte_affine,shared,full,flip:uint8:1ch:nt1,uint8:1ch,nt1,extension,train,20736.0,20736.0,0.03443877551020408,0.0552073175398012,0.742693040259324,0.0033957417233451822,0.049468816489153467,-0.005738501050647736,-0.103944573045242,round2_20260927
flip,1ch,M2_byte_affine,shared,full,flip:uint8:1ch:nt2,uint8:1ch,nt2,extension,train,50176.0,50176.0,0.08333333333333333,0.04786873934790492,0.6439686103938289,0.002916537786898336,0.05137307052565789,0.0035043311777529715,0.07320709142314913,round2_20260927
flip,1ch,M2_byte_affine,shared,full,flip:uint8:1ch:nt3,uint8:1ch,nt3,extension,train,102400.0,102400.0,0.17006802721088435,0.05563299870118499,0.7484196440868206,0.004146797647177228,0.05475105159910922,-0.0008819471020757655,-0.015852949196804304,round2_20260927
flip,1ch,M2_byte_affine,shared,full,flip:uint8:1ch:nt4,uint8:1ch,nt4,extension,train,200704.0,200704.0,0.3333333333333333,0.06330245329687993,0.851595288270239,0.006117374141832919,0.06110960420795879,-0.002192849088921145,-0.034640823138986095,round2_20260927
flip,1ch,M2_byte_affine,shared,full,flip:uint8:1ch:nt5,uint8:1ch,nt5,extension,train,409600.0,409600.0,0.6802721088435374,0.06906240402410428,0.9290827574678152,0.004579916299397147,0.07462152850176411,0.005559124477659827,0.08049422194627878,round2_20260927
flip,1ch,M2_byte_affine,shared,full,flip:uint8:1ch:nt6,uint8:1ch,nt6,extension,train,692224.0,692224.0,1.1496598639455782,0.08125633078937729,1.0931252240388647,0.0017865513192997671,0.0929023672522066,0.011646036462829315,0.143324665902239,round2_20260927
flip,1ch,M2_byte_affine,shared,full,flip:uint8:1ch:nt7,uint8:1ch,nt7,extension,train,1048576.0,1048576.0,1.7414965986394557,0.12306282840048273,1.6555397045287255,0.003887629362241747,0.11595212045928627,-0.007110707941196462,-0.05778111907241496,round2_20260927
flip,1ch,M3_element_prop,shared,full,flip:float32:1ch:v0,float32:1ch,v0,baseline,validation,6400.0,25600.0,0.04251700680272109,0.05711931890497605,0.768414813570587,0.009629589942612286,0.0009832089731840001,-0.05613610993179205,-0.9827867525027799,round1_20260927
flip,1ch,M3_element_prop,shared,full,flip:float32:1ch:v1,float32:1ch,v1,baseline,validation,25600.0,102400.0,0.17006802721088435,0.05584685985619823,0.7512966755835174,0.009644109593512891,0.0039328358927360006,-0.05191402396346223,-0.9295782090011367,round1_20260927
flip,1ch,M3_element_prop,shared,full,flip:float32:1ch:v2,float32:1ch,v2,baseline,validation,65536.0,262144.0,0.43537414965986393,0.06115830813844999,0.82275053077367,0.0014423902476564613,0.010068059885404162,-0.051090248253045825,-0.8353770699050058,round1_20260927
flip,1ch,M3_element_prop,shared,full,flip:float32:1ch:v3,float32:1ch,v3,baseline,validation,200704.0,802816.0,1.3333333333333333,0.08413352770730853,1.1318315807616406,0.005152623130455152,0.030833433399050248,-0.053300094308258286,-0.6335178823558137,round1_20260927
flip,1ch,M3_element_prop,shared,full,flip:uint8:1ch:nv0,uint8:1ch,nv0,extension,validation,9216.0,9216.0,0.015306122448979591,0.057008405371258654,0.7669227159061228,0.0006964759813315703,0.0014158209213849602,-0.055592584449873694,-0.9751646987463578,round2_20260927
flip,1ch,M3_element_prop,shared,full,flip:uint8:1ch:nv1,uint8:1ch,nv1,extension,validation,36864.0,36864.0,0.061224489795918366,0.048241554759442806,0.6489840218245868,0.001073265830071163,0.005663283685539841,-0.04257827107390297,-0.8826056972297041,round2_20260927
flip,1ch,M3_element_prop,shared,full,flip:uint8:1ch:nv2,uint8:1ch,nv2,extension,validation,147456.0,147456.0,0.24489795918367346,0.06052737900366386,0.8142627668651143,0.006185201214068149,0.022653134742159364,-0.0378742442615045,-0.6257373916556321,round2_20260927
flip,1ch,M3_element_prop,shared,full,flip:uint8:1ch:nv3,uint8:1ch,nv3,extension,validation,495616.0,495616.0,0.8231292517006803,0.07197162446876366,0.9682199203135006,0.0031644107749136128,0.07613970288336898,0.004168078414605314,0.05791280168220043,round2_20260927
flip,1ch,M3_element_prop,shared,full,flip:float32:1ch:t0,float32:1ch,t0,baseline,train,4096.0,16384.0,0.027210884353741496,0.052530396884928145,0.7066809601891897,0.008111700662471771,0.0006292537428377601,-0.051901143142090385,-0.988021150035927,round1_20260927
flip,1ch,M3_element_prop,shared,full,flip:float32:1ch:t1,float32:1ch,t1,baseline,train,9216.0,36864.0,0.061224489795918366,0.05313481126601497,0.7148120264005159,0.00743409794693125,0.0014158209213849602,-0.05171899034463001,-0.9733541742663435,round1_20260927
flip,1ch,M3_element_prop,shared,full,flip:float32:1ch:t2,float32:1ch,t2,baseline,train,20736.0,82944.0,0.1377551020408163,0.05694358920057615,0.7660507568795417,0.0034956939501180123,0.0031855970731161608,-0.05375799212745999,-0.9440569672927479,round1_20260927
flip,1ch,M3_element_prop,shared,full,flip:float32:1ch:t3,float32:1ch,t3,baseline,train,36864.0,147456.0,0.24489795918367346,0.06043720059096813,0.8130496146513256,0.00560238667711161,0.005663283685539841,-0.054773916905428294,-0.9062947385027266,round1_20260927
flip,1ch,M3_element_prop,shared,full,flip:float32:1ch:t4,float32:1ch,t4,baseline,train,50176.0,200704.0,0.3333333333333333,0.05926343612372875,0.7972591952002465,0.0004993461294656319,0.007708358349762562,-0.05155507777396619,-0.8699306207343557,round1_20260927
flip,1ch,M3_element_prop,shared,full,flip:float32:1ch:t5,float32:1ch,t5,baseline,train,82944.0,331776.0,0.5510204081632653,0.0629301113076508,0.8465862456954495,0.003982487722869477,0.012742388292464643,-0.05018772301518616,-0.7975152430579688,round1_20260927
flip,1ch,M3_element_prop,shared,full,flip:float32:1ch:t6,float32:1ch,t6,baseline,train,147456.0,589824.0,0.9795918367346939,0.07644206440697114,1.0283598578609168,0.008167729225096319,0.022653134742159364,-0.053788929664811774,-0.7036561621157171,round1_20260927
flip,1ch,M3_element_prop,shared,full,flip:float32:1ch:t7,float32:1ch,t7,baseline,train,262144.0,1048576.0,1.7414965986394557,0.1254296605475247,1.6873802257024413,0.0032731931435109984,0.04027223954161665,-0.08515742100590803,-0.6789257073181849,round1_20260927
flip,1ch,M3_element_prop,shared,full,flip:uint8:1ch:nt0,uint8:1ch,nt0,extension,train,4096.0,4096.0,0.006802721088435374,0.04985230043530464,0.6706530623866089,0.0030868572518992494,0.0006292537428377601,-0.04922304669246688,-0.987377638798146,round2_20260927
flip,1ch,M3_element_prop,shared,full,flip:uint8:1ch:nt1,uint8:1ch,nt1,extension,train,20736.0,20736.0,0.03443877551020408,0.0552073175398012,0.742693040259324,0.0033957417233451822,0.0031855970731161608,-0.052021720466685045,-0.9422975573696453,round2_20260927
flip,1ch,M3_element_prop,shared,full,flip:uint8:1ch:nt2,uint8:1ch,nt2,extension,train,50176.0,50176.0,0.08333333333333333,0.04786873934790492,0.6439686103938289,0.002916537786898336,0.007708358349762562,-0.040160380998142356,-0.8389688457483906,round2_20260927
flip,1ch,M3_element_prop,shared,full,flip:uint8:1ch:nt3,uint8:1ch,nt3,extension,train,102400.0,102400.0,0.17006802721088435,0.05563299870118499,0.7484196440868206,0.004146797647177228,0.015731343570944002,-0.039901655130240986,-0.7172299905054565,round2_20260927
flip,1ch,M3_element_prop,shared,full,flip:uint8:1ch:nt4,uint8:1ch,nt4,extension,train,200704.0,200704.0,0.3333333333333333,0.06330245329687993,0.851595288270239,0.006117374141832919,0.030833433399050248,-0.03246901989782969,-0.5129188239443799,round2_20260927
flip,1ch,M3_element_prop,shared,full,flip:uint8:1ch:nt5,uint8:1ch,nt5,extension,train,409600.0,409600.0,0.6802721088435374,0.06906240402410428,0.9290827574678152,0.004579916299397147,0.06292537428377601,-0.006137029740328273,-0.08886209258204096,round2_20260927
flip,1ch,M3_element_prop,shared,full,flip:uint8:1ch:nt6,uint8:1ch,nt6,extension,train,692224.0,692224.0,1.1496598639455782,0.08125633078937729,1.0931252240388647,0.0017865513192997671,0.10634388253958146,0.025087551750204176,0.3087458110215813,round2_20260927
flip,1ch,M3_element_prop,shared,full,flip:uint8:1ch:nt7,uint8:1ch,nt7,extension,train,1048576.0,1048576.0,1.7414965986394557,0.12306282840048273,1.6555397045287255,0.003887629362241747,0.1610889581664666,0.038026129765983865,0.3089976905311783,round2_20260927
flip,1ch,M4_element_affine,shared,full,flip:float32:1ch:v0,float32:1ch,v0,baseline,validation,6400.0,25600.0,0.04251700680272109,0.05711931890497605,0.768414813570587,0.009629589942612286,0.056788300709527686,-0.00033101819544836125,-0.0057952055765763694,round1_20260927
flip,1ch,M4_element_affine,shared,full,flip:float32:1ch:v1,float32:1ch,v1,baseline,validation,25600.0,102400.0,0.17006802721088435,0.05584685985619823,0.7512966755835174,0.009644109593512891,0.05794888579992031,0.00210202594372208,0.037639107178714264,round1_20260927
flip,1ch,M4_element_affine,shared,full,flip:float32:1ch:v2,float32:1ch,v2,baseline,validation,65536.0,262144.0,0.43537414965986393,0.06115830813844999,0.82275053077367,0.0014423902476564613,0.06036290278793696,-0.0007954053505130274,-0.01300567943626549,round1_20260927
flip,1ch,M4_element_affine,shared,full,flip:float32:1ch:v3,float32:1ch,v3,baseline,validation,200704.0,802816.0,1.3333333333333333,0.08413352770730853,1.1318315807616406,0.005152623130455152,0.068533421824301,-0.015600105883007531,-0.1854207984393406,round1_20260927
flip,1ch,M4_element_affine,shared,full,flip:uint8:1ch:nv0,uint8:1ch,nv0,extension,validation,9216.0,9216.0,0.015306122448979591,0.057008405371258654,0.7669227159061228,0.0006964759813315703,0.056958519856118606,-4.988551514004819e-05,-0.0008750554381441874,round2_20260927
flip,1ch,M4_element_affine,shared,full,flip:uint8:1ch:nv1,uint8:1ch,nv1,extension,validation,36864.0,36864.0,0.061224489795918366,0.048241554759442806,0.6489840218245868,0.001073265830071163,0.05862976238628398,0.010388207626841173,0.21533733061967253,round2_20260927
flip,1ch,M4_element_affine,shared,full,flip:uint8:1ch:nv2,uint8:1ch,nv2,extension,validation,147456.0,147456.0,0.24489795918367346,0.06052737900366386,0.8142627668651143,0.006185201214068149,0.06531473250694547,0.004787353503281612,0.07909401632923545,round2_20260927
flip,1ch,M4_element_affine,shared,full,flip:uint8:1ch:nv3,uint8:1ch,nv3,extension,validation,495616.0,495616.0,0.8231292517006803,0.07197162446876366,0.9682199203135006,0.0031644107749136128,0.08636000881273165,0.014388384343967983,0.1999174598346418,round2_20260927
flip,1ch,M4_element_affine,shared,full,flip:float32:1ch:t0,float32:1ch,t0,baseline,train,4096.0,16384.0,0.027210884353741496,0.052530396884928145,0.7066809601891897,0.008111700662471771,0.05664903049868057,0.004118633613752427,0.07840476862900178,round1_20260927
flip,1ch,M4_element_affine,shared,full,flip:float32:1ch:t1,float32:1ch,t1,baseline,train,9216.0,36864.0,0.061224489795918366,0.05313481126601497,0.7148120264005159,0.00743409794693125,0.056958519856118606,0.0038237085901036347,0.07196240090061784,round1_20260927
flip,1ch,M4_element_affine,shared,full,flip:float32:1ch:t2,float32:1ch,t2,baseline,train,20736.0,82944.0,0.1377551020408163,0.05694358920057615,0.7660507568795417,0.0034956939501180123,0.05765487091035418,0.0007112817097780291,0.01249098835819138,round1_20260927
flip,1ch,M4_element_affine,shared,full,flip:float32:1ch:t3,float32:1ch,t3,baseline,train,36864.0,147456.0,0.24489795918367346,0.06043720059096813,0.8130496146513256,0.00560238667711161,0.05862976238628398,-0.001807438204684153,-0.02990605433426148,round1_20260927
flip,1ch,M4_element_affine,shared,full,flip:float32:1ch:t4,float32:1ch,t4,baseline,train,50176.0,200704.0,0.3333333333333333,0.05926343612372875,0.7972591952002465,0.0004993461294656319,0.05943443471562286,0.0001709985918941087,0.002885397862133779,round1_20260927
flip,1ch,M4_element_affine,shared,full,flip:float32:1ch:t5,float32:1ch,t5,baseline,train,82944.0,331776.0,0.5510204081632653,0.0629301113076508,0.8465862456954495,0.003982487722869477,0.06141516660322627,-0.0015149447044245368,-0.024073447081927463,round1_20260927
flip,1ch,M4_element_affine,shared,full,flip:float32:1ch:t6,float32:1ch,t6,baseline,train,147456.0,589824.0,0.9795918367346939,0.07644206440697114,1.0283598578609168,0.008167729225096319,0.06531473250694547,-0.01112733190002567,-0.14556555983083722,round1_20260927
flip,1ch,M4_element_affine,shared,full,flip:float32:1ch:t7,float32:1ch,t7,baseline,train,262144.0,1048576.0,1.7414965986394557,0.1254296605475247,1.6873802257024413,0.0032731931435109984,0.07224729411355739,-0.0531823664339673,-0.42400151767784433,round1_20260927
flip,1ch,M4_element_affine,shared,full,flip:uint8:1ch:nt0,uint8:1ch,nt0,extension,train,4096.0,4096.0,0.006802721088435374,0.04985230043530464,0.6706530623866089,0.0030868572518992494,0.05664903049868057,0.00679673006337593,0.1363373405846401,round2_20260927
flip,1ch,M4_element_affine,shared,full,flip:uint8:1ch:nt1,uint8:1ch,nt1,extension,train,20736.0,20736.0,0.03443877551020408,0.0552073175398012,0.742693040259324,0.0033957417233451822,0.05765487091035418,0.0024475533705529753,0.04433385789462483,round2_20260927
flip,1ch,M4_element_affine,shared,full,flip:uint8:1ch:nt2,uint8:1ch,nt2,extension,train,50176.0,50176.0,0.08333333333333333,0.04786873934790492,0.6439686103938289,0.002916537786898336,0.05943443471562286,0.01156569536771794,0.24161270017285588,round2_20260927
flip,1ch,M4_element_affine,shared,full,flip:uint8:1ch:nt3,uint8:1ch,nt3,extension,train,102400.0,102400.0,0.17006802721088435,0.05563299870118499,0.7484196440868206,0.004146797647177228,0.06259122616149079,0.006958227460305805,0.12507374440985497,round2_20260927
flip,1ch,M4_element_affine,shared,full,flip:uint8:1ch:nt4,uint8:1ch,nt4,extension,train,200704.0,200704.0,0.3333333333333333,0.06330245329687993,0.851595288270239,0.006117374141832919,0.068533421824301,0.005230968527421068,0.0826345308117607,round2_20260927
flip,1ch,M4_element_affine,shared,full,flip:uint8:1ch:nt5,uint8:1ch,nt5,extension,train,409600.0,409600.0,0.6802721088435374,0.06906240402410428,0.9290827574678152,0.004579916299397147,0.08116058760777271,0.012098183583668431,0.1751775623021449,round2_20260927
flip,1ch,M4_element_affine,shared,full,flip:uint8:1ch:nt6,uint8:1ch,nt6,extension,train,692224.0,692224.0,1.1496598639455782,0.08125633078937729,1.0931252240388647,0.0017865513192997671,0.09824440013835209,0.016988069348974802,0.2090676404403393,round2_20260927
flip,1ch,M4_element_affine,shared,full,flip:uint8:1ch:nt7,uint8:1ch,nt7,extension,train,1048576.0,1048576.0,1.7414965986394557,0.12306282840048273,1.6555397045287255,0.003887629362241747,0.11978485941603911,-0.003277968984443616,-0.02663654839604481,round2_20260927
flip,1ch,M5_repr_element_affine,float32:1ch,full,flip:float32:1ch:v0,float32:1ch,v0,baseline,validation,6400.0,25600.0,0.04251700680272109,0.05711931890497605,0.768414813570587,0.009629589942612286,0.04975474182216866,-0.00736457708280739,-0.12893320900865665,round1_20260927
flip,1ch,M5_repr_element_affine,float32:1ch,full,flip:float32:1ch:v1,float32:1ch,v1,baseline,validation,25600.0,102400.0,0.17006802721088435,0.05584685985619823,0.7512966755835174,0.009644109593512891,0.054843726884219644,-0.0010031329719785848,-0.01796220905815622,round1_20260927
flip,1ch,M5_repr_element_affine,float32:1ch,full,flip:float32:1ch:v2,float32:1ch,v2,baseline,validation,65536.0,262144.0,0.43537414965986393,0.06115830813844999,0.82275053077367,0.0014423902476564613,0.06542881581328569,0.004270507674835701,0.06982710615813863,round1_20260927
flip,1ch,M5_repr_element_affine,float32:1ch,full,flip:float32:1ch:v3,float32:1ch,v3,baseline,validation,200704.0,802816.0,1.3333333333333333,0.08413352770730853,1.1318315807616406,0.005152623130455152,0.10125527065012462,0.017121742942816084,0.20350677559106736,round1_20260927
flip,1ch,M5_repr_element_affine,float32:1ch,full,flip:float32:1ch:t0,float32:1ch,t0,baseline,train,4096.0,16384.0,0.027210884353741496,0.052530396884928145,0.7066809601891897,0.008111700662471771,0.04914406361472254,-0.003386333270205606,-0.0644642620466704,round1_20260927
flip,1ch,M5_repr_element_affine,float32:1ch,full,flip:float32:1ch:t1,float32:1ch,t1,baseline,train,9216.0,36864.0,0.061224489795918366,0.05313481126601497,0.7148120264005159,0.00743409794693125,0.050501126297936134,-0.0026336849680788366,-0.04956609246043077,round1_20260927
flip,1ch,M5_repr_element_affine,float32:1ch,full,flip:float32:1ch:t2,float32:1ch,t2,baseline,train,20736.0,82944.0,0.1377551020408163,0.05694358920057615,0.7660507568795417,0.0034956939501180123,0.053554517335166724,-0.003389071865409425,-0.05951630223855181,round1_20260927
flip,1ch,M5_repr_element_affine,float32:1ch,full,flip:float32:1ch:t3,float32:1ch,t3,baseline,train,36864.0,147456.0,0.24489795918367346,0.06043720059096813,0.8130496146513256,0.00560238667711161,0.05782926478728956,-0.002607935803678574,-0.043151168124559186,round1_20260927
flip,1ch,M5_repr_element_affine,float32:1ch,full,flip:float32:1ch:t4,float32:1ch,t4,baseline,train,50176.0,200704.0,0.3333333333333333,0.05926343612372875,0.7972591952002465,0.0004993461294656319,0.0613576277636449,0.00209419163991615,0.03533699321018018,round1_20260927
flip,1ch,M5_repr_element_affine,float32:1ch,full,flip:float32:1ch:t5,float32:1ch,t5,baseline,train,82944.0,331776.0,0.5510204081632653,0.0629301113076508,0.8465862456954495,0.003982487722869477,0.07004282893621191,0.0071127176285611105,0.11302566419736132,round1_20260927
flip,1ch,M5_repr_element_affine,float32:1ch,full,flip:float32:1ch:t6,float32:1ch,t6,baseline,train,147456.0,589824.0,0.9795918367346939,0.07644206440697114,1.0283598578609168,0.008167729225096319,0.08714181874470323,0.010699754337732084,0.13997207454743096,round1_20260927
flip,1ch,M5_repr_element_affine,float32:1ch,full,flip:float32:1ch:t7,float32:1ch,t7,baseline,train,262144.0,1048576.0,1.7414965986394557,0.1254296605475247,1.6873802257024413,0.0032731931435109984,0.11754002284868777,-0.007889637698836924,-0.06290089333254296,round1_20260927
flip,1ch,M5_repr_element_affine,uint8:1ch,full,flip:uint8:1ch:nv0,uint8:1ch,nv0,extension,validation,9216.0,9216.0,0.015306122448979591,0.057008405371258654,0.7669227159061228,0.0006964759813315703,0.04872235996913895,-0.008286045402119704,-0.145347784211084,round2_20260927
flip,1ch,M5_repr_element_affine,uint8:1ch,full,flip:uint8:1ch:nv1,uint8:1ch,nv1,extension,validation,36864.0,36864.0,0.061224489795918366,0.048241554759442806,0.6489840218245868,0.001073265830071163,0.05047336437214743,0.0022318096127046244,0.04626321899933728,round2_20260927
flip,1ch,M5_repr_element_affine,uint8:1ch,full,flip:uint8:1ch:nv2,uint8:1ch,nv2,extension,validation,147456.0,147456.0,0.24489795918367346,0.06052737900366386,0.8142627668651143,0.006185201214068149,0.05747738198418133,-0.0030499970194825324,-0.050390369939823584,round2_20260927
flip,1ch,M5_repr_element_affine,uint8:1ch,full,flip:uint8:1ch:nv3,uint8:1ch,nv3,extension,validation,495616.0,495616.0,0.8231292517006803,0.07197162446876366,0.9682199203135006,0.0031644107749136128,0.07952706705910287,0.007555442590339204,0.10497807498590411,round2_20260927
flip,1ch,M5_repr_element_affine,uint8:1ch,full,flip:uint8:1ch:nt0,uint8:1ch,nt0,extension,train,4096.0,4096.0,0.006802721088435374,0.04985230043530464,0.6706530623866089,0.0030868572518992494,0.04839809989450775,-0.0014542005407968892,-0.029170179271547646,round2_20260927
flip,1ch,M5_repr_element_affine,uint8:1ch,full,flip:uint8:1ch:nt1,uint8:1ch,nt1,extension,train,20736.0,20736.0,0.03443877551020408,0.0552073175398012,0.742693040259324,0.0033957417233451822,0.04945194513705915,-0.00575537240274205,-0.10425017297014598,round2_20260927
flip,1ch,M5_repr_element_affine,uint8:1ch,full,flip:uint8:1ch:nt2,uint8:1ch,nt2,extension,train,50176.0,50176.0,0.08333333333333333,0.04786873934790492,0.6439686103938289,0.002916537786898336,0.051316440566188545,0.0034477012182836247,0.07202406550183196,round2_20260927
flip,1ch,M5_repr_element_affine,uint8:1ch,full,flip:uint8:1ch:nt3,uint8:1ch,nt3,extension,train,102400.0,102400.0,0.17006802721088435,0.05563299870118499,0.7484196440868206,0.004146797647177228,0.05462389332742677,-0.001009105373758215,-0.01813861192667871,round2_20260927
flip,1ch,M5_repr_element_affine,uint8:1ch,full,flip:uint8:1ch:nt4,uint8:1ch,nt4,extension,train,200704.0,200704.0,0.3333333333333333,0.06330245329687993,0.851595288270239,0.006117374141832919,0.0608496867603458,-0.0024527665365341317,-0.03874678482097667,round2_20260927
flip,1ch,M5_repr_element_affine,uint8:1ch,full,flip:uint8:1ch:nt5,uint8:1ch,nt5,extension,train,409600.0,409600.0,0.6802721088435374,0.06906240402410428,0.9290827574678152,0.004579916299397147,0.07407949780529872,0.005017093781194443,0.07264580276474836,round2_20260927
flip,1ch,M5_repr_element_affine,uint8:1ch,full,flip:uint8:1ch:nt6,uint8:1ch,nt6,extension,train,692224.0,692224.0,1.1496598639455782,0.08125633078937729,1.0931252240388647,0.0017865513192997671,0.09197865392494092,0.010722323135563636,0.1319567722465432,round2_20260927
flip,1ch,M5_repr_element_affine,uint8:1ch,full,flip:uint8:1ch:nt7,uint8:1ch,nt7,extension,train,1048576.0,1048576.0,1.7414965986394557,0.12306282840048273,1.6555397045287255,0.003887629362241747,0.11454715511927238,-0.008515673281210348,-0.06919776988627171,round2_20260927
flip,3ch,M1_byte_prop_anchored,shared,full,flip:float32:3ch:v0,float32:3ch,v0,baseline,validation,19200.0,76800.0,0.12755102040816327,0.05473555065691471,0.7363464544051566,0.002212117405571379,0.009481372928633323,-0.045254177728281386,-0.8267785230103363,round1_20260927
flip,3ch,M1_byte_prop_anchored,shared,full,flip:float32:3ch:v1,float32:3ch,v1,baseline,validation,76800.0,307200.0,0.5102040816326531,0.06642836689328153,0.8936475809002102,0.008710521812716613,0.03792549171453329,-0.028502875178748242,-0.42907686146399876,round1_20260927
flip,3ch,M1_byte_prop_anchored,shared,full,flip:float32:3ch:v2,float32:3ch,v2,baseline,validation,196608.0,786432.0,1.3061224489795917,0.08053883444517851,1.0834728887145888,0.004384765547060833,0.09708925878920521,0.016550424344026704,0.20549619892118395,round1_20260927
flip,3ch,M1_byte_prop_anchored,shared,full,flip:float32:3ch:v3,float32:3ch,v3,baseline,validation,602112.0,2408448.0,4.0,0.21744758977244297,2.9252790887499347,0.007247933807891709,0.297335855041941,0.07988826526949802,0.36739089797730295,round1_20260927
flip,3ch,M1_byte_prop_anchored,shared,full,flip:uint8:3ch:v0,uint8:3ch,v0,baseline,validation,19200.0,19200.0,0.03188775510204082,0.05165725170324246,0.6949347120744103,0.008519342118599983,0.0023703432321583308,-0.04928690847108413,-0.9541140274791361,round1_20260927
flip,3ch,M1_byte_prop_anchored,shared,full,flip:uint8:3ch:v1,uint8:3ch,v1,baseline,validation,76800.0,76800.0,0.12755102040816327,0.05919593386352062,0.7963511007466043,0.00258115561364921,0.009481372928633323,-0.0497145609348873,-0.8398306723145355,round1_20260927
flip,3ch,M1_byte_prop_anchored,shared,full,flip:uint8:3ch:v2,uint8:3ch,v2,baseline,validation,196608.0,196608.0,0.32653061224489793,0.05973581845561663,0.803614060567173,0.006790235778120782,0.024272314697301303,-0.03546350375831533,-0.5936723506126312,round1_20260927
flip,3ch,M1_byte_prop_anchored,shared,full,flip:uint8:3ch:v3,uint8:3ch,v3,baseline,validation,602112.0,602112.0,1.0,0.0753945461474359,1.0142678034817032,0.0056952451001949225,0.07433396376048525,-0.0010605823869506564,-0.014067096907469425,round1_20260927
flip,3ch,M1_byte_prop_anchored,shared,full,flip:float32:3ch:t0,float32:3ch,t0,baseline,train,12288.0,49152.0,0.08163265306122448,0.0625793884197871,0.8418680405827262,0.004340101892442544,0.006068078674325326,-0.05651130974546177,-0.9030339089666359,round1_20260927
flip,3ch,M1_byte_prop_anchored,shared,full,flip:float32:3ch:t1,float32:3ch,t1,baseline,train,27648.0,110592.0,0.1836734693877551,0.05611162167042494,0.7548584635043097,0.010270325719812321,0.013653177017231986,-0.042458444653192956,-0.7566782671613956,round1_20260927
flip,3ch,M1_byte_prop_anchored,shared,full,flip:float32:3ch:t2,float32:3ch,t2,baseline,train,62208.0,248832.0,0.413265306122449,0.06951229336361091,0.9351350290910027,0.0038115550135201285,0.030719648288771967,-0.03879264507483894,-0.5580688421819004,round1_20260927
flip,3ch,M1_byte_prop_anchored,shared,full,flip:float32:3ch:t3,float32:3ch,t3,baseline,train,110592.0,442368.0,0.7346938775510204,0.07433308754116297,0.9999882123960845,0.006165741106556363,0.05461270806892794,-0.019720379472235025,-0.26529746206646665,round1_20260927
flip,3ch,M1_byte_prop_anchored,shared,full,flip:float32:3ch:t4,float32:3ch,t4,baseline+control,train,150528.0,602112.0,1.0,0.0739065813831985,0.9942505100540066,0.003451750688075251,0.07433396376048525,0.00042738237728674744,0.005782737738481111,"round1_20260927,round2_20260927"
flip,3ch,M1_byte_prop_anchored,shared,full,flip:float32:3ch:t5,float32:3ch,t5,baseline,train,248832.0,995328.0,1.653061224489796,0.11657052440568805,1.5682000327776828,0.0032934199197008586,0.12287859315508787,0.00630806874939982,0.0541137545838476,round1_20260927
flip,3ch,M1_byte_prop_anchored,shared,full,flip:float32:3ch:t6,float32:3ch,t6,baseline,train,442368.0,1769472.0,2.938775510204082,0.1695980931011339,2.2815693462493596,0.008464486448896708,0.21845083227571177,0.04885273917457786,0.288050049863746,round1_20260927
flip,3ch,M1_byte_prop_anchored,shared,full,flip:float32:3ch:t7,float32:3ch,t7,baseline,train,786432.0,3145728.0,5.224489795918367,0.27927534965177375,3.7570356203745465,0.0040724922165824625,0.38835703515682085,0.1090816855050471,0.390588305201516,round1_20260927
flip,3ch,M1_byte_prop_anchored,shared,full,flip:uint8:3ch:t0,uint8:3ch,t0,baseline,train,12288.0,12288.0,0.02040816326530612,0.050747012719511986,0.6826894484333726,0.002705753533001747,0.0015170196685813314,-0.049229993050930655,-0.9701062271987088,round1_20260927
flip,3ch,M1_byte_prop_anchored,shared,full,flip:uint8:3ch:t1,uint8:3ch,t1,baseline,train,27648.0,27648.0,0.04591836734693878,0.0531687851374348,0.7152690701218665,0.00248608357529937,0.0034132942543079964,-0.04975549088312681,-0.9358026660664702,round1_20260927
flip,3ch,M1_byte_prop_anchored,shared,full,flip:uint8:3ch:t2,uint8:3ch,t2,baseline,train,62208.0,62208.0,0.10331632653061225,0.061035536540051304,0.8210989089283145,0.005435895607484682,0.007679912072192992,-0.05335562446785831,-0.8741731045953293,round1_20260927
flip,3ch,M1_byte_prop_anchored,shared,full,flip:uint8:3ch:t3,uint8:3ch,t3,baseline,train,110592.0,110592.0,0.1836734693877551,0.055999443866312504,0.7533493578621852,0.006032443472422505,0.013653177017231986,-0.04234626684908052,-0.7561908462907915,round1_20260927
flip,3ch,M1_byte_prop_anchored,shared,full,flip:uint8:3ch:t4,uint8:3ch,t4,baseline,train,150528.0,150528.0,0.25,0.05955992188925544,0.8012477591154173,0.0049477364536163575,0.018583490940121312,-0.04097643094913413,-0.6879866468818563,round1_20260927
flip,3ch,M1_byte_prop_anchored,shared,full,flip:uint8:3ch:t5,uint8:3ch,t5,baseline,train,248832.0,248832.0,0.413265306122449,0.06771777523681521,0.910993734371702,0.00867821226124482,0.030719648288771967,-0.03699812694804325,-0.5463576855361452,round1_20260927
flip,3ch,M1_byte_prop_anchored,shared,full,flip:uint8:3ch:t6,uint8:3ch,t6,baseline,train,442368.0,442368.0,0.7346938775510204,0.06769450459008415,0.9106806789989783,0.003913910739592923,0.05461270806892794,-0.013081796521156208,-0.19324754055549173,round1_20260927
flip,3ch,M1_byte_prop_anchored,shared,full,flip:uint8:3ch:t7,uint8:3ch,t7,baseline,train,786432.0,786432.0,1.3061224489795917,0.08555895105625193,1.1510075169936478,0.008315036062580357,0.09708925878920521,0.011530307732953285,0.13476448215654868,round1_20260927
flip,3ch,M2_byte_affine,shared,full,flip:float32:3ch:v0,float32:3ch,v0,baseline,validation,19200.0,76800.0,0.12755102040816327,0.05473555065691471,0.7363464544051566,0.002212117405571379,0.052461655239712184,-0.0022738954172025275,-0.041543300284954156,round1_20260927
flip,3ch,M2_byte_affine,shared,full,flip:float32:3ch:v1,float32:3ch,v1,baseline,validation,76800.0,307200.0,0.5102040816326531,0.06642836689328153,0.8936475809002102,0.008710521812716613,0.06875387632985477,0.0023255094365732393,0.03500777672751184,round1_20260927
flip,3ch,M2_byte_affine,shared,full,flip:float32:3ch:v2,float32:3ch,v2,baseline,validation,196608.0,786432.0,1.3061224489795917,0.08053883444517851,1.0834728887145888,0.004384765547060833,0.10264169619735136,0.022102861752172853,0.27443731839970836,round1_20260927
flip,3ch,M2_byte_affine,shared,full,flip:float32:3ch:v3,float32:3ch,v3,baseline,validation,602112.0,2408448.0,4.0,0.21744758977244297,2.9252790887499347,0.007247933807891709,0.2173389326719552,-0.000108657100487769,-0.0004996932851795585,round1_20260927
flip,3ch,M2_byte_affine,shared,full,flip:uint8:3ch:v0,uint8:3ch,v0,baseline,validation,19200.0,19200.0,0.03188775510204082,0.05165725170324246,0.6949347120744103,0.008519342118599983,0.04838859996717654,-0.003268651736065921,-0.0632757575808229,round1_20260927
flip,3ch,M2_byte_affine,shared,full,flip:uint8:3ch:v1,uint8:3ch,v1,baseline,validation,76800.0,76800.0,0.12755102040816327,0.05919593386352062,0.7963511007466043,0.00258115561364921,0.052461655239712184,-0.006734278623808439,-0.11376252023212738,round1_20260927
flip,3ch,M2_byte_affine,shared,full,flip:uint8:3ch:v2,uint8:3ch,v2,baseline,validation,196608.0,196608.0,0.32653061224489793,0.05973581845561663,0.803614060567173,0.006790235778120782,0.06093361020658633,0.0011977917509696998,0.020051483045463787,round1_20260927
flip,3ch,M2_byte_affine,shared,full,flip:uint8:3ch:v3,uint8:3ch,v3,baseline,validation,602112.0,602112.0,1.0,0.0753945461474359,1.0142678034817032,0.0056952451001949225,0.08960791932523729,0.014213373177801386,0.1885199116393218,round1_20260927
flip,3ch,M2_byte_affine,shared,full,flip:float32:3ch:t0,float32:3ch,t0,baseline,train,12288.0,49152.0,0.08163265306122448,0.0625793884197871,0.8418680405827262,0.004340101892442544,0.05050658870889507,-0.012072799710892021,-0.19291974587394178,round1_20260927
flip,3ch,M2_byte_affine,shared,full,flip:float32:3ch:t1,float32:3ch,t1,baseline,train,27648.0,110592.0,0.1836734693877551,0.05611162167042494,0.7548584635043097,0.010270325719812321,0.05485118099959976,-0.0012604406708251747,-0.02246309469058746,round1_20260927
flip,3ch,M2_byte_affine,shared,full,flip:float32:3ch:t2,float32:3ch,t2,baseline,train,62208.0,248832.0,0.413265306122449,0.06951229336361091,0.9351350290910027,0.0038115550135201285,0.06462651365368532,-0.004885779709925583,-0.07028655614005748,round1_20260927
flip,3ch,M2_byte_affine,shared,full,flip:float32:3ch:t3,float32:3ch,t3,baseline,train,110592.0,442368.0,0.7346938775510204,0.07433308754116297,0.9999882123960845,0.006165741106556363,0.0783119793694051,0.003978891828242126,0.05352786975300548,round1_20260927
flip,3ch,M2_byte_affine,shared,full,flip:float32:3ch:t4,float32:3ch,t4,baseline+control,train,150528.0,602112.0,1.0,0.0739065813831985,0.9942505100540066,0.003451750688075251,0.08960791932523729,0.01570133794203879,0.21244844029016666,"round1_20260927,round2_20260927"
flip,3ch,M2_byte_affine,shared,full,flip:float32:3ch:t5,float32:3ch,t5,baseline,train,248832.0,995328.0,1.653061224489796,0.11657052440568805,1.5682000327776828,0.0032934199197008586,0.11741330998574731,0.0008427855800592632,0.0072298343372481175,round1_20260927
flip,3ch,M2_byte_affine,shared,full,flip:float32:3ch:t6,float32:3ch,t6,baseline,train,442368.0,1769472.0,2.938775510204082,0.1695980931011339,2.2815693462493596,0.008464486448896708,0.17215517284862641,0.0025570797474925022,0.015077290674298307,round1_20260927
flip,3ch,M2_byte_affine,shared,full,flip:float32:3ch:t7,float32:3ch,t7,baseline,train,786432.0,3145728.0,5.224489795918367,0.27927534965177375,3.7570356203745465,0.0040724922165824625,0.2694740401604115,-0.009801309491362264,-0.03509550521943108,round1_20260927
flip,3ch,M2_byte_affine,shared,full,flip:uint8:3ch:t0,uint8:3ch,t0,baseline,train,12288.0,12288.0,0.02040816326530612,0.050747012719511986,0.6826894484333726,0.002705753533001747,0.04789983333447226,-0.0028471793850397276,-0.05610535935931063,round1_20260927
flip,3ch,M2_byte_affine,shared,full,flip:uint8:3ch:t1,uint8:3ch,t1,baseline,train,27648.0,27648.0,0.04591836734693878,0.0531687851374348,0.7152690701218665,0.00248608357529937,0.04898598140714843,-0.004182803730286372,-0.07867028970991788,round1_20260927
flip,3ch,M2_byte_affine,shared,full,flip:uint8:3ch:t2,uint8:3ch,t2,baseline,train,62208.0,62208.0,0.10331632653061225,0.061035536540051304,0.8210989089283145,0.005435895607484682,0.05142981457066982,-0.009605721969381482,-0.15737916816833816,round1_20260927
flip,3ch,M2_byte_affine,shared,full,flip:uint8:3ch:t3,uint8:3ch,t3,baseline,train,110592.0,110592.0,0.1836734693877551,0.055999443866312504,0.7533493578621852,0.006032443472422505,0.05485118099959976,-0.0011482628667127404,-0.020504897681733927,round1_20260927
flip,3ch,M2_byte_affine,shared,full,flip:uint8:3ch:t4,uint8:3ch,t4,baseline,train,150528.0,150528.0,0.25,0.05955992188925544,0.8012477591154173,0.0049477364536163575,0.05767516598855781,-0.0018847559006976294,-0.03164470067979787,round1_20260927
flip,3ch,M2_byte_affine,shared,full,flip:uint8:3ch:t5,uint8:3ch,t5,baseline,train,248832.0,248832.0,0.413265306122449,0.06771777523681521,0.910993734371702,0.00867821226124482,0.06462651365368532,-0.0030912615831298895,-0.045649189925680025,round1_20260927
flip,3ch,M2_byte_affine,shared,full,flip:uint8:3ch:t6,uint8:3ch,t6,baseline,train,442368.0,442368.0,0.7346938775510204,0.06769450459008415,0.9106806789989783,0.003913910739592923,0.0783119793694051,0.010617474779320943,0.15684396899886885,round1_20260927
flip,3ch,M2_byte_affine,shared,full,flip:uint8:3ch:t7,uint8:3ch,t7,baseline,train,786432.0,786432.0,1.3061224489795917,0.08555895105625193,1.1510075169936478,0.008315036062580357,0.10264169619735136,0.017082745141099434,0.19966052564001333,round1_20260927
flip,3ch,M3_element_prop,shared,full,flip:float32:3ch:v0,float32:3ch,v0,baseline,validation,19200.0,76800.0,0.12755102040816327,0.05473555065691471,0.7363464544051566,0.002212117405571379,0.005082056918079278,-0.04965349373883543,-0.9071525387597928,round1_20260927
flip,3ch,M3_element_prop,shared,full,flip:float32:3ch:v1,float32:3ch,v1,baseline,validation,76800.0,307200.0,0.5102040816326531,0.06642836689328153,0.8936475809002102,0.008710521812716613,0.020328227672317113,-0.046100139220964426,-0.6939827272138904,round1_20260927
flip,3ch,M3_element_prop,shared,full,flip:float32:3ch:v2,float32:3ch,v2,baseline,validation,196608.0,786432.0,1.3061224489795917,0.08053883444517851,1.0834728887145888,0.004384765547060833,0.05204026284113181,-0.028498571604046702,-0.35384882088708675,round1_20260927
flip,3ch,M3_element_prop,shared,full,flip:float32:3ch:v3,float32:3ch,v3,baseline,validation,602112.0,2408448.0,4.0,0.21744758977244297,2.9252790887499347,0.007247933807891709,0.15937330495096616,-0.05807428482147681,-0.26707256163313214,round1_20260927
flip,3ch,M3_element_prop,shared,full,flip:uint8:3ch:v0,uint8:3ch,v0,baseline,validation,19200.0,19200.0,0.03188775510204082,0.05165725170324246,0.6949347120744103,0.008519342118599983,0.005082056918079278,-0.04657519478516318,-0.9016196806737923,round1_20260927
flip,3ch,M3_element_prop,shared,full,flip:uint8:3ch:v1,uint8:3ch,v1,baseline,validation,76800.0,76800.0,0.12755102040816327,0.05919593386352062,0.7963511007466043,0.00258115561364921,0.020328227672317113,-0.03886770619120351,-0.656594189067362,round1_20260927
flip,3ch,M3_element_prop,shared,full,flip:uint8:3ch:v2,uint8:3ch,v2,baseline,validation,196608.0,196608.0,0.32653061224489793,0.05973581845561663,0.803614060567173,0.006790235778120782,0.05204026284113181,-0.007695555614484824,-0.12882648657777374,round1_20260927
flip,3ch,M3_element_prop,shared,full,flip:uint8:3ch:v3,uint8:3ch,v3,baseline,validation,602112.0,602112.0,1.0,0.0753945461474359,1.0142678034817032,0.0056952451001949225,0.15937330495096616,0.08397875880353026,1.1138572097682995,round1_20260927
flip,3ch,M3_element_prop,shared,full,flip:float32:3ch:t0,float32:3ch,t0,baseline,train,12288.0,49152.0,0.08163265306122448,0.0625793884197871,0.8418680405827262,0.004340101892442544,0.003252516427570738,-0.059326871992216354,-0.9480257556089775,round1_20260927
flip,3ch,M3_element_prop,shared,full,flip:float32:3ch:t1,float32:3ch,t1,baseline,train,27648.0,110592.0,0.1836734693877551,0.05611162167042494,0.7548584635043097,0.010270325719812321,0.007318161962034161,-0.048793459708390774,-0.869578498282979,round1_20260927
flip,3ch,M3_element_prop,shared,full,flip:float32:3ch:t2,float32:3ch,t2,baseline,train,62208.0,248832.0,0.413265306122449,0.06951229336361091,0.9351350290910027,0.0038115550135201285,0.01646586441457686,-0.05304642894903405,-0.7631229870600615,round1_20260927
flip,3ch,M3_element_prop,shared,full,flip:float32:3ch:t3,float32:3ch,t3,baseline,train,110592.0,442368.0,0.7346938775510204,0.07433308754116297,0.9999882123960845,0.006165741106556363,0.029272647848136643,-0.045060439693026325,-0.6061962604213567,round1_20260927
flip,3ch,M3_element_prop,shared,full,flip:float32:3ch:t4,float32:3ch,t4,baseline+control,train,150528.0,602112.0,1.0,0.0739065813831985,0.9942505100540066,0.003451750688075251,0.03984332623774154,-0.03406325514545696,-0.4608961002923713,"round1_20260927,round2_20260927"
flip,3ch,M3_element_prop,shared,full,flip:float32:3ch:t5,float32:3ch,t5,baseline,train,248832.0,995328.0,1.653061224489796,0.11657052440568805,1.5682000327776828,0.0032934199197008586,0.06586345765830744,-0.05070706674738061,-0.4349904661225524,round1_20260927
flip,3ch,M3_element_prop,shared,full,flip:float32:3ch:t6,float32:3ch,t6,baseline,train,442368.0,1769472.0,2.938775510204082,0.1695980931011339,2.2815693462493596,0.008464486448896708,0.11709059139254657,-0.05250750170858734,-0.3095995995501926,round1_20260927
flip,3ch,M3_element_prop,shared,full,flip:float32:3ch:t7,float32:3ch,t7,baseline,train,786432.0,3145728.0,5.224489795918367,0.27927534965177375,3.7570356203745465,0.0040724922165824625,0.20816105136452723,-0.07111429828724652,-0.2546386509798247,round1_20260927
flip,3ch,M3_element_prop,shared,full,flip:uint8:3ch:t0,uint8:3ch,t0,baseline,train,12288.0,12288.0,0.02040816326530612,0.050747012719511986,0.6826894484333726,0.002705753533001747,0.003252516427570738,-0.047494496291941246,-0.9359072336819511,round1_20260927
flip,3ch,M3_element_prop,shared,full,flip:uint8:3ch:t1,uint8:3ch,t1,baseline,train,27648.0,27648.0,0.04591836734693878,0.0531687851374348,0.7152690701218665,0.00248608357529937,0.007318161962034161,-0.045850623175400645,-0.8623598048532122,round1_20260927
flip,3ch,M3_element_prop,shared,full,flip:uint8:3ch:t2,uint8:3ch,t2,baseline,train,62208.0,62208.0,0.10331632653061225,0.061035536540051304,0.8210989089283145,0.005435895607484682,0.01646586441457686,-0.04456967212547444,-0.7302249583114253,round1_20260927
flip,3ch,M3_element_prop,shared,full,flip:uint8:3ch:t3,uint8:3ch,t3,baseline,train,110592.0,110592.0,0.1836734693877551,0.055999443866312504,0.7533493578621852,0.006032443472422505,0.029272647848136643,-0.02672679601817586,-0.4772689543485602,round1_20260927
flip,3ch,M3_element_prop,shared,full,flip:uint8:3ch:t4,uint8:3ch,t4,baseline,train,150528.0,150528.0,0.25,0.05955992188925544,0.8012477591154173,0.0049477364536163575,0.03984332623774154,-0.019716595651513902,-0.3310379702675661,round1_20260927
flip,3ch,M3_element_prop,shared,full,flip:uint8:3ch:t5,uint8:3ch,t5,baseline,train,248832.0,248832.0,0.413265306122449,0.06771777523681521,0.910993734371702,0.00867821226124482,0.06586345765830744,-0.0018543175785077776,-0.02738302568303611,round1_20260927
flip,3ch,M3_element_prop,shared,full,flip:uint8:3ch:t6,uint8:3ch,t6,baseline,train,442368.0,442368.0,0.7346938775510204,0.06769450459008415,0.9106806789989783,0.003913910739592923,0.11709059139254657,0.04939608680246242,0.7296912371480436,round1_20260927
flip,3ch,M3_element_prop,shared,full,flip:uint8:3ch:t7,uint8:3ch,t7,baseline,train,786432.0,786432.0,1.3061224489795917,0.08555895105625193,1.1510075169936478,0.008315036062580357,0.20816105136452723,0.1226021003082753,1.4329546914111748,round1_20260927
flip,3ch,M4_element_affine,shared,full,flip:float32:3ch:v0,float32:3ch,v0,baseline,validation,19200.0,76800.0,0.12755102040816327,0.05473555065691471,0.7363464544051566,0.002212117405571379,0.05302912058971679,-0.0017064300671979227,-0.031175900246147435,round1_20260927
flip,3ch,M4_element_affine,shared,full,flip:float32:3ch:v1,float32:3ch,v1,baseline,validation,76800.0,307200.0,0.5102040816326531,0.06642836689328153,0.8936475809002102,0.008710521812716613,0.0625006091161795,-0.0039277577771020394,-0.05912771848526788,round1_20260927
flip,3ch,M4_element_affine,shared,full,flip:float32:3ch:v2,float32:3ch,v2,baseline,validation,196608.0,786432.0,1.3061224489795917,0.08053883444517851,1.0834728887145888,0.004384765547060833,0.08220130525122193,0.0016624708060434257,0.020641853305873738,round1_20260927
flip,3ch,M4_element_affine,shared,full,flip:float32:3ch:v3,float32:3ch,v3,baseline,validation,602112.0,2408448.0,4.0,0.21744758977244297,2.9252790887499347,0.007247933807891709,0.14888058447751942,-0.06856700529492354,-0.31532658222001136,round1_20260927
flip,3ch,M4_element_affine,shared,full,flip:uint8:3ch:v0,uint8:3ch,v0,baseline,validation,19200.0,19200.0,0.03188775510204082,0.05165725170324246,0.6949347120744103,0.008519342118599983,0.05302912058971679,0.0013718688864743298,0.026557140406062666,round1_20260927
flip,3ch,M4_element_affine,shared,full,flip:uint8:3ch:v1,uint8:3ch,v1,baseline,validation,76800.0,76800.0,0.12755102040816327,0.05919593386352062,0.7963511007466043,0.00258115561364921,0.0625006091161795,0.003304675252658873,0.055826051503435656,round1_20260927
flip,3ch,M4_element_affine,shared,full,flip:uint8:3ch:v2,uint8:3ch,v2,baseline,validation,196608.0,196608.0,0.32653061224489793,0.05973581845561663,0.803614060567173,0.006790235778120782,0.08220130525122193,0.022465486795605304,0.37608067280934687,round1_20260927
flip,3ch,M4_element_affine,shared,full,flip:uint8:3ch:v3,uint8:3ch,v3,baseline,validation,602112.0,602112.0,1.0,0.0753945461474359,1.0142678034817032,0.0056952451001949225,0.14888058447751942,0.07348603833008352,0.9746863942436864,round1_20260927
flip,3ch,M4_element_affine,shared,full,flip:float32:3ch:t0,float32:3ch,t0,baseline,train,12288.0,49152.0,0.08163265306122448,0.0625793884197871,0.8418680405827262,0.004340101892442544,0.051892541966541264,-0.01068684645324583,-0.17077262535002236,round1_20260927
flip,3ch,M4_element_affine,shared,full,flip:float32:3ch:t1,float32:3ch,t1,baseline,train,27648.0,110592.0,0.1836734693877551,0.05611162167042494,0.7548584635043097,0.010270325719812321,0.05441827224026466,-0.0016933494301602792,-0.030178230101889966,round1_20260927
flip,3ch,M4_element_affine,shared,full,flip:float32:3ch:t2,float32:3ch,t2,baseline,train,62208.0,248832.0,0.413265306122449,0.06951229336361091,0.9351350290910027,0.0038115550135201285,0.06010116535614228,-0.009411128007468628,-0.13538796595646882,round1_20260927
flip,3ch,M4_element_affine,shared,full,flip:float32:3ch:t3,float32:3ch,t3,baseline,train,110592.0,442368.0,0.7346938775510204,0.07433308754116297,0.9999882123960845,0.006165741106556363,0.06805721571837096,-0.0062758718227920035,-0.08442904809135841,round1_20260927
flip,3ch,M4_element_affine,shared,full,flip:float32:3ch:t4,float32:3ch,t4,baseline+control,train,150528.0,602112.0,1.0,0.0739065813831985,0.9942505100540066,0.003451750688075251,0.07462411443005178,0.0007175330468532776,0.00970864885676335,"round1_20260927,round2_20260927"
flip,3ch,M4_element_affine,shared,full,flip:float32:3ch:t5,float32:3ch,t5,baseline,train,248832.0,995328.0,1.653061224489796,0.11657052440568805,1.5682000327776828,0.0032934199197008586,0.09078878818188146,-0.025781736223806584,-0.22116857031612158,round1_20260927
flip,3ch,M4_element_affine,shared,full,flip:float32:3ch:t6,float32:3ch,t6,baseline,train,442368.0,1769472.0,2.938775510204082,0.1695980931011339,2.2815693462493596,0.008464486448896708,0.12261298963079617,-0.04698510347033774,-0.27703792307570235,round1_20260927
flip,3ch,M4_element_affine,shared,full,flip:float32:3ch:t7,float32:3ch,t7,baseline,train,786432.0,3145728.0,5.224489795918367,0.27927534965177375,3.7570356203745465,0.0040724922165824625,0.1791893477622001,-0.10008600188957364,-0.35837750096587506,round1_20260927
flip,3ch,M4_element_affine,shared,full,flip:uint8:3ch:t0,uint8:3ch,t0,baseline,train,12288.0,12288.0,0.02040816326530612,0.050747012719511986,0.6826894484333726,0.002705753533001747,0.051892541966541264,0.0011455292470292783,0.0225733335942517,round1_20260927
flip,3ch,M4_element_affine,shared,full,flip:uint8:3ch:t1,uint8:3ch,t1,baseline,train,27648.0,27648.0,0.04591836734693878,0.0531687851374348,0.7152690701218665,0.00248608357529937,0.05441827224026466,0.0012494871028298563,0.02350038842527782,round1_20260927
flip,3ch,M4_element_affine,shared,full,flip:uint8:3ch:t2,uint8:3ch,t2,baseline,train,62208.0,62208.0,0.10331632653061225,0.061035536540051304,0.8210989089283145,0.005435895607484682,0.06010116535614228,-0.0009343711839090232,-0.015308642094034713,round1_20260927
flip,3ch,M4_element_affine,shared,full,flip:uint8:3ch:t3,uint8:3ch,t3,baseline,train,110592.0,110592.0,0.1836734693877551,0.055999443866312504,0.7533493578621852,0.006032443472422505,0.06805721571837096,0.01205777185205846,0.21531949283003568,round1_20260927
flip,3ch,M4_element_affine,shared,full,flip:uint8:3ch:t4,uint8:3ch,t4,baseline,train,150528.0,150528.0,0.25,0.05955992188925544,0.8012477591154173,0.0049477364536163575,0.07462411443005178,0.015064192540796335,0.2529249881960289,round1_20260927
flip,3ch,M4_element_affine,shared,full,flip:uint8:3ch:t5,uint8:3ch,t5,baseline,train,248832.0,248832.0,0.413265306122449,0.06771777523681521,0.910993734371702,0.00867821226124482,0.09078878818188146,0.02307101294506625,0.3406936046611812,round1_20260927
flip,3ch,M4_element_affine,shared,full,flip:uint8:3ch:t6,uint8:3ch,t6,baseline,train,442368.0,442368.0,0.7346938775510204,0.06769450459008415,0.9106806789989783,0.003913910739592923,0.12261298963079617,0.05491848504071202,0.8112694726590325,round1_20260927
flip,3ch,M4_element_affine,shared,full,flip:uint8:3ch:t7,uint8:3ch,t7,baseline,train,786432.0,786432.0,1.3061224489795917,0.08555895105625193,1.1510075169936478,0.008315036062580357,0.1791893477622001,0.09363039670594818,1.094337828480267,round1_20260927
flip,3ch,M5_repr_element_affine,float32:3ch,full,flip:float32:3ch:v0,float32:3ch,v0,baseline,validation,19200.0,76800.0,0.12755102040816327,0.05473555065691471,0.7363464544051566,0.002212117405571379,0.05183037613902467,-0.00290517451789004,-0.05307655596816455,round1_20260927
flip,3ch,M5_repr_element_affine,float32:3ch,full,flip:float32:3ch:v1,float32:3ch,v1,baseline,validation,76800.0,307200.0,0.5102040816326531,0.06642836689328153,0.8936475809002102,0.008710521812716613,0.06846364640841188,0.002035279515130342,0.03063871069418368,round1_20260927
flip,3ch,M5_repr_element_affine,float32:3ch,full,flip:float32:3ch:v2,float32:3ch,v2,baseline,validation,196608.0,786432.0,1.3061224489795917,0.08053883444517851,1.0834728887145888,0.004384765547060833,0.10306084856873729,0.02252201412355878,0.279641669496585,round1_20260927
flip,3ch,M5_repr_element_affine,float32:3ch,full,flip:float32:3ch:v3,float32:3ch,v3,baseline,validation,602112.0,2408448.0,4.0,0.21744758977244297,2.9252790887499347,0.007247933807891709,0.22015907126522327,0.0027114814927803044,0.012469586329367212,round1_20260927
flip,3ch,M5_repr_element_affine,float32:3ch,full,flip:float32:3ch:t0,float32:3ch,t0,baseline,train,12288.0,49152.0,0.08163265306122448,0.0625793884197871,0.8418680405827262,0.004340101892442544,0.0498343837066982,-0.01274500471308889,-0.2036613817251532,round1_20260927
flip,3ch,M5_repr_element_affine,float32:3ch,full,flip:float32:3ch:t1,float32:3ch,t1,baseline,train,27648.0,110592.0,0.1836734693877551,0.05611162167042494,0.7548584635043097,0.010270325719812321,0.05426992244520146,-0.001841699225223481,-0.03282206377924371,round1_20260927
flip,3ch,M5_repr_element_affine,float32:3ch,full,flip:float32:3ch:t2,float32:3ch,t2,baseline,train,62208.0,248832.0,0.413265306122449,0.06951229336361091,0.9351350290910027,0.0038115550135201285,0.06424988460683378,-0.005262408756777123,-0.07570472073551164,round1_20260927
flip,3ch,M5_repr_element_affine,float32:3ch,full,flip:float32:3ch:t3,float32:3ch,t3,baseline,train,110592.0,442368.0,0.7346938775510204,0.07433308754116297,0.9999882123960845,0.006165741106556363,0.07822183163311905,0.003888744091956081,0.05231511592738074,round1_20260927
flip,3ch,M5_repr_element_affine,float32:3ch,full,flip:float32:3ch:t4,float32:3ch,t4,baseline+control,train,150528.0,602112.0,1.0,0.0739065813831985,0.9942505100540066,0.003451750688075251,0.08975423235322752,0.01584765097002902,0.21442814257448167,"round1_20260927,round2_20260927"
flip,3ch,M5_repr_element_affine,float32:3ch,full,flip:float32:3ch:t5,float32:3ch,t5,baseline,train,248832.0,995328.0,1.653061224489796,0.11657052440568805,1.5682000327776828,0.0032934199197008586,0.11814168027964836,0.0015711558739603115,0.013478157381298072,round1_20260927
flip,3ch,M5_repr_element_affine,float32:3ch,full,flip:float32:3ch:t6,float32:3ch,t6,baseline,train,442368.0,1769472.0,2.938775510204082,0.1695980931011339,2.2815693462493596,0.008464486448896708,0.1740294683847894,0.004431375283655475,0.026128685780759216,round1_20260927
flip,3ch,M5_repr_element_affine,float32:3ch,full,flip:float32:3ch:t7,float32:3ch,t7,baseline,train,786432.0,3145728.0,5.224489795918367,0.27927534965177375,3.7570356203745465,0.0040724922165824625,0.27338553612726235,-0.0058898135245114,-0.02108962904121457,round1_20260927
flip,3ch,M3_element_prop,float32:3ch,local_x_le_2,flip:float32:3ch:v0,float32:3ch,v0,baseline,validation,19200.0,76800.0,0.12755102040816327,0.05473555065691471,0.7363464544051566,0.002212117405571379,0.010393908654411794,-0.044341642002502915,-0.8101068039022506,round1_20260927
flip,3ch,M3_element_prop,float32:3ch,local_x_le_2,flip:float32:3ch:v1,float32:3ch,v1,baseline,validation,76800.0,307200.0,0.5102040816326531,0.06642836689328153,0.8936475809002102,0.008710521812716613,0.04157563461764718,-0.024852732275634358,-0.37412830448715917,round1_20260927
flip,3ch,M3_element_prop,float32:3ch,local_x_le_2,flip:float32:3ch:v2,float32:3ch,v2,baseline,validation,196608.0,786432.0,1.3061224489795917,0.08053883444517851,1.0834728887145888,0.004384765547060833,0.10643362462117678,0.025894790175998272,0.3215193062375945,round1_20260927
flip,3ch,M3_element_prop,float32:3ch,local_x_le_2,flip:float32:3ch:t0,float32:3ch,t0,baseline,train,12288.0,49152.0,0.08163265306122448,0.0625793884197871,0.8418680405827262,0.004340101892442544,0.006652101538823549,-0.055927286880963545,-0.8937013974281632,round1_20260927
flip,3ch,M3_element_prop,float32:3ch,local_x_le_2,flip:float32:3ch:t1,float32:3ch,t1,baseline,train,27648.0,110592.0,0.1836734693877551,0.05611162167042494,0.7548584635043097,0.010270325719812321,0.014967228462352983,-0.04114439320807196,-0.7332597416224411,round1_20260927
flip,3ch,M3_element_prop,float32:3ch,local_x_le_2,flip:float32:3ch:t2,float32:3ch,t2,baseline,train,62208.0,248832.0,0.413265306122449,0.06951229336361091,0.9351350290910027,0.0038115550135201285,0.03367626404029422,-0.03583602932331669,-0.5155351318343432,round1_20260927
flip,3ch,M3_element_prop,float32:3ch,local_x_le_2,flip:float32:3ch:t3,float32:3ch,t3,baseline,train,110592.0,442368.0,0.7346938775510204,0.07433308754116297,0.9999882123960845,0.006165741106556363,0.05986891384941193,-0.014464173691751035,-0.19458593972356256,round1_20260927
flip,3ch,M3_element_prop,float32:3ch,local_x_le_2,flip:float32:3ch:t4,float32:3ch,t4,baseline+control,train,150528.0,602112.0,1.0,0.0739065813831985,0.9942505100540066,0.003451750688075251,0.08148824385058846,0.007581662467389963,0.1025844021668351,"round1_20260927,round2_20260927"
flip,3ch,M3_element_prop,float32:3ch,local_x_le_2,flip:float32:3ch:t5,float32:3ch,t5,baseline,train,248832.0,995328.0,1.653061224489796,0.11657052440568805,1.5682000327776828,0.0032934199197008586,0.13470505616117687,0.01813453175548882,0.15556704276612096,round1_20260927
flip,3ch,M4_element_affine,float32:3ch,local_x_le_2,flip:float32:3ch:v0,float32:3ch,v0,baseline,validation,19200.0,76800.0,0.12755102040816327,0.05473555065691471,0.7363464544051566,0.002212117405571379,0.056924260951241534,0.0021887102943268233,0.039986996897971736,round1_20260927
flip,3ch,M4_element_affine,float32:3ch,local_x_le_2,flip:float32:3ch:v1,float32:3ch,v1,baseline,validation,76800.0,307200.0,0.5102040816326531,0.06642836689328153,0.8936475809002102,0.008710521812716613,0.0698455821733926,0.0034172152801110606,0.05144210884486869,round1_20260927
flip,3ch,M4_element_affine,float32:3ch,local_x_le_2,flip:float32:3ch:v2,float32:3ch,v2,baseline,validation,196608.0,786432.0,1.3061224489795917,0.08053883444517851,1.0834728887145888,0.004384765547060833,0.09672193031546683,0.016183095870288322,0.20093531253303518,round1_20260927
flip,3ch,M4_element_affine,float32:3ch,local_x_le_2,flip:float32:3ch:t0,float32:3ch,t0,baseline,train,12288.0,49152.0,0.08163265306122448,0.0625793884197871,0.8418680405827262,0.004340101892442544,0.055373702404583405,-0.007205686015203688,-0.11514471772826257,round1_20260927
flip,3ch,M4_element_affine,float32:3ch,local_x_le_2,flip:float32:3ch:t1,float32:3ch,t1,baseline,train,27648.0,110592.0,0.1836734693877551,0.05611162167042494,0.7548584635043097,0.010270325719812321,0.05881938806382369,0.0027077663933987514,0.04825678376046559,round1_20260927
flip,3ch,M4_element_affine,float32:3ch,local_x_le_2,flip:float32:3ch:t2,float32:3ch,t2,baseline,train,62208.0,248832.0,0.413265306122449,0.06951229336361091,0.9351350290910027,0.0038115550135201285,0.06657218079711433,-0.0029401125664965805,-0.042296296442374384,round1_20260927
flip,3ch,M4_element_affine,float32:3ch,local_x_le_2,flip:float32:3ch:t3,float32:3ch,t3,baseline,train,110592.0,442368.0,0.7346938775510204,0.07433308754116297,0.9999882123960845,0.006165741106556363,0.07742609062372123,0.0030930030825582627,0.04161004452889798,round1_20260927
flip,3ch,M4_element_affine,float32:3ch,local_x_le_2,flip:float32:3ch:t4,float32:3ch,t4,baseline+control,train,150528.0,602112.0,1.0,0.0739065813831985,0.9942505100540066,0.003451750688075251,0.08638487333774597,0.012478291954547471,0.16883871126238043,"round1_20260927,round2_20260927"
flip,3ch,M4_element_affine,float32:3ch,local_x_le_2,flip:float32:3ch:t5,float32:3ch,t5,baseline,train,248832.0,995328.0,1.653061224489796,0.11657052440568805,1.5682000327776828,0.0032934199197008586,0.1084372615568838,-0.008133262848804251,-0.06977117835121782,round1_20260927
flip,3ch,M5_repr_element_affine,uint8:3ch,full,flip:uint8:3ch:v0,uint8:3ch,v0,baseline,validation,19200.0,19200.0,0.03188775510204082,0.05165725170324246,0.6949347120744103,0.008519342118599983,0.05422786504040893,0.0025706133371664747,0.04976287457052464,round1_20260927
flip,3ch,M5_repr_element_affine,uint8:3ch,full,flip:uint8:3ch:v1,uint8:3ch,v1,baseline,validation,76800.0,76800.0,0.12755102040816327,0.05919593386352062,0.7963511007466043,0.00258115561364921,0.05653757182394714,-0.002658362039573481,-0.044907848665796474,round1_20260927
flip,3ch,M5_repr_element_affine,uint8:3ch,full,flip:uint8:3ch:v2,uint8:3ch,v2,baseline,validation,196608.0,196608.0,0.32653061224489793,0.05973581845561663,0.803614060567173,0.006790235778120782,0.06134176193370661,0.001605943478089976,0.02688409600151679,round1_20260927
flip,3ch,M5_repr_element_affine,uint8:3ch,full,flip:uint8:3ch:v3,uint8:3ch,v3,baseline,validation,602112.0,602112.0,1.0,0.0753945461474359,1.0142678034817032,0.0056952451001949225,0.07760209768981557,0.002207551542379671,0.02927998980274713,round1_20260927
flip,3ch,M5_repr_element_affine,uint8:3ch,full,flip:uint8:3ch:t0,uint8:3ch,t0,baseline,train,12288.0,12288.0,0.02040816326530612,0.050747012719511986,0.6826894484333726,0.002705753533001747,0.05395070022638435,0.003203687506872367,0.0631305634595623,round1_20260927
flip,3ch,M5_repr_element_affine,uint8:3ch,full,flip:uint8:3ch:t1,uint8:3ch,t1,baseline,train,27648.0,27648.0,0.04591836734693878,0.0531687851374348,0.7152690701218665,0.00248608357529937,0.054566622035327875,0.001397836897893072,0.026290555525762618,round1_20260927
flip,3ch,M5_repr_element_affine,uint8:3ch,full,flip:uint8:3ch:t2,uint8:3ch,t2,baseline,train,62208.0,62208.0,0.10331632653061225,0.061035536540051304,0.8210989089283145,0.005435895607484682,0.0559524461054508,-0.005083090434600507,-0.08328083478491256,round1_20260927
flip,3ch,M5_repr_element_affine,uint8:3ch,full,flip:uint8:3ch:t3,uint8:3ch,t3,baseline,train,110592.0,110592.0,0.1836734693877551,0.055999443866312504,0.7533493578621852,0.006032443472422505,0.057892599803622886,0.0018931559373103826,0.033806691756259485,round1_20260927
flip,3ch,M5_repr_element_affine,uint8:3ch,full,flip:uint8:3ch:t4,uint8:3ch,t4,baseline,train,150528.0,150528.0,0.25,0.05955992188925544,0.8012477591154173,0.0049477364536163575,0.05949399650687604,-6.592538237940038e-05,-0.0011068748965450416,round1_20260927
flip,3ch,M5_repr_element_affine,uint8:3ch,full,flip:uint8:3ch:t5,uint8:3ch,t5,baseline,train,248832.0,248832.0,0.413265306122449,0.06771777523681521,0.910993734371702,0.00867821226124482,0.06343589608411458,-0.004281879152700632,-0.06323124375729285,round1_20260927
flip,3ch,M5_repr_element_affine,uint8:3ch,full,flip:uint8:3ch:t6,uint8:3ch,t6,baseline,train,442368.0,442368.0,0.7346938775510204,0.06769450459008415,0.9106806789989783,0.003913910739592923,0.07119651087680295,0.0035020062867188034,0.05173250484547862,round1_20260927
flip,3ch,M5_repr_element_affine,uint8:3ch,full,flip:uint8:3ch:t7,uint8:3ch,t7,baseline,train,786432.0,786432.0,1.3061224489795917,0.08555895105625193,1.1510075169936478,0.008315036062580357,0.08499315939713782,-0.0005657916591141066,-0.006612886812299965,round1_20260927
