operator,group,model,class_scope,cell_id,representation_class,size_id,train_or_validation,elements,serialized_bytes,measured_mean_ms,block_std_ms,predicted_ms,abs_err_ms,rel_err
blur,all,M2_byte_affine,shared,blur:float32:3ch:v0,float32:3ch,v0,validation,19200.0,77216.0,1.4147147295686107,0.06418250265726357,7.449184753663432,6.034470024094821,4.265503071375325
blur,all,M2_byte_affine,shared,blur:float32:3ch:v1,float32:3ch,v1,validation,76800.0,307618.0,4.437902649709334,0.2178509538628073,10.857653236193379,6.419750586484045,1.446573098421732
blur,all,M2_byte_affine,shared,blur:float32:3ch:v2,float32:3ch,v2,validation,196608.0,786855.0,10.517050672479831,0.37945345137134495,17.947280106455807,7.430229433975976,0.7064936421214362
blur,all,M2_byte_affine,shared,blur:float32:3ch:v3,float32:3ch,v3,validation,602112.0,2408871.0,33.36427419073984,8.169013764587627,41.94268992997858,8.578415739238736,0.25711381252284665
blur,all,M2_byte_affine,shared,blur:float32:1ch:v0,float32:1ch,v0,validation,6400.0,26006.0,1.1934437051725884,0.048191525063303965,6.691605952305985,5.498162247133397,4.606972430541487
blur,all,M2_byte_affine,shared,blur:float32:1ch:v1,float32:1ch,v1,validation,25600.0,102815.0,3.7802832069185874,0.1966417652043313,7.827885392912588,4.047602185994,1.0707140085658586
blur,all,M2_byte_affine,shared,blur:float32:1ch:v2,float32:1ch,v2,validation,65536.0,262564.0,8.652812834201884,0.2579124643561535,10.191143661572045,1.538330827370162,0.17778390181856443
blur,all,M2_byte_affine,shared,blur:float32:1ch:v3,float32:1ch,v3,validation,200704.0,803236.0,24.823284669959218,4.824201549280144,18.189613602746306,-6.633671067212912,-0.2672358294001634
blur,all,M2_byte_affine,shared,blur:uint8:3ch:v0,uint8:3ch,v0,validation,19200.0,19606.0,1.4769610506482422,0.04042047029498749,6.596927094100797,5.119966043452555,3.4665545453655584
blur,all,M2_byte_affine,shared,blur:uint8:3ch:v1,uint8:3ch,v1,validation,76800.0,77217.0,4.636861905455589,0.22551869406541783,7.449199547235027,2.812337641779438,0.6065174463079281
blur,all,M2_byte_affine,shared,blur:uint8:3ch:v2,uint8:3ch,v2,validation,196608.0,197030.0,10.64690839026251,0.4745540558530487,9.221661740694113,-1.4252466495683969,-0.1338648363755909
blur,all,M2_byte_affine,shared,blur:uint8:3ch:v3,uint8:3ch,v3,validation,602112.0,602534.0,34.93616830968094,7.1087000048913485,15.220514196574806,-19.715654113106133,-0.5643336137593216
blur,all,M2_byte_affine,shared,blur:uint8:1ch:v0,uint8:1ch,v0,validation,6400.0,6805.0,1.2150102209610243,0.04828653216687504,6.407554584118827,5.192544363157803,4.273663112933082
blur,all,M2_byte_affine,shared,blur:uint8:1ch:v1,uint8:1ch,v1,validation,25600.0,26005.0,3.8441834373710058,0.19638314586331515,6.69159115873439,2.847407721363384,0.7407054756238933
blur,all,M2_byte_affine,shared,blur:uint8:1ch:v2,uint8:1ch,v2,validation,65536.0,65955.0,8.730368727555673,0.27172290618266565,7.2825943439370855,-1.4477743836185875,-0.1658319858872599
blur,all,M2_byte_affine,shared,blur:uint8:1ch:v3,uint8:1ch,v3,validation,200704.0,201123.0,27.34011817796681,2.711696675231116,9.28221182923065,-18.05790634873616,-0.6604911592258181
blur,all,M2_byte_affine,shared,blur:float32:3ch:t0,float32:3ch,t0,train,12288.0,49561.0,1.0483491250003378,0.03674591270303875,7.0400685312158595,5.9917194062155215,5.715385517409184
blur,all,M2_byte_affine,shared,blur:float32:3ch:t1,float32:3ch,t1,train,27648.0,111008.0,1.8436820114341874,0.06273466727791303,7.949089124986823,6.105407113552636,3.3115293611848404
blur,all,M2_byte_affine,shared,blur:float32:3ch:t2,float32:3ch,t2,train,62208.0,249248.0,3.6912948979685702,0.14915010047438237,9.994152462218878,6.302857564250308,1.7074922861673714
blur,all,M2_byte_affine,shared,blur:float32:3ch:t3,float32:3ch,t3,train,110592.0,442786.0,6.354811818755606,0.33143735002397906,12.857270721486943,6.502458902731337,1.0232339034084321
blur,all,M2_byte_affine,shared,blur:float32:3ch:t4,float32:3ch,t4,train,150528.0,602530.0,8.053652985083016,0.3486923652718969,15.220455022288428,7.166802037205413,0.8898821504328248
blur,all,M2_byte_affine,shared,blur:float32:3ch:t5,float32:3ch,t5,train,248832.0,995751.0,13.679758789307186,1.46731118031968,21.03759803827313,7.357839248965945,0.5378632300678589
blur,all,M2_byte_affine,shared,blur:float32:3ch:t6,float32:3ch,t6,train,442368.0,1769895.0,22.97352415681597,3.932096916964358,32.489952726772636,9.516428569956666,0.41423459914108374
blur,all,M2_byte_affine,shared,blur:float32:3ch:t7,float32:3ch,t7,train,786432.0,3146151.0,46.09784001324697,8.616267020052662,52.8496943952162,6.751854381969224,0.14646791216310714
blur,all,M2_byte_affine,shared,blur:float32:1ch:t0,float32:1ch,t0,train,4096.0,16790.0,0.9094541380181909,0.03482591234641074,6.555268396490515,5.645814258472324,6.207915300462789
blur,all,M2_byte_affine,shared,blur:float32:1ch:t1,float32:1ch,t1,train,9216.0,37270.0,1.569673866033554,0.08071105998145386,6.858240742747116,5.288566876713562,3.369213816419946
blur,all,M2_byte_affine,shared,blur:float32:1ch:t2,float32:1ch,t2,train,20736.0,83359.0,3.2934570064147315,0.388275348719399,7.540061663968817,4.2466046575540854,1.2894064350264447
blur,all,M2_byte_affine,shared,blur:float32:1ch:t3,float32:1ch,t3,train,36864.0,147871.0,5.427929859918852,0.2932935058184816,8.49442455467711,3.0664946947582576,0.5649473692359211
blur,all,M2_byte_affine,shared,blur:float32:1ch:t4,float32:1ch,t4,train,50176.0,201119.0,6.9700696238084605,0.4509285987801827,9.282152654944271,2.3120830311358107,0.33171591618513613
blur,all,M2_byte_affine,shared,blur:float32:1ch:t5,float32:1ch,t5,train,82944.0,332196.0,10.753636798632407,0.5033121751371753,11.221249638844489,0.46761284021208205,0.04348415786848508
blur,all,M2_byte_affine,shared,blur:float32:1ch:t6,float32:1ch,t6,train,147456.0,590244.0,20.1358906048976,2.57104706231566,15.038701201677657,-5.097189403219943,-0.25313950613042
blur,all,M2_byte_affine,shared,blur:float32:1ch:t7,float32:1ch,t7,train,262144.0,1048996.0,35.7575117655059,7.883679370857692,21.82528175782551,-13.932230007680392,-0.3896308585185269
blur,all,M2_byte_affine,shared,blur:uint8:3ch:t0,uint8:3ch,t0,train,12288.0,12694.0,1.0712821696264048,0.0410198445822618,6.4946739272391945,5.42339175761279,5.062524058907957
blur,all,M2_byte_affine,shared,blur:uint8:3ch:t1,uint8:3ch,t1,train,27648.0,28054.0,1.9797924424832065,0.12646178977759875,6.721903186931645,4.742110744448438,2.3952565141124196
blur,all,M2_byte_affine,shared,blur:uint8:3ch:t2,uint8:3ch,t2,train,62208.0,62614.0,3.83606736936296,0.15714367686731243,7.233169021239658,3.397101651876698,0.8855688195175886
blur,all,M2_byte_affine,shared,blur:uint8:3ch:t3,uint8:3ch,t3,train,110592.0,111009.0,6.463222950089908,0.275821958130395,7.949103918558418,1.4858809684685097,0.22989783579225595
blur,all,M2_byte_affine,shared,blur:uint8:3ch:t4,uint8:3ch,t4,train,150528.0,150945.0,8.28813892810605,0.3435839157031051,8.53989999375879,0.2517610656527385,0.030376067273557298
blur,all,M2_byte_affine,shared,blur:uint8:3ch:t5,uint8:3ch,t5,train,248832.0,249254.0,13.614195286021072,0.8814041685975825,9.994241223648444,-3.619954062372628,-0.26589555874004267
blur,all,M2_byte_affine,shared,blur:uint8:3ch:t6,uint8:3ch,t6,train,442368.0,442790.0,25.57327558770781,3.8829657858260527,12.857329895773322,-12.715945691934486,-0.49723570405844303
blur,all,M2_byte_affine,shared,blur:uint8:3ch:t7,uint8:3ch,t7,train,786432.0,786854.0,49.52812702974018,15.805998270763508,17.947265312884213,-31.58086171685597,-0.637634887705174
blur,all,M2_byte_affine,shared,blur:uint8:1ch:t0,uint8:1ch,t0,train,4096.0,4501.0,0.9265565367725989,0.027837861277773945,6.37347019516496,5.446913658392361,5.878663030499105
blur,all,M2_byte_affine,shared,blur:uint8:1ch:t1,uint8:1ch,t1,train,9216.0,9621.0,1.6183962843691309,0.0911290635168446,6.44921328172911,4.830816997359979,2.984940736713991
blur,all,M2_byte_affine,shared,blur:uint8:1ch:t2,uint8:1ch,t2,train,20736.0,21141.0,3.1958938615086177,0.15448296823884033,6.619635226498447,3.4237413649898296,1.0712938268149046
blur,all,M2_byte_affine,shared,blur:uint8:1ch:t3,uint8:1ch,t3,train,36864.0,37269.0,5.3986620491681,0.31485857561902836,6.85822594917552,1.4595639000074208,0.2703565970076476
blur,all,M2_byte_affine,shared,blur:uint8:1ch:t4,uint8:1ch,t4,train,50176.0,50581.0,7.10466499632507,0.5025019416095186,7.055157974242311,-0.04950702208275892,-0.006968241586108102
blur,all,M2_byte_affine,shared,blur:uint8:1ch:t5,uint8:1ch,t5,train,82944.0,83363.0,10.925367324182128,0.5011305180958722,7.540120838255196,-3.385246485926932,-0.30985196062324166
blur,all,M2_byte_affine,shared,blur:uint8:1ch:t6,uint8:1ch,t6,train,147456.0,147875.0,19.51089357088386,2.173292364389319,8.494483728963488,-11.016409841920371,-0.5646286676669786
blur,all,M2_byte_affine,shared,blur:uint8:1ch:t7,uint8:1ch,t7,train,262144.0,262563.0,35.97761032850886,8.146301882208311,10.191128868000451,-25.78648146050841,-0.7167369156832258
blur,all,M3_element_prop,shared,blur:float32:3ch:v0,float32:3ch,v0,validation,19200.0,77216.0,1.4147147295686107,0.06418250265726357,1.2800598580020246,-0.13465487156658607,-0.0951816424556818
blur,all,M3_element_prop,shared,blur:float32:3ch:v1,float32:3ch,v1,validation,76800.0,307618.0,4.437902649709334,0.2178509538628073,5.120239432008098,0.6823367822987647,0.1537520842967241
blur,all,M3_element_prop,shared,blur:float32:3ch:v2,float32:3ch,v2,validation,196608.0,786855.0,10.517050672479831,0.37945345137134495,13.107812945940733,2.5907622734609017,0.2463392403575842
blur,all,M3_element_prop,shared,blur:float32:3ch:v3,float32:3ch,v3,validation,602112.0,2408871.0,33.36427419073984,8.169013764587627,40.14267714694349,6.778402956203649,0.20316350709301434
blur,all,M3_element_prop,shared,blur:float32:1ch:v0,float32:1ch,v0,validation,6400.0,26006.0,1.1934437051725884,0.048191525063303965,0.4266866193340082,-0.7667570858385802,-0.6424744481162574
blur,all,M3_element_prop,shared,blur:float32:1ch:v1,float32:1ch,v1,validation,25600.0,102815.0,3.7802832069185874,0.1966417652043313,1.7067464773360328,-2.0735367295825546,-0.5485135943750499
blur,all,M3_element_prop,shared,blur:float32:1ch:v2,float32:1ch,v2,validation,65536.0,262564.0,8.652812834201884,0.2579124643561535,4.369270981980244,-4.2835418522216395,-0.4950461698755494
blur,all,M3_element_prop,shared,blur:float32:1ch:v3,float32:1ch,v3,validation,200704.0,803236.0,24.823284669959218,4.824201549280144,13.380892382314498,-11.44239228764472,-0.46095399701442974
blur,all,M3_element_prop,shared,blur:uint8:3ch:v0,uint8:3ch,v0,validation,19200.0,19606.0,1.4769610506482422,0.04042047029498749,1.2800598580020246,-0.19690119264621764,-0.13331508813979703
blur,all,M3_element_prop,shared,blur:uint8:3ch:v1,uint8:3ch,v1,validation,76800.0,77217.0,4.636861905455589,0.22551869406541783,5.120239432008098,0.4833775265525091,0.10424669451203236
blur,all,M3_element_prop,shared,blur:uint8:3ch:v2,uint8:3ch,v2,validation,196608.0,197030.0,10.64690839026251,0.4745540558530487,13.107812945940733,2.4609045556782227,0.2311379477942091
blur,all,M3_element_prop,shared,blur:uint8:3ch:v3,uint8:3ch,v3,validation,602112.0,602534.0,34.93616830968094,7.1087000048913485,40.14267714694349,5.206508837262554,0.14902918920904706
blur,all,M3_element_prop,shared,blur:uint8:1ch:v0,uint8:1ch,v0,validation,6400.0,6805.0,1.2150102209610243,0.04828653216687504,0.4266866193340082,-0.7883236016270161,-0.6488205514876112
blur,all,M3_element_prop,shared,blur:uint8:1ch:v1,uint8:1ch,v1,validation,25600.0,26005.0,3.8441834373710058,0.19638314586331515,1.7067464773360328,-2.137436960034973,-0.5560184613606114
blur,all,M3_element_prop,shared,blur:uint8:1ch:v2,uint8:1ch,v2,validation,65536.0,65955.0,8.730368727555673,0.27172290618266565,4.369270981980244,-4.361097745575429,-0.49953190772005895
blur,all,M3_element_prop,shared,blur:uint8:1ch:v3,uint8:1ch,v3,validation,200704.0,201123.0,27.34011817796681,2.711696675231116,13.380892382314498,-13.959225795652314,-0.510576644357812
blur,all,M3_element_prop,shared,blur:float32:3ch:t0,float32:3ch,t0,train,12288.0,49561.0,1.0483491250003378,0.03674591270303875,0.8192383091212958,-0.22911081587904203,-0.21854438604025944
blur,all,M3_element_prop,shared,blur:float32:3ch:t1,float32:3ch,t1,train,27648.0,111008.0,1.8436820114341874,0.06273466727791303,1.8432861955229154,-0.00039581591127202387,-0.00021468773292641793
blur,all,M3_element_prop,shared,blur:float32:3ch:t2,float32:3ch,t2,train,62208.0,249248.0,3.6912948979685702,0.14915010047438237,4.14739393992656,0.45609904195798956,0.12356071637868718
blur,all,M3_element_prop,shared,blur:float32:3ch:t3,float32:3ch,t3,train,110592.0,442786.0,6.354811818755606,0.33143735002397906,7.373144782091662,1.0183329633360554,0.1602459667382353
blur,all,M3_element_prop,shared,blur:float32:3ch:t4,float32:3ch,t4,train,150528.0,602530.0,8.053652985083016,0.3486923652718969,10.035669286735873,1.9820163016528571,0.2461015275085666
blur,all,M3_element_prop,shared,blur:float32:3ch:t5,float32:3ch,t5,train,248832.0,995751.0,13.679758789307186,1.46731118031968,16.58957575970624,2.909816970399053,0.2127096694624117
blur,all,M3_element_prop,shared,blur:float32:3ch:t6,float32:3ch,t6,train,442368.0,1769895.0,22.97352415681597,3.932096916964358,29.492579128366646,6.519054971550677,0.2837638199107798
blur,all,M3_element_prop,shared,blur:float32:3ch:t7,float32:3ch,t7,train,786432.0,3146151.0,46.09784001324697,8.616267020052662,52.43125178376293,6.3334117705159585,0.13739064061778053
blur,all,M3_element_prop,shared,blur:float32:1ch:t0,float32:1ch,t0,train,4096.0,16790.0,0.9094541380181909,0.03482591234641074,0.27307943637376525,-0.6363747016444257,-0.6997325923780633
blur,all,M3_element_prop,shared,blur:float32:1ch:t1,float32:1ch,t1,train,9216.0,37270.0,1.569673866033554,0.08071105998145386,0.6144287318409718,-0.9552451341925823,-0.6085628071303842
blur,all,M3_element_prop,shared,blur:float32:1ch:t2,float32:1ch,t2,train,20736.0,83359.0,3.2934570064147315,0.388275348719399,1.3824646466421866,-1.910992359772545,-0.5802390485287852
blur,all,M3_element_prop,shared,blur:float32:1ch:t3,float32:1ch,t3,train,36864.0,147871.0,5.427929859918852,0.2932935058184816,2.457714927363887,-2.970214932554965,-0.5472095272431118
blur,all,M3_element_prop,shared,blur:float32:1ch:t4,float32:1ch,t4,train,50176.0,201119.0,6.9700696238084605,0.4509285987801827,3.3452230955786244,-3.624846528229836,-0.520058869404695
blur,all,M3_element_prop,shared,blur:float32:1ch:t5,float32:1ch,t5,train,82944.0,332196.0,10.753636798632407,0.5033121751371753,5.529858586568746,-5.22377821206366,-0.48576851811919053
blur,all,M3_element_prop,shared,blur:float32:1ch:t6,float32:1ch,t6,train,147456.0,590244.0,20.1358906048976,2.57104706231566,9.830859709455549,-10.305030895442052,-0.5117742789551899
blur,all,M3_element_prop,shared,blur:float32:1ch:t7,float32:1ch,t7,train,262144.0,1048996.0,35.7575117655059,7.883679370857692,17.477083927920976,-18.280427837584927,-0.5112332188398929
blur,all,M3_element_prop,shared,blur:uint8:3ch:t0,uint8:3ch,t0,train,12288.0,12694.0,1.0712821696264048,0.0410198445822618,0.8192383091212958,-0.25204386050510896,-0.2352730845814468
blur,all,M3_element_prop,shared,blur:uint8:3ch:t1,uint8:3ch,t1,train,27648.0,28054.0,1.9797924424832065,0.12646178977759875,1.8432861955229154,-0.13650624696029112,-0.0689497767700712
blur,all,M3_element_prop,shared,blur:uint8:3ch:t2,uint8:3ch,t2,train,62208.0,62614.0,3.83606736936296,0.15714367686731243,4.14739393992656,0.3113265705635997,0.08115774322683504
blur,all,M3_element_prop,shared,blur:uint8:3ch:t3,uint8:3ch,t3,train,110592.0,111009.0,6.463222950089908,0.275821958130395,7.373144782091662,0.9099218320017535,0.14078453412922973
blur,all,M3_element_prop,shared,blur:uint8:3ch:t4,uint8:3ch,t4,train,150528.0,150945.0,8.28813892810605,0.3435839157031051,10.035669286735873,1.747530358629822,0.2108471363461032
blur,all,M3_element_prop,shared,blur:uint8:3ch:t5,uint8:3ch,t5,train,248832.0,249254.0,13.614195286021072,0.8814041685975825,16.58957575970624,2.975380473685167,0.21854985999358037
blur,all,M3_element_prop,shared,blur:uint8:3ch:t6,uint8:3ch,t6,train,442368.0,442790.0,25.57327558770781,3.8829657858260527,29.492579128366646,3.919303540658838,0.15325778378358038
blur,all,M3_element_prop,shared,blur:uint8:3ch:t7,uint8:3ch,t7,train,786432.0,786854.0,49.52812702974018,15.805998270763508,52.43125178376293,2.9031247540227483,0.0586156781636323
blur,all,M3_element_prop,shared,blur:uint8:1ch:t0,uint8:1ch,t0,train,4096.0,4501.0,0.9265565367725989,0.027837861277773945,0.27307943637376525,-0.6534771003988336,-0.7052749340855536
blur,all,M3_element_prop,shared,blur:uint8:1ch:t1,uint8:1ch,t1,train,9216.0,9621.0,1.6183962843691309,0.0911290635168446,0.6144287318409718,-1.003967552528159,-0.6203471685054671
blur,all,M3_element_prop,shared,blur:uint8:1ch:t2,uint8:1ch,t2,train,20736.0,21141.0,3.1958938615086177,0.15448296823884033,1.3824646466421866,-1.813429214866431,-0.5674247310611261
blur,all,M3_element_prop,shared,blur:uint8:1ch:t3,uint8:1ch,t3,train,36864.0,37269.0,5.3986620491681,0.31485857561902836,2.457714927363887,-2.9409471218042125,-0.5447548105474381
blur,all,M3_element_prop,shared,blur:uint8:1ch:t4,uint8:1ch,t4,train,50176.0,50581.0,7.10466499632507,0.5025019416095186,3.3452230955786244,-3.7594419007464457,-0.529151184847004
blur,all,M3_element_prop,shared,blur:uint8:1ch:t5,uint8:1ch,t5,train,82944.0,83363.0,10.925367324182128,0.5011305180958722,5.529858586568746,-5.3955087376133815,-0.4938514722219913
blur,all,M3_element_prop,shared,blur:uint8:1ch:t6,uint8:1ch,t6,train,147456.0,147875.0,19.51089357088386,2.173292364389319,9.830859709455549,-9.68003386142831,-0.4961348298200879
blur,all,M3_element_prop,shared,blur:uint8:1ch:t7,uint8:1ch,t7,train,262144.0,262563.0,35.97761032850886,8.146301882208311,17.477083927920976,-18.500526400587884,-0.5142233247750744
blur,all,M4_element_affine,shared,blur:float32:3ch:v0,float32:3ch,v0,validation,19200.0,77216.0,1.4147147295686107,0.06418250265726357,3.9430339930054163,2.5283192634368055,1.7871583652824246
blur,all,M4_element_affine,shared,blur:float32:3ch:v1,float32:3ch,v1,validation,76800.0,307618.0,4.437902649709334,0.2178509538628073,7.395228150724357,2.9573255010150232,0.6663790836440987
blur,all,M4_element_affine,shared,blur:float32:3ch:v2,float32:3ch,v2,validation,196608.0,786855.0,10.517050672479831,0.37945345137134495,14.575791998779753,4.058741326299922,0.3859201075184042
blur,all,M4_element_affine,shared,blur:float32:3ch:v3,float32:3ch,v3,validation,602112.0,2408871.0,33.36427419073984,8.169013764587627,38.879238869121096,5.514964678381254,0.16529550880839833
blur,all,M4_element_affine,shared,blur:float32:1ch:v0,float32:1ch,v0,validation,6400.0,26006.0,1.1934437051725884,0.048191525063303965,3.1758797357345405,1.9824360305619522,1.66110560721862
blur,all,M4_element_affine,shared,blur:float32:1ch:v1,float32:1ch,v1,validation,25600.0,102815.0,3.7802832069185874,0.1966417652043313,4.3266111216408545,0.546327914722267,0.14452036654883166
blur,all,M4_element_affine,shared,blur:float32:1ch:v2,float32:1ch,v2,validation,65536.0,262564.0,8.652812834201884,0.2579124643561535,6.7201324043259865,-1.932680429875897,-0.22335863110740256
blur,all,M4_element_affine,shared,blur:float32:1ch:v3,float32:1ch,v3,validation,200704.0,803236.0,24.823284669959218,4.824201549280144,14.821281361106434,-10.002003308852784,-0.40292827648860924
blur,all,M4_element_affine,shared,blur:uint8:3ch:v0,uint8:3ch,v0,validation,19200.0,19606.0,1.4769610506482422,0.04042047029498749,3.9430339930054163,2.466072942357174,1.6696939579244883
blur,all,M4_element_affine,shared,blur:uint8:3ch:v1,uint8:3ch,v1,validation,76800.0,77217.0,4.636861905455589,0.22551869406541783,7.395228150724357,2.7583662452687676,0.5948778077741238
blur,all,M4_element_affine,shared,blur:uint8:3ch:v2,uint8:3ch,v2,validation,196608.0,197030.0,10.64690839026251,0.4745540558530487,14.575791998779753,3.9288836085172427,0.3690163815169609
blur,all,M4_element_affine,shared,blur:uint8:3ch:v3,uint8:3ch,v3,validation,602112.0,602534.0,34.93616830968094,7.1087000048913485,38.879238869121096,3.9430705594401587,0.11286499780078972
blur,all,M4_element_affine,shared,blur:uint8:1ch:v0,uint8:1ch,v0,validation,6400.0,6805.0,1.2150102209610243,0.04828653216687504,3.1758797357345405,1.9608695147735162,1.613870797911928
blur,all,M4_element_affine,shared,blur:uint8:1ch:v1,uint8:1ch,v1,validation,25600.0,26005.0,3.8441834373710058,0.19638314586331515,4.3266111216408545,0.4824276842698487,0.12549549003826302
blur,all,M4_element_affine,shared,blur:uint8:1ch:v2,uint8:1ch,v2,validation,65536.0,65955.0,8.730368727555673,0.27172290618266565,6.7201324043259865,-2.0102363232296865,-0.23025789470778882
blur,all,M4_element_affine,shared,blur:uint8:1ch:v3,uint8:1ch,v3,validation,200704.0,201123.0,27.34011817796681,2.711696675231116,14.821281361106434,-12.518836816860377,-0.45789256415684443
blur,all,M4_element_affine,shared,blur:float32:3ch:t0,float32:3ch,t0,train,12288.0,49561.0,1.0483491250003378,0.03674591270303875,3.5287706940791432,2.480421569078805,2.3660262692335494
blur,all,M4_element_affine,shared,blur:float32:3ch:t1,float32:3ch,t1,train,27648.0,111008.0,1.8436820114341874,0.06273466727791303,4.449355802804194,2.605673791370007,1.4132989177147048
blur,all,M4_element_affine,shared,blur:float32:3ch:t2,float32:3ch,t2,train,62208.0,249248.0,3.6912948979685702,0.14915010047438237,6.520672297435558,2.829377399466988,0.7664999621200893
blur,all,M4_element_affine,shared,blur:float32:3ch:t3,float32:3ch,t3,train,110592.0,442786.0,6.354811818755606,0.33143735002397906,9.42051538991947,3.065703571163863,0.48242240031651895
blur,all,M4_element_affine,shared,blur:float32:3ch:t4,float32:3ch,t4,train,150528.0,602530.0,8.053652985083016,0.3486923652718969,11.814036672604601,3.7603836875215855,0.46691652775288084
blur,all,M4_element_affine,shared,blur:float32:3ch:t5,float32:3ch,t5,train,248832.0,995751.0,13.679758789307186,1.46731118031968,17.705781368444924,4.026022579137738,0.2943050854291881
blur,all,M4_element_affine,shared,blur:float32:3ch:t6,float32:3ch,t6,train,442368.0,1769895.0,22.97352415681597,3.932096916964358,29.305153738380568,6.331629581564599,0.27560549867513817
blur,all,M4_element_affine,shared,blur:float32:3ch:t7,float32:3ch,t7,train,786432.0,3146151.0,46.09784001324697,8.616267020052662,49.9262601738217,3.82842016057473,0.08304988171841826
blur,all,M4_element_affine,shared,blur:float32:1ch:t0,float32:1ch,t0,train,4096.0,16790.0,0.9094541380181909,0.03482591234641074,3.037791969425783,2.1283378314075923,2.3402365687680464
blur,all,M4_element_affine,shared,blur:float32:1ch:t1,float32:1ch,t1,train,9216.0,37270.0,1.569673866033554,0.08071105998145386,3.3446536723341334,1.7749798063005793,1.1307952847465172
blur,all,M4_element_affine,shared,blur:float32:1ch:t2,float32:1ch,t2,train,20736.0,83359.0,3.2934570064147315,0.388275348719399,4.035092503877921,0.7416354974631898,0.22518450856309696
blur,all,M4_element_affine,shared,blur:float32:1ch:t3,float32:1ch,t3,train,36864.0,147871.0,5.427929859918852,0.2932935058184816,5.001706868039225,-0.4262229918796274,-0.07852404192378408
blur,all,M4_element_affine,shared,blur:float32:1ch:t4,float32:1ch,t4,train,50176.0,201119.0,6.9700696238084605,0.4509285987801827,5.799547295600936,-1.1705223282075243,-0.1679355288230175
blur,all,M4_element_affine,shared,blur:float32:1ch:t5,float32:1ch,t5,train,82944.0,332196.0,10.753636798632407,0.5033121751371753,7.7634621942143776,-2.990174604418029,-0.27806170697510485
blur,all,M4_element_affine,shared,blur:float32:1ch:t6,float32:1ch,t6,train,147456.0,590244.0,20.1358906048976,2.57104706231566,11.629919650859591,-8.505970954038009,-0.4224283455318894
blur,all,M4_element_affine,shared,blur:float32:1ch:t7,float32:1ch,t7,train,262144.0,1048996.0,35.7575117655059,7.883679370857692,18.503621796006637,-17.253889969499266,-0.4825249050506788
blur,all,M4_element_affine,shared,blur:uint8:3ch:t0,uint8:3ch,t0,train,12288.0,12694.0,1.0712821696264048,0.0410198445822618,3.5287706940791432,2.4574885244527387,2.293969407994305
blur,all,M4_element_affine,shared,blur:uint8:3ch:t1,uint8:3ch,t1,train,27648.0,28054.0,1.9797924424832065,0.12646178977759875,4.449355802804194,2.469563360320988,1.2473849820456298
blur,all,M4_element_affine,shared,blur:uint8:3ch:t2,uint8:3ch,t2,train,62208.0,62614.0,3.83606736936296,0.15714367686731243,6.520672297435558,2.684604928072598,0.6998325810212294
blur,all,M4_element_affine,shared,blur:uint8:3ch:t3,uint8:3ch,t3,train,110592.0,111009.0,6.463222950089908,0.275821958130395,9.42051538991947,2.957292439829561,0.45755692827963224
blur,all,M4_element_affine,shared,blur:uint8:3ch:t4,uint8:3ch,t4,train,150528.0,150945.0,8.28813892810605,0.3435839157031051,11.814036672604601,3.5258977444985504,0.4254148941135407
blur,all,M4_element_affine,shared,blur:uint8:3ch:t5,uint8:3ch,t5,train,248832.0,249254.0,13.614195286021072,0.8814041685975825,17.705781368444924,4.091586082423852,0.3005382247326108
blur,all,M4_element_affine,shared,blur:uint8:3ch:t6,uint8:3ch,t6,train,442368.0,442790.0,25.57327558770781,3.8829657858260527,29.305153738380568,3.7318781506727596,0.1459288286271214
blur,all,M4_element_affine,shared,blur:uint8:3ch:t7,uint8:3ch,t7,train,786432.0,786854.0,49.52812702974018,15.805998270763508,49.9262601738217,0.3981331440815197,0.008038526145809076
blur,all,M4_element_affine,shared,blur:uint8:1ch:t0,uint8:1ch,t0,train,4096.0,4501.0,0.9265565367725989,0.027837861277773945,3.037791969425783,2.111235432653184,2.2785824165755537
blur,all,M4_element_affine,shared,blur:uint8:1ch:t1,uint8:1ch,t1,train,9216.0,9621.0,1.6183962843691309,0.0911290635168446,3.3446536723341334,1.7262573879650025,1.066646905110708
blur,all,M4_element_affine,shared,blur:uint8:1ch:t2,uint8:1ch,t2,train,20736.0,21141.0,3.1958938615086177,0.15448296823884033,4.035092503877921,0.8391986423693036,0.2625865184312351
blur,all,M4_element_affine,shared,blur:uint8:1ch:t3,uint8:1ch,t3,train,36864.0,37269.0,5.3986620491681,0.31485857561902836,5.001706868039225,-0.39695518112887473,-0.07352843677074454
blur,all,M4_element_affine,shared,blur:uint8:1ch:t4,uint8:1ch,t4,train,50176.0,50581.0,7.10466499632507,0.5025019416095186,5.799547295600936,-1.305117700724134,-0.18369869675758305
blur,all,M4_element_affine,shared,blur:uint8:1ch:t5,uint8:1ch,t5,train,82944.0,83363.0,10.925367324182128,0.5011305180958722,7.7634621942143776,-3.1619051299677503,-0.2894095032364919
blur,all,M4_element_affine,shared,blur:uint8:1ch:t6,uint8:1ch,t6,train,147456.0,147875.0,19.51089357088386,2.173292364389319,11.629919650859591,-7.880973920024267,-0.4039268571371359
blur,all,M4_element_affine,shared,blur:uint8:1ch:t7,uint8:1ch,t7,train,262144.0,262563.0,35.97761032850886,8.146301882208311,18.503621796006637,-17.473988532502222,-0.48569063850957706
blur,all,M1_byte_prop_anchored,shared,blur:float32:3ch:v0,float32:3ch,v0,validation,19200.0,77216.0,1.4147147295686107,0.06418250265726357,2.6760320808675164,1.2613173512989058,0.8915700988590962
blur,all,M1_byte_prop_anchored,shared,blur:float32:3ch:v1,float32:3ch,v1,validation,76800.0,307618.0,4.437902649709334,0.2178509538628073,10.660946392616863,6.223043742907529,1.4022488175388694
blur,all,M1_byte_prop_anchored,shared,blur:float32:3ch:v2,float32:3ch,v2,validation,196608.0,786855.0,10.517050672479831,0.37945345137134495,27.269597272469564,16.752546599989735,1.5928939701532907
blur,all,M1_byte_prop_anchored,shared,blur:float32:3ch:v3,float32:3ch,v3,validation,602112.0,2408871.0,33.36427419073984,8.169013764587627,83.48290606443504,50.1186318736952,1.502164608382384
blur,all,M1_byte_prop_anchored,shared,blur:float32:1ch:v0,float32:1ch,v0,validation,6400.0,26006.0,1.1934437051725884,0.048191525063303965,0.9012755166680563,-0.2921681885045321,-0.24481103485503788
blur,all,M1_byte_prop_anchored,shared,blur:float32:1ch:v1,float32:1ch,v1,validation,25600.0,102815.0,3.7802832069185874,0.1966417652043313,3.5632024242954015,-0.21708078262318597,-0.05742447608842896
blur,all,M1_byte_prop_anchored,shared,blur:float32:1ch:v2,float32:1ch,v2,validation,65536.0,262564.0,8.652812834201884,0.2579124643561535,9.09953490573066,0.44672207152877697,0.051627381764577554
blur,all,M1_byte_prop_anchored,shared,blur:float32:1ch:v3,float32:1ch,v3,validation,200704.0,803236.0,24.823284669959218,4.824201549280144,27.837304503052483,3.014019833093265,0.12141905767776125
blur,all,M1_byte_prop_anchored,shared,blur:uint8:3ch:v0,uint8:3ch,v0,validation,19200.0,19606.0,1.4769610506482422,0.04042047029498749,0.6794742666997583,-0.7974867839484839,-0.5399511270784458
blur,all,M1_byte_prop_anchored,shared,blur:uint8:3ch:v1,uint8:3ch,v1,validation,76800.0,77217.0,4.636861905455589,0.22551869406541783,2.676066737312824,-1.960795168142765,-0.4228711590128992
blur,all,M1_byte_prop_anchored,shared,blur:uint8:3ch:v2,uint8:3ch,v2,validation,196608.0,197030.0,10.64690839026251,0.4745540558530487,6.828359418945903,-3.8185489713166074,-0.35865331337019773
blur,all,M1_byte_prop_anchored,shared,blur:uint8:3ch:v3,uint8:3ch,v3,validation,602112.0,602534.0,34.93616830968094,7.1087000048913485,20.88168661693727,-14.054481692743668,-0.40229030179159975
blur,all,M1_byte_prop_anchored,shared,blur:uint8:1ch:v0,uint8:1ch,v0,validation,6400.0,6805.0,1.2150102209610243,0.04828653216687504,0.23583711031785448,-0.9791731106431698,-0.8058970153096187
blur,all,M1_byte_prop_anchored,shared,blur:uint8:1ch:v1,uint8:1ch,v1,validation,25600.0,26005.0,3.8441834373710058,0.19638314586331515,0.9012408602227487,-2.942942577148257,-0.7655572698583039
blur,all,M1_byte_prop_anchored,shared,blur:uint8:1ch:v2,uint8:1ch,v2,validation,65536.0,65955.0,8.730368727555673,0.27172290618266565,2.2857658502592346,-6.444602877296438,-0.7381822095274545
blur,all,M1_byte_prop_anchored,shared,blur:uint8:1ch:v3,uint8:1ch,v3,validation,200704.0,201123.0,27.34011817796681,2.711696675231116,6.970208249589691,-20.36990992837712,-0.7450556649309976
blur,all,M1_byte_prop_anchored,shared,blur:float32:3ch:t0,float32:3ch,t0,train,12288.0,49561.0,1.0483491250003378,0.03674591270303875,1.717608085887316,0.6692589608869781,0.6383932078798296
blur,all,M1_byte_prop_anchored,shared,blur:float32:3ch:t1,float32:3ch,t1,train,27648.0,111008.0,1.8436820114341874,0.06273466727791303,3.8471426807001308,2.0034606692659436,1.086662806731767
blur,all,M1_byte_prop_anchored,shared,blur:float32:3ch:t2,float32:3ch,t2,train,62208.0,249248.0,3.6912948979685702,0.14915010047438237,8.638049680015369,4.946754782046799,1.3401136779315967
blur,all,M1_byte_prop_anchored,shared,blur:float32:3ch:t3,float32:3ch,t3,train,110592.0,442786.0,6.354811818755606,0.33143735002397906,15.345388791947322,8.990576973191715,1.4147668301769227
blur,all,M1_byte_prop_anchored,shared,blur:float32:3ch:t4,float32:3ch,t4,train,150528.0,602530.0,8.053652985083016,0.3486923652718969,20.88154799115604,12.827895006073025,1.5928045360078047
blur,all,M1_byte_prop_anchored,shared,blur:float32:3ch:t5,float32:3ch,t5,train,248832.0,995751.0,13.679758789307186,1.46731118031968,34.509190071434816,20.82943128212763,1.5226460936145307
blur,all,M1_byte_prop_anchored,shared,blur:float32:3ch:t6,float32:3ch,t6,train,442368.0,1769895.0,22.97352415681597,3.932096916964358,61.338269267600154,38.364745110784185,1.669954720438563
blur,all,M1_byte_prop_anchored,shared,blur:float32:3ch:t7,float32:3ch,t7,train,786432.0,3146151.0,46.09784001324697,8.616267020052662,109.03441006078297,62.936570047536,1.365282408664921
blur,all,M1_byte_prop_anchored,shared,blur:float32:1ch:t0,float32:1ch,t0,train,4096.0,16790.0,0.9094541380181909,0.03482591234641074,0.581881716713707,-0.32757242130448383,-0.3601857505627532
blur,all,M1_byte_prop_anchored,shared,blur:float32:1ch:t1,float32:1ch,t1,train,9216.0,37270.0,1.569673866033554,0.08071105998145386,1.291645716612261,-0.27802814942129306,-0.17712478715330143
blur,all,M1_byte_prop_anchored,shared,blur:float32:1ch:t2,float32:1ch,t2,train,20736.0,83359.0,3.2934570064147315,0.388275348719399,2.8889266243917753,-0.4045303820229562,-0.1228284994263002
blur,all,M1_byte_prop_anchored,shared,blur:float32:1ch:t3,float32:1ch,t3,train,36864.0,147871.0,5.427929859918852,0.2932935058184816,5.12468322407222,-0.3032466358466319,-0.05586782505903005
blur,all,M1_byte_prop_anchored,shared,blur:float32:1ch:t4,float32:1ch,t4,train,50176.0,201119.0,6.9700696238084605,0.4509285987801827,6.9700696238084605,0.0,0.0
blur,all,M1_byte_prop_anchored,shared,blur:float32:1ch:t5,float32:1ch,t5,train,82944.0,332196.0,10.753636798632407,0.5033121751371753,11.512732505385744,0.759095706753337,0.07058967314665816
blur,all,M1_byte_prop_anchored,shared,blur:float32:1ch:t6,float32:1ch,t6,train,147456.0,590244.0,20.1358906048976,2.57104706231566,20.455758904107523,0.3198682992099222,0.015885480582225723
blur,all,M1_byte_prop_anchored,shared,blur:float32:1ch:t7,float32:1ch,t7,train,262144.0,1048996.0,35.7575117655059,7.883679370857692,36.354472501835126,0.5969607363292226,0.016694694537025673
blur,all,M1_byte_prop_anchored,shared,blur:uint8:3ch:t0,uint8:3ch,t0,train,12288.0,12694.0,1.0712821696264048,0.0410198445822618,0.4399289167339963,-0.6313532528924084,-0.5893435649289154
blur,all,M1_byte_prop_anchored,shared,blur:uint8:3ch:t1,uint8:3ch,t1,train,27648.0,28054.0,1.9797924424832065,0.12646178977759875,0.9722519166579117,-1.007540525825295,-0.5089121991806176
blur,all,M1_byte_prop_anchored,shared,blur:uint8:3ch:t2,uint8:3ch,t2,train,62208.0,62614.0,3.83606736936296,0.15714367686731243,2.1699786664867213,-1.6660887028762388,-0.4343220654002537
blur,all,M1_byte_prop_anchored,shared,blur:uint8:3ch:t3,uint8:3ch,t3,train,110592.0,111009.0,6.463222950089908,0.275821958130395,3.8471773371454385,-2.6160456129444696,-0.40475868357722034
blur,all,M1_byte_prop_anchored,shared,blur:uint8:3ch:t4,uint8:3ch,t4,train,150528.0,150945.0,8.28813892810605,0.3435839157031051,5.231217136947619,-3.056921791158432,-0.36883090615096376
blur,all,M1_byte_prop_anchored,shared,blur:uint8:3ch:t5,uint8:3ch,t5,train,248832.0,249254.0,13.614195286021072,0.8814041685975825,8.638257618687215,-4.975937667333858,-0.36549627523288897
blur,all,M1_byte_prop_anchored,shared,blur:uint8:3ch:t6,uint8:3ch,t6,train,442368.0,442790.0,25.57327558770781,3.8829657858260527,15.34552741772855,-10.22774816997926,-0.39993891806708504
blur,all,M1_byte_prop_anchored,shared,blur:uint8:3ch:t7,uint8:3ch,t7,train,786432.0,786854.0,49.52812702974018,15.805998270763508,27.269562616024256,-22.258564413715927,-0.4494126014567503
blur,all,M1_byte_prop_anchored,shared,blur:uint8:1ch:t0,uint8:1ch,t0,train,4096.0,4501.0,0.9265565367725989,0.027837861277773945,0.15598866032926714,-0.7705678764433317,-0.8316469053549499
blur,all,M1_byte_prop_anchored,shared,blur:uint8:1ch:t1,uint8:1ch,t1,train,9216.0,9621.0,1.6183962843691309,0.0911290635168446,0.33342966030390564,-1.284966624065225,-0.7939752682799316
blur,all,M1_byte_prop_anchored,shared,blur:uint8:1ch:t2,uint8:1ch,t2,train,20736.0,21141.0,3.1958938615086177,0.15448296823884033,0.7326719102468422,-2.4632219512617755,-0.7707458564030705
blur,all,M1_byte_prop_anchored,shared,blur:uint8:1ch:t3,uint8:1ch,t3,train,36864.0,37269.0,5.3986620491681,0.31485857561902836,1.2916110601669535,-4.107050989001146,-0.7607534888452625
blur,all,M1_byte_prop_anchored,shared,blur:uint8:1ch:t4,uint8:1ch,t4,train,50176.0,50581.0,7.10466499632507,0.5025019416095186,1.7529576601010135,-5.351707336224057,-0.7532666690114536
blur,all,M1_byte_prop_anchored,shared,blur:uint8:1ch:t5,uint8:1ch,t5,train,82944.0,83363.0,10.925367324182128,0.5011305180958722,2.8890652501730054,-8.036302074009122,-0.7355635591511536
blur,all,M1_byte_prop_anchored,shared,blur:uint8:1ch:t6,uint8:1ch,t6,train,147456.0,147875.0,19.51089357088386,2.173292364389319,5.124821849853451,-14.386071721030408,-0.7373353592835322
blur,all,M1_byte_prop_anchored,shared,blur:uint8:1ch:t7,uint8:1ch,t7,train,262144.0,262563.0,35.97761032850886,8.146301882208311,9.099500249285352,-26.878110079223507,-0.7470788035614789
blur,all,M5_repr_element_affine,float32:1ch,blur:float32:1ch:v0,float32:1ch,v0,validation,6400.0,26006.0,1.1934437051725884,0.048191525063303965,1.1329960034916269,-0.060447701680961474,-0.05064981399539068
blur,all,M5_repr_element_affine,float32:1ch,blur:float32:1ch:v1,float32:1ch,v1,validation,25600.0,102815.0,3.7802832069185874,0.1966417652043313,3.7190334056979313,-0.06124980122065615,-0.016202437190038613
blur,all,M5_repr_element_affine,float32:1ch,blur:float32:1ch:v2,float32:1ch,v2,validation,65536.0,262564.0,8.652812834201884,0.2579124643561535,9.097991202287044,0.44517836808516087,0.05144897695296366
blur,all,M5_repr_element_affine,float32:1ch,blur:float32:1ch:v3,float32:1ch,v3,validation,200704.0,803236.0,24.823284669959218,4.824201549280144,27.303694513819426,2.4804098438602082,0.09992270873249762
blur,all,M5_repr_element_affine,float32:1ch,blur:float32:1ch:t0,float32:1ch,t0,train,4096.0,16790.0,0.9094541380181909,0.03482591234641074,0.8226715152268704,-0.08678262279132043,-0.09542275873353012
blur,all,M5_repr_element_affine,float32:1ch,blur:float32:1ch:t1,float32:1ch,t1,train,9216.0,37270.0,1.569673866033554,0.08071105998145386,1.5122814891485514,-0.05739237688500265,-0.03656324930097027
blur,all,M5_repr_element_affine,float32:1ch,blur:float32:1ch:t2,float32:1ch,t2,train,20736.0,83359.0,3.2934570064147315,0.388275348719399,3.063903930472334,-0.22955307594239738,-0.06969973359157029
blur,all,M5_repr_element_affine,float32:1ch,blur:float32:1ch:t3,float32:1ch,t3,train,36864.0,147871.0,5.427929859918852,0.2932935058184816,5.23617534832563,-0.19175451159322243,-0.03532737462382927
blur,all,M5_repr_element_affine,float32:1ch,blur:float32:1ch:t4,float32:1ch,t4,train,50176.0,201119.0,6.9700696238084605,0.4509285987801827,7.029161280522001,0.059091656713540885,0.008477914842011732
blur,all,M5_repr_element_affine,float32:1ch,blur:float32:1ch:t5,float32:1ch,t5,train,82944.0,332196.0,10.753636798632407,0.5033121751371753,11.44266511362076,0.689028314988354,0.0640739805417253
blur,all,M5_repr_element_affine,float32:1ch,blur:float32:1ch:t6,float32:1ch,t6,train,147456.0,590244.0,20.1358906048976,2.57104706231566,20.13175078503394,-0.004139819863659966,-0.00020559407800184652
blur,all,M5_repr_element_affine,float32:1ch,blur:float32:1ch:t7,float32:1ch,t7,train,262144.0,1048996.0,35.7575117655059,7.883679370857692,35.5790142008796,-0.17849756462630495,-0.004991889978163852
blur,all,M5_repr_element_affine,float32:3ch,blur:float32:3ch:v0,float32:3ch,v0,validation,19200.0,77216.0,1.4147147295686107,0.06418250265726357,1.0908352969475994,-0.32387943262101127,-0.22893621297049188
blur,all,M5_repr_element_affine,float32:3ch,blur:float32:3ch:v1,float32:3ch,v1,validation,76800.0,307618.0,4.437902649709334,0.2178509538628073,4.363341187790398,-0.07456146191893609,-0.01680105847383101
blur,all,M5_repr_element_affine,float32:3ch,blur:float32:3ch:v2,float32:3ch,v2,validation,196608.0,786855.0,10.517050672479831,0.37945345137134495,11.17015344074342,0.6531027682635884,0.06209942203402851
blur,all,M5_repr_element_affine,float32:3ch,blur:float32:3ch:v3,float32:3ch,v3,validation,602112.0,2408871.0,33.36427419073984,8.169013764587627,34.208594912276716,0.8443207215368744,0.025306131843599738
blur,all,M5_repr_element_affine,float32:3ch,blur:float32:3ch:t0,float32:3ch,t0,train,12288.0,49561.0,1.0483491250003378,0.03674591270303875,0.6981345900464637,-0.3502145349538741,-0.33406288668744893
blur,all,M5_repr_element_affine,float32:3ch,blur:float32:3ch:t1,float32:3ch,t1,train,27648.0,111008.0,1.8436820114341874,0.06273466727791303,1.5708028276045432,-0.27287918382964427,-0.1480077270035159
blur,all,M5_repr_element_affine,float32:3ch,blur:float32:3ch:t2,float32:3ch,t2,train,62208.0,249248.0,3.6912948979685702,0.14915010047438237,3.534306362110222,-0.15698853585834804,-0.0425293942092634
blur,all,M5_repr_element_affine,float32:3ch,blur:float32:3ch:t3,float32:3ch,t3,train,110592.0,442786.0,6.354811818755606,0.33143735002397906,6.283211310418173,-0.07160050833743359,-0.011267132745947202
blur,all,M5_repr_element_affine,float32:3ch,blur:float32:3ch:t4,float32:3ch,t4,train,150528.0,602530.0,8.053652985083016,0.3486923652718969,8.552148728069179,0.4984957429861634,0.061896849033535185
blur,all,M5_repr_element_affine,float32:3ch,blur:float32:3ch:t5,float32:3ch,t5,train,248832.0,995751.0,13.679758789307186,1.46731118031968,14.137225448440889,0.45746665913370244,0.033441134904460615
blur,all,M5_repr_element_affine,float32:3ch,blur:float32:3ch:t6,float32:3ch,t6,train,442368.0,1769895.0,22.97352415681597,3.932096916964358,25.13284524167269,2.159321084856721,0.09399172151896758
blur,all,M5_repr_element_affine,float32:3ch,blur:float32:3ch:t7,float32:3ch,t7,train,786432.0,3146151.0,46.09784001324697,8.616267020052662,44.68061376297368,-1.4172262502732949,-0.03074387541511775
blur,all,M5_repr_element_affine,uint8:1ch,blur:uint8:1ch:v0,uint8:1ch,v0,validation,6400.0,6805.0,1.2150102209610243,0.04828653216687504,1.1179434296833424,-0.09706679127768192,-0.0798896911343725
blur,all,M5_repr_element_affine,uint8:1ch,blur:uint8:1ch:v1,uint8:1ch,v1,validation,25600.0,26005.0,3.8441834373710058,0.19638314586331515,3.7026440730920234,-0.1415393642789824,-0.03681909736747099
blur,all,M5_repr_element_affine,uint8:1ch,blur:uint8:1ch:v2,uint8:1ch,v2,validation,65536.0,65955.0,8.730368727555673,0.27172290618266565,9.078821411382078,0.34845268382640526,0.039912710986259224
blur,all,M5_repr_element_affine,uint8:1ch,blur:uint8:1ch:v3,uint8:1ch,v3,validation,200704.0,201123.0,27.34011817796681,2.711696675231116,27.275113940979193,-0.06500423698761892,-0.0023776136066597305
blur,all,M5_repr_element_affine,uint8:1ch,blur:uint8:1ch:t0,uint8:1ch,t0,train,4096.0,4501.0,0.9265565367725989,0.027837861277773945,0.8077793524743007,-0.1187771842982982,-0.12819205259942948
blur,all,M5_repr_element_affine,uint8:1ch,blur:uint8:1ch:t1,uint8:1ch,t1,train,9216.0,9621.0,1.6183962843691309,0.0911290635168446,1.4970328573832823,-0.12136342698584857,-0.07498993179730229
blur,all,M5_repr_element_affine,uint8:1ch,blur:uint8:1ch:t2,uint8:1ch,t2,train,20736.0,21141.0,3.1958938615086177,0.15448296823884033,3.0478532434284906,-0.14804061808012703,-0.046322132240726115
blur,all,M5_repr_element_affine,uint8:1ch,blur:uint8:1ch:t3,uint8:1ch,t3,train,36864.0,37269.0,5.3986620491681,0.31485857561902836,5.219001783891783,-0.17966026527631662,-0.033278664906243045
blur,all,M5_repr_element_affine,uint8:1ch,blur:uint8:1ch:t4,uint8:1ch,t4,train,50176.0,50581.0,7.10466499632507,0.5025019416095186,7.011060896655135,-0.09360409966993544,-0.013175019472185207
blur,all,M5_repr_element_affine,uint8:1ch,blur:uint8:1ch:t5,uint8:1ch,t5,train,82944.0,83363.0,10.925367324182128,0.5011305180958722,11.422283328072615,0.49691600389048673,0.04548277317785156
blur,all,M5_repr_element_affine,uint8:1ch,blur:uint8:1ch:t6,uint8:1ch,t6,train,147456.0,147875.0,19.51089357088386,2.173292364389319,20.106877489925786,0.5959839190419274,0.0305462134205537
blur,all,M5_repr_element_affine,uint8:1ch,blur:uint8:1ch:t7,uint8:1ch,t7,train,262144.0,262563.0,35.97761032850886,8.146301882208311,35.54615599988697,-0.43145432862188926,-0.011992300897205573
blur,all,M5_repr_element_affine,uint8:3ch,blur:uint8:3ch:v0,uint8:3ch,v0,validation,19200.0,19606.0,1.4769610506482422,0.04042047029498749,1.1724309256181114,-0.3045301250301309,-0.20618697080499976
blur,all,M5_repr_element_affine,uint8:3ch,blur:uint8:3ch:v1,uint8:3ch,v1,validation,76800.0,77217.0,4.636861905455589,0.22551869406541783,4.689723702472445,0.052861797016856116,0.011400338870273568
blur,all,M5_repr_element_affine,uint8:3ch,blur:uint8:3ch:v2,uint8:3ch,v2,validation,196608.0,197030.0,10.64690839026251,0.4745540558530487,12.00569267832946,1.3587842880669498,0.12762242693002523
blur,all,M5_repr_element_affine,uint8:3ch,blur:uint8:3ch:v3,uint8:3ch,v3,validation,602112.0,602534.0,34.93616830968094,7.1087000048913485,36.767433827383975,1.831265517703038,0.052417468952815516
blur,all,M5_repr_element_affine,uint8:3ch,blur:uint8:3ch:t0,uint8:3ch,t0,train,12288.0,12694.0,1.0712821696264048,0.0410198445822618,0.7503557923955912,-0.3209263772308135,-0.2995722194673811
blur,all,M5_repr_element_affine,uint8:3ch,blur:uint8:3ch:t1,uint8:3ch,t1,train,27648.0,28054.0,1.9797924424832065,0.12646178977759875,1.6883005328900804,-0.2914919095931261,-0.1472335702158327
blur,all,M5_repr_element_affine,uint8:3ch,blur:uint8:3ch:t2,uint8:3ch,t2,train,62208.0,62614.0,3.83606736936296,0.15714367686731243,3.798676199002681,-0.03739117036027917,-0.009747266343366793
blur,all,M5_repr_element_affine,uint8:3ch,blur:uint8:3ch:t3,uint8:3ch,t3,train,110592.0,111009.0,6.463222950089908,0.275821958130395,6.753202131560322,0.28997918147041357,0.04486603413029095
blur,all,M5_repr_element_affine,uint8:3ch,blur:uint8:3ch:t4,uint8:3ch,t4,train,150528.0,150945.0,8.28813892810605,0.3435839157031051,9.191858456845994,0.9037195287399431,0.10903769067809954
blur,all,M5_repr_element_affine,uint8:3ch,blur:uint8:3ch:t5,uint8:3ch,t5,train,248832.0,249254.0,13.614195286021072,0.8814041685975825,15.194704796010724,1.5805095099896516,0.11609276029795929
blur,all,M5_repr_element_affine,uint8:3ch,blur:uint8:3ch:t6,uint8:3ch,t6,train,442368.0,442790.0,25.57327558770781,3.8829657858260527,27.012808526241287,1.4395329385334783,0.05629051834194491
blur,all,M5_repr_element_affine,uint8:3ch,blur:uint8:3ch:t7,uint8:3ch,t7,train,786432.0,786854.0,49.52812702974018,15.805998270763508,48.02277071331784,-1.5053563164223434,-0.030393968169206583
blur,1ch,M2_byte_affine,shared,blur:float32:1ch:v0,float32:1ch,v0,validation,6400.0,26006.0,1.1934437051725884,0.048191525063303965,5.229053044343003,4.035609339170415,3.3814827810305563
blur,1ch,M2_byte_affine,shared,blur:float32:1ch:v1,float32:1ch,v1,validation,25600.0,102815.0,3.7802832069185874,0.1966417652043313,7.7081349235125245,3.927851716593937,1.0390363635733093
blur,1ch,M2_byte_affine,shared,blur:float32:1ch:v2,float32:1ch,v2,validation,65536.0,262564.0,8.652812834201884,0.2579124643561535,12.864182406430565,4.211369572228682,0.4867052660127404
blur,1ch,M2_byte_affine,shared,blur:float32:1ch:v3,float32:1ch,v3,validation,200704.0,803236.0,24.823284669959218,4.824201549280144,30.31487383288246,5.4915891629232405,0.22122733699175123
blur,1ch,M2_byte_affine,shared,blur:uint8:1ch:v0,uint8:1ch,v0,validation,6400.0,6805.0,1.2150102209610243,0.04828653216687504,4.609322919462664,3.39431269850164,2.7936495018263097
blur,1ch,M2_byte_affine,shared,blur:uint8:1ch:v1,uint8:1ch,v1,validation,25600.0,26005.0,3.8441834373710058,0.19638314586331515,5.2290207684133705,1.3848373310423647,0.36024226044463675
blur,1ch,M2_byte_affine,shared,blur:uint8:1ch:v2,uint8:1ch,v2,validation,65536.0,65955.0,8.730368727555673,0.27172290618266565,6.5184441572457,-2.2119245703099732,-0.2533598109468702
blur,1ch,M2_byte_affine,shared,blur:uint8:1ch:v3,uint8:1ch,v3,validation,200704.0,201123.0,27.34011817796681,2.711696675231116,10.881117013858672,-16.459001164108138,-0.602009144838749
blur,1ch,M2_byte_affine,shared,blur:float32:1ch:t0,float32:1ch,t0,train,4096.0,16790.0,0.9094541380181909,0.03482591234641074,4.931598076846664,4.022143938828473,4.422591278316909
blur,1ch,M2_byte_affine,shared,blur:float32:1ch:t1,float32:1ch,t1,train,9216.0,37270.0,1.569673866033554,0.08071105998145386,5.592609115727418,4.022935249693864,2.5629115300616645
blur,1ch,M2_byte_affine,shared,blur:float32:1ch:t2,float32:1ch,t2,train,20736.0,83359.0,3.2934570064147315,0.388275348719399,7.080174436575809,3.7867174301610773,1.1497698080726764
blur,1ch,M2_byte_affine,shared,blur:float32:1ch:t3,float32:1ch,t3,train,36864.0,147871.0,5.427929859918852,0.2932935058184816,9.162359209050182,3.7344293491313296,0.6880025065738707
blur,1ch,M2_byte_affine,shared,blur:float32:1ch:t4,float32:1ch,t4,train,50176.0,201119.0,6.9700696238084605,0.4509285987801827,10.880987910140142,3.9109182863316816,0.5611017532698257
blur,1ch,M2_byte_affine,shared,blur:float32:1ch:t5,float32:1ch,t5,train,82944.0,332196.0,10.753636798632407,0.5033121751371753,15.111619938625129,4.357983139992722,0.40525667935399756
blur,1ch,M2_byte_affine,shared,blur:float32:1ch:t6,float32:1ch,t6,train,147456.0,590244.0,20.1358906048976,2.57104706231566,23.44035902852262,3.3044684236250212,0.16410838181755338
blur,1ch,M2_byte_affine,shared,blur:float32:1ch:t7,float32:1ch,t7,train,262144.0,1048996.0,35.7575117655059,7.883679370857692,38.24700629945149,2.4894945339455887,0.06962158190064897
blur,1ch,M2_byte_affine,shared,blur:uint8:1ch:t0,uint8:1ch,t0,train,4096.0,4501.0,0.9265565367725989,0.027837861277773945,4.534959177588579,3.60840264081598,3.894422517793511
blur,1ch,M2_byte_affine,shared,blur:uint8:1ch:t1,uint8:1ch,t1,train,9216.0,9621.0,1.6183962843691309,0.0911290635168446,4.700211937308768,3.081815652939637,1.9042404401842554
blur,1ch,M2_byte_affine,shared,blur:uint8:1ch:t2,uint8:1ch,t2,train,20736.0,21141.0,3.1958938615086177,0.15448296823884033,5.072030646679192,1.8761367851705741,0.5870460242021136
blur,1ch,M2_byte_affine,shared,blur:uint8:1ch:t3,uint8:1ch,t3,train,36864.0,37269.0,5.3986620491681,0.31485857561902836,5.592576839797784,0.19391479062968475,0.035919046027258886
blur,1ch,M2_byte_affine,shared,blur:uint8:1ch:t4,uint8:1ch,t4,train,50176.0,50581.0,7.10466499632507,0.5025019416095186,6.022234015070275,-1.0824309812547952,-0.15235496421220268
blur,1ch,M2_byte_affine,shared,blur:uint8:1ch:t5,uint8:1ch,t5,train,82944.0,83363.0,10.925367324182128,0.5011305180958722,7.08030354029434,-3.845063783887788,-0.3519390854142865
blur,1ch,M2_byte_affine,shared,blur:uint8:1ch:t6,uint8:1ch,t6,train,147456.0,147875.0,19.51089357088386,2.173292364389319,9.162488312768714,-10.348405258115145,-0.5303911489506605
blur,1ch,M2_byte_affine,shared,blur:uint8:1ch:t7,uint8:1ch,t7,train,262144.0,262563.0,35.97761032850886,8.146301882208311,12.864150130500931,-23.113460198007928,-0.6424401172551667
blur,1ch,M3_element_prop,shared,blur:float32:1ch:v0,float32:1ch,v0,validation,6400.0,26006.0,1.1934437051725884,0.048191525063303965,0.871966859491515,-0.3214768456810734,-0.2693690907143236
blur,1ch,M3_element_prop,shared,blur:float32:1ch:v1,float32:1ch,v1,validation,25600.0,102815.0,3.7802832069185874,0.1966417652043313,3.48786743796606,-0.2924157689525275,-0.07735287356707955
blur,1ch,M3_element_prop,shared,blur:float32:1ch:v2,float32:1ch,v2,validation,65536.0,262564.0,8.652812834201884,0.2579124643561535,8.928940641193114,0.2761278069912301,0.03191191260947915
blur,1ch,M3_element_prop,shared,blur:float32:1ch:v3,float32:1ch,v3,validation,200704.0,803236.0,24.823284669959218,4.824201549280144,27.34488071365391,2.521596043694693,0.10158188479972967
blur,1ch,M3_element_prop,shared,blur:uint8:1ch:v0,uint8:1ch,v0,validation,6400.0,6805.0,1.2150102209610243,0.04828653216687504,0.871966859491515,-0.3430433614695093,-0.2823378400867902
blur,1ch,M3_element_prop,shared,blur:uint8:1ch:v1,uint8:1ch,v1,validation,25600.0,26005.0,3.8441834373710058,0.19638314586331515,3.48786743796606,-0.35631599940494585,-0.09268964533300898
blur,1ch,M3_element_prop,shared,blur:uint8:1ch:v2,uint8:1ch,v2,validation,65536.0,65955.0,8.730368727555673,0.27172290618266565,8.928940641193114,0.19857191363744064,0.022744962994596996
blur,1ch,M3_element_prop,shared,blur:uint8:1ch:v3,uint8:1ch,v3,validation,200704.0,201123.0,27.34011817796681,2.711696675231116,27.34488071365391,0.004762535687099501,0.0001741958705554386
blur,1ch,M3_element_prop,shared,blur:float32:1ch:t0,float32:1ch,t0,train,4096.0,16790.0,0.9094541380181909,0.03482591234641074,0.5580587900745696,-0.35139534794362126,-0.3863805037045119
blur,1ch,M3_element_prop,shared,blur:float32:1ch:t1,float32:1ch,t1,train,9216.0,37270.0,1.569673866033554,0.08071105998145386,1.2556322776677815,-0.31404158836577256,-0.2000680492689425
blur,1ch,M3_element_prop,shared,blur:float32:1ch:t2,float32:1ch,t2,train,20736.0,83359.0,3.2934570064147315,0.388275348719399,2.8251726247525086,-0.46828438166222286,-0.14218627440714607
blur,1ch,M3_element_prop,shared,blur:float32:1ch:t3,float32:1ch,t3,train,36864.0,147871.0,5.427929859918852,0.2932935058184816,5.022529110671126,-0.4054007492477263,-0.07468791228149492
blur,1ch,M3_element_prop,shared,blur:float32:1ch:t4,float32:1ch,t4,train,50176.0,201119.0,6.9700696238084605,0.4509285987801827,6.836220178413478,-0.13384944539498278,-0.01920345887762412
blur,1ch,M3_element_prop,shared,blur:float32:1ch:t5,float32:1ch,t5,train,82944.0,332196.0,10.753636798632407,0.5033121751371753,11.300690499010035,0.5470537003776279,0.05087150613522668
blur,1ch,M3_element_prop,shared,blur:float32:1ch:t6,float32:1ch,t6,train,147456.0,590244.0,20.1358906048976,2.57104706231566,20.090116442684504,-0.04577416221309605,-0.0022732623607898683
blur,1ch,M3_element_prop,shared,blur:float32:1ch:t7,float32:1ch,t7,train,262144.0,1048996.0,35.7575117655059,7.883679370857692,35.715762564772454,-0.04174920073344879,-0.0011675644828766545
blur,1ch,M3_element_prop,shared,blur:uint8:1ch:t0,uint8:1ch,t0,train,4096.0,4501.0,0.9265565367725989,0.027837861277773945,0.5580587900745696,-0.36849774669802926,-0.3977067044193421
blur,1ch,M3_element_prop,shared,blur:uint8:1ch:t1,uint8:1ch,t1,train,9216.0,9621.0,1.6183962843691309,0.0911290635168446,1.2556322776677815,-0.36276400670134934,-0.22415029631803612
blur,1ch,M3_element_prop,shared,blur:uint8:1ch:t2,uint8:1ch,t2,train,20736.0,21141.0,3.1958938615086177,0.15448296823884033,2.8251726247525086,-0.370721236756109,-0.1159992330224354
blur,1ch,M3_element_prop,shared,blur:uint8:1ch:t3,uint8:1ch,t3,train,36864.0,37269.0,5.3986620491681,0.31485857561902836,5.022529110671126,-0.3761329384969736,-0.06967151028743007
blur,1ch,M3_element_prop,shared,blur:uint8:1ch:t4,uint8:1ch,t4,train,50176.0,50581.0,7.10466499632507,0.5025019416095186,6.836220178413478,-0.26844481791159236,-0.03778430341901371
blur,1ch,M3_element_prop,shared,blur:uint8:1ch:t5,uint8:1ch,t5,train,82944.0,83363.0,10.925367324182128,0.5011305180958722,11.300690499010035,0.37532317482790667,0.03435336897068615
blur,1ch,M3_element_prop,shared,blur:uint8:1ch:t6,uint8:1ch,t6,train,147456.0,147875.0,19.51089357088386,2.173292364389319,20.090116442684504,0.5792228718006456,0.02968715244621194
blur,1ch,M3_element_prop,shared,blur:uint8:1ch:t7,uint8:1ch,t7,train,262144.0,262563.0,35.97761032850886,8.146301882208311,35.715762564772454,-0.26184776373640517,-0.007278075484877759
blur,1ch,M4_element_affine,shared,blur:float32:1ch:v0,float32:1ch,v0,validation,6400.0,26006.0,1.1934437051725884,0.048191525063303965,1.1254697165874847,-0.06797398858510362,-0.05695617505081536
blur,1ch,M4_element_affine,shared,blur:float32:1ch:v1,float32:1ch,v1,validation,25600.0,102815.0,3.7802832069185874,0.1966417652043313,3.710838739394977,-0.06944446752361033,-0.01837017591605694
blur,1ch,M4_element_affine,shared,blur:float32:1ch:v2,float32:1ch,v2,validation,65536.0,262564.0,8.652812834201884,0.2579124643561535,9.088406306834562,0.43559347263267867,0.05034125676576672
blur,1ch,M4_element_affine,shared,blur:float32:1ch:v3,float32:1ch,v3,validation,200704.0,803236.0,24.823284669959218,4.824201549280144,27.28940422739931,2.4661195574400914,0.0993470280113475
blur,1ch,M4_element_affine,shared,blur:uint8:1ch:v0,uint8:1ch,v0,validation,6400.0,6805.0,1.2150102209610243,0.04828653216687504,1.1254697165874847,-0.08954050437353955,-0.07369526842557474
blur,1ch,M4_element_affine,shared,blur:uint8:1ch:v1,uint8:1ch,v1,validation,25600.0,26005.0,3.8441834373710058,0.19638314586331515,3.710838739394977,-0.13334469797602866,-0.034687392042670476
blur,1ch,M4_element_affine,shared,blur:uint8:1ch:v2,uint8:1ch,v2,validation,65536.0,65955.0,8.730368727555673,0.27172290618266565,9.088406306834562,0.35803757927888924,0.04101059078396252
blur,1ch,M4_element_affine,shared,blur:uint8:1ch:v3,uint8:1ch,v3,validation,200704.0,201123.0,27.34011817796681,2.711696675231116,27.28940422739931,-0.05071395056750205,-0.0018549279939971887
blur,1ch,M4_element_affine,shared,blur:float32:1ch:t0,float32:1ch,t0,train,4096.0,16790.0,0.9094541380181909,0.03482591234641074,0.8152254338505855,-0.09422870416760531,-0.10361017694959408
blur,1ch,M4_element_affine,shared,blur:float32:1ch:t1,float32:1ch,t1,train,9216.0,37270.0,1.569673866033554,0.08071105998145386,1.504657173265917,-0.065016692767637,-0.04142051044777168
blur,1ch,M4_element_affine,shared,blur:float32:1ch:t2,float32:1ch,t2,train,20736.0,83359.0,3.2934570064147315,0.388275348719399,3.0558785869504126,-0.2375784194643189,-0.07213648728420705
blur,1ch,M4_element_affine,shared,blur:float32:1ch:t3,float32:1ch,t3,train,36864.0,147871.0,5.427929859918852,0.2932935058184816,5.2275885661087065,-0.20034129381014587,-0.03690933725756378
blur,1ch,M4_element_affine,shared,blur:float32:1ch:t4,float32:1ch,t4,train,50176.0,201119.0,6.9700696238084605,0.4509285987801827,7.020111088588568,0.05004146478010707,0.0071794784673563
blur,1ch,M4_element_affine,shared,blur:float32:1ch:t5,float32:1ch,t5,train,82944.0,332196.0,10.753636798632407,0.5033121751371753,11.43247422084669,0.6788374222142828,0.063126311119287
blur,1ch,M4_element_affine,shared,blur:float32:1ch:t6,float32:1ch,t6,train,147456.0,590244.0,20.1358906048976,2.57104706231566,20.119314137479865,-0.01657646741773533,-0.0008232299103623199
blur,1ch,M4_element_affine,shared,blur:float32:1ch:t7,float32:1ch,t7,train,262144.0,1048996.0,35.7575117655059,7.883679370857692,35.56258510038329,-0.19492666512261536,-0.0054513486956509856
blur,1ch,M4_element_affine,shared,blur:uint8:1ch:t0,uint8:1ch,t0,train,4096.0,4501.0,0.9265565367725989,0.027837861277773945,0.8152254338505855,-0.11133110292201331,-0.12015575790960813
blur,1ch,M4_element_affine,shared,blur:uint8:1ch:t1,uint8:1ch,t1,train,9216.0,9621.0,1.6183962843691309,0.0911290635168446,1.504657173265917,-0.11373911110321377,-0.07027890029267496
blur,1ch,M4_element_affine,shared,blur:uint8:1ch:t2,uint8:1ch,t2,train,20736.0,21141.0,3.1958938615086177,0.15448296823884033,3.0558785869504126,-0.14001527455820506,-0.04381099017228032
blur,1ch,M4_element_affine,shared,blur:uint8:1ch:t3,uint8:1ch,t3,train,36864.0,37269.0,5.3986620491681,0.31485857561902836,5.2275885661087065,-0.17107348305939318,-0.03168812596553521
blur,1ch,M4_element_affine,shared,blur:uint8:1ch:t4,uint8:1ch,t4,train,50176.0,50581.0,7.10466499632507,0.5025019416095186,7.020111088588568,-0.08455390773650251,-0.011901181516684955
blur,1ch,M4_element_affine,shared,blur:uint8:1ch:t5,uint8:1ch,t5,train,82944.0,83363.0,10.925367324182128,0.5011305180958722,11.43247422084669,0.5071068966645615,0.046415546646393746
blur,1ch,M4_element_affine,shared,blur:uint8:1ch:t6,uint8:1ch,t6,train,147456.0,147875.0,19.51089357088386,2.173292364389319,20.119314137479865,0.6084205665960063,0.031183634126524754
blur,1ch,M4_element_affine,shared,blur:uint8:1ch:t7,uint8:1ch,t7,train,262144.0,262563.0,35.97761032850886,8.146301882208311,35.56258510038329,-0.41502522812557174,-0.011535652989067577
blur,1ch,M1_byte_prop_anchored,shared,blur:float32:1ch:v0,float32:1ch,v0,validation,6400.0,26006.0,1.1934437051725884,0.048191525063303965,0.9012755166680563,-0.2921681885045321,-0.24481103485503788
blur,1ch,M1_byte_prop_anchored,shared,blur:float32:1ch:v1,float32:1ch,v1,validation,25600.0,102815.0,3.7802832069185874,0.1966417652043313,3.5632024242954015,-0.21708078262318597,-0.05742447608842896
blur,1ch,M1_byte_prop_anchored,shared,blur:float32:1ch:v2,float32:1ch,v2,validation,65536.0,262564.0,8.652812834201884,0.2579124643561535,9.09953490573066,0.44672207152877697,0.051627381764577554
blur,1ch,M1_byte_prop_anchored,shared,blur:float32:1ch:v3,float32:1ch,v3,validation,200704.0,803236.0,24.823284669959218,4.824201549280144,27.837304503052483,3.014019833093265,0.12141905767776125
blur,1ch,M1_byte_prop_anchored,shared,blur:uint8:1ch:v0,uint8:1ch,v0,validation,6400.0,6805.0,1.2150102209610243,0.04828653216687504,0.23583711031785448,-0.9791731106431698,-0.8058970153096187
blur,1ch,M1_byte_prop_anchored,shared,blur:uint8:1ch:v1,uint8:1ch,v1,validation,25600.0,26005.0,3.8441834373710058,0.19638314586331515,0.9012408602227487,-2.942942577148257,-0.7655572698583039
blur,1ch,M1_byte_prop_anchored,shared,blur:uint8:1ch:v2,uint8:1ch,v2,validation,65536.0,65955.0,8.730368727555673,0.27172290618266565,2.2857658502592346,-6.444602877296438,-0.7381822095274545
blur,1ch,M1_byte_prop_anchored,shared,blur:uint8:1ch:v3,uint8:1ch,v3,validation,200704.0,201123.0,27.34011817796681,2.711696675231116,6.970208249589691,-20.36990992837712,-0.7450556649309976
blur,1ch,M1_byte_prop_anchored,shared,blur:float32:1ch:t0,float32:1ch,t0,train,4096.0,16790.0,0.9094541380181909,0.03482591234641074,0.581881716713707,-0.32757242130448383,-0.3601857505627532
blur,1ch,M1_byte_prop_anchored,shared,blur:float32:1ch:t1,float32:1ch,t1,train,9216.0,37270.0,1.569673866033554,0.08071105998145386,1.291645716612261,-0.27802814942129306,-0.17712478715330143
blur,1ch,M1_byte_prop_anchored,shared,blur:float32:1ch:t2,float32:1ch,t2,train,20736.0,83359.0,3.2934570064147315,0.388275348719399,2.8889266243917753,-0.4045303820229562,-0.1228284994263002
blur,1ch,M1_byte_prop_anchored,shared,blur:float32:1ch:t3,float32:1ch,t3,train,36864.0,147871.0,5.427929859918852,0.2932935058184816,5.12468322407222,-0.3032466358466319,-0.05586782505903005
blur,1ch,M1_byte_prop_anchored,shared,blur:float32:1ch:t4,float32:1ch,t4,train,50176.0,201119.0,6.9700696238084605,0.4509285987801827,6.9700696238084605,0.0,0.0
blur,1ch,M1_byte_prop_anchored,shared,blur:float32:1ch:t5,float32:1ch,t5,train,82944.0,332196.0,10.753636798632407,0.5033121751371753,11.512732505385744,0.759095706753337,0.07058967314665816
blur,1ch,M1_byte_prop_anchored,shared,blur:float32:1ch:t6,float32:1ch,t6,train,147456.0,590244.0,20.1358906048976,2.57104706231566,20.455758904107523,0.3198682992099222,0.015885480582225723
blur,1ch,M1_byte_prop_anchored,shared,blur:float32:1ch:t7,float32:1ch,t7,train,262144.0,1048996.0,35.7575117655059,7.883679370857692,36.354472501835126,0.5969607363292226,0.016694694537025673
blur,1ch,M1_byte_prop_anchored,shared,blur:uint8:1ch:t0,uint8:1ch,t0,train,4096.0,4501.0,0.9265565367725989,0.027837861277773945,0.15598866032926714,-0.7705678764433317,-0.8316469053549499
blur,1ch,M1_byte_prop_anchored,shared,blur:uint8:1ch:t1,uint8:1ch,t1,train,9216.0,9621.0,1.6183962843691309,0.0911290635168446,0.33342966030390564,-1.284966624065225,-0.7939752682799316
blur,1ch,M1_byte_prop_anchored,shared,blur:uint8:1ch:t2,uint8:1ch,t2,train,20736.0,21141.0,3.1958938615086177,0.15448296823884033,0.7326719102468422,-2.4632219512617755,-0.7707458564030705
blur,1ch,M1_byte_prop_anchored,shared,blur:uint8:1ch:t3,uint8:1ch,t3,train,36864.0,37269.0,5.3986620491681,0.31485857561902836,1.2916110601669535,-4.107050989001146,-0.7607534888452625
blur,1ch,M1_byte_prop_anchored,shared,blur:uint8:1ch:t4,uint8:1ch,t4,train,50176.0,50581.0,7.10466499632507,0.5025019416095186,1.7529576601010135,-5.351707336224057,-0.7532666690114536
blur,1ch,M1_byte_prop_anchored,shared,blur:uint8:1ch:t5,uint8:1ch,t5,train,82944.0,83363.0,10.925367324182128,0.5011305180958722,2.8890652501730054,-8.036302074009122,-0.7355635591511536
blur,1ch,M1_byte_prop_anchored,shared,blur:uint8:1ch:t6,uint8:1ch,t6,train,147456.0,147875.0,19.51089357088386,2.173292364389319,5.124821849853451,-14.386071721030408,-0.7373353592835322
blur,1ch,M1_byte_prop_anchored,shared,blur:uint8:1ch:t7,uint8:1ch,t7,train,262144.0,262563.0,35.97761032850886,8.146301882208311,9.099500249285352,-26.878110079223507,-0.7470788035614789
blur,1ch,M5_repr_element_affine,float32:1ch,blur:float32:1ch:v0,float32:1ch,v0,validation,6400.0,26006.0,1.1934437051725884,0.048191525063303965,1.1329960034916269,-0.060447701680961474,-0.05064981399539068
blur,1ch,M5_repr_element_affine,float32:1ch,blur:float32:1ch:v1,float32:1ch,v1,validation,25600.0,102815.0,3.7802832069185874,0.1966417652043313,3.7190334056979313,-0.06124980122065615,-0.016202437190038613
blur,1ch,M5_repr_element_affine,float32:1ch,blur:float32:1ch:v2,float32:1ch,v2,validation,65536.0,262564.0,8.652812834201884,0.2579124643561535,9.097991202287044,0.44517836808516087,0.05144897695296366
blur,1ch,M5_repr_element_affine,float32:1ch,blur:float32:1ch:v3,float32:1ch,v3,validation,200704.0,803236.0,24.823284669959218,4.824201549280144,27.303694513819426,2.4804098438602082,0.09992270873249762
blur,1ch,M5_repr_element_affine,float32:1ch,blur:float32:1ch:t0,float32:1ch,t0,train,4096.0,16790.0,0.9094541380181909,0.03482591234641074,0.8226715152268704,-0.08678262279132043,-0.09542275873353012
blur,1ch,M5_repr_element_affine,float32:1ch,blur:float32:1ch:t1,float32:1ch,t1,train,9216.0,37270.0,1.569673866033554,0.08071105998145386,1.5122814891485514,-0.05739237688500265,-0.03656324930097027
blur,1ch,M5_repr_element_affine,float32:1ch,blur:float32:1ch:t2,float32:1ch,t2,train,20736.0,83359.0,3.2934570064147315,0.388275348719399,3.063903930472334,-0.22955307594239738,-0.06969973359157029
blur,1ch,M5_repr_element_affine,float32:1ch,blur:float32:1ch:t3,float32:1ch,t3,train,36864.0,147871.0,5.427929859918852,0.2932935058184816,5.23617534832563,-0.19175451159322243,-0.03532737462382927
blur,1ch,M5_repr_element_affine,float32:1ch,blur:float32:1ch:t4,float32:1ch,t4,train,50176.0,201119.0,6.9700696238084605,0.4509285987801827,7.029161280522001,0.059091656713540885,0.008477914842011732
blur,1ch,M5_repr_element_affine,float32:1ch,blur:float32:1ch:t5,float32:1ch,t5,train,82944.0,332196.0,10.753636798632407,0.5033121751371753,11.44266511362076,0.689028314988354,0.0640739805417253
blur,1ch,M5_repr_element_affine,float32:1ch,blur:float32:1ch:t6,float32:1ch,t6,train,147456.0,590244.0,20.1358906048976,2.57104706231566,20.13175078503394,-0.004139819863659966,-0.00020559407800184652
blur,1ch,M5_repr_element_affine,float32:1ch,blur:float32:1ch:t7,float32:1ch,t7,train,262144.0,1048996.0,35.7575117655059,7.883679370857692,35.5790142008796,-0.17849756462630495,-0.004991889978163852
blur,1ch,M5_repr_element_affine,uint8:1ch,blur:uint8:1ch:v0,uint8:1ch,v0,validation,6400.0,6805.0,1.2150102209610243,0.04828653216687504,1.1179434296833424,-0.09706679127768192,-0.0798896911343725
blur,1ch,M5_repr_element_affine,uint8:1ch,blur:uint8:1ch:v1,uint8:1ch,v1,validation,25600.0,26005.0,3.8441834373710058,0.19638314586331515,3.7026440730920234,-0.1415393642789824,-0.03681909736747099
blur,1ch,M5_repr_element_affine,uint8:1ch,blur:uint8:1ch:v2,uint8:1ch,v2,validation,65536.0,65955.0,8.730368727555673,0.27172290618266565,9.078821411382078,0.34845268382640526,0.039912710986259224
blur,1ch,M5_repr_element_affine,uint8:1ch,blur:uint8:1ch:v3,uint8:1ch,v3,validation,200704.0,201123.0,27.34011817796681,2.711696675231116,27.275113940979193,-0.06500423698761892,-0.0023776136066597305
blur,1ch,M5_repr_element_affine,uint8:1ch,blur:uint8:1ch:t0,uint8:1ch,t0,train,4096.0,4501.0,0.9265565367725989,0.027837861277773945,0.8077793524743007,-0.1187771842982982,-0.12819205259942948
blur,1ch,M5_repr_element_affine,uint8:1ch,blur:uint8:1ch:t1,uint8:1ch,t1,train,9216.0,9621.0,1.6183962843691309,0.0911290635168446,1.4970328573832823,-0.12136342698584857,-0.07498993179730229
blur,1ch,M5_repr_element_affine,uint8:1ch,blur:uint8:1ch:t2,uint8:1ch,t2,train,20736.0,21141.0,3.1958938615086177,0.15448296823884033,3.0478532434284906,-0.14804061808012703,-0.046322132240726115
blur,1ch,M5_repr_element_affine,uint8:1ch,blur:uint8:1ch:t3,uint8:1ch,t3,train,36864.0,37269.0,5.3986620491681,0.31485857561902836,5.219001783891783,-0.17966026527631662,-0.033278664906243045
blur,1ch,M5_repr_element_affine,uint8:1ch,blur:uint8:1ch:t4,uint8:1ch,t4,train,50176.0,50581.0,7.10466499632507,0.5025019416095186,7.011060896655135,-0.09360409966993544,-0.013175019472185207
blur,1ch,M5_repr_element_affine,uint8:1ch,blur:uint8:1ch:t5,uint8:1ch,t5,train,82944.0,83363.0,10.925367324182128,0.5011305180958722,11.422283328072615,0.49691600389048673,0.04548277317785156
blur,1ch,M5_repr_element_affine,uint8:1ch,blur:uint8:1ch:t6,uint8:1ch,t6,train,147456.0,147875.0,19.51089357088386,2.173292364389319,20.106877489925786,0.5959839190419274,0.0305462134205537
blur,1ch,M5_repr_element_affine,uint8:1ch,blur:uint8:1ch:t7,uint8:1ch,t7,train,262144.0,262563.0,35.97761032850886,8.146301882208311,35.54615599988697,-0.43145432862188926,-0.011992300897205573
blur,3ch,M2_byte_affine,shared,blur:float32:3ch:v0,float32:3ch,v0,validation,19200.0,77216.0,1.4147147295686107,0.06418250265726357,6.545565898628893,5.130851169060282,3.6267744032217957
blur,3ch,M2_byte_affine,shared,blur:float32:3ch:v1,float32:3ch,v1,validation,76800.0,307618.0,4.437902649709334,0.2178509538628073,9.704992018659352,5.2670893689500184,1.1868420253190983
blur,3ch,M2_byte_affine,shared,blur:float32:3ch:v2,float32:3ch,v2,validation,196608.0,786855.0,10.517050672479831,0.37945345137134495,16.27660986696378,5.75955919448395,0.5476401487305846
blur,3ch,M2_byte_affine,shared,blur:float32:3ch:v3,float32:3ch,v3,validation,602112.0,2408871.0,33.36427419073984,8.169013764587627,38.51877667761354,5.154502486873696,0.15449167146289408
blur,3ch,M2_byte_affine,shared,blur:uint8:3ch:v0,uint8:3ch,v0,validation,19200.0,19606.0,1.4769610506482422,0.04042047029498749,5.755579098275794,4.2786180476275515,2.896906486294716
blur,3ch,M2_byte_affine,shared,blur:uint8:3ch:v1,uint8:3ch,v1,validation,76800.0,77217.0,4.636861905455589,0.22551869406541783,6.545579611296839,1.9087177058412497,0.41163997219660803
blur,3ch,M2_byte_affine,shared,blur:uint8:3ch:v2,uint8:3ch,v2,validation,196608.0,197030.0,10.64690839026251,0.4745540558530487,8.188535495877742,-2.458372894384768,-0.23090016409206224
blur,3ch,M2_byte_affine,shared,blur:uint8:3ch:v3,uint8:3ch,v3,validation,602112.0,602534.0,34.93616830968094,7.1087000048913485,13.749077198540181,-21.187091111140756,-0.6064514838414531
blur,3ch,M2_byte_affine,shared,blur:float32:3ch:t0,float32:3ch,t0,train,12288.0,49561.0,1.0483491250003378,0.03674591270303875,6.166342066589925,5.117992941589587,4.881954703389424
blur,3ch,M2_byte_affine,shared,blur:float32:3ch:t1,float32:3ch,t1,train,27648.0,111008.0,1.8436820114341874,0.06273466727791303,7.008944373850762,5.165262362416575,2.8016015399524092
blur,3ch,M2_byte_affine,shared,blur:float32:3ch:t2,float32:3ch,t2,train,62208.0,249248.0,3.6912948979685702,0.14915010047438237,8.904583590667503,5.213288692698933,1.4123197514151367
blur,3ch,M2_byte_affine,shared,blur:float32:3ch:t3,float32:3ch,t3,train,110592.0,442786.0,6.354811818755606,0.33143735002397906,11.558505919546832,5.203694100791226,0.8188588819314887
blur,3ch,M2_byte_affine,shared,blur:float32:3ch:t4,float32:3ch,t4,train,150528.0,602530.0,8.053652985083016,0.3486923652718969,13.7490223478684,5.695369362785385,0.707178391387654
blur,3ch,M2_byte_affine,shared,blur:float32:3ch:t5,float32:3ch,t5,train,248832.0,995751.0,13.679758789307186,1.46731118031968,19.141131350153525,5.461372560846339,0.3992301797832308
blur,3ch,M2_byte_affine,shared,blur:float32:3ch:t6,float32:3ch,t6,train,442368.0,1769895.0,22.97352415681597,3.932096916964358,29.756710964327272,6.783186807511303,0.2952610475088478
blur,3ch,M2_byte_affine,shared,blur:float32:3ch:t7,float32:3ch,t7,train,786432.0,3146151.0,46.09784001324697,8.616267020052662,48.62885250063616,2.5310124873891837,0.054905229543550316
blur,3ch,M2_byte_affine,shared,blur:uint8:3ch:t0,uint8:3ch,t0,train,12288.0,12694.0,1.0712821696264048,0.0410198445822618,5.660797137434956,4.589514967808552,4.284132694385349
blur,3ch,M2_byte_affine,shared,blur:uint8:3ch:t1,uint8:3ch,t1,train,27648.0,28054.0,1.9797924424832065,0.12646178977759875,5.871423717081261,3.891631274598055,1.96567639672211
blur,3ch,M2_byte_affine,shared,blur:uint8:3ch:t2,uint8:3ch,t2,train,62208.0,62614.0,3.83606736936296,0.15714367686731243,6.345333521285446,2.509266151922486,0.6541246308557895
blur,3ch,M2_byte_affine,shared,blur:uint8:3ch:t3,uint8:3ch,t3,train,110592.0,111009.0,6.463222950089908,0.275821958130395,7.008958086518708,0.5457351364288003,0.08443699693528424
blur,3ch,M2_byte_affine,shared,blur:uint8:3ch:t4,uint8:3ch,t4,train,150528.0,150945.0,8.28813892810605,0.3435839157031051,7.5565871935991,-0.7315517345069509,-0.08826489768724474
blur,3ch,M2_byte_affine,shared,blur:uint8:3ch:t5,uint8:3ch,t5,train,248832.0,249254.0,13.614195286021072,0.8814041685975825,8.904665866675177,-4.709529419345895,-0.34592785841566376
blur,3ch,M2_byte_affine,shared,blur:uint8:3ch:t6,uint8:3ch,t6,train,442368.0,442790.0,25.57327558770781,3.8829657858260527,11.558560770218616,-14.014714817489192,-0.5480218898601157
blur,3ch,M2_byte_affine,shared,blur:uint8:3ch:t7,uint8:3ch,t7,train,786432.0,786854.0,49.52812702974018,15.805998270763508,16.276596154295838,-33.251530875444345,-0.6713666126618877
blur,3ch,M3_element_prop,shared,blur:float32:3ch:v0,float32:3ch,v0,validation,19200.0,77216.0,1.4147147295686107,0.06418250265726357,1.1316331112828555,-0.2830816182857552,-0.20009802143791586
blur,3ch,M3_element_prop,shared,blur:float32:3ch:v1,float32:3ch,v1,validation,76800.0,307618.0,4.437902649709334,0.2178509538628073,4.526532445131422,0.08862979542208826,0.019971099507532727
blur,3ch,M3_element_prop,shared,blur:float32:3ch:v2,float32:3ch,v2,validation,196608.0,786855.0,10.517050672479831,0.37945345137134495,11.587923059536442,1.0708723870566104,0.10182249952059114
blur,3ch,M3_element_prop,shared,blur:float32:3ch:v3,float32:3ch,v3,validation,602112.0,2408871.0,33.36427419073984,8.169013764587627,35.48801436983035,2.123740179090511,0.06365312090858997
blur,3ch,M3_element_prop,shared,blur:uint8:3ch:v0,uint8:3ch,v0,validation,19200.0,19606.0,1.4769610506482422,0.04042047029498749,1.1316331112828555,-0.34532793936538675,-0.23380978070736624
blur,3ch,M3_element_prop,shared,blur:uint8:3ch:v1,uint8:3ch,v1,validation,76800.0,77217.0,4.636861905455589,0.22551869406541783,4.526532445131422,-0.11032946032416735,-0.023793993130215307
blur,3ch,M3_element_prop,shared,blur:uint8:3ch:v2,uint8:3ch,v2,validation,196608.0,197030.0,10.64690839026251,0.4745540558530487,11.587923059536442,0.9410146692739314,0.0883838420301022
blur,3ch,M3_element_prop,shared,blur:uint8:3ch:v3,uint8:3ch,v3,validation,602112.0,602534.0,34.93616830968094,7.1087000048913485,35.48801436983035,0.5518460601494155,0.015795838148526923
blur,3ch,M3_element_prop,shared,blur:float32:3ch:t0,float32:3ch,t0,train,12288.0,49561.0,1.0483491250003378,0.03674591270303875,0.7242451912210276,-0.32410393377931024,-0.30915648809189
blur,3ch,M3_element_prop,shared,blur:float32:3ch:t1,float32:3ch,t1,train,27648.0,111008.0,1.8436820114341874,0.06273466727791303,1.629551680247312,-0.2141303311868754,-0.11614276749400235
blur,3ch,M3_element_prop,shared,blur:float32:3ch:t2,float32:3ch,t2,train,62208.0,249248.0,3.6912948979685702,0.14915010047438237,3.666491280556452,-0.02480361741211823,-0.0067194895281242365
blur,3ch,M3_element_prop,shared,blur:float32:3ch:t3,float32:3ch,t3,train,110592.0,442786.0,6.354811818755606,0.33143735002397906,6.518206720989248,0.16339490223364184,0.02571199697076753
blur,3ch,M3_element_prop,shared,blur:float32:3ch:t4,float32:3ch,t4,train,150528.0,602530.0,8.053652985083016,0.3486923652718969,8.872003592457588,0.8183506073745725,0.1016123501832426
blur,3ch,M3_element_prop,shared,blur:float32:3ch:t5,float32:3ch,t5,train,248832.0,995751.0,13.679758789307186,1.46731118031968,14.665965122225808,0.9862063329186217,0.0720923773662948
blur,3ch,M3_element_prop,shared,blur:float32:3ch:t6,float32:3ch,t6,train,442368.0,1769895.0,22.97352415681597,3.932096916964358,26.072826883956992,3.0993027271410227,0.1349075877947745
blur,3ch,M3_element_prop,shared,blur:float32:3ch:t7,float32:3ch,t7,train,786432.0,3146151.0,46.09784001324697,8.616267020052662,46.351692238145766,0.2538522248987931,0.005506813872967681
blur,3ch,M3_element_prop,shared,blur:uint8:3ch:t0,uint8:3ch,t0,train,12288.0,12694.0,1.0712821696264048,0.0410198445822618,0.7242451912210276,-0.34703697840537717,-0.32394544429541067
blur,3ch,M3_element_prop,shared,blur:uint8:3ch:t1,uint8:3ch,t1,train,27648.0,28054.0,1.9797924424832065,0.12646178977759875,1.629551680247312,-0.3502407622358945,-0.17690781857748475
blur,3ch,M3_element_prop,shared,blur:uint8:3ch:t2,uint8:3ch,t2,train,62208.0,62614.0,3.83606736936296,0.15714367686731243,3.666491280556452,-0.1695760888065081,-0.04420571186023485
blur,3ch,M3_element_prop,shared,blur:uint8:3ch:t3,uint8:3ch,t3,train,110592.0,111009.0,6.463222950089908,0.275821958130395,6.518206720989248,0.05498377089933992,0.008507175340218623
blur,3ch,M3_element_prop,shared,blur:uint8:3ch:t4,uint8:3ch,t4,train,150528.0,150945.0,8.28813892810605,0.3435839157031051,8.872003592457588,0.5838646643515375,0.0704458105029567
blur,3ch,M3_element_prop,shared,blur:uint8:3ch:t5,uint8:3ch,t5,train,248832.0,249254.0,13.614195286021072,0.8814041685975825,14.665965122225808,1.0517698362047359,0.07725538043990622
blur,3ch,M3_element_prop,shared,blur:uint8:3ch:t6,uint8:3ch,t6,train,442368.0,442790.0,25.57327558770781,3.8829657858260527,26.072826883956992,0.4995512962491837,0.019534114608662053
blur,3ch,M3_element_prop,shared,blur:uint8:3ch:t7,uint8:3ch,t7,train,786432.0,786854.0,49.52812702974018,15.805998270763508,46.351692238145766,-3.176434791594417,-0.06413395745183462
blur,3ch,M4_element_affine,shared,blur:float32:3ch:v0,float32:3ch,v0,validation,19200.0,77216.0,1.4147147295686107,0.06418250265726357,1.1316331112828557,-0.28308161828575495,-0.2000980214379157
blur,3ch,M4_element_affine,shared,blur:float32:3ch:v1,float32:3ch,v1,validation,76800.0,307618.0,4.437902649709334,0.2178509538628073,4.526532445131423,0.08862979542208915,0.019971099507532928
blur,3ch,M4_element_affine,shared,blur:float32:3ch:v2,float32:3ch,v2,validation,196608.0,786855.0,10.517050672479831,0.37945345137134495,11.587923059536443,1.0708723870566121,0.10182249952059132
blur,3ch,M4_element_affine,shared,blur:float32:3ch:v3,float32:3ch,v3,validation,602112.0,2408871.0,33.36427419073984,8.169013764587627,35.48801436983035,2.123740179090511,0.06365312090858997
blur,3ch,M4_element_affine,shared,blur:uint8:3ch:v0,uint8:3ch,v0,validation,19200.0,19606.0,1.4769610506482422,0.04042047029498749,1.1316331112828557,-0.3453279393653865,-0.23380978070736608
blur,3ch,M4_element_affine,shared,blur:uint8:3ch:v1,uint8:3ch,v1,validation,76800.0,77217.0,4.636861905455589,0.22551869406541783,4.526532445131423,-0.11032946032416646,-0.023793993130215116
blur,3ch,M4_element_affine,shared,blur:uint8:3ch:v2,uint8:3ch,v2,validation,196608.0,197030.0,10.64690839026251,0.4745540558530487,11.587923059536443,0.9410146692739332,0.08838384203010237
blur,3ch,M4_element_affine,shared,blur:uint8:3ch:v3,uint8:3ch,v3,validation,602112.0,602534.0,34.93616830968094,7.1087000048913485,35.48801436983035,0.5518460601494155,0.015795838148526923
blur,3ch,M4_element_affine,shared,blur:float32:3ch:t0,float32:3ch,t0,train,12288.0,49561.0,1.0483491250003378,0.03674591270303875,0.7242451912210277,-0.3241039337793101,-0.3091564880918899
blur,3ch,M4_element_affine,shared,blur:float32:3ch:t1,float32:3ch,t1,train,27648.0,111008.0,1.8436820114341874,0.06273466727791303,1.6295516802473122,-0.2141303311868752,-0.11614276749400224
blur,3ch,M4_element_affine,shared,blur:float32:3ch:t2,float32:3ch,t2,train,62208.0,249248.0,3.6912948979685702,0.14915010047438237,3.6664912805564525,-0.024803617412117784,-0.006719489528124116
blur,3ch,M4_element_affine,shared,blur:float32:3ch:t3,float32:3ch,t3,train,110592.0,442786.0,6.354811818755606,0.33143735002397906,6.518206720989249,0.16339490223364272,0.02571199697076767
blur,3ch,M4_element_affine,shared,blur:float32:3ch:t4,float32:3ch,t4,train,150528.0,602530.0,8.053652985083016,0.3486923652718969,8.872003592457588,0.8183506073745725,0.1016123501832426
blur,3ch,M4_element_affine,shared,blur:float32:3ch:t5,float32:3ch,t5,train,248832.0,995751.0,13.679758789307186,1.46731118031968,14.66596512222581,0.9862063329186235,0.07209237736629492
blur,3ch,M4_element_affine,shared,blur:float32:3ch:t6,float32:3ch,t6,train,442368.0,1769895.0,22.97352415681597,3.932096916964358,26.072826883956996,3.0993027271410263,0.13490758779477463
blur,3ch,M4_element_affine,shared,blur:float32:3ch:t7,float32:3ch,t7,train,786432.0,3146151.0,46.09784001324697,8.616267020052662,46.35169223814577,0.2538522248988002,0.005506813872967835
blur,3ch,M4_element_affine,shared,blur:uint8:3ch:t0,uint8:3ch,t0,train,12288.0,12694.0,1.0712821696264048,0.0410198445822618,0.7242451912210277,-0.34703697840537706,-0.32394544429541056
blur,3ch,M4_element_affine,shared,blur:uint8:3ch:t1,uint8:3ch,t1,train,27648.0,28054.0,1.9797924424832065,0.12646178977759875,1.6295516802473122,-0.3502407622358943,-0.17690781857748464
blur,3ch,M4_element_affine,shared,blur:uint8:3ch:t2,uint8:3ch,t2,train,62208.0,62614.0,3.83606736936296,0.15714367686731243,3.6664912805564525,-0.16957608880650765,-0.04420571186023473
blur,3ch,M4_element_affine,shared,blur:uint8:3ch:t3,uint8:3ch,t3,train,110592.0,111009.0,6.463222950089908,0.275821958130395,6.518206720989249,0.05498377089934081,0.00850717534021876
blur,3ch,M4_element_affine,shared,blur:uint8:3ch:t4,uint8:3ch,t4,train,150528.0,150945.0,8.28813892810605,0.3435839157031051,8.872003592457588,0.5838646643515375,0.0704458105029567
blur,3ch,M4_element_affine,shared,blur:uint8:3ch:t5,uint8:3ch,t5,train,248832.0,249254.0,13.614195286021072,0.8814041685975825,14.66596512222581,1.0517698362047376,0.07725538043990636
blur,3ch,M4_element_affine,shared,blur:uint8:3ch:t6,uint8:3ch,t6,train,442368.0,442790.0,25.57327558770781,3.8829657858260527,26.072826883956996,0.49955129624918726,0.019534114608662192
blur,3ch,M4_element_affine,shared,blur:uint8:3ch:t7,uint8:3ch,t7,train,786432.0,786854.0,49.52812702974018,15.805998270763508,46.35169223814577,-3.17643479159441,-0.06413395745183448
blur,3ch,M1_byte_prop_anchored,shared,blur:float32:3ch:v0,float32:3ch,v0,validation,19200.0,77216.0,1.4147147295686107,0.06418250265726357,1.032099428901748,-0.38261530066686267,-0.27045403053344447
blur,3ch,M1_byte_prop_anchored,shared,blur:float32:3ch:v1,float32:3ch,v1,validation,76800.0,307618.0,4.437902649709334,0.2178509538628073,4.111743189493083,-0.32615946021625053,-0.07349405472822004
blur,3ch,M1_byte_prop_anchored,shared,blur:float32:3ch:v2,float32:3ch,v2,validation,196608.0,786855.0,10.517050672479831,0.37945345137134495,10.517413439293474,0.00036276681364277863,3.449320773855711e-05
blur,3ch,M1_byte_prop_anchored,shared,blur:float32:3ch:v3,float32:3ch,v3,validation,602112.0,2408871.0,33.36427419073984,8.169013764587627,32.197917315038104,-1.1663568757017373,-0.034958257117592456
blur,3ch,M1_byte_prop_anchored,shared,blur:uint8:3ch:v0,uint8:3ch,v0,validation,19200.0,19606.0,1.4769610506482422,0.04042047029498749,0.2620615080170906,-1.2148995426311515,-0.8225670826579542
blur,3ch,M1_byte_prop_anchored,shared,blur:uint8:3ch:v1,uint8:3ch,v1,validation,76800.0,77217.0,4.636861905455589,0.22551869406541783,1.0321127952950977,-3.6047491101604914,-0.7774113578666758
blur,3ch,M1_byte_prop_anchored,shared,blur:uint8:3ch:v2,uint8:3ch,v2,validation,196608.0,197030.0,10.64690839026251,0.4745540558530487,2.6335804817202573,-8.013327908542253,-0.7526436421554179
blur,3ch,M1_byte_prop_anchored,shared,blur:uint8:3ch:v3,uint8:3ch,v3,validation,602112.0,602534.0,34.93616830968094,7.1087000048913485,8.053706450656415,-26.882461859024524,-0.7694736761265057
blur,3ch,M1_byte_prop_anchored,shared,blur:float32:3ch:t0,float32:3ch,t0,train,12288.0,49561.0,1.0483491250003378,0.03674591270303875,0.6624518208117427,-0.38589730418859514,-0.36809999167831686
blur,3ch,M1_byte_prop_anchored,shared,blur:float32:3ch:t1,float32:3ch,t1,train,27648.0,111008.0,1.8436820114341874,0.06273466727791303,1.483776592979761,-0.35990541845442636,-0.1952101372266785
blur,3ch,M1_byte_prop_anchored,shared,blur:float32:3ch:t2,float32:3ch,t2,train,62208.0,249248.0,3.6912948979685702,0.14915010047438237,3.331546809662542,-0.35974808830602845,-0.09745850663516713
blur,3ch,M1_byte_prop_anchored,shared,blur:float32:3ch:t3,float32:3ch,t3,train,110592.0,442786.0,6.354811818755606,0.33143735002397906,5.918451845805135,-0.4363599729504708,-0.06866607311055176
blur,3ch,M1_byte_prop_anchored,shared,blur:float32:3ch:t4,float32:3ch,t4,train,150528.0,602530.0,8.053652985083016,0.3486923652718969,8.053652985083016,0.0,0.0
blur,3ch,M1_byte_prop_anchored,shared,blur:float32:3ch:t5,float32:3ch,t5,train,248832.0,995751.0,13.679758789307186,1.46731118031968,13.30959954450301,-0.37015924480417617,-0.027058901440097902
blur,3ch,M1_byte_prop_anchored,shared,blur:float32:3ch:t6,float32:3ch,t6,train,442368.0,1769895.0,22.97352415681597,3.932096916964358,23.657112757926583,0.683588601110614,0.02975549578046786
blur,3ch,M1_byte_prop_anchored,shared,blur:float32:3ch:t7,float32:3ch,t7,train,786432.0,3146151.0,46.09784001324697,8.616267020052662,42.05269180401294,-4.045148209234036,-0.08775136119331395
blur,3ch,M1_byte_prop_anchored,shared,blur:uint8:3ch:t0,uint8:3ch,t0,train,12288.0,12694.0,1.0712821696264048,0.0410198445822618,0.16967299718295156,-0.9016091724434532,-0.841616894228602
blur,3ch,M1_byte_prop_anchored,shared,blur:uint8:3ch:t1,uint8:3ch,t1,train,27648.0,28054.0,1.9797924424832065,0.12646178977759875,0.3749807990365939,-1.6048116434466126,-0.8105959033936586
blur,3ch,M1_byte_prop_anchored,shared,blur:uint8:3ch:t2,uint8:3ch,t2,train,62208.0,62614.0,3.83606736936296,0.15714367686731243,0.8369233532072891,-2.999144016155671,-0.7818277750043077
blur,3ch,M1_byte_prop_anchored,shared,blur:uint8:3ch:t3,uint8:3ch,t3,train,110592.0,111009.0,6.463222950089908,0.275821958130395,1.4837899593731108,-4.979432990716798,-0.7704256884171897
blur,3ch,M1_byte_prop_anchored,shared,blur:uint8:3ch:t4,uint8:3ch,t4,train,150528.0,150945.0,8.28813892810605,0.3435839157031051,2.0175902441925806,-6.27054868391347,-0.7565689641916238
blur,3ch,M1_byte_prop_anchored,shared,blur:uint8:3ch:t5,uint8:3ch,t5,train,248832.0,249254.0,13.614195286021072,0.8814041685975825,3.3316270080226413,-10.28256827799843,-0.7552828545478906
blur,3ch,M1_byte_prop_anchored,shared,blur:uint8:3ch:t6,uint8:3ch,t6,train,442368.0,442790.0,25.57327558770781,3.8829657858260527,5.918505311378534,-19.654770276329273,-0.768566787970511
blur,3ch,M1_byte_prop_anchored,shared,blur:uint8:3ch:t7,uint8:3ch,t7,train,786432.0,786854.0,49.52812702974018,15.805998270763508,10.517400072900124,-39.01072695684006,-0.7876479345446531
blur,3ch,M5_repr_element_affine,float32:3ch,blur:float32:3ch:v0,float32:3ch,v0,validation,19200.0,77216.0,1.4147147295686107,0.06418250265726357,1.0908352969475994,-0.32387943262101127,-0.22893621297049188
blur,3ch,M5_repr_element_affine,float32:3ch,blur:float32:3ch:v1,float32:3ch,v1,validation,76800.0,307618.0,4.437902649709334,0.2178509538628073,4.363341187790398,-0.07456146191893609,-0.01680105847383101
blur,3ch,M5_repr_element_affine,float32:3ch,blur:float32:3ch:v2,float32:3ch,v2,validation,196608.0,786855.0,10.517050672479831,0.37945345137134495,11.17015344074342,0.6531027682635884,0.06209942203402851
blur,3ch,M5_repr_element_affine,float32:3ch,blur:float32:3ch:v3,float32:3ch,v3,validation,602112.0,2408871.0,33.36427419073984,8.169013764587627,34.208594912276716,0.8443207215368744,0.025306131843599738
blur,3ch,M5_repr_element_affine,float32:3ch,blur:float32:3ch:t0,float32:3ch,t0,train,12288.0,49561.0,1.0483491250003378,0.03674591270303875,0.6981345900464637,-0.3502145349538741,-0.33406288668744893
blur,3ch,M5_repr_element_affine,float32:3ch,blur:float32:3ch:t1,float32:3ch,t1,train,27648.0,111008.0,1.8436820114341874,0.06273466727791303,1.5708028276045432,-0.27287918382964427,-0.1480077270035159
blur,3ch,M5_repr_element_affine,float32:3ch,blur:float32:3ch:t2,float32:3ch,t2,train,62208.0,249248.0,3.6912948979685702,0.14915010047438237,3.534306362110222,-0.15698853585834804,-0.0425293942092634
blur,3ch,M5_repr_element_affine,float32:3ch,blur:float32:3ch:t3,float32:3ch,t3,train,110592.0,442786.0,6.354811818755606,0.33143735002397906,6.283211310418173,-0.07160050833743359,-0.011267132745947202
blur,3ch,M5_repr_element_affine,float32:3ch,blur:float32:3ch:t4,float32:3ch,t4,train,150528.0,602530.0,8.053652985083016,0.3486923652718969,8.552148728069179,0.4984957429861634,0.061896849033535185
blur,3ch,M5_repr_element_affine,float32:3ch,blur:float32:3ch:t5,float32:3ch,t5,train,248832.0,995751.0,13.679758789307186,1.46731118031968,14.137225448440889,0.45746665913370244,0.033441134904460615
blur,3ch,M5_repr_element_affine,float32:3ch,blur:float32:3ch:t6,float32:3ch,t6,train,442368.0,1769895.0,22.97352415681597,3.932096916964358,25.13284524167269,2.159321084856721,0.09399172151896758
blur,3ch,M5_repr_element_affine,float32:3ch,blur:float32:3ch:t7,float32:3ch,t7,train,786432.0,3146151.0,46.09784001324697,8.616267020052662,44.68061376297368,-1.4172262502732949,-0.03074387541511775
blur,3ch,M5_repr_element_affine,uint8:3ch,blur:uint8:3ch:v0,uint8:3ch,v0,validation,19200.0,19606.0,1.4769610506482422,0.04042047029498749,1.1724309256181114,-0.3045301250301309,-0.20618697080499976
blur,3ch,M5_repr_element_affine,uint8:3ch,blur:uint8:3ch:v1,uint8:3ch,v1,validation,76800.0,77217.0,4.636861905455589,0.22551869406541783,4.689723702472445,0.052861797016856116,0.011400338870273568
blur,3ch,M5_repr_element_affine,uint8:3ch,blur:uint8:3ch:v2,uint8:3ch,v2,validation,196608.0,197030.0,10.64690839026251,0.4745540558530487,12.00569267832946,1.3587842880669498,0.12762242693002523
blur,3ch,M5_repr_element_affine,uint8:3ch,blur:uint8:3ch:v3,uint8:3ch,v3,validation,602112.0,602534.0,34.93616830968094,7.1087000048913485,36.767433827383975,1.831265517703038,0.052417468952815516
blur,3ch,M5_repr_element_affine,uint8:3ch,blur:uint8:3ch:t0,uint8:3ch,t0,train,12288.0,12694.0,1.0712821696264048,0.0410198445822618,0.7503557923955912,-0.3209263772308135,-0.2995722194673811
blur,3ch,M5_repr_element_affine,uint8:3ch,blur:uint8:3ch:t1,uint8:3ch,t1,train,27648.0,28054.0,1.9797924424832065,0.12646178977759875,1.6883005328900804,-0.2914919095931261,-0.1472335702158327
blur,3ch,M5_repr_element_affine,uint8:3ch,blur:uint8:3ch:t2,uint8:3ch,t2,train,62208.0,62614.0,3.83606736936296,0.15714367686731243,3.798676199002681,-0.03739117036027917,-0.009747266343366793
blur,3ch,M5_repr_element_affine,uint8:3ch,blur:uint8:3ch:t3,uint8:3ch,t3,train,110592.0,111009.0,6.463222950089908,0.275821958130395,6.753202131560322,0.28997918147041357,0.04486603413029095
blur,3ch,M5_repr_element_affine,uint8:3ch,blur:uint8:3ch:t4,uint8:3ch,t4,train,150528.0,150945.0,8.28813892810605,0.3435839157031051,9.191858456845994,0.9037195287399431,0.10903769067809954
blur,3ch,M5_repr_element_affine,uint8:3ch,blur:uint8:3ch:t5,uint8:3ch,t5,train,248832.0,249254.0,13.614195286021072,0.8814041685975825,15.194704796010724,1.5805095099896516,0.11609276029795929
blur,3ch,M5_repr_element_affine,uint8:3ch,blur:uint8:3ch:t6,uint8:3ch,t6,train,442368.0,442790.0,25.57327558770781,3.8829657858260527,27.012808526241287,1.4395329385334783,0.05629051834194491
blur,3ch,M5_repr_element_affine,uint8:3ch,blur:uint8:3ch:t7,uint8:3ch,t7,train,786432.0,786854.0,49.52812702974018,15.805998270763508,48.02277071331784,-1.5053563164223434,-0.030393968169206583
jitter,all,M2_byte_affine,shared,jitter:float32:3ch:v0,float32:3ch,v0,validation,19200.0,77216.0,1.7530677878918748,0.0371368787124611,2.6276522958518225,0.8745845079599477,0.49888801448554715
jitter,all,M2_byte_affine,shared,jitter:float32:3ch:v1,float32:3ch,v1,validation,76800.0,307618.0,3.955243182288507,0.1442563890698067,6.399064968638891,2.443821786350384,0.6178689081100665
jitter,all,M2_byte_affine,shared,jitter:float32:3ch:v2,float32:3ch,v2,validation,196608.0,786855.0,9.517521506051423,0.15807636011567416,14.243617077858675,4.726095571807251,0.49656788994932227
jitter,all,M2_byte_affine,shared,jitter:float32:3ch:v3,float32:3ch,v3,validation,602112.0,2408871.0,41.235049925103944,2.6691384128877242,40.794131821061384,-0.4409181040425594,-0.010692799083386776
jitter,all,M2_byte_affine,shared,jitter:float32:1ch:v0,float32:1ch,v0,validation,6400.0,26006.0,0.27701203944161534,0.00837667924262504,1.789404177461245,1.5123921380196297,5.4596621181816545
jitter,all,M2_byte_affine,shared,jitter:float32:1ch:v1,float32:1ch,v1,validation,25600.0,102815.0,0.3208126740840574,0.008649441732908086,3.046678142027967,2.7258654679439096,8.496751182684555
jitter,all,M2_byte_affine,shared,jitter:float32:1ch:v2,float32:1ch,v2,validation,65536.0,262564.0,0.43192301799232763,0.011798183196517145,5.661583407889641,5.2296603898973135,12.107852955385233
jitter,all,M2_byte_affine,shared,jitter:float32:1ch:v3,float32:1ch,v3,validation,200704.0,803236.0,0.9225241451834639,0.031674772306956644,14.511754988957211,13.589230843773747,14.73048799288742
jitter,all,M2_byte_affine,shared,jitter:uint8:3ch:v0,uint8:3ch,v0,validation,19200.0,19606.0,1.867444795401146,0.0985693166227975,1.684643623708078,-0.18280117169306798,-0.09788839388625699
jitter,all,M2_byte_affine,shared,jitter:uint8:3ch:v1,uint8:3ch,v1,validation,76800.0,77217.0,4.377874128392374,0.012334939999400683,2.627668664688346,-1.7502054637040283,-0.39978432736409714
jitter,all,M2_byte_affine,shared,jitter:uint8:3ch:v2,uint8:3ch,v2,validation,196608.0,197030.0,10.689822305350518,0.09953980854098789,4.588868075130256,-6.100954230220261,-0.5707255046855723
jitter,all,M2_byte_affine,shared,jitter:uint8:3ch:v3,uint8:3ch,v3,validation,602112.0,602534.0,43.33487374421495,4.889182190986537,11.226496760930933,-32.10837698328402,-0.7409362070097266
jitter,all,M2_byte_affine,shared,jitter:uint8:1ch:v0,uint8:1ch,v0,validation,6400.0,6805.0,0.3002344522004326,0.003656084765146561,1.4751061473652194,1.1748716951647868,3.9131808043816965
jitter,all,M2_byte_affine,shared,jitter:uint8:1ch:v1,uint8:1ch,v1,validation,25600.0,26005.0,0.36365873568380874,0.01114089328671815,1.7893878086247212,1.4257290729409124,3.9205137483086467
jitter,all,M2_byte_affine,shared,jitter:uint8:1ch:v2,uint8:1ch,v2,validation,65536.0,65955.0,0.5310789099894464,0.019305458707008113,2.4433228277558197,1.9122439177663733,3.6006775674906266
jitter,all,M2_byte_affine,shared,jitter:uint8:1ch:v3,uint8:1ch,v3,validation,200704.0,201123.0,1.2246068349728982,0.04592046104466054,4.655865723022712,3.431258888049814,2.8019269450882582
jitter,all,M2_byte_affine,shared,jitter:float32:3ch:t0,float32:3ch,t0,train,12288.0,49559.0,1.509811660895745,0.10296398004677176,2.1749393841094244,0.6651277232136794,0.4405368831361858
jitter,all,M2_byte_affine,shared,jitter:float32:3ch:t1,float32:3ch,t1,train,27648.0,111008.0,2.0234422121817865,0.04439544603665878,3.1807880196685456,1.157345807486759,0.5719687967954594
jitter,all,M2_byte_affine,shared,jitter:float32:3ch:t2,float32:3ch,t2,train,62208.0,249248.0,3.244211811106652,0.03412494802413667,5.443615980736958,2.1994041696303057,0.6779471556390315
jitter,all,M2_byte_affine,shared,jitter:float32:3ch:t3,float32:3ch,t3,train,110592.0,442786.0,5.372403207955614,0.1057451408536148,8.611607863905784,3.2392046559501697,0.602934018644293
jitter,all,M2_byte_affine,shared,jitter:float32:3ch:t4,float32:3ch,t4,train,150528.0,602530.0,7.112025030723282,0.16355573093213846,11.226431285584837,4.114406254861556,0.5785140289984507
jitter,all,M2_byte_affine,shared,jitter:float32:3ch:t5,float32:3ch,t5,train,248832.0,995751.0,12.06516234188601,0.40680197021999115,17.663001552362054,5.597839210476044,0.4639671686009819
jitter,all,M2_byte_affine,shared,jitter:float32:3ch:t6,float32:3ch,t6,train,442368.0,1769895.0,24.985352664162907,1.89359218939554,30.334838134345162,5.349485470182255,0.21410486143968468
jitter,all,M2_byte_affine,shared,jitter:float32:3ch:t7,float32:3ch,t7,train,786432.0,3146151.0,52.50420930375179,4.38211224825043,52.862547613426244,0.35833830967445124,0.006824944407816184
jitter,all,M2_byte_affine,shared,jitter:float32:1ch:t0,float32:1ch,t0,train,4096.0,16790.0,0.2731888135895133,0.005648978726455124,1.6385489800566844,1.365360166467171,4.997862644986362
jitter,all,M2_byte_affine,shared,jitter:float32:1ch:t1,float32:1ch,t1,train,9216.0,37270.0,0.2847551740705967,0.008275995882444482,1.9737827520668194,1.6890275779962227,5.931507947165441
jitter,all,M2_byte_affine,shared,jitter:float32:1ch:t2,float32:1ch,t2,train,20736.0,83359.0,0.3055100523245831,0.006076754836043071,2.7282060586183388,2.4226960062937555,7.930004226897942
jitter,all,M2_byte_affine,shared,jitter:float32:1ch:t3,float32:1ch,t3,train,36864.0,147871.0,0.36333188026522595,0.029665259432434404,3.7841924404502647,3.4208605601850386,9.415250205095875
jitter,all,M2_byte_affine,shared,jitter:float32:1ch:t4,float32:1ch,t4,train,50176.0,201119.0,0.3955779123740892,0.02530810906890196,4.655800247676616,4.260222335302527,10.76961630576009
jitter,all,M2_byte_affine,shared,jitter:float32:1ch:t5,float32:1ch,t5,train,82944.0,332196.0,0.4906580178067088,0.006886815480992052,6.801378232724101,6.310720214917392,12.861748888007481
jitter,all,M2_byte_affine,shared,jitter:float32:1ch:t6,float32:1ch,t6,train,147456.0,590244.0,0.7250734915335973,0.010687873571127538,11.025323760051805,10.300250268518207,14.205801741189333
jitter,all,M2_byte_affine,shared,jitter:float32:1ch:t7,float32:1ch,t7,train,262144.0,1048996.0,1.2799025784867506,0.06364890290470714,18.534560253078833,17.25465767459208,13.481227372002438
jitter,all,M2_byte_affine,shared,jitter:uint8:3ch:t0,uint8:3ch,t0,train,12288.0,12694.0,1.663568524333338,0.017614627216548034,1.5715022256546574,-0.09206629867868066,-0.05534265486032534
jitter,all,M2_byte_affine,shared,jitter:uint8:3ch:t1,uint8:3ch,t1,train,27648.0,28054.0,2.303294880936543,0.030072730064637284,1.8229275546622588,-0.48036732627428425,-0.2085565900615218
jitter,all,M2_byte_affine,shared,jitter:uint8:3ch:t2,uint8:3ch,t2,train,62208.0,62614.0,3.680015243589878,0.04545705301588263,2.388634544929362,-1.2913806986605163,-0.3509172145169612
jitter,all,M2_byte_affine,shared,jitter:uint8:3ch:t3,uint8:3ch,t3,train,110592.0,111009.0,6.0185619574963125,0.12449688154664332,3.180804388505069,-2.8377575689912433,-0.4715009314570111
jitter,all,M2_byte_affine,shared,jitter:uint8:3ch:t4,uint8:3ch,t4,train,150528.0,150945.0,8.091521068818315,0.18317581888094106,3.834510243924833,-4.257010824893482,-0.5261076117441508
jitter,all,M2_byte_affine,shared,jitter:uint8:3ch:t5,uint8:3ch,t5,train,248832.0,249254.0,13.872056385777663,0.9467685493659718,5.443714193756102,-8.42834219202156,-0.6075769848126285
jitter,all,M2_byte_affine,shared,jitter:uint8:3ch:t6,uint8:3ch,t6,train,442368.0,442790.0,27.20905054961345,1.7669327565577415,8.61167333925188,-18.59737721036157,-0.6834996750971076
jitter,all,M2_byte_affine,shared,jitter:uint8:3ch:t7,uint8:3ch,t7,train,786432.0,786854.0,64.05183946711634,3.9980376532262185,14.24360070902215,-49.80823875809419,-0.777623861741946
jitter,all,M2_byte_affine,shared,jitter:uint8:1ch:t0,uint8:1ch,t0,train,4096.0,4501.0,0.30986011183510226,0.02665918866394371,1.4373923480140793,1.127532236178977,3.6388427974847373
jitter,all,M2_byte_affine,shared,jitter:uint8:1ch:t1,uint8:1ch,t1,train,9216.0,9621.0,0.3025479312054813,0.004407118288774131,1.521200791016613,1.2186528598111317,4.027966262917396
jitter,all,M2_byte_affine,shared,jitter:uint8:1ch:t2,uint8:1ch,t2,train,20736.0,21141.0,0.339843697535495,0.0034668248700200667,1.7097697877723141,1.369926090236819,4.0310475085204045
jitter,all,M2_byte_affine,shared,jitter:uint8:1ch:t3,uint8:1ch,t3,train,36864.0,37269.0,0.41386013307298225,0.028957566217798245,1.9737663832302954,1.559906250157313,3.769162877745055
jitter,all,M2_byte_affine,shared,jitter:uint8:1ch:t4,uint8:1ch,t4,train,50176.0,50581.0,0.4465744667686522,0.007859124006011655,2.1916683350368835,1.7450938682682313,3.9077331959784365
jitter,all,M2_byte_affine,shared,jitter:uint8:1ch:t5,uint8:1ch,t5,train,82944.0,83363.0,0.598602967026333,0.015458821900013749,2.728271533964435,2.129668566938102,3.5577313916728652
jitter,all,M2_byte_affine,shared,jitter:uint8:1ch:t6,uint8:1ch,t6,train,147456.0,147875.0,0.9098916213649014,0.015593853670325314,3.7842579157963607,2.8743662944314594,3.1590205107281983
jitter,all,M2_byte_affine,shared,jitter:uint8:1ch:t7,uint8:1ch,t7,train,262144.0,262563.0,1.5991187328472733,0.02184739337306784,5.661567039053118,4.0624483062058445,2.540429439515443
jitter,all,M3_element_prop,shared,jitter:float32:3ch:v0,float32:3ch,v0,validation,19200.0,77216.0,1.7530677878918748,0.0371368787124611,1.1937168194261207,-0.559350968465754,-0.31906978858951773
jitter,all,M3_element_prop,shared,jitter:float32:3ch:v1,float32:3ch,v1,validation,76800.0,307618.0,3.955243182288507,0.1442563890698067,4.774867277704483,0.8196240954159761,0.2072247034231005
jitter,all,M3_element_prop,shared,jitter:float32:3ch:v2,float32:3ch,v2,validation,196608.0,786855.0,9.517521506051423,0.15807636011567416,12.223660230923478,2.706138724872055,0.28433229419565165
jitter,all,M3_element_prop,shared,jitter:float32:3ch:v3,float32:3ch,v3,validation,602112.0,2408871.0,41.235049925103944,2.6691384128877242,37.43495945720315,-3.8000904679007945,-0.09215680531011787
jitter,all,M3_element_prop,shared,jitter:float32:1ch:v0,float32:1ch,v0,validation,6400.0,26006.0,0.27701203944161534,0.00837667924262504,0.3979056064753736,0.12089356703375825,0.4364199017394639
jitter,all,M3_element_prop,shared,jitter:float32:1ch:v1,float32:1ch,v1,validation,25600.0,102815.0,0.3208126740840574,0.008649441732908086,1.5916224259014944,1.270809751817437,3.9612205329658114
jitter,all,M3_element_prop,shared,jitter:float32:1ch:v2,float32:1ch,v2,validation,65536.0,262564.0,0.43192301799232763,0.011798183196517145,4.074553410307826,3.6426303923154983,8.433517642211426
jitter,all,M3_element_prop,shared,jitter:float32:1ch:v3,float32:1ch,v3,validation,200704.0,803236.0,0.9225241451834639,0.031674772306956644,12.478319819067716,11.555795673884251,12.526279918219519
jitter,all,M3_element_prop,shared,jitter:uint8:3ch:v0,uint8:3ch,v0,validation,19200.0,19606.0,1.867444795401146,0.0985693166227975,1.1937168194261207,-0.6737279759750252,-0.3607753105388594
jitter,all,M3_element_prop,shared,jitter:uint8:3ch:v1,uint8:3ch,v1,validation,76800.0,77217.0,4.377874128392374,0.012334939999400683,4.774867277704483,0.3969931493121086,0.09068171849378659
jitter,all,M3_element_prop,shared,jitter:uint8:3ch:v2,uint8:3ch,v2,validation,196608.0,197030.0,10.689822305350518,0.09953980854098789,12.223660230923478,1.5338379255729606,0.14348582060201667
jitter,all,M3_element_prop,shared,jitter:uint8:3ch:v3,uint8:3ch,v3,validation,602112.0,602534.0,43.33487374421495,4.889182190986537,37.43495945720315,-5.8999142870118035,-0.1361470284149477
jitter,all,M3_element_prop,shared,jitter:uint8:1ch:v0,uint8:1ch,v0,validation,6400.0,6805.0,0.3002344522004326,0.003656084765146561,0.3979056064753736,0.097671154274941,0.32531627719305517
jitter,all,M3_element_prop,shared,jitter:uint8:1ch:v1,uint8:1ch,v1,validation,25600.0,26005.0,0.36365873568380874,0.01114089328671815,1.5916224259014944,1.2279636902176856,3.3766924034113295
jitter,all,M3_element_prop,shared,jitter:uint8:1ch:v2,uint8:1ch,v2,validation,65536.0,65955.0,0.5310789099894464,0.019305458707008113,4.074553410307826,3.5434745003183794,6.672218447516199
jitter,all,M3_element_prop,shared,jitter:uint8:1ch:v3,uint8:1ch,v3,validation,200704.0,201123.0,1.2246068349728982,0.04592046104466054,12.478319819067716,11.253712984094818,9.189653905813676
jitter,all,M3_element_prop,shared,jitter:float32:3ch:t0,float32:3ch,t0,train,12288.0,49559.0,1.509811660895745,0.10296398004677176,0.7639787644327174,-0.7458328964630276,-0.49399068491797044
jitter,all,M3_element_prop,shared,jitter:float32:3ch:t1,float32:3ch,t1,train,27648.0,111008.0,2.0234422121817865,0.04439544603665878,1.718952219973614,-0.3044899922081725,-0.15048119011012165
jitter,all,M3_element_prop,shared,jitter:float32:3ch:t2,float32:3ch,t2,train,62208.0,249248.0,3.244211811106652,0.03412494802413667,3.8676424949406316,0.6234306838339796,0.19216707173669945
jitter,all,M3_element_prop,shared,jitter:float32:3ch:t3,float32:3ch,t3,train,110592.0,442786.0,5.372403207955614,0.1057451408536148,6.875808879894456,1.5034056719388422,0.2798385775871317
jitter,all,M3_element_prop,shared,jitter:float32:3ch:t4,float32:3ch,t4,train,150528.0,602530.0,7.112025030723282,0.16355573093213846,9.358739864300787,2.2467148335775056,0.3159036735489411
jitter,all,M3_element_prop,shared,jitter:float32:3ch:t5,float32:3ch,t5,train,248832.0,995751.0,12.06516234188601,0.40680197021999115,15.470569979762526,3.4054076378765163,0.28225129023371165
jitter,all,M3_element_prop,shared,jitter:float32:3ch:t6,float32:3ch,t6,train,442368.0,1769895.0,24.985352664162907,1.89359218939554,27.503235519577824,2.5178828554149177,0.10077435725077348
jitter,all,M3_element_prop,shared,jitter:float32:3ch:t7,float32:3ch,t7,train,786432.0,3146151.0,52.50420930375179,4.38211224825043,48.89464092369391,-3.6095683800578797,-0.06874817139280204
jitter,all,M3_element_prop,shared,jitter:float32:1ch:t0,float32:1ch,t0,train,4096.0,16790.0,0.2731888135895133,0.005648978726455124,0.2546595881442391,-0.01852922544527419,-0.06782571073029271
jitter,all,M3_element_prop,shared,jitter:float32:1ch:t1,float32:1ch,t1,train,9216.0,37270.0,0.2847551740705967,0.008275995882444482,0.572984073324538,0.28822889925394135,1.0121989888144525
jitter,all,M3_element_prop,shared,jitter:float32:1ch:t2,float32:1ch,t2,train,20736.0,83359.0,0.3055100523245831,0.006076754836043071,1.2892141649802105,0.9837041126556274,3.219874780455703
jitter,all,M3_element_prop,shared,jitter:float32:1ch:t3,float32:1ch,t3,train,36864.0,147871.0,0.36333188026522595,0.029665259432434404,2.291936293298152,1.9286044130329263,5.308106769009862
jitter,all,M3_element_prop,shared,jitter:float32:1ch:t4,float32:1ch,t4,train,50176.0,201119.0,0.3955779123740892,0.02530810906890196,3.119579954766929,2.72400204239284,6.886132812736046
jitter,all,M3_element_prop,shared,jitter:float32:1ch:t5,float32:1ch,t5,train,82944.0,332196.0,0.4906580178067088,0.006886815480992052,5.156856659920842,4.666198642114133,9.51008334271702
jitter,all,M3_element_prop,shared,jitter:float32:1ch:t6,float32:1ch,t6,train,147456.0,590244.0,0.7250734915335973,0.010687873571127538,9.167745173192609,8.44267168165901,11.643884075532787
jitter,all,M3_element_prop,shared,jitter:float32:1ch:t7,float32:1ch,t7,train,262144.0,1048996.0,1.2799025784867506,0.06364890290470714,16.298213641231303,15.018311062744553,11.733948595135221
jitter,all,M3_element_prop,shared,jitter:uint8:3ch:t0,uint8:3ch,t0,train,12288.0,12694.0,1.663568524333338,0.017614627216548034,0.7639787644327174,-0.8995897599006206,-0.5407590650713496
jitter,all,M3_element_prop,shared,jitter:uint8:3ch:t1,uint8:3ch,t1,train,27648.0,28054.0,2.303294880936543,0.030072730064637284,1.718952219973614,-0.584342660962929,-0.2536985888343265
jitter,all,M3_element_prop,shared,jitter:uint8:3ch:t2,uint8:3ch,t2,train,62208.0,62614.0,3.680015243589878,0.04545705301588263,3.8676424949406316,0.18762725135075353,0.050985454931899134
jitter,all,M3_element_prop,shared,jitter:uint8:3ch:t3,uint8:3ch,t3,train,110592.0,111009.0,6.0185619574963125,0.12449688154664332,6.875808879894456,0.8572469223981436,0.142433845236139
jitter,all,M3_element_prop,shared,jitter:uint8:3ch:t4,uint8:3ch,t4,train,150528.0,150945.0,8.091521068818315,0.18317581888094106,9.358739864300787,1.2672187954824725,0.1566107020799659
jitter,all,M3_element_prop,shared,jitter:uint8:3ch:t5,uint8:3ch,t5,train,248832.0,249254.0,13.872056385777663,0.9467685493659718,15.470569979762526,1.5985135939848636,0.11523263383096835
jitter,all,M3_element_prop,shared,jitter:uint8:3ch:t6,uint8:3ch,t6,train,442368.0,442790.0,27.20905054961345,1.7669327565577415,27.503235519577824,0.29418496996437327,0.01081202629352874
jitter,all,M3_element_prop,shared,jitter:uint8:3ch:t7,uint8:3ch,t7,train,786432.0,786854.0,64.05183946711634,3.9980376532262185,48.89464092369391,-15.157198543422425,-0.23663955117485735
jitter,all,M3_element_prop,shared,jitter:uint8:1ch:t0,uint8:1ch,t0,train,4096.0,4501.0,0.30986011183510226,0.02665918866394371,0.2546595881442391,-0.055200523690863146,-0.17814659448725403
jitter,all,M3_element_prop,shared,jitter:uint8:1ch:t1,uint8:1ch,t1,train,9216.0,9621.0,0.3025479312054813,0.004407118288774131,0.572984073324538,0.27043614211905675,0.8938621429058288
jitter,all,M3_element_prop,shared,jitter:uint8:1ch:t2,uint8:1ch,t2,train,20736.0,21141.0,0.339843697535495,0.0034668248700200667,1.2892141649802105,0.9493704674447154,2.79355031248022
jitter,all,M3_element_prop,shared,jitter:uint8:1ch:t3,uint8:1ch,t3,train,36864.0,37269.0,0.41386013307298225,0.028957566217798245,2.291936293298152,1.8780761602251699,4.537948959422917
jitter,all,M3_element_prop,shared,jitter:uint8:1ch:t4,uint8:1ch,t4,train,50176.0,50581.0,0.4465744667686522,0.007859124006011655,3.119579954766929,2.6730054879982768,5.985576173532166
jitter,all,M3_element_prop,shared,jitter:uint8:1ch:t5,uint8:1ch,t5,train,82944.0,83363.0,0.598602967026333,0.015458821900013749,5.156856659920842,4.5582536928945085,7.614819745278656
jitter,all,M3_element_prop,shared,jitter:uint8:1ch:t6,uint8:1ch,t6,train,147456.0,147875.0,0.9098916213649014,0.015593853670325314,9.167745173192609,8.257853551827708,9.075645228428796
jitter,all,M3_element_prop,shared,jitter:uint8:1ch:t7,uint8:1ch,t7,train,262144.0,262563.0,1.5991187328472733,0.02184739337306784,16.298213641231303,14.69909490838403,9.191997195988005
jitter,all,M4_element_affine,shared,jitter:float32:3ch:v0,float32:3ch,v0,validation,19200.0,77216.0,1.7530677878918748,0.0371368787124611,1.1937168194261214,-0.5593509684657534,-0.3190697885895174
jitter,all,M4_element_affine,shared,jitter:float32:3ch:v1,float32:3ch,v1,validation,76800.0,307618.0,3.955243182288507,0.1442563890698067,4.774867277704486,0.8196240954159788,0.2072247034231012
jitter,all,M4_element_affine,shared,jitter:float32:3ch:v2,float32:3ch,v2,validation,196608.0,786855.0,9.517521506051423,0.15807636011567416,12.223660230923482,2.7061387248720585,0.28433229419565204
jitter,all,M4_element_affine,shared,jitter:float32:3ch:v3,float32:3ch,v3,validation,602112.0,2408871.0,41.235049925103944,2.6691384128877242,37.43495945720316,-3.8000904679007803,-0.09215680531011752
jitter,all,M4_element_affine,shared,jitter:float32:1ch:v0,float32:1ch,v0,validation,6400.0,26006.0,0.27701203944161534,0.00837667924262504,0.39790560647537376,0.12089356703375842,0.43641990173946443
jitter,all,M4_element_affine,shared,jitter:float32:1ch:v1,float32:1ch,v1,validation,25600.0,102815.0,0.3208126740840574,0.008649441732908086,1.591622425901495,1.2708097518174377,3.9612205329658137
jitter,all,M4_element_affine,shared,jitter:float32:1ch:v2,float32:1ch,v2,validation,65536.0,262564.0,0.43192301799232763,0.011798183196517145,4.074553410307828,3.6426303923155,8.43351764221143
jitter,all,M4_element_affine,shared,jitter:float32:1ch:v3,float32:1ch,v3,validation,200704.0,803236.0,0.9225241451834639,0.031674772306956644,12.478319819067721,11.555795673884257,12.526279918219524
jitter,all,M4_element_affine,shared,jitter:uint8:3ch:v0,uint8:3ch,v0,validation,19200.0,19606.0,1.867444795401146,0.0985693166227975,1.1937168194261214,-0.6737279759750245,-0.36077531053885903
jitter,all,M4_element_affine,shared,jitter:uint8:3ch:v1,uint8:3ch,v1,validation,76800.0,77217.0,4.377874128392374,0.012334939999400683,4.774867277704486,0.39699314931211127,0.0906817184937872
jitter,all,M4_element_affine,shared,jitter:uint8:3ch:v2,uint8:3ch,v2,validation,196608.0,197030.0,10.689822305350518,0.09953980854098789,12.223660230923482,1.5338379255729642,0.143485820602017
jitter,all,M4_element_affine,shared,jitter:uint8:3ch:v3,uint8:3ch,v3,validation,602112.0,602534.0,43.33487374421495,4.889182190986537,37.43495945720316,-5.899914287011789,-0.13614702841494736
jitter,all,M4_element_affine,shared,jitter:uint8:1ch:v0,uint8:1ch,v0,validation,6400.0,6805.0,0.3002344522004326,0.003656084765146561,0.39790560647537376,0.09767115427494116,0.3253162771930557
jitter,all,M4_element_affine,shared,jitter:uint8:1ch:v1,uint8:1ch,v1,validation,25600.0,26005.0,0.36365873568380874,0.01114089328671815,1.591622425901495,1.2279636902176863,3.3766924034113313
jitter,all,M4_element_affine,shared,jitter:uint8:1ch:v2,uint8:1ch,v2,validation,65536.0,65955.0,0.5310789099894464,0.019305458707008113,4.074553410307828,3.543474500318381,6.672218447516203
jitter,all,M4_element_affine,shared,jitter:uint8:1ch:v3,uint8:1ch,v3,validation,200704.0,201123.0,1.2246068349728982,0.04592046104466054,12.478319819067721,11.253712984094824,9.18965390581368
jitter,all,M4_element_affine,shared,jitter:float32:3ch:t0,float32:3ch,t0,train,12288.0,49559.0,1.509811660895745,0.10296398004677176,0.7639787644327176,-0.7458328964630274,-0.4939906849179703
jitter,all,M4_element_affine,shared,jitter:float32:3ch:t1,float32:3ch,t1,train,27648.0,111008.0,2.0234422121817865,0.04439544603665878,1.7189522199736147,-0.30448999220817186,-0.15048119011012132
jitter,all,M4_element_affine,shared,jitter:float32:3ch:t2,float32:3ch,t2,train,62208.0,249248.0,3.244211811106652,0.03412494802413667,3.8676424949406334,0.6234306838339814,0.19216707173669997
jitter,all,M4_element_affine,shared,jitter:float32:3ch:t3,float32:3ch,t3,train,110592.0,442786.0,5.372403207955614,0.1057451408536148,6.875808879894459,1.503405671938845,0.2798385775871322
jitter,all,M4_element_affine,shared,jitter:float32:3ch:t4,float32:3ch,t4,train,150528.0,602530.0,7.112025030723282,0.16355573093213846,9.35873986430079,2.246714833577509,0.3159036735489416
jitter,all,M4_element_affine,shared,jitter:float32:3ch:t5,float32:3ch,t5,train,248832.0,995751.0,12.06516234188601,0.40680197021999115,15.470569979762534,3.4054076378765235,0.28225129023371226
jitter,all,M4_element_affine,shared,jitter:float32:3ch:t6,float32:3ch,t6,train,442368.0,1769895.0,24.985352664162907,1.89359218939554,27.503235519577835,2.5178828554149284,0.10077435725077391
jitter,all,M4_element_affine,shared,jitter:float32:3ch:t7,float32:3ch,t7,train,786432.0,3146151.0,52.50420930375179,4.38211224825043,48.89464092369393,-3.6095683800578655,-0.06874817139280177
jitter,all,M4_element_affine,shared,jitter:float32:1ch:t0,float32:1ch,t0,train,4096.0,16790.0,0.2731888135895133,0.005648978726455124,0.2546595881442392,-0.018529225445274078,-0.06782571073029231
jitter,all,M4_element_affine,shared,jitter:float32:1ch:t1,float32:1ch,t1,train,9216.0,37270.0,0.2847551740705967,0.008275995882444482,0.5729840733245383,0.2882288992539416,1.0121989888144531
jitter,all,M4_element_affine,shared,jitter:float32:1ch:t2,float32:1ch,t2,train,20736.0,83359.0,0.3055100523245831,0.006076754836043071,1.2892141649802111,0.9837041126556281,3.2198747804557053
jitter,all,M4_element_affine,shared,jitter:float32:1ch:t3,float32:1ch,t3,train,36864.0,147871.0,0.36333188026522595,0.029665259432434404,2.291936293298153,1.9286044130329272,5.308106769009863
jitter,all,M4_element_affine,shared,jitter:float32:1ch:t4,float32:1ch,t4,train,50176.0,201119.0,0.3955779123740892,0.02530810906890196,3.1195799547669303,2.7240020423928413,6.88613281273605
jitter,all,M4_element_affine,shared,jitter:float32:1ch:t5,float32:1ch,t5,train,82944.0,332196.0,0.4906580178067088,0.006886815480992052,5.1568566599208445,4.666198642114136,9.510083342717026
jitter,all,M4_element_affine,shared,jitter:float32:1ch:t6,float32:1ch,t6,train,147456.0,590244.0,0.7250734915335973,0.010687873571127538,9.167745173192612,8.442671681659014,11.64388407553279
jitter,all,M4_element_affine,shared,jitter:float32:1ch:t7,float32:1ch,t7,train,262144.0,1048996.0,1.2799025784867506,0.06364890290470714,16.29821364123131,15.01831106274456,11.733948595135226
jitter,all,M4_element_affine,shared,jitter:uint8:3ch:t0,uint8:3ch,t0,train,12288.0,12694.0,1.663568524333338,0.017614627216548034,0.7639787644327176,-0.8995897599006204,-0.5407590650713495
jitter,all,M4_element_affine,shared,jitter:uint8:3ch:t1,uint8:3ch,t1,train,27648.0,28054.0,2.303294880936543,0.030072730064637284,1.7189522199736147,-0.5843426609629283,-0.25369858883432617
jitter,all,M4_element_affine,shared,jitter:uint8:3ch:t2,uint8:3ch,t2,train,62208.0,62614.0,3.680015243589878,0.04545705301588263,3.8676424949406334,0.1876272513507553,0.05098545493189961
jitter,all,M4_element_affine,shared,jitter:uint8:3ch:t3,uint8:3ch,t3,train,110592.0,111009.0,6.0185619574963125,0.12449688154664332,6.875808879894459,0.8572469223981463,0.14243384523613944
jitter,all,M4_element_affine,shared,jitter:uint8:3ch:t4,uint8:3ch,t4,train,150528.0,150945.0,8.091521068818315,0.18317581888094106,9.35873986430079,1.267218795482476,0.15661070207996636
jitter,all,M4_element_affine,shared,jitter:uint8:3ch:t5,uint8:3ch,t5,train,248832.0,249254.0,13.872056385777663,0.9467685493659718,15.470569979762534,1.5985135939848707,0.11523263383096886
jitter,all,M4_element_affine,shared,jitter:uint8:3ch:t6,uint8:3ch,t6,train,442368.0,442790.0,27.20905054961345,1.7669327565577415,27.503235519577835,0.2941849699643839,0.010812026293529132
jitter,all,M4_element_affine,shared,jitter:uint8:3ch:t7,uint8:3ch,t7,train,786432.0,786854.0,64.05183946711634,3.9980376532262185,48.89464092369393,-15.15719854342241,-0.23663955117485713
jitter,all,M4_element_affine,shared,jitter:uint8:1ch:t0,uint8:1ch,t0,train,4096.0,4501.0,0.30986011183510226,0.02665918866394371,0.2546595881442392,-0.055200523690863035,-0.17814659448725367
jitter,all,M4_element_affine,shared,jitter:uint8:1ch:t1,uint8:1ch,t1,train,9216.0,9621.0,0.3025479312054813,0.004407118288774131,0.5729840733245383,0.270436142119057,0.8938621429058294
jitter,all,M4_element_affine,shared,jitter:uint8:1ch:t2,uint8:1ch,t2,train,20736.0,21141.0,0.339843697535495,0.0034668248700200667,1.2892141649802111,0.9493704674447161,2.793550312480222
jitter,all,M4_element_affine,shared,jitter:uint8:1ch:t3,uint8:1ch,t3,train,36864.0,37269.0,0.41386013307298225,0.028957566217798245,2.291936293298153,1.8780761602251708,4.53794895942292
jitter,all,M4_element_affine,shared,jitter:uint8:1ch:t4,uint8:1ch,t4,train,50176.0,50581.0,0.4465744667686522,0.007859124006011655,3.1195799547669303,2.673005487998278,5.985576173532169
jitter,all,M4_element_affine,shared,jitter:uint8:1ch:t5,uint8:1ch,t5,train,82944.0,83363.0,0.598602967026333,0.015458821900013749,5.1568566599208445,4.558253692894511,7.614819745278661
jitter,all,M4_element_affine,shared,jitter:uint8:1ch:t6,uint8:1ch,t6,train,147456.0,147875.0,0.9098916213649014,0.015593853670325314,9.167745173192612,8.257853551827711,9.0756452284288
jitter,all,M4_element_affine,shared,jitter:uint8:1ch:t7,uint8:1ch,t7,train,262144.0,262563.0,1.5991187328472733,0.02184739337306784,16.29821364123131,14.699094908384037,9.19199719598801
jitter,all,M1_byte_prop_anchored,shared,jitter:float32:3ch:v0,float32:3ch,v0,validation,19200.0,77216.0,1.7530677878918748,0.0371368787124611,0.9114270240026703,-0.8416407638892045,-0.48009596075078587
jitter,all,M1_byte_prop_anchored,shared,jitter:float32:3ch:v1,float32:3ch,v1,validation,76800.0,307618.0,3.955243182288507,0.1442563890698067,3.6310008064345918,-0.324242375853915,-0.08197786100886675
jitter,all,M1_byte_prop_anchored,shared,jitter:float32:3ch:v2,float32:3ch,v2,validation,196608.0,786855.0,9.517521506051423,0.15807636011567416,9.28772418891967,-0.22979731713175333,-0.02414465961391774
jitter,all,M1_byte_prop_anchored,shared,jitter:float32:3ch:v3,float32:3ch,v3,validation,602112.0,2408871.0,41.235049925103944,2.6691384128877242,28.433357422507463,-12.801692502596481,-0.3104565782228578
jitter,all,M1_byte_prop_anchored,shared,jitter:float32:1ch:v0,float32:1ch,v0,validation,6400.0,26006.0,0.27701203944161534,0.00837667924262504,0.3069645045873063,0.029952465145690943,0.10812694352948475
jitter,all,M1_byte_prop_anchored,shared,jitter:float32:1ch:v1,float32:1ch,v1,validation,25600.0,102815.0,0.3208126740840574,0.008649441732908086,1.2135874620912057,0.8927747880071484,2.7828538587388505
jitter,all,M1_byte_prop_anchored,shared,jitter:float32:1ch:v2,float32:1ch,v2,validation,65536.0,262564.0,0.43192301799232763,0.011798183196517145,3.099201268263535,2.6672782502712074,6.17535565173002
jitter,all,M1_byte_prop_anchored,shared,jitter:float32:1ch:v3,float32:1ch,v3,validation,200704.0,803236.0,0.9225241451834639,0.031674772306956644,9.4810790127928,8.558554867609336,9.27732343082173
jitter,all,M1_byte_prop_anchored,shared,jitter:uint8:3ch:v0,uint8:3ch,v0,validation,19200.0,19606.0,1.867444795401146,0.0985693166227975,0.23142144416437466,-1.6360233512367712,-0.8760758846878454
jitter,all,M1_byte_prop_anchored,shared,jitter:uint8:3ch:v1,uint8:3ch,v1,validation,76800.0,77217.0,4.377874128392374,0.012334939999400683,0.9114388276058614,-3.4664353007865127,-0.7918078955959941
jitter,all,M1_byte_prop_anchored,shared,jitter:uint8:3ch:v2,uint8:3ch,v2,validation,196608.0,197030.0,10.689822305350518,0.09953980854098789,2.325663936739097,-8.36415836861142,-0.7824412913229581
jitter,all,M1_byte_prop_anchored,shared,jitter:uint8:3ch:v3,uint8:3ch,v3,validation,602112.0,602534.0,43.33487374421495,4.889182190986537,7.112072245136046,-36.222801499078905,-0.835881089971204
jitter,all,M1_byte_prop_anchored,shared,jitter:uint8:1ch:v0,uint8:1ch,v0,validation,6400.0,6805.0,0.3002344522004326,0.003656084765146561,0.08032351971532029,-0.21991093248511231,-0.7324640156163779
jitter,all,M1_byte_prop_anchored,shared,jitter:uint8:1ch:v1,uint8:1ch,v1,validation,25600.0,26005.0,0.36365873568380874,0.01114089328671815,0.3069527009841152,-0.05670603469969354,-0.15593200199925317
jitter,all,M1_byte_prop_anchored,shared,jitter:uint8:1ch:v2,uint8:1ch,v2,validation,65536.0,65955.0,0.5310789099894464,0.019305458707008113,0.7785066484678839,0.24742773847843746,0.46589637401220535
jitter,all,M1_byte_prop_anchored,shared,jitter:uint8:1ch:v3,uint8:1ch,v3,validation,200704.0,201123.0,1.2246068349728982,0.04592046104466054,2.3739760846002,1.1493692496273018,0.9385618443430772
jitter,all,M1_byte_prop_anchored,shared,jitter:float32:3ch:t0,float32:3ch,t0,train,12288.0,49559.0,1.509811660895745,0.10296398004677176,0.5849747705468857,-0.9248368903488593,-0.6125511640307306
jitter,all,M1_byte_prop_anchored,shared,jitter:float32:3ch:t1,float32:3ch,t1,train,27648.0,111008.0,2.0234422121817865,0.04439544603665878,1.3102943830357494,-0.7131478291460371,-0.3524428940212145
jitter,all,M1_byte_prop_anchored,shared,jitter:float32:3ch:t2,float32:3ch,t2,train,62208.0,249248.0,3.244211811106652,0.03412494802413667,2.942024488171073,-0.30218732293557915,-0.09314660710531668
jitter,all,M1_byte_prop_anchored,shared,jitter:float32:3ch:t3,float32:3ch,t3,train,110592.0,442786.0,5.372403207955614,0.1057451408536148,5.226470242566908,-0.14593296538870604,-0.027163442455809008
jitter,all,M1_byte_prop_anchored,shared,jitter:float32:3ch:t4,float32:3ch,t4,train,150528.0,602530.0,7.112025030723282,0.16355573093213846,7.112025030723282,0.0,0.0
jitter,all,M1_byte_prop_anchored,shared,jitter:float32:3ch:t5,float32:3ch,t5,train,248832.0,995751.0,12.06516234188601,0.40680197021999115,11.753449681124158,-0.31171266076185233,-0.02583576183469122
jitter,all,M1_byte_prop_anchored,shared,jitter:float32:3ch:t6,float32:3ch,t6,train,442368.0,1769895.0,24.985352664162907,1.89359218939554,20.89113826988197,-4.094214394280936,-0.16386458295437095
jitter,all,M1_byte_prop_anchored,shared,jitter:float32:3ch:t7,float32:3ch,t7,train,786432.0,3146151.0,52.50420930375179,4.38211224825043,37.13591798322919,-15.368291320522601,-0.2927058901432581
jitter,all,M1_byte_prop_anchored,shared,jitter:float32:1ch:t0,float32:1ch,t0,train,4096.0,16790.0,0.2731888135895133,0.005648978726455124,0.19818249757828474,-0.07500631601122856,-0.27455851879766635
jitter,all,M1_byte_prop_anchored,shared,jitter:float32:1ch:t1,float32:1ch,t1,train,9216.0,37270.0,0.2847551740705967,0.008275995882444482,0.439920290931666,0.15516511686106932,0.5449071026277496
jitter,all,M1_byte_prop_anchored,shared,jitter:float32:1ch:t2,float32:1ch,t2,train,20736.0,83359.0,0.3055100523245831,0.006076754836043071,0.9839365584054937,0.6784265060809105,2.22063562530548
jitter,all,M1_byte_prop_anchored,shared,jitter:float32:1ch:t3,float32:1ch,t3,train,36864.0,147871.0,0.36333188026522595,0.029665259432434404,1.7454106074686444,1.3820787272034185,3.8039016179767247
jitter,all,M1_byte_prop_anchored,shared,jitter:float32:1ch:t4,float32:1ch,t4,train,50176.0,201119.0,0.3955779123740892,0.02530810906890196,2.3739288701874357,1.9783509578133465,5.001166384493339
jitter,all,M1_byte_prop_anchored,shared,jitter:float32:1ch:t5,float32:1ch,t5,train,82944.0,332196.0,0.4906580178067088,0.006886815480992052,3.9211097656650313,3.4304517478583225,6.991533050234847
jitter,all,M1_byte_prop_anchored,shared,jitter:float32:1ch:t6,float32:1ch,t6,train,147456.0,590244.0,0.7250734915335973,0.010687873571127538,6.967005961917636,6.241932470384039,8.60868938565355
jitter,all,M1_byte_prop_anchored,shared,jitter:float32:1ch:t7,float32:1ch,t7,train,262144.0,1048996.0,1.2799025784867506,0.06364890290470714,12.381932533033376,11.102029954546627,8.674121094179476
jitter,all,M1_byte_prop_anchored,shared,jitter:uint8:3ch:t0,uint8:3ch,t0,train,12288.0,12694.0,1.663568524333338,0.017614627216548034,0.1498349389076085,-1.5137335854257294,-0.9099316098399651
jitter,all,M1_byte_prop_anchored,shared,jitter:uint8:3ch:t1,uint8:3ch,t1,train,27648.0,28054.0,2.303294880936543,0.030072730064637284,0.33113828392264444,-1.9721565970138986,-0.8562327877931113
jitter,all,M1_byte_prop_anchored,shared,jitter:uint8:3ch:t2,uint8:3ch,t2,train,62208.0,62614.0,3.680015243589878,0.04545705301588263,0.7390708102064752,-2.940944433383403,-0.7991663726138517
jitter,all,M1_byte_prop_anchored,shared,jitter:uint8:3ch:t3,uint8:3ch,t3,train,110592.0,111009.0,6.0185619574963125,0.12449688154664332,1.3103061866389405,-4.708255770857372,-0.7822891587903466
jitter,all,M1_byte_prop_anchored,shared,jitter:uint8:3ch:t4,uint8:3ch,t4,train,150528.0,150945.0,8.091521068818315,0.18317581888094106,1.7816948836780337,-6.309826185140281,-0.7798071748779081
jitter,all,M1_byte_prop_anchored,shared,jitter:uint8:3ch:t5,uint8:3ch,t5,train,248832.0,249254.0,13.872056385777663,0.9467685493659718,2.9420953097902194,-10.929961075987443,-0.7879120998378722
jitter,all,M1_byte_prop_anchored,shared,jitter:uint8:3ch:t6,uint8:3ch,t6,train,442368.0,442790.0,27.20905054961345,1.7669327565577415,5.226517456979672,-21.98253309263378,-0.8079125382398202
jitter,all,M1_byte_prop_anchored,shared,jitter:uint8:3ch:t7,uint8:3ch,t7,train,786432.0,786854.0,64.05183946711634,3.9980376532262185,9.287712385316478,-54.764127081799856,-0.8549969452464403
jitter,all,M1_byte_prop_anchored,shared,jitter:uint8:1ch:t0,uint8:1ch,t0,train,4096.0,4501.0,0.30986011183510226,0.02665918866394371,0.05312801796306489,-0.2567320938720374,-0.8285419260697294
jitter,all,M1_byte_prop_anchored,shared,jitter:uint8:1ch:t1,uint8:1ch,t1,train,9216.0,9621.0,0.3025479312054813,0.004407118288774131,0.11356246630141022,-0.1889854649040711,-0.6246463631434251
jitter,all,M1_byte_prop_anchored,shared,jitter:uint8:1ch:t2,uint8:1ch,t2,train,20736.0,21141.0,0.339843697535495,0.0034668248700200667,0.24953997506268716,-0.09030372247280782,-0.2657213393324031
jitter,all,M1_byte_prop_anchored,shared,jitter:uint8:1ch:t3,uint8:1ch,t3,train,36864.0,37269.0,0.41386013307298225,0.028957566217798245,0.43990848732847493,0.02604835425549268,0.06293999391069441
jitter,all,M1_byte_prop_anchored,shared,jitter:uint8:1ch:t4,uint8:1ch,t4,train,50176.0,50581.0,0.4465744667686522,0.007859124006011655,0.5970380530081728,0.1504635862395206,0.33692832312660687
jitter,all,M1_byte_prop_anchored,shared,jitter:uint8:1ch:t5,uint8:1ch,t5,train,82944.0,83363.0,0.598602967026333,0.015458821900013749,0.983983772818258,0.385380805791925,0.6438003602059859
jitter,all,M1_byte_prop_anchored,shared,jitter:uint8:1ch:t6,uint8:1ch,t6,train,147456.0,147875.0,0.9098916213649014,0.015593853670325314,1.7454578218814087,0.8355662005165073,0.9183139847612831
jitter,all,M1_byte_prop_anchored,shared,jitter:uint8:1ch:t7,uint8:1ch,t7,train,262144.0,262563.0,1.5991187328472733,0.02184739337306784,3.099189464660344,1.5000707318130706,0.9380608837857555
jitter,all,M5_repr_element_affine,float32:1ch,jitter:float32:1ch:v0,float32:1ch,v0,validation,6400.0,26006.0,0.27701203944161534,0.00837667924262504,0.24400509004975857,-0.03300694939185678,-0.11915348321462942
jitter,all,M5_repr_element_affine,float32:1ch,jitter:float32:1ch:v1,float32:1ch,v1,validation,25600.0,102815.0,0.3208126740840574,0.008649441732908086,0.31794536770291043,-0.0028673063811469612,-0.00893763436663879
jitter,all,M5_repr_element_affine,float32:1ch,jitter:float32:1ch:v2,float32:1ch,v2,validation,65536.0,262564.0,0.43192301799232763,0.011798183196517145,0.4717411452214664,0.039818127229138744,0.09218801862938929
jitter,all,M5_repr_element_affine,float32:1ch,jitter:float32:1ch:v3,float32:1ch,v3,validation,200704.0,803236.0,0.9225241451834639,0.031674772306956644,0.9922806998996556,0.06975655471619169,0.07561488236421073
jitter,all,M5_repr_element_affine,float32:1ch,jitter:float32:1ch:t0,float32:1ch,t0,train,4096.0,16790.0,0.2731888135895133,0.005648978726455124,0.23513225673138033,-0.03805655685813297,-0.13930496039752127
jitter,all,M5_repr_element_affine,float32:1ch,jitter:float32:1ch:t1,float32:1ch,t1,train,9216.0,37270.0,0.2847551740705967,0.008275995882444482,0.25484966410555415,-0.029905509965042543,-0.10502183169331401
jitter,all,M5_repr_element_affine,float32:1ch,jitter:float32:1ch:t2,float32:1ch,t2,train,20736.0,83359.0,0.3055100523245831,0.006076754836043071,0.2992138306974453,-0.006296221627137832,-0.020608885302564564
jitter,all,M5_repr_element_affine,float32:1ch,jitter:float32:1ch:t3,float32:1ch,t3,train,36864.0,147871.0,0.36333188026522595,0.029665259432434404,0.3613236639260929,-0.002008216339133062,-0.005527223038251141
jitter,all,M5_repr_element_affine,float32:1ch,jitter:float32:1ch:t4,float32:1ch,t4,train,50176.0,201119.0,0.3955779123740892,0.02530810906890196,0.41258892309894485,0.01701101072485567,0.04300293366422526
jitter,all,M5_repr_element_affine,float32:1ch,jitter:float32:1ch:t5,float32:1ch,t5,train,82944.0,332196.0,0.4906580178067088,0.006886815480992052,0.5387803302936574,0.04812231248694854,0.09807709390353013
jitter,all,M5_repr_element_affine,float32:1ch,jitter:float32:1ch:t6,float32:1ch,t6,train,147456.0,590244.0,0.7250734915335973,0.010687873571127538,0.7872196632082478,0.06214617167465042,0.08571016924533474
jitter,all,M5_repr_element_affine,float32:1ch,jitter:float32:1ch:t7,float32:1ch,t7,train,262144.0,1048996.0,1.2799025784867506,0.06364890290470714,1.2288895883897417,-0.05101299009700888,-0.03985693204659558
jitter,all,M5_repr_element_affine,float32:3ch,jitter:float32:3ch:v0,float32:3ch,v0,validation,19200.0,77216.0,1.7530677878918748,0.0371368787124611,1.2010931243933634,-0.5519746634985114,-0.31486213329051027
jitter,all,M5_repr_element_affine,float32:3ch,jitter:float32:3ch:v1,float32:3ch,v1,validation,76800.0,307618.0,3.955243182288507,0.1442563890698067,4.804372497573453,0.8491293152849466,0.21468447732552307
jitter,all,M5_repr_element_affine,float32:3ch,jitter:float32:3ch:v2,float32:3ch,v2,validation,196608.0,786855.0,9.517521506051423,0.15807636011567416,12.29919359378804,2.7816720877366166,0.29226853713626766
jitter,all,M5_repr_element_affine,float32:3ch,jitter:float32:3ch:v3,float32:3ch,v3,validation,602112.0,2408871.0,41.235049925103944,2.6691384128877242,37.66628038097588,-3.5687695441280667,-0.08654699219741688
jitter,all,M5_repr_element_affine,float32:3ch,jitter:float32:3ch:t0,float32:3ch,t0,train,12288.0,49559.0,1.509811660895745,0.10296398004677176,0.7686995996117525,-0.7411120612839925,-0.49086391400918417
jitter,all,M5_repr_element_affine,float32:3ch,jitter:float32:3ch:t1,float32:3ch,t1,train,27648.0,111008.0,2.0234422121817865,0.04439544603665878,1.7295740991264432,-0.2938681130553433,-0.1452317794331663
jitter,all,M5_repr_element_affine,float32:3ch,jitter:float32:3ch:t2,float32:3ch,t2,train,62208.0,249248.0,3.244211811106652,0.03412494802413667,3.8915417230344973,0.6473299119278453,0.19953380038618096
jitter,all,M5_repr_element_affine,float32:3ch,jitter:float32:3ch:t3,float32:3ch,t3,train,110592.0,442786.0,5.372403207955614,0.1057451408536148,6.918296396505773,1.545893188550159,0.28774705261529043
jitter,all,M5_repr_element_affine,float32:3ch,jitter:float32:3ch:t4,float32:3ch,t4,train,150528.0,602530.0,7.112025030723282,0.16355573093213846,9.41657009524397,2.3045450645206875,0.32403500473708524
jitter,all,M5_repr_element_affine,float32:3ch,jitter:float32:3ch:t5,float32:3ch,t5,train,248832.0,995751.0,12.06516234188601,0.40680197021999115,15.56616689213799,3.501004550251979,0.2901746740777552
jitter,all,M5_repr_element_affine,float32:3ch,jitter:float32:3ch:t6,float32:3ch,t6,train,442368.0,1769895.0,24.985352664162907,1.89359218939554,27.67318558602309,2.687832921860185,0.10757634514862816
jitter,all,M5_repr_element_affine,float32:3ch,jitter:float32:3ch:t7,float32:3ch,t7,train,786432.0,3146151.0,52.50420930375179,4.38211224825043,49.19677437515216,-3.3074349285996334,-0.0629937098845767
jitter,all,M5_repr_element_affine,uint8:1ch,jitter:uint8:1ch:v0,uint8:1ch,v0,validation,6400.0,6805.0,0.3002344522004326,0.003656084765146561,0.26227419051405854,-0.037960261686374064,-0.12643539543234128
jitter,all,M5_repr_element_affine,uint8:1ch,jitter:uint8:1ch:v1,uint8:1ch,v1,validation,25600.0,26005.0,0.36365873568380874,0.01114089328671815,0.35861372638833316,-0.005045009295475578,-0.013872922056964072
jitter,all,M5_repr_element_affine,uint8:1ch,jitter:uint8:1ch:v2,uint8:1ch,v2,validation,65536.0,65955.0,0.5310789099894464,0.019305458707008113,0.5589999610068244,0.027921051017377962,0.05257420411955882
jitter,all,M5_repr_element_affine,uint8:1ch,jitter:uint8:1ch:v3,uint8:1ch,v3,validation,200704.0,201123.0,1.2246068349728982,0.04592046104466054,1.2372302935617179,0.012623458588819636,0.010308172572872342
jitter,all,M5_repr_element_affine,uint8:1ch,jitter:uint8:1ch:t0,uint8:1ch,t0,train,4096.0,4501.0,0.30986011183510226,0.02665918866394371,0.2507134462091456,-0.05914666562595666,-0.1908818314034323
jitter,all,M5_repr_element_affine,uint8:1ch,jitter:uint8:1ch:t1,uint8:1ch,t1,train,9216.0,9621.0,0.3025479312054813,0.004407118288774131,0.27640398910895214,-0.02614394209652915,-0.08641256277099771
jitter,all,M5_repr_element_affine,uint8:1ch,jitter:uint8:1ch:t2,uint8:1ch,t2,train,20736.0,21141.0,0.339843697535495,0.0034668248700200667,0.33420771063351695,-0.0056359869019780295,-0.016584055972935555
jitter,all,M5_repr_element_affine,uint8:1ch,jitter:uint8:1ch:t3,uint8:1ch,t3,train,36864.0,37269.0,0.41386013307298225,0.028957566217798245,0.41513292076790764,0.0012727876949253925,0.003075405416498386
jitter,all,M5_repr_element_affine,uint8:1ch,jitter:uint8:1ch:t4,uint8:1ch,t4,train,50176.0,50581.0,0.4465744667686522,0.007859124006011655,0.4819283323074047,0.03535386553875253,0.07916678666061665
jitter,all,M5_repr_element_affine,uint8:1ch,jitter:uint8:1ch:t5,uint8:1ch,t5,train,82944.0,83363.0,0.598602967026333,0.015458821900013749,0.6463478068661668,0.0477448398398338,0.07976044635564505
jitter,all,M5_repr_element_affine,uint8:1ch,jitter:uint8:1ch:t6,uint8:1ch,t6,train,147456.0,147875.0,0.9098916213649014,0.015593853670325314,0.9700486474037295,0.06015702603882811,0.06611449608535612
jitter,all,M5_repr_element_affine,uint8:1ch,jitter:uint8:1ch:t7,uint8:1ch,t7,train,262144.0,262563.0,1.5991187328472733,0.02184739337306784,1.5455168083593966,-0.053601924487876706,-0.03351966516734943
jitter,all,M5_repr_element_affine,uint8:3ch,jitter:uint8:3ch:v0,uint8:3ch,v0,validation,19200.0,19606.0,1.867444795401146,0.0985693166227975,1.426907615165374,-0.44053718023577204,-0.23590372326970996
jitter,all,M5_repr_element_affine,uint8:3ch,jitter:uint8:3ch:v1,uint8:3ch,v1,validation,76800.0,77217.0,4.377874128392374,0.012334939999400683,5.707630460661496,1.3297563322691213,0.3037447613317812
jitter,all,M5_repr_element_affine,uint8:3ch,jitter:uint8:3ch:v2,uint8:3ch,v2,validation,196608.0,197030.0,10.689822305350518,0.09953980854098789,14.61153397929343,3.9217116739429123,0.3668640658301682
jitter,all,M5_repr_element_affine,uint8:3ch,jitter:uint8:3ch:v3,uint8:3ch,v3,validation,602112.0,602534.0,43.33487374421495,4.889182190986537,44.747822811586126,1.4129490673711729,0.032605357885917376
jitter,all,M5_repr_element_affine,uint8:3ch,jitter:uint8:3ch:t0,uint8:3ch,t0,train,12288.0,12694.0,1.663568524333338,0.017614627216548034,0.9132208737058394,-0.7503476506274986,-0.4510470351248047
jitter,all,M5_repr_element_affine,uint8:3ch,jitter:uint8:3ch:t1,uint8:3ch,t1,train,27648.0,28054.0,2.303294880936543,0.030072730064637284,2.0547469658381385,-0.24854791509840446,-0.10790972408940637
jitter,all,M5_repr_element_affine,uint8:3ch,jitter:uint8:3ch:t2,uint8:3ch,t2,train,62208.0,62614.0,3.680015243589878,0.04545705301588263,4.623180673135812,0.9431654295459335,0.2562938920399334
jitter,all,M5_repr_element_affine,uint8:3ch,jitter:uint8:3ch:t3,uint8:3ch,t3,train,110592.0,111009.0,6.0185619574963125,0.12449688154664332,8.218987863352554,2.2004259058562416,0.36560658864955947
jitter,all,M5_repr_element_affine,uint8:3ch,jitter:uint8:3ch:t4,uint8:3ch,t4,train,150528.0,150945.0,8.091521068818315,0.18317581888094106,11.186955702896531,3.0954346340782166,0.3825528732795197
jitter,all,M5_repr_element_affine,uint8:3ch,jitter:uint8:3ch:t5,uint8:3ch,t5,train,248832.0,249254.0,13.872056385777663,0.9467685493659718,18.492722692543246,4.6206663067655835,0.3330916612696965
jitter,all,M5_repr_element_affine,uint8:3ch,jitter:uint8:3ch:t6,uint8:3ch,t6,train,442368.0,442790.0,27.20905054961345,1.7669327565577415,32.87595145341022,5.6669009037967655,0.20827264418740524
jitter,all,M5_repr_element_affine,uint8:3ch,jitter:uint8:3ch:t7,uint8:3ch,t7,train,786432.0,786854.0,64.05183946711634,3.9980376532262185,58.44613591717372,-5.605703549942618,-0.08751822893112285
jitter,1ch,M2_byte_affine,shared,jitter:float32:1ch:v0,float32:1ch,v0,validation,6400.0,26006.0,0.27701203944161534,0.00837667924262504,0.4157605558117188,0.13874851637010344,0.5008754011189714
jitter,1ch,M2_byte_affine,shared,jitter:float32:1ch:v1,float32:1ch,v1,validation,25600.0,102815.0,0.3208126740840574,0.008649441732908086,0.4846960164107498,0.16388334232669238,0.5108381169621518
jitter,1ch,M2_byte_affine,shared,jitter:float32:1ch:v2,float32:1ch,v2,validation,65536.0,262564.0,0.43192301799232763,0.011798183196517145,0.6280694608669282,0.19614644287460054,0.45412361625535025
jitter,1ch,M2_byte_affine,shared,jitter:float32:1ch:v3,float32:1ch,v3,validation,200704.0,803236.0,0.9225241451834639,0.031674772306956644,1.1133182383929898,0.1907940932095259,0.20681745210211527
jitter,1ch,M2_byte_affine,shared,jitter:uint8:1ch:v0,uint8:1ch,v0,validation,6400.0,6805.0,0.3002344522004326,0.003656084765146561,0.39852781252692154,0.09829336032648894,0.32738867776863123
jitter,1ch,M2_byte_affine,shared,jitter:uint8:1ch:v1,uint8:1ch,v1,validation,25600.0,26005.0,0.36365873568380874,0.01114089328671815,0.4157596583197504,0.05210092263594168,0.14326872290850728
jitter,1ch,M2_byte_affine,shared,jitter:uint8:1ch:v2,uint8:1ch,v2,validation,65536.0,65955.0,0.5310789099894464,0.019305458707008113,0.4516144624563918,-0.0794644475330546,-0.14962832460176909
jitter,1ch,M2_byte_affine,shared,jitter:uint8:1ch:v3,uint8:1ch,v3,validation,200704.0,201123.0,1.2246068349728982,0.04592046104466054,0.5729266568379072,-0.651680178134991,-0.5321546144640075
jitter,1ch,M2_byte_affine,shared,jitter:float32:1ch:t0,float32:1ch,t0,train,4096.0,16790.0,0.2731888135895133,0.005648978726455124,0.4074892698311609,0.1343004562416476,0.4916030582549552
jitter,1ch,M2_byte_affine,shared,jitter:float32:1ch:t1,float32:1ch,t1,train,9216.0,37270.0,0.2847551740705967,0.008275995882444482,0.42586990534351177,0.14111473127291507,0.4955651174153198
jitter,1ch,M2_byte_affine,shared,jitter:float32:1ch:t2,float32:1ch,t2,train,20736.0,83359.0,0.3055100523245831,0.006076754836043071,0.4672344126740165,0.16172436034943338,0.5293585566788896
jitter,1ch,M2_byte_affine,shared,jitter:float32:1ch:t3,float32:1ch,t3,train,36864.0,147871.0,0.36333188026522595,0.029665259432434404,0.5251334145379216,0.16180153427269567,0.4453271046696573
jitter,1ch,M2_byte_affine,shared,jitter:float32:1ch:t4,float32:1ch,t4,train,50176.0,201119.0,0.3955779123740892,0.02530810906890196,0.5729230668700338,0.17734515449594462,0.44831915268371525
jitter,1ch,M2_byte_affine,shared,jitter:float32:1ch:t5,float32:1ch,t5,train,82944.0,332196.0,0.4906580178067088,0.006886815480992052,0.6905636216089209,0.19990560380221212,0.40742349365003855
jitter,1ch,M2_byte_affine,shared,jitter:float32:1ch:t6,float32:1ch,t6,train,147456.0,590244.0,0.7250734915335973,0.010687873571127538,0.9221596290645413,0.19708613753094395,0.27181539503545854
jitter,1ch,M2_byte_affine,shared,jitter:float32:1ch:t7,float32:1ch,t7,train,262144.0,1048996.0,1.2799025784867506,0.06364890290470714,1.3338858645412,0.05398328605444935,0.042177652394664804
jitter,1ch,M2_byte_affine,shared,jitter:uint8:1ch:t0,uint8:1ch,t0,train,4096.0,4501.0,0.30986011183510226,0.02665918866394371,0.39645999103178203,0.08659987919667977,0.2794805652260446
jitter,1ch,M2_byte_affine,shared,jitter:uint8:1ch:t1,uint8:1ch,t1,train,9216.0,9621.0,0.3025479312054813,0.004407118288774131,0.40105514990986973,0.09850721870438844,0.3255921080401814
jitter,1ch,M2_byte_affine,shared,jitter:uint8:1ch:t2,uint8:1ch,t2,train,20736.0,21141.0,0.339843697535495,0.0034668248700200667,0.4113942573855671,0.07155055985007214,0.21053961091215775
jitter,1ch,M2_byte_affine,shared,jitter:uint8:1ch:t3,uint8:1ch,t3,train,36864.0,37269.0,0.41386013307298225,0.028957566217798245,0.42586900785154336,0.012008874778561107,0.029016747009172297
jitter,1ch,M2_byte_affine,shared,jitter:uint8:1ch:t4,uint8:1ch,t4,train,50176.0,50581.0,0.4465744667686522,0.007859124006011655,0.4378164209345714,-0.008758045834080797,-0.019611613483978923
jitter,1ch,M2_byte_affine,shared,jitter:uint8:1ch:t5,uint8:1ch,t5,train,82944.0,83363.0,0.598602967026333,0.015458821900013749,0.46723800264188997,-0.131364964384443,-0.21945257812038904
jitter,1ch,M2_byte_affine,shared,jitter:uint8:1ch:t6,uint8:1ch,t6,train,147456.0,147875.0,0.9098916213649014,0.015593853670325314,0.525137004505795,-0.3847546168591064,-0.42285763251885694
jitter,1ch,M2_byte_affine,shared,jitter:uint8:1ch:t7,uint8:1ch,t7,train,262144.0,262563.0,1.5991187328472733,0.02184739337306784,0.6280685633749598,-0.9710501694723136,-0.6072408192875917
jitter,1ch,M3_element_prop,shared,jitter:float32:1ch:v0,float32:1ch,v0,validation,6400.0,26006.0,0.27701203944161534,0.00837667924262504,0.03705495541563017,-0.23995708402598517,-0.8662334117667833
jitter,1ch,M3_element_prop,shared,jitter:float32:1ch:v1,float32:1ch,v1,validation,25600.0,102815.0,0.3208126740840574,0.008649441732908086,0.14821982166252068,-0.1725928524215367,-0.537986390077329
jitter,1ch,M3_element_prop,shared,jitter:float32:1ch:v2,float32:1ch,v2,validation,65536.0,262564.0,0.43192301799232763,0.011798183196517145,0.37944274345605294,-0.052480274536274685,-0.12150376884337964
jitter,1ch,M3_element_prop,shared,jitter:float32:1ch:v3,float32:1ch,v3,validation,200704.0,803236.0,0.9225241451834639,0.031674772306956644,1.162043401834162,0.23951925665069818,0.25963467503938836
jitter,1ch,M3_element_prop,shared,jitter:uint8:1ch:v0,uint8:1ch,v0,validation,6400.0,6805.0,0.3002344522004326,0.003656084765146561,0.03705495541563017,-0.26317949678480246,-0.8765799356334604
jitter,1ch,M3_element_prop,shared,jitter:uint8:1ch:v1,uint8:1ch,v1,validation,25600.0,26005.0,0.36365873568380874,0.01114089328671815,0.14821982166252068,-0.21543891402128806,-0.5924205659907652
jitter,1ch,M3_element_prop,shared,jitter:uint8:1ch:v2,uint8:1ch,v2,validation,65536.0,65955.0,0.5310789099894464,0.019305458707008113,0.37944274345605294,-0.15163616653339346,-0.2855247378142106
jitter,1ch,M3_element_prop,shared,jitter:uint8:1ch:v3,uint8:1ch,v3,validation,200704.0,201123.0,1.2246068349728982,0.04592046104466054,1.162043401834162,-0.06256343313873614,-0.05108858725267586
jitter,1ch,M3_element_prop,shared,jitter:float32:1ch:t0,float32:1ch,t0,train,4096.0,16790.0,0.2731888135895133,0.005648978726455124,0.02371517146600331,-0.24947364212351,-0.9131912791215634
jitter,1ch,M3_element_prop,shared,jitter:float32:1ch:t1,float32:1ch,t1,train,9216.0,37270.0,0.2847551740705967,0.008275995882444482,0.05335913579850744,-0.23139603827208927,-0.8126139903421786
jitter,1ch,M3_element_prop,shared,jitter:float32:1ch:t2,float32:1ch,t2,train,20736.0,83359.0,0.3055100523245831,0.006076754836043071,0.12005805554664176,-0.18545199677794136,-0.6070242054782261
jitter,1ch,M3_element_prop,shared,jitter:float32:1ch:t3,float32:1ch,t3,train,36864.0,147871.0,0.36333188026522595,0.029665259432434404,0.21343654319402977,-0.14989533707119618,-0.4125576235197836
jitter,1ch,M3_element_prop,shared,jitter:float32:1ch:t4,float32:1ch,t4,train,50176.0,201119.0,0.3955779123740892,0.02530810906890196,0.2905108504585405,-0.10506706191554865,-0.265603964804256
jitter,1ch,M3_element_prop,shared,jitter:float32:1ch:t5,float32:1ch,t5,train,82944.0,332196.0,0.4906580178067088,0.006886815480992052,0.480232222186567,-0.010425795620141787,-0.021248599313114565
jitter,1ch,M3_element_prop,shared,jitter:float32:1ch:t6,float32:1ch,t6,train,147456.0,590244.0,0.7250734915335973,0.010687873571127538,0.8537461727761191,0.12867268124252174,0.17746157147514405
jitter,1ch,M3_element_prop,shared,jitter:float32:1ch:t7,float32:1ch,t7,train,262144.0,1048996.0,1.2799025784867506,0.06364890290470714,1.5177709738242118,0.23786839533746118,0.18584882891532012
jitter,1ch,M3_element_prop,shared,jitter:uint8:1ch:t0,uint8:1ch,t0,train,4096.0,4501.0,0.30986011183510226,0.02665918866394371,0.02371517146600331,-0.28614494036909893,-0.9234649102604604
jitter,1ch,M3_element_prop,shared,jitter:uint8:1ch:t1,uint8:1ch,t1,train,9216.0,9621.0,0.3025479312054813,0.004407118288774131,0.05335913579850744,-0.24918879540697386,-0.8236341078720927
jitter,1ch,M3_element_prop,shared,jitter:uint8:1ch:t2,uint8:1ch,t2,train,20736.0,21141.0,0.339843697535495,0.0034668248700200667,0.12005805554664176,-0.21978564198885323,-0.646725667071986
jitter,1ch,M3_element_prop,shared,jitter:uint8:1ch:t3,uint8:1ch,t3,train,36864.0,37269.0,0.41386013307298225,0.028957566217798245,0.21343654319402977,-0.20042358987895248,-0.4842785614327552
jitter,1ch,M3_element_prop,shared,jitter:uint8:1ch:t4,uint8:1ch,t4,train,50176.0,50581.0,0.4465744667686522,0.007859124006011655,0.2905108504585405,-0.15606361631011167,-0.3494682923530431
jitter,1ch,M3_element_prop,shared,jitter:uint8:1ch:t5,uint8:1ch,t5,train,82944.0,83363.0,0.598602967026333,0.015458821900013749,0.480232222186567,-0.11837074483976595,-0.19774500187961605
jitter,1ch,M3_element_prop,shared,jitter:uint8:1ch:t6,uint8:1ch,t6,train,147456.0,147875.0,0.9098916213649014,0.015593853670325314,0.8537461727761191,-0.05614544858878234,-0.06170564413436429
jitter,1ch,M3_element_prop,shared,jitter:uint8:1ch:t7,uint8:1ch,t7,train,262144.0,262563.0,1.5991187328472733,0.02184739337306784,1.5177709738242118,-0.08134775902306157,-0.05087036837985115
jitter,1ch,M4_element_affine,shared,jitter:float32:1ch:v0,float32:1ch,v0,validation,6400.0,26006.0,0.27701203944161534,0.00837667924262504,0.25313964028190844,-0.023872399159706903,-0.08617820080249035
jitter,1ch,M4_element_affine,shared,jitter:float32:1ch:v1,float32:1ch,v1,validation,25600.0,102815.0,0.3208126740840574,0.008649441732908086,0.33827954704562174,0.01746687296156435,0.05444570733196091
jitter,1ch,M4_element_affine,shared,jitter:float32:1ch:v2,float32:1ch,v2,validation,65536.0,262564.0,0.43192301799232763,0.011798183196517145,0.5153705531141454,0.08344753512181774,0.19320001862762506
jitter,1ch,M4_element_affine,shared,jitter:float32:1ch:v3,float32:1ch,v3,validation,200704.0,803236.0,0.9225241451834639,0.031674772306956644,1.114755496730687,0.19223135154722304,0.20837541494265568
jitter,1ch,M4_element_affine,shared,jitter:uint8:1ch:v0,uint8:1ch,v0,validation,6400.0,6805.0,0.3002344522004326,0.003656084765146561,0.25313964028190844,-0.04709481191852416,-0.15686011906150024
jitter,1ch,M4_element_affine,shared,jitter:uint8:1ch:v1,uint8:1ch,v1,validation,25600.0,26005.0,0.36365873568380874,0.01114089328671815,0.33827954704562174,-0.025379188638187,-0.06978847514955204
jitter,1ch,M4_element_affine,shared,jitter:uint8:1ch:v2,uint8:1ch,v2,validation,65536.0,65955.0,0.5310789099894464,0.019305458707008113,0.5153705531141454,-0.015708356875301033,-0.029578197476554265
jitter,1ch,M4_element_affine,shared,jitter:uint8:1ch:v3,uint8:1ch,v3,validation,200704.0,201123.0,1.2246068349728982,0.04592046104466054,1.114755496730687,-0.10985133824221127,-0.0897033522147885
jitter,1ch,M4_element_affine,shared,jitter:float32:1ch:t0,float32:1ch,t0,train,4096.0,16790.0,0.2731888135895133,0.005648978726455124,0.24292285147026285,-0.03026596211925045,-0.11078770657398633
jitter,1ch,M4_element_affine,shared,jitter:float32:1ch:t1,float32:1ch,t1,train,9216.0,37270.0,0.2847551740705967,0.008275995882444482,0.26562682660725306,-0.01912834746334363,-0.06717471429896238
jitter,1ch,M4_element_affine,shared,jitter:float32:1ch:t2,float32:1ch,t2,train,20736.0,83359.0,0.3055100523245831,0.006076754836043071,0.31671077066548103,0.01120071834089792,0.03666235613418683
jitter,1ch,M4_element_affine,shared,jitter:float32:1ch:t3,float32:1ch,t3,train,36864.0,147871.0,0.36333188026522595,0.029665259432434404,0.3882282923470002,0.024896412081774233,0.06852250912746849
jitter,1ch,M4_element_affine,shared,jitter:float32:1ch:t4,float32:1ch,t4,train,50176.0,201119.0,0.3955779123740892,0.02530810906890196,0.44725862770317476,0.05168071532908558,0.13064610968524523
jitter,1ch,M4_element_affine,shared,jitter:float32:1ch:t5,float32:1ch,t5,train,82944.0,332196.0,0.4906580178067088,0.006886815480992052,0.5925640685799121,0.10190605077320325,0.20769262312013906
jitter,1ch,M4_element_affine,shared,jitter:float32:1ch:t6,float32:1ch,t6,train,147456.0,590244.0,0.7250734915335973,0.010687873571127538,0.8786341553059888,0.15356066377239141,0.21178634381957123
jitter,1ch,M4_element_affine,shared,jitter:float32:1ch:t7,float32:1ch,t7,train,262144.0,1048996.0,1.2799025784867506,0.06364890290470714,1.3872031983745696,0.10730061988781903,0.08383499001516372
jitter,1ch,M4_element_affine,shared,jitter:uint8:1ch:t0,uint8:1ch,t0,train,4096.0,4501.0,0.30986011183510226,0.02665918866394371,0.24292285147026285,-0.06693726036483941,-0.2160241276891467
jitter,1ch,M4_element_affine,shared,jitter:uint8:1ch:t1,uint8:1ch,t1,train,9216.0,9621.0,0.3025479312054813,0.004407118288774131,0.26562682660725306,-0.03692110459822823,-0.12203390203700498
jitter,1ch,M4_element_affine,shared,jitter:uint8:1ch:t2,uint8:1ch,t2,train,20736.0,21141.0,0.339843697535495,0.0034668248700200667,0.31671077066548103,-0.023132926870013948,-0.0680693125627196
jitter,1ch,M4_element_affine,shared,jitter:uint8:1ch:t3,uint8:1ch,t3,train,36864.0,37269.0,0.41386013307298225,0.028957566217798245,0.3882282923470002,-0.02563184072598207,-0.061933582574531326
jitter,1ch,M4_element_affine,shared,jitter:uint8:1ch:t4,uint8:1ch,t4,train,50176.0,50581.0,0.4465744667686522,0.007859124006011655,0.44725862770317476,0.0006841609345225597,0.0015320198207323596
jitter,1ch,M4_element_affine,shared,jitter:uint8:1ch:t5,uint8:1ch,t5,train,82944.0,83363.0,0.598602967026333,0.015458821900013749,0.5925640685799121,-0.006038898446420915,-0.010088320270813592
jitter,1ch,M4_element_affine,shared,jitter:uint8:1ch:t6,uint8:1ch,t6,train,147456.0,147875.0,0.9098916213649014,0.015593853670325314,0.8786341553059888,-0.031257466058912664,-0.03435295514868492
jitter,1ch,M4_element_affine,shared,jitter:uint8:1ch:t7,uint8:1ch,t7,train,262144.0,262563.0,1.5991187328472733,0.02184739337306784,1.3872031983745696,-0.21191553447270373,-0.13252020010758206
jitter,1ch,M1_byte_prop_anchored,shared,jitter:float32:1ch:v0,float32:1ch,v0,validation,6400.0,26006.0,0.27701203944161534,0.00837667924262504,0.051150807179831656,-0.22586123226178367,-0.8153480719360123
jitter,1ch,M1_byte_prop_anchored,shared,jitter:float32:1ch:v1,float32:1ch,v1,validation,25600.0,102815.0,0.3208126740840574,0.008649441732908086,0.20222526494633514,-0.11858740913772226,-0.3696468958911851
jitter,1ch,M1_byte_prop_anchored,shared,jitter:float32:1ch:v2,float32:1ch,v2,validation,65536.0,262564.0,0.43192301799232763,0.011798183196517145,0.5164331514406414,0.08451013344831376,0.19566017537369343
jitter,1ch,M1_byte_prop_anchored,shared,jitter:float32:1ch:v3,float32:1ch,v3,validation,200704.0,803236.0,0.9225241451834639,0.031674772306956644,1.5798727122932885,0.6573485671098246,0.7125543223360258
jitter,1ch,M1_byte_prop_anchored,shared,jitter:uint8:1ch:v0,uint8:1ch,v0,validation,6400.0,6805.0,0.3002344522004326,0.003656084765146561,0.013384651344257266,-0.28684980085617534,-0.9554193356353327
jitter,1ch,M1_byte_prop_anchored,shared,jitter:uint8:1ch:v1,uint8:1ch,v1,validation,25600.0,26005.0,0.36365873568380874,0.01114089328671815,0.05114884029499047,-0.3125098953888183,-0.8593493424575315
jitter,1ch,M1_byte_prop_anchored,shared,jitter:uint8:1ch:v2,uint8:1ch,v2,validation,65536.0,65955.0,0.5310789099894464,0.019305458707008113,0.12972588970029214,-0.40135302028915426,-0.755731422844733
jitter,1ch,M1_byte_prop_anchored,shared,jitter:uint8:1ch:v3,uint8:1ch,v3,validation,200704.0,201123.0,1.2246068349728982,0.04592046104466054,0.3955857799134539,-0.8290210550594443,-0.676969155637443
jitter,1ch,M1_byte_prop_anchored,shared,jitter:float32:1ch:t0,float32:1ch,t0,train,4096.0,16790.0,0.2731888135895133,0.005648978726455124,0.033023996483479715,-0.2401648171060336,-0.8791165858895645
jitter,1ch,M1_byte_prop_anchored,shared,jitter:float32:1ch:t1,float32:1ch,t1,train,9216.0,37270.0,0.2847551740705967,0.008275995882444482,0.07330579803092847,-0.21144937603966824,-0.742565527491506
jitter,1ch,M1_byte_prop_anchored,shared,jitter:float32:1ch:t2,float32:1ch,t2,train,20736.0,83359.0,0.3055100523245831,0.006076754836043071,0.16395755347625884,-0.14155249884832427,-0.4633317227085367
jitter,1ch,M1_byte_prop_anchored,shared,jitter:float32:1ch:t3,float32:1ch,t3,train,36864.0,147871.0,0.36333188026522595,0.029665259432434404,0.2908452283507224,-0.07248665191450354,-0.19950534442942233
jitter,1ch,M1_byte_prop_anchored,shared,jitter:float32:1ch:t4,float32:1ch,t4,train,50176.0,201119.0,0.3955779123740892,0.02530810906890196,0.3955779123740892,0.0,0.0
jitter,1ch,M1_byte_prop_anchored,shared,jitter:float32:1ch:t5,float32:1ch,t5,train,82944.0,332196.0,0.4906580178067088,0.006886815480992052,0.6533912767019671,0.16273325889525825,0.33166330313462
jitter,1ch,M1_byte_prop_anchored,shared,jitter:float32:1ch:t6,float32:1ch,t6,train,147456.0,590244.0,0.7250734915335973,0.010687873571127538,1.1609419761998214,0.4358684846662241,0.6011369740525502
jitter,1ch,M1_byte_prop_anchored,shared,jitter:float32:1ch:t7,float32:1ch,t7,train,262144.0,1048996.0,1.2799025784867506,0.06364890290470714,2.0632543308626734,0.7833517523759228,0.6120401392597334
jitter,1ch,M1_byte_prop_anchored,shared,jitter:uint8:1ch:t0,uint8:1ch,t0,train,4096.0,4501.0,0.30986011183510226,0.02665918866394371,0.008852948670169279,-0.301007163164933,-0.971429208432996
jitter,1ch,M1_byte_prop_anchored,shared,jitter:uint8:1ch:t1,uint8:1ch,t1,train,9216.0,9621.0,0.3025479312054813,0.004407118288774131,0.01892339905703147,-0.28362453214844985,-0.9374532194563934
jitter,1ch,M1_byte_prop_anchored,shared,jitter:uint8:1ch:t2,uint8:1ch,t2,train,20736.0,21141.0,0.339843697535495,0.0034668248700200667,0.04158191242747139,-0.2982617851080236,-0.8776440089105129
jitter,1ch,M1_byte_prop_anchored,shared,jitter:uint8:1ch:t3,uint8:1ch,t3,train,36864.0,37269.0,0.41386013307298225,0.028957566217798245,0.07330383114608728,-0.34055630192689496,-0.8228777664526568
jitter,1ch,M1_byte_prop_anchored,shared,jitter:uint8:1ch:t4,uint8:1ch,t4,train,50176.0,50581.0,0.4465744667686522,0.007859124006011655,0.09948700215192897,-0.34708746461672324,-0.7772219202951696
jitter,1ch,M1_byte_prop_anchored,shared,jitter:uint8:1ch:t5,uint8:1ch,t5,train,82944.0,83363.0,0.598602967026333,0.015458821900013749,0.16396542101562356,-0.4346375460107094,-0.7260865213713339
jitter,1ch,M1_byte_prop_anchored,shared,jitter:uint8:1ch:t6,uint8:1ch,t6,train,147456.0,147875.0,0.9098916213649014,0.015593853670325314,0.2908530958900872,-0.6190385254748143,-0.6803431430066506
jitter,1ch,M1_byte_prop_anchored,shared,jitter:uint8:1ch:t7,uint8:1ch,t7,train,262144.0,262563.0,1.5991187328472733,0.02184739337306784,0.5164311845558002,-1.082687548291473,-0.6770526328359115
jitter,1ch,M5_repr_element_affine,float32:1ch,jitter:float32:1ch:v0,float32:1ch,v0,validation,6400.0,26006.0,0.27701203944161534,0.00837667924262504,0.24400509004975857,-0.03300694939185678,-0.11915348321462942
jitter,1ch,M5_repr_element_affine,float32:1ch,jitter:float32:1ch:v1,float32:1ch,v1,validation,25600.0,102815.0,0.3208126740840574,0.008649441732908086,0.31794536770291043,-0.0028673063811469612,-0.00893763436663879
jitter,1ch,M5_repr_element_affine,float32:1ch,jitter:float32:1ch:v2,float32:1ch,v2,validation,65536.0,262564.0,0.43192301799232763,0.011798183196517145,0.4717411452214664,0.039818127229138744,0.09218801862938929
jitter,1ch,M5_repr_element_affine,float32:1ch,jitter:float32:1ch:v3,float32:1ch,v3,validation,200704.0,803236.0,0.9225241451834639,0.031674772306956644,0.9922806998996556,0.06975655471619169,0.07561488236421073
jitter,1ch,M5_repr_element_affine,float32:1ch,jitter:float32:1ch:t0,float32:1ch,t0,train,4096.0,16790.0,0.2731888135895133,0.005648978726455124,0.23513225673138033,-0.03805655685813297,-0.13930496039752127
jitter,1ch,M5_repr_element_affine,float32:1ch,jitter:float32:1ch:t1,float32:1ch,t1,train,9216.0,37270.0,0.2847551740705967,0.008275995882444482,0.25484966410555415,-0.029905509965042543,-0.10502183169331401
jitter,1ch,M5_repr_element_affine,float32:1ch,jitter:float32:1ch:t2,float32:1ch,t2,train,20736.0,83359.0,0.3055100523245831,0.006076754836043071,0.2992138306974453,-0.006296221627137832,-0.020608885302564564
jitter,1ch,M5_repr_element_affine,float32:1ch,jitter:float32:1ch:t3,float32:1ch,t3,train,36864.0,147871.0,0.36333188026522595,0.029665259432434404,0.3613236639260929,-0.002008216339133062,-0.005527223038251141
jitter,1ch,M5_repr_element_affine,float32:1ch,jitter:float32:1ch:t4,float32:1ch,t4,train,50176.0,201119.0,0.3955779123740892,0.02530810906890196,0.41258892309894485,0.01701101072485567,0.04300293366422526
jitter,1ch,M5_repr_element_affine,float32:1ch,jitter:float32:1ch:t5,float32:1ch,t5,train,82944.0,332196.0,0.4906580178067088,0.006886815480992052,0.5387803302936574,0.04812231248694854,0.09807709390353013
jitter,1ch,M5_repr_element_affine,float32:1ch,jitter:float32:1ch:t6,float32:1ch,t6,train,147456.0,590244.0,0.7250734915335973,0.010687873571127538,0.7872196632082478,0.06214617167465042,0.08571016924533474
jitter,1ch,M5_repr_element_affine,float32:1ch,jitter:float32:1ch:t7,float32:1ch,t7,train,262144.0,1048996.0,1.2799025784867506,0.06364890290470714,1.2288895883897417,-0.05101299009700888,-0.03985693204659558
jitter,1ch,M5_repr_element_affine,uint8:1ch,jitter:uint8:1ch:v0,uint8:1ch,v0,validation,6400.0,6805.0,0.3002344522004326,0.003656084765146561,0.26227419051405854,-0.037960261686374064,-0.12643539543234128
jitter,1ch,M5_repr_element_affine,uint8:1ch,jitter:uint8:1ch:v1,uint8:1ch,v1,validation,25600.0,26005.0,0.36365873568380874,0.01114089328671815,0.35861372638833316,-0.005045009295475578,-0.013872922056964072
jitter,1ch,M5_repr_element_affine,uint8:1ch,jitter:uint8:1ch:v2,uint8:1ch,v2,validation,65536.0,65955.0,0.5310789099894464,0.019305458707008113,0.5589999610068244,0.027921051017377962,0.05257420411955882
jitter,1ch,M5_repr_element_affine,uint8:1ch,jitter:uint8:1ch:v3,uint8:1ch,v3,validation,200704.0,201123.0,1.2246068349728982,0.04592046104466054,1.2372302935617179,0.012623458588819636,0.010308172572872342
jitter,1ch,M5_repr_element_affine,uint8:1ch,jitter:uint8:1ch:t0,uint8:1ch,t0,train,4096.0,4501.0,0.30986011183510226,0.02665918866394371,0.2507134462091456,-0.05914666562595666,-0.1908818314034323
jitter,1ch,M5_repr_element_affine,uint8:1ch,jitter:uint8:1ch:t1,uint8:1ch,t1,train,9216.0,9621.0,0.3025479312054813,0.004407118288774131,0.27640398910895214,-0.02614394209652915,-0.08641256277099771
jitter,1ch,M5_repr_element_affine,uint8:1ch,jitter:uint8:1ch:t2,uint8:1ch,t2,train,20736.0,21141.0,0.339843697535495,0.0034668248700200667,0.33420771063351695,-0.0056359869019780295,-0.016584055972935555
jitter,1ch,M5_repr_element_affine,uint8:1ch,jitter:uint8:1ch:t3,uint8:1ch,t3,train,36864.0,37269.0,0.41386013307298225,0.028957566217798245,0.41513292076790764,0.0012727876949253925,0.003075405416498386
jitter,1ch,M5_repr_element_affine,uint8:1ch,jitter:uint8:1ch:t4,uint8:1ch,t4,train,50176.0,50581.0,0.4465744667686522,0.007859124006011655,0.4819283323074047,0.03535386553875253,0.07916678666061665
jitter,1ch,M5_repr_element_affine,uint8:1ch,jitter:uint8:1ch:t5,uint8:1ch,t5,train,82944.0,83363.0,0.598602967026333,0.015458821900013749,0.6463478068661668,0.0477448398398338,0.07976044635564505
jitter,1ch,M5_repr_element_affine,uint8:1ch,jitter:uint8:1ch:t6,uint8:1ch,t6,train,147456.0,147875.0,0.9098916213649014,0.015593853670325314,0.9700486474037295,0.06015702603882811,0.06611449608535612
jitter,1ch,M5_repr_element_affine,uint8:1ch,jitter:uint8:1ch:t7,uint8:1ch,t7,train,262144.0,262563.0,1.5991187328472733,0.02184739337306784,1.5455168083593966,-0.053601924487876706,-0.03351966516734943
jitter,3ch,M2_byte_affine,shared,jitter:float32:3ch:v0,float32:3ch,v0,validation,19200.0,77216.0,1.7530677878918748,0.0371368787124611,6.889705077228832,5.136637289336957,2.9300848060838214
jitter,3ch,M2_byte_affine,shared,jitter:float32:3ch:v1,float32:3ch,v1,validation,76800.0,307618.0,3.955243182288507,0.1442563890698067,10.514324427551479,6.559081245262972,1.658325656089718
jitter,3ch,M2_byte_affine,shared,jitter:float32:3ch:v2,float32:3ch,v2,validation,196608.0,786855.0,9.517521506051423,0.15807636011567416,18.053545890865923,8.5360243848145,0.8968747146394291
jitter,3ch,M2_byte_affine,shared,jitter:float32:3ch:v3,float32:3ch,v3,validation,602112.0,2408871.0,41.235049925103944,2.6691384128877242,43.570644614544264,2.3355946894403203,0.05664100549611334
jitter,3ch,M2_byte_affine,shared,jitter:uint8:3ch:v0,uint8:3ch,v0,validation,19200.0,19606.0,1.867444795401146,0.0985693166227975,5.98340078832471,4.115955992923564,2.204057653034619
jitter,3ch,M2_byte_affine,shared,jitter:uint8:3ch:v1,uint8:3ch,v1,validation,76800.0,77217.0,4.377874128392374,0.012334939999400683,6.889720808947092,2.5118466805547177,0.5737594565052303
jitter,3ch,M2_byte_affine,shared,jitter:uint8:3ch:v2,uint8:3ch,v2,validation,196608.0,197030.0,10.689822305350518,0.09953980854098789,8.774585168719174,-1.9152371366313439,-0.17916454379907895
jitter,3ch,M2_byte_affine,shared,jitter:uint8:3ch:v3,uint8:3ch,v3,validation,602112.0,602534.0,43.33487374421495,4.889182190986537,15.15385984963876,-28.181013894576193,-0.6503079727638126
jitter,3ch,M2_byte_affine,shared,jitter:float32:3ch:t0,float32:3ch,t0,train,12288.0,49559.0,1.509811660895745,0.10296398004677176,6.454612945338166,4.944801284442421,3.275111335084507
jitter,3ch,M2_byte_affine,shared,jitter:float32:3ch:t1,float32:3ch,t1,train,27648.0,111008.0,2.0234422121817865,0.04439544603665878,7.4213113006387985,5.397869088457012,2.6676665416783676
jitter,3ch,M2_byte_affine,shared,jitter:float32:3ch:t2,float32:3ch,t2,train,62208.0,249248.0,3.244211811106652,0.03412494802413667,9.596064032770474,6.3518522216638225,1.9579030567357145
jitter,3ch,M2_byte_affine,shared,jitter:float32:3ch:t3,float32:3ch,t3,train,110592.0,442786.0,5.372403207955614,0.1057451408536148,12.640749321191342,7.268346113235728,1.3529040602299816
jitter,3ch,M2_byte_affine,shared,jitter:float32:3ch:t4,float32:3ch,t4,train,150528.0,602530.0,7.112025030723282,0.16355573093213846,15.153796922765725,8.041771892042444,1.1307288511081925
jitter,3ch,M2_byte_affine,shared,jitter:float32:3ch:t5,float32:3ch,t5,train,248832.0,995751.0,12.06516234188601,0.40680197021999115,21.339838908309346,9.274676566423336,0.7687154390144353
jitter,3ch,M2_byte_affine,shared,jitter:float32:3ch:t6,float32:3ch,t6,train,442368.0,1769895.0,24.985352664162907,1.89359218939554,33.51845420824674,8.53310154408383,0.34152415852520923
jitter,3ch,M2_byte_affine,shared,jitter:float32:3ch:t7,float32:3ch,t7,train,786432.0,3146151.0,52.50420930375179,4.38211224825043,55.169325852579874,2.665116548828081,0.0507600549397787
jitter,3ch,M2_byte_affine,shared,jitter:uint8:3ch:t0,uint8:3ch,t0,train,12288.0,12694.0,1.663568524333338,0.017614627216548034,5.874663151718126,4.211094627384788,2.5313622888316853
jitter,3ch,M2_byte_affine,shared,jitter:uint8:3ch:t1,uint8:3ch,t1,train,27648.0,28054.0,2.303294880936543,0.030072730064637284,6.1163023441772015,3.8130074632406585,1.6554577943099718
jitter,3ch,M2_byte_affine,shared,jitter:uint8:3ch:t2,uint8:3ch,t2,train,62208.0,62614.0,3.680015243589878,0.04545705301588263,6.6599905272101205,2.9799752836202424,0.8097725379836356
jitter,3ch,M2_byte_affine,shared,jitter:uint8:3ch:t3,uint8:3ch,t3,train,110592.0,111009.0,6.0185619574963125,0.12449688154664332,7.421327032357057,1.4027650748607448,0.23307313022067602
jitter,3ch,M2_byte_affine,shared,jitter:uint8:3ch:t4,uint8:3ch,t4,train,150528.0,150945.0,8.091521068818315,0.18317581888094106,8.049588932750654,-0.04193213606766122,-0.00518223158674726
jitter,3ch,M2_byte_affine,shared,jitter:uint8:3ch:t5,uint8:3ch,t5,train,248832.0,249254.0,13.872056385777663,0.9467685493659718,9.59615842308003,-4.275897962697632,-0.308238219611153
jitter,3ch,M2_byte_affine,shared,jitter:uint8:3ch:t6,uint8:3ch,t6,train,442368.0,442790.0,27.20905054961345,1.7669327565577415,12.640812248064378,-14.568238301549073,-0.5354188406899791
jitter,3ch,M2_byte_affine,shared,jitter:uint8:3ch:t7,uint8:3ch,t7,train,786432.0,786854.0,64.05183946711634,3.9980376532262185,18.053530159147662,-45.998309307968675,-0.7181418939823548
jitter,3ch,M3_element_prop,shared,jitter:float32:3ch:v0,float32:3ch,v0,validation,19200.0,77216.0,1.7530677878918748,0.0371368787124611,1.3140003697793687,-0.43906741811250605,-0.25045661162966204
jitter,3ch,M3_element_prop,shared,jitter:float32:3ch:v1,float32:3ch,v1,validation,76800.0,307618.0,3.955243182288507,0.1442563890698067,5.256001479117475,1.3007582968289682,0.32886936071433875
jitter,3ch,M3_element_prop,shared,jitter:float32:3ch:v2,float32:3ch,v2,validation,196608.0,786855.0,9.517521506051423,0.15807636011567416,13.455363786540735,3.9378422804893116,0.4137466122861457
jitter,3ch,M3_element_prop,shared,jitter:float32:3ch:v3,float32:3ch,v3,validation,602112.0,2408871.0,41.235049925103944,2.6691384128877242,41.207051596281,-0.02799832882294595,-0.0006789934503244178
jitter,3ch,M3_element_prop,shared,jitter:uint8:3ch:v0,uint8:3ch,v0,validation,19200.0,19606.0,1.867444795401146,0.0985693166227975,1.3140003697793687,-0.5534444256217772,-0.29636454420752595
jitter,3ch,M3_element_prop,shared,jitter:uint8:3ch:v1,uint8:3ch,v1,validation,76800.0,77217.0,4.377874128392374,0.012334939999400683,5.256001479117475,0.8781273507251006,0.20058305126455592
jitter,3ch,M3_element_prop,shared,jitter:uint8:3ch:v2,uint8:3ch,v2,validation,196608.0,197030.0,10.689822305350518,0.09953980854098789,13.455363786540735,2.7655414811902173,0.25870790011224004
jitter,3ch,M3_element_prop,shared,jitter:uint8:3ch:v3,uint8:3ch,v3,validation,602112.0,602534.0,43.33487374421495,4.889182190986537,41.207051596281,-2.127822147933955,-0.049101842559723885
jitter,3ch,M3_element_prop,shared,jitter:float32:3ch:t0,float32:3ch,t0,train,12288.0,49559.0,1.509811660895745,0.10296398004677176,0.8409602366587959,-0.6688514242369491,-0.4430032179246325
jitter,3ch,M3_element_prop,shared,jitter:float32:3ch:t1,float32:3ch,t1,train,27648.0,111008.0,2.0234422121817865,0.04439544603665878,1.8921605324822908,-0.13128167969949578,-0.06488037014802644
jitter,3ch,M3_element_prop,shared,jitter:float32:3ch:t2,float32:3ch,t2,train,62208.0,249248.0,3.244211811106652,0.03412494802413667,4.257361198085154,1.013149386978502,0.3122944634841523
jitter,3ch,M3_element_prop,shared,jitter:float32:3ch:t3,float32:3ch,t3,train,110592.0,442786.0,5.372403207955614,0.1057451408536148,7.568642129929163,2.196238921973549,0.4088000913113322
jitter,3ch,M3_element_prop,shared,jitter:float32:3ch:t4,float32:3ch,t4,train,150528.0,602530.0,7.112025030723282,0.16355573093213846,10.30176289907025,3.1897378683469677,0.44849924663757496
jitter,3ch,M3_element_prop,shared,jitter:float32:3ch:t5,float32:3ch,t5,train,248832.0,995751.0,12.06516234188601,0.40680197021999115,17.029444792340616,4.964282450454606,0.41145591826977407
jitter,3ch,M3_element_prop,shared,jitter:float32:3ch:t6,float32:3ch,t6,train,442368.0,1769895.0,24.985352664162907,1.89359218939554,30.274568519716652,5.289215855553746,0.21169266356364844
jitter,3ch,M3_element_prop,shared,jitter:float32:3ch:t7,float32:3ch,t7,train,786432.0,3146151.0,52.50420930375179,4.38211224825043,53.82145514616294,1.3172458424111468,0.025088385481447872
jitter,3ch,M3_element_prop,shared,jitter:uint8:3ch:t0,uint8:3ch,t0,train,12288.0,12694.0,1.663568524333338,0.017614627216548034,0.8409602366587959,-0.8226082876745421,-0.4944841619939857
jitter,3ch,M3_element_prop,shared,jitter:uint8:3ch:t1,uint8:3ch,t1,train,27648.0,28054.0,2.303294880936543,0.030072730064637284,1.8921605324822908,-0.41113434845425223,-0.17849835548936785
jitter,3ch,M3_element_prop,shared,jitter:uint8:3ch:t2,uint8:3ch,t2,train,62208.0,62614.0,3.680015243589878,0.04545705301588263,4.257361198085154,0.5773459544952759,0.15688683776539777
jitter,3ch,M3_element_prop,shared,jitter:uint8:3ch:t3,uint8:3ch,t3,train,110592.0,111009.0,6.0185619574963125,0.12449688154664332,7.568642129929163,1.5500801724328506,0.2575499236162512
jitter,3ch,M3_element_prop,shared,jitter:uint8:3ch:t4,uint8:3ch,t4,train,150528.0,150945.0,8.091521068818315,0.18317581888094106,10.30176289907025,2.2102418302519347,0.27315529570445995
jitter,3ch,M3_element_prop,shared,jitter:uint8:3ch:t5,uint8:3ch,t5,train,248832.0,249254.0,13.872056385777663,0.9467685493659718,17.029444792340616,3.157388406562953,0.22760781233560068
jitter,3ch,M3_element_prop,shared,jitter:uint8:3ch:t6,uint8:3ch,t6,train,442368.0,442790.0,27.20905054961345,1.7669327565577415,30.274568519716652,3.065517970103201,0.11266537818045076
jitter,3ch,M3_element_prop,shared,jitter:uint8:3ch:t7,uint8:3ch,t7,train,786432.0,786854.0,64.05183946711634,3.9980376532262185,53.82145514616294,-10.230384320953398,-0.15972038283468173
jitter,3ch,M4_element_affine,shared,jitter:float32:3ch:v0,float32:3ch,v0,validation,19200.0,77216.0,1.7530677878918748,0.0371368787124611,1.314000369779369,-0.4390674181125058,-0.25045661162966193
jitter,3ch,M4_element_affine,shared,jitter:float32:3ch:v1,float32:3ch,v1,validation,76800.0,307618.0,3.955243182288507,0.1442563890698067,5.256001479117476,1.300758296828969,0.328869360714339
jitter,3ch,M4_element_affine,shared,jitter:float32:3ch:v2,float32:3ch,v2,validation,196608.0,786855.0,9.517521506051423,0.15807636011567416,13.455363786540737,3.9378422804893134,0.4137466122861459
jitter,3ch,M4_element_affine,shared,jitter:float32:3ch:v3,float32:3ch,v3,validation,602112.0,2408871.0,41.235049925103944,2.6691384128877242,41.20705159628101,-0.02799832882293174,-0.0006789934503240731
jitter,3ch,M4_element_affine,shared,jitter:uint8:3ch:v0,uint8:3ch,v0,validation,19200.0,19606.0,1.867444795401146,0.0985693166227975,1.314000369779369,-0.553444425621777,-0.29636454420752584
jitter,3ch,M4_element_affine,shared,jitter:uint8:3ch:v1,uint8:3ch,v1,validation,76800.0,77217.0,4.377874128392374,0.012334939999400683,5.256001479117476,0.8781273507251015,0.2005830512645561
jitter,3ch,M4_element_affine,shared,jitter:uint8:3ch:v2,uint8:3ch,v2,validation,196608.0,197030.0,10.689822305350518,0.09953980854098789,13.455363786540737,2.765541481190219,0.2587079001122402
jitter,3ch,M4_element_affine,shared,jitter:uint8:3ch:v3,uint8:3ch,v3,validation,602112.0,602534.0,43.33487374421495,4.889182190986537,41.20705159628101,-2.1278221479339408,-0.04910184255972356
jitter,3ch,M4_element_affine,shared,jitter:float32:3ch:t0,float32:3ch,t0,train,12288.0,49559.0,1.509811660895745,0.10296398004677176,0.840960236658796,-0.668851424236949,-0.44300321792463243
jitter,3ch,M4_element_affine,shared,jitter:float32:3ch:t1,float32:3ch,t1,train,27648.0,111008.0,2.0234422121817865,0.04439544603665878,1.8921605324822912,-0.13128167969949534,-0.06488037014802622
jitter,3ch,M4_element_affine,shared,jitter:float32:3ch:t2,float32:3ch,t2,train,62208.0,249248.0,3.244211811106652,0.03412494802413667,4.257361198085155,1.0131493869785029,0.3122944634841526
jitter,3ch,M4_element_affine,shared,jitter:float32:3ch:t3,float32:3ch,t3,train,110592.0,442786.0,5.372403207955614,0.1057451408536148,7.568642129929165,2.196238921973551,0.40880009131133255
jitter,3ch,M4_element_affine,shared,jitter:float32:3ch:t4,float32:3ch,t4,train,150528.0,602530.0,7.112025030723282,0.16355573093213846,10.301762899070253,3.1897378683469713,0.44849924663757545
jitter,3ch,M4_element_affine,shared,jitter:float32:3ch:t5,float32:3ch,t5,train,248832.0,995751.0,12.06516234188601,0.40680197021999115,17.02944479234062,4.9642824504546095,0.41145591826977435
jitter,3ch,M4_element_affine,shared,jitter:float32:3ch:t6,float32:3ch,t6,train,442368.0,1769895.0,24.985352664162907,1.89359218939554,30.27456851971666,5.289215855553753,0.21169266356364874
jitter,3ch,M4_element_affine,shared,jitter:float32:3ch:t7,float32:3ch,t7,train,786432.0,3146151.0,52.50420930375179,4.38211224825043,53.82145514616295,1.317245842411154,0.025088385481448008
jitter,3ch,M4_element_affine,shared,jitter:uint8:3ch:t0,uint8:3ch,t0,train,12288.0,12694.0,1.663568524333338,0.017614627216548034,0.840960236658796,-0.822608287674542,-0.49448416199398565
jitter,3ch,M4_element_affine,shared,jitter:uint8:3ch:t1,uint8:3ch,t1,train,27648.0,28054.0,2.303294880936543,0.030072730064637284,1.8921605324822912,-0.4111343484542518,-0.17849835548936765
jitter,3ch,M4_element_affine,shared,jitter:uint8:3ch:t2,uint8:3ch,t2,train,62208.0,62614.0,3.680015243589878,0.04545705301588263,4.257361198085155,0.5773459544952768,0.156886837765398
jitter,3ch,M4_element_affine,shared,jitter:uint8:3ch:t3,uint8:3ch,t3,train,110592.0,111009.0,6.0185619574963125,0.12449688154664332,7.568642129929165,1.5500801724328523,0.2575499236162515
jitter,3ch,M4_element_affine,shared,jitter:uint8:3ch:t4,uint8:3ch,t4,train,150528.0,150945.0,8.091521068818315,0.18317581888094106,10.301762899070253,2.210241830251938,0.2731552957044604
jitter,3ch,M4_element_affine,shared,jitter:uint8:3ch:t5,uint8:3ch,t5,train,248832.0,249254.0,13.872056385777663,0.9467685493659718,17.02944479234062,3.1573884065629567,0.22760781233560093
jitter,3ch,M4_element_affine,shared,jitter:uint8:3ch:t6,uint8:3ch,t6,train,442368.0,442790.0,27.20905054961345,1.7669327565577415,30.27456851971666,3.0655179701032083,0.11266537818045103
jitter,3ch,M4_element_affine,shared,jitter:uint8:3ch:t7,uint8:3ch,t7,train,786432.0,786854.0,64.05183946711634,3.9980376532262185,53.82145514616295,-10.230384320953391,-0.15972038283468162
jitter,3ch,M1_byte_prop_anchored,shared,jitter:float32:3ch:v0,float32:3ch,v0,validation,19200.0,77216.0,1.7530677878918748,0.0371368787124611,0.9114270240026703,-0.8416407638892045,-0.48009596075078587
jitter,3ch,M1_byte_prop_anchored,shared,jitter:float32:3ch:v1,float32:3ch,v1,validation,76800.0,307618.0,3.955243182288507,0.1442563890698067,3.6310008064345918,-0.324242375853915,-0.08197786100886675
jitter,3ch,M1_byte_prop_anchored,shared,jitter:float32:3ch:v2,float32:3ch,v2,validation,196608.0,786855.0,9.517521506051423,0.15807636011567416,9.28772418891967,-0.22979731713175333,-0.02414465961391774
jitter,3ch,M1_byte_prop_anchored,shared,jitter:float32:3ch:v3,float32:3ch,v3,validation,602112.0,2408871.0,41.235049925103944,2.6691384128877242,28.433357422507463,-12.801692502596481,-0.3104565782228578
jitter,3ch,M1_byte_prop_anchored,shared,jitter:uint8:3ch:v0,uint8:3ch,v0,validation,19200.0,19606.0,1.867444795401146,0.0985693166227975,0.23142144416437466,-1.6360233512367712,-0.8760758846878454
jitter,3ch,M1_byte_prop_anchored,shared,jitter:uint8:3ch:v1,uint8:3ch,v1,validation,76800.0,77217.0,4.377874128392374,0.012334939999400683,0.9114388276058614,-3.4664353007865127,-0.7918078955959941
jitter,3ch,M1_byte_prop_anchored,shared,jitter:uint8:3ch:v2,uint8:3ch,v2,validation,196608.0,197030.0,10.689822305350518,0.09953980854098789,2.325663936739097,-8.36415836861142,-0.7824412913229581
jitter,3ch,M1_byte_prop_anchored,shared,jitter:uint8:3ch:v3,uint8:3ch,v3,validation,602112.0,602534.0,43.33487374421495,4.889182190986537,7.112072245136046,-36.222801499078905,-0.835881089971204
jitter,3ch,M1_byte_prop_anchored,shared,jitter:float32:3ch:t0,float32:3ch,t0,train,12288.0,49559.0,1.509811660895745,0.10296398004677176,0.5849747705468857,-0.9248368903488593,-0.6125511640307306
jitter,3ch,M1_byte_prop_anchored,shared,jitter:float32:3ch:t1,float32:3ch,t1,train,27648.0,111008.0,2.0234422121817865,0.04439544603665878,1.3102943830357494,-0.7131478291460371,-0.3524428940212145
jitter,3ch,M1_byte_prop_anchored,shared,jitter:float32:3ch:t2,float32:3ch,t2,train,62208.0,249248.0,3.244211811106652,0.03412494802413667,2.942024488171073,-0.30218732293557915,-0.09314660710531668
jitter,3ch,M1_byte_prop_anchored,shared,jitter:float32:3ch:t3,float32:3ch,t3,train,110592.0,442786.0,5.372403207955614,0.1057451408536148,5.226470242566908,-0.14593296538870604,-0.027163442455809008
jitter,3ch,M1_byte_prop_anchored,shared,jitter:float32:3ch:t4,float32:3ch,t4,train,150528.0,602530.0,7.112025030723282,0.16355573093213846,7.112025030723282,0.0,0.0
jitter,3ch,M1_byte_prop_anchored,shared,jitter:float32:3ch:t5,float32:3ch,t5,train,248832.0,995751.0,12.06516234188601,0.40680197021999115,11.753449681124158,-0.31171266076185233,-0.02583576183469122
jitter,3ch,M1_byte_prop_anchored,shared,jitter:float32:3ch:t6,float32:3ch,t6,train,442368.0,1769895.0,24.985352664162907,1.89359218939554,20.89113826988197,-4.094214394280936,-0.16386458295437095
jitter,3ch,M1_byte_prop_anchored,shared,jitter:float32:3ch:t7,float32:3ch,t7,train,786432.0,3146151.0,52.50420930375179,4.38211224825043,37.13591798322919,-15.368291320522601,-0.2927058901432581
jitter,3ch,M1_byte_prop_anchored,shared,jitter:uint8:3ch:t0,uint8:3ch,t0,train,12288.0,12694.0,1.663568524333338,0.017614627216548034,0.1498349389076085,-1.5137335854257294,-0.9099316098399651
jitter,3ch,M1_byte_prop_anchored,shared,jitter:uint8:3ch:t1,uint8:3ch,t1,train,27648.0,28054.0,2.303294880936543,0.030072730064637284,0.33113828392264444,-1.9721565970138986,-0.8562327877931113
jitter,3ch,M1_byte_prop_anchored,shared,jitter:uint8:3ch:t2,uint8:3ch,t2,train,62208.0,62614.0,3.680015243589878,0.04545705301588263,0.7390708102064752,-2.940944433383403,-0.7991663726138517
jitter,3ch,M1_byte_prop_anchored,shared,jitter:uint8:3ch:t3,uint8:3ch,t3,train,110592.0,111009.0,6.0185619574963125,0.12449688154664332,1.3103061866389405,-4.708255770857372,-0.7822891587903466
jitter,3ch,M1_byte_prop_anchored,shared,jitter:uint8:3ch:t4,uint8:3ch,t4,train,150528.0,150945.0,8.091521068818315,0.18317581888094106,1.7816948836780337,-6.309826185140281,-0.7798071748779081
jitter,3ch,M1_byte_prop_anchored,shared,jitter:uint8:3ch:t5,uint8:3ch,t5,train,248832.0,249254.0,13.872056385777663,0.9467685493659718,2.9420953097902194,-10.929961075987443,-0.7879120998378722
jitter,3ch,M1_byte_prop_anchored,shared,jitter:uint8:3ch:t6,uint8:3ch,t6,train,442368.0,442790.0,27.20905054961345,1.7669327565577415,5.226517456979672,-21.98253309263378,-0.8079125382398202
jitter,3ch,M1_byte_prop_anchored,shared,jitter:uint8:3ch:t7,uint8:3ch,t7,train,786432.0,786854.0,64.05183946711634,3.9980376532262185,9.287712385316478,-54.764127081799856,-0.8549969452464403
jitter,3ch,M5_repr_element_affine,float32:3ch,jitter:float32:3ch:v0,float32:3ch,v0,validation,19200.0,77216.0,1.7530677878918748,0.0371368787124611,1.2010931243933634,-0.5519746634985114,-0.31486213329051027
jitter,3ch,M5_repr_element_affine,float32:3ch,jitter:float32:3ch:v1,float32:3ch,v1,validation,76800.0,307618.0,3.955243182288507,0.1442563890698067,4.804372497573453,0.8491293152849466,0.21468447732552307
jitter,3ch,M5_repr_element_affine,float32:3ch,jitter:float32:3ch:v2,float32:3ch,v2,validation,196608.0,786855.0,9.517521506051423,0.15807636011567416,12.29919359378804,2.7816720877366166,0.29226853713626766
jitter,3ch,M5_repr_element_affine,float32:3ch,jitter:float32:3ch:v3,float32:3ch,v3,validation,602112.0,2408871.0,41.235049925103944,2.6691384128877242,37.66628038097588,-3.5687695441280667,-0.08654699219741688
jitter,3ch,M5_repr_element_affine,float32:3ch,jitter:float32:3ch:t0,float32:3ch,t0,train,12288.0,49559.0,1.509811660895745,0.10296398004677176,0.7686995996117525,-0.7411120612839925,-0.49086391400918417
jitter,3ch,M5_repr_element_affine,float32:3ch,jitter:float32:3ch:t1,float32:3ch,t1,train,27648.0,111008.0,2.0234422121817865,0.04439544603665878,1.7295740991264432,-0.2938681130553433,-0.1452317794331663
jitter,3ch,M5_repr_element_affine,float32:3ch,jitter:float32:3ch:t2,float32:3ch,t2,train,62208.0,249248.0,3.244211811106652,0.03412494802413667,3.8915417230344973,0.6473299119278453,0.19953380038618096
jitter,3ch,M5_repr_element_affine,float32:3ch,jitter:float32:3ch:t3,float32:3ch,t3,train,110592.0,442786.0,5.372403207955614,0.1057451408536148,6.918296396505773,1.545893188550159,0.28774705261529043
jitter,3ch,M5_repr_element_affine,float32:3ch,jitter:float32:3ch:t4,float32:3ch,t4,train,150528.0,602530.0,7.112025030723282,0.16355573093213846,9.41657009524397,2.3045450645206875,0.32403500473708524
jitter,3ch,M5_repr_element_affine,float32:3ch,jitter:float32:3ch:t5,float32:3ch,t5,train,248832.0,995751.0,12.06516234188601,0.40680197021999115,15.56616689213799,3.501004550251979,0.2901746740777552
jitter,3ch,M5_repr_element_affine,float32:3ch,jitter:float32:3ch:t6,float32:3ch,t6,train,442368.0,1769895.0,24.985352664162907,1.89359218939554,27.67318558602309,2.687832921860185,0.10757634514862816
jitter,3ch,M5_repr_element_affine,float32:3ch,jitter:float32:3ch:t7,float32:3ch,t7,train,786432.0,3146151.0,52.50420930375179,4.38211224825043,49.19677437515216,-3.3074349285996334,-0.0629937098845767
jitter,3ch,M5_repr_element_affine,uint8:3ch,jitter:uint8:3ch:v0,uint8:3ch,v0,validation,19200.0,19606.0,1.867444795401146,0.0985693166227975,1.426907615165374,-0.44053718023577204,-0.23590372326970996
jitter,3ch,M5_repr_element_affine,uint8:3ch,jitter:uint8:3ch:v1,uint8:3ch,v1,validation,76800.0,77217.0,4.377874128392374,0.012334939999400683,5.707630460661496,1.3297563322691213,0.3037447613317812
jitter,3ch,M5_repr_element_affine,uint8:3ch,jitter:uint8:3ch:v2,uint8:3ch,v2,validation,196608.0,197030.0,10.689822305350518,0.09953980854098789,14.61153397929343,3.9217116739429123,0.3668640658301682
jitter,3ch,M5_repr_element_affine,uint8:3ch,jitter:uint8:3ch:v3,uint8:3ch,v3,validation,602112.0,602534.0,43.33487374421495,4.889182190986537,44.747822811586126,1.4129490673711729,0.032605357885917376
jitter,3ch,M5_repr_element_affine,uint8:3ch,jitter:uint8:3ch:t0,uint8:3ch,t0,train,12288.0,12694.0,1.663568524333338,0.017614627216548034,0.9132208737058394,-0.7503476506274986,-0.4510470351248047
jitter,3ch,M5_repr_element_affine,uint8:3ch,jitter:uint8:3ch:t1,uint8:3ch,t1,train,27648.0,28054.0,2.303294880936543,0.030072730064637284,2.0547469658381385,-0.24854791509840446,-0.10790972408940637
jitter,3ch,M5_repr_element_affine,uint8:3ch,jitter:uint8:3ch:t2,uint8:3ch,t2,train,62208.0,62614.0,3.680015243589878,0.04545705301588263,4.623180673135812,0.9431654295459335,0.2562938920399334
jitter,3ch,M5_repr_element_affine,uint8:3ch,jitter:uint8:3ch:t3,uint8:3ch,t3,train,110592.0,111009.0,6.0185619574963125,0.12449688154664332,8.218987863352554,2.2004259058562416,0.36560658864955947
jitter,3ch,M5_repr_element_affine,uint8:3ch,jitter:uint8:3ch:t4,uint8:3ch,t4,train,150528.0,150945.0,8.091521068818315,0.18317581888094106,11.186955702896531,3.0954346340782166,0.3825528732795197
jitter,3ch,M5_repr_element_affine,uint8:3ch,jitter:uint8:3ch:t5,uint8:3ch,t5,train,248832.0,249254.0,13.872056385777663,0.9467685493659718,18.492722692543246,4.6206663067655835,0.3330916612696965
jitter,3ch,M5_repr_element_affine,uint8:3ch,jitter:uint8:3ch:t6,uint8:3ch,t6,train,442368.0,442790.0,27.20905054961345,1.7669327565577415,32.87595145341022,5.6669009037967655,0.20827264418740524
jitter,3ch,M5_repr_element_affine,uint8:3ch,jitter:uint8:3ch:t7,uint8:3ch,t7,train,786432.0,786854.0,64.05183946711634,3.9980376532262185,58.44613591717372,-5.605703549942618,-0.08751822893112285
crop,all,M2_byte_affine,shared,crop:float32:3ch:v0,float32:3ch,v0,validation,37632.0,150944.0,1.5388586550640564,0.03375883661806343,1.0917406724947047,-0.44711798256935165,-0.2905516897851414
crop,all,M2_byte_affine,shared,crop:float32:3ch:v1,float32:3ch,v1,validation,150528.0,602530.0,1.60537365047882,0.0022043744562438624,1.272545668376555,-0.33282798210226505,-0.20732119404289182
crop,all,M2_byte_affine,shared,crop:float32:3ch:v2,float32:3ch,v2,validation,248832.0,995751.0,1.6670476148525875,0.010829106996373369,1.4299826156815134,-0.23706499917107404,-0.142206495518748
crop,all,M2_byte_affine,shared,crop:float32:3ch:v3,float32:3ch,v3,validation,519168.0,2077095.0,1.7830278639060755,0.0024838722168261016,1.8629287155758045,0.07990085166972904,0.04481189177531439
crop,all,M2_byte_affine,shared,crop:float32:1ch:v0,float32:1ch,v0,validation,12544.0,50582.0,0.5707618384622037,0.004631846766641471,1.0515579586889308,0.480796120226727,0.8423760802266139
crop,all,M2_byte_affine,shared,crop:float32:1ch:v1,float32:1ch,v1,validation,50176.0,201119.0,0.5633277267528077,0.0043693318606459735,1.1118296271309687,0.5485019003781609,0.9736817030823116
crop,all,M2_byte_affine,shared,crop:float32:1ch:v2,float32:1ch,v2,validation,82944.0,332196.0,0.600438821905603,0.025307805692878972,1.1643099441585232,0.5638711222529201,0.9390983755237068
crop,all,M2_byte_affine,shared,crop:float32:1ch:v3,float32:1ch,v3,validation,173056.0,692644.0,0.6043594043391446,0.031194495086642057,1.3086253107899535,0.7042659064508089,1.1653097501161749
crop,all,M2_byte_affine,shared,crop:uint8:3ch:v0,uint8:3ch,v0,validation,37632.0,38038.0,1.74175275877739,0.01014986108406587,1.0465356199354223,-0.6952171388419677,-0.39914800498434116
crop,all,M2_byte_affine,shared,crop:uint8:3ch:v1,uint8:3ch,v1,validation,150528.0,150945.0,1.7710845451802015,0.020532405241720838,1.0917410728724752,-0.6793434723077263,-0.3835748407135502
crop,all,M2_byte_affine,shared,crop:uint8:3ch:v2,uint8:3ch,v2,validation,248832.0,249254.0,1.8393144197762012,0.017939233817294526,1.1311018111153543,-0.7082126086608469,-0.38504162259926106
crop,all,M2_byte_affine,shared,crop:uint8:3ch:v3,uint8:3ch,v3,validation,519168.0,519590.0,2.04330525904273,0.040297490026463975,1.2393383360889272,-0.8039669229538029,-0.39346393271187197
crop,all,M2_byte_affine,shared,crop:uint8:1ch:v0,uint8:1ch,v0,validation,12544.0,12949.0,0.6491960127217075,0.016002700143506268,1.0364905420506345,0.38729452932892705,0.5965756439341373
crop,all,M2_byte_affine,shared,crop:uint8:1ch:v1,uint8:1ch,v1,validation,50176.0,50581.0,0.6557016113462547,0.018673417069151453,1.0515575583111603,0.39585594696490556,0.603713549143418
crop,all,M2_byte_affine,shared,crop:uint8:1ch:v2,uint8:1ch,v2,validation,82944.0,83363.0,0.6664095803474387,0.01385955203125734,1.0646827423846232,0.39827316203718455,0.597640210738779
crop,all,M2_byte_affine,shared,crop:uint8:1ch:v3,uint8:1ch,v3,validation,173056.0,173475.0,0.684085824371626,0.010697271499528295,1.1007615840424807,0.4166757596708547,0.6090986610541104
crop,all,M2_byte_affine,shared,crop:float32:3ch:t0,float32:3ch,t0,train,27648.0,111008.0,1.5664149944980938,0.0037622157549926003,1.0757511858508815,-0.4906638086472124,-0.3132399845319595
crop,all,M2_byte_affine,shared,crop:float32:3ch:t1,float32:3ch,t1,train,49152.0,197024.0,1.5674961575617392,0.006419562873575843,1.1101900801606548,-0.4573060774010844,-0.29174302928590906
crop,all,M2_byte_affine,shared,crop:float32:3ch:t2,float32:3ch,t2,train,76800.0,307618.0,1.5853542818998296,0.013772231908571683,1.1544694593144755,-0.4308848225853541,-0.2717908719235916
crop,all,M2_byte_affine,shared,crop:float32:3ch:t3,float32:3ch,t3,train,110592.0,442786.0,1.592587736280014,0.005169709773548009,1.208587721801262,-0.3840000144787521,-0.24111702340224223
crop,all,M2_byte_affine,shared,crop:float32:3ch:t4,float32:3ch,t4,train,196608.0,786855.0,1.6405843112928171,0.005944575663893978,1.3463453009292072,-0.2942390103636099,-0.17935013052254717
crop,all,M2_byte_affine,shared,crop:float32:3ch:t5,float32:3ch,t5,train,307200.0,1229223.0,1.6897859323459368,0.006987638824592055,1.5234596145223263,-0.16632631782361051,-0.09843040744971703
crop,all,M2_byte_affine,shared,crop:float32:3ch:t6,float32:3ch,t6,train,442368.0,1769895.0,1.7531356293087204,0.008693159929903455,1.739932664469472,-0.013202964839248432,-0.007531057277327995
crop,all,M2_byte_affine,shared,crop:float32:3ch:t7,float32:3ch,t7,train,602112.0,2408871.0,1.8230507158053417,0.008876557310915389,1.9957644507706438,0.17271373496530207,0.09473885365224462
crop,all,M2_byte_affine,shared,crop:float32:1ch:t0,float32:1ch,t0,train,9216.0,37270.0,0.5785837164148688,0.012238528714390653,1.0462281298076563,0.4676444133927875,0.8082571287876806
crop,all,M2_byte_affine,shared,crop:float32:1ch:t1,float32:1ch,t1,train,16384.0,65951.0,0.5717300654699405,0.01011375049574464,1.0577113646441823,0.4859812991742417,0.850018791253847
crop,all,M2_byte_affine,shared,crop:float32:1ch:t2,float32:1ch,t2,train,25600.0,102815.0,0.5701976781710982,0.004427182268971041,1.0724708907769422,0.502273212605844,0.880875583739448
crop,all,M2_byte_affine,shared,crop:float32:1ch:t3,float32:1ch,t3,train,36864.0,147871.0,0.5515510371575753,0.00721971233134883,1.090510311605871,0.5389592744482957,0.9771702673714996
crop,all,M2_byte_affine,shared,crop:float32:1ch:t4,float32:1ch,t4,train,65536.0,262564.0,0.5695432106343409,0.0031876197877786427,1.1364308392410878,0.5668876286067469,0.9953373475830987
crop,all,M2_byte_affine,shared,crop:float32:1ch:t5,float32:1ch,t5,train,102400.0,410020.0,0.56861407821998,0.014135168778122964,1.1954689437721275,0.6268548655521475,1.102425862395964
crop,all,M2_byte_affine,shared,crop:float32:1ch:t6,float32:1ch,t6,train,147456.0,590244.0,0.5762292429183921,0.009753250128134825,1.2676266270878427,0.6913973841694506,1.1998651451074813
crop,all,M2_byte_affine,shared,crop:float32:1ch:t7,float32:1ch,t7,train,200704.0,803236.0,0.5712173126327494,0.0045495914257998515,1.3529038891882332,0.7816865765554838,1.3684574316430962
crop,all,M2_byte_affine,shared,crop:uint8:3ch:t0,uint8:3ch,t0,train,27648.0,28054.0,1.7404260369949043,0.013394511211491707,1.0425382482744665,-0.6978877887204378,-0.40098675490136965
crop,all,M2_byte_affine,shared,crop:uint8:3ch:t1,uint8:3ch,t1,train,49152.0,49558.0,1.7391062566700082,0.006685248895977168,1.0511479718519097,-0.6879582848180985,-0.39558151330867025
crop,all,M2_byte_affine,shared,crop:uint8:3ch:t2,uint8:3ch,t2,train,76800.0,77217.0,1.7638549030137558,0.002685958492455078,1.0622220206069555,-0.7016328824068003,-0.39778378664139386
crop,all,M2_byte_affine,shared,crop:uint8:3ch:t3,uint8:3ch,t3,train,110592.0,111009.0,1.7661560031895835,0.01735001687548288,1.075751586228652,-0.6904044169609316,-0.3909079468144932
crop,all,M2_byte_affine,shared,crop:uint8:3ch:t4,uint8:3ch,t4,train,196608.0,197030.0,1.8295853879923623,0.004697452895846064,1.110192482427278,-0.7193929055650843,-0.3931999622900833
crop,all,M2_byte_affine,shared,crop:uint8:3ch:t5,uint8:3ch,t5,train,307200.0,307622.0,1.8901706114411354,0.003689409193519574,1.1544710608255577,-0.7356995506155777,-0.38922388601452934
crop,all,M2_byte_affine,shared,crop:uint8:3ch:t6,uint8:3ch,t6,train,442368.0,442790.0,1.9923039052324991,0.009104705023104169,1.208589323312344,-0.7837145819201552,-0.39337100121213525
crop,all,M2_byte_affine,shared,crop:uint8:3ch:t7,uint8:3ch,t7,train,602112.0,602534.0,2.076412501434485,0.04006167232980735,1.272547269887637,-0.803865231546848,-0.3871413945887435
crop,all,M2_byte_affine,shared,crop:uint8:1ch:t0,uint8:1ch,t0,train,9216.0,9621.0,0.6542897216665248,0.003361945988592416,1.035158084830316,0.38086836316379113,0.5821096534937015
crop,all,M2_byte_affine,shared,crop:uint8:1ch:t1,uint8:1ch,t1,train,16384.0,16789.0,0.6373593606986105,0.006402691068913746,1.0380279926894638,0.40066863199085323,0.6286384992473943
crop,all,M2_byte_affine,shared,crop:uint8:1ch:t2,uint8:1ch,t2,train,25600.0,26005.0,0.6523193644049267,0.015200968703644917,1.0417178742226536,0.38939850981772695,0.5969445812373709
crop,all,M2_byte_affine,shared,crop:uint8:1ch:t3,uint8:1ch,t3,train,36864.0,37269.0,0.651539055009683,0.015572177762365426,1.0462277294298858,0.39468867442020283,0.6057789957262609
crop,all,M2_byte_affine,shared,crop:uint8:1ch:t4,uint8:1ch,t4,train,65536.0,65955.0,0.6567829544655979,0.01662355398703421,1.0577129661552644,0.4009300116896666,0.6104452147603158
crop,all,M2_byte_affine,shared,crop:uint8:1ch:t5,uint8:1ch,t5,train,102400.0,102819.0,0.6602131412364542,0.015645069463610384,1.0724724922880242,0.41225935105156997,0.624433724962648
crop,all,M2_byte_affine,shared,crop:uint8:1ch:t6,uint8:1ch,t6,train,147456.0,147875.0,0.6757588102482259,0.006721314391668743,1.090511913116953,0.414753102868727,0.6137590758400562
crop,all,M2_byte_affine,shared,crop:uint8:1ch:t7,uint8:1ch,t7,train,200704.0,201123.0,0.6826176044220725,0.00431874851368681,1.1118312286420506,0.4292136242199781,0.6287760840615371
crop,all,M3_element_prop,shared,crop:float32:3ch:v0,float32:3ch,v0,validation,37632.0,150944.0,1.5388586550640564,0.03375883661806343,0.17630887243990861,-1.3625497826241477,-0.8854288066940302
crop,all,M3_element_prop,shared,crop:float32:3ch:v1,float32:3ch,v1,validation,150528.0,602530.0,1.60537365047882,0.0022043744562438624,0.7052354897596345,-0.9001381607191856,-0.5607032110254891
crop,all,M3_element_prop,shared,crop:float32:3ch:v2,float32:3ch,v2,validation,248832.0,995751.0,1.6670476148525875,0.010829106996373369,1.1657974422557222,-0.5012501725968652,-0.30068137714302146
crop,all,M3_element_prop,shared,crop:float32:3ch:v3,float32:3ch,v3,validation,519168.0,2077095.0,1.7830278639060755,0.0024838722168261016,2.4323428116199635,0.649314947713888,0.3641642179900852
crop,all,M3_element_prop,shared,crop:float32:1ch:v0,float32:1ch,v0,validation,12544.0,50582.0,0.5707618384622037,0.004631846766641471,0.0587696241466362,-0.5119922143155675,-0.897033017650622
crop,all,M3_element_prop,shared,crop:float32:1ch:v1,float32:1ch,v1,validation,50176.0,201119.0,0.5633277267528077,0.0043693318606459735,0.2350784965865448,-0.32824923016626295,-0.5826967404185682
crop,all,M3_element_prop,shared,crop:float32:1ch:v2,float32:1ch,v2,validation,82944.0,332196.0,0.600438821905603,0.025307805692878972,0.38859914741857404,-0.211839674487029,-0.35280809094707904
crop,all,M3_element_prop,shared,crop:float32:1ch:v3,float32:1ch,v3,validation,173056.0,692644.0,0.6043594043391446,0.031194495086642057,0.8107809372066546,0.20642153286750997,0.34155426619567203
crop,all,M3_element_prop,shared,crop:uint8:3ch:v0,uint8:3ch,v0,validation,37632.0,38038.0,1.74175275877739,0.01014986108406587,0.17630887243990861,-1.5654438863374813,-0.8987750290324401
crop,all,M3_element_prop,shared,crop:uint8:3ch:v1,uint8:3ch,v1,validation,150528.0,150945.0,1.7710845451802015,0.020532405241720838,0.7052354897596345,-1.065849055420567,-0.6018058586311704
crop,all,M3_element_prop,shared,crop:uint8:3ch:v2,uint8:3ch,v2,validation,248832.0,249254.0,1.8393144197762012,0.017939233817294526,1.1657974422557222,-0.673516977520479,-0.3661782728819302
crop,all,M3_element_prop,shared,crop:uint8:3ch:v3,uint8:3ch,v3,validation,519168.0,519590.0,2.04330525904273,0.040297490026463975,2.4323428116199635,0.3890375525772334,0.19039619795208373
crop,all,M3_element_prop,shared,crop:uint8:1ch:v0,uint8:1ch,v0,validation,12544.0,12949.0,0.6491960127217075,0.016002700143506268,0.0587696241466362,-0.5904263885750712,-0.9094732207299783
crop,all,M3_element_prop,shared,crop:uint8:1ch:v1,uint8:1ch,v1,validation,50176.0,50581.0,0.6557016113462547,0.018673417069151453,0.2350784965865448,-0.4206231147597099,-0.6414855591037926
crop,all,M3_element_prop,shared,crop:uint8:1ch:v2,uint8:1ch,v2,validation,82944.0,83363.0,0.6664095803474387,0.01385955203125734,0.38859914741857404,-0.27781043292886465,-0.4168764092257282
crop,all,M3_element_prop,shared,crop:uint8:1ch:v3,uint8:1ch,v3,validation,173056.0,173475.0,0.684085824371626,0.010697271499528295,0.8107809372066546,0.12669511283502854,0.18520353488015284
crop,all,M3_element_prop,shared,crop:float32:3ch:t0,float32:3ch,t0,train,27648.0,111008.0,1.5664149944980938,0.0037622157549926003,0.12953304913952468,-1.4368819453585693,-0.9173060462300866
crop,all,M3_element_prop,shared,crop:float32:3ch:t1,float32:3ch,t1,train,49152.0,197024.0,1.5674961575617392,0.006419562873575843,0.2302809762480439,-1.3372151813136952,-0.8530899261620845
crop,all,M3_element_prop,shared,crop:float32:3ch:t2,float32:3ch,t2,train,76800.0,307618.0,1.5853542818998296,0.013772231908571683,0.35981402538756857,-1.225540256512261,-0.7730387273711584
crop,all,M3_element_prop,shared,crop:float32:3ch:t3,float32:3ch,t3,train,110592.0,442786.0,1.592587736280014,0.005169709773548009,0.5181321965580987,-1.0744555397219153,-0.6746601868426049
crop,all,M3_element_prop,shared,crop:float32:3ch:t4,float32:3ch,t4,train,196608.0,786855.0,1.6405843112928171,0.005944575663893978,0.9211239049921756,-0.7194604063006416,-0.4385391237428637
crop,all,M3_element_prop,shared,crop:float32:3ch:t5,float32:3ch,t5,train,307200.0,1229223.0,1.6897859323459368,0.006987638824592055,1.4392561015502743,-0.2505298307956625,-0.1482612832785576
crop,all,M3_element_prop,shared,crop:float32:3ch:t6,float32:3ch,t6,train,442368.0,1769895.0,1.7531356293087204,0.008693159929903455,2.072528786232395,0.31939315692367454,0.18218394035469726
crop,all,M3_element_prop,shared,crop:float32:3ch:t7,float32:3ch,t7,train,602112.0,2408871.0,1.8230507158053417,0.008876557310915389,2.820941959038538,0.9978912432331961,0.5473743733960647
crop,all,M3_element_prop,shared,crop:float32:1ch:t0,float32:1ch,t0,train,9216.0,37270.0,0.5785837164148688,0.012238528714390653,0.04317768304650823,-0.5354060333683606,-0.9253734907818456
crop,all,M3_element_prop,shared,crop:float32:1ch:t1,float32:1ch,t1,train,16384.0,65951.0,0.5717300654699405,0.01011375049574464,0.07676032541601463,-0.4949697400539259,-0.8657402679131094
crop,all,M3_element_prop,shared,crop:float32:1ch:t2,float32:1ch,t2,train,25600.0,102815.0,0.5701976781710982,0.004427182268971041,0.11993800846252287,-0.45025966970857534,-0.7896553896058951
crop,all,M3_element_prop,shared,crop:float32:1ch:t3,float32:1ch,t3,train,36864.0,147871.0,0.5515510371575753,0.00721971233134883,0.17271073218603292,-0.3788403049715423,-0.6868635528706468
crop,all,M3_element_prop,shared,crop:float32:1ch:t4,float32:1ch,t4,train,65536.0,262564.0,0.5695432106343409,0.0031876197877786427,0.3070413016640585,-0.26250190897028236,-0.4608990223549768
crop,all,M3_element_prop,shared,crop:float32:1ch:t5,float32:1ch,t5,train,102400.0,410020.0,0.56861407821998,0.014135168778122964,0.47975203385009146,-0.08886204436988854,-0.15627830504666196
crop,all,M3_element_prop,shared,crop:float32:1ch:t6,float32:1ch,t6,train,147456.0,590244.0,0.5762292429183921,0.009753250128134825,0.6908429287441317,0.11461368582573961,0.19890293183536273
crop,all,M3_element_prop,shared,crop:float32:1ch:t7,float32:1ch,t7,train,200704.0,803236.0,0.5712173126327494,0.0045495914257998515,0.9403139863461792,0.3690966737134298,0.6461580655044531
crop,all,M3_element_prop,shared,crop:uint8:3ch:t0,uint8:3ch,t0,train,27648.0,28054.0,1.7404260369949043,0.013394511211491707,0.12953304913952468,-1.6108929878553795,-0.9255739420198619
crop,all,M3_element_prop,shared,crop:uint8:3ch:t1,uint8:3ch,t1,train,49152.0,49558.0,1.7391062566700082,0.006685248895977168,0.2302809762480439,-1.5088252804219642,-0.8675865977913394
crop,all,M3_element_prop,shared,crop:uint8:3ch:t2,uint8:3ch,t2,train,76800.0,77217.0,1.7638549030137558,0.002685958492455078,0.35981402538756857,-1.4040408776261872,-0.7960070157852647
crop,all,M3_element_prop,shared,crop:uint8:3ch:t3,uint8:3ch,t3,train,110592.0,111009.0,1.7661560031895835,0.01735001687548288,0.5181321965580987,-1.2480238066314848,-0.7066328254002593
crop,all,M3_element_prop,shared,crop:uint8:3ch:t4,uint8:3ch,t4,train,196608.0,197030.0,1.8295853879923623,0.004697452895846064,0.9211239049921756,-0.9084614830001867,-0.4965395378441769
crop,all,M3_element_prop,shared,crop:uint8:3ch:t5,uint8:3ch,t5,train,307200.0,307622.0,1.8901706114411354,0.003689409193519574,1.4392561015502743,-0.4509145098908611,-0.23855757102638867
crop,all,M3_element_prop,shared,crop:uint8:3ch:t6,uint8:3ch,t6,train,442368.0,442790.0,1.9923039052324991,0.009104705023104169,2.072528786232395,0.08022488099989578,0.040267391329805
crop,all,M3_element_prop,shared,crop:uint8:3ch:t7,uint8:3ch,t7,train,602112.0,602534.0,2.076412501434485,0.04006167232980735,2.820941959038538,0.7445294576040529,0.3585652933074215
crop,all,M3_element_prop,shared,crop:uint8:1ch:t0,uint8:1ch,t0,train,9216.0,9621.0,0.6542897216665248,0.003361945988592416,0.04317768304650823,-0.6111120386200165,-0.9340083121945864
crop,all,M3_element_prop,shared,crop:uint8:1ch:t1,uint8:1ch,t1,train,16384.0,16789.0,0.6373593606986105,0.006402691068913746,0.07676032541601463,-0.5605990352825959,-0.8795650771773752
crop,all,M3_element_prop,shared,crop:uint8:1ch:t2,uint8:1ch,t2,train,25600.0,26005.0,0.6523193644049267,0.015200968703644917,0.11993800846252287,-0.5323813559424038,-0.8161360600233976
crop,all,M3_element_prop,shared,crop:uint8:1ch:t3,uint8:1ch,t3,train,36864.0,37269.0,0.651539055009683,0.015572177762365426,0.17271073218603292,-0.47882832282365007,-0.7349188343230382
crop,all,M3_element_prop,shared,crop:uint8:1ch:t4,uint8:1ch,t4,train,65536.0,65955.0,0.6567829544655979,0.01662355398703421,0.3070413016640585,-0.34974165280153935,-0.5325072010830615
crop,all,M3_element_prop,shared,crop:uint8:1ch:t5,uint8:1ch,t5,train,102400.0,102819.0,0.6602131412364542,0.015645069463610384,0.47975203385009146,-0.18046110738636278,-0.27333764827581786
crop,all,M3_element_prop,shared,crop:uint8:1ch:t6,uint8:1ch,t6,train,147456.0,147875.0,0.6757588102482259,0.006721314391668743,0.6908429287441317,0.01508411849590574,0.02232174892453848
crop,all,M3_element_prop,shared,crop:uint8:1ch:t7,uint8:1ch,t7,train,200704.0,201123.0,0.6826176044220725,0.00431874851368681,0.9403139863461792,0.2576963819241067,0.3775120656934731
crop,all,M4_element_affine,shared,crop:float32:3ch:v0,float32:3ch,v0,validation,37632.0,150944.0,1.5388586550640564,0.03375883661806343,0.9564122306186337,-0.5824464244454227,-0.37849247721921403
crop,all,M4_element_affine,shared,crop:float32:3ch:v1,float32:3ch,v1,validation,150528.0,602530.0,1.60537365047882,0.0022043744562438624,1.1816339525056803,-0.4237396979731398,-0.26395082406314246
crop,all,M4_element_affine,shared,crop:float32:3ch:v2,float32:3ch,v2,validation,248832.0,995751.0,1.6670476148525875,0.010829106996373369,1.3777453838086866,-0.28930223104390085,-0.17354167239517215
crop,all,M4_element_affine,shared,crop:float32:3ch:v3,float32:3ch,v3,validation,519168.0,2077095.0,1.7830278639060755,0.0024838722168261016,1.9170518198919544,0.1340239559858789,0.07516649554330178
crop,all,M4_element_affine,shared,crop:float32:1ch:v0,float32:1ch,v0,validation,12544.0,50582.0,0.5707618384622037,0.004631846766641471,0.9063629590881789,0.33560112062597514,0.5879880153343484
crop,all,M4_element_affine,shared,crop:float32:1ch:v1,float32:1ch,v1,validation,50176.0,201119.0,0.5633277267528077,0.0043693318606459735,0.9814368663838611,0.41810913963105334,0.7422129601913287
crop,all,M4_element_affine,shared,crop:float32:1ch:v2,float32:1ch,v2,validation,82944.0,332196.0,0.600438821905603,0.025307805692878972,1.0468073434848633,0.4463685215792602,0.7434038328211817
crop,all,M4_element_affine,shared,crop:float32:1ch:v3,float32:1ch,v3,validation,173056.0,692644.0,0.6043594043391446,0.031194495086642057,1.2265761555126191,0.6222167511734745,1.0295475617755243
crop,all,M4_element_affine,shared,crop:uint8:3ch:v0,uint8:3ch,v0,validation,37632.0,38038.0,1.74175275877739,0.01014986108406587,0.9564122306186337,-0.7853405281587563,-0.4508909339750494
crop,all,M4_element_affine,shared,crop:uint8:3ch:v1,uint8:3ch,v1,validation,150528.0,150945.0,1.7710845451802015,0.020532405241720838,1.1816339525056803,-0.5894505926745213,-0.33281900306715556
crop,all,M4_element_affine,shared,crop:uint8:3ch:v2,uint8:3ch,v2,validation,248832.0,249254.0,1.8393144197762012,0.017939233817294526,1.3777453838086866,-0.46156903596751464,-0.2509462389925025
crop,all,M4_element_affine,shared,crop:uint8:3ch:v3,uint8:3ch,v3,validation,519168.0,519590.0,2.04330525904273,0.040297490026463975,1.9170518198919544,-0.1262534391507757,-0.06178882895349874
crop,all,M4_element_affine,shared,crop:uint8:1ch:v0,uint8:1ch,v0,validation,12544.0,12949.0,0.6491960127217075,0.016002700143506268,0.9063629590881789,0.2571669463664714,0.39613143230550285
crop,all,M4_element_affine,shared,crop:uint8:1ch:v1,uint8:1ch,v1,validation,50176.0,50581.0,0.6557016113462547,0.018673417069151453,0.9814368663838611,0.32573525503760636,0.49677360769149637
crop,all,M4_element_affine,shared,crop:uint8:1ch:v2,uint8:1ch,v2,validation,82944.0,83363.0,0.6664095803474387,0.01385955203125734,1.0468073434848633,0.38039776313742457,0.5708167684790797
crop,all,M4_element_affine,shared,crop:uint8:1ch:v3,uint8:1ch,v3,validation,173056.0,173475.0,0.684085824371626,0.010697271499528295,1.2265761555126191,0.5424903311409931,0.7930150162653978
crop,all,M4_element_affine,shared,crop:float32:3ch:t0,float32:3ch,t0,train,27648.0,111008.0,1.5664149944980938,0.0037622157549926003,0.936494663376922,-0.6299203311211719,-0.4021414078221392
crop,all,M4_element_affine,shared,crop:float32:3ch:t1,float32:3ch,t1,train,49152.0,197024.0,1.5674961575617392,0.006419562873575843,0.9793940389744548,-0.5881021185872845,-0.3751856843477594
crop,all,M4_element_affine,shared,crop:float32:3ch:t2,float32:3ch,t2,train,76800.0,307618.0,1.5853542818998296,0.013772231908571683,1.0345503790284254,-0.5508039028714042,-0.34743269006807825
crop,all,M4_element_affine,shared,crop:float32:3ch:t3,float32:3ch,t3,train,110592.0,442786.0,1.592587736280014,0.005169709773548009,1.1019636835388338,-0.49062405274118026,-0.30806720506788904
crop,all,M4_element_affine,shared,crop:float32:3ch:t4,float32:3ch,t4,train,196608.0,786855.0,1.6405843112928171,0.005944575663893978,1.2735611859289644,-0.36702312536385273,-0.223714881848791
crop,all,M4_element_affine,shared,crop:float32:3ch:t5,float32:3ch,t5,train,307200.0,1229223.0,1.6897859323459368,0.006987638824592055,1.4941865461448467,-0.19559938620109008,-0.11575394400966438
crop,all,M4_element_affine,shared,crop:float32:3ch:t6,float32:3ch,t6,train,442368.0,1769895.0,1.7531356293087204,0.008693159929903455,1.7638397641864807,0.01070413487776034,0.006105708365519383
crop,all,M4_element_affine,shared,crop:float32:3ch:t7,float32:3ch,t7,train,602112.0,2408871.0,1.8230507158053417,0.008876557310915389,2.082520840053866,0.25947012424852445,0.1423274306079314
crop,all,M4_element_affine,shared,crop:float32:1ch:t0,float32:1ch,t0,train,9216.0,37270.0,0.5785837164148688,0.012238528714390653,0.8997237700076084,0.32114005359273956,0.5550450945675572
crop,all,M4_element_affine,shared,crop:float32:1ch:t1,float32:1ch,t1,train,16384.0,65951.0,0.5717300654699405,0.01011375049574464,0.9140235618734526,0.34229349640351203,0.598697737055615
crop,all,M4_element_affine,shared,crop:float32:1ch:t2,float32:1ch,t2,train,25600.0,102815.0,0.5701976781710982,0.004427182268971041,0.9324090085581094,0.36221133038701114,0.635238171345768
crop,all,M4_element_affine,shared,crop:float32:1ch:t3,float32:1ch,t3,train,36864.0,147871.0,0.5515510371575753,0.00721971233134883,0.9548801100615789,0.40332907290400366,0.731263374977164
crop,all,M4_element_affine,shared,crop:float32:1ch:t4,float32:1ch,t4,train,65536.0,262564.0,0.5695432106343409,0.0031876197877786427,1.0120792775249559,0.442536066890615,0.777001742146537
crop,all,M4_element_affine,shared,crop:float32:1ch:t5,float32:1ch,t5,train,102400.0,410020.0,0.56861407821998,0.014135168778122964,1.0856210642635833,0.5170069860436033,0.9092405655204135
crop,all,M4_element_affine,shared,crop:float32:1ch:t6,float32:1ch,t6,train,147456.0,590244.0,0.5762292429183921,0.009753250128134825,1.1755054702774612,0.5992762273590692,1.0399962076272848
crop,all,M4_element_affine,shared,crop:float32:1ch:t7,float32:1ch,t7,train,200704.0,803236.0,0.5712173126327494,0.0045495914257998515,1.2817324955665896,0.7105151829338402,1.2438614293027372
crop,all,M4_element_affine,shared,crop:uint8:3ch:t0,uint8:3ch,t0,train,27648.0,28054.0,1.7404260369949043,0.013394511211491707,0.936494663376922,-0.8039313736179823,-0.46191642536334687
crop,all,M4_element_affine,shared,crop:uint8:3ch:t1,uint8:3ch,t1,train,49152.0,49558.0,1.7391062566700082,0.006685248895977168,0.9793940389744548,-0.7597122176955534,-0.43684059831411853
crop,all,M4_element_affine,shared,crop:uint8:3ch:t2,uint8:3ch,t2,train,76800.0,77217.0,1.7638549030137558,0.002685958492455078,1.0345503790284254,-0.7293045239853304,-0.4134719487069072
crop,all,M4_element_affine,shared,crop:uint8:3ch:t3,uint8:3ch,t3,train,110592.0,111009.0,1.7661560031895835,0.01735001687548288,1.1019636835388338,-0.6641923196507498,-0.37606662064463947
crop,all,M4_element_affine,shared,crop:uint8:3ch:t4,uint8:3ch,t4,train,196608.0,197030.0,1.8295853879923623,0.004697452895846064,1.2735611859289644,-0.5560242020633979,-0.3039072161991485
crop,all,M4_element_affine,shared,crop:uint8:3ch:t5,uint8:3ch,t5,train,307200.0,307622.0,1.8901706114411354,0.003689409193519574,1.4941865461448467,-0.3959840652962887,-0.2094964670910717
crop,all,M4_element_affine,shared,crop:uint8:3ch:t6,uint8:3ch,t6,train,442368.0,442790.0,1.9923039052324991,0.009104705023104169,1.7638397641864807,-0.22846414104601842,-0.1146733389649994
crop,all,M4_element_affine,shared,crop:uint8:3ch:t7,uint8:3ch,t7,train,602112.0,602534.0,2.076412501434485,0.04006167232980735,2.082520840053866,0.006108338619381204,0.002941775112200139
crop,all,M4_element_affine,shared,crop:uint8:1ch:t0,uint8:1ch,t0,train,9216.0,9621.0,0.6542897216665248,0.003361945988592416,0.8997237700076084,0.24543404834108362,0.37511524362012716
crop,all,M4_element_affine,shared,crop:uint8:1ch:t1,uint8:1ch,t1,train,16384.0,16789.0,0.6373593606986105,0.006402691068913746,0.9140235618734526,0.27666420117484203,0.43407882308591184
crop,all,M4_element_affine,shared,crop:uint8:1ch:t2,uint8:1ch,t2,train,25600.0,26005.0,0.6523193644049267,0.015200968703644917,0.9324090085581094,0.2800896441531827,0.4293750261556199
crop,all,M4_element_affine,shared,crop:uint8:1ch:t3,uint8:1ch,t3,train,36864.0,37269.0,0.651539055009683,0.015572177762365426,0.9548801100615789,0.3033410550518959,0.4655761657256106
crop,all,M4_element_affine,shared,crop:uint8:1ch:t4,uint8:1ch,t4,train,65536.0,65955.0,0.6567829544655979,0.01662355398703421,1.0120792775249559,0.355296323059358,0.5409645920979338
crop,all,M4_element_affine,shared,crop:uint8:1ch:t5,uint8:1ch,t5,train,102400.0,102819.0,0.6602131412364542,0.015645069463610384,1.0856210642635833,0.42540792302712904,0.644349372129159
crop,all,M4_element_affine,shared,crop:uint8:1ch:t6,uint8:1ch,t6,train,147456.0,147875.0,0.6757588102482259,0.006721314391668743,1.1755054702774612,0.4997466600292353,0.7395340651876425
crop,all,M4_element_affine,shared,crop:uint8:1ch:t7,uint8:1ch,t7,train,200704.0,201123.0,0.6826176044220725,0.00431874851368681,1.2817324955665896,0.5991148911445171,0.8776727808708483
crop,all,M1_byte_prop_anchored,shared,crop:float32:3ch:v0,float32:3ch,v0,validation,37632.0,150944.0,1.5388586550640564,0.03375883661806343,0.14951469122765784,-1.3893439638363985,-0.9028405300671137
crop,all,M1_byte_prop_anchored,shared,crop:float32:3ch:v1,float32:3ch,v1,validation,150528.0,602530.0,1.60537365047882,0.0022043744562438624,0.5968245634500258,-1.0085490870287943,-0.6282332382420651
crop,all,M1_byte_prop_anchored,shared,crop:float32:3ch:v2,float32:3ch,v2,validation,248832.0,995751.0,1.6670476148525875,0.010829106996373369,0.9863221016047774,-0.68072551324781,-0.4083419736682235
crop,all,M1_byte_prop_anchored,shared,crop:float32:3ch:v3,float32:3ch,v3,validation,519168.0,2077095.0,1.7830278639060755,0.0024838722168261016,2.05742671173092,0.27439884782484447,0.1538948736469656
crop,all,M1_byte_prop_anchored,shared,crop:float32:1ch:v0,float32:1ch,v0,validation,12544.0,50582.0,0.5707618384622037,0.004631846766641471,0.05010303232773339,-0.5206588061344704,-0.9122172700565873
crop,all,M1_byte_prop_anchored,shared,crop:float32:1ch:v1,float32:1ch,v1,validation,50176.0,201119.0,0.5633277267528077,0.0043693318606459735,0.19921457749241653,-0.3641131492603912,-0.6463611357446403
crop,all,M1_byte_prop_anchored,shared,crop:float32:1ch:v2,float32:1ch,v2,validation,82944.0,332196.0,0.600438821905603,0.025307805692878972,0.3290503919802246,-0.2713884299253784,-0.4519834827869346
crop,all,M1_byte_prop_anchored,shared,crop:float32:1ch:v3,float32:1ch,v3,validation,173056.0,692644.0,0.6043594043391446,0.031194495086642057,0.6860852620222722,0.08172585768312757,0.13522724573549613
crop,all,M1_byte_prop_anchored,shared,crop:uint8:3ch:v0,uint8:3ch,v0,validation,37632.0,38038.0,1.74175275877739,0.01014986108406587,0.03767781312882691,-1.704074945648563,-0.9783678751539486
crop,all,M1_byte_prop_anchored,shared,crop:uint8:3ch:v1,uint8:3ch,v1,validation,150528.0,150945.0,1.7710845451802015,0.020532405241720838,0.14951568175852512,-1.6215688634216765,-0.9155795909543594
crop,all,M1_byte_prop_anchored,shared,crop:uint8:3ch:v2,uint8:3ch,v2,validation,248832.0,249254.0,1.8393144197762012,0.017939233817294526,0.24689378078796528,-1.592420638988236,-0.8657685830473694
crop,all,M1_byte_prop_anchored,shared,crop:uint8:3ch:v3,uint8:3ch,v3,validation,519168.0,519590.0,2.04330525904273,0.040297490026463975,0.5146699333195008,-1.5286353257232292,-0.7481189210267001
crop,all,M1_byte_prop_anchored,shared,crop:uint8:1ch:v0,uint8:1ch,v0,validation,12544.0,12949.0,0.6491960127217075,0.016002700143506268,0.012826384200146687,-0.6363696285215608,-0.9802426633115429
crop,all,M1_byte_prop_anchored,shared,crop:uint8:1ch:v1,uint8:1ch,v1,validation,50176.0,50581.0,0.6557016113462547,0.018673417069151453,0.050102041796866136,-0.6055995695493885,-0.9235901804572371
crop,all,M1_byte_prop_anchored,shared,crop:uint8:1ch:v2,uint8:1ch,v2,validation,82944.0,83363.0,0.6664095803474387,0.01385955203125734,0.08257362468737572,-0.583835955660063,-0.8760917803067518
crop,all,M1_byte_prop_anchored,shared,crop:uint8:1ch:v3,uint8:1ch,v3,validation,173056.0,173475.0,0.684085824371626,0.010697271499528295,0.1718323421978876,-0.5122534821737385,-0.7488146427303535
crop,all,M1_byte_prop_anchored,shared,crop:float32:3ch:t0,float32:3ch,t0,train,27648.0,111008.0,1.5664149944980938,0.0037622157549926003,0.1099568505127719,-1.456458143985322,-0.9298034997756108
crop,all,M1_byte_prop_anchored,shared,crop:float32:3ch:t1,float32:3ch,t1,train,49152.0,197024.0,1.5674961575617392,0.006419562873575843,0.1951583535909878,-1.3723378039707514,-0.8754967579030247
crop,all,M1_byte_prop_anchored,shared,crop:float32:3ch:t2,float32:3ch,t2,train,76800.0,307618.0,1.5853542818998296,0.013772231908571683,0.30470512432471414,-1.2806491575751155,-0.8077999802292981
crop,all,M1_byte_prop_anchored,shared,crop:float32:3ch:t3,float32:3ch,t3,train,110592.0,442786.0,1.592587736280014,0.005169709773548009,0.438593200590482,-1.153994535689532,-0.724603429626456
crop,all,M1_byte_prop_anchored,shared,crop:float32:3ch:t4,float32:3ch,t4,train,196608.0,786855.0,1.6405843112928171,0.005944575663893978,0.7794041655576818,-0.8611801457351353,-0.5249228215869662
crop,all,M1_byte_prop_anchored,shared,crop:float32:3ch:t5,float32:3ch,t5,train,307200.0,1229223.0,1.6897859323459368,0.006987638824592055,1.217583324245649,-0.4722026081002877,-0.2794452238365642
crop,all,M1_byte_prop_anchored,shared,crop:float32:3ch:t6,float32:3ch,t6,train,442368.0,1769895.0,1.7531356293087204,0.008693159929903455,1.7531356293087204,0.0,0.0
crop,all,M1_byte_prop_anchored,shared,crop:float32:3ch:t7,float32:3ch,t7,train,602112.0,2408871.0,1.8230507158053417,0.008876557310915389,2.386061080746895,0.5630103649415534,0.30882869031585924
crop,all,M1_byte_prop_anchored,shared,crop:float32:1ch:t0,float32:1ch,t0,train,9216.0,37270.0,0.5785837164148688,0.012238528714390653,0.03691708542277141,-0.5416666309920974,-0.9361940469885255
crop,all,M1_byte_prop_anchored,shared,crop:float32:1ch:t1,float32:1ch,t1,train,16384.0,65951.0,0.5717300654699405,0.01011375049574464,0.06532650122664871,-0.5064035642432918,-0.8857389086702082
crop,all,M1_byte_prop_anchored,shared,crop:float32:1ch:t2,float32:1ch,t2,train,25600.0,102815.0,0.5701976781710982,0.004427182268971041,0.10184143111731266,-0.4683562470537856,-0.8213927642708617
crop,all,M1_byte_prop_anchored,shared,crop:float32:1ch:t3,float32:1ch,t3,train,36864.0,147871.0,0.5515510371575753,0.00721971233134883,0.1464707898725686,-0.4050802472850067,-0.7344383746834972
crop,all,M1_byte_prop_anchored,shared,crop:float32:1ch:t4,float32:1ch,t4,train,65536.0,262564.0,0.5695432106343409,0.0031876197877786427,0.2600777466311927,-0.30946546400314817,-0.543357304985647
crop,all,M1_byte_prop_anchored,shared,crop:float32:1ch:t5,float32:1ch,t5,train,102400.0,410020.0,0.56861407821998,0.014135168778122964,0.4061374661938485,-0.1624766120261315,-0.28574145145114416
crop,all,M1_byte_prop_anchored,shared,crop:float32:1ch:t6,float32:1ch,t6,train,147456.0,590244.0,0.5762292429183921,0.009753250128134825,0.5846549012148723,0.008425658296480232,0.01462205953624868
crop,all,M1_byte_prop_anchored,shared,crop:float32:1ch:t7,float32:1ch,t7,train,200704.0,803236.0,0.5712173126327494,0.0045495914257998515,0.7956300516942639,0.2244127390615145,0.3928675376227529
crop,all,M1_byte_prop_anchored,shared,crop:uint8:3ch:t0,uint8:3ch,t0,train,27648.0,28054.0,1.7404260369949043,0.013394511211491707,0.027788352950105424,-1.7126376840447988,-0.9840335915692884
crop,all,M1_byte_prop_anchored,shared,crop:uint8:3ch:t1,uint8:3ch,t1,train,49152.0,49558.0,1.7391062566700082,0.006685248895977168,0.04908872871965939,-1.6900175279503489,-0.9717735885709174
crop,all,M1_byte_prop_anchored,shared,crop:uint8:3ch:t2,uint8:3ch,t2,train,76800.0,77217.0,1.7638549030137558,0.002685958492455078,0.07648582197719721,-1.6873690810365587,-0.9566371236962224
crop,all,M1_byte_prop_anchored,shared,crop:uint8:3ch:t3,uint8:3ch,t3,train,110592.0,111009.0,1.7661560031895835,0.01735001687548288,0.10995784104363915,-1.6561981621459445,-0.9377417165612432
crop,all,M1_byte_prop_anchored,shared,crop:uint8:3ch:t4,uint8:3ch,t4,train,196608.0,197030.0,1.8295853879923623,0.004697452895846064,0.19516429677619135,-1.634421091216171,-0.8933286754162654
crop,all,M1_byte_prop_anchored,shared,crop:uint8:3ch:t5,uint8:3ch,t5,train,307200.0,307622.0,1.8901706114411354,0.003689409193519574,0.3047090864481832,-1.5854615249929522,-0.8387928134085939
crop,all,M1_byte_prop_anchored,shared,crop:uint8:3ch:t6,uint8:3ch,t6,train,442368.0,442790.0,1.9923039052324991,0.009104705023104169,0.438597162713951,-1.553706742518548,-0.7798542875100336
crop,all,M1_byte_prop_anchored,shared,crop:uint8:3ch:t7,uint8:3ch,t7,train,602112.0,602534.0,2.076412501434485,0.04006167232980735,0.5968285255734948,-1.47958397586099,-0.7125674570148383
crop,all,M1_byte_prop_anchored,shared,crop:uint8:1ch:t0,uint8:1ch,t0,train,9216.0,9621.0,0.6542897216665248,0.003361945988592416,0.009529897473906191,-0.6447598241926186,-0.9854347437254053
crop,all,M1_byte_prop_anchored,shared,crop:uint8:1ch:t1,uint8:1ch,t1,train,16384.0,16789.0,0.6373593606986105,0.006402691068913746,0.01663002273042418,-0.6207293379681864,-0.9739079336464189
crop,all,M1_byte_prop_anchored,shared,crop:uint8:1ch:t2,uint8:1ch,t2,train,25600.0,26005.0,0.6523193644049267,0.015200968703644917,0.025758755203090167,-0.6265606092018365,-0.9605120488388562
crop,all,M1_byte_prop_anchored,shared,crop:uint8:1ch:t3,uint8:1ch,t3,train,36864.0,37269.0,0.651539055009683,0.015572177762365426,0.03691609489190415,-0.6146229601177788,-0.9433401657075561
crop,all,M1_byte_prop_anchored,shared,crop:uint8:1ch:t4,uint8:1ch,t4,train,65536.0,65955.0,0.6567829544655979,0.01662355398703421,0.06533046335011775,-0.5914524911154802,-0.9005295997621088
crop,all,M1_byte_prop_anchored,shared,crop:uint8:1ch:t5,uint8:1ch,t5,train,102400.0,102819.0,0.6602131412364542,0.015645069463610384,0.10184539324078169,-0.5583677479956726,-0.8457386154870463
crop,all,M1_byte_prop_anchored,shared,crop:uint8:1ch:t6,uint8:1ch,t6,train,147456.0,147875.0,0.6757588102482259,0.006721314391668743,0.14647475199603763,-0.5292840582521883,-0.7832440365191344
crop,all,M1_byte_prop_anchored,shared,crop:uint8:1ch:t7,uint8:1ch,t7,train,200704.0,201123.0,0.6826176044220725,0.00431874851368681,0.19921853961588554,-0.483399064806187,-0.7081549928901251
crop,all,M5_repr_element_affine,float32:1ch,crop:float32:1ch:v0,float32:1ch,v0,validation,12544.0,50582.0,0.5707618384622037,0.004631846766641471,0.5685826166407417,-0.0021792218214620185,-0.0038180930724686637
crop,all,M5_repr_element_affine,float32:1ch,crop:float32:1ch:v1,float32:1ch,v1,validation,50176.0,201119.0,0.5633277267528077,0.0043693318606459735,0.5692552767263478,0.005927549973540058,0.010522382783656432
crop,all,M5_repr_element_affine,float32:1ch,crop:float32:1ch:v2,float32:1ch,v2,validation,82944.0,332196.0,0.600438821905603,0.025307805692878972,0.5698409943519095,-0.030597827553693557,-0.0509591093004042
crop,all,M5_repr_element_affine,float32:1ch,crop:float32:1ch:v3,float32:1ch,v3,validation,173056.0,692644.0,0.6043594043391446,0.031194495086642057,0.571451717822204,-0.03290768651694054,-0.05445052444070836
crop,all,M5_repr_element_affine,float32:1ch,crop:float32:1ch:t0,float32:1ch,t0,train,9216.0,37270.0,0.5785837164148688,0.012238528714390653,0.5685231296943957,-0.010060586720473164,-0.017388299108748683
crop,all,M5_repr_element_affine,float32:1ch,crop:float32:1ch:t1,float32:1ch,t1,train,16384.0,65951.0,0.5717300654699405,0.01011375049574464,0.5686512554249873,-0.0030788100449532507,-0.005385076333920947
crop,all,M5_repr_element_affine,float32:1ch,crop:float32:1ch:t2,float32:1ch,t2,train,25600.0,102815.0,0.5701976781710982,0.004427182268971041,0.5688159885071765,-0.0013816896639217147,-0.0024231765873783746
crop,all,M5_repr_element_affine,float32:1ch,crop:float32:1ch:t3,float32:1ch,t3,train,36864.0,147871.0,0.5515510371575753,0.00721971233134883,0.5690173289409634,0.0174662917833881,0.031667589410040525
crop,all,M5_repr_element_affine,float32:1ch,crop:float32:1ch:t4,float32:1ch,t4,train,65536.0,262564.0,0.5695432106343409,0.0031876197877786427,0.5695298318633298,-1.3378771011041124e-05,-2.349035290253084e-05
crop,all,M5_repr_element_affine,float32:1ch,crop:float32:1ch:t5,float32:1ch,t5,train,102400.0,410020.0,0.56861407821998,0.014135168778122964,0.5701887641920867,0.0015746859721067485,0.0027693404585342487
crop,all,M5_repr_element_affine,float32:1ch,crop:float32:1ch:t6,float32:1ch,t6,train,147456.0,590244.0,0.5762292429183921,0.009753250128134825,0.570994125927234,-0.005235116991158084,-0.009085128975135167
crop,all,M5_repr_element_affine,float32:1ch,crop:float32:1ch:t7,float32:1ch,t7,train,200704.0,803236.0,0.5712173126327494,0.0045495914257998515,0.5719459170687717,0.0007286044360222954,0.0012755293299219982
crop,all,M5_repr_element_affine,float32:3ch,crop:float32:3ch:v0,float32:3ch,v0,validation,37632.0,150944.0,1.5388586550640564,0.03375883661806343,1.5657369362989066,0.026878281234850254,0.01746637428096437
crop,all,M5_repr_element_affine,float32:3ch,crop:float32:3ch:v1,float32:3ch,v1,validation,150528.0,602530.0,1.60537365047882,0.0022043744562438624,1.6174643740450358,0.012090723566215766,0.007531407758318182
crop,all,M5_repr_element_affine,float32:3ch,crop:float32:3ch:v2,float32:3ch,v2,validation,248832.0,995751.0,1.6670476148525875,0.010829106996373369,1.662505952490645,-0.004541662361942533,-0.002724374709803439
crop,all,M5_repr_element_affine,float32:3ch,crop:float32:3ch:v3,float32:3ch,v3,validation,519168.0,2077095.0,1.7830278639060755,0.0024838722168261016,1.78637029321607,0.003342429309994621,0.0018745805254396688
crop,all,M5_repr_element_affine,float32:3ch,crop:float32:3ch:t0,float32:3ch,t0,train,27648.0,111008.0,1.5664149944980938,0.0037622157549926003,1.5611624009880245,-0.005252593510069348,-0.0033532579351695803
crop,all,M5_repr_element_affine,float32:3ch,crop:float32:3ch:t1,float32:3ch,t1,train,49152.0,197024.0,1.5674961575617392,0.006419562873575843,1.5710152462730014,0.003519088711262164,0.002245038173960281
crop,all,M5_repr_element_affine,float32:3ch,crop:float32:3ch:t2,float32:3ch,t2,train,76800.0,307618.0,1.5853542818998296,0.013772231908571683,1.583683190210829,-0.0016710916890005922,-0.001054080913067594
crop,all,M5_repr_element_affine,float32:3ch,crop:float32:3ch:t3,float32:3ch,t3,train,110592.0,442786.0,1.592587736280014,0.005169709773548009,1.599166232801507,0.006578496521493005,0.004130696458117364
crop,all,M5_repr_element_affine,float32:3ch,crop:float32:3ch:t4,float32:3ch,t4,train,196608.0,786855.0,1.6405843112928171,0.005944575663893978,1.6385776139414152,-0.0020066973514019093,-0.0012231601494595466
crop,all,M5_repr_element_affine,float32:3ch,crop:float32:3ch:t5,float32:3ch,t5,train,307200.0,1229223.0,1.6897859323459368,0.006987638824592055,1.6892493896927254,-0.0005365426532113471,-0.0003175210794106107
crop,all,M5_repr_element_affine,float32:3ch,crop:float32:3ch:t6,float32:3ch,t6,train,442368.0,1769895.0,1.7531356293087204,0.008693159929903455,1.751181560055438,-0.0019540692532824533,-0.001114613849958068
crop,all,M5_repr_element_affine,float32:3ch,crop:float32:3ch:t7,float32:3ch,t7,train,602112.0,2408871.0,1.8230507158053417,0.008876557310915389,1.8243741250295529,0.0013234092242111473,0.0007259311069832331
crop,all,M5_repr_element_affine,uint8:1ch,crop:uint8:1ch:v0,uint8:1ch,v0,validation,12544.0,12949.0,0.6491960127217075,0.016002700143506268,0.6467880037082299,-0.0024080090134775967,-0.0037092171952538533
crop,all,M5_repr_element_affine,uint8:1ch,crop:uint8:1ch:v1,uint8:1ch,v1,validation,50176.0,50581.0,0.6557016113462547,0.018673417069151453,0.6540017584975997,-0.0016998528486550368,-0.0025924182878931494
crop,all,M5_repr_element_affine,uint8:1ch,crop:uint8:1ch:v2,uint8:1ch,v2,validation,82944.0,83363.0,0.6664095803474387,0.01385955203125734,0.6602831232121529,-0.006126457135285812,-0.009193230883763297
crop,all,M5_repr_element_affine,uint8:1ch,crop:uint8:1ch:v3,uint8:1ch,v3,validation,173056.0,173475.0,0.684085824371626,0.010697271499528295,0.6775568761771744,-0.0065289481944516,-0.009544048366224855
crop,all,M5_repr_element_affine,uint8:1ch,crop:uint8:1ch:t0,uint8:1ch,t0,train,9216.0,9621.0,0.6542897216665248,0.003361945988592416,0.646150052604408,-0.008139669062116717,-0.012440466039087963
crop,all,M5_repr_element_affine,uint8:1ch,crop:uint8:1ch:t1,uint8:1ch,t1,train,16384.0,16789.0,0.6373593606986105,0.006402691068913746,0.6475241011357166,0.010164740437106023,0.01594820922683937
crop,all,M5_repr_element_affine,uint8:1ch,crop:uint8:1ch:t2,uint8:1ch,t2,train,25600.0,26005.0,0.6523193644049267,0.015200968703644917,0.6492907349616847,-0.0030286294432420036,-0.0046428630031623355
crop,all,M5_repr_element_affine,uint8:1ch,crop:uint8:1ch:t3,uint8:1ch,t3,train,36864.0,37269.0,0.651539055009683,0.015572177762365426,0.6514499540823124,-8.910092737057784e-05,-0.00013675454554179202
crop,all,M5_repr_element_affine,uint8:1ch,crop:uint8:1ch:t4,uint8:1ch,t4,train,65536.0,65955.0,0.6567829544655979,0.01662355398703421,0.6569461482075465,0.00016319374194861958,0.00024847438691737183
crop,all,M5_repr_element_affine,uint8:1ch,crop:uint8:1ch:t5,uint8:1ch,t5,train,102400.0,102819.0,0.6602131412364542,0.015645069463610384,0.664012683511419,0.0037995422749647068,0.005755023700147627
crop,all,M5_repr_element_affine,uint8:1ch,crop:uint8:1ch:t6,uint8:1ch,t6,train,147456.0,147875.0,0.6757588102482259,0.006721314391668743,0.6726495599939296,-0.003109250254296314,-0.004601124257860871
crop,all,M5_repr_element_affine,uint8:1ch,crop:uint8:1ch:t7,uint8:1ch,t7,train,200704.0,201123.0,0.6826176044220725,0.00431874851368681,0.6828567776550787,0.00023917323300615134,0.0003503765965846187
crop,all,M5_repr_element_affine,uint8:3ch,crop:uint8:3ch:v0,uint8:3ch,v0,validation,37632.0,38038.0,1.74175275877739,0.01014986108406587,1.7348139113257521,-0.006938847451637864,-0.003983830320733084
crop,all,M5_repr_element_affine,uint8:3ch,crop:uint8:3ch:v1,uint8:3ch,v1,validation,150528.0,150945.0,1.7710845451802015,0.020532405241720838,1.803496398296443,0.032411853116241396,0.018300567979347145
crop,all,M5_repr_element_affine,uint8:3ch,crop:uint8:3ch:v2,uint8:3ch,v2,validation,248832.0,249254.0,1.8393144197762012,0.017939233817294526,1.8633015570192213,0.02398713724302004,0.013041346811133399
crop,all,M5_repr_element_affine,uint8:3ch,crop:uint8:3ch:v3,uint8:3ch,v3,validation,519168.0,519590.0,2.04330525904273,0.040297490026463975,2.027765743506862,-0.015539515535868187,-0.007605087623152455
crop,all,M5_repr_element_affine,uint8:3ch,crop:uint8:3ch:t0,uint8:3ch,t0,train,27648.0,28054.0,1.7404260369949043,0.013394511211491707,1.7287399498929699,-0.011686087101934417,-0.00671449797551416
crop,all,M5_repr_element_affine,uint8:3ch,crop:uint8:3ch:t1,uint8:3ch,t1,train,49152.0,49558.0,1.7391062566700082,0.006685248895977168,1.7418223283635776,0.002716071693569466,0.0015617629360785144
crop,all,M5_repr_element_affine,uint8:3ch,crop:uint8:3ch:t2,uint8:3ch,t2,train,76800.0,77217.0,1.7638549030137558,0.002685958492455078,1.758642529254359,-0.00521237375939676,-0.002955103478461182
crop,all,M5_repr_element_affine,uint8:3ch,crop:uint8:3ch:t3,uint8:3ch,t3,train,110592.0,111009.0,1.7661560031895835,0.01735001687548288,1.7792005525653143,0.01304454937573074,0.0073858421069107035
crop,all,M5_repr_element_affine,uint8:3ch,crop:uint8:3ch:t4,uint8:3ch,t4,train,196608.0,197030.0,1.8295853879923623,0.004697452895846064,1.8315300664477454,0.001944678455383153,0.0010629066389282243
crop,all,M5_repr_element_affine,uint8:3ch,crop:uint8:3ch:t5,uint8:3ch,t5,train,307200.0,307622.0,1.8901706114411354,0.003689409193519574,1.898810870010871,0.008640258569735604,0.0045711527400946915
crop,all,M5_repr_element_affine,uint8:3ch,crop:uint8:3ch:t6,uint8:3ch,t6,train,442368.0,442790.0,1.9923039052324991,0.009104705023104169,1.9810429632546913,-0.011260941977807803,-0.005652221003147442
crop,all,M5_repr_element_affine,uint8:3ch,crop:uint8:3ch:t7,uint8:3ch,t7,train,602112.0,602534.0,2.076412501434485,0.04006167232980735,2.078226346179206,0.001813844744721127,0.000873547401331882
crop,1ch,M2_byte_affine,shared,crop:float32:1ch:v0,float32:1ch,v0,validation,12544.0,50582.0,0.5707618384622037,0.004631846766641471,0.6142841471106899,0.04352230864848616,0.07625301082803251
crop,1ch,M2_byte_affine,shared,crop:float32:1ch:v1,float32:1ch,v1,validation,50176.0,201119.0,0.5633277267528077,0.0043693318606459735,0.6142841471106899,0.05095642035788217,0.09045608433231303
crop,1ch,M2_byte_affine,shared,crop:float32:1ch:v2,float32:1ch,v2,validation,82944.0,332196.0,0.600438821905603,0.025307805692878972,0.6142841471106899,0.013845325205086856,0.023058677587079014
crop,1ch,M2_byte_affine,shared,crop:float32:1ch:v3,float32:1ch,v3,validation,173056.0,692644.0,0.6043594043391446,0.031194495086642057,0.6142841471106899,0.009924742771545314,0.016421921625258448
crop,1ch,M2_byte_affine,shared,crop:uint8:1ch:v0,uint8:1ch,v0,validation,12544.0,12949.0,0.6491960127217075,0.016002700143506268,0.6142841471106899,-0.034911865611017556,-0.053777079536659625
crop,1ch,M2_byte_affine,shared,crop:uint8:1ch:v1,uint8:1ch,v1,validation,50176.0,50581.0,0.6557016113462547,0.018673417069151453,0.6142841471106899,-0.041417464235564805,-0.06316510973723014
crop,1ch,M2_byte_affine,shared,crop:uint8:1ch:v2,uint8:1ch,v2,validation,82944.0,83363.0,0.6664095803474387,0.01385955203125734,0.6142841471106899,-0.052125433236748786,-0.0782183131424562
crop,1ch,M2_byte_affine,shared,crop:uint8:1ch:v3,uint8:1ch,v3,validation,173056.0,173475.0,0.684085824371626,0.010697271499528295,0.6142841471106899,-0.06980167726093611,-0.1020364328190153
crop,1ch,M2_byte_affine,shared,crop:float32:1ch:t0,float32:1ch,t0,train,9216.0,37270.0,0.5785837164148688,0.012238528714390653,0.6142841471106899,0.03570043069582107,0.061703137649699015
crop,1ch,M2_byte_affine,shared,crop:float32:1ch:t1,float32:1ch,t1,train,16384.0,65951.0,0.5717300654699405,0.01011375049574464,0.6142841471106899,0.042554081640749364,0.07443037232224531
crop,1ch,M2_byte_affine,shared,crop:float32:1ch:t2,float32:1ch,t2,train,25600.0,102815.0,0.5701976781710982,0.004427182268971041,0.6142841471106899,0.04408646893959167,0.07731786821896304
crop,1ch,M2_byte_affine,shared,crop:float32:1ch:t3,float32:1ch,t3,train,36864.0,147871.0,0.5515510371575753,0.00721971233134883,0.6142841471106899,0.06273310995311465,0.11373944699009265
crop,1ch,M2_byte_affine,shared,crop:float32:1ch:t4,float32:1ch,t4,train,65536.0,262564.0,0.5695432106343409,0.0031876197877786427,0.6142841471106899,0.044740936476349025,0.07855582445889901
crop,1ch,M2_byte_affine,shared,crop:float32:1ch:t5,float32:1ch,t5,train,102400.0,410020.0,0.56861407821998,0.014135168778122964,0.6142841471106899,0.0456700688907099,0.08031821694193352
crop,1ch,M2_byte_affine,shared,crop:float32:1ch:t6,float32:1ch,t6,train,147456.0,590244.0,0.5762292429183921,0.009753250128134825,0.6142841471106899,0.038054904192297845,0.06604125816240002
crop,1ch,M2_byte_affine,shared,crop:float32:1ch:t7,float32:1ch,t7,train,200704.0,803236.0,0.5712173126327494,0.0045495914257998515,0.6142841471106899,0.04306683447794046,0.07539483402462849
crop,1ch,M2_byte_affine,shared,crop:uint8:1ch:t0,uint8:1ch,t0,train,9216.0,9621.0,0.6542897216665248,0.003361945988592416,0.6142841471106899,-0.040005574555834866,-0.061143516749640636
crop,1ch,M2_byte_affine,shared,crop:uint8:1ch:t1,uint8:1ch,t1,train,16384.0,16789.0,0.6373593606986105,0.006402691068913746,0.6142841471106899,-0.02307521358792064,-0.03620440054826819
crop,1ch,M2_byte_affine,shared,crop:uint8:1ch:t2,uint8:1ch,t2,train,25600.0,26005.0,0.6523193644049267,0.015200968703644917,0.6142841471106899,-0.038035217294236756,-0.05830766242687597
crop,1ch,M2_byte_affine,shared,crop:uint8:1ch:t3,uint8:1ch,t3,train,36864.0,37269.0,0.651539055009683,0.015572177762365426,0.6142841471106899,-0.037254907898993106,-0.057179853782425114
crop,1ch,M2_byte_affine,shared,crop:uint8:1ch:t4,uint8:1ch,t4,train,65536.0,65955.0,0.6567829544655979,0.01662355398703421,0.6142841471106899,-0.042498807354907964,-0.06470753704241275
crop,1ch,M2_byte_affine,shared,crop:uint8:1ch:t5,uint8:1ch,t5,train,102400.0,102819.0,0.6602131412364542,0.015645069463610384,0.6142841471106899,-0.045928994125764344,-0.0695669190100458
crop,1ch,M2_byte_affine,shared,crop:uint8:1ch:t6,uint8:1ch,t6,train,147456.0,147875.0,0.6757588102482259,0.006721314391668743,0.6142841471106899,-0.06147466313753602,-0.09097130840951165
crop,1ch,M2_byte_affine,shared,crop:uint8:1ch:t7,uint8:1ch,t7,train,200704.0,201123.0,0.6826176044220725,0.00431874851368681,0.6142841471106899,-0.06833345731138263,-0.10010503225921938
crop,1ch,M3_element_prop,shared,crop:float32:1ch:v0,float32:1ch,v0,validation,12544.0,50582.0,0.5707618384622037,0.004631846766641471,0.05935675322437425,-0.5114050852378295,-0.8960043415230801
crop,1ch,M3_element_prop,shared,crop:float32:1ch:v1,float32:1ch,v1,validation,50176.0,201119.0,0.5633277267528077,0.0043693318606459735,0.237427012897497,-0.3259007138553107,-0.5785277350609058
crop,1ch,M3_element_prop,shared,crop:float32:1ch:v2,float32:1ch,v2,validation,82944.0,332196.0,0.600438821905603,0.025307805692878972,0.39248138866729093,-0.20795743323831212,-0.3463424176643358
crop,1ch,M3_element_prop,shared,crop:float32:1ch:v3,float32:1ch,v3,validation,173056.0,692644.0,0.6043594043391446,0.031194495086642057,0.8188809220342242,0.21452151769507966,0.35495686201765125
crop,1ch,M3_element_prop,shared,crop:uint8:1ch:v0,uint8:1ch,v0,validation,12544.0,12949.0,0.6491960127217075,0.016002700143506268,0.05935675322437425,-0.5898392594973332,-0.9085688265774687
crop,1ch,M3_element_prop,shared,crop:uint8:1ch:v1,uint8:1ch,v1,validation,50176.0,50581.0,0.6557016113462547,0.018673417069151453,0.237427012897497,-0.4182745984487577,-0.6379038745840149
crop,1ch,M3_element_prop,shared,crop:uint8:1ch:v2,uint8:1ch,v2,validation,82944.0,83363.0,0.6664095803474387,0.01385955203125734,0.39248138866729093,-0.27392819168014776,-0.41105080082632184
crop,1ch,M3_element_prop,shared,crop:uint8:1ch:v3,uint8:1ch,v3,validation,173056.0,173475.0,0.684085824371626,0.010697271499528295,0.8188809220342242,0.13479509766259823,0.19704413227158396
crop,1ch,M3_element_prop,shared,crop:float32:1ch:t0,float32:1ch,t0,train,9216.0,37270.0,0.5785837164148688,0.012238528714390653,0.04360904318525455,-0.5349746732296143,-0.9246279458822775
crop,1ch,M3_element_prop,shared,crop:float32:1ch:t1,float32:1ch,t1,train,16384.0,65951.0,0.5717300654699405,0.01011375049574464,0.07752718788489697,-0.49420287758504355,-0.8643989662828514
crop,1ch,M3_element_prop,shared,crop:float32:1ch:t2,float32:1ch,t2,train,25600.0,102815.0,0.5701976781710982,0.004427182268971041,0.12113623107015152,-0.4490614471009467,-0.7875539734593546
crop,1ch,M3_element_prop,shared,crop:float32:1ch:t3,float32:1ch,t3,train,36864.0,147871.0,0.5515510371575753,0.00721971233134883,0.1744361727410182,-0.37711486441655706,-0.6837352103624407
crop,1ch,M3_element_prop,shared,crop:float32:1ch:t4,float32:1ch,t4,train,65536.0,262564.0,0.5695432106343409,0.0031876197877786427,0.3101087515395879,-0.259434459094753,-0.4555132152410391
crop,1ch,M3_element_prop,shared,crop:float32:1ch:t5,float32:1ch,t5,train,102400.0,410020.0,0.56861407821998,0.014135168778122964,0.4845449242806061,-0.08406915393937392,-0.14784923054059532
crop,1ch,M3_element_prop,shared,crop:float32:1ch:t6,float32:1ch,t6,train,147456.0,590244.0,0.5762292429183921,0.009753250128134825,0.6977446909640728,0.12151544804568071,0.21088039098857436
crop,1ch,M3_element_prop,shared,crop:float32:1ch:t7,float32:1ch,t7,train,200704.0,803236.0,0.5712173126327494,0.0045495914257998515,0.949708051589988,0.3784907389572385,0.6626037597018354
crop,1ch,M3_element_prop,shared,crop:uint8:1ch:t0,uint8:1ch,t0,train,9216.0,9621.0,0.6542897216665248,0.003361945988592416,0.04360904318525455,-0.6106806784812702,-0.9333490321777039
crop,1ch,M3_element_prop,shared,crop:uint8:1ch:t1,uint8:1ch,t1,train,16384.0,16789.0,0.6373593606986105,0.006402691068913746,0.07752718788489697,-0.5598321728137136,-0.8783618902216808
crop,1ch,M3_element_prop,shared,crop:uint8:1ch:t2,uint8:1ch,t2,train,25600.0,26005.0,0.6523193644049267,0.015200968703644917,0.12113623107015152,-0.5311831333347752,-0.8142991950259563
crop,1ch,M3_element_prop,shared,crop:uint8:1ch:t3,uint8:1ch,t3,train,36864.0,37269.0,0.651539055009683,0.015572177762365426,0.1744361727410182,-0.4771028822686648,-0.7322705808657537
crop,1ch,M3_element_prop,shared,crop:uint8:1ch:t4,uint8:1ch,t4,train,65536.0,65955.0,0.6567829544655979,0.01662355398703421,0.3101087515395879,-0.34667420292601,-0.5278367846925733
crop,1ch,M3_element_prop,shared,crop:uint8:1ch:t5,uint8:1ch,t5,train,102400.0,102819.0,0.6602131412364542,0.015645069463610384,0.4845449242806061,-0.17566821695584817,-0.2660780375059709
crop,1ch,M3_element_prop,shared,crop:uint8:1ch:t6,uint8:1ch,t6,train,147456.0,147875.0,0.6757588102482259,0.006721314391668743,0.6977446909640728,0.02198588071584684,0.032535100367793626
crop,1ch,M3_element_prop,shared,crop:uint8:1ch:t7,uint8:1ch,t7,train,200704.0,201123.0,0.6826176044220725,0.00431874851368681,0.949708051589988,0.2670904471679154,0.3912738924951157
crop,1ch,M4_element_affine,shared,crop:float32:1ch:v0,float32:1ch,v0,validation,12544.0,50582.0,0.5707618384622037,0.004631846766641471,0.6076853101744859,0.03692347171228216,0.06469155648486345
crop,1ch,M4_element_affine,shared,crop:float32:1ch:v1,float32:1ch,v1,validation,50176.0,201119.0,0.5633277267528077,0.0043693318606459735,0.6116285176119738,0.048300790859166054,0.08574190220954771
crop,1ch,M4_element_affine,shared,crop:float32:1ch:v2,float32:1ch,v2,validation,82944.0,332196.0,0.600438821905603,0.025307805692878972,0.6150620587820312,0.014623236876428192,0.02435424949709058
crop,1ch,M4_element_affine,shared,crop:float32:1ch:v3,float32:1ch,v3,validation,173056.0,692644.0,0.6043594043391446,0.031194495086642057,0.6245042969996892,0.020144892660544644,0.033332637030067724
crop,1ch,M4_element_affine,shared,crop:uint8:1ch:v0,uint8:1ch,v0,validation,12544.0,12949.0,0.6491960127217075,0.016002700143506268,0.6076853101744859,-0.041510702547221556,-0.06394170902743368
crop,1ch,M4_element_affine,shared,crop:uint8:1ch:v1,uint8:1ch,v1,validation,50176.0,50581.0,0.6557016113462547,0.018673417069151453,0.6116285176119738,-0.04407309373428092,-0.06721516764888252
crop,1ch,M4_element_affine,shared,crop:uint8:1ch:v2,uint8:1ch,v2,validation,82944.0,83363.0,0.6664095803474387,0.01385955203125734,0.6150620587820312,-0.05134752156540745,-0.07705099548334367
crop,1ch,M4_element_affine,shared,crop:uint8:1ch:v3,uint8:1ch,v3,validation,173056.0,173475.0,0.684085824371626,0.010697271499528295,0.6245042969996892,-0.05958152737193678,-0.08709656778323976
crop,1ch,M4_element_affine,shared,crop:float32:1ch:t0,float32:1ch,t0,train,9216.0,37270.0,0.5785837164148688,0.012238528714390653,0.607336591149402,0.02875287473453314,0.04969527126117065
crop,1ch,M4_element_affine,shared,crop:float32:1ch:t1,float32:1ch,t1,train,16384.0,65951.0,0.5717300654699405,0.01011375049574464,0.608087678280352,0.0363576128104115,0.06359227020976571
crop,1ch,M4_element_affine,shared,crop:float32:1ch:t2,float32:1ch,t2,train,25600.0,102815.0,0.5701976781710982,0.004427182268971041,0.6090533617344307,0.038855683563332466,0.06814423322094466
crop,1ch,M4_element_affine,shared,crop:float32:1ch:t3,float32:1ch,t3,train,36864.0,147871.0,0.5515510371575753,0.00721971233134883,0.610233641511638,0.058682604354062695,0.1063956014958909
crop,1ch,M4_element_affine,shared,crop:float32:1ch:t4,float32:1ch,t4,train,65536.0,262564.0,0.5695432106343409,0.0031876197877786427,0.6132379900354382,0.04369477940109734,0.07671898915699714
crop,1ch,M4_element_affine,shared,crop:float32:1ch:t5,float32:1ch,t5,train,102400.0,410020.0,0.56861407821998,0.014135168778122964,0.6171007238517529,0.04848664563177285,0.08527162356506902
crop,1ch,M4_element_affine,shared,crop:float32:1ch:t6,float32:1ch,t6,train,147456.0,590244.0,0.5762292429183921,0.009753250128134825,0.6218218429605818,0.04559260004218979,0.0791223295285741
crop,1ch,M4_element_affine,shared,crop:float32:1ch:t7,float32:1ch,t7,train,200704.0,803236.0,0.5712173126327494,0.0045495914257998515,0.6274013473619252,0.05618403472917577,0.09835842416999352
crop,1ch,M4_element_affine,shared,crop:uint8:1ch:t0,uint8:1ch,t0,train,9216.0,9621.0,0.6542897216665248,0.003361945988592416,0.607336591149402,-0.0469531305171228,-0.07176198702545666
crop,1ch,M4_element_affine,shared,crop:uint8:1ch:t1,uint8:1ch,t1,train,16384.0,16789.0,0.6373593606986105,0.006402691068913746,0.608087678280352,-0.029271682418258504,-0.045926496452760604
crop,1ch,M4_element_affine,shared,crop:uint8:1ch:t2,uint8:1ch,t2,train,25600.0,26005.0,0.6523193644049267,0.015200968703644917,0.6090533617344307,-0.04326600267049596,-0.06632641161889322
crop,1ch,M4_element_affine,shared,crop:uint8:1ch:t3,uint8:1ch,t3,train,36864.0,37269.0,0.651539055009683,0.015572177762365426,0.610233641511638,-0.04130541349804506,-0.06339668079825421
crop,1ch,M4_element_affine,shared,crop:uint8:1ch:t4,uint8:1ch,t4,train,65536.0,65955.0,0.6567829544655979,0.01662355398703421,0.6132379900354382,-0.04354496443015965,-0.06630038756957497
crop,1ch,M4_element_affine,shared,crop:uint8:1ch:t5,uint8:1ch,t5,train,102400.0,102819.0,0.6602131412364542,0.015645069463610384,0.6171007238517529,-0.043112417384701396,-0.06530075621330408
crop,1ch,M4_element_affine,shared,crop:uint8:1ch:t6,uint8:1ch,t6,train,147456.0,147875.0,0.6757588102482259,0.006721314391668743,0.6218218429605818,-0.05393696728764408,-0.0798168909819044
crop,1ch,M4_element_affine,shared,crop:uint8:1ch:t7,uint8:1ch,t7,train,200704.0,201123.0,0.6826176044220725,0.00431874851368681,0.6274013473619252,-0.05521625706014732,-0.08088900242602928
crop,1ch,M1_byte_prop_anchored,shared,crop:float32:1ch:v0,float32:1ch,v0,validation,12544.0,50582.0,0.5707618384622037,0.004631846766641471,0.04938098068815287,-0.5213808577740509,-0.9134823364834632
crop,1ch,M1_byte_prop_anchored,shared,crop:float32:1ch:v1,float32:1ch,v1,validation,50176.0,201119.0,0.5633277267528077,0.0043693318606459735,0.196343629255874,-0.3669840974969337,-0.6514575442830439
crop,1ch,M1_byte_prop_anchored,shared,crop:float32:1ch:v2,float32:1ch,v2,validation,82944.0,332196.0,0.600438821905603,0.025307805692878972,0.3243083361804917,-0.27613048572511134,-0.4598811330166168
crop,1ch,M1_byte_prop_anchored,shared,crop:float32:1ch:v3,float32:1ch,v3,validation,173056.0,692644.0,0.6043594043391446,0.031194495086642057,0.6761978567032731,0.07183845236412856,0.118867104322936
crop,1ch,M1_byte_prop_anchored,shared,crop:uint8:1ch:v0,uint8:1ch,v0,validation,12544.0,12949.0,0.6491960127217075,0.016002700143506268,0.012641538866215088,-0.6365544738554924,-0.9805273929314255
crop,1ch,M1_byte_prop_anchored,shared,crop:uint8:1ch:v1,uint8:1ch,v1,validation,50176.0,50581.0,0.6557016113462547,0.018673417069151453,0.04938000443215888,-0.6063216069140959,-0.9246913480496499
crop,1ch,M1_byte_prop_anchored,shared,crop:uint8:1ch:v2,uint8:1ch,v2,validation,82944.0,83363.0,0.6664095803474387,0.01385955203125734,0.08138362842723673,-0.5850259519202019,-0.8778774633089658
crop,1ch,M1_byte_prop_anchored,shared,crop:uint8:1ch:v3,uint8:1ch,v3,validation,173056.0,173475.0,0.684085824371626,0.010697271499528295,0.1693560085579321,-0.5147298158136939,-0.7524345593427612
crop,1ch,M1_byte_prop_anchored,shared,crop:float32:1ch:t0,float32:1ch,t0,train,9216.0,37270.0,0.5785837164148688,0.012238528714390653,0.036385060896118336,-0.5421986555187505,-0.9371135760239254
crop,1ch,M1_byte_prop_anchored,shared,crop:float32:1ch:t1,float32:1ch,t1,train,16384.0,65951.0,0.5717300654699405,0.01011375049574464,0.06438505905983097,-0.5073450064101096,-0.8873855636629694
crop,1ch,M1_byte_prop_anchored,shared,crop:float32:1ch:t2,float32:1ch,t2,train,25600.0,102815.0,0.5701976781710982,0.004427182268971041,0.10037376002238815,-0.46982391814871005,-0.8239667331786833
crop,1ch,M1_byte_prop_anchored,shared,crop:float32:1ch:t3,float32:1ch,t3,train,36864.0,147871.0,0.5515510371575753,0.00721971233134883,0.14435995008773583,-0.4071910870698394,-0.7382654725269007
crop,1ch,M1_byte_prop_anchored,shared,crop:float32:1ch:t4,float32:1ch,t4,train,65536.0,262564.0,0.5695432106343409,0.0031876197877786427,0.2563296788067726,-0.3132135318275683,-0.5499381363509189
crop,1ch,M1_byte_prop_anchored,shared,crop:float32:1ch:t5,float32:1ch,t5,train,102400.0,410020.0,0.56861407821998,0.014135168778122964,0.4002844826570014,-0.1683295955629786,-0.29603487147192453
crop,1ch,M1_byte_prop_anchored,shared,crop:float32:1ch:t6,float32:1ch,t6,train,147456.0,590244.0,0.5762292429183921,0.009753250128134825,0.5762292429183921,0.0,0.0
crop,1ch,M1_byte_prop_anchored,shared,crop:float32:1ch:t7,float32:1ch,t7,train,200704.0,803236.0,0.5712173126327494,0.0045495914257998515,0.7841639595909446,0.2129466469581952,0.3727944553653684
crop,1ch,M1_byte_prop_anchored,shared,crop:uint8:1ch:t0,uint8:1ch,t0,train,9216.0,9621.0,0.6542897216665248,0.003361945988592416,0.009392558918206454,-0.6448971627483183,-0.985644648529274
crop,1ch,M1_byte_prop_anchored,shared,crop:uint8:1ch:t1,uint8:1ch,t1,train,16384.0,16789.0,0.6373593606986105,0.006402691068913746,0.016390361883148127,-0.6209689988154624,-0.9742839551847444
crop,1ch,M1_byte_prop_anchored,shared,crop:uint8:1ch:t2,uint8:1ch,t2,train,25600.0,26005.0,0.6523193644049267,0.015200968703644917,0.025387537123787426,-0.6269318272811393,-0.9610811229757882
crop,1ch,M1_byte_prop_anchored,shared,crop:uint8:1ch:t3,uint8:1ch,t3,train,36864.0,37269.0,0.651539055009683,0.015572177762365426,0.036384084640124346,-0.6151549703695587,-0.944156709624132
crop,1ch,M1_byte_prop_anchored,shared,crop:uint8:1ch:t4,uint8:1ch,t4,train,65536.0,65955.0,0.6567829544655979,0.01662355398703421,0.06438896408380694,-0.592393990381791,-0.9019631011340755
crop,1ch,M1_byte_prop_anchored,shared,crop:uint8:1ch:t5,uint8:1ch,t5,train,102400.0,102819.0,0.6602131412364542,0.015645069463610384,0.10037766504636413,-0.5598354761900901,-0.8479617281498278
crop,1ch,M1_byte_prop_anchored,shared,crop:uint8:1ch:t6,uint8:1ch,t6,train,147456.0,147875.0,0.6757588102482259,0.006721314391668743,0.14436385511171182,-0.5313949551365141,-0.7863677795651932
crop,1ch,M1_byte_prop_anchored,shared,crop:uint8:1ch:t7,uint8:1ch,t7,train,200704.0,201123.0,0.6826176044220725,0.00431874851368681,0.19634753427984997,-0.48627007014222257,-0.7123608693829622
crop,1ch,M5_repr_element_affine,float32:1ch,crop:float32:1ch:v0,float32:1ch,v0,validation,12544.0,50582.0,0.5707618384622037,0.004631846766641471,0.5685826166407417,-0.0021792218214620185,-0.0038180930724686637
crop,1ch,M5_repr_element_affine,float32:1ch,crop:float32:1ch:v1,float32:1ch,v1,validation,50176.0,201119.0,0.5633277267528077,0.0043693318606459735,0.5692552767263478,0.005927549973540058,0.010522382783656432
crop,1ch,M5_repr_element_affine,float32:1ch,crop:float32:1ch:v2,float32:1ch,v2,validation,82944.0,332196.0,0.600438821905603,0.025307805692878972,0.5698409943519095,-0.030597827553693557,-0.0509591093004042
crop,1ch,M5_repr_element_affine,float32:1ch,crop:float32:1ch:v3,float32:1ch,v3,validation,173056.0,692644.0,0.6043594043391446,0.031194495086642057,0.571451717822204,-0.03290768651694054,-0.05445052444070836
crop,1ch,M5_repr_element_affine,float32:1ch,crop:float32:1ch:t0,float32:1ch,t0,train,9216.0,37270.0,0.5785837164148688,0.012238528714390653,0.5685231296943957,-0.010060586720473164,-0.017388299108748683
crop,1ch,M5_repr_element_affine,float32:1ch,crop:float32:1ch:t1,float32:1ch,t1,train,16384.0,65951.0,0.5717300654699405,0.01011375049574464,0.5686512554249873,-0.0030788100449532507,-0.005385076333920947
crop,1ch,M5_repr_element_affine,float32:1ch,crop:float32:1ch:t2,float32:1ch,t2,train,25600.0,102815.0,0.5701976781710982,0.004427182268971041,0.5688159885071765,-0.0013816896639217147,-0.0024231765873783746
crop,1ch,M5_repr_element_affine,float32:1ch,crop:float32:1ch:t3,float32:1ch,t3,train,36864.0,147871.0,0.5515510371575753,0.00721971233134883,0.5690173289409634,0.0174662917833881,0.031667589410040525
crop,1ch,M5_repr_element_affine,float32:1ch,crop:float32:1ch:t4,float32:1ch,t4,train,65536.0,262564.0,0.5695432106343409,0.0031876197877786427,0.5695298318633298,-1.3378771011041124e-05,-2.349035290253084e-05
crop,1ch,M5_repr_element_affine,float32:1ch,crop:float32:1ch:t5,float32:1ch,t5,train,102400.0,410020.0,0.56861407821998,0.014135168778122964,0.5701887641920867,0.0015746859721067485,0.0027693404585342487
crop,1ch,M5_repr_element_affine,float32:1ch,crop:float32:1ch:t6,float32:1ch,t6,train,147456.0,590244.0,0.5762292429183921,0.009753250128134825,0.570994125927234,-0.005235116991158084,-0.009085128975135167
crop,1ch,M5_repr_element_affine,float32:1ch,crop:float32:1ch:t7,float32:1ch,t7,train,200704.0,803236.0,0.5712173126327494,0.0045495914257998515,0.5719459170687717,0.0007286044360222954,0.0012755293299219982
crop,1ch,M5_repr_element_affine,uint8:1ch,crop:uint8:1ch:v0,uint8:1ch,v0,validation,12544.0,12949.0,0.6491960127217075,0.016002700143506268,0.6467880037082299,-0.0024080090134775967,-0.0037092171952538533
crop,1ch,M5_repr_element_affine,uint8:1ch,crop:uint8:1ch:v1,uint8:1ch,v1,validation,50176.0,50581.0,0.6557016113462547,0.018673417069151453,0.6540017584975997,-0.0016998528486550368,-0.0025924182878931494
crop,1ch,M5_repr_element_affine,uint8:1ch,crop:uint8:1ch:v2,uint8:1ch,v2,validation,82944.0,83363.0,0.6664095803474387,0.01385955203125734,0.6602831232121529,-0.006126457135285812,-0.009193230883763297
crop,1ch,M5_repr_element_affine,uint8:1ch,crop:uint8:1ch:v3,uint8:1ch,v3,validation,173056.0,173475.0,0.684085824371626,0.010697271499528295,0.6775568761771744,-0.0065289481944516,-0.009544048366224855
crop,1ch,M5_repr_element_affine,uint8:1ch,crop:uint8:1ch:t0,uint8:1ch,t0,train,9216.0,9621.0,0.6542897216665248,0.003361945988592416,0.646150052604408,-0.008139669062116717,-0.012440466039087963
crop,1ch,M5_repr_element_affine,uint8:1ch,crop:uint8:1ch:t1,uint8:1ch,t1,train,16384.0,16789.0,0.6373593606986105,0.006402691068913746,0.6475241011357166,0.010164740437106023,0.01594820922683937
crop,1ch,M5_repr_element_affine,uint8:1ch,crop:uint8:1ch:t2,uint8:1ch,t2,train,25600.0,26005.0,0.6523193644049267,0.015200968703644917,0.6492907349616847,-0.0030286294432420036,-0.0046428630031623355
crop,1ch,M5_repr_element_affine,uint8:1ch,crop:uint8:1ch:t3,uint8:1ch,t3,train,36864.0,37269.0,0.651539055009683,0.015572177762365426,0.6514499540823124,-8.910092737057784e-05,-0.00013675454554179202
crop,1ch,M5_repr_element_affine,uint8:1ch,crop:uint8:1ch:t4,uint8:1ch,t4,train,65536.0,65955.0,0.6567829544655979,0.01662355398703421,0.6569461482075465,0.00016319374194861958,0.00024847438691737183
crop,1ch,M5_repr_element_affine,uint8:1ch,crop:uint8:1ch:t5,uint8:1ch,t5,train,102400.0,102819.0,0.6602131412364542,0.015645069463610384,0.664012683511419,0.0037995422749647068,0.005755023700147627
crop,1ch,M5_repr_element_affine,uint8:1ch,crop:uint8:1ch:t6,uint8:1ch,t6,train,147456.0,147875.0,0.6757588102482259,0.006721314391668743,0.6726495599939296,-0.003109250254296314,-0.004601124257860871
crop,1ch,M5_repr_element_affine,uint8:1ch,crop:uint8:1ch:t7,uint8:1ch,t7,train,200704.0,201123.0,0.6826176044220725,0.00431874851368681,0.6828567776550787,0.00023917323300615134,0.0003503765965846187
crop,3ch,M2_byte_affine,shared,crop:float32:3ch:v0,float32:3ch,v0,validation,37632.0,150944.0,1.5388586550640564,0.03375883661806343,1.7390977434854662,0.2002390884214098,0.13012181967620326
crop,3ch,M2_byte_affine,shared,crop:float32:3ch:v1,float32:3ch,v1,validation,150528.0,602530.0,1.60537365047882,0.0022043744562438624,1.7520509290819783,0.14667727860315827,0.09136644204880913
crop,3ch,M2_byte_affine,shared,crop:float32:3ch:v2,float32:3ch,v2,validation,248832.0,995751.0,1.6670476148525875,0.010829106996373369,1.763329986877052,0.09628237202446455,0.057756221937895
crop,3ch,M2_byte_affine,shared,crop:float32:3ch:v3,float32:3ch,v3,validation,519168.0,2077095.0,1.7830278639060755,0.0024838722168261016,1.7943470014117695,0.011319137505694021,0.00634826731249012
crop,3ch,M2_byte_affine,shared,crop:uint8:3ch:v0,uint8:3ch,v0,validation,37632.0,38038.0,1.74175275877739,0.01014986108406587,1.735859174590594,-0.005893584186795975,-0.0033837088284177203
crop,3ch,M2_byte_affine,shared,crop:uint8:3ch:v1,uint8:3ch,v1,validation,150528.0,150945.0,1.7710845451802015,0.020532405241720838,1.739097772169229,-0.031986773010972636,-0.018060556791611605
crop,3ch,M2_byte_affine,shared,crop:uint8:3ch:v2,uint8:3ch,v2,validation,248832.0,249254.0,1.8393144197762012,0.017939233817294526,1.7419176441821067,-0.09739677559409454,-0.052952760303997023
crop,3ch,M2_byte_affine,shared,crop:uint8:3ch:v3,uint8:3ch,v3,validation,519168.0,519590.0,2.04330525904273,0.040297490026463975,1.7496718978157861,-0.29363336122694395,-0.14370508759151754
crop,3ch,M2_byte_affine,shared,crop:float32:3ch:t0,float32:3ch,t0,train,27648.0,111008.0,1.5664149944980938,0.0037622157549926003,1.7379522287441271,0.1715372342460333,0.10950944344158091
crop,3ch,M2_byte_affine,shared,crop:float32:3ch:t1,float32:3ch,t1,train,49152.0,197024.0,1.5674961575617392,0.006419562873575843,1.7404194912639344,0.17292333370219515,0.11031818666221145
crop,3ch,M2_byte_affine,shared,crop:float32:3ch:t2,float32:3ch,t2,train,76800.0,307618.0,1.5853542818998296,0.013772231908571683,1.7435917432997827,0.1582374613999531,0.099812050345193
crop,3ch,M2_byte_affine,shared,crop:float32:3ch:t3,float32:3ch,t3,train,110592.0,442786.0,1.592587736280014,0.005169709773548009,1.7474688701166226,0.1548811338366085,0.09725124105148628
crop,3ch,M2_byte_affine,shared,crop:float32:3ch:t4,float32:3ch,t4,train,196608.0,786855.0,1.6405843112928171,0.005944575663893978,1.7573380636146636,0.11675375232184648,0.07116595685950569
crop,3ch,M2_byte_affine,shared,crop:float32:3ch:t5,float32:3ch,t5,train,307200.0,1229223.0,1.6897859323459368,0.006987638824592055,1.770026842287957,0.08024090994202027,0.0474858432692841
crop,3ch,M2_byte_affine,shared,crop:float32:3ch:t6,float32:3ch,t6,train,442368.0,1769895.0,1.7531356293087204,0.008693159929903455,1.7855353495553157,0.03239972024659532,0.018481011796771748
crop,3ch,M2_byte_affine,shared,crop:float32:3ch:t7,float32:3ch,t7,train,602112.0,2408871.0,1.8230507158053417,0.008876557310915389,1.8038635854167397,-0.01918713038860198,-0.010524737585331503
crop,3ch,M2_byte_affine,shared,crop:uint8:3ch:t0,uint8:3ch,t0,train,27648.0,28054.0,1.7404260369949043,0.013394511211491707,1.7355727959052591,-0.004853241089645133,-0.0027885362471506982
crop,3ch,M2_byte_affine,shared,crop:uint8:3ch:t1,uint8:3ch,t1,train,49152.0,49558.0,1.7391062566700082,0.006685248895977168,1.736189611535211,-0.00291664513479728,-0.001677094268168519
crop,3ch,M2_byte_affine,shared,crop:uint8:3ch:t2,uint8:3ch,t2,train,76800.0,77217.0,1.7638549030137558,0.002685958492455078,1.7369829757236799,-0.026871927290075925,-0.015234772000895336
crop,3ch,M2_byte_affine,shared,crop:uint8:3ch:t3,uint8:3ch,t3,train,110592.0,111009.0,1.7661560031895835,0.01735001687548288,1.7379522574278898,-0.02820374576169371,-0.01596900030957585
crop,3ch,M2_byte_affine,shared,crop:uint8:3ch:t4,uint8:3ch,t4,train,196608.0,197030.0,1.8295853879923623,0.004697452895846064,1.7404196633665097,-0.0891657246258526,-0.04873548138887127
crop,3ch,M2_byte_affine,shared,crop:uint8:3ch:t5,uint8:3ch,t5,train,307200.0,307622.0,1.8901706114411354,0.003689409193519574,1.743591858034833,-0.14657875340630233,-0.0775478956868054
crop,3ch,M2_byte_affine,shared,crop:uint8:3ch:t6,uint8:3ch,t6,train,442368.0,442790.0,1.9923039052324991,0.009104705023104169,1.7474689848516727,-0.24483492038082644,-0.12289034807280295
crop,3ch,M2_byte_affine,shared,crop:uint8:3ch:t7,uint8:3ch,t7,train,602112.0,602534.0,2.076412501434485,0.04006167232980735,1.7520510438170287,-0.3243614576174563,-0.1562124372654142
crop,3ch,M3_element_prop,shared,crop:float32:3ch:v0,float32:3ch,v0,validation,37632.0,150944.0,1.5388586550640564,0.03375883661806343,0.17611316274732924,-1.3627454923167273,-0.8855559851661631
crop,3ch,M3_element_prop,shared,crop:float32:3ch:v1,float32:3ch,v1,validation,150528.0,602530.0,1.60537365047882,0.0022043744562438624,0.704452650989317,-0.9009209994895031,-0.561190847514405
crop,3ch,M3_element_prop,shared,crop:float32:3ch:v2,float32:3ch,v2,validation,248832.0,995751.0,1.6670476148525875,0.010829106996373369,1.164503361839483,-0.5025442530131043,-0.3014576479613889
crop,3ch,M3_element_prop,shared,crop:float32:3ch:v3,float32:3ch,v3,validation,519168.0,2077095.0,1.7830278639060755,0.0024838722168261016,2.42964281667744,0.6466149527713647,0.36264994275233964
crop,3ch,M3_element_prop,shared,crop:uint8:3ch:v0,uint8:3ch,v0,validation,37632.0,38038.0,1.74175275877739,0.01014986108406587,0.17611316274732924,-1.5656395960300609,-0.8988873926796875
crop,3ch,M3_element_prop,shared,crop:uint8:3ch:v1,uint8:3ch,v1,validation,150528.0,150945.0,1.7710845451802015,0.020532405241720838,0.704452650989317,-1.0666318941908846,-0.6022478695856717
crop,3ch,M3_element_prop,shared,crop:uint8:3ch:v2,uint8:3ch,v2,validation,248832.0,249254.0,1.8393144197762012,0.017939233817294526,1.164503361839483,-0.6748110579367181,-0.3668818396034898
crop,3ch,M3_element_prop,shared,crop:uint8:3ch:v3,uint8:3ch,v3,validation,519168.0,519590.0,2.04330525904273,0.040297490026463975,2.42964281667744,0.3863375576347101,0.18907481196211756
crop,3ch,M3_element_prop,shared,crop:float32:3ch:t0,float32:3ch,t0,train,27648.0,111008.0,1.5664149944980938,0.0037622157549926003,0.12938926242660925,-1.4370257320714845,-0.917397839728885
crop,3ch,M3_element_prop,shared,crop:float32:3ch:t1,float32:3ch,t1,train,49152.0,197024.0,1.5674961575617392,0.006419562873575843,0.2300253554250831,-1.3374708021366561,-0.8532530020469776
crop,3ch,M3_element_prop,shared,crop:float32:3ch:t2,float32:3ch,t2,train,76800.0,307618.0,1.5853542818998296,0.013772231908571683,0.3594146178516923,-1.2259396640481373,-0.7732906631942337
crop,3ch,M3_element_prop,shared,crop:float32:3ch:t3,float32:3ch,t3,train,110592.0,442786.0,1.592587736280014,0.005169709773548009,0.517557049706437,-1.075030686573577,-0.6750213266646439
crop,3ch,M3_element_prop,shared,crop:float32:3ch:t4,float32:3ch,t4,train,196608.0,786855.0,1.6405843112928171,0.005944575663893978,0.9201014217003324,-0.7204828895924847,-0.4391623671109765
crop,3ch,M3_element_prop,shared,crop:float32:3ch:t5,float32:3ch,t5,train,307200.0,1229223.0,1.6897859323459368,0.006987638824592055,1.4376584714067693,-0.2521274609391675,-0.14920674631794212
crop,3ch,M3_element_prop,shared,crop:float32:3ch:t6,float32:3ch,t6,train,442368.0,1769895.0,1.7531356293087204,0.008693159929903455,2.070228198825748,0.3170925695170277,0.18087167028945764
crop,3ch,M3_element_prop,shared,crop:float32:3ch:t7,float32:3ch,t7,train,602112.0,2408871.0,1.8230507158053417,0.008876557310915389,2.817810603957268,0.9947598881519262,0.545656727773745
crop,3ch,M3_element_prop,shared,crop:uint8:3ch:t0,uint8:3ch,t0,train,27648.0,28054.0,1.7404260369949043,0.013394511211491707,0.12938926242660925,-1.611036774568295,-0.9256565578333805
crop,3ch,M3_element_prop,shared,crop:uint8:3ch:t1,uint8:3ch,t1,train,49152.0,49558.0,1.7391062566700082,0.006685248895977168,0.2300253554250831,-1.509080901244925,-0.8677335818079747
crop,3ch,M3_element_prop,shared,crop:uint8:3ch:t2,uint8:3ch,t2,train,76800.0,77217.0,1.7638549030137558,0.002685958492455078,0.3594146178516923,-1.4044402851620634,-0.7962334559165894
crop,3ch,M3_element_prop,shared,crop:uint8:3ch:t3,uint8:3ch,t3,train,110592.0,111009.0,1.7661560031895835,0.01735001687548288,0.517557049706437,-1.2485989534831465,-0.7069584743523468
crop,3ch,M3_element_prop,shared,crop:uint8:3ch:t4,uint8:3ch,t4,train,196608.0,197030.0,1.8295853879923623,0.004697452895846064,0.9201014217003324,-0.9094839662920299,-0.49709839850110704
crop,3ch,M3_element_prop,shared,crop:uint8:3ch:t5,uint8:3ch,t5,train,307200.0,307622.0,1.8901706114411354,0.003689409193519574,1.4376584714067693,-0.45251214003436613,-0.23940280168114256
crop,3ch,M3_element_prop,shared,crop:uint8:3ch:t6,uint8:3ch,t6,train,442368.0,442790.0,1.9923039052324991,0.009104705023104169,2.070228198825748,0.07792429359324893,0.039112654143071246
crop,3ch,M3_element_prop,shared,crop:uint8:3ch:t7,uint8:3ch,t7,train,602112.0,602534.0,2.076412501434485,0.04006167232980735,2.817810603957268,0.7413981025227829,0.3570572330934194
crop,3ch,M4_element_affine,shared,crop:float32:3ch:v0,float32:3ch,v0,validation,37632.0,150944.0,1.5388586550640564,0.03375883661806343,1.6502754238123294,0.111416768748273,0.07240221080839629
crop,3ch,M4_element_affine,shared,crop:float32:3ch:v1,float32:3ch,v1,validation,150528.0,602530.0,1.60537365047882,0.0022043744562438624,1.7104803861707394,0.1051067356919193,0.06547182063226843
crop,3ch,M4_element_affine,shared,crop:float32:3ch:v2,float32:3ch,v2,validation,248832.0,995751.0,1.6670476148525875,0.010829106996373369,1.7629037547549329,0.09585613990234543,0.057500541105313135
crop,3ch,M4_element_affine,shared,crop:float32:3ch:v3,float32:3ch,v3,validation,519168.0,2077095.0,1.7830278639060755,0.0024838722168261016,1.9070680183614654,0.12404015445538996,0.0695671430415313
crop,3ch,M4_element_affine,shared,crop:uint8:3ch:v0,uint8:3ch,v0,validation,37632.0,38038.0,1.74175275877739,0.01014986108406587,1.6502754238123294,-0.09147733496506061,-0.05252027562699107
crop,3ch,M4_element_affine,shared,crop:uint8:3ch:v1,uint8:3ch,v1,validation,150528.0,150945.0,1.7710845451802015,0.020532405241720838,1.7104803861707394,-0.060604159009462144,-0.03421867079942019
crop,3ch,M4_element_affine,shared,crop:uint8:3ch:v2,uint8:3ch,v2,validation,248832.0,249254.0,1.8393144197762012,0.017939233817294526,1.7629037547549329,-0.07641066502126836,-0.04154301417947109
crop,3ch,M4_element_affine,shared,crop:uint8:3ch:v3,uint8:3ch,v3,validation,519168.0,519590.0,2.04330525904273,0.040297490026463975,1.9070680183614654,-0.13623724068126464,-0.06667493272399766
crop,3ch,M4_element_affine,shared,crop:float32:3ch:t0,float32:3ch,t0,train,27648.0,111008.0,1.5664149944980938,0.0037622157549926003,1.6449511754404973,0.07853618094240344,0.05013753138105511
crop,3ch,M4_element_affine,shared,crop:float32:3ch:t1,float32:3ch,t1,train,49152.0,197024.0,1.5674961575617392,0.006419562873575843,1.6564187873182896,0.08892262975655041,0.05672908946384323
crop,3ch,M4_element_affine,shared,crop:float32:3ch:t2,float32:3ch,t2,train,76800.0,307618.0,1.5853542818998296,0.013772231908571683,1.671162859732594,0.08580857783276441,0.05412580570314832
crop,3ch,M4_element_affine,shared,crop:float32:3ch:t3,float32:3ch,t3,train,110592.0,442786.0,1.592587736280014,0.005169709773548009,1.6891833926834108,0.09659565640339673,0.060653271529659054
crop,3ch,M4_element_affine,shared,crop:float32:3ch:t4,float32:3ch,t4,train,196608.0,786855.0,1.6405843112928171,0.005944575663893978,1.73505384019458,0.09446952890176297,0.05758285523730192
crop,3ch,M4_element_affine,shared,crop:float32:3ch:t5,float32:3ch,t5,train,307200.0,1229223.0,1.6897859323459368,0.006987638824592055,1.794030129851798,0.10424419750586122,0.06169077130446848
crop,3ch,M4_element_affine,shared,crop:float32:3ch:t6,float32:3ch,t6,train,442368.0,1769895.0,1.7531356293087204,0.008693159929903455,1.866112261655064,0.1129766323463437,0.06444260812318986
crop,3ch,M4_element_affine,shared,crop:float32:3ch:t7,float32:3ch,t7,train,602112.0,2408871.0,1.8230507158053417,0.008876557310915389,1.9513002356043787,0.12824951979903698,0.07034884915002604
crop,3ch,M4_element_affine,shared,crop:uint8:3ch:t0,uint8:3ch,t0,train,27648.0,28054.0,1.7404260369949043,0.013394511211491707,1.6449511754404973,-0.09547486155440699,-0.054857178371830184
crop,3ch,M4_element_affine,shared,crop:uint8:3ch:t1,uint8:3ch,t1,train,49152.0,49558.0,1.7391062566700082,0.006685248895977168,1.6564187873182896,-0.08268746935171856,-0.04754595588083629
crop,3ch,M4_element_affine,shared,crop:uint8:3ch:t2,uint8:3ch,t2,train,76800.0,77217.0,1.7638549030137558,0.002685958492455078,1.671162859732594,-0.09269204328116176,-0.05255083234045294
crop,3ch,M4_element_affine,shared,crop:uint8:3ch:t3,uint8:3ch,t3,train,110592.0,111009.0,1.7661560031895835,0.01735001687548288,1.6891833926834108,-0.07697261050617277,-0.04358199975945745
crop,3ch,M4_element_affine,shared,crop:uint8:3ch:t4,uint8:3ch,t4,train,196608.0,197030.0,1.8295853879923623,0.004697452895846064,1.73505384019458,-0.09453154779778217,-0.05166828966726356
crop,3ch,M4_element_affine,shared,crop:uint8:3ch:t5,uint8:3ch,t5,train,307200.0,307622.0,1.8901706114411354,0.003689409193519574,1.794030129851798,-0.09614048158933741,-0.05086338820813449
crop,3ch,M4_element_affine,shared,crop:uint8:3ch:t6,uint8:3ch,t6,train,442368.0,442790.0,1.9923039052324991,0.009104705023104169,1.866112261655064,-0.12619164357743506,-0.06333955539915918
crop,3ch,M4_element_affine,shared,crop:uint8:3ch:t7,uint8:3ch,t7,train,602112.0,602534.0,2.076412501434485,0.04006167232980735,1.9513002356043787,-0.12511226583010626,-0.060254051516099395
crop,3ch,M1_byte_prop_anchored,shared,crop:float32:3ch:v0,float32:3ch,v0,validation,37632.0,150944.0,1.5388586550640564,0.03375883661806343,0.14951469122765784,-1.3893439638363985,-0.9028405300671137
crop,3ch,M1_byte_prop_anchored,shared,crop:float32:3ch:v1,float32:3ch,v1,validation,150528.0,602530.0,1.60537365047882,0.0022043744562438624,0.5968245634500258,-1.0085490870287943,-0.6282332382420651
crop,3ch,M1_byte_prop_anchored,shared,crop:float32:3ch:v2,float32:3ch,v2,validation,248832.0,995751.0,1.6670476148525875,0.010829106996373369,0.9863221016047774,-0.68072551324781,-0.4083419736682235
crop,3ch,M1_byte_prop_anchored,shared,crop:float32:3ch:v3,float32:3ch,v3,validation,519168.0,2077095.0,1.7830278639060755,0.0024838722168261016,2.05742671173092,0.27439884782484447,0.1538948736469656
crop,3ch,M1_byte_prop_anchored,shared,crop:uint8:3ch:v0,uint8:3ch,v0,validation,37632.0,38038.0,1.74175275877739,0.01014986108406587,0.03767781312882691,-1.704074945648563,-0.9783678751539486
crop,3ch,M1_byte_prop_anchored,shared,crop:uint8:3ch:v1,uint8:3ch,v1,validation,150528.0,150945.0,1.7710845451802015,0.020532405241720838,0.14951568175852512,-1.6215688634216765,-0.9155795909543594
crop,3ch,M1_byte_prop_anchored,shared,crop:uint8:3ch:v2,uint8:3ch,v2,validation,248832.0,249254.0,1.8393144197762012,0.017939233817294526,0.24689378078796528,-1.592420638988236,-0.8657685830473694
crop,3ch,M1_byte_prop_anchored,shared,crop:uint8:3ch:v3,uint8:3ch,v3,validation,519168.0,519590.0,2.04330525904273,0.040297490026463975,0.5146699333195008,-1.5286353257232292,-0.7481189210267001
crop,3ch,M1_byte_prop_anchored,shared,crop:float32:3ch:t0,float32:3ch,t0,train,27648.0,111008.0,1.5664149944980938,0.0037622157549926003,0.1099568505127719,-1.456458143985322,-0.9298034997756108
crop,3ch,M1_byte_prop_anchored,shared,crop:float32:3ch:t1,float32:3ch,t1,train,49152.0,197024.0,1.5674961575617392,0.006419562873575843,0.1951583535909878,-1.3723378039707514,-0.8754967579030247
crop,3ch,M1_byte_prop_anchored,shared,crop:float32:3ch:t2,float32:3ch,t2,train,76800.0,307618.0,1.5853542818998296,0.013772231908571683,0.30470512432471414,-1.2806491575751155,-0.8077999802292981
crop,3ch,M1_byte_prop_anchored,shared,crop:float32:3ch:t3,float32:3ch,t3,train,110592.0,442786.0,1.592587736280014,0.005169709773548009,0.438593200590482,-1.153994535689532,-0.724603429626456
crop,3ch,M1_byte_prop_anchored,shared,crop:float32:3ch:t4,float32:3ch,t4,train,196608.0,786855.0,1.6405843112928171,0.005944575663893978,0.7794041655576818,-0.8611801457351353,-0.5249228215869662
crop,3ch,M1_byte_prop_anchored,shared,crop:float32:3ch:t5,float32:3ch,t5,train,307200.0,1229223.0,1.6897859323459368,0.006987638824592055,1.217583324245649,-0.4722026081002877,-0.2794452238365642
crop,3ch,M1_byte_prop_anchored,shared,crop:float32:3ch:t6,float32:3ch,t6,train,442368.0,1769895.0,1.7531356293087204,0.008693159929903455,1.7531356293087204,0.0,0.0
crop,3ch,M1_byte_prop_anchored,shared,crop:float32:3ch:t7,float32:3ch,t7,train,602112.0,2408871.0,1.8230507158053417,0.008876557310915389,2.386061080746895,0.5630103649415534,0.30882869031585924
crop,3ch,M1_byte_prop_anchored,shared,crop:uint8:3ch:t0,uint8:3ch,t0,train,27648.0,28054.0,1.7404260369949043,0.013394511211491707,0.027788352950105424,-1.7126376840447988,-0.9840335915692884
crop,3ch,M1_byte_prop_anchored,shared,crop:uint8:3ch:t1,uint8:3ch,t1,train,49152.0,49558.0,1.7391062566700082,0.006685248895977168,0.04908872871965939,-1.6900175279503489,-0.9717735885709174
crop,3ch,M1_byte_prop_anchored,shared,crop:uint8:3ch:t2,uint8:3ch,t2,train,76800.0,77217.0,1.7638549030137558,0.002685958492455078,0.07648582197719721,-1.6873690810365587,-0.9566371236962224
crop,3ch,M1_byte_prop_anchored,shared,crop:uint8:3ch:t3,uint8:3ch,t3,train,110592.0,111009.0,1.7661560031895835,0.01735001687548288,0.10995784104363915,-1.6561981621459445,-0.9377417165612432
crop,3ch,M1_byte_prop_anchored,shared,crop:uint8:3ch:t4,uint8:3ch,t4,train,196608.0,197030.0,1.8295853879923623,0.004697452895846064,0.19516429677619135,-1.634421091216171,-0.8933286754162654
crop,3ch,M1_byte_prop_anchored,shared,crop:uint8:3ch:t5,uint8:3ch,t5,train,307200.0,307622.0,1.8901706114411354,0.003689409193519574,0.3047090864481832,-1.5854615249929522,-0.8387928134085939
crop,3ch,M1_byte_prop_anchored,shared,crop:uint8:3ch:t6,uint8:3ch,t6,train,442368.0,442790.0,1.9923039052324991,0.009104705023104169,0.438597162713951,-1.553706742518548,-0.7798542875100336
crop,3ch,M1_byte_prop_anchored,shared,crop:uint8:3ch:t7,uint8:3ch,t7,train,602112.0,602534.0,2.076412501434485,0.04006167232980735,0.5968285255734948,-1.47958397586099,-0.7125674570148383
crop,3ch,M5_repr_element_affine,float32:3ch,crop:float32:3ch:v0,float32:3ch,v0,validation,37632.0,150944.0,1.5388586550640564,0.03375883661806343,1.5657369362989066,0.026878281234850254,0.01746637428096437
crop,3ch,M5_repr_element_affine,float32:3ch,crop:float32:3ch:v1,float32:3ch,v1,validation,150528.0,602530.0,1.60537365047882,0.0022043744562438624,1.6174643740450358,0.012090723566215766,0.007531407758318182
crop,3ch,M5_repr_element_affine,float32:3ch,crop:float32:3ch:v2,float32:3ch,v2,validation,248832.0,995751.0,1.6670476148525875,0.010829106996373369,1.662505952490645,-0.004541662361942533,-0.002724374709803439
crop,3ch,M5_repr_element_affine,float32:3ch,crop:float32:3ch:v3,float32:3ch,v3,validation,519168.0,2077095.0,1.7830278639060755,0.0024838722168261016,1.78637029321607,0.003342429309994621,0.0018745805254396688
crop,3ch,M5_repr_element_affine,float32:3ch,crop:float32:3ch:t0,float32:3ch,t0,train,27648.0,111008.0,1.5664149944980938,0.0037622157549926003,1.5611624009880245,-0.005252593510069348,-0.0033532579351695803
crop,3ch,M5_repr_element_affine,float32:3ch,crop:float32:3ch:t1,float32:3ch,t1,train,49152.0,197024.0,1.5674961575617392,0.006419562873575843,1.5710152462730014,0.003519088711262164,0.002245038173960281
crop,3ch,M5_repr_element_affine,float32:3ch,crop:float32:3ch:t2,float32:3ch,t2,train,76800.0,307618.0,1.5853542818998296,0.013772231908571683,1.583683190210829,-0.0016710916890005922,-0.001054080913067594
crop,3ch,M5_repr_element_affine,float32:3ch,crop:float32:3ch:t3,float32:3ch,t3,train,110592.0,442786.0,1.592587736280014,0.005169709773548009,1.599166232801507,0.006578496521493005,0.004130696458117364
crop,3ch,M5_repr_element_affine,float32:3ch,crop:float32:3ch:t4,float32:3ch,t4,train,196608.0,786855.0,1.6405843112928171,0.005944575663893978,1.6385776139414152,-0.0020066973514019093,-0.0012231601494595466
crop,3ch,M5_repr_element_affine,float32:3ch,crop:float32:3ch:t5,float32:3ch,t5,train,307200.0,1229223.0,1.6897859323459368,0.006987638824592055,1.6892493896927254,-0.0005365426532113471,-0.0003175210794106107
crop,3ch,M5_repr_element_affine,float32:3ch,crop:float32:3ch:t6,float32:3ch,t6,train,442368.0,1769895.0,1.7531356293087204,0.008693159929903455,1.751181560055438,-0.0019540692532824533,-0.001114613849958068
crop,3ch,M5_repr_element_affine,float32:3ch,crop:float32:3ch:t7,float32:3ch,t7,train,602112.0,2408871.0,1.8230507158053417,0.008876557310915389,1.8243741250295529,0.0013234092242111473,0.0007259311069832331
crop,3ch,M5_repr_element_affine,uint8:3ch,crop:uint8:3ch:v0,uint8:3ch,v0,validation,37632.0,38038.0,1.74175275877739,0.01014986108406587,1.7348139113257521,-0.006938847451637864,-0.003983830320733084
crop,3ch,M5_repr_element_affine,uint8:3ch,crop:uint8:3ch:v1,uint8:3ch,v1,validation,150528.0,150945.0,1.7710845451802015,0.020532405241720838,1.803496398296443,0.032411853116241396,0.018300567979347145
crop,3ch,M5_repr_element_affine,uint8:3ch,crop:uint8:3ch:v2,uint8:3ch,v2,validation,248832.0,249254.0,1.8393144197762012,0.017939233817294526,1.8633015570192213,0.02398713724302004,0.013041346811133399
crop,3ch,M5_repr_element_affine,uint8:3ch,crop:uint8:3ch:v3,uint8:3ch,v3,validation,519168.0,519590.0,2.04330525904273,0.040297490026463975,2.027765743506862,-0.015539515535868187,-0.007605087623152455
crop,3ch,M5_repr_element_affine,uint8:3ch,crop:uint8:3ch:t0,uint8:3ch,t0,train,27648.0,28054.0,1.7404260369949043,0.013394511211491707,1.7287399498929699,-0.011686087101934417,-0.00671449797551416
crop,3ch,M5_repr_element_affine,uint8:3ch,crop:uint8:3ch:t1,uint8:3ch,t1,train,49152.0,49558.0,1.7391062566700082,0.006685248895977168,1.7418223283635776,0.002716071693569466,0.0015617629360785144
crop,3ch,M5_repr_element_affine,uint8:3ch,crop:uint8:3ch:t2,uint8:3ch,t2,train,76800.0,77217.0,1.7638549030137558,0.002685958492455078,1.758642529254359,-0.00521237375939676,-0.002955103478461182
crop,3ch,M5_repr_element_affine,uint8:3ch,crop:uint8:3ch:t3,uint8:3ch,t3,train,110592.0,111009.0,1.7661560031895835,0.01735001687548288,1.7792005525653143,0.01304454937573074,0.0073858421069107035
crop,3ch,M5_repr_element_affine,uint8:3ch,crop:uint8:3ch:t4,uint8:3ch,t4,train,196608.0,197030.0,1.8295853879923623,0.004697452895846064,1.8315300664477454,0.001944678455383153,0.0010629066389282243
crop,3ch,M5_repr_element_affine,uint8:3ch,crop:uint8:3ch:t5,uint8:3ch,t5,train,307200.0,307622.0,1.8901706114411354,0.003689409193519574,1.898810870010871,0.008640258569735604,0.0045711527400946915
crop,3ch,M5_repr_element_affine,uint8:3ch,crop:uint8:3ch:t6,uint8:3ch,t6,train,442368.0,442790.0,1.9923039052324991,0.009104705023104169,1.9810429632546913,-0.011260941977807803,-0.005652221003147442
crop,3ch,M5_repr_element_affine,uint8:3ch,crop:uint8:3ch:t7,uint8:3ch,t7,train,602112.0,602534.0,2.076412501434485,0.04006167232980735,2.078226346179206,0.001813844744721127,0.000873547401331882
grayscale,all,M2_byte_affine,shared,grayscale:float32:3ch:v0,float32:3ch,v0,validation,19200.0,77216.0,0.10185090281690161,0.002462939440953179,0.19529710894762398,0.09344620613072237,0.9174803909073987
grayscale,all,M2_byte_affine,shared,grayscale:float32:3ch:v1,float32:3ch,v1,validation,76800.0,307618.0,0.13254643262674412,0.002589067594849435,0.24793014180656797,0.11538370917982385,0.8705153876509739
grayscale,all,M2_byte_affine,shared,grayscale:float32:3ch:v2,float32:3ch,v2,validation,196608.0,786855.0,0.21534957690164447,0.017495970799780453,0.35740704204277146,0.142057465141127,0.6596598293109635
grayscale,all,M2_byte_affine,shared,grayscale:float32:3ch:v3,float32:3ch,v3,validation,602112.0,2408871.0,0.5965186888352036,0.015483080603876289,0.7279403769345385,0.13142168809933485,0.22031445210200593
grayscale,all,M2_byte_affine,shared,grayscale:uint8:3ch:v0,uint8:3ch,v0,validation,19200.0,19606.0,0.11518327596907814,0.0035320537427256933,0.18213668055288884,0.0669534045838107,0.5812771343800368
grayscale,all,M2_byte_affine,shared,grayscale:uint8:3ch:v1,uint8:3ch,v1,validation,76800.0,77217.0,0.15506838293125233,0.008355782144278371,0.1952973373876239,0.04022895445637156,0.2594271875151144
grayscale,all,M2_byte_affine,shared,grayscale:uint8:3ch:v2,uint8:3ch,v2,validation,196608.0,197030.0,0.27641122229397297,0.01837313844123047,0.22266741909667442,-0.053743803197298545,-0.19443423009844418
grayscale,all,M2_byte_affine,shared,grayscale:uint8:3ch:v3,uint8:3ch,v3,validation,602112.0,602534.0,0.7631463215996822,0.013743520245462775,0.3153007528196162,-0.447845568780066,-0.5868410239353664
grayscale,all,M2_byte_affine,shared,grayscale:float32:3ch:t0,float32:3ch,t0,train,12288.0,49559.0,0.10564518704389532,0.008569931554386892,0.1889791438701515,0.08333395682625618,0.7888097807203571
grayscale,all,M2_byte_affine,shared,grayscale:float32:3ch:t1,float32:3ch,t1,train,27648.0,111008.0,0.11506006742517154,0.004892351421978225,0.20301655342453578,0.08795648599936425,0.7644397223786271
grayscale,all,M2_byte_affine,shared,grayscale:float32:3ch:t2,float32:3ch,t2,train,62208.0,249248.0,0.1361220865510404,0.011946426704501268,0.23459609901190231,0.0984740124608619,0.7234242065775126
grayscale,all,M2_byte_affine,shared,grayscale:float32:3ch:t3,float32:3ch,t3,train,110592.0,442786.0,0.15756132003540793,0.014621930432682693,0.27880791971421526,0.12124659967880733,0.7695200805093548
grayscale,all,M2_byte_affine,shared,grayscale:float32:3ch:t4,float32:3ch,t4,train,150528.0,602530.0,0.16739138246824345,0.004575378286812917,0.31529983905961656,0.1479084565913731,0.8836085490806761
grayscale,all,M2_byte_affine,shared,grayscale:float32:3ch:t5,float32:3ch,t5,train,248832.0,995751.0,0.30430446301276487,0.021394750961750877,0.40512724426368085,0.10082278125091598,0.3313220590086669
grayscale,all,M2_byte_affine,shared,grayscale:float32:3ch:t6,float32:3ch,t6,train,442368.0,1769895.0,0.4867203176642458,0.015451586108937421,0.5819726995529333,0.09525238188868751,0.19570249778312201
grayscale,all,M2_byte_affine,shared,grayscale:float32:3ch:t7,float32:3ch,t7,train,786432.0,3146151.0,0.8396380340370039,0.05032668317030186,0.89636462006716,0.05672658603015612,0.06756076276989628
grayscale,all,M2_byte_affine,shared,grayscale:uint8:3ch:t0,uint8:3ch,t0,train,12288.0,12694.0,0.10857821364576618,0.0006328887226096547,0.18055770327352053,0.07197948962775434,0.6629275543488466
grayscale,all,M2_byte_affine,shared,grayscale:uint8:3ch:t1,uint8:3ch,t1,train,27648.0,28054.0,0.12582510554542145,0.003665383784986946,0.1840665416721168,0.058241436126695356,0.4628761158135556
grayscale,all,M2_byte_affine,shared,grayscale:uint8:3ch:t2,uint8:3ch,t2,train,62208.0,62614.0,0.15769210178405046,0.02135581481259625,0.19196142806895844,0.034269326284907975,0.21731796264493758
grayscale,all,M2_byte_affine,shared,grayscale:uint8:3ch:t3,uint8:3ch,t3,train,110592.0,111009.0,0.1848268105338017,0.018960931874206853,0.2030167818645357,0.018189971330733995,0.09841630269006539
grayscale,all,M2_byte_affine,shared,grayscale:uint8:3ch:t4,uint8:3ch,t4,train,150528.0,150945.0,0.21112633713831505,0.010918924054026488,0.21213976170088603,0.0010134245625709748,0.004800085940519352
grayscale,all,M2_byte_affine,shared,grayscale:uint8:3ch:t5,uint8:3ch,t5,train,248832.0,249254.0,0.3097569989040494,0.007345506141761784,0.23459746965190176,-0.07515952925214764,-0.24264029390157257
grayscale,all,M2_byte_affine,shared,grayscale:uint8:3ch:t6,uint8:3ch,t6,train,442368.0,442790.0,0.5448710460526248,0.01705174221124241,0.27880883347421487,-0.26606221257840995,-0.48830308474991546
grayscale,all,M2_byte_affine,shared,grayscale:uint8:3ch:t7,uint8:3ch,t7,train,786432.0,786854.0,0.9915999804312984,0.028378518866090545,0.35740681360277154,-0.6341931668285268,-0.6395655297942656
grayscale,all,M3_element_prop,shared,grayscale:float32:3ch:v0,float32:3ch,v0,validation,19200.0,77216.0,0.10185090281690161,0.002462939440953179,0.022766204824086842,-0.07908469799281477,-0.7764751789680856
grayscale,all,M3_element_prop,shared,grayscale:float32:3ch:v1,float32:3ch,v1,validation,76800.0,307618.0,0.13254643262674412,0.002589067594849435,0.09106481929634737,-0.04148161333039675,-0.3129591080524255
grayscale,all,M3_element_prop,shared,grayscale:float32:3ch:v2,float32:3ch,v2,validation,196608.0,786855.0,0.21534957690164447,0.017495970799780453,0.23312593739864926,0.01777636049700479,0.08254653086745417
grayscale,all,M3_element_prop,shared,grayscale:float32:3ch:v3,float32:3ch,v3,validation,602112.0,2408871.0,0.5965186888352036,0.015483080603876289,0.7139481832833634,0.11742949444815975,0.1968580308480515
grayscale,all,M3_element_prop,shared,grayscale:uint8:3ch:v0,uint8:3ch,v0,validation,19200.0,19606.0,0.11518327596907814,0.0035320537427256933,0.022766204824086842,-0.0924170711449913,-0.802348000327768
grayscale,all,M3_element_prop,shared,grayscale:uint8:3ch:v1,uint8:3ch,v1,validation,76800.0,77217.0,0.15506838293125233,0.008355782144278371,0.09106481929634737,-0.06400356363490496,-0.4127441224642173
grayscale,all,M3_element_prop,shared,grayscale:uint8:3ch:v2,uint8:3ch,v2,validation,196608.0,197030.0,0.27641122229397297,0.01837313844123047,0.23312593739864926,-0.04328528489532371,-0.15659742226127238
grayscale,all,M3_element_prop,shared,grayscale:uint8:3ch:v3,uint8:3ch,v3,validation,602112.0,602534.0,0.7631463215996822,0.013743520245462775,0.7139481832833634,-0.04919813831631881,-0.06446750370648618
grayscale,all,M3_element_prop,shared,grayscale:float32:3ch:t0,float32:3ch,t0,train,12288.0,49559.0,0.10564518704389532,0.008569931554386892,0.014570371087415579,-0.09107481595647975,-0.8620820172208923
grayscale,all,M3_element_prop,shared,grayscale:float32:3ch:t1,float32:3ch,t1,train,27648.0,111008.0,0.11506006742517154,0.004892351421978225,0.032783334946685054,-0.08227673247848649,-0.7150763450751022
grayscale,all,M3_element_prop,shared,grayscale:float32:3ch:t2,float32:3ch,t2,train,62208.0,249248.0,0.1361220865510404,0.011946426704501268,0.07376250363004137,-0.06235958292099904,-0.45811509727054217
grayscale,all,M3_element_prop,shared,grayscale:float32:3ch:t3,float32:3ch,t3,train,110592.0,442786.0,0.15756132003540793,0.014621930432682693,0.13113333978674022,-0.026427980248667715,-0.16773139653011726
grayscale,all,M3_element_prop,shared,grayscale:float32:3ch:t4,float32:3ch,t4,train,150528.0,602530.0,0.16739138246824345,0.004575378286812917,0.17848704582084085,0.011095663352597401,0.06628575013234274
grayscale,all,M3_element_prop,shared,grayscale:float32:3ch:t5,float32:3ch,t5,train,248832.0,995751.0,0.30430446301276487,0.021394750961750877,0.2950500145201655,-0.009254448492599376,-0.030411806652376222
grayscale,all,M3_element_prop,shared,grayscale:float32:3ch:t6,float32:3ch,t6,train,442368.0,1769895.0,0.4867203176642458,0.015451586108937421,0.5245333591469609,0.03781304148271508,0.07768946581925854
grayscale,all,M3_element_prop,shared,grayscale:float32:3ch:t7,float32:3ch,t7,train,786432.0,3146151.0,0.8396380340370039,0.05032668317030186,0.932503749594597,0.09286571555759315,0.11060208303224678
grayscale,all,M3_element_prop,shared,grayscale:uint8:3ch:t0,uint8:3ch,t0,train,12288.0,12694.0,0.10857821364576618,0.0006328887226096547,0.014570371087415579,-0.09400784255835061,-0.8658075999025822
grayscale,all,M3_element_prop,shared,grayscale:uint8:3ch:t1,uint8:3ch,t1,train,27648.0,28054.0,0.12582510554542145,0.003665383784986946,0.032783334946685054,-0.09304177059873639,-0.7394531496351446
grayscale,all,M3_element_prop,shared,grayscale:uint8:3ch:t2,uint8:3ch,t2,train,62208.0,62614.0,0.15769210178405046,0.02135581481259625,0.07376250363004137,-0.08392959815400909,-0.5322371710724324
grayscale,all,M3_element_prop,shared,grayscale:uint8:3ch:t3,uint8:3ch,t3,train,110592.0,111009.0,0.1848268105338017,0.018960931874206853,0.13113333978674022,-0.05369347074706149,-0.29050693777590164
grayscale,all,M3_element_prop,shared,grayscale:uint8:3ch:t4,uint8:3ch,t4,train,150528.0,150945.0,0.21112633713831505,0.010918924054026488,0.17848704582084085,-0.0326392913174742,-0.1545960194255217
grayscale,all,M3_element_prop,shared,grayscale:uint8:3ch:t5,uint8:3ch,t5,train,248832.0,249254.0,0.3097569989040494,0.007345506141761784,0.2950500145201655,-0.014706984383883903,-0.04747910276739074
grayscale,all,M3_element_prop,shared,grayscale:uint8:3ch:t6,uint8:3ch,t6,train,442368.0,442790.0,0.5448710460526248,0.01705174221124241,0.5245333591469609,-0.020337686905663954,-0.037325688441333875
grayscale,all,M3_element_prop,shared,grayscale:uint8:3ch:t7,uint8:3ch,t7,train,786432.0,786854.0,0.9915999804312984,0.028378518866090545,0.932503749594597,-0.05909623083670135,-0.05959684550517773
grayscale,all,M4_element_affine,shared,grayscale:float32:3ch:v0,float32:3ch,v0,validation,19200.0,77216.0,0.10185090281690161,0.002462939440953179,0.08773474874071324,-0.014116154076188367,-0.13859625870538544
grayscale,all,M4_element_affine,shared,grayscale:float32:3ch:v1,float32:3ch,v1,validation,76800.0,307618.0,0.13254643262674412,0.002589067594849435,0.14820863595774253,0.01566220333099841,0.11816389940198375
grayscale,all,M4_element_affine,shared,grayscale:float32:3ch:v2,float32:3ch,v2,validation,196608.0,786855.0,0.21534957690164447,0.017495970799780453,0.27399432136916346,0.058644744467518994,0.27232347196253615
grayscale,all,M4_element_affine,shared,grayscale:float32:3ch:v3,float32:3ch,v3,validation,602112.0,2408871.0,0.5965186888352036,0.015483080603876289,0.6997304873770497,0.10321179854184603,0.17302357909922866
grayscale,all,M4_element_affine,shared,grayscale:uint8:3ch:v0,uint8:3ch,v0,validation,19200.0,19606.0,0.11518327596907814,0.0035320537427256933,0.08773474874071324,-0.027448527228364897,-0.23830306090385614
grayscale,all,M4_element_affine,shared,grayscale:uint8:3ch:v1,uint8:3ch,v1,validation,76800.0,77217.0,0.15506838293125233,0.008355782144278371,0.14820863595774253,-0.0068597469735098004,-0.0442369156358004
grayscale,all,M4_element_affine,shared,grayscale:uint8:3ch:v2,uint8:3ch,v2,validation,196608.0,197030.0,0.27641122229397297,0.01837313844123047,0.27399432136916346,-0.0024169009248095064,-0.008743859618836489
grayscale,all,M4_element_affine,shared,grayscale:uint8:3ch:v3,uint8:3ch,v3,validation,602112.0,602534.0,0.7631463215996822,0.013743520245462775,0.6997304873770497,-0.06341583422263253,-0.08309787052331241
grayscale,all,M4_element_affine,shared,grayscale:float32:3ch:t0,float32:3ch,t0,train,12288.0,49559.0,0.10564518704389532,0.008569931554386892,0.08047788227466973,-0.025167304769225587,-0.23822481149821462
grayscale,all,M4_element_affine,shared,grayscale:float32:3ch:t1,float32:3ch,t1,train,27648.0,111008.0,0.11506006742517154,0.004892351421978225,0.09660425219921087,-0.018455815225960667,-0.1604015679719923
grayscale,all,M4_element_affine,shared,grayscale:float32:3ch:t2,float32:3ch,t2,train,62208.0,249248.0,0.1361220865510404,0.011946426704501268,0.13288858452942845,-0.0032335020216119614,-0.023754425924109868
grayscale,all,M4_element_affine,shared,grayscale:float32:3ch:t3,float32:3ch,t3,train,110592.0,442786.0,0.15756132003540793,0.014621930432682693,0.18368664979173305,0.026125329756325116,0.16581055395102115
grayscale,all,M4_element_affine,shared,grayscale:float32:3ch:t4,float32:3ch,t4,train,150528.0,602530.0,0.16739138246824345,0.004575378286812917,0.22561521159554004,0.058223829127296595,0.347830505183518
grayscale,all,M4_element_affine,shared,grayscale:float32:3ch:t5,float32:3ch,t5,train,248832.0,995751.0,0.30430446301276487,0.021394750961750877,0.32882397911260336,0.02451951609983849,0.08057560463321221
grayscale,all,M4_element_affine,shared,grayscale:float32:3ch:t6,float32:3ch,t6,train,442368.0,1769895.0,0.4867203176642458,0.015451586108937421,0.5320162401618217,0.04529592249757591,0.0930635538597392
grayscale,all,M4_element_affine,shared,grayscale:float32:3ch:t7,float32:3ch,t7,train,786432.0,3146151.0,0.8396380340370039,0.05032668317030186,0.8932469264715434,0.05360889243453948,0.0638476227390348
grayscale,all,M4_element_affine,shared,grayscale:uint8:3ch:t0,uint8:3ch,t0,train,12288.0,12694.0,0.10857821364576618,0.0006328887226096547,0.08047788227466973,-0.02810033137109645,-0.2588026679345924
grayscale,all,M4_element_affine,shared,grayscale:uint8:3ch:t1,uint8:3ch,t1,train,27648.0,28054.0,0.12582510554542145,0.003665383784986946,0.09660425219921087,-0.02922085334621058,-0.2322338870255283
grayscale,all,M4_element_affine,shared,grayscale:uint8:3ch:t2,uint8:3ch,t2,train,62208.0,62614.0,0.15769210178405046,0.02135581481259625,0.13288858452942845,-0.024803517254622015,-0.15729080260842038
grayscale,all,M4_element_affine,shared,grayscale:uint8:3ch:t3,uint8:3ch,t3,train,110592.0,111009.0,0.1848268105338017,0.018960931874206853,0.18368664979173305,-0.0011401607420686577,-0.00616880602319403
grayscale,all,M4_element_affine,shared,grayscale:uint8:3ch:t4,uint8:3ch,t4,train,150528.0,150945.0,0.21112633713831505,0.010918924054026488,0.22561521159554004,0.014488874457224993,0.0686265610137162
grayscale,all,M4_element_affine,shared,grayscale:uint8:3ch:t5,uint8:3ch,t5,train,248832.0,249254.0,0.3097569989040494,0.007345506141761784,0.32882397911260336,0.019066980208553963,0.06155463888149358
grayscale,all,M4_element_affine,shared,grayscale:uint8:3ch:t6,uint8:3ch,t6,train,442368.0,442790.0,0.5448710460526248,0.01705174221124241,0.5320162401618217,-0.012854805890803123,-0.02359238205797703
grayscale,all,M4_element_affine,shared,grayscale:uint8:3ch:t7,uint8:3ch,t7,train,786432.0,786854.0,0.9915999804312984,0.028378518866090545,0.8932469264715434,-0.09835305395975502,-0.09918622014996023
grayscale,all,M1_byte_prop_anchored,shared,grayscale:float32:3ch:v0,float32:3ch,v0,validation,19200.0,77216.0,0.10185090281690161,0.002462939440953179,0.02145170031146646,-0.08039920250543514,-0.7893813435308432
grayscale,all,M1_byte_prop_anchored,shared,grayscale:float32:3ch:v1,float32:3ch,v1,validation,76800.0,307618.0,0.13254643262674412,0.002589067594849435,0.0854606447680881,-0.047085787858656025,-0.3552399481866964
grayscale,all,M1_byte_prop_anchored,shared,grayscale:float32:3ch:v2,float32:3ch,v2,validation,196608.0,786855.0,0.21534957690164447,0.017495970799780453,0.2185994826017787,0.0032499057001342258,0.015091302926583129
grayscale,all,M1_byte_prop_anchored,shared,grayscale:float32:3ch:v3,float32:3ch,v3,validation,602112.0,2408871.0,0.5965186888352036,0.015483080603876289,0.6692185399526331,0.07269985111742949,0.12187355145467003
grayscale,all,M1_byte_prop_anchored,shared,grayscale:uint8:3ch:v0,uint8:3ch,v0,validation,19200.0,19606.0,0.11518327596907814,0.0035320537427256933,0.0054468249625286395,-0.1097364510065495,-0.9527116682808111
grayscale,all,M1_byte_prop_anchored,shared,grayscale:uint8:3ch:v1,uint8:3ch,v1,validation,76800.0,77217.0,0.15506838293125233,0.008355782144278371,0.02145197812565408,-0.13361640480559825,-0.8616611734761911
grayscale,all,M1_byte_prop_anchored,shared,grayscale:uint8:3ch:v2,uint8:3ch,v2,validation,196608.0,197030.0,0.27641122229397297,0.01837313844123047,0.05473772938728031,-0.22167349290669267,-0.8019699456013228
grayscale,all,M1_byte_prop_anchored,shared,grayscale:uint8:3ch:v3,uint8:3ch,v3,validation,602112.0,602534.0,0.7631463215996822,0.013743520245462775,0.16739249372499396,-0.5957538278746882,-0.780654785344295
grayscale,all,M1_byte_prop_anchored,shared,grayscale:float32:3ch:t0,float32:3ch,t0,train,12288.0,49559.0,0.10564518704389532,0.008569931554386892,0.01376819332438829,-0.09187699371950703,-0.8696751483939572
grayscale,all,M1_byte_prop_anchored,shared,grayscale:float32:3ch:t1,float32:3ch,t1,train,27648.0,111008.0,0.11506006742517154,0.004892351421978225,0.030839597339609264,-0.08422047008556227,-0.7319695874533919
grayscale,all,M1_byte_prop_anchored,shared,grayscale:float32:3ch:t2,float32:3ch,t2,train,62208.0,249248.0,0.1361220865510404,0.011946426704501268,0.06924463063655709,-0.06687745591448332,-0.49130495725546286
grayscale,all,M1_byte_prop_anchored,shared,grayscale:float32:3ch:t3,float32:3ch,t3,train,110592.0,442786.0,0.15756132003540793,0.014621930432682693,0.1230122328806593,-0.03454908715474864,-0.21927391282952313
grayscale,all,M1_byte_prop_anchored,shared,grayscale:float32:3ch:t4,float32:3ch,t4,train,150528.0,602530.0,0.16739138246824345,0.004575378286812917,0.16739138246824345,0.0,0.0
grayscale,all,M1_byte_prop_anchored,shared,grayscale:float32:3ch:t5,float32:3ch,t5,train,248832.0,995751.0,0.30430446301276487,0.021394750961750877,0.2766337551393887,-0.027670707873376166,-0.09093099588294715
grayscale,all,M1_byte_prop_anchored,shared,grayscale:float32:3ch:t6,float32:3ch,t6,train,442368.0,1769895.0,0.4867203176642458,0.015451586108937421,0.4917019416022966,0.004981623938050794,0.010235085237364732
grayscale,all,M1_byte_prop_anchored,shared,grayscale:float32:3ch:t7,float32:3ch,t7,train,786432.0,3146151.0,0.8396380340370039,0.05032668317030186,0.8740453842030216,0.0344073501660177,0.04097878939640951
grayscale,all,M1_byte_prop_anchored,shared,grayscale:uint8:3ch:t0,uint8:3ch,t0,train,12288.0,12694.0,0.10857821364576618,0.0006328887226096547,0.003526573297681248,-0.10505164034808494,-0.9675204336186023
grayscale,all,M1_byte_prop_anchored,shared,grayscale:uint8:3ch:t1,uint8:3ch,t1,train,27648.0,28054.0,0.12582510554542145,0.003665383784986946,0.00779379921956434,-0.11803130632585711,-0.938058472625315
grayscale,all,M1_byte_prop_anchored,shared,grayscale:uint8:3ch:t2,uint8:3ch,t2,train,62208.0,62614.0,0.15769210178405046,0.02135581481259625,0.017395057543801294,-0.14029704424024916,-0.8896897349518319
grayscale,all,M1_byte_prop_anchored,shared,grayscale:uint8:3ch:t3,uint8:3ch,t3,train,110592.0,111009.0,0.1848268105338017,0.018960931874206853,0.030839875153796884,-0.15398693538000482,-0.8331417662582195
grayscale,all,M1_byte_prop_anchored,shared,grayscale:uint8:3ch:t4,uint8:3ch,t4,train,150528.0,150945.0,0.21112633713831505,0.010918924054026488,0.04193466255069292,-0.16919167458762213,-0.8013764501431184
grayscale,all,M1_byte_prop_anchored,shared,grayscale:uint8:3ch:t5,uint8:3ch,t5,train,248832.0,249254.0,0.3097569989040494,0.007345506141761784,0.06924629752168282,-0.24051070138236658,-0.7764496112543606
grayscale,all,M1_byte_prop_anchored,shared,grayscale:uint8:3ch:t6,uint8:3ch,t6,train,442368.0,442790.0,0.5448710460526248,0.01705174221124241,0.12301334413740979,-0.42185770191521504,-0.7742340228415645
grayscale,all,M1_byte_prop_anchored,shared,grayscale:uint8:3ch:t7,uint8:3ch,t7,train,786432.0,786854.0,0.9915999804312984,0.028378518866090545,0.21859920478759107,-0.7730007756437073,-0.779549002519634
grayscale,all,M5_repr_element_affine,float32:3ch,grayscale:float32:3ch:v0,float32:3ch,v0,validation,19200.0,77216.0,0.10185090281690161,0.002462939440953179,0.08557773645640154,-0.016273166360500066,-0.15977439483039735
grayscale,all,M5_repr_element_affine,float32:3ch,grayscale:float32:3ch:v1,float32:3ch,v1,validation,76800.0,307618.0,0.13254643262674412,0.002589067594849435,0.1411474098719646,0.008600977245220492,0.06489029598737807
grayscale,all,M5_repr_element_affine,float32:3ch,grayscale:float32:3ch:v2,float32:3ch,v2,validation,196608.0,786855.0,0.21534957690164447,0.017495970799780453,0.2567323305763358,0.04138275367469135,0.1921654747136647
grayscale,all,M5_repr_element_affine,float32:3ch,grayscale:float32:3ch:v3,float32:3ch,v3,validation,602112.0,2408871.0,0.5965186888352036,0.015483080603876289,0.6479428314218999,0.05142414258669625,0.08620709384161955
grayscale,all,M5_repr_element_affine,float32:3ch,grayscale:float32:3ch:t0,float32:3ch,t0,train,12288.0,49559.0,0.10564518704389532,0.008569931554386892,0.07890937564653397,-0.02673581139736135,-0.2530717408475285
grayscale,all,M5_repr_element_affine,float32:3ch,grayscale:float32:3ch:t1,float32:3ch,t1,train,27648.0,111008.0,0.11506006742517154,0.004892351421978225,0.09372795522401746,-0.02133211220115408,-0.1853997888105468
grayscale,all,M5_repr_element_affine,float32:3ch,grayscale:float32:3ch:t2,float32:3ch,t2,train,62208.0,249248.0,0.1361220865510404,0.011946426704501268,0.1270697592733553,-0.009052327277685124,-0.066501531875144
grayscale,all,M5_repr_element_affine,float32:3ch,grayscale:float32:3ch:t3,float32:3ch,t3,train,110592.0,442786.0,0.15756132003540793,0.014621930432682693,0.17374828494242828,0.016186964907020346,0.10273438241938271
grayscale,all,M5_repr_element_affine,float32:3ch,grayscale:float32:3ch:t4,float32:3ch,t4,train,150528.0,602530.0,0.16739138246824345,0.004575378286812917,0.21227659184388536,0.044885209375641916,0.2681452815180452
grayscale,all,M5_repr_element_affine,float32:3ch,grayscale:float32:3ch:t5,float32:3ch,t5,train,248832.0,995751.0,0.30430446301276487,0.021394750961750877,0.3071155011397797,0.002811038127014831,0.009237584290365516
grayscale,all,M5_repr_element_affine,float32:3ch,grayscale:float32:3ch:t6,float32:3ch,t6,train,442368.0,1769895.0,0.4867203176642458,0.015451586108937421,0.49382960381607166,0.007109286151825878,0.014606511981959372
grayscale,all,M5_repr_element_affine,float32:3ch,grayscale:float32:3ch:t7,float32:3ch,t7,train,786432.0,3146151.0,0.8396380340370039,0.05032668317030186,0.8257657863517017,-0.013872247685302153,-0.016521699974218634
grayscale,all,M5_repr_element_affine,uint8:3ch,grayscale:uint8:3ch:v0,uint8:3ch,v0,validation,19200.0,19606.0,0.11518327596907814,0.0035320537427256933,0.08989176102502505,-0.025291514944053087,-0.2195762772960442
grayscale,all,M5_repr_element_affine,uint8:3ch,grayscale:uint8:3ch:v1,uint8:3ch,v1,validation,76800.0,77217.0,0.15506838293125233,0.008355782144278371,0.15526986204352053,0.00020147911226819915,0.001299292018525288
grayscale,all,M5_repr_element_affine,uint8:3ch,grayscale:uint8:3ch:v2,uint8:3ch,v2,validation,196608.0,197030.0,0.27641122229397297,0.01837313844123047,0.29125631216199116,0.01484508986801819,0.05370653819630348
grayscale,all,M5_repr_element_affine,uint8:3ch,grayscale:uint8:3ch:v3,uint8:3ch,v3,validation,602112.0,602534.0,0.7631463215996822,0.013743520245462775,0.7515181433321992,-0.01162817826748297,-0.015237154315450757
grayscale,all,M5_repr_element_affine,uint8:3ch,grayscale:uint8:3ch:t0,uint8:3ch,t0,train,12288.0,12694.0,0.10857821364576618,0.0006328887226096547,0.08204638890280559,-0.02653182474296059,-0.2443567991413087
grayscale,all,M5_repr_element_affine,uint8:3ch,grayscale:uint8:3ch:t1,uint8:3ch,t1,train,27648.0,28054.0,0.12582510554542145,0.003665383784986946,0.09948054917440438,-0.02634455637101707,-0.2093744031194711
grayscale,all,M5_repr_element_affine,uint8:3ch,grayscale:uint8:3ch:t2,uint8:3ch,t2,train,62208.0,62614.0,0.15769210178405046,0.02135581481259625,0.13870740978550167,-0.018984691998548797,-0.12039088694846083
grayscale,all,M5_repr_element_affine,uint8:3ch,grayscale:uint8:3ch:t3,uint8:3ch,t3,train,110592.0,111009.0,0.1848268105338017,0.018960931874206853,0.19362501464103787,0.008798204107236168,0.04760242348945975
grayscale,all,M5_repr_element_affine,uint8:3ch,grayscale:uint8:3ch:t4,uint8:3ch,t4,train,150528.0,150945.0,0.21112633713831505,0.010918924054026488,0.23895383134719472,0.02782749420887967,0.1318049400471011
grayscale,all,M5_repr_element_affine,uint8:3ch,grayscale:uint8:3ch:t5,uint8:3ch,t5,train,248832.0,249254.0,0.3097569989040494,0.007345506141761784,0.3505324570854271,0.04077545818137768,0.13163692289648093
grayscale,all,M5_repr_element_affine,uint8:3ch,grayscale:uint8:3ch:t6,uint8:3ch,t6,train,442368.0,442790.0,0.5448710460526248,0.01705174221124241,0.5702028765075718,0.025331830454947024,0.046491423316518864
grayscale,all,M5_repr_element_affine,uint8:3ch,grayscale:uint8:3ch:t7,uint8:3ch,t7,train,786432.0,786854.0,0.9915999804312984,0.028378518866090545,0.9607280665913849,-0.0308719138399135,-0.031133435305722476
grayscale,3ch,M2_byte_affine,shared,grayscale:float32:3ch:v0,float32:3ch,v0,validation,19200.0,77216.0,0.10185090281690161,0.002462939440953179,0.19529710894762398,0.09344620613072237,0.9174803909073987
grayscale,3ch,M2_byte_affine,shared,grayscale:float32:3ch:v1,float32:3ch,v1,validation,76800.0,307618.0,0.13254643262674412,0.002589067594849435,0.24793014180656797,0.11538370917982385,0.8705153876509739
grayscale,3ch,M2_byte_affine,shared,grayscale:float32:3ch:v2,float32:3ch,v2,validation,196608.0,786855.0,0.21534957690164447,0.017495970799780453,0.35740704204277146,0.142057465141127,0.6596598293109635
grayscale,3ch,M2_byte_affine,shared,grayscale:float32:3ch:v3,float32:3ch,v3,validation,602112.0,2408871.0,0.5965186888352036,0.015483080603876289,0.7279403769345385,0.13142168809933485,0.22031445210200593
grayscale,3ch,M2_byte_affine,shared,grayscale:uint8:3ch:v0,uint8:3ch,v0,validation,19200.0,19606.0,0.11518327596907814,0.0035320537427256933,0.18213668055288884,0.0669534045838107,0.5812771343800368
grayscale,3ch,M2_byte_affine,shared,grayscale:uint8:3ch:v1,uint8:3ch,v1,validation,76800.0,77217.0,0.15506838293125233,0.008355782144278371,0.1952973373876239,0.04022895445637156,0.2594271875151144
grayscale,3ch,M2_byte_affine,shared,grayscale:uint8:3ch:v2,uint8:3ch,v2,validation,196608.0,197030.0,0.27641122229397297,0.01837313844123047,0.22266741909667442,-0.053743803197298545,-0.19443423009844418
grayscale,3ch,M2_byte_affine,shared,grayscale:uint8:3ch:v3,uint8:3ch,v3,validation,602112.0,602534.0,0.7631463215996822,0.013743520245462775,0.3153007528196162,-0.447845568780066,-0.5868410239353664
grayscale,3ch,M2_byte_affine,shared,grayscale:float32:3ch:t0,float32:3ch,t0,train,12288.0,49559.0,0.10564518704389532,0.008569931554386892,0.1889791438701515,0.08333395682625618,0.7888097807203571
grayscale,3ch,M2_byte_affine,shared,grayscale:float32:3ch:t1,float32:3ch,t1,train,27648.0,111008.0,0.11506006742517154,0.004892351421978225,0.20301655342453578,0.08795648599936425,0.7644397223786271
grayscale,3ch,M2_byte_affine,shared,grayscale:float32:3ch:t2,float32:3ch,t2,train,62208.0,249248.0,0.1361220865510404,0.011946426704501268,0.23459609901190231,0.0984740124608619,0.7234242065775126
grayscale,3ch,M2_byte_affine,shared,grayscale:float32:3ch:t3,float32:3ch,t3,train,110592.0,442786.0,0.15756132003540793,0.014621930432682693,0.27880791971421526,0.12124659967880733,0.7695200805093548
grayscale,3ch,M2_byte_affine,shared,grayscale:float32:3ch:t4,float32:3ch,t4,train,150528.0,602530.0,0.16739138246824345,0.004575378286812917,0.31529983905961656,0.1479084565913731,0.8836085490806761
grayscale,3ch,M2_byte_affine,shared,grayscale:float32:3ch:t5,float32:3ch,t5,train,248832.0,995751.0,0.30430446301276487,0.021394750961750877,0.40512724426368085,0.10082278125091598,0.3313220590086669
grayscale,3ch,M2_byte_affine,shared,grayscale:float32:3ch:t6,float32:3ch,t6,train,442368.0,1769895.0,0.4867203176642458,0.015451586108937421,0.5819726995529333,0.09525238188868751,0.19570249778312201
grayscale,3ch,M2_byte_affine,shared,grayscale:float32:3ch:t7,float32:3ch,t7,train,786432.0,3146151.0,0.8396380340370039,0.05032668317030186,0.89636462006716,0.05672658603015612,0.06756076276989628
grayscale,3ch,M2_byte_affine,shared,grayscale:uint8:3ch:t0,uint8:3ch,t0,train,12288.0,12694.0,0.10857821364576618,0.0006328887226096547,0.18055770327352053,0.07197948962775434,0.6629275543488466
grayscale,3ch,M2_byte_affine,shared,grayscale:uint8:3ch:t1,uint8:3ch,t1,train,27648.0,28054.0,0.12582510554542145,0.003665383784986946,0.1840665416721168,0.058241436126695356,0.4628761158135556
grayscale,3ch,M2_byte_affine,shared,grayscale:uint8:3ch:t2,uint8:3ch,t2,train,62208.0,62614.0,0.15769210178405046,0.02135581481259625,0.19196142806895844,0.034269326284907975,0.21731796264493758
grayscale,3ch,M2_byte_affine,shared,grayscale:uint8:3ch:t3,uint8:3ch,t3,train,110592.0,111009.0,0.1848268105338017,0.018960931874206853,0.2030167818645357,0.018189971330733995,0.09841630269006539
grayscale,3ch,M2_byte_affine,shared,grayscale:uint8:3ch:t4,uint8:3ch,t4,train,150528.0,150945.0,0.21112633713831505,0.010918924054026488,0.21213976170088603,0.0010134245625709748,0.004800085940519352
grayscale,3ch,M2_byte_affine,shared,grayscale:uint8:3ch:t5,uint8:3ch,t5,train,248832.0,249254.0,0.3097569989040494,0.007345506141761784,0.23459746965190176,-0.07515952925214764,-0.24264029390157257
grayscale,3ch,M2_byte_affine,shared,grayscale:uint8:3ch:t6,uint8:3ch,t6,train,442368.0,442790.0,0.5448710460526248,0.01705174221124241,0.27880883347421487,-0.26606221257840995,-0.48830308474991546
grayscale,3ch,M2_byte_affine,shared,grayscale:uint8:3ch:t7,uint8:3ch,t7,train,786432.0,786854.0,0.9915999804312984,0.028378518866090545,0.35740681360277154,-0.6341931668285268,-0.6395655297942656
grayscale,3ch,M3_element_prop,shared,grayscale:float32:3ch:v0,float32:3ch,v0,validation,19200.0,77216.0,0.10185090281690161,0.002462939440953179,0.022766204824086842,-0.07908469799281477,-0.7764751789680856
grayscale,3ch,M3_element_prop,shared,grayscale:float32:3ch:v1,float32:3ch,v1,validation,76800.0,307618.0,0.13254643262674412,0.002589067594849435,0.09106481929634737,-0.04148161333039675,-0.3129591080524255
grayscale,3ch,M3_element_prop,shared,grayscale:float32:3ch:v2,float32:3ch,v2,validation,196608.0,786855.0,0.21534957690164447,0.017495970799780453,0.23312593739864926,0.01777636049700479,0.08254653086745417
grayscale,3ch,M3_element_prop,shared,grayscale:float32:3ch:v3,float32:3ch,v3,validation,602112.0,2408871.0,0.5965186888352036,0.015483080603876289,0.7139481832833634,0.11742949444815975,0.1968580308480515
grayscale,3ch,M3_element_prop,shared,grayscale:uint8:3ch:v0,uint8:3ch,v0,validation,19200.0,19606.0,0.11518327596907814,0.0035320537427256933,0.022766204824086842,-0.0924170711449913,-0.802348000327768
grayscale,3ch,M3_element_prop,shared,grayscale:uint8:3ch:v1,uint8:3ch,v1,validation,76800.0,77217.0,0.15506838293125233,0.008355782144278371,0.09106481929634737,-0.06400356363490496,-0.4127441224642173
grayscale,3ch,M3_element_prop,shared,grayscale:uint8:3ch:v2,uint8:3ch,v2,validation,196608.0,197030.0,0.27641122229397297,0.01837313844123047,0.23312593739864926,-0.04328528489532371,-0.15659742226127238
grayscale,3ch,M3_element_prop,shared,grayscale:uint8:3ch:v3,uint8:3ch,v3,validation,602112.0,602534.0,0.7631463215996822,0.013743520245462775,0.7139481832833634,-0.04919813831631881,-0.06446750370648618
grayscale,3ch,M3_element_prop,shared,grayscale:float32:3ch:t0,float32:3ch,t0,train,12288.0,49559.0,0.10564518704389532,0.008569931554386892,0.014570371087415579,-0.09107481595647975,-0.8620820172208923
grayscale,3ch,M3_element_prop,shared,grayscale:float32:3ch:t1,float32:3ch,t1,train,27648.0,111008.0,0.11506006742517154,0.004892351421978225,0.032783334946685054,-0.08227673247848649,-0.7150763450751022
grayscale,3ch,M3_element_prop,shared,grayscale:float32:3ch:t2,float32:3ch,t2,train,62208.0,249248.0,0.1361220865510404,0.011946426704501268,0.07376250363004137,-0.06235958292099904,-0.45811509727054217
grayscale,3ch,M3_element_prop,shared,grayscale:float32:3ch:t3,float32:3ch,t3,train,110592.0,442786.0,0.15756132003540793,0.014621930432682693,0.13113333978674022,-0.026427980248667715,-0.16773139653011726
grayscale,3ch,M3_element_prop,shared,grayscale:float32:3ch:t4,float32:3ch,t4,train,150528.0,602530.0,0.16739138246824345,0.004575378286812917,0.17848704582084085,0.011095663352597401,0.06628575013234274
grayscale,3ch,M3_element_prop,shared,grayscale:float32:3ch:t5,float32:3ch,t5,train,248832.0,995751.0,0.30430446301276487,0.021394750961750877,0.2950500145201655,-0.009254448492599376,-0.030411806652376222
grayscale,3ch,M3_element_prop,shared,grayscale:float32:3ch:t6,float32:3ch,t6,train,442368.0,1769895.0,0.4867203176642458,0.015451586108937421,0.5245333591469609,0.03781304148271508,0.07768946581925854
grayscale,3ch,M3_element_prop,shared,grayscale:float32:3ch:t7,float32:3ch,t7,train,786432.0,3146151.0,0.8396380340370039,0.05032668317030186,0.932503749594597,0.09286571555759315,0.11060208303224678
grayscale,3ch,M3_element_prop,shared,grayscale:uint8:3ch:t0,uint8:3ch,t0,train,12288.0,12694.0,0.10857821364576618,0.0006328887226096547,0.014570371087415579,-0.09400784255835061,-0.8658075999025822
grayscale,3ch,M3_element_prop,shared,grayscale:uint8:3ch:t1,uint8:3ch,t1,train,27648.0,28054.0,0.12582510554542145,0.003665383784986946,0.032783334946685054,-0.09304177059873639,-0.7394531496351446
grayscale,3ch,M3_element_prop,shared,grayscale:uint8:3ch:t2,uint8:3ch,t2,train,62208.0,62614.0,0.15769210178405046,0.02135581481259625,0.07376250363004137,-0.08392959815400909,-0.5322371710724324
grayscale,3ch,M3_element_prop,shared,grayscale:uint8:3ch:t3,uint8:3ch,t3,train,110592.0,111009.0,0.1848268105338017,0.018960931874206853,0.13113333978674022,-0.05369347074706149,-0.29050693777590164
grayscale,3ch,M3_element_prop,shared,grayscale:uint8:3ch:t4,uint8:3ch,t4,train,150528.0,150945.0,0.21112633713831505,0.010918924054026488,0.17848704582084085,-0.0326392913174742,-0.1545960194255217
grayscale,3ch,M3_element_prop,shared,grayscale:uint8:3ch:t5,uint8:3ch,t5,train,248832.0,249254.0,0.3097569989040494,0.007345506141761784,0.2950500145201655,-0.014706984383883903,-0.04747910276739074
grayscale,3ch,M3_element_prop,shared,grayscale:uint8:3ch:t6,uint8:3ch,t6,train,442368.0,442790.0,0.5448710460526248,0.01705174221124241,0.5245333591469609,-0.020337686905663954,-0.037325688441333875
grayscale,3ch,M3_element_prop,shared,grayscale:uint8:3ch:t7,uint8:3ch,t7,train,786432.0,786854.0,0.9915999804312984,0.028378518866090545,0.932503749594597,-0.05909623083670135,-0.05959684550517773
grayscale,3ch,M4_element_affine,shared,grayscale:float32:3ch:v0,float32:3ch,v0,validation,19200.0,77216.0,0.10185090281690161,0.002462939440953179,0.08773474874071324,-0.014116154076188367,-0.13859625870538544
grayscale,3ch,M4_element_affine,shared,grayscale:float32:3ch:v1,float32:3ch,v1,validation,76800.0,307618.0,0.13254643262674412,0.002589067594849435,0.14820863595774253,0.01566220333099841,0.11816389940198375
grayscale,3ch,M4_element_affine,shared,grayscale:float32:3ch:v2,float32:3ch,v2,validation,196608.0,786855.0,0.21534957690164447,0.017495970799780453,0.27399432136916346,0.058644744467518994,0.27232347196253615
grayscale,3ch,M4_element_affine,shared,grayscale:float32:3ch:v3,float32:3ch,v3,validation,602112.0,2408871.0,0.5965186888352036,0.015483080603876289,0.6997304873770497,0.10321179854184603,0.17302357909922866
grayscale,3ch,M4_element_affine,shared,grayscale:uint8:3ch:v0,uint8:3ch,v0,validation,19200.0,19606.0,0.11518327596907814,0.0035320537427256933,0.08773474874071324,-0.027448527228364897,-0.23830306090385614
grayscale,3ch,M4_element_affine,shared,grayscale:uint8:3ch:v1,uint8:3ch,v1,validation,76800.0,77217.0,0.15506838293125233,0.008355782144278371,0.14820863595774253,-0.0068597469735098004,-0.0442369156358004
grayscale,3ch,M4_element_affine,shared,grayscale:uint8:3ch:v2,uint8:3ch,v2,validation,196608.0,197030.0,0.27641122229397297,0.01837313844123047,0.27399432136916346,-0.0024169009248095064,-0.008743859618836489
grayscale,3ch,M4_element_affine,shared,grayscale:uint8:3ch:v3,uint8:3ch,v3,validation,602112.0,602534.0,0.7631463215996822,0.013743520245462775,0.6997304873770497,-0.06341583422263253,-0.08309787052331241
grayscale,3ch,M4_element_affine,shared,grayscale:float32:3ch:t0,float32:3ch,t0,train,12288.0,49559.0,0.10564518704389532,0.008569931554386892,0.08047788227466973,-0.025167304769225587,-0.23822481149821462
grayscale,3ch,M4_element_affine,shared,grayscale:float32:3ch:t1,float32:3ch,t1,train,27648.0,111008.0,0.11506006742517154,0.004892351421978225,0.09660425219921087,-0.018455815225960667,-0.1604015679719923
grayscale,3ch,M4_element_affine,shared,grayscale:float32:3ch:t2,float32:3ch,t2,train,62208.0,249248.0,0.1361220865510404,0.011946426704501268,0.13288858452942845,-0.0032335020216119614,-0.023754425924109868
grayscale,3ch,M4_element_affine,shared,grayscale:float32:3ch:t3,float32:3ch,t3,train,110592.0,442786.0,0.15756132003540793,0.014621930432682693,0.18368664979173305,0.026125329756325116,0.16581055395102115
grayscale,3ch,M4_element_affine,shared,grayscale:float32:3ch:t4,float32:3ch,t4,train,150528.0,602530.0,0.16739138246824345,0.004575378286812917,0.22561521159554004,0.058223829127296595,0.347830505183518
grayscale,3ch,M4_element_affine,shared,grayscale:float32:3ch:t5,float32:3ch,t5,train,248832.0,995751.0,0.30430446301276487,0.021394750961750877,0.32882397911260336,0.02451951609983849,0.08057560463321221
grayscale,3ch,M4_element_affine,shared,grayscale:float32:3ch:t6,float32:3ch,t6,train,442368.0,1769895.0,0.4867203176642458,0.015451586108937421,0.5320162401618217,0.04529592249757591,0.0930635538597392
grayscale,3ch,M4_element_affine,shared,grayscale:float32:3ch:t7,float32:3ch,t7,train,786432.0,3146151.0,0.8396380340370039,0.05032668317030186,0.8932469264715434,0.05360889243453948,0.0638476227390348
grayscale,3ch,M4_element_affine,shared,grayscale:uint8:3ch:t0,uint8:3ch,t0,train,12288.0,12694.0,0.10857821364576618,0.0006328887226096547,0.08047788227466973,-0.02810033137109645,-0.2588026679345924
grayscale,3ch,M4_element_affine,shared,grayscale:uint8:3ch:t1,uint8:3ch,t1,train,27648.0,28054.0,0.12582510554542145,0.003665383784986946,0.09660425219921087,-0.02922085334621058,-0.2322338870255283
grayscale,3ch,M4_element_affine,shared,grayscale:uint8:3ch:t2,uint8:3ch,t2,train,62208.0,62614.0,0.15769210178405046,0.02135581481259625,0.13288858452942845,-0.024803517254622015,-0.15729080260842038
grayscale,3ch,M4_element_affine,shared,grayscale:uint8:3ch:t3,uint8:3ch,t3,train,110592.0,111009.0,0.1848268105338017,0.018960931874206853,0.18368664979173305,-0.0011401607420686577,-0.00616880602319403
grayscale,3ch,M4_element_affine,shared,grayscale:uint8:3ch:t4,uint8:3ch,t4,train,150528.0,150945.0,0.21112633713831505,0.010918924054026488,0.22561521159554004,0.014488874457224993,0.0686265610137162
grayscale,3ch,M4_element_affine,shared,grayscale:uint8:3ch:t5,uint8:3ch,t5,train,248832.0,249254.0,0.3097569989040494,0.007345506141761784,0.32882397911260336,0.019066980208553963,0.06155463888149358
grayscale,3ch,M4_element_affine,shared,grayscale:uint8:3ch:t6,uint8:3ch,t6,train,442368.0,442790.0,0.5448710460526248,0.01705174221124241,0.5320162401618217,-0.012854805890803123,-0.02359238205797703
grayscale,3ch,M4_element_affine,shared,grayscale:uint8:3ch:t7,uint8:3ch,t7,train,786432.0,786854.0,0.9915999804312984,0.028378518866090545,0.8932469264715434,-0.09835305395975502,-0.09918622014996023
grayscale,3ch,M1_byte_prop_anchored,shared,grayscale:float32:3ch:v0,float32:3ch,v0,validation,19200.0,77216.0,0.10185090281690161,0.002462939440953179,0.02145170031146646,-0.08039920250543514,-0.7893813435308432
grayscale,3ch,M1_byte_prop_anchored,shared,grayscale:float32:3ch:v1,float32:3ch,v1,validation,76800.0,307618.0,0.13254643262674412,0.002589067594849435,0.0854606447680881,-0.047085787858656025,-0.3552399481866964
grayscale,3ch,M1_byte_prop_anchored,shared,grayscale:float32:3ch:v2,float32:3ch,v2,validation,196608.0,786855.0,0.21534957690164447,0.017495970799780453,0.2185994826017787,0.0032499057001342258,0.015091302926583129
grayscale,3ch,M1_byte_prop_anchored,shared,grayscale:float32:3ch:v3,float32:3ch,v3,validation,602112.0,2408871.0,0.5965186888352036,0.015483080603876289,0.6692185399526331,0.07269985111742949,0.12187355145467003
grayscale,3ch,M1_byte_prop_anchored,shared,grayscale:uint8:3ch:v0,uint8:3ch,v0,validation,19200.0,19606.0,0.11518327596907814,0.0035320537427256933,0.0054468249625286395,-0.1097364510065495,-0.9527116682808111
grayscale,3ch,M1_byte_prop_anchored,shared,grayscale:uint8:3ch:v1,uint8:3ch,v1,validation,76800.0,77217.0,0.15506838293125233,0.008355782144278371,0.02145197812565408,-0.13361640480559825,-0.8616611734761911
grayscale,3ch,M1_byte_prop_anchored,shared,grayscale:uint8:3ch:v2,uint8:3ch,v2,validation,196608.0,197030.0,0.27641122229397297,0.01837313844123047,0.05473772938728031,-0.22167349290669267,-0.8019699456013228
grayscale,3ch,M1_byte_prop_anchored,shared,grayscale:uint8:3ch:v3,uint8:3ch,v3,validation,602112.0,602534.0,0.7631463215996822,0.013743520245462775,0.16739249372499396,-0.5957538278746882,-0.780654785344295
grayscale,3ch,M1_byte_prop_anchored,shared,grayscale:float32:3ch:t0,float32:3ch,t0,train,12288.0,49559.0,0.10564518704389532,0.008569931554386892,0.01376819332438829,-0.09187699371950703,-0.8696751483939572
grayscale,3ch,M1_byte_prop_anchored,shared,grayscale:float32:3ch:t1,float32:3ch,t1,train,27648.0,111008.0,0.11506006742517154,0.004892351421978225,0.030839597339609264,-0.08422047008556227,-0.7319695874533919
grayscale,3ch,M1_byte_prop_anchored,shared,grayscale:float32:3ch:t2,float32:3ch,t2,train,62208.0,249248.0,0.1361220865510404,0.011946426704501268,0.06924463063655709,-0.06687745591448332,-0.49130495725546286
grayscale,3ch,M1_byte_prop_anchored,shared,grayscale:float32:3ch:t3,float32:3ch,t3,train,110592.0,442786.0,0.15756132003540793,0.014621930432682693,0.1230122328806593,-0.03454908715474864,-0.21927391282952313
grayscale,3ch,M1_byte_prop_anchored,shared,grayscale:float32:3ch:t4,float32:3ch,t4,train,150528.0,602530.0,0.16739138246824345,0.004575378286812917,0.16739138246824345,0.0,0.0
grayscale,3ch,M1_byte_prop_anchored,shared,grayscale:float32:3ch:t5,float32:3ch,t5,train,248832.0,995751.0,0.30430446301276487,0.021394750961750877,0.2766337551393887,-0.027670707873376166,-0.09093099588294715
grayscale,3ch,M1_byte_prop_anchored,shared,grayscale:float32:3ch:t6,float32:3ch,t6,train,442368.0,1769895.0,0.4867203176642458,0.015451586108937421,0.4917019416022966,0.004981623938050794,0.010235085237364732
grayscale,3ch,M1_byte_prop_anchored,shared,grayscale:float32:3ch:t7,float32:3ch,t7,train,786432.0,3146151.0,0.8396380340370039,0.05032668317030186,0.8740453842030216,0.0344073501660177,0.04097878939640951
grayscale,3ch,M1_byte_prop_anchored,shared,grayscale:uint8:3ch:t0,uint8:3ch,t0,train,12288.0,12694.0,0.10857821364576618,0.0006328887226096547,0.003526573297681248,-0.10505164034808494,-0.9675204336186023
grayscale,3ch,M1_byte_prop_anchored,shared,grayscale:uint8:3ch:t1,uint8:3ch,t1,train,27648.0,28054.0,0.12582510554542145,0.003665383784986946,0.00779379921956434,-0.11803130632585711,-0.938058472625315
grayscale,3ch,M1_byte_prop_anchored,shared,grayscale:uint8:3ch:t2,uint8:3ch,t2,train,62208.0,62614.0,0.15769210178405046,0.02135581481259625,0.017395057543801294,-0.14029704424024916,-0.8896897349518319
grayscale,3ch,M1_byte_prop_anchored,shared,grayscale:uint8:3ch:t3,uint8:3ch,t3,train,110592.0,111009.0,0.1848268105338017,0.018960931874206853,0.030839875153796884,-0.15398693538000482,-0.8331417662582195
grayscale,3ch,M1_byte_prop_anchored,shared,grayscale:uint8:3ch:t4,uint8:3ch,t4,train,150528.0,150945.0,0.21112633713831505,0.010918924054026488,0.04193466255069292,-0.16919167458762213,-0.8013764501431184
grayscale,3ch,M1_byte_prop_anchored,shared,grayscale:uint8:3ch:t5,uint8:3ch,t5,train,248832.0,249254.0,0.3097569989040494,0.007345506141761784,0.06924629752168282,-0.24051070138236658,-0.7764496112543606
grayscale,3ch,M1_byte_prop_anchored,shared,grayscale:uint8:3ch:t6,uint8:3ch,t6,train,442368.0,442790.0,0.5448710460526248,0.01705174221124241,0.12301334413740979,-0.42185770191521504,-0.7742340228415645
grayscale,3ch,M1_byte_prop_anchored,shared,grayscale:uint8:3ch:t7,uint8:3ch,t7,train,786432.0,786854.0,0.9915999804312984,0.028378518866090545,0.21859920478759107,-0.7730007756437073,-0.779549002519634
grayscale,3ch,M5_repr_element_affine,float32:3ch,grayscale:float32:3ch:v0,float32:3ch,v0,validation,19200.0,77216.0,0.10185090281690161,0.002462939440953179,0.08557773645640154,-0.016273166360500066,-0.15977439483039735
grayscale,3ch,M5_repr_element_affine,float32:3ch,grayscale:float32:3ch:v1,float32:3ch,v1,validation,76800.0,307618.0,0.13254643262674412,0.002589067594849435,0.1411474098719646,0.008600977245220492,0.06489029598737807
grayscale,3ch,M5_repr_element_affine,float32:3ch,grayscale:float32:3ch:v2,float32:3ch,v2,validation,196608.0,786855.0,0.21534957690164447,0.017495970799780453,0.2567323305763358,0.04138275367469135,0.1921654747136647
grayscale,3ch,M5_repr_element_affine,float32:3ch,grayscale:float32:3ch:v3,float32:3ch,v3,validation,602112.0,2408871.0,0.5965186888352036,0.015483080603876289,0.6479428314218999,0.05142414258669625,0.08620709384161955
grayscale,3ch,M5_repr_element_affine,float32:3ch,grayscale:float32:3ch:t0,float32:3ch,t0,train,12288.0,49559.0,0.10564518704389532,0.008569931554386892,0.07890937564653397,-0.02673581139736135,-0.2530717408475285
grayscale,3ch,M5_repr_element_affine,float32:3ch,grayscale:float32:3ch:t1,float32:3ch,t1,train,27648.0,111008.0,0.11506006742517154,0.004892351421978225,0.09372795522401746,-0.02133211220115408,-0.1853997888105468
grayscale,3ch,M5_repr_element_affine,float32:3ch,grayscale:float32:3ch:t2,float32:3ch,t2,train,62208.0,249248.0,0.1361220865510404,0.011946426704501268,0.1270697592733553,-0.009052327277685124,-0.066501531875144
grayscale,3ch,M5_repr_element_affine,float32:3ch,grayscale:float32:3ch:t3,float32:3ch,t3,train,110592.0,442786.0,0.15756132003540793,0.014621930432682693,0.17374828494242828,0.016186964907020346,0.10273438241938271
grayscale,3ch,M5_repr_element_affine,float32:3ch,grayscale:float32:3ch:t4,float32:3ch,t4,train,150528.0,602530.0,0.16739138246824345,0.004575378286812917,0.21227659184388536,0.044885209375641916,0.2681452815180452
grayscale,3ch,M5_repr_element_affine,float32:3ch,grayscale:float32:3ch:t5,float32:3ch,t5,train,248832.0,995751.0,0.30430446301276487,0.021394750961750877,0.3071155011397797,0.002811038127014831,0.009237584290365516
grayscale,3ch,M5_repr_element_affine,float32:3ch,grayscale:float32:3ch:t6,float32:3ch,t6,train,442368.0,1769895.0,0.4867203176642458,0.015451586108937421,0.49382960381607166,0.007109286151825878,0.014606511981959372
grayscale,3ch,M5_repr_element_affine,float32:3ch,grayscale:float32:3ch:t7,float32:3ch,t7,train,786432.0,3146151.0,0.8396380340370039,0.05032668317030186,0.8257657863517017,-0.013872247685302153,-0.016521699974218634
grayscale,3ch,M5_repr_element_affine,uint8:3ch,grayscale:uint8:3ch:v0,uint8:3ch,v0,validation,19200.0,19606.0,0.11518327596907814,0.0035320537427256933,0.08989176102502505,-0.025291514944053087,-0.2195762772960442
grayscale,3ch,M5_repr_element_affine,uint8:3ch,grayscale:uint8:3ch:v1,uint8:3ch,v1,validation,76800.0,77217.0,0.15506838293125233,0.008355782144278371,0.15526986204352053,0.00020147911226819915,0.001299292018525288
grayscale,3ch,M5_repr_element_affine,uint8:3ch,grayscale:uint8:3ch:v2,uint8:3ch,v2,validation,196608.0,197030.0,0.27641122229397297,0.01837313844123047,0.29125631216199116,0.01484508986801819,0.05370653819630348
grayscale,3ch,M5_repr_element_affine,uint8:3ch,grayscale:uint8:3ch:v3,uint8:3ch,v3,validation,602112.0,602534.0,0.7631463215996822,0.013743520245462775,0.7515181433321992,-0.01162817826748297,-0.015237154315450757
grayscale,3ch,M5_repr_element_affine,uint8:3ch,grayscale:uint8:3ch:t0,uint8:3ch,t0,train,12288.0,12694.0,0.10857821364576618,0.0006328887226096547,0.08204638890280559,-0.02653182474296059,-0.2443567991413087
grayscale,3ch,M5_repr_element_affine,uint8:3ch,grayscale:uint8:3ch:t1,uint8:3ch,t1,train,27648.0,28054.0,0.12582510554542145,0.003665383784986946,0.09948054917440438,-0.02634455637101707,-0.2093744031194711
grayscale,3ch,M5_repr_element_affine,uint8:3ch,grayscale:uint8:3ch:t2,uint8:3ch,t2,train,62208.0,62614.0,0.15769210178405046,0.02135581481259625,0.13870740978550167,-0.018984691998548797,-0.12039088694846083
grayscale,3ch,M5_repr_element_affine,uint8:3ch,grayscale:uint8:3ch:t3,uint8:3ch,t3,train,110592.0,111009.0,0.1848268105338017,0.018960931874206853,0.19362501464103787,0.008798204107236168,0.04760242348945975
grayscale,3ch,M5_repr_element_affine,uint8:3ch,grayscale:uint8:3ch:t4,uint8:3ch,t4,train,150528.0,150945.0,0.21112633713831505,0.010918924054026488,0.23895383134719472,0.02782749420887967,0.1318049400471011
grayscale,3ch,M5_repr_element_affine,uint8:3ch,grayscale:uint8:3ch:t5,uint8:3ch,t5,train,248832.0,249254.0,0.3097569989040494,0.007345506141761784,0.3505324570854271,0.04077545818137768,0.13163692289648093
grayscale,3ch,M5_repr_element_affine,uint8:3ch,grayscale:uint8:3ch:t6,uint8:3ch,t6,train,442368.0,442790.0,0.5448710460526248,0.01705174221124241,0.5702028765075718,0.025331830454947024,0.046491423316518864
grayscale,3ch,M5_repr_element_affine,uint8:3ch,grayscale:uint8:3ch:t7,uint8:3ch,t7,train,786432.0,786854.0,0.9915999804312984,0.028378518866090545,0.9607280665913849,-0.0308719138399135,-0.031133435305722476
flip,all,M2_byte_affine,shared,flip:float32:3ch:v0,float32:3ch,v0,validation,19200.0,77216.0,0.05473555065691471,0.002212117405571379,0.05248620662729083,-0.00224934402962388,-0.04109475473669546
flip,all,M2_byte_affine,shared,flip:float32:3ch:v1,float32:3ch,v1,validation,76800.0,307618.0,0.06642836689328153,0.008710521812716613,0.06871134354926717,0.002282976655985633,0.03436749633862412
flip,all,M2_byte_affine,shared,flip:float32:3ch:v2,float32:3ch,v2,validation,196608.0,786855.0,0.08053883444517851,0.004384765547060833,0.10245968750060949,0.021920853055430983,0.2721774310050657
flip,all,M2_byte_affine,shared,flip:float32:3ch:v3,float32:3ch,v3,validation,602112.0,2408871.0,0.21744758977244297,0.007247933807891709,0.21668365990378474,-0.0007639298686582252,-0.003513167791179802
flip,all,M2_byte_affine,shared,flip:float32:1ch:v0,float32:1ch,v0,validation,6400.0,26006.0,0.05711931890497605,0.009629589942612286,0.04887994773294786,-0.008239371172028186,-0.14424841419652148
flip,all,M2_byte_affine,shared,flip:float32:1ch:v1,float32:1ch,v1,validation,25600.0,102815.0,0.05584685985619823,0.009644109593512891,0.05428891354852273,-0.0015579463076755007,-0.02789675752024561
flip,all,M2_byte_affine,shared,flip:float32:1ch:v2,float32:1ch,v2,validation,65536.0,262564.0,0.06115830813844999,0.0014423902476564613,0.0655385962689366,0.004380288130486611,0.07162212729250993
flip,all,M2_byte_affine,shared,flip:float32:1ch:v3,float32:1ch,v3,validation,200704.0,803236.0,0.08413352770730853,0.005152623130455152,0.10361325373666168,0.019479726029353148,0.23153345117205845
flip,all,M2_byte_affine,shared,flip:uint8:3ch:v0,uint8:3ch,v0,validation,19200.0,19606.0,0.05165725170324246,0.008519342118599983,0.0484292533973924,-0.0032279983058500564,-0.06248877358776404
flip,all,M2_byte_affine,shared,flip:uint8:3ch:v1,uint8:3ch,v1,validation,76800.0,77217.0,0.05919593386352062,0.00258115561364921,0.05248627704828076,-0.006709656815239863,-0.11334658273504619
flip,all,M2_byte_affine,shared,flip:uint8:3ch:v2,uint8:3ch,v2,validation,196608.0,197030.0,0.05973581845561663,0.006790235778120782,0.060923627114828585,0.0011878086592119544,0.019884362346093733
flip,all,M2_byte_affine,shared,flip:uint8:3ch:v3,uint8:3ch,v3,validation,602112.0,602534.0,0.0753945461474359,0.0056952451001949225,0.08947962021562239,0.014085074068186487,0.18681820884819408
flip,all,M2_byte_affine,shared,flip:float32:3ch:t0,float32:3ch,t0,train,12288.0,49559.0,0.0625793884197871,0.004340101892442544,0.05053857330878188,-0.012040815111005215,-0.19240864148806555
flip,all,M2_byte_affine,shared,flip:float32:3ch:t1,float32:3ch,t1,train,27648.0,111008.0,0.05611162167042494,0.010270325719812321,0.05486587271902364,-0.001245748951401296,-0.022201264449605095
flip,all,M2_byte_affine,shared,flip:float32:3ch:t2,float32:3ch,t2,train,62208.0,249248.0,0.06951229336361091,0.0038115550135201285,0.06460087036702153,-0.004911422996589379,-0.07065545904086754
flip,all,M2_byte_affine,shared,flip:float32:3ch:t3,float32:3ch,t3,train,110592.0,442786.0,0.07433308754116297,0.006165741106556363,0.07823000791619844,0.003896920375035473,0.052425111130726273
flip,all,M2_byte_affine,shared,flip:float32:3ch:t4,float32:3ch,t4,train,150528.0,602530.0,0.07433396376048525,0.0023247314315022216,0.08947933853166266,0.015145374771177417,0.2037477083823755
flip,all,M2_byte_affine,shared,flip:float32:3ch:t5,float32:3ch,t5,train,248832.0,995751.0,0.11657052440568805,0.0032934199197008586,0.11717035061313964,0.0005998262074515953,0.005145607867080393
flip,all,M2_byte_affine,shared,flip:float32:3ch:t6,float32:3ch,t6,train,442368.0,1769895.0,0.1695980931011339,0.008464486448896708,0.1716863374419278,0.002088244340793882,0.012312899883541912
flip,all,M2_byte_affine,shared,flip:float32:3ch:t7,float32:3ch,t7,train,786432.0,3146151.0,0.27927534965177375,0.0040724922165824625,0.26860364735977343,-0.010671702292000318,-0.03821211684205849
flip,all,M2_byte_affine,shared,flip:float32:1ch:t0,float32:1ch,t0,train,4096.0,16790.0,0.052530396884928145,0.008111700662471771,0.048230947889748,-0.004299448995180144,-0.08184687819127687
flip,all,M2_byte_affine,shared,flip:float32:1ch:t1,float32:1ch,t1,train,9216.0,37270.0,0.05313481126601497,0.00743409794693125,0.04967316976352547,-0.003461641502489503,-0.06514827887802377
flip,all,M2_byte_affine,shared,flip:float32:1ch:t2,float32:1ch,t2,train,20736.0,83359.0,0.05694358920057615,0.0034956939501180123,0.05291880276843414,-0.004024786432142012,-0.07068023790992946
flip,all,M2_byte_affine,shared,flip:float32:1ch:t3,float32:1ch,t3,train,36864.0,147871.0,0.06043720059096813,0.00560238667711161,0.05746180167083315,-0.0029753989201349793,-0.04923124981039624
flip,all,M2_byte_affine,shared,flip:float32:1ch:t4,float32:1ch,t4,train,50176.0,201119.0,0.05926343612372875,0.0004993461294656319,0.06121157854265456,0.0019481424189258106,0.03287258630867314
flip,all,M2_byte_affine,shared,flip:float32:1ch:t5,float32:1ch,t5,train,82944.0,332196.0,0.0629301113076508,0.003982487722869477,0.07044215063977999,0.007512039332129183,0.11937114325770942
flip,all,M2_byte_affine,shared,flip:float32:1ch:t6,float32:1ch,t6,train,147456.0,590244.0,0.07644206440697114,0.008167729225096319,0.08861414624937605,0.012172081842404911,0.15923277238565625
flip,all,M2_byte_affine,shared,flip:float32:1ch:t7,float32:1ch,t7,train,262144.0,1048996.0,0.1254296605475247,0.0032731931435109984,0.12091991622199126,-0.00450974432553343,-0.0359543692125732
flip,all,M2_byte_affine,shared,flip:uint8:3ch:t0,uint8:3ch,t0,train,12288.0,12694.0,0.050747012719511986,0.002705753533001747,0.04794250351499251,-0.0028045092045194744,-0.05526451813076189
flip,all,M2_byte_affine,shared,flip:uint8:3ch:t1,uint8:3ch,t1,train,27648.0,28054.0,0.0531687851374348,0.00248608357529937,0.04902416992032561,-0.004144615217109196,-0.07795203908450932
flip,all,M2_byte_affine,shared,flip:uint8:3ch:t2,uint8:3ch,t2,train,62208.0,62614.0,0.061035536540051304,0.005435895607484682,0.05145791933232508,-0.009577617207726222,-0.15691870262238825
flip,all,M2_byte_affine,shared,flip:uint8:3ch:t3,uint8:3ch,t3,train,110592.0,111009.0,0.055999443866312504,0.006032443472422505,0.05486594314001358,-0.0011335007262989263,-0.020241285413564698
flip,all,M2_byte_affine,shared,flip:uint8:3ch:t4,uint8:3ch,t4,train,150528.0,150945.0,0.05955992188925544,0.0049477364536163575,0.05767827579387963,-0.0018816460953758121,-0.03159248762741006
flip,all,M2_byte_affine,shared,flip:uint8:3ch:t5,uint8:3ch,t5,train,248832.0,249254.0,0.06771777523681521,0.00867821226124482,0.06460129289296111,-0.0031164823438541017,-0.046021629224461076
flip,all,M2_byte_affine,shared,flip:uint8:3ch:t6,uint8:3ch,t6,train,442368.0,442790.0,0.06769450459008415,0.003913910739592923,0.07823028960015815,0.010535785010074003,0.1556372274806082
flip,all,M2_byte_affine,shared,flip:uint8:3ch:t7,uint8:3ch,t7,train,786432.0,786854.0,0.08555895105625193,0.008315036062580357,0.10245961707961956,0.016900666023367636,0.19753241261987955
flip,all,M3_element_prop,shared,flip:float32:3ch:v0,float32:3ch,v0,validation,19200.0,77216.0,0.05473555065691471,0.002212117405571379,0.005375938980705064,-0.04935961167620965,-0.9017834128608346
flip,all,M3_element_prop,shared,flip:float32:3ch:v1,float32:3ch,v1,validation,76800.0,307618.0,0.06642836689328153,0.008710521812716613,0.021503755922820257,-0.04492461097046128,-0.6762865485257757
flip,all,M3_element_prop,shared,flip:float32:3ch:v2,float32:3ch,v2,validation,196608.0,786855.0,0.08053883444517851,0.004384765547060833,0.05504961516241986,-0.02548921928275865,-0.3164835878039525
flip,all,M3_element_prop,shared,flip:float32:3ch:v3,float32:3ch,v3,validation,602112.0,2408871.0,0.21744758977244297,0.007247933807891709,0.1685894464349108,-0.04885814333753216,-0.2246892843864666
flip,all,M3_element_prop,shared,flip:float32:1ch:v0,float32:1ch,v0,validation,6400.0,26006.0,0.05711931890497605,0.009629589942612286,0.0017919796602350214,-0.05532733924474103,-0.9686274329843435
flip,all,M3_element_prop,shared,flip:float32:1ch:v1,float32:1ch,v1,validation,25600.0,102815.0,0.05584685985619823,0.009644109593512891,0.007167918640940085,-0.04867894121525814,-0.8716504623644556
flip,all,M3_element_prop,shared,flip:float32:1ch:v2,float32:1ch,v2,validation,65536.0,262564.0,0.06115830813844999,0.0014423902476564613,0.01834987172080662,-0.04280843641764337,-0.6999610963850368
flip,all,M3_element_prop,shared,flip:float32:1ch:v3,float32:1ch,v3,validation,200704.0,803236.0,0.08413352770730853,0.005152623130455152,0.05619648214497027,-0.02793704556233826,-0.33205603430214203
flip,all,M3_element_prop,shared,flip:uint8:3ch:v0,uint8:3ch,v0,validation,19200.0,19606.0,0.05165725170324246,0.008519342118599983,0.005375938980705064,-0.046281312722537396,-0.8959306040594563
flip,all,M3_element_prop,shared,flip:uint8:3ch:v1,uint8:3ch,v1,validation,76800.0,77217.0,0.05919593386352062,0.00258115561364921,0.021503755922820257,-0.037692177940700365,-0.6367359289846105
flip,all,M3_element_prop,shared,flip:uint8:3ch:v2,uint8:3ch,v2,validation,196608.0,197030.0,0.05973581845561663,0.006790235778120782,0.05504961516241986,-0.004686203293196772,-0.07844880030694808
flip,all,M3_element_prop,shared,flip:uint8:3ch:v3,uint8:3ch,v3,validation,602112.0,602534.0,0.0753945461474359,0.0056952451001949225,0.1685894464349108,0.0931949002874749,1.2360960447355167
flip,all,M3_element_prop,shared,flip:float32:3ch:t0,float32:3ch,t0,train,12288.0,49559.0,0.0625793884197871,0.004340101892442544,0.003440600947651241,-0.05913878747213585,-0.9450202209620292
flip,all,M3_element_prop,shared,flip:float32:3ch:t1,float32:3ch,t1,train,27648.0,111008.0,0.05611162167042494,0.010270325719812321,0.0077413521322152925,-0.048370269538209644,-0.8620365638746889
flip,all,M3_element_prop,shared,flip:float32:3ch:t2,float32:3ch,t2,train,62208.0,249248.0,0.06951229336361091,0.0038115550135201285,0.017418042297484407,-0.0520942510661265,-0.7494250088056712
flip,all,M3_element_prop,shared,flip:float32:3ch:t3,float32:3ch,t3,train,110592.0,442786.0,0.07433308754116297,0.006165741106556363,0.03096540852886117,-0.0433676790123018,-0.5834236199093217
flip,all,M3_element_prop,shared,flip:float32:3ch:t4,float32:3ch,t4,train,150528.0,602530.0,0.07433396376048525,0.0023247314315022216,0.0421473616087277,-0.032186602151757546,-0.43299994408299575
flip,all,M3_element_prop,shared,flip:float32:3ch:t5,float32:3ch,t5,train,248832.0,995751.0,0.11657052440568805,0.0032934199197008586,0.06967216918993763,-0.04689835521575042,-0.4023174422080752
flip,all,M3_element_prop,shared,flip:float32:3ch:t6,float32:3ch,t6,train,442368.0,1769895.0,0.1695980931011339,0.008464486448896708,0.12386163411544468,-0.04573645898568923,-0.269675549703356
flip,all,M3_element_prop,shared,flip:float32:3ch:t7,float32:3ch,t7,train,786432.0,3146151.0,0.27927534965177375,0.0040724922165824625,0.22019846064967943,-0.05907688900209432,-0.21153635319320818
flip,all,M3_element_prop,shared,flip:float32:1ch:t0,float32:1ch,t0,train,4096.0,16790.0,0.052530396884928145,0.008111700662471771,0.0011468669825504137,-0.05138352990237773,-0.9781675553477597
flip,all,M3_element_prop,shared,flip:float32:1ch:t1,float32:1ch,t1,train,9216.0,37270.0,0.05313481126601497,0.00743409794693125,0.002580450710738431,-0.05055436055527654,-0.951435779120027
flip,all,M3_element_prop,shared,flip:float32:1ch:t2,float32:1ch,t2,train,20736.0,83359.0,0.05694358920057615,0.0034956939501180123,0.00580601409916147,-0.05113757510141468,-0.8980391966739124
flip,all,M3_element_prop,shared,flip:float32:1ch:t3,float32:1ch,t3,train,36864.0,147871.0,0.06043720059096813,0.00560238667711161,0.010321802842953724,-0.050115397748014406,-0.8292144119511677
flip,all,M3_element_prop,shared,flip:float32:1ch:t4,float32:1ch,t4,train,50176.0,201119.0,0.05926343612372875,0.0004993461294656319,0.014049120536242568,-0.04521431558748618,-0.7629378001823728
flip,all,M3_element_prop,shared,flip:float32:1ch:t5,float32:1ch,t5,train,82944.0,332196.0,0.0629301113076508,0.003982487722869477,0.02322405639664588,-0.03970605491100493,-0.6309547859671053
flip,all,M3_element_prop,shared,flip:float32:1ch:t6,float32:1ch,t6,train,147456.0,590244.0,0.07644206440697114,0.008167729225096319,0.041287211371814896,-0.035154853035156246,-0.45988884925967927
flip,all,M3_element_prop,shared,flip:float32:1ch:t7,float32:1ch,t7,train,262144.0,1048996.0,0.1254296605475247,0.0032731931435109984,0.07339948688322648,-0.05203017366429821,-0.4148155503026673
flip,all,M3_element_prop,shared,flip:uint8:3ch:t0,uint8:3ch,t0,train,12288.0,12694.0,0.050747012719511986,0.002705753533001747,0.003440600947651241,-0.04730641177186074,-0.9322009166003904
flip,all,M3_element_prop,shared,flip:uint8:3ch:t1,uint8:3ch,t1,train,27648.0,28054.0,0.0531687851374348,0.00248608357529937,0.0077413521322152925,-0.04542743300521951,-0.8544004322798641
flip,all,M3_element_prop,shared,flip:uint8:3ch:t2,uint8:3ch,t2,train,62208.0,62614.0,0.061035536540051304,0.005435895607484682,0.017418042297484407,-0.0436174942425669,-0.7146245730787547
flip,all,M3_element_prop,shared,flip:uint8:3ch:t3,uint8:3ch,t3,train,110592.0,111009.0,0.055999443866312504,0.006032443472422505,0.03096540852886117,-0.025034035337451334,-0.44704078485520493
flip,all,M3_element_prop,shared,flip:uint8:3ch:t4,uint8:3ch,t4,train,150528.0,150945.0,0.05955992188925544,0.0049477364536163575,0.0421473616087277,-0.01741256028052774,-0.29235364534064223
flip,all,M3_element_prop,shared,flip:uint8:3ch:t5,uint8:3ch,t5,train,248832.0,249254.0,0.06771777523681521,0.00867821226124482,0.06967216918993763,0.001954393953122413,0.028860870669299453
flip,all,M3_element_prop,shared,flip:uint8:3ch:t6,uint8:3ch,t6,train,442368.0,442790.0,0.06769450459008415,0.003913910739592923,0.12386163411544468,0.05616712952536053,0.8297147584648674
flip,all,M3_element_prop,shared,flip:uint8:3ch:t7,uint8:3ch,t7,train,786432.0,786854.0,0.08555895105625193,0.008315036062580357,0.22019846064967943,0.13463950959342752,1.5736460993415744
flip,all,M4_element_affine,shared,flip:float32:3ch:v0,float32:3ch,v0,validation,19200.0,77216.0,0.05473555065691471,0.002212117405571379,0.05492450939608029,0.00018895873916557893,0.0034522122623737205
flip,all,M4_element_affine,shared,flip:float32:3ch:v1,float32:3ch,v1,validation,76800.0,307618.0,0.06642836689328153,0.008710521812716613,0.0644286045959434,-0.0019997622973381285,-0.030104041253201146
flip,all,M4_element_affine,shared,flip:float32:3ch:v2,float32:3ch,v2,validation,196608.0,786855.0,0.08053883444517851,0.004384765547060833,0.08419712261165868,0.0036582881664801725,0.04542266090242851
flip,all,M4_element_affine,shared,flip:float32:3ch:v3,float32:3ch,v3,validation,602112.0,2408871.0,0.21744758977244297,0.007247933807891709,0.151105952818695,-0.06634163695374798,-0.3050925375773258
flip,all,M4_element_affine,shared,flip:float32:1ch:v0,float32:1ch,v0,validation,6400.0,26006.0,0.05711931890497605,0.009629589942612286,0.05281248824055516,-0.004306830664420891,-0.07540059557757951
flip,all,M4_element_affine,shared,flip:float32:1ch:v1,float32:1ch,v1,validation,25600.0,102815.0,0.05584685985619823,0.009644109593512891,0.05598051997384286,0.00013366011764463087,0.0023933327314874346
flip,all,M4_element_affine,shared,flip:float32:1ch:v2,float32:1ch,v2,validation,65536.0,262564.0,0.06115830813844999,0.0014423902476564613,0.06257002597908129,0.0014117178406313005,0.02308301003741729
flip,all,M4_element_affine,shared,flip:float32:1ch:v3,float32:1ch,v3,validation,200704.0,803236.0,0.08413352770730853,0.005152623130455152,0.08487296938142672,0.0007394416741181853,0.008788906090929922
flip,all,M4_element_affine,shared,flip:uint8:3ch:v0,uint8:3ch,v0,validation,19200.0,19606.0,0.05165725170324246,0.008519342118599983,0.05492450939608029,0.0032672576928378314,0.06324877118138962
flip,all,M4_element_affine,shared,flip:uint8:3ch:v1,uint8:3ch,v1,validation,76800.0,77217.0,0.05919593386352062,0.00258115561364921,0.0644286045959434,0.005232670732422784,0.08839577975891022
flip,all,M4_element_affine,shared,flip:uint8:3ch:v2,uint8:3ch,v2,validation,196608.0,197030.0,0.05973581845561663,0.006790235778120782,0.08419712261165868,0.02446130415604205,0.40949140379179133
flip,all,M4_element_affine,shared,flip:uint8:3ch:v3,uint8:3ch,v3,validation,602112.0,602534.0,0.0753945461474359,0.0056952451001949225,0.151105952818695,0.07571140667125908,1.0042026982058299
flip,all,M4_element_affine,shared,flip:float32:3ch:t0,float32:3ch,t0,train,12288.0,49559.0,0.0625793884197871,0.004340101892442544,0.05378401797209672,-0.008795370447690375,-0.1405474017849198
flip,all,M4_element_affine,shared,flip:float32:3ch:t1,float32:3ch,t1,train,27648.0,111008.0,0.05611162167042494,0.010270325719812321,0.05631844335872688,0.00020682168830193914,0.0036858975403833284
flip,all,M4_element_affine,shared,flip:float32:3ch:t2,float32:3ch,t2,train,62208.0,249248.0,0.06951229336361091,0.0038115550135201285,0.062020900478644746,-0.007491392884966162,-0.10777076287469811
flip,all,M4_element_affine,shared,flip:float32:3ch:t3,float32:3ch,t3,train,110592.0,442786.0,0.07433308754116297,0.006165741106556363,0.07000434044652976,-0.004328747094633212,-0.05823445840637399
flip,all,M4_element_affine,shared,flip:float32:3ch:t4,float32:3ch,t4,train,150528.0,602530.0,0.07433396376048525,0.0023247314315022216,0.07659384645176819,0.0022598826912829384,0.030401751460000254
flip,all,M4_element_affine,shared,flip:float32:3ch:t5,float32:3ch,t5,train,248832.0,995751.0,0.11657052440568805,0.0032934199197008586,0.09281416892620123,-0.023756355479486818,-0.203793845833704
flip,all,M4_element_affine,shared,flip:float32:3ch:t6,float32:3ch,t6,train,442368.0,1769895.0,0.1695980931011339,0.008464486448896708,0.1247479287977413,-0.044850164303392615,-0.2644496968291252
flip,all,M4_element_affine,shared,flip:float32:3ch:t7,float32:3ch,t7,train,786432.0,3146151.0,0.27927534965177375,0.0040724922165824625,0.18151905745825694,-0.09775629219351681,-0.35003551983878406
flip,all,M4_element_affine,shared,flip:float32:1ch:t0,float32:1ch,t0,train,4096.0,16790.0,0.052530396884928145,0.008111700662471771,0.05243232443256063,-9.80724523675161e-05,-0.001866965760459631
flip,all,M4_element_affine,shared,flip:float32:1ch:t1,float32:1ch,t1,train,9216.0,37270.0,0.05313481126601497,0.00743409794693125,0.053277132894770686,0.00014232162875571497,0.0026785006921958127
flip,all,M4_element_affine,shared,flip:float32:1ch:t2,float32:1ch,t2,train,20736.0,83359.0,0.05694358920057615,0.0034956939501180123,0.055177951934743306,-0.0017656372658328423,-0.03100677864919301
flip,all,M4_element_affine,shared,flip:float32:1ch:t3,float32:1ch,t3,train,36864.0,147871.0,0.06043720059096813,0.00560238667711161,0.057839098590704976,-0.0025981020002631555,-0.04298845702412334
flip,all,M4_element_affine,shared,flip:float32:1ch:t4,float32:1ch,t4,train,50176.0,201119.0,0.05926343612372875,0.0004993461294656319,0.06003560059245112,0.0007721644687223653,0.013029357040827994
flip,all,M4_element_affine,shared,flip:float32:1ch:t5,float32:1ch,t5,train,82944.0,332196.0,0.0629301113076508,0.003982487722869477,0.06544237475059547,0.0025122634429446677,0.03992148417889794
flip,all,M4_element_affine,shared,flip:float32:1ch:t6,float32:1ch,t6,train,147456.0,590244.0,0.07644206440697114,0.008167729225096319,0.07608696137444215,-0.0003551030325289889,-0.004645387788566909
flip,all,M4_element_affine,shared,flip:float32:1ch:t7,float32:1ch,t7,train,262144.0,1048996.0,0.1254296605475247,0.0032731931435109984,0.09501067092794738,-0.030418989619577314,-0.24251831254898204
flip,all,M4_element_affine,shared,flip:uint8:3ch:t0,uint8:3ch,t0,train,12288.0,12694.0,0.050747012719511986,0.002705753533001747,0.05378401797209672,0.0030370052525847333,0.05984599072601212
flip,all,M4_element_affine,shared,flip:uint8:3ch:t1,uint8:3ch,t1,train,27648.0,28054.0,0.0531687851374348,0.00248608357529937,0.05631844335872688,0.0031496582212920746,0.05923886004072866
flip,all,M4_element_affine,shared,flip:uint8:3ch:t2,uint8:3ch,t2,train,62208.0,62614.0,0.061035536540051304,0.005435895607484682,0.062020900478644746,0.000985363938593442,0.01614410218130629
flip,all,M4_element_affine,shared,flip:uint8:3ch:t3,uint8:3ch,t3,train,110592.0,111009.0,0.055999443866312504,0.006032443472422505,0.07000434044652976,0.014004896580217252,0.2500899225651445
flip,all,M4_element_affine,shared,flip:uint8:3ch:t4,uint8:3ch,t4,train,150528.0,150945.0,0.05955992188925544,0.0049477364536163575,0.07659384645176819,0.017033924562512744,0.28599642212737103
flip,all,M4_element_affine,shared,flip:uint8:3ch:t5,uint8:3ch,t5,train,248832.0,249254.0,0.06771777523681521,0.00867821226124482,0.09281416892620123,0.025096393689386015,0.37060274944978105
flip,all,M4_element_affine,shared,flip:uint8:3ch:t6,uint8:3ch,t6,train,442368.0,442790.0,0.06769450459008415,0.003913910739592923,0.1247479287977413,0.05705342420765715,0.8428073231813605
flip,all,M4_element_affine,shared,flip:uint8:3ch:t7,uint8:3ch,t7,train,786432.0,786854.0,0.08555895105625193,0.008315036062580357,0.18151905745825694,0.09596010640200502,1.121567120883877
flip,all,M1_byte_prop_anchored,shared,flip:float32:3ch:v0,float32:3ch,v0,validation,19200.0,77216.0,0.05473555065691471,0.002212117405571379,0.009526117115711465,-0.04520943354120324,-0.825961061844035
flip,all,M1_byte_prop_anchored,shared,flip:float32:3ch:v1,float32:3ch,v1,validation,76800.0,307618.0,0.06642836689328153,0.008710521812716613,0.037950749778555344,-0.02847761711472619,-0.4286966313724984
flip,all,M1_byte_prop_anchored,shared,flip:float32:3ch:v2,float32:3ch,v2,validation,196608.0,786855.0,0.08053883444517851,0.004384765547060833,0.0970740893478443,0.01653525490266579,0.2053078495184962
flip,all,M1_byte_prop_anchored,shared,flip:float32:3ch:v3,float32:3ch,v3,validation,602112.0,2408871.0,0.21744758977244297,0.007247933807891709,0.29718176624845877,0.0797341764760158,0.3666822729994705
flip,all,M1_byte_prop_anchored,shared,flip:float32:1ch:v0,float32:1ch,v0,validation,6400.0,26006.0,0.05711931890497605,0.009629589942612286,0.003208353213209598,-0.05391096569176645,-0.9438306815501945
flip,all,M1_byte_prop_anchored,shared,flip:float32:1ch:v1,float32:1ch,v1,validation,25600.0,102815.0,0.05584685985619823,0.009644109593512891,0.012684258848578977,-0.043162601007619254,-0.7728742693637555
flip,all,M1_byte_prop_anchored,shared,flip:float32:1ch:v2,float32:1ch,v2,validation,65536.0,262564.0,0.06115830813844999,0.0014423902476564613,0.032392449937443855,-0.028765858201006134,-0.4703507843265722
flip,all,M1_byte_prop_anchored,shared,flip:float32:1ch:v3,float32:1ch,v3,validation,200704.0,803236.0,0.08413352770730853,0.005152623130455152,0.09909500890431536,0.014961481197006826,0.1778301897556965
flip,all,M1_byte_prop_anchored,shared,flip:uint8:3ch:v0,uint8:3ch,v0,validation,19200.0,19606.0,0.05165725170324246,0.008519342118599983,0.002418786937560078,-0.04923846476568238,-0.95317623648553
flip,all,M1_byte_prop_anchored,shared,flip:uint8:3ch:v1,uint8:3ch,v1,validation,76800.0,77217.0,0.05919593386352062,0.00258115561364921,0.009526240485442034,-0.04966969337807859,-0.8390727223358738
flip,all,M1_byte_prop_anchored,shared,flip:uint8:3ch:v2,uint8:3ch,v2,validation,196608.0,197030.0,0.05973581845561663,0.006790235778120782,0.02430753801425391,-0.03542828044136272,-0.5930826990792086
flip,all,M1_byte_prop_anchored,shared,flip:uint8:3ch:v3,uint8:3ch,v3,validation,602112.0,602534.0,0.0753945461474359,0.0056952451001949225,0.07433445723940753,-0.0010600889080283754,-0.014060551620741178
flip,all,M1_byte_prop_anchored,shared,flip:float32:3ch:t0,float32:3ch,t0,train,12288.0,49559.0,0.0625793884197871,0.004340101892442544,0.0061140804773304035,-0.05646530794245669,-0.9022988138471935
flip,all,M1_byte_prop_anchored,shared,flip:float32:3ch:t1,float32:3ch,t1,train,27648.0,111008.0,0.05611162167042494,0.010270325719812321,0.013695027051140934,-0.042416594619284,-0.7559324317593328
flip,all,M1_byte_prop_anchored,shared,flip:float32:3ch:t2,float32:3ch,t2,train,62208.0,249248.0,0.06951229336361091,0.0038115550135201285,0.030749658605170573,-0.038762634758440336,-0.5576371154333435
flip,all,M1_byte_prop_anchored,shared,flip:float32:3ch:t3,float32:3ch,t3,train,110592.0,442786.0,0.07433308754116297,0.006165741106556363,0.05462638952027322,-0.01970669802088975,-0.26511340605859934
flip,all,M1_byte_prop_anchored,shared,flip:float32:3ch:t4,float32:3ch,t4,train,150528.0,602530.0,0.07433396376048525,0.0023247314315022216,0.07433396376048525,0.0,0.0
flip,all,M1_byte_prop_anchored,shared,flip:float32:3ch:t5,float32:3ch,t5,train,248832.0,995751.0,0.11657052440568805,0.0032934199197008586,0.12284553258504465,0.006275008179356598,0.05383014455282324
flip,all,M1_byte_prop_anchored,shared,flip:float32:3ch:t6,float32:3ch,t6,train,442368.0,1769895.0,0.1695980931011339,0.008464486448896708,0.21835146928761065,0.04875337618647674,0.28746417660135104
flip,all,M1_byte_prop_anchored,shared,flip:float32:3ch:t7,float32:3ch,t7,train,786432.0,3146151.0,0.27927534965177375,0.0040724922165824625,0.3881398012032835,0.10886445155150976,0.389810456552116
flip,all,M1_byte_prop_anchored,shared,flip:float32:1ch:t0,float32:1ch,t0,train,4096.0,16790.0,0.052530396884928145,0.008111700662471771,0.002071377776274289,-0.05045901910865386,-0.9605680158706625
flip,all,M1_byte_prop_anchored,shared,flip:float32:1ch:t1,float32:1ch,t1,train,9216.0,37270.0,0.05313481126601497,0.00743409794693125,0.004597989858352755,-0.04853682140766222,-0.9134655840719316
flip,all,M1_byte_prop_anchored,shared,flip:float32:1ch:t2,float32:1ch,t2,train,20736.0,83359.0,0.05694358920057615,0.0034956939501180123,0.010283977370604436,-0.04665961182997171,-0.8194006118163626
flip,all,M1_byte_prop_anchored,shared,flip:float32:1ch:t3,float32:1ch,t3,train,36864.0,147871.0,0.06043720059096813,0.00560238667711161,0.0182428054291516,-0.04219439516181653,-0.6981527064329672
flip,all,M1_byte_prop_anchored,shared,flip:float32:1ch:t4,float32:1ch,t4,train,50176.0,201119.0,0.05926343612372875,0.0004993461294656319,0.02481199684255561,-0.03445143928117314,-0.5813270632712938
flip,all,M1_byte_prop_anchored,shared,flip:float32:1ch:t5,float32:1ch,t5,train,82944.0,332196.0,0.0629301113076508,0.003982487722869477,0.04098293101651065,-0.021947180291140157,-0.34875483032034466
flip,all,M1_byte_prop_anchored,shared,flip:float32:1ch:t6,float32:1ch,t6,train,147456.0,590244.0,0.07644206440697114,0.008167729225096319,0.07281824325069931,-0.003623821156271828,-0.04740611317060863
flip,all,M1_byte_prop_anchored,shared,flip:float32:1ch:t7,float32:1ch,t7,train,262144.0,1048996.0,0.1254296605475247,0.0032731931435109984,0.12941435388925696,0.003984693341732265,0.03176834988102741
flip,all,M1_byte_prop_anchored,shared,flip:uint8:3ch:t0,uint8:3ch,t0,train,12288.0,12694.0,0.050747012719511986,0.002705753533001747,0.0015660553598585958,-0.04918095735965339,-0.9691399498032629
flip,all,M1_byte_prop_anchored,shared,flip:uint8:3ch:t1,uint8:3ch,t1,train,27648.0,28054.0,0.0531687851374348,0.00248608357529937,0.0034610144214174453,-0.049707770716017355,-0.9349051438269438
flip,all,M1_byte_prop_anchored,shared,flip:uint8:3ch:t2,uint8:3ch,t2,train,62208.0,62614.0,0.061035536540051304,0.005435895607484682,0.007724672309924855,-0.053310864230126445,-0.8734397574295762
flip,all,M1_byte_prop_anchored,shared,flip:uint8:3ch:t3,uint8:3ch,t3,train,110592.0,111009.0,0.055999443866312504,0.006032443472422505,0.013695150420871502,-0.042304293445441,-0.7554413137822237
flip,all,M1_byte_prop_anchored,shared,flip:uint8:3ch:t4,uint8:3ch,t4,train,150528.0,150945.0,0.05955992188925544,0.0049477364536163575,0.01862204398092451,-0.040937877908330936,-0.6873393485043521
flip,all,M1_byte_prop_anchored,shared,flip:uint8:3ch:t5,uint8:3ch,t5,train,248832.0,249254.0,0.06771777523681521,0.00867821226124482,0.030750398823553998,-0.03696737641326121,-0.5459035871155385
flip,all,M1_byte_prop_anchored,shared,flip:uint8:3ch:t6,uint8:3ch,t6,train,442368.0,442790.0,0.06769450459008415,0.003913910739592923,0.0546268829991955,-0.013067621590888652,-0.1930381449722994
flip,all,M1_byte_prop_anchored,shared,flip:uint8:3ch:t7,uint8:3ch,t7,train,786432.0,786854.0,0.08555895105625193,0.008315036062580357,0.09707396597811373,0.0115150149218618,0.13458574210769708
flip,all,M5_repr_element_affine,float32:1ch,flip:float32:1ch:v0,float32:1ch,v0,validation,6400.0,26006.0,0.05711931890497605,0.009629589942612286,0.04975474182216866,-0.00736457708280739,-0.12893320900865665
flip,all,M5_repr_element_affine,float32:1ch,flip:float32:1ch:v1,float32:1ch,v1,validation,25600.0,102815.0,0.05584685985619823,0.009644109593512891,0.054843726884219644,-0.0010031329719785848,-0.01796220905815622
flip,all,M5_repr_element_affine,float32:1ch,flip:float32:1ch:v2,float32:1ch,v2,validation,65536.0,262564.0,0.06115830813844999,0.0014423902476564613,0.06542881581328569,0.004270507674835701,0.06982710615813863
flip,all,M5_repr_element_affine,float32:1ch,flip:float32:1ch:v3,float32:1ch,v3,validation,200704.0,803236.0,0.08413352770730853,0.005152623130455152,0.10125527065012462,0.017121742942816084,0.20350677559106736
flip,all,M5_repr_element_affine,float32:1ch,flip:float32:1ch:t0,float32:1ch,t0,train,4096.0,16790.0,0.052530396884928145,0.008111700662471771,0.04914406361472254,-0.003386333270205606,-0.0644642620466704
flip,all,M5_repr_element_affine,float32:1ch,flip:float32:1ch:t1,float32:1ch,t1,train,9216.0,37270.0,0.05313481126601497,0.00743409794693125,0.050501126297936134,-0.0026336849680788366,-0.04956609246043077
flip,all,M5_repr_element_affine,float32:1ch,flip:float32:1ch:t2,float32:1ch,t2,train,20736.0,83359.0,0.05694358920057615,0.0034956939501180123,0.053554517335166724,-0.003389071865409425,-0.05951630223855181
flip,all,M5_repr_element_affine,float32:1ch,flip:float32:1ch:t3,float32:1ch,t3,train,36864.0,147871.0,0.06043720059096813,0.00560238667711161,0.05782926478728956,-0.002607935803678574,-0.043151168124559186
flip,all,M5_repr_element_affine,float32:1ch,flip:float32:1ch:t4,float32:1ch,t4,train,50176.0,201119.0,0.05926343612372875,0.0004993461294656319,0.0613576277636449,0.00209419163991615,0.03533699321018018
flip,all,M5_repr_element_affine,float32:1ch,flip:float32:1ch:t5,float32:1ch,t5,train,82944.0,332196.0,0.0629301113076508,0.003982487722869477,0.07004282893621191,0.0071127176285611105,0.11302566419736132
flip,all,M5_repr_element_affine,float32:1ch,flip:float32:1ch:t6,float32:1ch,t6,train,147456.0,590244.0,0.07644206440697114,0.008167729225096319,0.08714181874470323,0.010699754337732084,0.13997207454743096
flip,all,M5_repr_element_affine,float32:1ch,flip:float32:1ch:t7,float32:1ch,t7,train,262144.0,1048996.0,0.1254296605475247,0.0032731931435109984,0.11754002284868777,-0.007889637698836924,-0.06290089333254296
flip,all,M5_repr_element_affine,float32:3ch,flip:float32:3ch:v0,float32:3ch,v0,validation,19200.0,77216.0,0.05473555065691471,0.002212117405571379,0.05189837536572071,-0.0028371752911940037,-0.05183423309244784
flip,all,M5_repr_element_affine,float32:3ch,flip:float32:3ch:v1,float32:3ch,v1,validation,76800.0,307618.0,0.06642836689328153,0.008710521812716613,0.06852766481684615,0.0020992979235646136,0.03160243163793529
flip,all,M5_repr_element_affine,float32:3ch,flip:float32:3ch:v2,float32:3ch,v2,validation,196608.0,786855.0,0.08053883444517851,0.004384765547060833,0.10311658687518707,0.022577752430008563,0.28033373695489566
flip,all,M5_repr_element_affine,float32:3ch,flip:float32:3ch:v3,float32:3ch,v3,validation,602112.0,2408871.0,0.21744758977244297,0.007247933807891709,0.2201867846111102,0.0027391948386672194,0.012597034722407193
flip,all,M5_repr_element_affine,float32:3ch,flip:float32:3ch:t0,float32:3ch,t0,train,12288.0,49559.0,0.0625793884197871,0.004340101892442544,0.04990286063158565,-0.012676527788201442,-0.2025671408478199
flip,all,M5_repr_element_affine,float32:3ch,flip:float32:3ch:t1,float32:3ch,t1,train,27648.0,111008.0,0.05611162167042494,0.010270325719812321,0.05433733781855244,-0.0017742838518724977,-0.0316206126120158
flip,all,M5_repr_element_affine,float32:3ch,flip:float32:3ch:t2,float32:3ch,t2,train,62208.0,249248.0,0.06951229336361091,0.0038115550135201285,0.0643149114892277,-0.005197381874383206,-0.07476924760914291
flip,all,M5_repr_element_affine,float32:3ch,flip:float32:3ch:t3,float32:3ch,t3,train,110592.0,442786.0,0.07433308754116297,0.006165741106556363,0.07828351462817308,0.003950427087010114,0.053144934748237255
flip,all,M5_repr_element_affine,float32:3ch,flip:float32:3ch:t4,float32:3ch,t4,train,150528.0,602530.0,0.07433396376048525,0.0023247314315022216,0.08981315531428671,0.015479191553801466,0.20823847903063067
flip,all,M5_repr_element_affine,float32:3ch,flip:float32:3ch:t5,float32:3ch,t5,train,248832.0,995751.0,0.11657052440568805,0.0032934199197008586,0.11819380931087414,0.0016232849051860954,0.013925346166726924
flip,all,M5_repr_element_affine,float32:3ch,flip:float32:3ch:t6,float32:3ch,t6,train,442368.0,1769895.0,0.1695980931011339,0.008464486448896708,0.17406822186665566,0.004470128765521747,0.02635718765337852
flip,all,M5_repr_element_affine,float32:3ch,flip:float32:3ch:t7,float32:3ch,t7,train,786432.0,3146151.0,0.27927534965177375,0.0040724922165824625,0.2734005108547116,-0.005874838797062132,-0.021036009101366885
flip,all,M5_repr_element_affine,uint8:3ch,flip:uint8:3ch:v0,uint8:3ch,v0,validation,19200.0,19606.0,0.05165725170324246,0.008519342118599983,0.05422786504040893,0.0025706133371664747,0.04976287457052464
flip,all,M5_repr_element_affine,uint8:3ch,flip:uint8:3ch:v1,uint8:3ch,v1,validation,76800.0,77217.0,0.05919593386352062,0.00258115561364921,0.05653757182394714,-0.002658362039573481,-0.044907848665796474
flip,all,M5_repr_element_affine,uint8:3ch,flip:uint8:3ch:v2,uint8:3ch,v2,validation,196608.0,197030.0,0.05973581845561663,0.006790235778120782,0.06134176193370661,0.001605943478089976,0.02688409600151679
flip,all,M5_repr_element_affine,uint8:3ch,flip:uint8:3ch:v3,uint8:3ch,v3,validation,602112.0,602534.0,0.0753945461474359,0.0056952451001949225,0.07760209768981557,0.002207551542379671,0.02927998980274713
flip,all,M5_repr_element_affine,uint8:3ch,flip:uint8:3ch:t0,uint8:3ch,t0,train,12288.0,12694.0,0.050747012719511986,0.002705753533001747,0.05395070022638435,0.003203687506872367,0.0631305634595623
flip,all,M5_repr_element_affine,uint8:3ch,flip:uint8:3ch:t1,uint8:3ch,t1,train,27648.0,28054.0,0.0531687851374348,0.00248608357529937,0.054566622035327875,0.001397836897893072,0.026290555525762618
flip,all,M5_repr_element_affine,uint8:3ch,flip:uint8:3ch:t2,uint8:3ch,t2,train,62208.0,62614.0,0.061035536540051304,0.005435895607484682,0.0559524461054508,-0.005083090434600507,-0.08328083478491256
flip,all,M5_repr_element_affine,uint8:3ch,flip:uint8:3ch:t3,uint8:3ch,t3,train,110592.0,111009.0,0.055999443866312504,0.006032443472422505,0.057892599803622886,0.0018931559373103826,0.033806691756259485
flip,all,M5_repr_element_affine,uint8:3ch,flip:uint8:3ch:t4,uint8:3ch,t4,train,150528.0,150945.0,0.05955992188925544,0.0049477364536163575,0.05949399650687604,-6.592538237940038e-05,-0.0011068748965450416
flip,all,M5_repr_element_affine,uint8:3ch,flip:uint8:3ch:t5,uint8:3ch,t5,train,248832.0,249254.0,0.06771777523681521,0.00867821226124482,0.06343589608411458,-0.004281879152700632,-0.06323124375729285
flip,all,M5_repr_element_affine,uint8:3ch,flip:uint8:3ch:t6,uint8:3ch,t6,train,442368.0,442790.0,0.06769450459008415,0.003913910739592923,0.07119651087680295,0.0035020062867188034,0.05173250484547862
flip,all,M5_repr_element_affine,uint8:3ch,flip:uint8:3ch:t7,uint8:3ch,t7,train,786432.0,786854.0,0.08555895105625193,0.008315036062580357,0.08499315939713782,-0.0005657916591141066,-0.006612886812299965
flip,1ch,M2_byte_affine,shared,flip:float32:1ch:v0,float32:1ch,v0,validation,6400.0,26006.0,0.05711931890497605,0.009629589942612286,0.04975442287513204,-0.007364896029844005,-0.1289387928819018
flip,1ch,M2_byte_affine,shared,flip:float32:1ch:v1,float32:1ch,v1,validation,25600.0,102815.0,0.05584685985619823,0.009644109593512891,0.05484393531990954,-0.0010029245362886893,-0.01795847678582377
flip,1ch,M2_byte_affine,shared,flip:float32:1ch:v2,float32:1ch,v2,validation,65536.0,262564.0,0.06115830813844999,0.0014423902476564613,0.06542921209139153,0.004270903952941545,0.06983358570471056
flip,1ch,M2_byte_affine,shared,flip:float32:1ch:v3,float32:1ch,v3,validation,200704.0,803236.0,0.08413352770730853,0.005152623130455152,0.10125518134685299,0.01712165363954446,0.20350571414417384
flip,1ch,M2_byte_affine,shared,flip:float32:1ch:t0,float32:1ch,t0,train,4096.0,16790.0,0.052530396884928145,0.008111700662471771,0.049143752944641225,-0.0033866439402869195,-0.06447017614783346
flip,1ch,M2_byte_affine,shared,flip:float32:1ch:t1,float32:1ch,t1,train,9216.0,37270.0,0.05313481126601497,0.00743409794693125,0.05050079723462082,-0.002634014031394148,-0.04957228544968718
flip,1ch,M2_byte_affine,shared,flip:float32:1ch:t2,float32:1ch,t2,train,20736.0,83359.0,0.05694358920057615,0.0034956939501180123,0.05355474324442892,-0.0033888459561472253,-0.059512334991924556
flip,1ch,M2_byte_affine,shared,flip:float32:1ch:t3,float32:1ch,t3,train,36864.0,147871.0,0.06043720059096813,0.00560238667711161,0.05782943275786466,-0.002607767833103472,-0.04314838886652839
flip,1ch,M2_byte_affine,shared,flip:float32:1ch:t4,float32:1ch,t4,train,50176.0,201119.0,0.05926343612372875,0.0004993461294656319,0.06135774791181162,0.0020943117880828713,0.035339020567596156
flip,1ch,M2_byte_affine,shared,flip:float32:1ch:t5,float32:1ch,t5,train,82944.0,332196.0,0.0629301113076508,0.003982487722869477,0.07004316267732218,0.007113051369671372,0.11303096755855561
flip,1ch,M2_byte_affine,shared,flip:float32:1ch:t6,float32:1ch,t6,train,147456.0,590244.0,0.07644206440697114,0.008167729225096319,0.08714192073106514,0.010699856324093995,0.13997340871288952
flip,1ch,M2_byte_affine,shared,flip:float32:1ch:t7,float32:1ch,t7,train,262144.0,1048996.0,0.1254296605475247,0.0032731931435109984,0.11753971282660819,-0.007889947720916501,-0.0629033650133099
flip,1ch,M3_element_prop,shared,flip:float32:1ch:v0,float32:1ch,v0,validation,6400.0,26006.0,0.05711931890497605,0.009629589942612286,0.0035512255660223226,-0.05356809333895372,-0.9378279427328229
flip,1ch,M3_element_prop,shared,flip:float32:1ch:v1,float32:1ch,v1,validation,25600.0,102815.0,0.05584685985619823,0.009644109593512891,0.01420490226408929,-0.04164195759210894,-0.7456454615234245
flip,1ch,M3_element_prop,shared,flip:float32:1ch:v2,float32:1ch,v2,validation,65536.0,262564.0,0.06115830813844999,0.0014423902476564613,0.03636454979606858,-0.024793758342381407,-0.4054029468286365
flip,1ch,M3_element_prop,shared,flip:float32:1ch:v3,float32:1ch,v3,validation,200704.0,803236.0,0.08413352770730853,0.005152623130455152,0.11136643375046003,0.027232906043151497,0.32368672496286904
flip,1ch,M3_element_prop,shared,flip:float32:1ch:t0,float32:1ch,t0,train,4096.0,16790.0,0.052530396884928145,0.008111700662471771,0.0022727843622542864,-0.050257612522673856,-0.9567339198439144
flip,1ch,M3_element_prop,shared,flip:float32:1ch:t1,float32:1ch,t1,train,9216.0,37270.0,0.05313481126601497,0.00743409794693125,0.005113764815072144,-0.04802104645094283,-0.9037586717026149
flip,1ch,M3_element_prop,shared,flip:float32:1ch:t2,float32:1ch,t2,train,20736.0,83359.0,0.05694358920057615,0.0034956939501180123,0.011505970833912325,-0.04543761836666382,-0.7979408921101884
flip,1ch,M3_element_prop,shared,flip:float32:1ch:t3,float32:1ch,t3,train,36864.0,147871.0,0.06043720059096813,0.00560238667711161,0.020455059260288577,-0.03998214133067955,-0.6615485320253991
flip,1ch,M3_element_prop,shared,flip:float32:1ch:t4,float32:1ch,t4,train,50176.0,201119.0,0.05926343612372875,0.0004993461294656319,0.027841608437615007,-0.03142182768611375,-0.5302059708537997
flip,1ch,M3_element_prop,shared,flip:float32:1ch:t5,float32:1ch,t5,train,82944.0,332196.0,0.0629301113076508,0.003982487722869477,0.0460238833356493,-0.016906227972001503,-0.268650851249108
flip,1ch,M3_element_prop,shared,flip:float32:1ch:t6,float32:1ch,t6,train,147456.0,590244.0,0.07644206440697114,0.008167729225096319,0.0818202370411543,0.005378172634183165,0.07035619296661358
flip,1ch,M3_element_prop,shared,flip:float32:1ch:t7,float32:1ch,t7,train,262144.0,1048996.0,0.1254296605475247,0.0032731931435109984,0.14545819918427433,0.020028538636749638,0.15967944543038065
flip,1ch,M4_element_affine,shared,flip:float32:1ch:v0,float32:1ch,v0,validation,6400.0,26006.0,0.05711931890497605,0.009629589942612286,0.04975474182216866,-0.00736457708280739,-0.12893320900865665
flip,1ch,M4_element_affine,shared,flip:float32:1ch:v1,float32:1ch,v1,validation,25600.0,102815.0,0.05584685985619823,0.009644109593512891,0.054843726884219644,-0.0010031329719785848,-0.01796220905815622
flip,1ch,M4_element_affine,shared,flip:float32:1ch:v2,float32:1ch,v2,validation,65536.0,262564.0,0.06115830813844999,0.0014423902476564613,0.06542881581328569,0.004270507674835701,0.06982710615813863
flip,1ch,M4_element_affine,shared,flip:float32:1ch:v3,float32:1ch,v3,validation,200704.0,803236.0,0.08413352770730853,0.005152623130455152,0.10125527065012462,0.017121742942816084,0.20350677559106736
flip,1ch,M4_element_affine,shared,flip:float32:1ch:t0,float32:1ch,t0,train,4096.0,16790.0,0.052530396884928145,0.008111700662471771,0.04914406361472254,-0.003386333270205606,-0.0644642620466704
flip,1ch,M4_element_affine,shared,flip:float32:1ch:t1,float32:1ch,t1,train,9216.0,37270.0,0.05313481126601497,0.00743409794693125,0.050501126297936134,-0.0026336849680788366,-0.04956609246043077
flip,1ch,M4_element_affine,shared,flip:float32:1ch:t2,float32:1ch,t2,train,20736.0,83359.0,0.05694358920057615,0.0034956939501180123,0.053554517335166724,-0.003389071865409425,-0.05951630223855181
flip,1ch,M4_element_affine,shared,flip:float32:1ch:t3,float32:1ch,t3,train,36864.0,147871.0,0.06043720059096813,0.00560238667711161,0.05782926478728956,-0.002607935803678574,-0.043151168124559186
flip,1ch,M4_element_affine,shared,flip:float32:1ch:t4,float32:1ch,t4,train,50176.0,201119.0,0.05926343612372875,0.0004993461294656319,0.0613576277636449,0.00209419163991615,0.03533699321018018
flip,1ch,M4_element_affine,shared,flip:float32:1ch:t5,float32:1ch,t5,train,82944.0,332196.0,0.0629301113076508,0.003982487722869477,0.07004282893621191,0.0071127176285611105,0.11302566419736132
flip,1ch,M4_element_affine,shared,flip:float32:1ch:t6,float32:1ch,t6,train,147456.0,590244.0,0.07644206440697114,0.008167729225096319,0.08714181874470323,0.010699754337732084,0.13997207454743096
flip,1ch,M4_element_affine,shared,flip:float32:1ch:t7,float32:1ch,t7,train,262144.0,1048996.0,0.1254296605475247,0.0032731931435109984,0.11754002284868777,-0.007889637698836924,-0.06290089333254296
flip,1ch,M1_byte_prop_anchored,shared,flip:float32:1ch:v0,float32:1ch,v0,validation,6400.0,26006.0,0.05711931890497605,0.009629589942612286,0.007663149278952709,-0.04945616962602334,-0.8658396243887089
flip,1ch,M1_byte_prop_anchored,shared,flip:float32:1ch:v1,float32:1ch,v1,validation,25600.0,102815.0,0.05584685985619823,0.009644109593512891,0.030296342886853907,-0.025550516969344322,-0.45751036020888414
flip,1ch,M1_byte_prop_anchored,shared,flip:float32:1ch:v2,float32:1ch,v2,validation,65536.0,262564.0,0.06115830813844999,0.0014423902476564613,0.07736934273932705,0.016211034600877063,0.2650667602540373
flip,1ch,M1_byte_prop_anchored,shared,flip:float32:1ch:v3,float32:1ch,v3,validation,200704.0,803236.0,0.08413352770730853,0.005152623130455152,0.23668835554213866,0.15255482783483013,1.8132465378790714
flip,1ch,M1_byte_prop_anchored,shared,flip:float32:1ch:t0,float32:1ch,t0,train,4096.0,16790.0,0.052530396884928145,0.008111700662471771,0.004947484287995693,-0.04758291259693245,-0.9058167350451676
flip,1ch,M1_byte_prop_anchored,shared,flip:float32:1ch:t1,float32:1ch,t1,train,9216.0,37270.0,0.05313481126601497,0.00743409794693125,0.010982295379011284,-0.04215251588700369,-0.7933126115000325
flip,1ch,M1_byte_prop_anchored,shared,flip:float32:1ch:t2,float32:1ch,t2,train,20736.0,83359.0,0.05694358920057615,0.0034956939501180123,0.0245632723503891,-0.03238031685018705,-0.5686384947765012
flip,1ch,M1_byte_prop_anchored,shared,flip:float32:1ch:t3,float32:1ch,t3,train,36864.0,147871.0,0.06043720059096813,0.00560238667711161,0.04357292728708822,-0.016864273303879913,-0.2790379623638648
flip,1ch,M1_byte_prop_anchored,shared,flip:float32:1ch:t4,float32:1ch,t4,train,50176.0,201119.0,0.05926343612372875,0.0004993461294656319,0.05926343612372875,0.0,0.0
flip,1ch,M1_byte_prop_anchored,shared,flip:float32:1ch:t5,float32:1ch,t5,train,82944.0,332196.0,0.0629301113076508,0.003982487722869477,0.09788770044878005,0.034957589141129244,0.5554986065451187
flip,1ch,M1_byte_prop_anchored,shared,flip:float32:1ch:t6,float32:1ch,t6,train,147456.0,590244.0,0.07644206440697114,0.008167729225096319,0.17392632019557652,0.09748425578860538,1.2752697947769618
flip,1ch,M1_byte_prop_anchored,shared,flip:float32:1ch:t7,float32:1ch,t7,train,262144.0,1048996.0,0.1254296605475247,0.0032731931435109984,0.30910608863432576,0.18367642808680107,1.4643779412701747
flip,1ch,M5_repr_element_affine,float32:1ch,flip:float32:1ch:v0,float32:1ch,v0,validation,6400.0,26006.0,0.05711931890497605,0.009629589942612286,0.04975474182216866,-0.00736457708280739,-0.12893320900865665
flip,1ch,M5_repr_element_affine,float32:1ch,flip:float32:1ch:v1,float32:1ch,v1,validation,25600.0,102815.0,0.05584685985619823,0.009644109593512891,0.054843726884219644,-0.0010031329719785848,-0.01796220905815622
flip,1ch,M5_repr_element_affine,float32:1ch,flip:float32:1ch:v2,float32:1ch,v2,validation,65536.0,262564.0,0.06115830813844999,0.0014423902476564613,0.06542881581328569,0.004270507674835701,0.06982710615813863
flip,1ch,M5_repr_element_affine,float32:1ch,flip:float32:1ch:v3,float32:1ch,v3,validation,200704.0,803236.0,0.08413352770730853,0.005152623130455152,0.10125527065012462,0.017121742942816084,0.20350677559106736
flip,1ch,M5_repr_element_affine,float32:1ch,flip:float32:1ch:t0,float32:1ch,t0,train,4096.0,16790.0,0.052530396884928145,0.008111700662471771,0.04914406361472254,-0.003386333270205606,-0.0644642620466704
flip,1ch,M5_repr_element_affine,float32:1ch,flip:float32:1ch:t1,float32:1ch,t1,train,9216.0,37270.0,0.05313481126601497,0.00743409794693125,0.050501126297936134,-0.0026336849680788366,-0.04956609246043077
flip,1ch,M5_repr_element_affine,float32:1ch,flip:float32:1ch:t2,float32:1ch,t2,train,20736.0,83359.0,0.05694358920057615,0.0034956939501180123,0.053554517335166724,-0.003389071865409425,-0.05951630223855181
flip,1ch,M5_repr_element_affine,float32:1ch,flip:float32:1ch:t3,float32:1ch,t3,train,36864.0,147871.0,0.06043720059096813,0.00560238667711161,0.05782926478728956,-0.002607935803678574,-0.043151168124559186
flip,1ch,M5_repr_element_affine,float32:1ch,flip:float32:1ch:t4,float32:1ch,t4,train,50176.0,201119.0,0.05926343612372875,0.0004993461294656319,0.0613576277636449,0.00209419163991615,0.03533699321018018
flip,1ch,M5_repr_element_affine,float32:1ch,flip:float32:1ch:t5,float32:1ch,t5,train,82944.0,332196.0,0.0629301113076508,0.003982487722869477,0.07004282893621191,0.0071127176285611105,0.11302566419736132
flip,1ch,M5_repr_element_affine,float32:1ch,flip:float32:1ch:t6,float32:1ch,t6,train,147456.0,590244.0,0.07644206440697114,0.008167729225096319,0.08714181874470323,0.010699754337732084,0.13997207454743096
flip,1ch,M5_repr_element_affine,float32:1ch,flip:float32:1ch:t7,float32:1ch,t7,train,262144.0,1048996.0,0.1254296605475247,0.0032731931435109984,0.11754002284868777,-0.007889637698836924,-0.06290089333254296
flip,3ch,M2_byte_affine,shared,flip:float32:3ch:v0,float32:3ch,v0,validation,19200.0,77216.0,0.05473555065691471,0.002212117405571379,0.05248796731757459,-0.002247583339340123,-0.04106258752064253
flip,3ch,M2_byte_affine,shared,flip:float32:3ch:v1,float32:3ch,v1,validation,76800.0,307618.0,0.06642836689328153,0.008710521812716613,0.06878050214626207,0.0023521352529805306,0.03540859670326205
flip,3ch,M2_byte_affine,shared,flip:float32:3ch:v2,float32:3ch,v2,validation,196608.0,786855.0,0.08053883444517851,0.004384765547060833,0.10266903398928295,0.022130199544104445,0.27477675455023026
flip,3ch,M2_byte_affine,shared,flip:float32:3ch:v3,float32:3ch,v3,validation,602112.0,2408871.0,0.21744758977244297,0.007247933807891709,0.21736748353697935,-8.010623546361728e-05,-0.0003683933013350379
flip,3ch,M2_byte_affine,shared,flip:uint8:3ch:v0,uint8:3ch,v0,validation,19200.0,19606.0,0.05165725170324246,0.008519342118599983,0.04841416183202896,-0.0032430898712135017,-0.06278092163795732
flip,3ch,M2_byte_affine,shared,flip:uint8:3ch:v1,uint8:3ch,v1,validation,76800.0,77217.0,0.05919593386352062,0.00258115561364921,0.05248803803108762,-0.006707895832433003,-0.11331683436058994
flip,3ch,M2_byte_affine,shared,flip:uint8:3ch:v2,uint8:3ch,v2,validation,196608.0,197030.0,0.05973581845561663,0.006790235778120782,0.0609604361675167,0.001224617711900071,0.02050055969032976
flip,3ch,M2_byte_affine,shared,flip:uint8:3ch:v3,uint8:3ch,v3,validation,602112.0,602534.0,0.0753945461474359,0.0056952451001949225,0.0896350485544408,0.01424050240700489,0.18887974176749117
flip,3ch,M2_byte_affine,shared,flip:float32:3ch:t0,float32:3ch,t0,train,12288.0,49559.0,0.0625793884197871,0.004340101892442544,0.050532243687757966,-0.012047144732029128,-0.19250978694799642
flip,3ch,M2_byte_affine,shared,flip:float32:3ch:t1,float32:3ch,t1,train,27648.0,111008.0,0.05611162167042494,0.010270325719812321,0.054877518349818265,-0.0012341033206066734,-0.02199372044271426
flip,3ch,M2_byte_affine,shared,flip:float32:3ch:t2,float32:3ch,t2,train,62208.0,249248.0,0.06951229336361091,0.0038115550135201285,0.06465295439081511,-0.004859338972795793,-0.06990618116103785
flip,3ch,M2_byte_affine,shared,flip:float32:3ch:t3,float32:3ch,t3,train,110592.0,442786.0,0.07433308754116297,0.006165741106556363,0.07833870627523676,0.00400561873407379,0.053887425728893934
flip,3ch,M2_byte_affine,shared,flip:float32:3ch:t4,float32:3ch,t4,train,150528.0,602530.0,0.07433396376048525,0.0023247314315022216,0.0896347657003887,0.01530080193990345,0.20583863910721673
flip,3ch,M2_byte_affine,shared,flip:float32:3ch:t5,float32:3ch,t5,train,248832.0,995751.0,0.11657052440568805,0.0032934199197008586,0.11744080400678933,0.0008702796011012814,0.00746569173929886
flip,3ch,M2_byte_affine,shared,flip:float32:3ch:t6,float32:3ch,t6,train,442368.0,1769895.0,0.1695980931011339,0.008464486448896708,0.17218324583637168,0.002585152735237767,0.015242817227291589
flip,3ch,M2_byte_affine,shared,flip:float32:3ch:t7,float32:3ch,t7,train,786432.0,3146151.0,0.27927534965177375,0.0040724922165824625,0.2695031424222959,-0.009772207229477858,-0.03499129887998618
flip,3ch,M2_byte_affine,shared,flip:uint8:3ch:t0,uint8:3ch,t0,train,12288.0,12694.0,0.050747012719511986,0.002705753533001747,0.047925390029979115,-0.002821622689532871,-0.05560174950845866
flip,3ch,M2_byte_affine,shared,flip:uint8:3ch:t1,uint8:3ch,t1,train,27648.0,28054.0,0.0531687851374348,0.00248608357529937,0.049011549590089874,-0.0041572355473449285,-0.07818940260904934
flip,3ch,M2_byte_affine,shared,flip:uint8:3ch:t2,uint8:3ch,t2,train,62208.0,62614.0,0.061035536540051304,0.005435895607484682,0.051455408600339085,-0.009580127939712219,-0.15695983819894452
flip,3ch,M2_byte_affine,shared,flip:uint8:3ch:t3,uint8:3ch,t3,train,110592.0,111009.0,0.055999443866312504,0.006032443472422505,0.054877589063331296,-0.0011218548029812078,-0.020033320431885222
flip,3ch,M2_byte_affine,shared,flip:uint8:3ch:t4,uint8:3ch,t4,train,150528.0,150945.0,0.05955992188925544,0.0049477364536163575,0.057701603919619274,-0.0018583179696361682,-0.031200812739336503
flip,3ch,M2_byte_affine,shared,flip:uint8:3ch:t5,uint8:3ch,t5,train,248832.0,249254.0,0.06771777523681521,0.00867821226124482,0.06465337867189329,-0.0030643965649219257,-0.045252469594658895
flip,3ch,M2_byte_affine,shared,flip:uint8:3ch:t6,uint8:3ch,t6,train,442368.0,442790.0,0.06769450459008415,0.003913910739592923,0.07833898912928888,0.010644484539204732,0.15724296386628597
flip,3ch,M2_byte_affine,shared,flip:uint8:3ch:t7,uint8:3ch,t7,train,786432.0,786854.0,0.08555895105625193,0.008315036062580357,0.10266896327576994,0.01711001221951801,0.19997921910319813
flip,3ch,M3_element_prop,shared,flip:float32:3ch:v0,float32:3ch,v0,validation,19200.0,77216.0,0.05473555065691471,0.002212117405571379,0.005082731329740513,-0.0496528193271742,-0.9071402174868152
flip,3ch,M3_element_prop,shared,flip:float32:3ch:v1,float32:3ch,v1,validation,76800.0,307618.0,0.06642836689328153,0.008710521812716613,0.02033092531896205,-0.046097441574319484,-0.6939421173544116
flip,3ch,M3_element_prop,shared,flip:float32:3ch:v2,float32:3ch,v2,validation,196608.0,786855.0,0.08053883444517851,0.004384765547060833,0.05204716881654285,-0.028491665628635657,-0.3537630737384147
flip,3ch,M3_element_prop,shared,flip:float32:3ch:v3,float32:3ch,v3,validation,602112.0,2408871.0,0.21744758977244297,0.007247933807891709,0.15939445450066247,-0.05805313527178049,-0.2669752988871139
flip,3ch,M3_element_prop,shared,flip:uint8:3ch:v0,uint8:3ch,v0,validation,19200.0,19606.0,0.05165725170324246,0.008519342118599983,0.005082731329740513,-0.046574520373501946,-0.901606625165824
flip,3ch,M3_element_prop,shared,flip:uint8:3ch:v1,uint8:3ch,v1,validation,76800.0,77217.0,0.05919593386352062,0.00258115561364921,0.02033092531896205,-0.03886500854455857,-0.6565486175818075
flip,3ch,M3_element_prop,shared,flip:uint8:3ch:v2,uint8:3ch,v2,validation,196608.0,197030.0,0.05973581845561663,0.006790235778120782,0.05204716881654285,-0.007688649639073779,-0.12871087795986927
flip,3ch,M3_element_prop,shared,flip:uint8:3ch:v3,uint8:3ch,v3,validation,602112.0,602534.0,0.0753945461474359,0.0056952451001949225,0.15939445450066247,0.08399990835322657,1.114137728065405
flip,3ch,M3_element_prop,shared,flip:float32:3ch:t0,float32:3ch,t0,train,12288.0,49559.0,0.0625793884197871,0.004340101892442544,0.0032529480510339282,-0.05932644036875317,-0.9480188583945098
flip,3ch,M3_element_prop,shared,flip:float32:3ch:t1,float32:3ch,t1,train,27648.0,111008.0,0.05611162167042494,0.010270325719812321,0.007319133114826338,-0.048792488555598604,-0.8695611907669375
flip,3ch,M3_element_prop,shared,flip:float32:3ch:t2,float32:3ch,t2,train,62208.0,249248.0,0.06951229336361091,0.0038115550135201285,0.01646804950835926,-0.05304424385525165,-0.7630915524220045
flip,3ch,M3_element_prop,shared,flip:float32:3ch:t3,float32:3ch,t3,train,110592.0,442786.0,0.07433308754116297,0.006165741106556363,0.02927653245930535,-0.045056555081857616,-0.6061440009054774
flip,3ch,M3_element_prop,shared,flip:float32:3ch:t4,float32:3ch,t4,train,150528.0,602530.0,0.07433396376048525,0.0023247314315022216,0.03984861362516562,-0.03448535013531963,-0.4639245425743258
flip,3ch,M3_element_prop,shared,flip:float32:3ch:t5,float32:3ch,t5,train,248832.0,995751.0,0.11657052440568805,0.0032934199197008586,0.06587219803343704,-0.05069832637225101,-0.4349154868327691
flip,3ch,M3_element_prop,shared,flip:float32:3ch:t6,float32:3ch,t6,train,442368.0,1769895.0,0.1695980931011339,0.008464486448896708,0.1171061298372214,-0.052491963263912506,-0.30950798033213
flip,3ch,M3_element_prop,shared,flip:float32:3ch:t7,float32:3ch,t7,train,786432.0,3146151.0,0.27927534965177375,0.0040724922165824625,0.2081886752661714,-0.07108667438560234,-0.25453973819830417
flip,3ch,M3_element_prop,shared,flip:uint8:3ch:t0,uint8:3ch,t0,train,12288.0,12694.0,0.050747012719511986,0.002705753533001747,0.0032529480510339282,-0.04749406466847806,-0.9358987282854744
flip,3ch,M3_element_prop,shared,flip:uint8:3ch:t1,uint8:3ch,t1,train,27648.0,28054.0,0.0531687851374348,0.00248608357529937,0.007319133114826338,-0.04584965202260846,-0.862341539384297
flip,3ch,M3_element_prop,shared,flip:uint8:3ch:t2,uint8:3ch,t2,train,62208.0,62614.0,0.061035536540051304,0.005435895607484682,0.01646804950835926,-0.04456748703169204,-0.7301891579579548
flip,3ch,M3_element_prop,shared,flip:uint8:3ch:t3,uint8:3ch,t3,train,110592.0,111009.0,0.055999443866312504,0.006032443472422505,0.02927653245930535,-0.026722911407007152,-0.47719958560307796
flip,3ch,M3_element_prop,shared,flip:uint8:3ch:t4,uint8:3ch,t4,train,150528.0,150945.0,0.05955992188925544,0.0049477364536163575,0.03984861362516562,-0.019711308264089823,-0.33094919601709094
flip,3ch,M3_element_prop,shared,flip:uint8:3ch:t5,uint8:3ch,t5,train,248832.0,249254.0,0.06771777523681521,0.00867821226124482,0.06587219803343704,-0.0018455772033781764,-0.027253955064590135
flip,3ch,M3_element_prop,shared,flip:uint8:3ch:t6,uint8:3ch,t6,train,442368.0,442790.0,0.06769450459008415,0.003913910739592923,0.1171061298372214,0.049411625247137256,0.7299207749040095
flip,3ch,M3_element_prop,shared,flip:uint8:3ch:t7,uint8:3ch,t7,train,786432.0,786854.0,0.08555895105625193,0.008315036062580357,0.2081886752661714,0.12262972420991948,1.4332775553699209
flip,3ch,M4_element_affine,shared,flip:float32:3ch:v0,float32:3ch,v0,validation,19200.0,77216.0,0.05473555065691471,0.002212117405571379,0.053063120203064806,-0.0016724304538499046,-0.030554738808289076
flip,3ch,M4_element_affine,shared,flip:float32:3ch:v1,float32:3ch,v1,validation,76800.0,307618.0,0.06642836689328153,0.008710521812716613,0.06253261832039664,-0.0038957485728848967,-0.05864585801339197
flip,3ch,M4_element_affine,shared,flip:float32:3ch:v2,float32:3ch,v2,validation,196608.0,786855.0,0.08053883444517851,0.004384765547060833,0.08222917440444683,0.0016903399592683166,0.020987887035029094
flip,3ch,M4_element_affine,shared,flip:float32:3ch:v3,float32:3ch,v3,validation,602112.0,2408871.0,0.21744758977244297,0.007247933807891709,0.1488944411504629,-0.06855314862198006,-0.31526285802349124
flip,3ch,M4_element_affine,shared,flip:uint8:3ch:v0,uint8:3ch,v0,validation,19200.0,19606.0,0.05165725170324246,0.008519342118599983,0.053063120203064806,0.0014058684998223478,0.027215317374967962
flip,3ch,M4_element_affine,shared,flip:uint8:3ch:v1,uint8:3ch,v1,validation,76800.0,77217.0,0.05919593386352062,0.00258115561364921,0.06253261832039664,0.0033366844568760157,0.056366784660732264
flip,3ch,M4_element_affine,shared,flip:uint8:3ch:v2,uint8:3ch,v2,validation,196608.0,197030.0,0.05973581845561663,0.006790235778120782,0.08222917440444683,0.022493355948830195,0.3765472128843874
flip,3ch,M4_element_affine,shared,flip:uint8:3ch:v3,uint8:3ch,v3,validation,602112.0,602534.0,0.0753945461474359,0.0056952451001949225,0.1488944411504629,0.073499895003027,0.9748701830407751
flip,3ch,M4_element_affine,shared,flip:float32:3ch:t0,float32:3ch,t0,train,12288.0,49559.0,0.0625793884197871,0.004340101892442544,0.051926780428984985,-0.010652607990802108,-0.17022550491135577
flip,3ch,M4_element_affine,shared,flip:float32:3ch:t1,float32:3ch,t1,train,27648.0,111008.0,0.05611162167042494,0.010270325719812321,0.05445197992694014,-0.001659641743484798,-0.029577504518276194
flip,3ch,M4_element_affine,shared,flip:float32:3ch:t2,float32:3ch,t2,train,62208.0,249248.0,0.06951229336361091,0.0038115550135201285,0.06013367879733923,-0.009378614566271676,-0.13492022939328457
flip,3ch,M4_element_affine,shared,flip:float32:3ch:t3,float32:3ch,t3,train,110592.0,442786.0,0.07433308754116297,0.006165741106556363,0.06808805721589797,-0.006245030325264994,-0.08401413868093024
flip,3ch,M4_element_affine,shared,flip:float32:3ch:t4,float32:3ch,t4,train,150528.0,602530.0,0.07433396376048525,0.0023247314315022216,0.07465357591058137,0.00031961215009612687,0.0042996785577850164
flip,3ch,M4_element_affine,shared,flip:float32:3ch:t5,float32:3ch,t5,train,248832.0,995751.0,0.11657052440568805,0.0032934199197008586,0.09081485269749436,-0.025755671708193692,-0.22094497592340714
flip,3ch,M4_element_affine,shared,flip:float32:3ch:t6,float32:3ch,t6,train,442368.0,1769895.0,0.1695980931011339,0.008464486448896708,0.12263236637172929,-0.04696572672940462,-0.2769236721393928
flip,3ch,M4_element_affine,shared,flip:float32:3ch:t7,float32:3ch,t7,train,786432.0,3146151.0,0.27927534965177375,0.0040724922165824625,0.17919683512592474,-0.10007851452584901,-0.35835069099595124
flip,3ch,M4_element_affine,shared,flip:uint8:3ch:t0,uint8:3ch,t0,train,12288.0,12694.0,0.050747012719511986,0.002705753533001747,0.051926780428984985,0.0011797677094729994,0.023248022814540654
flip,3ch,M4_element_affine,shared,flip:uint8:3ch:t1,uint8:3ch,t1,train,27648.0,28054.0,0.0531687851374348,0.00248608357529937,0.05445197992694014,0.0012831947895053375,0.024134363540344886
flip,3ch,M4_element_affine,shared,flip:uint8:3ch:t2,uint8:3ch,t2,train,62208.0,62614.0,0.061035536540051304,0.005435895607484682,0.06013367879733923,-0.0009018577427120714,-0.01477594519252363
flip,3ch,M4_element_affine,shared,flip:uint8:3ch:t3,uint8:3ch,t3,train,110592.0,111009.0,0.055999443866312504,0.006032443472422505,0.06808805721589797,0.01208861334958547,0.2158702393267444
flip,3ch,M4_element_affine,shared,flip:uint8:3ch:t4,uint8:3ch,t4,train,150528.0,150945.0,0.05955992188925544,0.0049477364536163575,0.07465357591058137,0.015093654021325932,0.25341964096915337
flip,3ch,M4_element_affine,shared,flip:uint8:3ch:t5,uint8:3ch,t5,train,248832.0,249254.0,0.06771777523681521,0.00867821226124482,0.09081485269749436,0.02309707746067914,0.34107850383310084
flip,3ch,M4_element_affine,shared,flip:uint8:3ch:t6,uint8:3ch,t6,train,442368.0,442790.0,0.06769450459008415,0.003913910739592923,0.12263236637172929,0.05493786178164514,0.811555710678654
flip,3ch,M4_element_affine,shared,flip:uint8:3ch:t7,uint8:3ch,t7,train,786432.0,786854.0,0.08555895105625193,0.008315036062580357,0.17919683512592474,0.09363788406967281,1.0944253396480899
flip,3ch,M1_byte_prop_anchored,shared,flip:float32:3ch:v0,float32:3ch,v0,validation,19200.0,77216.0,0.05473555065691471,0.002212117405571379,0.009526117115711465,-0.04520943354120324,-0.825961061844035
flip,3ch,M1_byte_prop_anchored,shared,flip:float32:3ch:v1,float32:3ch,v1,validation,76800.0,307618.0,0.06642836689328153,0.008710521812716613,0.037950749778555344,-0.02847761711472619,-0.4286966313724984
flip,3ch,M1_byte_prop_anchored,shared,flip:float32:3ch:v2,float32:3ch,v2,validation,196608.0,786855.0,0.08053883444517851,0.004384765547060833,0.0970740893478443,0.01653525490266579,0.2053078495184962
flip,3ch,M1_byte_prop_anchored,shared,flip:float32:3ch:v3,float32:3ch,v3,validation,602112.0,2408871.0,0.21744758977244297,0.007247933807891709,0.29718176624845877,0.0797341764760158,0.3666822729994705
flip,3ch,M1_byte_prop_anchored,shared,flip:uint8:3ch:v0,uint8:3ch,v0,validation,19200.0,19606.0,0.05165725170324246,0.008519342118599983,0.002418786937560078,-0.04923846476568238,-0.95317623648553
flip,3ch,M1_byte_prop_anchored,shared,flip:uint8:3ch:v1,uint8:3ch,v1,validation,76800.0,77217.0,0.05919593386352062,0.00258115561364921,0.009526240485442034,-0.04966969337807859,-0.8390727223358738
flip,3ch,M1_byte_prop_anchored,shared,flip:uint8:3ch:v2,uint8:3ch,v2,validation,196608.0,197030.0,0.05973581845561663,0.006790235778120782,0.02430753801425391,-0.03542828044136272,-0.5930826990792086
flip,3ch,M1_byte_prop_anchored,shared,flip:uint8:3ch:v3,uint8:3ch,v3,validation,602112.0,602534.0,0.0753945461474359,0.0056952451001949225,0.07433445723940753,-0.0010600889080283754,-0.014060551620741178
flip,3ch,M1_byte_prop_anchored,shared,flip:float32:3ch:t0,float32:3ch,t0,train,12288.0,49559.0,0.0625793884197871,0.004340101892442544,0.0061140804773304035,-0.05646530794245669,-0.9022988138471935
flip,3ch,M1_byte_prop_anchored,shared,flip:float32:3ch:t1,float32:3ch,t1,train,27648.0,111008.0,0.05611162167042494,0.010270325719812321,0.013695027051140934,-0.042416594619284,-0.7559324317593328
flip,3ch,M1_byte_prop_anchored,shared,flip:float32:3ch:t2,float32:3ch,t2,train,62208.0,249248.0,0.06951229336361091,0.0038115550135201285,0.030749658605170573,-0.038762634758440336,-0.5576371154333435
flip,3ch,M1_byte_prop_anchored,shared,flip:float32:3ch:t3,float32:3ch,t3,train,110592.0,442786.0,0.07433308754116297,0.006165741106556363,0.05462638952027322,-0.01970669802088975,-0.26511340605859934
flip,3ch,M1_byte_prop_anchored,shared,flip:float32:3ch:t4,float32:3ch,t4,train,150528.0,602530.0,0.07433396376048525,0.0023247314315022216,0.07433396376048525,0.0,0.0
flip,3ch,M1_byte_prop_anchored,shared,flip:float32:3ch:t5,float32:3ch,t5,train,248832.0,995751.0,0.11657052440568805,0.0032934199197008586,0.12284553258504465,0.006275008179356598,0.05383014455282324
flip,3ch,M1_byte_prop_anchored,shared,flip:float32:3ch:t6,float32:3ch,t6,train,442368.0,1769895.0,0.1695980931011339,0.008464486448896708,0.21835146928761065,0.04875337618647674,0.28746417660135104
flip,3ch,M1_byte_prop_anchored,shared,flip:float32:3ch:t7,float32:3ch,t7,train,786432.0,3146151.0,0.27927534965177375,0.0040724922165824625,0.3881398012032835,0.10886445155150976,0.389810456552116
flip,3ch,M1_byte_prop_anchored,shared,flip:uint8:3ch:t0,uint8:3ch,t0,train,12288.0,12694.0,0.050747012719511986,0.002705753533001747,0.0015660553598585958,-0.04918095735965339,-0.9691399498032629
flip,3ch,M1_byte_prop_anchored,shared,flip:uint8:3ch:t1,uint8:3ch,t1,train,27648.0,28054.0,0.0531687851374348,0.00248608357529937,0.0034610144214174453,-0.049707770716017355,-0.9349051438269438
flip,3ch,M1_byte_prop_anchored,shared,flip:uint8:3ch:t2,uint8:3ch,t2,train,62208.0,62614.0,0.061035536540051304,0.005435895607484682,0.007724672309924855,-0.053310864230126445,-0.8734397574295762
flip,3ch,M1_byte_prop_anchored,shared,flip:uint8:3ch:t3,uint8:3ch,t3,train,110592.0,111009.0,0.055999443866312504,0.006032443472422505,0.013695150420871502,-0.042304293445441,-0.7554413137822237
flip,3ch,M1_byte_prop_anchored,shared,flip:uint8:3ch:t4,uint8:3ch,t4,train,150528.0,150945.0,0.05955992188925544,0.0049477364536163575,0.01862204398092451,-0.040937877908330936,-0.6873393485043521
flip,3ch,M1_byte_prop_anchored,shared,flip:uint8:3ch:t5,uint8:3ch,t5,train,248832.0,249254.0,0.06771777523681521,0.00867821226124482,0.030750398823553998,-0.03696737641326121,-0.5459035871155385
flip,3ch,M1_byte_prop_anchored,shared,flip:uint8:3ch:t6,uint8:3ch,t6,train,442368.0,442790.0,0.06769450459008415,0.003913910739592923,0.0546268829991955,-0.013067621590888652,-0.1930381449722994
flip,3ch,M1_byte_prop_anchored,shared,flip:uint8:3ch:t7,uint8:3ch,t7,train,786432.0,786854.0,0.08555895105625193,0.008315036062580357,0.09707396597811373,0.0115150149218618,0.13458574210769708
flip,3ch,M5_repr_element_affine,float32:3ch,flip:float32:3ch:v0,float32:3ch,v0,validation,19200.0,77216.0,0.05473555065691471,0.002212117405571379,0.05189837536572071,-0.0028371752911940037,-0.05183423309244784
flip,3ch,M5_repr_element_affine,float32:3ch,flip:float32:3ch:v1,float32:3ch,v1,validation,76800.0,307618.0,0.06642836689328153,0.008710521812716613,0.06852766481684615,0.0020992979235646136,0.03160243163793529
flip,3ch,M5_repr_element_affine,float32:3ch,flip:float32:3ch:v2,float32:3ch,v2,validation,196608.0,786855.0,0.08053883444517851,0.004384765547060833,0.10311658687518707,0.022577752430008563,0.28033373695489566
flip,3ch,M5_repr_element_affine,float32:3ch,flip:float32:3ch:v3,float32:3ch,v3,validation,602112.0,2408871.0,0.21744758977244297,0.007247933807891709,0.2201867846111102,0.0027391948386672194,0.012597034722407193
flip,3ch,M5_repr_element_affine,float32:3ch,flip:float32:3ch:t0,float32:3ch,t0,train,12288.0,49559.0,0.0625793884197871,0.004340101892442544,0.04990286063158565,-0.012676527788201442,-0.2025671408478199
flip,3ch,M5_repr_element_affine,float32:3ch,flip:float32:3ch:t1,float32:3ch,t1,train,27648.0,111008.0,0.05611162167042494,0.010270325719812321,0.05433733781855244,-0.0017742838518724977,-0.0316206126120158
flip,3ch,M5_repr_element_affine,float32:3ch,flip:float32:3ch:t2,float32:3ch,t2,train,62208.0,249248.0,0.06951229336361091,0.0038115550135201285,0.0643149114892277,-0.005197381874383206,-0.07476924760914291
flip,3ch,M5_repr_element_affine,float32:3ch,flip:float32:3ch:t3,float32:3ch,t3,train,110592.0,442786.0,0.07433308754116297,0.006165741106556363,0.07828351462817308,0.003950427087010114,0.053144934748237255
flip,3ch,M5_repr_element_affine,float32:3ch,flip:float32:3ch:t4,float32:3ch,t4,train,150528.0,602530.0,0.07433396376048525,0.0023247314315022216,0.08981315531428671,0.015479191553801466,0.20823847903063067
flip,3ch,M5_repr_element_affine,float32:3ch,flip:float32:3ch:t5,float32:3ch,t5,train,248832.0,995751.0,0.11657052440568805,0.0032934199197008586,0.11819380931087414,0.0016232849051860954,0.013925346166726924
flip,3ch,M5_repr_element_affine,float32:3ch,flip:float32:3ch:t6,float32:3ch,t6,train,442368.0,1769895.0,0.1695980931011339,0.008464486448896708,0.17406822186665566,0.004470128765521747,0.02635718765337852
flip,3ch,M5_repr_element_affine,float32:3ch,flip:float32:3ch:t7,float32:3ch,t7,train,786432.0,3146151.0,0.27927534965177375,0.0040724922165824625,0.2734005108547116,-0.005874838797062132,-0.021036009101366885
flip,3ch,M5_repr_element_affine,uint8:3ch,flip:uint8:3ch:v0,uint8:3ch,v0,validation,19200.0,19606.0,0.05165725170324246,0.008519342118599983,0.05422786504040893,0.0025706133371664747,0.04976287457052464
flip,3ch,M5_repr_element_affine,uint8:3ch,flip:uint8:3ch:v1,uint8:3ch,v1,validation,76800.0,77217.0,0.05919593386352062,0.00258115561364921,0.05653757182394714,-0.002658362039573481,-0.044907848665796474
flip,3ch,M5_repr_element_affine,uint8:3ch,flip:uint8:3ch:v2,uint8:3ch,v2,validation,196608.0,197030.0,0.05973581845561663,0.006790235778120782,0.06134176193370661,0.001605943478089976,0.02688409600151679
flip,3ch,M5_repr_element_affine,uint8:3ch,flip:uint8:3ch:v3,uint8:3ch,v3,validation,602112.0,602534.0,0.0753945461474359,0.0056952451001949225,0.07760209768981557,0.002207551542379671,0.02927998980274713
flip,3ch,M5_repr_element_affine,uint8:3ch,flip:uint8:3ch:t0,uint8:3ch,t0,train,12288.0,12694.0,0.050747012719511986,0.002705753533001747,0.05395070022638435,0.003203687506872367,0.0631305634595623
flip,3ch,M5_repr_element_affine,uint8:3ch,flip:uint8:3ch:t1,uint8:3ch,t1,train,27648.0,28054.0,0.0531687851374348,0.00248608357529937,0.054566622035327875,0.001397836897893072,0.026290555525762618
flip,3ch,M5_repr_element_affine,uint8:3ch,flip:uint8:3ch:t2,uint8:3ch,t2,train,62208.0,62614.0,0.061035536540051304,0.005435895607484682,0.0559524461054508,-0.005083090434600507,-0.08328083478491256
flip,3ch,M5_repr_element_affine,uint8:3ch,flip:uint8:3ch:t3,uint8:3ch,t3,train,110592.0,111009.0,0.055999443866312504,0.006032443472422505,0.057892599803622886,0.0018931559373103826,0.033806691756259485
flip,3ch,M5_repr_element_affine,uint8:3ch,flip:uint8:3ch:t4,uint8:3ch,t4,train,150528.0,150945.0,0.05955992188925544,0.0049477364536163575,0.05949399650687604,-6.592538237940038e-05,-0.0011068748965450416
flip,3ch,M5_repr_element_affine,uint8:3ch,flip:uint8:3ch:t5,uint8:3ch,t5,train,248832.0,249254.0,0.06771777523681521,0.00867821226124482,0.06343589608411458,-0.004281879152700632,-0.06323124375729285
flip,3ch,M5_repr_element_affine,uint8:3ch,flip:uint8:3ch:t6,uint8:3ch,t6,train,442368.0,442790.0,0.06769450459008415,0.003913910739592923,0.07119651087680295,0.0035020062867188034,0.05173250484547862
flip,3ch,M5_repr_element_affine,uint8:3ch,flip:uint8:3ch:t7,uint8:3ch,t7,train,786432.0,786854.0,0.08555895105625193,0.008315036062580357,0.08499315939713782,-0.0005657916591141066,-0.006612886812299965
