config,round,order_index,batch_id,source_records,elapsed_ms_per_batch,compute_B_blur_ms_per_batch,compute_B_blur_ms_per_record,compute_H_flip_ms_per_batch,compute_H_flip_ms_per_record,compute_J_jitter_ms_per_batch,compute_J_jitter_ms_per_record,compute_sum_ms_per_batch,compute_sum_ms_per_record,other_overhead_ms_per_batch,other_overhead_ms_per_record,elapsed_ms_per_record,schema_source
L-U,1,,0,4,20.396268,16.517813,4.12945325,0.237823,0.05945575,1.932004,0.483001,18.68764,4.67191,1.708628000000001,0.42715700000000023,5.099067,legacy_v1_recovered
L-U,1,,1,4,15.508908,12.077288,3.019322,0.176346,0.0440865,1.729748,0.432437,13.983382,3.4958455,1.5255259999999993,0.3813814999999998,3.877227,legacy_v1_recovered
L-U,1,,2,4,31.374428,27.822993,6.95574825,0.204852,0.051213,1.783738,0.4459345,29.811583,7.45289575,1.562845000000003,0.39071125000000073,7.843607,legacy_v1_recovered
L-U,1,,3,4,16.889029,13.38993,3.3474825,0.199747,0.04993675,1.755636,0.438909,15.345313,3.83632825,1.5437159999999999,0.38592899999999997,4.22225725,legacy_v1_recovered
L-U,1,,4,4,17.060729,13.565145,3.39128625,0.219417,0.05485425,1.7479179999999999,0.43697949999999997,15.53248,3.88312,1.5282489999999989,0.3820622499999997,4.26518225,legacy_v1_recovered
L-U,1,,5,4,93.678244,90.104609,22.52615225,0.15419,0.0385475,1.882132,0.470533,92.140931,23.03523275,1.5373130000000117,0.3843282500000029,23.419561,legacy_v1_recovered
L-U,1,,6,4,78.827427,75.263099,18.81577475,0.207597,0.05189925,1.763731,0.44093275,77.23442700000001,19.308606750000003,1.5929999999999893,0.39824999999999733,19.70685675,legacy_v1_recovered
L-U,1,,7,4,13.625897,10.147214,2.5368035,0.17071,0.0426775,1.743658,0.4359145,12.061582,3.0153955,1.5643150000000006,0.39107875000000014,3.40647425,legacy_v1_recovered
L-U,1,,8,4,13.591979,10.179515,2.54487875,0.16198099999999999,0.040495249999999997,1.697714,0.4244285,12.03921,3.0098025,1.5527689999999996,0.3881922499999999,3.39799475,legacy_v1_recovered
L-U,1,,9,4,19.090325,15.646155,3.91153875,0.199189,0.04979725,1.736232,0.434058,17.581576000000002,4.3953940000000005,1.5087489999999981,0.37718724999999953,4.77258125,legacy_v1_recovered
L-U,1,,10,4,32.491179,29.062457,7.26561425,0.148646,0.0371615,1.7122009999999999,0.42805024999999997,30.923303999999998,7.7308259999999995,1.5678750000000043,0.3919687500000011,8.12279475,legacy_v1_recovered
L-U,1,,11,4,28.827528,25.272705,6.31817625,0.192659,0.04816475,1.8029389999999998,0.45073474999999996,27.268302999999996,6.817075749999999,1.559225000000005,0.38980625000000124,7.206882,legacy_v1_recovered
L-U,1,,12,4,80.192321,76.735892,19.183973,0.157471,0.03936775,1.752009,0.43800225,78.64537200000001,19.661343000000002,1.546948999999998,0.3867372499999995,20.04808025,legacy_v1_recovered
L-U,1,,13,4,17.023205,13.608766,3.4021915,0.126914,0.0317285,1.779031,0.44475775,15.514710999999998,3.8786777499999996,1.5084940000000024,0.3771235000000006,4.25580125,legacy_v1_recovered
L-U,1,,14,4,16.756091,13.357527000000001,3.3393817500000003,0.12742699999999998,0.031856749999999996,1.767897,0.44197425,15.252851000000001,3.8132127500000004,1.50324,0.37581,4.18902275,legacy_v1_recovered
L-U,1,,15,4,87.279686,83.710031,20.92750775,0.15607200000000002,0.039018000000000004,1.8487360000000002,0.46218400000000004,85.714839,21.42870975,1.5648470000000003,0.3912117500000001,21.8199215,legacy_v1_recovered
L-U,1,,16,4,13.792003,10.277813,2.56945325,0.181235,0.04530875,1.769696,0.442424,12.228743999999999,3.0571859999999997,1.5632590000000004,0.3908147500000001,3.44800075,legacy_v1_recovered
L-U,1,,17,4,59.216735,55.765615,13.94140375,0.17607299999999998,0.044018249999999995,1.714972,0.428743,57.65666,14.414165,1.5600749999999977,0.3900187499999994,14.80418375,legacy_v1_recovered
L-U,1,,18,4,44.590448,40.864104999999995,10.216026249999999,0.203011,0.05075275,1.916695,0.47917375,42.98381099999999,10.745952749999997,1.6066370000000134,0.40165925000000335,11.147612,legacy_v1_recovered
L-U,1,,19,4,19.089901,15.468124,3.867031,0.20827299999999999,0.052068249999999996,1.846599,0.46164975,17.522996,4.380749,1.566905000000002,0.3917262500000005,4.77247525,legacy_v1_recovered
L-U,1,,20,4,43.764002,40.170628,10.042657,0.156508,0.039127,1.8129629999999999,0.45324074999999997,42.140099000000006,10.535024750000002,1.6239029999999914,0.40597574999999786,10.9410005,legacy_v1_recovered
L-U,1,,21,4,15.456632,11.997387,2.99934675,0.180923,0.04523075,1.758883,0.43972075,13.937193,3.48429825,1.5194390000000002,0.37985975000000005,3.864158,legacy_v1_recovered
L-U,1,,22,4,93.746125,90.020966,22.5052415,0.241365,0.06034125,1.913093,0.47827325,92.175424,23.043856,1.5707009999999997,0.3926752499999999,23.43653125,legacy_v1_recovered
L-U,1,,23,4,78.93801,75.359922,18.8399805,0.207172,0.051793,1.788039,0.44700975,77.355133,19.33878325,1.5828770000000105,0.39571925000000263,19.7345025,legacy_v1_recovered
L-U,1,,24,4,13.799542,10.135257,2.53381425,0.208947,0.05223675,1.8431600000000001,0.46079000000000003,12.187363999999999,3.0468409999999997,1.6121780000000019,0.40304450000000047,3.4498855,legacy_v1_recovered
L-U,1,,25,4,78.450299,74.90821100000001,18.727052750000002,0.204683,0.05117075,1.761002,0.4402505,76.87389600000002,19.218474000000004,1.576402999999985,0.3941007499999962,19.61257475,legacy_v1_recovered
L-U,1,,26,4,75.810368,72.3712,18.0928,0.18029499999999998,0.045073749999999996,1.733424,0.433356,74.284919,18.57122975,1.5254489999999947,0.3813622499999987,18.952592,legacy_v1_recovered
L-U,1,,27,4,16.961807,13.486967,3.37174175,0.172598,0.0431495,1.752075,0.43801875,15.41164,3.85291,1.550167,0.38754175,4.24045175,legacy_v1_recovered
L-U,1,,28,4,16.766581,13.380094999999999,3.3450237499999997,0.126601,0.03165025,1.732092,0.433023,15.238788,3.809697,1.527792999999999,0.38194824999999977,4.19164525,legacy_v1_recovered
L-U,1,,29,4,45.498437,42.029388999999995,10.507347249999999,0.202516,0.050629,1.727254,0.4318135,43.959159,10.98978975,1.539278000000003,0.38481950000000076,11.37460925,legacy_v1_recovered
L-U,1,,30,4,16.983749,13.526243,3.38156075,0.155299,0.03882475,1.784702,0.4461755,15.466243999999998,3.8665609999999995,1.5175050000000017,0.3793762500000004,4.24593725,legacy_v1_recovered
L-U,1,,31,4,16.808333,13.403592,3.350898,0.135931,0.03398275,1.731714,0.4329285,15.271237,3.81780925,1.5370960000000018,0.38427400000000045,4.20208325,legacy_v1_recovered
L-U,1,,32,4,35.791893,32.300301,8.07507525,0.17693799999999998,0.044234499999999996,1.734758,0.4336895,34.211997,8.55299925,1.579896000000005,0.39497400000000127,8.94797325,legacy_v1_recovered
L-U,1,,33,4,49.099342,45.537976,11.384494,0.19083899999999998,0.047709749999999995,1.816633,0.45415825,47.545448,11.886362,1.5538939999999997,0.3884734999999999,12.2748355,legacy_v1_recovered
L-U,1,,34,4,60.767036,57.258064,14.314516,0.175737,0.04393425,1.744785,0.43619625,59.178585999999996,14.794646499999999,1.5884500000000017,0.3971125000000004,15.191759,legacy_v1_recovered
L-U,1,,35,4,17.161689,13.641784,3.410446,0.194825,0.04870625,1.783498,0.4458745,15.620106999999999,3.9050267499999998,1.541582,0.3853955,4.29042225,legacy_v1_recovered
L-U,1,,36,4,87.762774,84.189643,21.04741075,0.19239499999999998,0.048098749999999996,1.797857,0.44946425,86.179895,21.54497375,1.5828789999999913,0.3957197499999978,21.9406935,legacy_v1_recovered
L-U,1,,37,4,13.695987,10.109439,2.52735975,0.219362,0.0548405,1.763651,0.44091275,12.092452,3.023113,1.6035350000000008,0.4008837500000002,3.42399675,legacy_v1_recovered
L-U,1,,38,4,63.021921,59.454787,14.86369675,0.197574,0.0493935,1.758849,0.43971225,61.411210000000004,15.352802500000001,1.610710999999995,0.4026777499999987,15.75548025,legacy_v1_recovered
L-U,1,,39,4,17.326036,13.823811,3.45595275,0.15751700000000002,0.039379250000000005,1.745009,0.43625225,15.726337,3.93158425,1.5996989999999993,0.39992474999999983,4.331509,legacy_v1_recovered
L-U,1,,40,4,16.908456,13.442072,3.360518,0.17264200000000002,0.043160500000000004,1.705762,0.4264405,15.320476,3.830119,1.5879800000000017,0.39699500000000043,4.227114,legacy_v1_recovered
L-U,1,,41,4,93.727493,90.110048,22.527512,0.118394,0.0295985,1.915216,0.478804,92.143658,23.0359145,1.5838349999999934,0.39595874999999836,23.43187325,legacy_v1_recovered
L-U,1,,42,4,20.546772,17.027408,4.256852,0.214186,0.0535465,1.778325,0.44458125,19.019919,4.75497975,1.5268529999999991,0.3817132499999998,5.136693,legacy_v1_recovered
L-U,1,,43,4,13.898021,10.367031,2.59175775,0.163189,0.04079725,1.78834,0.447085,12.31856,3.07964,1.5794610000000002,0.39486525000000006,3.47450525,legacy_v1_recovered
L-U,1,,44,4,13.740212,10.239975,2.55999375,0.17169800000000002,0.042924500000000004,1.718805,0.42970125,12.130477999999998,3.0326194999999996,1.6097340000000013,0.40243350000000033,3.435053,legacy_v1_recovered
L-U,1,,45,4,17.040462,13.650102,3.4125255,0.154589,0.03864725,1.691582,0.4228955,15.496273,3.87406825,1.5441890000000011,0.3860472500000003,4.2601155,legacy_v1_recovered
L-U,1,,46,4,16.92161,13.390661000000001,3.3476652500000004,0.207544,0.051886,1.776722,0.4441805,15.374927000000001,3.8437317500000003,1.5466829999999998,0.38667074999999995,4.2304025,legacy_v1_recovered
L-U,1,,47,4,101.64979,98.097449,24.52436225,0.219462,0.0548655,1.7553830000000001,0.43884575000000003,100.07229399999999,25.018073499999996,1.5774960000000107,0.39437400000000267,25.4124475,legacy_v1_recovered
L-U,1,,48,4,45.392368,41.839065,10.45976625,0.21348799999999998,0.053371999999999996,1.743208,0.435802,43.795761,10.94894025,1.5966069999999988,0.3991517499999997,11.348092,legacy_v1_recovered
L-U,1,,49,4,31.433965,27.827301,6.95682525,0.190193,0.04754825,1.758204,0.439551,29.775698,7.4439245,1.6582670000000022,0.41456675000000054,7.85849125,legacy_v1_recovered
L-U,1,,50,4,149.661387,146.068363,36.51709075,0.167238,0.0418095,1.846468,0.461617,148.082069,37.02051725,1.5793180000000007,0.39482950000000017,37.41534675,legacy_v1_recovered
L-U,1,,51,4,16.791961,13.304437,3.32610925,0.186138,0.0465345,1.746076,0.436519,15.236651,3.80916275,1.5553100000000004,0.3888275000000001,4.19799025,legacy_v1_recovered
L-U,1,,52,4,33.206275,29.656854,7.4142135,0.201635,0.05040875,1.789809,0.44745225,31.648297999999997,7.912074499999999,1.557977000000001,0.38949425000000026,8.30156875,legacy_v1_recovered
L-U,1,,53,4,16.964234,13.366174,3.3415435,0.266693,0.06667325,1.781203,0.44530075,15.41407,3.8535175,1.5501640000000005,0.38754100000000014,4.2410585,legacy_v1_recovered
L-U,1,,54,4,89.517644,85.997877,21.49946925,0.188847,0.04721175,1.779178,0.4447945,87.965902,21.9914755,1.5517420000000044,0.3879355000000011,22.379411,legacy_v1_recovered
L-U,1,,55,4,18.477152,14.996079,3.74901975,0.189187,0.04729675,1.749547,0.43738675,16.934813000000002,4.2337032500000005,1.5423389999999984,0.3855847499999996,4.619288,legacy_v1_recovered
L-U,1,,56,4,48.630317,45.267148999999996,11.316787249999999,0.129001,0.03225025,1.72109,0.4302725,47.117239999999995,11.779309999999999,1.5130770000000027,0.37826925000000067,12.15757925,legacy_v1_recovered
L-U,1,,57,4,16.703278,13.280877,3.32021925,0.18242,0.045605,1.716806,0.4292015,15.180103,3.79502575,1.5231750000000002,0.38079375000000004,4.1758195,legacy_v1_recovered
L-U,1,,58,4,62.702234,59.224234,14.8060585,0.170491,0.04262275,1.755998,0.4389995,61.150723,15.28768075,1.5515109999999979,0.38787774999999947,15.6755585,legacy_v1_recovered
L-U,1,,59,4,13.691551,10.212518,2.5531295,0.149841,0.03746025,1.770176,0.442544,12.132534999999999,3.0331337499999997,1.5590160000000015,0.3897540000000004,3.42288775,legacy_v1_recovered
L-U,1,,60,4,83.801414,80.353019,20.08825475,0.147179,0.03679475,1.7331349999999999,0.43328374999999997,82.233333,20.55833325,1.5680809999999923,0.39202024999999807,20.9503535,legacy_v1_recovered
L-U,1,,61,4,41.856483,38.286248,9.571562,0.18035400000000001,0.045088500000000004,1.825866,0.4564665,40.292468,10.073117,1.5640149999999977,0.39100374999999943,10.46412075,legacy_v1_recovered
L-U,1,,62,4,87.504278,84.045647,21.01141175,0.153671,0.03841775,1.707358,0.4268395,85.906676,21.476669,1.5976019999999949,0.3994004999999987,21.8760695,legacy_v1_recovered
L-U,1,,63,4,17.365536,13.917957,3.47948925,0.179209,0.04480225,1.737912,0.434478,15.835078,3.9587695,1.5304579999999994,0.38261449999999986,4.341384,legacy_v1_recovered
L-U,1,,64,4,16.856296,13.378003,3.34450075,0.19617800000000002,0.049044500000000005,1.745213,0.43630325,15.319393999999999,3.8298484999999998,1.5369020000000013,0.38422550000000033,4.214074,legacy_v1_recovered
L-U,1,,65,4,88.334001,84.682417,21.17060425,0.21904200000000001,0.054760500000000004,1.819361,0.45484025,86.72082,21.680205,1.6131809999999973,0.40329524999999933,22.08350025,legacy_v1_recovered
L-U,1,,66,4,17.480829,13.956356,3.489089,0.186212,0.046553,1.789631,0.44740775,15.932198999999999,3.9830497499999997,1.548630000000001,0.38715750000000027,4.37020725,legacy_v1_recovered
L-U,1,,67,4,18.895176,15.287703,3.82192575,0.221935,0.05548375,1.80094,0.450235,17.310578,4.3276445,1.5845979999999997,0.39614949999999993,4.723794,legacy_v1_recovered
L-U,1,,68,4,49.865346,46.342249,11.58556225,0.23515,0.0587875,1.743083,0.43577075,48.320482,12.0801205,1.544864000000004,0.386216000000001,12.4663365,legacy_v1_recovered
L-U,1,,69,4,84.327204,80.80938499999999,20.202346249999998,0.145665,0.03641625,1.779993,0.44499825,82.73504299999999,20.683760749999998,1.5921610000000044,0.3980402500000011,21.081801,legacy_v1_recovered
L-U,1,,70,4,45.396589,41.924571,10.48114275,0.161084,0.040271,1.761759,0.44043975,43.847414,10.9618535,1.5491749999999982,0.38729374999999955,11.34914725,legacy_v1_recovered
L-U,1,,71,4,117.394127,113.826836,28.456709,0.203017,0.05075425,1.806745,0.45168625,115.83659800000001,28.959149500000002,1.5575289999999882,0.38938224999999704,29.34853175,legacy_v1_recovered
L-U,1,,72,4,15.712802,12.273214,3.0683035,0.16428399999999999,0.041070999999999996,1.753531,0.43838275,14.191029,3.54775725,1.5217729999999996,0.3804432499999999,3.9282005,legacy_v1_recovered
L-U,1,,73,4,17.021483,13.508205,3.37705125,0.181336,0.045334,1.796704,0.449176,15.486245,3.87156125,1.5352379999999997,0.3838094999999999,4.25537075,legacy_v1_recovered
L-U,1,,74,4,72.621855,68.954427,17.23860675,0.193395,0.04834875,1.834161,0.45854025,70.98198299999999,17.745495749999996,1.639872000000011,0.4099680000000028,18.15546375,legacy_v1_recovered
L-U,1,,75,4,15.142412,11.625863,2.90646575,0.175729,0.04393225,1.7480989999999998,0.43702474999999996,13.549691000000001,3.3874227500000003,1.5927209999999992,0.3981802499999998,3.785603,legacy_v1_recovered
L-U,1,,76,4,16.945408,13.436364999999999,3.3590912499999996,0.191392,0.047848,1.787145,0.44678625,15.414902,3.8537255,1.5305060000000008,0.3826265000000002,4.236352,legacy_v1_recovered
L-U,1,,77,4,45.081076,41.582947999999995,10.395736999999999,0.194986,0.0487465,1.762793,0.44069825,43.540727,10.88518175,1.5403490000000062,0.38508725000000155,11.270269,legacy_v1_recovered
L-U,1,,78,4,16.755041,13.295442,3.3238605,0.17024,0.04256,1.764756,0.441189,15.230438,3.8076095,1.524602999999999,0.38115074999999976,4.18876025,legacy_v1_recovered
L-U,1,,79,4,27.761639,24.188039,6.04700975,0.215748,0.053937,1.756845,0.43921125,26.160632,6.540158,1.6010069999999992,0.4002517499999998,6.94040975,legacy_v1_recovered
L-U,1,,80,4,17.122068,13.62131,3.4053275,0.17928,0.04482,1.7752219999999999,0.44380549999999996,15.575811999999999,3.8939529999999998,1.5462559999999996,0.3865639999999999,4.280517,legacy_v1_recovered
L-U,1,,81,4,16.936765,13.447355,3.36183875,0.170084,0.042521,1.788775,0.44719375,15.406213999999999,3.8515534999999996,1.5305510000000027,0.38263775000000066,4.23419125,legacy_v1_recovered
L-U,1,,82,4,15.153808,11.663856000000001,2.9159640000000002,0.178585,0.04464625,1.768106,0.4420265,13.610547,3.40263675,1.5432609999999993,0.38581524999999983,3.788452,legacy_v1_recovered
L-U,1,,83,4,33.059611,29.622371,7.40559275,0.170653,0.04266325,1.744887,0.43622175,31.537911,7.88447775,1.5216999999999956,0.3804249999999989,8.26490275,legacy_v1_recovered
L-U,1,,84,4,16.783352,13.293099,3.32327475,0.172405,0.04310125,1.760307,0.44007675,15.225811,3.80645275,1.5575410000000005,0.3893852500000001,4.195838,legacy_v1_recovered
L-U,1,,85,4,77.066665,73.52789999999999,18.381974999999997,0.203084,0.050771,1.76661,0.4416525,75.49759399999999,18.874398499999998,1.569071000000008,0.392267750000002,19.26666625,legacy_v1_recovered
L-U,1,,86,4,19.200234,15.629628,3.907407,0.211648,0.052912,1.856643,0.46416075,17.697919,4.42447975,1.5023149999999994,0.37557874999999985,4.8000585,legacy_v1_recovered
L-U,1,,87,4,32.549384,29.036327,7.25908175,0.19791999999999998,0.049479999999999996,1.7309320000000001,0.43273300000000003,30.965179,7.74129475,1.5842050000000043,0.3960512500000011,8.137346,legacy_v1_recovered
L-U,1,,88,4,63.139993,59.571168,14.892792,0.209432,0.052358,1.797136,0.449284,61.577736,15.394434,1.5622569999999953,0.39056424999999884,15.78499825,legacy_v1_recovered
L-U,1,,89,4,80.5994,76.607403,19.15185075,0.129164,0.032291,2.242972,0.560743,78.979539,19.74488475,1.6198610000000002,0.40496525000000005,20.14985,legacy_v1_recovered
L-U,1,,90,4,15.236692,11.688663,2.92216575,0.16115300000000002,0.040288250000000005,1.787106,0.4467765,13.636922,3.4092305,1.5997699999999995,0.39994249999999987,3.809173,legacy_v1_recovered
L-U,1,,91,4,110.373936,106.742033,26.68550825,0.223895,0.05597375,1.834076,0.458519,108.800004,27.200001,1.5739319999999992,0.3934829999999998,27.593484,legacy_v1_recovered
L-U,1,,92,4,45.383247,41.866220999999996,10.466555249999999,0.156701,0.03917525,1.81237,0.4530925,43.835291999999995,10.958822999999999,1.5479550000000017,0.38698875000000044,11.34581175,legacy_v1_recovered
L-U,1,,93,4,31.229462,27.698299,6.92457475,0.19936600000000002,0.049841500000000004,1.732622,0.4331555,29.630287,7.40757175,1.5991750000000025,0.3997937500000006,7.8073655,legacy_v1_recovered
L-U,1,,94,4,15.719189,12.162870999999999,3.0407177499999998,0.197488,0.049372,1.718236,0.429559,14.078595,3.51964875,1.640594,0.4101485,3.92979725,legacy_v1_recovered
L-U,1,,95,4,15.077062,11.522148,2.880537,0.200522,0.0501305,1.798229,0.44955725,13.520899,3.38022475,1.5561629999999997,0.38904074999999994,3.7692655,legacy_v1_recovered
L-U,1,,96,4,13.672378,10.233007,2.55825175,0.154798,0.0386995,1.737166,0.4342915,12.124971,3.03124275,1.5474069999999998,0.38685174999999994,3.4180945,legacy_v1_recovered
L-U,1,,97,4,108.596052,105.018394,26.2545985,0.185877,0.04646925,1.849593,0.46239825,107.053864,26.763466,1.542187999999996,0.385546999999999,27.149013,legacy_v1_recovered
L-U,1,,98,4,16.867424,13.399279,3.34981975,0.15892599999999998,0.039731499999999996,1.759517,0.43987925,15.317722,3.8294305,1.549702,0.3874255,4.216856,legacy_v1_recovered
L-U,1,,99,4,27.731722,24.223117000000002,6.0557792500000005,0.179181,0.04479525,1.757834,0.4394585,26.160132,6.540033,1.5715900000000005,0.3928975000000001,6.9329305,legacy_v1_recovered
L-U,1,,100,4,36.231134,32.65664,8.16416,0.191255,0.04781375,1.819497,0.45487425,34.667392,8.666848,1.5637419999999977,0.39093549999999944,9.0577835,legacy_v1_recovered
L-U,1,,101,4,18.734314,15.372850999999999,3.8432127499999997,0.132496,0.033124,1.736459,0.43411475,17.241805999999997,4.310451499999999,1.4925080000000044,0.3731270000000011,4.6835785,legacy_v1_recovered
L-U,1,,102,4,57.394594,53.873305,13.46832625,0.188143,0.04703575,1.758928,0.439732,55.820375999999996,13.955093999999999,1.574218000000002,0.3935545000000005,14.3486485,legacy_v1_recovered
L-U,1,,103,4,15.488601,12.007583,3.00189575,0.173231,0.04330775,1.777941,0.44448525,13.958755,3.48968875,1.5298459999999992,0.3824614999999998,3.87215025,legacy_v1_recovered
L-U,1,,104,4,13.6643,10.160264999999999,2.5400662499999997,0.179637,0.04490925,1.761451,0.44036275,12.101353,3.02533825,1.5629470000000012,0.3907367500000003,3.416075,legacy_v1_recovered
L-U,1,,105,4,58.073363,54.617132,13.654283,0.164493,0.04112325,1.763202,0.4408005,56.544827,14.13620675,1.5285360000000026,0.38213400000000064,14.51834075,legacy_v1_recovered
L-U,1,,106,4,59.545927,55.89872,13.97468,0.227259,0.05681475,1.853897,0.46347425,57.97987599999999,14.494968999999998,1.5660510000000087,0.3915127500000022,14.88648175,legacy_v1_recovered
L-U,1,,107,4,34.529756,31.04925,7.7623125,0.179775,0.04494375,1.771485,0.44287125,33.00051,8.2501275,1.5292460000000005,0.38231150000000014,8.632439,legacy_v1_recovered
L-U,1,,108,4,15.624383,12.152497,3.03812425,0.187846,0.0469615,1.739464,0.434866,14.079807,3.51995175,1.5445759999999993,0.3861439999999998,3.90609575,legacy_v1_recovered
L-U,1,,109,4,18.344766,14.869536,3.717384,0.162211,0.04055275,1.779518,0.4448795,16.811265,4.20281625,1.5335010000000011,0.3833752500000003,4.5861915,legacy_v1_recovered
L-U,1,,110,4,13.599712,10.135722,2.5339305,0.155307,0.03882675,1.756888,0.439222,12.047917,3.01197925,1.5517950000000003,0.38794875000000006,3.399928,legacy_v1_recovered
L-U,1,,111,4,31.22978,27.776908,6.944227,0.155223,0.03880575,1.758281,0.43957025,29.690412,7.422603,1.5393680000000032,0.3848420000000008,7.807445,legacy_v1_recovered
L-U,1,,112,4,57.526435,54.055209000000005,13.513802250000001,0.183508,0.045877,1.746149,0.43653725,55.98486600000001,13.996216500000003,1.5415689999999884,0.3853922499999971,14.38160875,legacy_v1_recovered
L-U,1,,113,4,17.379968,13.825726,3.4564315,0.209896,0.052474,1.7954910000000002,0.44887275000000004,15.831113,3.95777825,1.5488550000000014,0.38721375000000036,4.344992,legacy_v1_recovered
L-U,1,,114,4,13.770646,10.206852,2.551713,0.207698,0.0519245,1.736801,0.43420025,12.151351,3.03783775,1.6192949999999993,0.4048237499999998,3.4426615,legacy_v1_recovered
L-U,1,,115,4,15.29038,11.790310999999999,2.9475777499999998,0.17918,0.044795,1.747611,0.43690275,13.717102,3.4292755,1.5732780000000002,0.39331950000000004,3.822595,legacy_v1_recovered
L-U,1,,116,4,15.508778,12.025348000000001,3.0063370000000003,0.193605,0.04840125,1.772008,0.443002,13.990961,3.49774025,1.517816999999999,0.37945424999999977,3.8771945,legacy_v1_recovered
L-U,1,,117,4,13.611455,10.198637,2.54965925,0.157184,0.039296,1.730418,0.4326045,12.086238999999999,3.0215597499999998,1.5252160000000003,0.3813040000000001,3.40286375,legacy_v1_recovered
L-U,1,,118,4,121.805418,118.116655,29.52916375,0.171037,0.04275925,1.887459,0.47186475,120.175151,30.04378775,1.6302670000000035,0.40756675000000087,30.4513545,legacy_v1_recovered
L-U,1,,119,4,72.447058,68.97903099999999,17.244757749999998,0.130387,0.03259675,1.791004,0.447751,70.90042199999999,17.725105499999998,1.5466360000000066,0.38665900000000164,18.1117645,legacy_v1_recovered
L-U,1,,120,4,73.469623,70.00302,17.500755,0.16350199999999998,0.040875499999999995,1.735344,0.433836,71.901866,17.9754665,1.5677570000000003,0.3919392500000001,18.36740575,legacy_v1_recovered
L-U,1,,121,4,17.636238,14.105772,3.526443,0.181956,0.045489,1.796445,0.44911125,16.084173,4.02104325,1.552064999999999,0.38801624999999973,4.4090595,legacy_v1_recovered
L-U,1,,122,4,13.6245,10.206457,2.55161425,0.157403,0.03935075,1.715565,0.42889125,12.079425,3.01985625,1.5450749999999989,0.3862687499999997,3.406125,legacy_v1_recovered
L-U,1,,123,4,17.193425,13.748314,3.4370785,0.138952,0.034738,1.789439,0.44735975,15.676705,3.91917625,1.5167200000000012,0.3791800000000003,4.29835625,legacy_v1_recovered
L-U,1,,124,4,16.822277,13.316226,3.3290565,0.180622,0.0451555,1.788121,0.44703025,15.284969,3.82124225,1.5373079999999995,0.38432699999999986,4.20556925,legacy_v1_recovered
L-U,1,,125,4,13.667244,10.227468,2.556867,0.155474,0.0388685,1.747434,0.4368585,12.130376,3.032594,1.5368680000000001,0.38421700000000003,3.416811,legacy_v1_recovered
L-U,1,,126,4,73.616043,70.073747,17.51843675,0.203869,0.05096725,1.780253,0.44506325,72.057869,18.01446725,1.5581740000000082,0.38954350000000204,18.40401075,legacy_v1_recovered
L-U,1,,127,4,17.115751,13.627993,3.40699825,0.189645,0.04741125,1.750539,0.43763475,15.568177,3.89204425,1.5475739999999991,0.3868934999999998,4.27893775,legacy_v1_recovered
L-U,1,,128,4,96.644517,93.145871,23.28646775,0.190751,0.04768775,1.784258,0.4460645,95.12088,23.78022,1.5236369999999937,0.3809092499999984,24.16112925,legacy_v1_recovered
L-U,1,,129,4,16.891381,13.43338,3.358345,0.157994,0.0394985,1.76702,0.441755,15.358394,3.8395985,1.5329869999999985,0.38324674999999964,4.22284525,legacy_v1_recovered
L-U,1,,130,4,41.960682,38.382636,9.595659,0.16944700000000001,0.042361750000000004,1.82286,0.455715,40.374942999999995,10.093735749999999,1.5857390000000038,0.39643475000000095,10.4901705,legacy_v1_recovered
L-U,1,,131,4,31.256213,27.799878999999997,6.949969749999999,0.158509,0.03962725,1.7480339999999999,0.43700849999999997,29.706421999999996,7.426605499999999,1.5497910000000026,0.38744775000000065,7.81405325,legacy_v1_recovered
L-U,1,,132,4,82.417868,78.890363,19.72259075,0.173324,0.043331,1.769358,0.4423395,80.83304499999998,20.208261249999996,1.5848230000000143,0.3962057500000036,20.604467,legacy_v1_recovered
L-U,1,,133,4,17.061029,13.524092,3.381023,0.21064,0.05266,1.794264,0.448566,15.528996,3.882249,1.532033000000002,0.3830082500000005,4.26525725,legacy_v1_recovered
L-U,1,,134,4,17.187423,13.604523,3.40113075,0.196087,0.04902175,1.7640310000000001,0.44100775000000003,15.564641000000002,3.8911602500000004,1.6227819999999973,0.4056954999999993,4.29685575,legacy_v1_recovered
L-U,1,,135,4,13.817059,10.246872,2.561718,0.179942,0.0449855,1.809348,0.452337,12.236162,3.0590405,1.5808970000000002,0.39522425000000005,3.45426475,legacy_v1_recovered
L-U,1,,136,4,59.278283,55.833613,13.95840325,0.157053,0.03926325,1.744513,0.43612825,57.735178999999995,14.433794749999999,1.5431040000000067,0.3857760000000017,14.81957075,legacy_v1_recovered
L-U,1,,137,4,57.246375,53.705427,13.42635675,0.191391,0.04784775,1.783882,0.4459705,55.6807,13.920175,1.5656749999999988,0.3914187499999997,14.31159375,legacy_v1_recovered
L-U,1,,138,4,13.61817,10.116259,2.52906475,0.20777099999999998,0.051942749999999996,1.736621,0.43415525,12.060650999999998,3.0151627499999996,1.557519000000001,0.38937975000000025,3.4045425,legacy_v1_recovered
L-U,1,,139,4,15.934052,12.380084,3.095021,0.190858,0.0477145,1.8077100000000002,0.45192750000000004,14.378652,3.594663,1.5553999999999988,0.3888499999999997,3.983513,legacy_v1_recovered
L-U,1,,140,4,103.96981,100.46708,25.11677,0.192961,0.04824025,1.747439,0.43685975,102.40747999999999,25.601869999999998,1.5623300000000029,0.3905825000000007,25.9924525,legacy_v1_recovered
L-U,1,,141,4,15.251424,11.722714,2.9306785,0.180542,0.0451355,1.789974,0.4474935,13.69323,3.4233075,1.5581940000000003,0.3895485000000001,3.812856,legacy_v1_recovered
L-U,1,,142,4,57.782958,54.332456,13.583114,0.155651,0.03891275,1.755356,0.438839,56.243463,14.06086575,1.5394950000000023,0.38487375000000057,14.4457395,legacy_v1_recovered
L-U,1,,143,4,16.432143,12.626927,3.15673175,0.19162099999999999,0.047905249999999996,2.052103,0.51302575,14.870650999999999,3.7176627499999997,1.5614920000000012,0.3903730000000003,4.10803575,legacy_v1_recovered
L-U,1,,144,4,15.129947,11.584291,2.89607275,0.220912,0.055228,1.744421,0.43610525,13.549624000000001,3.3874060000000004,1.5803229999999981,0.39508074999999954,3.78248675,legacy_v1_recovered
L-U,1,,145,4,36.253416,32.749091,8.18727275,0.172543,0.04313575,1.756637,0.43915925,34.678270999999995,8.669567749999999,1.5751450000000062,0.39378625000000156,9.063354,legacy_v1_recovered
L-U,1,,146,4,15.610797,12.075206999999999,3.0188017499999997,0.206568,0.051642,1.768997,0.44224925,14.050772,3.512693,1.5600249999999996,0.3900062499999999,3.90269925,legacy_v1_recovered
L-U,1,,147,4,56.020739,52.389288,13.097322,0.197096,0.049274,1.8165930000000001,0.45414825000000003,54.402977,13.60074425,1.617761999999999,0.40444049999999976,14.00518475,legacy_v1_recovered
L-U,1,,148,4,90.360231,86.767579,21.69189475,0.178613,0.04465325,1.74694,0.436735,88.69313199999999,22.173282999999998,1.6670990000000074,0.41677475000000186,22.59005775,legacy_v1_recovered
L-U,1,,149,4,16.336461,12.711065999999999,3.1777664999999997,0.175408,0.043852,1.8546070000000001,0.46365175000000003,14.741081,3.68527025,1.5953800000000005,0.3988450000000001,4.08411525,legacy_v1_recovered
L-U,1,,150,4,66.821666,63.255847,15.81396175,0.202207,0.05055175,1.792783,0.44819575,65.250837,16.31270925,1.5708289999999892,0.3927072499999973,16.7054165,legacy_v1_recovered
L-U,1,,151,4,43.165302,39.717938000000004,9.929484500000001,0.156315,0.03907875,1.729714,0.4324285,41.603967000000004,10.400991750000001,1.5613349999999926,0.39033374999999815,10.7913255,legacy_v1_recovered
L-U,1,,152,4,13.675383,10.173919000000001,2.5434797500000004,0.174355,0.04358875,1.781001,0.44525025,12.129275000000002,3.0323187500000004,1.5461079999999985,0.3865269999999996,3.41884575,legacy_v1_recovered
L-U,1,,153,4,15.620059,12.15032,3.03758,0.219408,0.054852,1.71959,0.4298975,14.089318,3.5223295,1.530740999999999,0.38268524999999975,3.90501475,legacy_v1_recovered
L-U,1,,154,4,15.091846,11.572777,2.89319425,0.203767,0.05094175,1.749284,0.437321,13.525827999999999,3.3814569999999997,1.5660180000000015,0.39150450000000037,3.7729615,legacy_v1_recovered
L-U,1,,155,4,13.579361,10.162997,2.54074925,0.125557,0.03138925,1.724613,0.43115325,12.013167000000001,3.0032917500000003,1.5661939999999994,0.39154849999999985,3.39484025,legacy_v1_recovered
L-U,1,,156,4,15.741242,12.242647,3.06066175,0.18753999999999998,0.046884999999999996,1.7614290000000001,0.44035725000000003,14.191616,3.547904,1.549626,0.3874065,3.9353105,legacy_v1_recovered
L-U,1,,157,4,96.042611,92.546946,23.1367365,0.149414,0.0373535,1.735572,0.433893,94.431932,23.607983,1.6106789999999904,0.4026697499999976,24.01065275,legacy_v1_recovered
L-U,1,,158,4,13.688404,10.190826,2.5477065,0.167029,0.04175725,1.723308,0.430827,12.081162999999998,3.0202907499999996,1.607241000000002,0.4018102500000005,3.422101,legacy_v1_recovered
L-U,1,,159,4,47.384391,43.725078,10.9312695,0.206142,0.0515355,1.865205,0.46630125,45.796425000000006,11.449106250000002,1.5879659999999944,0.3969914999999986,11.84609775,legacy_v1_recovered
L-U,1,,160,4,15.218643,11.7393,2.934825,0.128369,0.03209225,1.7744469999999999,0.44361174999999997,13.642116,3.410529,1.5765270000000005,0.3941317500000001,3.80466075,legacy_v1_recovered
L-U,1,,161,4,16.853169,13.367385,3.34184625,0.172625,0.04315625,1.769164,0.442291,15.309174,3.8272935,1.5439950000000007,0.38599875000000017,4.21329225,legacy_v1_recovered
L-U,1,,162,4,89.379637,85.850417,21.46260425,0.194103,0.04852575,1.790949,0.44773725,87.83546899999999,21.958867249999997,1.5441680000000133,0.3860420000000033,22.34490925,legacy_v1_recovered
L-U,1,,163,4,15.058388,11.515471,2.87886775,0.202182,0.0505455,1.757879,0.43946975,13.475532000000001,3.3688830000000003,1.5828559999999996,0.3957139999999999,3.764597,legacy_v1_recovered
L-U,1,,164,4,13.68065,10.126058,2.5315145,0.194338,0.0485845,1.743993,0.43599825,12.064389,3.01609725,1.6162609999999997,0.40406524999999993,3.4201625,legacy_v1_recovered
L-U,1,,165,4,13.672231,10.145774,2.5364435,0.208203,0.05205075,1.7481119999999999,0.43702799999999997,12.102089,3.02552225,1.5701420000000006,0.39253550000000015,3.41805775,legacy_v1_recovered
L-U,1,,166,4,88.258223,84.708861,21.17721525,0.224122,0.0560305,1.750821,0.43770525,86.683804,21.670951,1.574419000000006,0.3936047500000015,22.06455575,legacy_v1_recovered
L-U,1,,167,4,17.318985,13.851759999999999,3.4629399999999997,0.206231,0.05155775,1.70472,0.42618,15.762711,3.94067775,1.556274000000002,0.3890685000000005,4.32974625,legacy_v1_recovered
L-U,1,,168,4,17.036298,13.490867999999999,3.3727169999999997,0.175786,0.0439465,1.808384,0.452096,15.475038,3.8687595,1.561259999999999,0.39031499999999975,4.2590745,legacy_v1_recovered
L-U,1,,169,4,59.334541,55.830725,13.95768125,0.179036,0.044759,1.756558,0.4391395,57.766319,14.44157975,1.5682219999999987,0.39205549999999967,14.83363525,legacy_v1_recovered
L-U,1,,170,4,87.8899,84.004581,21.00114525,0.188334,0.0470835,1.946339,0.48658475,86.139254,21.5348135,1.7506460000000033,0.4376615000000008,21.972475,legacy_v1_recovered
L-U,1,,171,4,13.641794,10.166076,2.541519,0.17929299999999998,0.044823249999999995,1.745164,0.436291,12.090533,3.02263325,1.5512610000000002,0.38781525000000006,3.4104485,legacy_v1_recovered
L-U,1,,172,4,15.961928,12.222038,3.0555095,0.218016,0.054504,1.8464180000000001,0.46160450000000003,14.286472,3.571618,1.6754560000000005,0.4188640000000001,3.990482,legacy_v1_recovered
L-U,1,,173,4,17.358555,13.80604,3.45151,0.217651,0.05441275,1.775274,0.4438185,15.798964999999999,3.9497412499999998,1.55959,0.3898975,4.33963875,legacy_v1_recovered
L-U,1,,174,4,15.512666,12.048373999999999,3.0120934999999998,0.151751,0.03793775,1.770093,0.44252325,13.970218,3.4925545,1.5424480000000003,0.38561200000000007,3.8781665,legacy_v1_recovered
L-U,1,,175,4,80.156506,76.660302,19.1650755,0.181431,0.04535775,1.7520959999999999,0.43802399999999997,78.593829,19.64845725,1.5626769999999937,0.3906692499999984,20.0391265,legacy_v1_recovered
L-U,1,,176,4,13.786578,10.234092,2.558523,0.191443,0.04786075,1.79476,0.44869,12.220295,3.05507375,1.5662830000000003,0.3915707500000001,3.4466445,legacy_v1_recovered
L-U,1,,177,4,89.586504,86.024267,21.50606675,0.223891,0.05597275,1.791701,0.44792525,88.03985899999999,22.009964749999998,1.5466450000000123,0.38666125000000306,22.396626,legacy_v1_recovered
L-U,1,,178,4,48.037698,44.482257,11.12056425,0.178639,0.04465975,1.790214,0.4475535,46.45110999999999,11.612777499999998,1.586588000000006,0.3966470000000015,12.0094245,legacy_v1_recovered
L-U,1,,179,4,45.444353,41.876855000000006,10.469213750000002,0.197509,0.04937725,1.780275,0.44506875,43.854639000000006,10.963659750000001,1.5897139999999936,0.3974284999999984,11.36108825,legacy_v1_recovered
L-U,1,,180,4,17.200496,13.669698,3.4174245,0.175488,0.043872,1.787007,0.44675175,15.632193000000001,3.9080482500000002,1.5683030000000002,0.39207575000000006,4.300124,legacy_v1_recovered
L-U,1,,181,4,29.648998,26.145703,6.53642575,0.224939,0.05623475,1.735363,0.43384075,28.106005,7.02650125,1.5429929999999992,0.3857482499999998,7.4122495,legacy_v1_recovered
L-U,1,,182,4,14.918781,11.451605,2.86290125,0.175792,0.043948,1.749191,0.43729775,13.376588,3.344147,1.5421929999999993,0.3855482499999998,3.72969525,legacy_v1_recovered
L-U,1,,183,4,16.97826,13.452854,3.3632135,0.197609,0.04940225,1.765779,0.44144475,15.416242,3.8540605,1.5620179999999984,0.3905044999999996,4.244565,legacy_v1_recovered
L-U,1,,184,4,45.291806,41.791135999999995,10.447783999999999,0.182203,0.04555075,1.747587,0.43689675,43.720926,10.9302315,1.5708800000000025,0.3927200000000006,11.3229515,legacy_v1_recovered
L-U,1,,185,4,13.694985,10.209743,2.55243575,0.170691,0.04267275,1.7631269999999999,0.44078174999999997,12.143560999999998,3.0358902499999996,1.5514240000000026,0.38785600000000064,3.42374625,legacy_v1_recovered
L-U,1,,186,4,74.975728,71.472609,17.86815225,0.197255,0.04931375,1.742673,0.43566825,73.412537,18.35313425,1.5631910000000033,0.39079775000000083,18.743932,legacy_v1_recovered
L-U,1,,187,4,89.846835,86.27899000000001,21.569747500000002,0.210277,0.05256925,1.8079809999999998,0.45199524999999996,88.29724800000001,22.074312000000003,1.5495869999999883,0.38739674999999707,22.46170875,legacy_v1_recovered
L-U,1,,188,4,41.895468,38.346933,9.58673325,0.221941,0.05548525,1.732069,0.43301725,40.300943000000004,10.075235750000001,1.5945249999999973,0.3986312499999993,10.473867,legacy_v1_recovered
L-U,1,,189,4,63.150108,59.696351,14.92408775,0.179263,0.04481575,1.73635,0.4340875,61.611964,15.402991,1.5381440000000026,0.38453600000000066,15.787527,legacy_v1_recovered
L-U,1,,190,4,56.673829,53.105576000000006,13.276394000000002,0.22553199999999998,0.056382999999999996,1.767879,0.44196975,55.09898700000001,13.774746750000002,1.5748419999999896,0.3937104999999974,14.16845725,legacy_v1_recovered
L-U,1,,191,4,62.889566,59.375040999999996,14.843760249999999,0.219585,0.05489625,1.729549,0.43238725,61.324175,15.33104375,1.5653910000000053,0.3913477500000013,15.7223915,legacy_v1_recovered
L-U,1,,192,4,13.615553,10.111358,2.5278395,0.192142,0.0480355,1.737657,0.43441425,12.041157,3.01028925,1.5743960000000001,0.39359900000000003,3.40388825,legacy_v1_recovered
L-U,1,,193,4,16.968435,13.50582,3.376455,0.19799,0.0494975,1.7424439999999999,0.43561099999999997,15.446254,3.8615635,1.5221809999999998,0.38054524999999995,4.24210875,legacy_v1_recovered
L-U,1,,194,4,104.54491,100.943758,25.2359395,0.174634,0.0436585,1.808115,0.45202875,102.926507,25.73162675,1.6184030000000007,0.4046007500000002,26.1362275,legacy_v1_recovered
L-U,1,,195,4,147.947843,144.382395,36.09559875,0.124027,0.03100675,1.857138,0.4642845,146.36356,36.59089,1.5842829999999992,0.3960707499999998,36.98696075,legacy_v1_recovered
L-U,1,,196,4,64.472929,60.938987000000004,15.234746750000001,0.229086,0.0572715,1.737993,0.43449825,62.90606600000001,15.726516500000002,1.5668629999999837,0.3917157499999959,16.11823225,legacy_v1_recovered
L-U,1,,197,4,59.573243,56.008096,14.002024,0.19450599999999998,0.048626499999999996,1.792683,0.44817075,57.995284999999996,14.498821249999999,1.5779580000000024,0.3944895000000006,14.89331075,legacy_v1_recovered
L-U,1,,198,4,143.875055,140.304385,35.07609625,0.205125,0.05128125,1.757404,0.439351,142.266914,35.5667285,1.6081409999999892,0.4020352499999973,35.96876375,legacy_v1_recovered
L-U,1,,199,4,69.89417,66.336624,16.584156,0.180094,0.0450235,1.791396,0.447849,68.308114,17.0770285,1.5860559999999992,0.3965139999999998,17.4735425,legacy_v1_recovered
L-U,1,,200,4,59.545338,55.937652,13.984413,0.190887,0.04772175,1.8094270000000001,0.45235675000000003,57.937965999999996,14.484491499999999,1.6073720000000051,0.4018430000000013,14.8863345,legacy_v1_recovered
L-U,1,,201,4,93.333232,89.818257,22.45456425,0.129843,0.03246075,1.787558,0.4468895,91.735658,22.9339145,1.5975739999999945,0.3993934999999986,23.333308,legacy_v1_recovered
L-U,1,,202,4,70.978021,67.431885,16.85797125,0.204724,0.051181,1.744717,0.43617925,69.38132599999999,17.345331499999997,1.596695000000011,0.39917375000000277,17.74450525,legacy_v1_recovered
L-U,1,,203,4,17.724215,14.193664,3.548416,0.176248,0.044062,1.7991730000000001,0.44979325000000003,16.169085,4.04227125,1.555130000000002,0.3887825000000005,4.43105375,legacy_v1_recovered
L-U,1,,204,4,16.983579,13.541736,3.385434,0.15384799999999998,0.038461999999999996,1.7334,0.43335,15.428984,3.857246,1.554594999999999,0.38864874999999977,4.24589475,legacy_v1_recovered
L-U,1,,205,4,15.629303,12.18489,3.0462225,0.174125,0.04353125,1.7757640000000001,0.44394100000000003,14.134779,3.53369475,1.4945240000000002,0.37363100000000005,3.90732575,legacy_v1_recovered
L-U,1,,206,4,32.513149,29.01783,7.2544575,0.205843,0.05146075,1.73071,0.4326775,30.954383,7.73859575,1.5587659999999985,0.38969149999999964,8.12828725,legacy_v1_recovered
L-U,1,,207,4,13.615809,10.117705,2.52942625,0.194411,0.04860275,1.748451,0.43711275,12.060567,3.01514175,1.5552419999999998,0.38881049999999995,3.40395225,legacy_v1_recovered
L-U,1,,208,4,13.710803,10.256170000000001,2.5640425000000002,0.179654,0.0449135,1.721498,0.4303745,12.157322,3.0393305,1.5534809999999997,0.3883702499999999,3.42770075,legacy_v1_recovered
L-U,1,,209,4,15.782048,12.223034,3.0557585,0.211588,0.052897,1.812133,0.45303325,14.246755,3.56168875,1.5352929999999994,0.38382324999999984,3.945512,legacy_v1_recovered
L-U,1,,210,4,18.547326,15.041872,3.760468,0.178988,0.044747,1.764383,0.44109575,16.985243,4.24631075,1.5620830000000012,0.3905207500000003,4.6368315,legacy_v1_recovered
L-U,1,,211,4,17.094664,13.584053,3.39601325,0.175451,0.04386275,1.79373,0.4484325,15.553234000000002,3.8883085000000004,1.54143,0.3853575,4.273666,legacy_v1_recovered
L-U,1,,212,4,47.64485,44.208284,11.052071,0.177249,0.04431225,1.713079,0.42826975,46.098612,11.524653,1.5462379999999953,0.38655949999999883,11.9112125,legacy_v1_recovered
L-U,1,,213,4,13.664184,10.19683,2.5492075,0.177218,0.0443045,1.74305,0.4357625,12.117098,3.0292745,1.5470860000000002,0.38677150000000005,3.416046,legacy_v1_recovered
L-U,1,,214,4,32.30398,28.86241,7.2156025,0.178998,0.0447495,1.7258339999999999,0.43145849999999997,30.767242,7.6918105,1.5367380000000033,0.3841845000000008,8.075995,legacy_v1_recovered
L-U,1,,215,4,62.456393,58.628828,14.657207,0.208482,0.0521205,2.0123230000000003,0.5030807500000001,60.849633,15.21240825,1.6067600000000013,0.4016900000000003,15.61409825,legacy_v1_recovered
L-U,1,,216,4,15.589637,12.031037999999999,3.0077594999999997,0.19354,0.048385,1.801789,0.45044725,14.026366999999999,3.5065917499999997,1.563270000000001,0.39081750000000026,3.89740925,legacy_v1_recovered
L-U,1,,217,4,41.887976,38.429559000000005,9.607389750000001,0.158684,0.039671,1.750432,0.437608,40.33867500000001,10.084668750000002,1.5493009999999927,0.3873252499999982,10.471994,legacy_v1_recovered
L-U,1,,218,4,17.399479,13.924535,3.48113375,0.195634,0.0489085,1.742132,0.435533,15.862301,3.96557525,1.537177999999999,0.38429449999999976,4.34986975,legacy_v1_recovered
L-U,1,,219,4,13.650547,10.128538,2.5321345,0.21801399999999999,0.054503499999999996,1.727054,0.4317635,12.073606000000002,3.0184015000000004,1.576940999999998,0.3942352499999995,3.41263675,legacy_v1_recovered
L-U,1,,220,4,115.190299,111.614246,27.9035615,0.196185,0.04904625,1.810532,0.452633,113.62096299999999,28.405240749999997,1.569336000000007,0.39233400000000174,28.79757475,legacy_v1_recovered
L-U,1,,221,4,63.101877,59.617588,14.904397,0.206123,0.05153075,1.7278129999999998,0.43195324999999996,61.55152399999999,15.387880999999998,1.5503530000000083,0.3875882500000021,15.77546925,legacy_v1_recovered
L-U,1,,222,4,62.903882,59.381796,14.845449,0.158489,0.03962225,1.833323,0.45833075,61.373608000000004,15.343402000000001,1.5302739999999986,0.38256849999999964,15.7259705,legacy_v1_recovered
L-U,1,,223,4,13.615466,10.142487,2.53562175,0.186276,0.046569,1.731082,0.4327705,12.059845,3.01496125,1.5556210000000004,0.3889052500000001,3.4038665,legacy_v1_recovered
L-U,1,,224,4,141.450785,137.903435,34.47585875,0.204819,0.05120475,1.752597,0.43814925,139.860851,34.96521275,1.5899339999999995,0.3974834999999999,35.36269625,legacy_v1_recovered
L-U,1,,225,4,43.499001,39.933482999999995,9.983370749999999,0.207875,0.05196875,1.7840150000000001,0.44600375000000003,41.92537299999999,10.481343249999998,1.5736280000000065,0.3934070000000016,10.87475025,legacy_v1_recovered
L-U,1,,226,4,101.855932,98.301433,24.57535825,0.17229,0.0430725,1.780218,0.4450545,100.25394100000001,25.063485250000003,1.601990999999984,0.400497749999996,25.463983,legacy_v1_recovered
L-U,1,,227,4,59.441828,55.911076,13.977769,0.174714,0.0436785,1.752448,0.438112,57.838238000000004,14.459559500000001,1.603589999999997,0.40089749999999924,14.860457,legacy_v1_recovered
L-U,1,,228,4,13.7304,10.203678,2.5509195,0.224263,0.05606575,1.710694,0.4276735,12.138635,3.03465875,1.5917649999999988,0.3979412499999997,3.4326,legacy_v1_recovered
L-U,1,,229,4,124.818191,121.220734,30.3051835,0.169851,0.04246275,1.85482,0.463705,123.24540499999999,30.811351249999998,1.5727860000000078,0.39319650000000195,31.20454775,legacy_v1_recovered
L-U,1,,230,4,17.367983,13.840017,3.46000425,0.20363900000000001,0.050909750000000004,1.779368,0.444842,15.823024,3.955756,1.5449589999999986,0.38623974999999966,4.34199575,legacy_v1_recovered
L-U,1,,231,4,13.576443,10.124547,2.53113675,0.174593,0.04364825,1.724823,0.43120575,12.023963,3.00599075,1.5524799999999992,0.3881199999999998,3.39411075,legacy_v1_recovered
L-U,1,,232,4,13.557231,10.147905,2.53697625,0.12643100000000002,0.031607750000000004,1.750542,0.4376355,12.024878,3.0062195,1.5323530000000005,0.38308825000000013,3.38930775,legacy_v1_recovered
L-U,1,,233,4,13.573193,10.134459,2.53361475,0.16575800000000002,0.041439500000000004,1.708831,0.42720775,12.009048,3.002262,1.564145,0.39103625,3.39329825,legacy_v1_recovered
L-U,1,,234,4,41.919537,38.426442,9.6066105,0.15995,0.0399875,1.7746119999999999,0.44365299999999996,40.361004,10.090251,1.558532999999997,0.38963324999999926,10.47988425,legacy_v1_recovered
L-U,1,,235,4,42.2566,38.80486,9.701215,0.126492,0.031623,1.7625250000000001,0.44063125000000003,40.693877,10.17346925,1.5627229999999983,0.3906807499999996,10.56415,legacy_v1_recovered
L-U,1,,236,4,34.519853,30.917794,7.7294485,0.16325,0.0408125,1.825263,0.45631575,32.906307000000005,8.226576750000001,1.6135459999999924,0.4033864999999981,8.62996325,legacy_v1_recovered
L-U,1,,237,4,17.557976,14.019912,3.504978,0.191559,0.04788975,1.768351,0.44208775,15.979821999999999,3.9949554999999997,1.5781540000000014,0.39453850000000035,4.389494,legacy_v1_recovered
L-U,1,,238,4,17.255532,13.62884,3.40721,0.217918,0.0544795,1.841301,0.46032525,15.688058999999999,3.9220147499999998,1.5674729999999997,0.3918682499999999,4.313883,legacy_v1_recovered
L-U,1,,239,4,17.163447,13.648434,3.4121085,0.20778000000000002,0.051945000000000005,1.766825,0.44170625,15.623039,3.90575975,1.540408000000001,0.3851020000000003,4.29086175,legacy_v1_recovered
L-U,1,,240,4,59.573452,55.855185,13.96379625,0.18288100000000002,0.045720250000000004,1.965573,0.49139325,58.003639,14.50090975,1.5698130000000035,0.39245325000000086,14.893363,legacy_v1_recovered
L-U,1,,241,4,18.797919,15.350372,3.837593,0.18718400000000002,0.046796000000000004,1.73675,0.4341875,17.274306,4.3185765,1.523613000000001,0.38090325000000025,4.69947975,legacy_v1_recovered
L-U,1,,242,4,34.46246,30.917127,7.72928175,0.20963700000000002,0.052409250000000004,1.80078,0.450195,32.927544000000005,8.231886000000001,1.5349159999999955,0.3837289999999989,8.615615,legacy_v1_recovered
L-U,1,,243,4,58.437414,54.897081,13.72427025,0.209717,0.05242925,1.711278,0.4278195,56.818076,14.204519,1.619337999999999,0.40483449999999976,14.6093535,legacy_v1_recovered
L-U,1,,244,4,15.861162,12.320622,3.0801555,0.19329300000000002,0.048323250000000005,1.803907,0.45097675,14.317822000000001,3.5794555000000003,1.5433399999999988,0.3858349999999997,3.9652905,legacy_v1_recovered
L-U,1,,245,4,74.600708,71.06721,17.7668025,0.197231,0.04930775,1.8098239999999999,0.45245599999999997,73.07426500000001,18.268566250000003,1.5264429999999862,0.38161074999999656,18.650177,legacy_v1_recovered
L-U,1,,246,4,16.927671,13.440515999999999,3.3601289999999997,0.19647,0.0491175,1.749822,0.4374555,15.386807999999998,3.8467019999999996,1.5408630000000016,0.3852157500000004,4.23191775,legacy_v1_recovered
L-U,1,,247,4,31.072031,27.534489999999998,6.8836224999999995,0.178613,0.04465325,1.826048,0.456512,29.539150999999997,7.384787749999999,1.5328800000000022,0.38322000000000056,7.76800775,legacy_v1_recovered
L-U,1,,248,4,16.859739,13.430238,3.3575595,0.18393600000000002,0.045984000000000004,1.727051,0.43176275,15.341224999999998,3.8353062499999995,1.5185140000000033,0.3796285000000008,4.21493475,legacy_v1_recovered
L-U,1,,249,4,121.320435,117.796019,29.44900475,0.119395,0.02984875,1.85158,0.462895,119.766994,29.9417485,1.5534410000000065,0.38836025000000163,30.33010875,legacy_v1_recovered
L-U,1,,250,4,18.443977,14.906466,3.7266165,0.22773500000000002,0.056933750000000005,1.7446220000000001,0.43615550000000003,16.878823,4.21970575,1.5651539999999997,0.39128849999999993,4.61099425,legacy_v1_recovered
L-U,1,,251,4,90.995804,87.509703,21.87742575,0.171384,0.042846,1.785043,0.44626075,89.46613,22.3665325,1.529674,0.3824185,22.748951,legacy_v1_recovered
L-U,1,,252,4,31.120711,27.588781,6.89719525,0.200581,0.05014525,1.768742,0.4421855,29.558104,7.389526,1.5626069999999999,0.39065174999999996,7.78017775,legacy_v1_recovered
L-U,1,,253,4,13.56612,10.129756,2.532439,0.15137,0.0378425,1.729524,0.432381,12.01065,3.0026625,1.5554699999999997,0.3888674999999999,3.39153,legacy_v1_recovered
L-U,1,,254,4,31.827702,28.27703,7.0692575,0.214034,0.0535085,1.747203,0.43680075,30.238267,7.55956675,1.5894349999999982,0.39735874999999954,7.9569255,legacy_v1_recovered
L-U,1,,255,4,45.438837,41.991924,10.497981,0.181504,0.045376,1.72644,0.43161,43.89986799999999,10.974966999999998,1.5389690000000087,0.3847422500000022,11.35970925,legacy_v1_recovered
L-U,1,,256,4,13.588707,10.136125,2.53403125,0.202907,0.05072675,1.697471,0.42436775,12.036503,3.00912575,1.5522039999999997,0.3880509999999999,3.39717675,legacy_v1_recovered
L-U,1,,257,4,59.470201,55.936824,13.984206,0.150503,0.03762575,1.790968,0.447742,57.878295,14.46957375,1.5919060000000016,0.3979765000000004,14.86755025,legacy_v1_recovered
L-U,1,,258,4,34.915134,31.35388,7.83847,0.186037,0.04650925,1.778759,0.44468975,33.318675999999996,8.329668999999999,1.5964580000000055,0.39911450000000137,8.7287835,legacy_v1_recovered
L-U,1,,259,4,48.536979,45.069019000000004,11.267254750000001,0.153108,0.038277,1.7480959999999999,0.43702399999999997,46.970223000000004,11.742555750000001,1.566755999999998,0.3916889999999995,12.13424475,legacy_v1_recovered
L-U,1,,260,4,79.219089,75.382077,18.84551925,0.217266,0.0543165,1.859276,0.464819,77.45861899999998,19.364654749999996,1.7604700000000122,0.44011750000000305,19.80477225,legacy_v1_recovered
L-U,1,,261,4,44.368913,40.674413,10.16860325,0.191782,0.0479455,1.906726,0.4766815,42.772921000000004,10.693230250000001,1.5959919999999954,0.39899799999999885,11.09222825,legacy_v1_recovered
L-U,1,,262,4,17.641691,14.005025,3.50125625,0.261919,0.06547975,1.798713,0.44967825,16.065657,4.01641425,1.576034,0.3940085,4.41042275,legacy_v1_recovered
L-U,1,,263,4,146.914762,143.219094,35.8047735,0.164048,0.041012,1.864959,0.46623975,145.24810100000002,36.312025250000005,1.6666609999999764,0.4166652499999941,36.7286905,legacy_v1_recovered
L-U,1,,264,4,17.736462,14.239883,3.55997075,0.192422,0.0481055,1.7353049999999999,0.43382624999999997,16.16761,4.0419025,1.5688519999999997,0.3922129999999999,4.4341155,legacy_v1_recovered
L-U,1,,265,4,17.155124,13.511581,3.37789525,0.214691,0.05367275,1.748281,0.43707025,15.474553,3.86863825,1.6805710000000005,0.4201427500000001,4.288781,legacy_v1_recovered
L-U,1,,266,4,45.198673,41.652613,10.41315325,0.21338500000000002,0.053346250000000005,1.731117,0.43277925,43.597115,10.89927875,1.6015579999999972,0.4003894999999993,11.29966825,legacy_v1_recovered
L-U,1,,267,4,14.971322,11.498552,2.874638,0.18964999999999999,0.047412499999999996,1.71827,0.4295675,13.406472,3.351618,1.5648499999999999,0.39121249999999996,3.7428305,legacy_v1_recovered
L-U,1,,268,4,13.732755,10.242294000000001,2.5605735000000003,0.210614,0.0526535,1.710002,0.4275005,12.16291,3.0407275,1.569844999999999,0.39246124999999976,3.43318875,legacy_v1_recovered
L-U,1,,269,4,31.251829,27.704274,6.9260685,0.17443399999999998,0.043608499999999994,1.772023,0.44300575,29.650731000000004,7.412682750000001,1.6010979999999968,0.4002744999999992,7.81295725,legacy_v1_recovered
L-U,1,,270,4,89.841357,86.310077,21.57751925,0.191412,0.047853,1.762759,0.44068975,88.26424800000001,22.066062000000002,1.577108999999993,0.39427724999999825,22.46033925,legacy_v1_recovered
L-U,1,,271,4,15.21556,11.608204,2.902051,0.216612,0.054153,1.765479,0.44136975,13.590295000000001,3.3975737500000003,1.6252649999999988,0.4063162499999997,3.80389,legacy_v1_recovered
L-U,1,,272,4,101.724535,98.269769,24.56744225,0.134436,0.033609,1.7756910000000001,0.44392275000000003,100.17989599999999,25.044973999999996,1.5446390000000179,0.38615975000000446,25.43113375,legacy_v1_recovered
L-U,1,,273,4,42.259764,38.755197,9.68879925,0.162272,0.040568,1.740896,0.435224,40.658365,10.16459125,1.6013989999999936,0.4003497499999984,10.564941,legacy_v1_recovered
L-U,1,,274,4,48.755258,45.27861,11.3196525,0.163014,0.0407535,1.755371,0.43884275,47.196994999999994,11.799248749999999,1.5582630000000037,0.38956575000000093,12.1888145,legacy_v1_recovered
L-U,1,,275,4,62.703457,59.22395,14.8059875,0.182892,0.045723,1.748171,0.43704275,61.155013000000004,15.288753250000001,1.5484439999999964,0.3871109999999991,15.67586425,legacy_v1_recovered
L-U,1,,276,4,62.601864,59.084925,14.77123125,0.185481,0.04637025,1.752679,0.43816975,61.023085,15.25577125,1.5787789999999973,0.3946947499999993,15.650466,legacy_v1_recovered
L-U,1,,277,4,48.650144,45.128049,11.28201225,0.168777,0.04219425,1.813366,0.4533415,47.110192,11.777548,1.5399519999999995,0.3849879999999999,12.162536,legacy_v1_recovered
L-U,1,,278,4,15.541163,12.03431,3.0085775,0.192399,0.04809975,1.738152,0.434538,13.964860999999999,3.4912152499999998,1.576302,0.3940755,3.88529075,legacy_v1_recovered
L-U,1,,279,4,19.57325,16.056947,4.01423675,0.195161,0.04879025,1.762432,0.440608,18.01454,4.503635,1.5587100000000014,0.38967750000000034,4.8933125,legacy_v1_recovered
L-U,1,,280,4,16.927392,13.43764,3.35941,0.184924,0.046231,1.7616399999999999,0.44040999999999997,15.384204,3.846051,1.5431880000000007,0.38579700000000017,4.231848,legacy_v1_recovered
L-U,1,,281,4,48.58723,45.034312,11.258578,0.184141,0.04603525,1.813373,0.45334325,47.031825999999995,11.757956499999999,1.555404000000003,0.3888510000000007,12.1468075,legacy_v1_recovered
L-U,1,,282,4,78.854918,75.351933,18.83798325,0.128094,0.0320235,1.779833,0.44495825,77.25986,19.314965,1.5950579999999945,0.39876449999999863,19.7137295,legacy_v1_recovered
L-U,1,,283,4,63.679747,60.039056,15.009764,0.22870000000000001,0.057175000000000004,1.842788,0.460697,62.110544000000004,15.527636000000001,1.5692029999999946,0.39230074999999864,15.91993675,legacy_v1_recovered
L-U,1,,284,4,55.877092,52.415792,13.103948,0.168629,0.04215725,1.73725,0.4343125,54.32167100000001,13.580417750000002,1.5554209999999884,0.3888552499999971,13.969273,legacy_v1_recovered
L-U,1,,285,4,45.414149,41.968152,10.492038,0.15701500000000002,0.039253750000000004,1.735387,0.43384675,43.86055400000001,10.965138500000002,1.5535949999999943,0.38839874999999857,11.35353725,legacy_v1_recovered
L-U,1,,286,4,70.072278,66.505541,16.62638525,0.182957,0.04573925,1.811811,0.45295275,68.500309,17.12507725,1.5719689999999957,0.39299224999999893,17.5180695,legacy_v1_recovered
L-U,1,,287,4,13.866117,10.296235,2.57405875,0.197043,0.04926075,1.74085,0.4352125,12.234128,3.058532,1.631988999999999,0.40799724999999976,3.46652925,legacy_v1_recovered
L-U,1,,288,4,13.701568,10.239753,2.55993825,0.178808,0.044702,1.710408,0.427602,12.128969,3.03224225,1.5725990000000003,0.3931497500000001,3.425392,legacy_v1_recovered
L-U,1,,289,4,17.576811,14.047182,3.5117955,0.190904,0.047726,1.765026,0.4412565,16.003111999999998,4.0007779999999995,1.5736990000000013,0.3934247500000003,4.39420275,legacy_v1_recovered
L-U,1,,290,4,19.981389,16.515462,4.1288655,0.197671,0.04941775,1.746017,0.43650425,18.459149999999998,4.614787499999999,1.5222390000000026,0.38055975000000064,4.99534725,legacy_v1_recovered
L-U,1,,291,4,13.589303,10.140596,2.535149,0.157143,0.03928575,1.7334939999999999,0.43337349999999997,12.031233,3.00780825,1.558069999999999,0.38951749999999974,3.39732575,legacy_v1_recovered
L-U,1,,292,4,13.706555,10.194315,2.54857875,0.19365,0.0484125,1.743165,0.43579125,12.131129999999999,3.0327824999999997,1.575425000000001,0.39385625000000024,3.42663875,legacy_v1_recovered
L-U,1,,293,4,89.187327,85.498042,21.3745105,0.1974,0.04935,1.882393,0.47059825,87.577835,21.89445875,1.609492000000003,0.40237300000000076,22.29683175,legacy_v1_recovered
L-U,1,,294,4,15.030574,11.526239,2.88155975,0.198582,0.0496455,1.716604,0.429151,13.441425,3.36035625,1.589148999999999,0.39728724999999976,3.7576435,legacy_v1_recovered
L-U,1,,295,4,84.022343,80.412478,20.1031195,0.18525,0.0463125,1.870012,0.467503,82.46773999999999,20.616934999999998,1.5546030000000144,0.3886507500000036,21.00558575,legacy_v1_recovered
L-U,1,,296,4,45.42474,41.886548,10.471637,0.20303500000000002,0.050758750000000005,1.741195,0.43529875,43.830777999999995,10.957694499999999,1.5939620000000048,0.3984905000000012,11.356185,legacy_v1_recovered
L-U,1,,297,4,17.249639,13.719366,3.4298415,0.18588100000000002,0.046470250000000005,1.794332,0.448583,15.699579000000002,3.9248947500000004,1.5500599999999967,0.38751499999999917,4.31240975,legacy_v1_recovered
L-U,1,,298,4,59.346105,55.827198,13.9567995,0.185702,0.0464255,1.761943,0.44048575,57.774843000000004,14.443710750000001,1.5712619999999973,0.3928154999999993,14.83652625,legacy_v1_recovered
L-U,1,,299,4,17.05037,13.581294,3.3953235,0.186878,0.0467195,1.739731,0.43493275,15.507902999999999,3.8769757499999997,1.542467000000002,0.3856167500000005,4.2625925,legacy_v1_recovered
L-U,1,,300,4,27.781713,24.273533999999998,6.0683834999999995,0.181367,0.04534175,1.755773,0.43894325,26.210674,6.5526685,1.571038999999999,0.39275974999999974,6.94542825,legacy_v1_recovered
L-U,1,,301,4,31.203585,27.728345,6.93208625,0.176153,0.04403825,1.72908,0.43227,29.633578,7.4083945,1.5700070000000004,0.3925017500000001,7.80089625,legacy_v1_recovered
L-U,1,,302,4,13.718529,10.19037,2.5475925,0.197328,0.049332,1.761096,0.440274,12.148794,3.0371985,1.5697349999999997,0.3924337499999999,3.42963225,legacy_v1_recovered
L-U,1,,303,4,31.345842,27.80304,6.95076,0.211807,0.05295175,1.739596,0.434899,29.754443,7.43861075,1.5913990000000027,0.39784975000000067,7.8364605,legacy_v1_recovered
L-U,1,,304,4,17.365595,13.898793,3.47469825,0.173993,0.04349825,1.735499,0.43387475,15.808284999999998,3.9520712499999995,1.557310000000001,0.38932750000000027,4.34139875,legacy_v1_recovered
L-U,1,,305,4,13.653898,10.164576,2.541144,0.170008,0.042502,1.759275,0.43981875,12.093859,3.02346475,1.5600389999999997,0.39000974999999993,3.4134745,legacy_v1_recovered
L-U,1,,306,4,31.237502,27.699485,6.92487125,0.193031,0.04825775,1.780951,0.44523775,29.673467000000002,7.418366750000001,1.564034999999997,0.39100874999999924,7.8093755,legacy_v1_recovered
L-U,1,,307,4,47.638701,44.177669,11.04441725,0.173376,0.043344,1.757625,0.43940625,46.10867,11.5271675,1.530031000000001,0.38250775000000026,11.90967525,legacy_v1_recovered
L-U,1,,308,4,46.759942,43.26227,10.8155675,0.161832,0.040458,1.731631,0.43290775,45.155733,11.28893325,1.6042090000000044,0.4010522500000011,11.6899855,legacy_v1_recovered
L-U,1,,309,4,15.579842,12.102312000000001,3.0255780000000003,0.17141699999999999,0.042854249999999997,1.754199,0.43854975,14.027928000000001,3.5069820000000003,1.5519139999999982,0.38797849999999956,3.8949605,legacy_v1_recovered
L-U,1,,310,4,64.78859,60.995629,15.24890725,0.160911,0.04022775,2.034352,0.508588,63.190892,15.797723,1.5976980000000012,0.3994245000000003,16.1971475,legacy_v1_recovered
L-U,1,,311,4,42.279321,38.535251,9.63381275,0.20544800000000002,0.051362000000000005,1.89897,0.4747425,40.639669,10.15991725,1.6396520000000052,0.4099130000000013,10.56983025,legacy_v1_recovered
L-U,1,,312,4,13.685364,10.193564,2.548391,0.171858,0.0429645,1.748157,0.43703925,12.113579000000001,3.0283947500000004,1.5717849999999984,0.3929462499999996,3.421341,legacy_v1_recovered
L-U,1,,313,4,41.837227,38.344928,9.586232,0.180888,0.045222,1.743571,0.43589275,40.26938700000001,10.067346750000002,1.5678399999999897,0.3919599999999974,10.45930675,legacy_v1_recovered
L-U,1,,314,4,31.883847,28.409665999999998,7.1024164999999995,0.162434,0.0406085,1.754946,0.4387365,30.327046,7.5817615,1.556801,0.38920025,7.97096175,legacy_v1_recovered
L-U,1,,315,4,31.375453,27.806715999999998,6.9516789999999995,0.198239,0.04955975,1.76654,0.441635,29.771494999999998,7.4428737499999995,1.6039580000000022,0.40098950000000055,7.84386325,legacy_v1_recovered
L-U,1,,316,4,19.336237,15.752653,3.93816325,0.189368,0.047342,1.8496130000000002,0.46240325000000004,17.791634000000002,4.4479085000000005,1.5446029999999986,0.38615074999999965,4.83405925,legacy_v1_recovered
L-U,1,,317,4,35.815656,32.252092,8.063023,0.21574400000000002,0.053936000000000005,1.772062,0.4430155,34.239898,8.5599745,1.5757580000000004,0.3939395000000001,8.953914,legacy_v1_recovered
L-U,1,,318,4,65.901504,62.417563,15.60439075,0.16255,0.0406375,1.783741,0.44593525,64.363854,16.0909635,1.5376499999999993,0.3844124999999998,16.475376,legacy_v1_recovered
L-U,1,,319,4,92.674341,89.135353,22.28383825,0.18345899999999998,0.045864749999999996,1.762737,0.44068425,91.081549,22.77038725,1.5927920000000029,0.3981980000000007,23.16858525,legacy_v1_recovered
L-U,1,,320,4,91.082205,87.517807,21.87945175,0.21513200000000002,0.053783000000000004,1.763294,0.4408235,89.496233,22.37405825,1.5859719999999982,0.39649299999999954,22.77055125,legacy_v1_recovered
L-U,1,,321,4,35.190413,31.661812,7.915453,0.150164,0.037541,1.833818,0.4584545,33.645794,8.4114485,1.5446189999999973,0.3861547499999993,8.79760325,legacy_v1_recovered
L-U,1,,322,4,159.655335,156.036513,39.00912825,0.201739,0.05043475,1.789879,0.44746975,158.02813100000003,39.50703275000001,1.6272039999999777,0.4068009999999944,39.91383375,legacy_v1_recovered
L-U,1,,323,4,61.254011,57.676024000000005,14.419006000000001,0.185145,0.04628625,1.8199049999999999,0.45497624999999997,59.681074,14.9202685,1.572936999999996,0.393234249999999,15.31350275,legacy_v1_recovered
L-U,1,,324,4,94.578509,91.002876,22.750719,0.218284,0.054571,1.780042,0.4450105,93.00120199999999,23.250300499999998,1.5773070000000047,0.39432675000000117,23.64462725,legacy_v1_recovered
L-U,1,,325,4,34.345867,30.959639,7.73990975,0.125112,0.031278,1.751519,0.43787975,32.83627,8.2090675,1.5095969999999994,0.37739924999999985,8.58646675,legacy_v1_recovered
L-U,1,,326,4,34.632591,31.067867,7.76696675,0.20085999999999998,0.050214999999999996,1.7936480000000001,0.44841200000000003,33.062374999999996,8.265593749999999,1.570216000000002,0.3925540000000005,8.65814775,legacy_v1_recovered
L-U,1,,327,4,45.140188,41.661439,10.41535975,0.161191,0.04029775,1.7471700000000001,0.43679250000000003,43.5698,10.89245,1.5703880000000012,0.3925970000000003,11.285047,legacy_v1_recovered
L-U,1,,328,4,49.732045,45.958586000000004,11.489646500000001,0.164232,0.041058,1.935502,0.4838755,48.05832,12.01458,1.6737249999999975,0.41843124999999937,12.43301125,legacy_v1_recovered
L-U,1,,329,4,17.864683,14.019305000000001,3.5048262500000003,0.175287,0.04382175,2.126671,0.53166775,16.321263000000002,4.0803157500000005,1.5434199999999976,0.3858549999999994,4.46617075,legacy_v1_recovered
L-U,1,,330,4,104.157768,100.511365,25.12784125,0.22275,0.0556875,1.815114,0.4537785,102.549229,25.63730725,1.6085390000000075,0.4021347500000019,26.039442,legacy_v1_recovered
L-U,1,,331,4,13.687064,10.147588,2.536897,0.184868,0.046217,1.797557,0.44938925,12.130013,3.03250325,1.5570509999999995,0.3892627499999999,3.421766,legacy_v1_recovered
L-U,1,,332,4,13.704337,10.210332,2.552583,0.19931200000000002,0.049828000000000004,1.73823,0.4345575,12.147874,3.0369685,1.5564630000000008,0.3891157500000002,3.42608425,legacy_v1_recovered
L-U,1,,333,4,59.60821,56.066374,14.0165935,0.179598,0.0448995,1.801207,0.45030175,58.047179,14.51179475,1.5610309999999998,0.39025774999999996,14.9020525,legacy_v1_recovered
L-U,1,,334,4,13.645146,10.155678,2.5389195,0.191064,0.047766,1.727965,0.43199125,12.074707,3.01867675,1.5704390000000004,0.3926097500000001,3.4112865,legacy_v1_recovered
L-U,1,,335,4,45.410947,41.834326,10.4585815,0.205913,0.05147825,1.779566,0.4448915,43.819805,10.95495125,1.5911419999999978,0.39778549999999946,11.35273675,legacy_v1_recovered
L-U,1,,336,4,45.377813,41.897802,10.4744505,0.177058,0.0442645,1.74208,0.43552,43.81694,10.954235,1.5608730000000008,0.3902182500000002,11.34445325,legacy_v1_recovered
L-U,1,,337,4,57.935984,54.28084,13.57021,0.25338,0.063345,1.806962,0.4517405,56.341181999999996,14.085295499999999,1.5948020000000014,0.39870050000000035,14.483996,legacy_v1_recovered
L-U,1,,338,4,17.672865,14.121537,3.53038425,0.184377,0.04609425,1.810807,0.45270175,16.116721,4.02918025,1.5561440000000033,0.3890360000000008,4.41821625,legacy_v1_recovered
L-U,1,,339,4,62.765299,59.287551,14.82188775,0.18737900000000002,0.046844750000000004,1.748843,0.43721075,61.223773,15.30594325,1.5415259999999975,0.3853814999999994,15.69132475,legacy_v1_recovered
L-U,1,,340,4,91.130556,87.606584,21.901646,0.192445,0.04811125,1.761144,0.440286,89.560173,22.39004325,1.5703829999999925,0.39259574999999813,22.782639,legacy_v1_recovered
L-U,1,,341,4,76.963789,73.38540400000001,18.346351000000002,0.20753,0.0518825,1.795141,0.44878525,75.38807500000001,18.847018750000004,1.5757139999999907,0.3939284999999977,19.24094725,legacy_v1_recovered
L-U,1,,342,4,59.328179,55.860168,13.965042,0.180008,0.045002,1.7351480000000001,0.43378700000000003,57.775324000000005,14.443831000000001,1.5528549999999939,0.38821374999999847,14.83204475,legacy_v1_recovered
L-U,1,,343,4,87.33731,83.811647,20.95291175,0.197724,0.049431,1.765466,0.4413665,85.77483699999999,21.443709249999998,1.5624730000000113,0.39061825000000283,21.8343275,legacy_v1_recovered
L-U,1,,344,4,13.634437,10.197463,2.54936575,0.155189,0.03879725,1.727487,0.43187175,12.080139,3.02003475,1.5542979999999993,0.3885744999999998,3.40860925,legacy_v1_recovered
L-U,1,,345,4,13.656639,10.203744,2.550936,0.170223,0.04255575,1.716658,0.4291645,12.090625000000001,3.0226562500000003,1.5660139999999991,0.3915034999999998,3.41415975,legacy_v1_recovered
L-U,1,,346,4,31.181504,27.680658,6.9201645,0.181193,0.04529825,1.7624469999999999,0.44061174999999997,29.624298000000003,7.406074500000001,1.5572059999999972,0.3893014999999993,7.795376,legacy_v1_recovered
L-U,1,,347,4,13.580928,10.112375,2.52809375,0.168254,0.0420635,1.738675,0.43466875,12.019304,3.004826,1.5616240000000001,0.39040600000000003,3.395232,legacy_v1_recovered
L-U,1,,348,4,76.975136,73.429048,18.357262,0.173823,0.04345575,1.768289,0.44207225,75.37115999999999,18.842789999999997,1.6039760000000172,0.4009940000000043,19.243784,legacy_v1_recovered
L-U,1,,349,4,45.313968,41.775310999999995,10.443827749999999,0.215764,0.053941,1.716229,0.42905725,43.70730399999999,10.926825999999998,1.6066640000000092,0.4016660000000023,11.328492,legacy_v1_recovered
L-U,1,,350,4,70.355641,66.704138,16.6760345,0.215153,0.05378825,1.828855,0.45721375,68.748146,17.1870365,1.6074950000000001,0.40187375000000003,17.58891025,legacy_v1_recovered
L-U,1,,351,4,49.005071,45.571507,11.39287675,0.154655,0.03866375,1.723994,0.4309985,47.45015599999999,11.862538999999998,1.5549150000000083,0.38872875000000207,12.25126775,legacy_v1_recovered
L-U,1,,352,4,13.677547,10.206192,2.551548,0.158558,0.0396395,1.729688,0.432422,12.094437999999998,3.0236094999999996,1.583109000000002,0.3957772500000005,3.41938675,legacy_v1_recovered
L-U,1,,353,4,105.709577,102.207617,25.55190425,0.155475,0.03886875,1.7828089999999999,0.44570224999999997,104.145901,26.03647525,1.563676000000001,0.39091900000000024,26.42739425,legacy_v1_recovered
L-U,1,,354,4,42.683007,39.033642,9.7584105,0.201617,0.05040425,1.852853,0.46321325,41.088112,10.272028,1.594895000000001,0.39872375000000027,10.67075175,legacy_v1_recovered
L-U,1,,355,4,80.741313,77.23221099999999,19.308052749999998,0.17210599999999998,0.043026499999999995,1.787235,0.44680875,79.19155199999999,19.797887999999997,1.549761000000018,0.3874402500000045,20.18532825,legacy_v1_recovered
L-U,1,,356,4,33.33683,29.785537,7.44638425,0.209053,0.05226325,1.7953860000000001,0.44884650000000004,31.789976000000003,7.947494000000001,1.5468539999999962,0.38671349999999904,8.3342075,legacy_v1_recovered
L-U,1,,357,4,46.739242,43.226301,10.80657525,0.18137999999999999,0.045344999999999996,1.753544,0.438386,45.161224999999995,11.290306249999999,1.5780170000000027,0.39450425000000067,11.6848105,legacy_v1_recovered
L-U,1,,358,4,16.884264,13.406329,3.35158225,0.182285,0.04557125,1.751696,0.437924,15.340309999999999,3.8350774999999997,1.543954000000003,0.38598850000000073,4.221066,legacy_v1_recovered
L-U,1,,359,4,31.268463,27.73007,6.9325175,0.201969,0.05049225,1.782426,0.4456065,29.714465,7.42861625,1.553998,0.3884995,7.81711575,legacy_v1_recovered
L-U,1,,360,4,13.574427,10.125682,2.5314205,0.157762,0.0394405,1.71987,0.4299675,12.003314,3.0008285,1.5711130000000004,0.3927782500000001,3.39360675,legacy_v1_recovered
L-U,1,,361,4,62.942388,59.493745,14.87343625,0.13431300000000002,0.033578250000000004,1.729127,0.43228175,61.357184999999994,15.339296249999999,1.585203000000007,0.39630075000000176,15.735597,legacy_v1_recovered
L-U,1,,362,4,13.720307,10.11328,2.52832,0.252656,0.063164,1.7520280000000001,0.43800700000000004,12.117964,3.029491,1.6023429999999994,0.40058574999999985,3.43007675,legacy_v1_recovered
L-U,1,,363,4,13.710625,10.219608000000001,2.5549020000000002,0.150283,0.03757075,1.764241,0.44106025,12.134132000000001,3.0335330000000003,1.5764929999999993,0.3941232499999998,3.42765625,legacy_v1_recovered
L-U,1,,364,4,13.613885,10.099496,2.524874,0.15493,0.0387325,1.741536,0.435384,11.995962,2.9989905,1.6179229999999993,0.40448074999999983,3.40347125,legacy_v1_recovered
L-U,1,,365,4,72.844922,69.246057,17.31151425,0.172793,0.04319825,1.806414,0.4516035,71.225264,17.806316,1.6196580000000012,0.4049145000000003,18.2112305,legacy_v1_recovered
L-U,1,,366,4,47.675167,44.240024,11.060006,0.153213,0.03830325,1.747389,0.43684725,46.140626,11.5351565,1.5345410000000044,0.3836352500000011,11.91879175,legacy_v1_recovered
L-U,1,,367,4,32.652636,29.151809,7.28795225,0.178323,0.04458075,1.7457,0.436425,31.075832,7.768958,1.5768040000000028,0.3942010000000007,8.163159,legacy_v1_recovered
L-U,1,,368,4,33.508585,30.003134000000003,7.500783500000001,0.186196,0.046549,1.7464089999999999,0.43660224999999997,31.935739,7.98393475,1.5728459999999949,0.3932114999999987,8.37714625,legacy_v1_recovered
L-U,1,,369,4,15.126663,11.555772000000001,2.8889430000000003,0.18263000000000001,0.045657500000000004,1.799217,0.44980425,13.537619000000001,3.3844047500000003,1.5890439999999995,0.39726099999999986,3.78166575,legacy_v1_recovered
L-U,1,,370,4,130.748317,127.260312,31.815078,0.158437,0.03960925,1.7576109999999998,0.43940274999999995,129.17636000000002,32.294090000000004,1.5719569999999692,0.3929892499999923,32.68707925,legacy_v1_recovered
L-U,1,,371,4,73.504216,69.998921,17.49973025,0.204992,0.051248,1.725485,0.43137125,71.929398,17.9823495,1.5748179999999934,0.39370449999999835,18.376054,legacy_v1_recovered
L-U,1,,372,4,13.787552,10.20243,2.5506075,0.179752,0.044938,1.828036,0.457009,12.210218000000001,3.0525545000000003,1.5773339999999987,0.39433349999999967,3.446888,legacy_v1_recovered
L-U,1,,373,4,45.546621,42.057019,10.51425475,0.180536,0.045134,1.760931,0.44023275,43.99848599999999,10.999621499999998,1.5481350000000091,0.3870337500000023,11.38665525,legacy_v1_recovered
L-U,1,,374,4,56.298698,52.690692,13.172673,0.188103,0.04702575,1.818673,0.45466825,54.69746799999999,13.674366999999998,1.6012300000000081,0.40030750000000204,14.0746745,legacy_v1_recovered
L-U,1,,375,4,47.908617,44.444985,11.11124625,0.17565,0.0439125,1.723331,0.43083275,46.343966,11.5859915,1.5646509999999978,0.39116274999999945,11.97715425,legacy_v1_recovered
L-U,1,,376,4,50.022976,46.514354,11.6285885,0.176211,0.04405275,1.7873139999999998,0.44682849999999996,48.477879,12.11946975,1.5450969999999984,0.3862742499999996,12.505744,legacy_v1_recovered
L-U,1,,377,4,85.612702,81.858712,20.464678,0.216757,0.05418925,1.841864,0.460466,83.917333,20.97933325,1.6953689999999995,0.42384224999999986,21.4031755,legacy_v1_recovered
L-U,1,,378,4,47.165253,43.625066,10.9062665,0.159329,0.03983225,1.825993,0.45649825,45.61038799999999,11.402596999999998,1.5548650000000066,0.38871625000000165,11.79131325,legacy_v1_recovered
L-U,1,,379,4,47.459463,43.855245999999994,10.963811499999998,0.245874,0.0614685,1.7799800000000001,0.44499500000000003,45.881099999999996,11.470274999999999,1.578363000000003,0.39459075000000077,11.86486575,legacy_v1_recovered
L-U,1,,380,4,17.346582,13.710646,3.4276615,0.190722,0.0476805,1.804342,0.4510855,15.70571,3.9264275,1.6408720000000017,0.4102180000000004,4.3366455,legacy_v1_recovered
L-U,1,,381,4,13.703066,10.22034,2.555085,0.127045,0.03176125,1.758053,0.43951325,12.105438000000001,3.0263595000000003,1.5976279999999985,0.3994069999999996,3.4257665,legacy_v1_recovered
L-U,1,,382,4,45.234646,41.729067,10.43226675,0.16939,0.0423475,1.765532,0.441383,43.663989,10.91599725,1.570656999999997,0.39266424999999927,11.3086615,legacy_v1_recovered
L-U,1,,383,4,13.554888,10.13912,2.53478,0.136103,0.03402575,1.727371,0.43184275,12.002594,3.0006485,1.5522939999999998,0.38807349999999996,3.388722,legacy_v1_recovered
L-U,1,,384,4,17.23752,13.771975999999999,3.4429939999999997,0.176161,0.04404025,1.742274,0.4355685,15.690411,3.92260275,1.5471090000000007,0.3867772500000002,4.30938,legacy_v1_recovered
L-U,1,,385,4,13.661749,10.176107,2.54402675,0.174525,0.04363125,1.724858,0.4312145,12.075489999999999,3.0188724999999996,1.5862590000000019,0.39656475000000047,3.41543725,legacy_v1_recovered
L-U,1,,386,4,70.084735,66.522857,16.63071425,0.19626300000000002,0.049065750000000005,1.774283,0.44357075,68.493403,17.12335075,1.5913319999999942,0.39783299999999855,17.52118375,legacy_v1_recovered
L-U,1,,387,4,130.083332,126.537612,31.634403,0.193025,0.04825625,1.768614,0.4421535,128.49925100000002,32.124812750000004,1.5840809999999976,0.3960202499999994,32.520833,legacy_v1_recovered
L-U,1,,388,4,41.747233,38.28997,9.5724925,0.149881,0.03747025,1.744633,0.43615825,40.184484,10.046121,1.5627490000000037,0.39068725000000093,10.43680825,legacy_v1_recovered
L-U,1,,389,4,62.141388,58.647414,14.6618535,0.190986,0.0477465,1.771588,0.442897,60.609988,15.152497,1.5313999999999979,0.38284999999999947,15.535347,legacy_v1_recovered
L-U,1,,390,4,18.384579,14.960008,3.740002,0.15539999999999998,0.038849999999999996,1.747048,0.436762,16.862456,4.215614,1.522122999999997,0.38053074999999925,4.59614475,legacy_v1_recovered
L-U,1,,391,4,59.427074,55.951644,13.987911,0.184611,0.04615275,1.73267,0.4331675,57.868925,14.46723125,1.5581490000000002,0.38953725000000006,14.8567685,legacy_v1_recovered
L-U,1,,392,4,43.020259,39.57987,9.8949675,0.11945700000000001,0.029864250000000002,1.762469,0.44061725,41.461796,10.365449,1.5584630000000033,0.3896157500000008,10.75506475,legacy_v1_recovered
L-U,1,,393,4,51.669516,48.181128,12.045282,0.17108600000000002,0.042771500000000004,1.759718,0.4399295,50.111932,12.527983,1.5575839999999985,0.38939599999999963,12.917379,legacy_v1_recovered
L-U,1,,394,4,112.441741,108.834325,27.20858125,0.126605,0.03165125,1.8998460000000001,0.47496150000000004,110.860776,27.715194,1.580964999999992,0.395241249999998,28.11043525,legacy_v1_recovered
L-U,1,,395,4,31.266984,27.802126,6.9505315,0.188195,0.04704875,1.725612,0.431403,29.715933,7.42898325,1.551051000000001,0.38776275000000027,7.816746,legacy_v1_recovered
L-U,1,,396,4,41.806851,38.300345,9.57508625,0.190422,0.0476055,1.760252,0.440063,40.251019,10.06275475,1.5558320000000023,0.3889580000000006,10.45171275,legacy_v1_recovered
L-U,1,,397,4,59.028012,55.510126,13.8775315,0.198511,0.04962775,1.733854,0.4334635,57.442491000000004,14.360622750000001,1.5855209999999929,0.3963802499999982,14.757003,legacy_v1_recovered
L-U,1,,398,4,15.632097,12.138449,3.03461225,0.18074,0.045185,1.794235,0.44855875,14.113424,3.528356,1.5186729999999997,0.37966824999999993,3.90802425,legacy_v1_recovered
L-U,1,,399,4,27.679232,24.213458,6.0533645,0.172907,0.04322675,1.741448,0.435362,26.127812999999996,6.531953249999999,1.5514190000000028,0.3878547500000007,6.919808,legacy_v1_recovered
L-U,1,,400,4,19.087829,15.62364,3.90591,0.159147,0.03978675,1.779863,0.44496575,17.56265,4.3906625,1.5251789999999978,0.38129474999999946,4.77195725,legacy_v1_recovered
L-U,1,,401,4,34.778307,31.309555,7.82738875,0.12618200000000002,0.031545500000000004,1.7691569999999999,0.44228924999999997,33.204893999999996,8.301223499999999,1.5734130000000022,0.39335325000000054,8.69457675,legacy_v1_recovered
L-U,1,,402,4,18.348808,14.851692,3.712923,0.182149,0.04553725,1.789028,0.447257,16.822869,4.20571725,1.5259389999999975,0.3814847499999994,4.587202,legacy_v1_recovered
L-U,1,,403,4,108.646008,105.09429,26.2735725,0.201068,0.050267,1.774918,0.4437295,107.070276,26.767569,1.575731999999988,0.393932999999997,27.161502,legacy_v1_recovered
L-U,1,,404,4,13.717587,10.225951,2.55648775,0.193834,0.0484585,1.768866,0.4422165,12.188651,3.04716275,1.5289359999999999,0.38223399999999996,3.42939675,legacy_v1_recovered
L-U,1,,405,4,31.192438,27.70514,6.926285,0.195264,0.048816,1.728126,0.4320315,29.62853,7.4071325,1.5639079999999979,0.39097699999999946,7.7981095,legacy_v1_recovered
L-U,1,,406,4,13.681519,10.17127,2.5428175,0.196271,0.04906775,1.758419,0.43960475,12.12596,3.03149,1.5555590000000006,0.38888975000000015,3.42037975,legacy_v1_recovered
L-U,1,,407,4,13.650113,10.20751,2.5518775,0.175889,0.04397225,1.716768,0.429192,12.100166999999999,3.0250417499999998,1.5499460000000003,0.38748650000000007,3.41252825,legacy_v1_recovered
L-U,1,,408,4,31.236477,27.706072000000002,6.926518000000001,0.17057899999999998,0.042644749999999995,1.751703,0.43792575,29.628354,7.4070885,1.608122999999999,0.40203074999999977,7.80911925,legacy_v1_recovered
L-U,1,,409,4,59.438272,55.940393,13.98509825,0.18281899999999998,0.045704749999999995,1.741571,0.43539275,57.864783,14.46619575,1.573488999999995,0.39337224999999876,14.859568,legacy_v1_recovered
L-U,1,,410,4,13.563317,10.128098,2.5320245,0.145696,0.036424,1.729112,0.432278,12.002906,3.0007265,1.5604110000000002,0.39010275000000005,3.39082925,legacy_v1_recovered
L-U,1,,411,4,49.197147,45.711732999999995,11.427933249999999,0.168316,0.042079,1.785839,0.44645975,47.665887999999995,11.916471999999999,1.5312590000000057,0.3828147500000014,12.29928675,legacy_v1_recovered
L-U,1,,412,4,13.734583,10.282307,2.57057675,0.142786,0.0356965,1.755716,0.438929,12.180808999999998,3.0452022499999996,1.5537740000000024,0.3884435000000006,3.43364575,legacy_v1_recovered
L-U,1,,413,4,13.667998,10.172726,2.5431815,0.195545,0.04888625,1.729094,0.4322735,12.097365,3.02434125,1.5706330000000008,0.3926582500000002,3.4169995,legacy_v1_recovered
L-U,1,,414,4,13.615423,10.179938,2.5449845,0.156195,0.03904875,1.729306,0.4323265,12.065439,3.01635975,1.5499840000000003,0.38749600000000006,3.40385575,legacy_v1_recovered
L-U,1,,415,4,13.624397,10.13626,2.534065,0.197544,0.049386,1.7480259999999999,0.43700649999999996,12.08183,3.0204575,1.542567,0.38564175,3.40609925,legacy_v1_recovered
L-U,1,,416,4,87.685056,84.09779,21.0244475,0.206091,0.05152275,1.8053249999999998,0.45133124999999996,86.109206,21.5273015,1.5758500000000026,0.39396250000000066,21.921264,legacy_v1_recovered
L-U,1,,417,4,41.848767,38.341422,9.5853555,0.19670100000000001,0.049175250000000004,1.732878,0.4332195,40.271001,10.06775025,1.577766000000004,0.394441500000001,10.46219175,legacy_v1_recovered
L-U,1,,418,4,13.675595,10.165576,2.541394,0.193914,0.0484785,1.718513,0.42962825,12.078002999999999,3.0195007499999997,1.5975920000000006,0.39939800000000014,3.41889875,legacy_v1_recovered
L-U,1,,419,4,17.484521,14.011291,3.50282275,0.17824800000000002,0.044562000000000004,1.750086,0.4375215,15.939625,3.98490625,1.5448960000000014,0.38622400000000034,4.37113025,legacy_v1_recovered
L-U,1,,420,4,13.661939,10.154099,2.53852475,0.185089,0.04627225,1.7451349999999999,0.43628374999999997,12.084323,3.02108075,1.5776160000000008,0.3944040000000002,3.41548475,legacy_v1_recovered
L-U,1,,421,4,87.345757,83.90385699999999,20.975964249999997,0.12589,0.0314725,1.764874,0.4412185,85.79462099999999,21.448655249999998,1.5511360000000138,0.38778400000000346,21.83643925,legacy_v1_recovered
L-U,1,,422,4,42.207728,38.405378,9.6013445,0.184004,0.046001,1.8278919999999999,0.45697299999999996,40.417274,10.1043185,1.790454000000004,0.447613500000001,10.551932,legacy_v1_recovered
L-U,1,,423,4,17.686412,14.109615999999999,3.5274039999999998,0.21534,0.053835,1.7923740000000001,0.44809350000000003,16.11733,4.0293325,1.5690820000000016,0.3922705000000004,4.421603,legacy_v1_recovered
L-U,1,,424,4,56.714227,53.11786600000001,13.279466500000002,0.224019,0.05600475,1.796306,0.4490765,55.138191000000006,13.784547750000002,1.5760359999999949,0.3940089999999987,14.17855675,legacy_v1_recovered
L-U,1,,425,4,15.917538,12.548021,3.13700525,0.11705600000000001,0.029264000000000002,1.7237770000000001,0.43094425000000003,14.388854,3.5972135,1.5286840000000002,0.38217100000000004,3.9793845,legacy_v1_recovered
L-U,1,,426,4,46.740864,43.234307,10.80857675,0.19364199999999998,0.048410499999999995,1.7562090000000001,0.43905225000000003,45.184158,11.2960395,1.5567060000000055,0.38917650000000137,11.685216,legacy_v1_recovered
L-U,1,,427,4,16.912285,13.478824,3.369706,0.17857,0.0446425,1.7123680000000001,0.42809200000000003,15.369762,3.8424405,1.542523000000001,0.38563075000000024,4.22807125,legacy_v1_recovered
L-U,1,,428,4,13.666409,10.155425,2.53885625,0.185307,0.04632675,1.779377,0.44484425,12.120109,3.03002725,1.5463000000000005,0.3865750000000001,3.41660225,legacy_v1_recovered
L-U,1,,429,4,17.011166,13.524426,3.3811065,0.211785,0.05294625,1.747965,0.43699125,15.484176000000001,3.8710440000000004,1.5269899999999978,0.38174749999999946,4.2527915,legacy_v1_recovered
L-U,1,,430,4,13.69085,10.206098,2.5515245,0.204857,0.05121425,1.729304,0.432326,12.140259,3.03506475,1.550590999999999,0.38764774999999974,3.4227125,legacy_v1_recovered
L-U,1,,431,4,15.810656,12.243942,3.0609855,0.174145,0.04353625,1.858742,0.4646855,14.276829,3.56920725,1.5338270000000005,0.3834567500000001,3.952664,legacy_v1_recovered
L-U,1,,432,4,51.002295,47.150884000000005,11.787721000000001,0.245023,0.06125575,1.79439,0.4485975,49.19029700000001,12.297574250000002,1.8119979999999885,0.4529994999999971,12.75057375,legacy_v1_recovered
L-U,1,,433,4,62.807494,59.264733,14.81618325,0.153761,0.03844025,1.808054,0.4520135,61.226548,15.306637,1.5809459999999973,0.3952364999999993,15.7018735,legacy_v1_recovered
L-U,1,,434,4,45.377257,41.881429,10.47035725,0.183585,0.04589625,1.737505,0.43437625,43.802519,10.95062975,1.5747380000000035,0.3936845000000009,11.34431425,legacy_v1_recovered
L-U,1,,435,4,45.117982,41.700695,10.42517375,0.125144,0.031286,1.758253,0.43956325,43.584092000000005,10.896023000000001,1.5338899999999924,0.3834724999999981,11.2794955,legacy_v1_recovered
L-U,1,,436,4,36.317685,32.801163,8.20029075,0.217561,0.05439025,1.752466,0.4381165,34.771190000000004,8.692797500000001,1.546494999999993,0.38662374999999827,9.07942125,legacy_v1_recovered
L-U,1,,437,4,15.612963,12.082244,3.020561,0.187537,0.04688425,1.784469,0.44611725,14.05425,3.5135625,1.558713000000001,0.3896782500000002,3.90324075,legacy_v1_recovered
L-U,1,,438,4,42.115158,38.551454,9.6378635,0.201203,0.05030075,1.734205,0.43355125,40.486862,10.1217155,1.6282959999999989,0.4070739999999997,10.5287895,legacy_v1_recovered
L-U,1,,439,4,77.359372,73.808139,18.45203475,0.183455,0.04586375,1.768767,0.44219175,75.76036099999999,18.940090249999997,1.5990110000000044,0.3997527500000011,19.339843,legacy_v1_recovered
L-U,1,,440,4,33.381386,29.909647,7.47741175,0.193603,0.04840075,1.74071,0.4351775,31.84396,7.96099,1.537426,0.3843565,8.3453465,legacy_v1_recovered
L-U,1,,441,4,17.107486,13.595653,3.39891325,0.185958,0.0464895,1.714309,0.42857725,15.49592,3.87398,1.6115660000000016,0.4028915000000004,4.2768715,legacy_v1_recovered
L-U,1,,442,4,15.148184,11.583326,2.8958315,0.180499,0.04512475,1.799507,0.44987675,13.563331999999999,3.3908329999999998,1.5848520000000015,0.39621300000000037,3.787046,legacy_v1_recovered
L-U,1,,443,4,13.844654,10.291145,2.57278625,0.20403100000000002,0.051007750000000004,1.727438,0.4318595,12.222614,3.0556535,1.6220400000000001,0.40551000000000004,3.4611635,legacy_v1_recovered
L-U,1,,444,4,76.890084,73.479956,18.369989,0.166251,0.04156275,1.697479,0.42436975,75.343686,18.8359215,1.5463979999999964,0.3865994999999991,19.222521,legacy_v1_recovered
L-U,1,,445,4,31.470905,27.962533,6.99063325,0.179087,0.04477175,1.777535,0.44438375,29.919155,7.47978875,1.5517499999999984,0.3879374999999996,7.86772625,legacy_v1_recovered
L-U,1,,446,4,151.532328,147.944691,36.98617275,0.187781,0.04694525,1.787193,0.44679825,149.919665,37.47991625,1.6126629999999977,0.40316574999999943,37.883082,legacy_v1_recovered
L-U,1,,447,4,64.98523,61.323254,15.3308135,0.210004,0.052501,1.895857,0.47396425,63.429114999999996,15.857278749999999,1.5561150000000055,0.38902875000000137,16.2463075,legacy_v1_recovered
L-U,1,,448,4,17.903779,14.312845,3.57821125,0.22639700000000001,0.056599250000000004,1.803487,0.45087175,16.342729,4.08568225,1.5610500000000016,0.3902625000000004,4.47594475,legacy_v1_recovered
L-U,1,,449,4,13.615612,10.166803999999999,2.5417009999999998,0.127856,0.031964,1.7733949999999998,0.44334874999999996,12.068054999999998,3.0170137499999994,1.547557000000003,0.38688925000000074,3.403903,legacy_v1_recovered
L-U,1,,450,4,87.853865,84.370419,21.09260475,0.149418,0.0373545,1.761789,0.44044725,86.28162599999999,21.570406499999997,1.5722390000000104,0.3930597500000026,21.96346625,legacy_v1_recovered
L-U,1,,451,4,101.522734,97.925791,24.48144775,0.226408,0.056602,1.775005,0.44375125,99.927204,24.981801,1.5955299999999966,0.39888249999999914,25.3806835,legacy_v1_recovered
L-U,1,,452,4,13.585105,10.185056,2.546264,0.14737899999999998,0.036844749999999996,1.719437,0.42985925,12.051872,3.012968,1.533233000000001,0.38330825000000024,3.39627625,legacy_v1_recovered
L-U,1,,453,4,17.353631,13.779318,3.4448295,0.19831100000000002,0.049577750000000004,1.820826,0.4552065,15.798455,3.94961375,1.5551759999999994,0.38879399999999986,4.33840775,legacy_v1_recovered
L-U,1,,454,4,59.39691,55.894353,13.97358825,0.157249,0.03931225,1.787044,0.446761,57.838646000000004,14.459661500000001,1.558263999999994,0.3895659999999985,14.8492275,legacy_v1_recovered
L-U,1,,455,4,41.761623,38.31477,9.5786925,0.163473,0.04086825,1.724354,0.4310885,40.202597000000004,10.050649250000001,1.5590259999999958,0.38975649999999895,10.44040575,legacy_v1_recovered
L-U,1,,456,4,13.647996,10.165063,2.54126575,0.18916,0.04729,1.729578,0.4323945,12.083801,3.02095025,1.5641949999999998,0.39104874999999995,3.411999,legacy_v1_recovered
L-U,1,,457,4,59.277068,55.823704,13.955926,0.194026,0.0485065,1.699186,0.4247965,57.716916,14.429229,1.5601520000000022,0.39003800000000055,14.819267,legacy_v1_recovered
L-U,1,,458,4,13.757222,10.194702,2.5486755,0.20865,0.0521625,1.751236,0.437809,12.154588,3.038647,1.6026340000000001,0.40065850000000003,3.4393055,legacy_v1_recovered
L-U,1,,459,4,13.710088,10.164331,2.54108275,0.185507,0.04637675,1.717809,0.42945225,12.067647000000001,3.0169117500000002,1.6424409999999998,0.41061024999999995,3.427522,legacy_v1_recovered
L-U,1,,460,4,13.66048,10.160937,2.54023425,0.200762,0.0501905,1.723739,0.43093475,12.085438,3.0213595,1.5750419999999998,0.39376049999999996,3.41512,legacy_v1_recovered
L-U,1,,461,4,59.362431,55.824476000000004,13.956119000000001,0.190433,0.04760825,1.776376,0.444094,57.791285,14.44782125,1.5711459999999988,0.3927864999999997,14.84060775,legacy_v1_recovered
L-U,1,,462,4,17.402491,13.980013,3.49500325,0.138033,0.03450825,1.77003,0.4425075,15.888076,3.972019,1.5144150000000014,0.37860375000000035,4.35062275,legacy_v1_recovered
L-U,1,,463,4,13.672403,10.188807,2.54720175,0.193088,0.048272,1.7389809999999999,0.43474524999999997,12.120875999999999,3.0302189999999998,1.551527,0.38788175,3.41810075,legacy_v1_recovered
L-U,1,,464,4,13.650505,10.153824,2.538456,0.177832,0.044458,1.758672,0.439668,12.090328000000001,3.0225820000000003,1.5601769999999995,0.39004424999999987,3.41262625,legacy_v1_recovered
L-U,1,,465,4,13.690453,10.194130000000001,2.5485325000000003,0.192618,0.0481545,1.729979,0.43249475,12.116727000000001,3.0291817500000002,1.5737259999999988,0.3934314999999997,3.42261325,legacy_v1_recovered
L-U,1,,466,4,47.748895,44.183546,11.0458865,0.219018,0.0547545,1.771289,0.44282225,46.173853,11.54346325,1.5750419999999963,0.39376049999999907,11.93722375,legacy_v1_recovered
L-U,1,,467,4,89.299378,85.803768,21.450942,0.21415499999999998,0.053538749999999996,1.742991,0.43574775,87.76091400000001,21.940228500000003,1.5384639999999905,0.3846159999999976,22.3248445,legacy_v1_recovered
L-U,1,,468,4,17.046344,13.512444,3.378111,0.167873,0.04196825,1.805944,0.451486,15.486261,3.87156525,1.5600830000000006,0.39002075000000014,4.261586,legacy_v1_recovered
L-U,1,,469,4,87.662252,84.027894,21.0069735,0.202962,0.0507405,1.8474599999999999,0.46186499999999997,86.078316,21.519579,1.5839359999999942,0.39598399999999856,21.915563,legacy_v1_recovered
L-U,1,,470,4,13.599596,10.122908,2.530727,0.181553,0.04538825,1.744324,0.436081,12.048785,3.01219625,1.5508109999999995,0.3877027499999999,3.399899,legacy_v1_recovered
L-U,1,,471,4,16.0736,12.51818,3.129545,0.185775,0.04644375,1.798262,0.4495655,14.502216999999998,3.6255542499999995,1.5713830000000009,0.3928457500000002,4.0184,legacy_v1_recovered
L-U,1,,472,4,108.485181,104.85219,26.2130475,0.22659,0.0566475,1.801283,0.45032075,106.88006299999999,26.720015749999998,1.6051180000000045,0.4012795000000011,27.12129525,legacy_v1_recovered
L-U,1,,473,4,13.644418,10.185262,2.5463155,0.180686,0.0451715,1.72285,0.4307125,12.088797999999999,3.0221994999999997,1.5556200000000011,0.3889050000000003,3.4111045,legacy_v1_recovered
L-U,1,,474,4,31.547935,28.031449000000002,7.0078622500000005,0.202526,0.0506315,1.739641,0.43491025,29.973616,7.493404,1.5743189999999991,0.3935797499999998,7.88698375,legacy_v1_recovered
L-U,1,,475,4,13.722754,10.184732,2.546183,0.181527,0.04538175,1.786291,0.44657275,12.15255,3.0381375,1.5702040000000004,0.3925510000000001,3.4306885,legacy_v1_recovered
L-U,1,,476,4,76.665411,73.04113,18.2602825,0.196629,0.04915725,1.819094,0.4547735,75.056853,18.76421325,1.6085580000000022,0.40213950000000054,19.16635275,legacy_v1_recovered
L-U,1,,477,4,49.395474,45.833222000000006,11.458305500000002,0.224522,0.0561305,1.731818,0.4329545,47.789562000000004,11.947390500000001,1.6059119999999965,0.4014779999999991,12.3488685,legacy_v1_recovered
L-U,1,,478,4,13.897475,10.370778999999999,2.5926947499999997,0.197874,0.0494685,1.733014,0.4332535,12.301667,3.07541675,1.595808,0.398952,3.47436875,legacy_v1_recovered
L-U,1,,479,4,75.196728,71.645925,17.91148125,0.185476,0.046369,1.804073,0.45101825,73.635474,18.4088685,1.561253999999991,0.39031349999999776,18.799182,legacy_v1_recovered
L-U,1,,480,4,13.750471,10.250666,2.5626665,0.185529,0.04638225,1.7475209999999999,0.43688024999999997,12.183716,3.045929,1.5667549999999988,0.3916887499999997,3.43761775,legacy_v1_recovered
L-U,1,,481,4,13.759505,10.280669,2.57016725,0.189469,0.04736725,1.711274,0.4278185,12.181412,3.045353,1.5780930000000009,0.3945232500000002,3.43987625,legacy_v1_recovered
L-U,1,,482,4,17.262456,13.763447,3.44086175,0.179972,0.044993,1.791826,0.4479565,15.735244999999999,3.9338112499999998,1.5272110000000012,0.3818027500000003,4.315614,legacy_v1_recovered
L-U,1,,483,4,13.616109,10.186183,2.54654575,0.17704399999999998,0.044260999999999995,1.716668,0.429167,12.079895,3.01997375,1.5362139999999993,0.3840534999999998,3.40402725,legacy_v1_recovered
L-U,1,,484,4,13.664195,10.109950999999999,2.5274877499999997,0.205315,0.05132875,1.783523,0.44588075,12.098789,3.02469725,1.5654059999999994,0.39135149999999985,3.41604875,legacy_v1_recovered
L-U,1,,485,4,45.363729,41.830961,10.45774025,0.152051,0.03801275,1.792194,0.4480485,43.775206000000004,10.943801500000001,1.588522999999995,0.39713074999999876,11.34093225,legacy_v1_recovered
L-U,1,,486,4,31.270965,27.814341,6.95358525,0.164113,0.04102825,1.717618,0.4294045,29.696072,7.424018,1.5748929999999994,0.39372324999999986,7.81774125,legacy_v1_recovered
L-U,1,,487,4,15.645433,12.057028,3.014257,0.188582,0.0471455,1.837016,0.459254,14.082626000000001,3.5206565000000003,1.5628069999999994,0.39070174999999985,3.91135825,legacy_v1_recovered
L-U,1,,488,4,78.16979,74.6388,18.6597,0.15559900000000002,0.038899750000000004,1.781137,0.44528425,76.575536,19.143884,1.5942540000000065,0.3985635000000016,19.5424475,legacy_v1_recovered
L-U,1,,489,4,13.742163,10.237912,2.559478,0.17632,0.04408,1.736229,0.43405725,12.150461,3.03761525,1.5917019999999997,0.39792549999999993,3.43554075,legacy_v1_recovered
L-U,1,,490,4,59.373536,55.919752,13.979938,0.154155,0.03853875,1.747961,0.43699025,57.82186800000001,14.455467000000002,1.5516679999999923,0.38791699999999807,14.843384,legacy_v1_recovered
L-U,1,,491,4,14.182351,10.689636,2.672409,0.183199,0.04579975,1.7455690000000001,0.43639225000000004,12.618404,3.154601,1.5639470000000006,0.39098675000000016,3.54558775,legacy_v1_recovered
L-U,1,,492,4,73.585924,70.104015,17.52600375,0.182117,0.04552925,1.738012,0.434503,72.024144,18.006036,1.5617799999999988,0.3904449999999997,18.396481,legacy_v1_recovered
L-U,1,,493,4,47.382716,43.818486,10.9546215,0.204929,0.05123225,1.781364,0.445341,45.804778999999996,11.451194749999999,1.5779370000000057,0.3944842500000014,11.845679,legacy_v1_recovered
L-U,1,,494,4,119.762317,116.194312,29.048578,0.206354,0.0515885,1.800256,0.450064,118.200922,29.5502305,1.5613949999999903,0.3903487499999976,29.94057925,legacy_v1_recovered
L-U,1,,495,4,61.696649,58.185093,14.54627325,0.156439,0.03910975,1.805396,0.451349,60.146928,15.036732,1.5497209999999981,0.38743024999999953,15.42416225,legacy_v1_recovered
L-U,1,,496,4,46.752998,43.282016,10.820504,0.17990599999999998,0.044976499999999996,1.722751,0.43068775,45.184673000000004,11.296168250000001,1.5683249999999944,0.3920812499999986,11.6882495,legacy_v1_recovered
L-U,1,,497,4,31.1825,27.657247,6.91431175,0.175696,0.043924,1.7868469999999999,0.44671174999999996,29.619790000000002,7.4049475000000005,1.5627099999999992,0.3906774999999998,7.795625,legacy_v1_recovered
L-U,1,,498,4,13.947479,10.265785,2.56644625,0.21188,0.05297,1.788113,0.44702825,12.265778000000001,3.0664445000000002,1.6817009999999986,0.42042524999999964,3.48686975,legacy_v1_recovered
L-U,1,,499,4,87.219658,83.622961,20.90574025,0.190418,0.0476045,1.808432,0.452108,85.621811,21.40545275,1.5978470000000016,0.3994617500000004,21.8049145,legacy_v1_recovered
L-U,1,,500,4,31.475709,27.914421,6.97860525,0.199297,0.04982425,1.771034,0.4427585,29.884752000000002,7.471188000000001,1.590956999999996,0.397739249999999,7.86892725,legacy_v1_recovered
L-U,1,,501,4,45.294249,41.785320999999996,10.446330249999999,0.182232,0.045558,1.734952,0.433738,43.702504999999995,10.925626249999999,1.5917440000000056,0.3979360000000014,11.32356225,legacy_v1_recovered
L-U,1,,502,4,41.881263,38.362222,9.5905555,0.199614,0.0499035,1.74588,0.43647,40.307716,10.076929,1.5735469999999978,0.39338674999999945,10.47031575,legacy_v1_recovered
L-U,1,,503,4,13.658846,10.20179,2.5504475,0.194074,0.0485185,1.712145,0.42803625,12.108009000000001,3.0270022500000002,1.5508369999999996,0.3877092499999999,3.4147115,legacy_v1_recovered
L-U,1,,504,4,13.657186,10.224747,2.55618675,0.153694,0.0384235,1.744534,0.4361335,12.122975,3.03074375,1.534210999999999,0.3835527499999998,3.4142965,legacy_v1_recovered
L-U,1,,505,4,44.381162,40.949295,10.23732375,0.162721,0.04068025,1.733325,0.43333125,42.845341,10.71133525,1.5358210000000057,0.3839552500000014,11.0952905,legacy_v1_recovered
L-U,1,,506,4,64.625925,60.970605000000006,15.242651250000002,0.22711399999999998,0.056778499999999996,1.828615,0.45715375,63.026334000000006,15.756583500000001,1.5995909999999895,0.3998977499999974,16.15648125,legacy_v1_recovered
L-U,1,,507,4,49.159553,45.484342,11.3710855,0.205649,0.05141225,1.868873,0.46721825,47.558864,11.889716,1.6006890000000027,0.4001722500000007,12.28988825,legacy_v1_recovered
L-U,1,,508,4,45.456031,41.861807999999996,10.465451999999999,0.203707,0.05092675,1.783034,0.4457585,43.848549,10.96213725,1.6074820000000045,0.40187050000000113,11.36400775,legacy_v1_recovered
L-U,1,,509,4,28.49588,24.932357,6.23308925,0.174266,0.0435665,1.8206259999999999,0.45515649999999996,26.927249,6.73181225,1.5686309999999999,0.39215774999999997,7.12397,legacy_v1_recovered
L-U,1,,510,4,48.786265,45.295287,11.32382175,0.195086,0.0487715,1.739445,0.43486125,47.22981800000001,11.807454500000002,1.5564469999999915,0.38911174999999787,12.19656625,legacy_v1_recovered
L-U,1,,511,4,13.653636,10.136334,2.5340835,0.18073,0.0451825,1.7664360000000001,0.44160900000000003,12.0835,3.020875,1.5701359999999998,0.39253399999999994,3.413409,legacy_v1_recovered
L-U,1,,512,4,13.630826,10.190227,2.54755675,0.17099799999999998,0.042749499999999996,1.715794,0.4289485,12.077019000000002,3.0192547500000004,1.553806999999999,0.38845174999999976,3.4077065,legacy_v1_recovered
L-U,1,,513,4,60.143853,56.532325,14.13308125,0.190304,0.047576,1.8623159999999999,0.46557899999999997,58.584945,14.64623625,1.5589080000000024,0.3897270000000006,15.03596325,legacy_v1_recovered
L-U,1,,514,4,17.169601,13.6547,3.413675,0.180401,0.04510025,1.740475,0.43511875,15.575576,3.893894,1.5940250000000002,0.39850625000000006,4.29240025,legacy_v1_recovered
L-U,1,,515,4,31.212182,27.733893000000002,6.9334732500000005,0.17468,0.04367,1.7331349999999999,0.43328374999999997,29.641708,7.410427,1.5704739999999973,0.3926184999999993,7.8030455,legacy_v1_recovered
L-U,1,,516,4,45.421656,41.908041,10.47701025,0.171275,0.04281875,1.7823959999999999,0.44559899999999997,43.861712,10.965428,1.5599440000000016,0.3899860000000004,11.355414,legacy_v1_recovered
L-U,1,,517,4,27.827529,24.297492,6.074373,0.22703500000000001,0.056758750000000004,1.725847,0.43146175,26.250374,6.5625935,1.5771549999999976,0.3942887499999994,6.95688225,legacy_v1_recovered
L-U,1,,518,4,59.37085,55.838729,13.95968225,0.167037,0.04175925,1.810956,0.452739,57.816722,14.4541805,1.5541279999999986,0.38853199999999966,14.8427125,legacy_v1_recovered
L-U,1,,519,4,13.714588,10.251317,2.56282925,0.173286,0.0433215,1.730007,0.43250175,12.15461,3.0386525,1.5599779999999992,0.3899944999999998,3.428647,legacy_v1_recovered
L-U,1,,520,4,45.174556,41.696301000000005,10.424075250000001,0.1849,0.046225,1.739164,0.434791,43.62036500000001,10.905091250000002,1.5541909999999959,0.38854774999999897,11.293639,legacy_v1_recovered
L-U,1,,521,4,17.469132,13.987276000000001,3.4968190000000003,0.195584,0.048896,1.7374779999999999,0.43436949999999996,15.920338000000001,3.9800845000000002,1.5487939999999973,0.38719849999999933,4.367283,legacy_v1_recovered
L-U,1,,522,4,16.846947,13.382127,3.34553175,0.19201800000000002,0.048004500000000005,1.735257,0.43381425,15.309402000000002,3.8273505000000005,1.537544999999998,0.3843862499999995,4.21173675,legacy_v1_recovered
L-U,1,,523,4,59.434934,55.906063,13.97651575,0.17892,0.04473,1.766076,0.441519,57.851059,14.46276475,1.583874999999999,0.39596874999999976,14.8587335,legacy_v1_recovered
L-U,1,,524,4,41.800041,38.236859,9.55921475,0.18423699999999998,0.046059249999999996,1.815626,0.4539065,40.23672200000001,10.059180500000002,1.5633189999999928,0.3908297499999982,10.45001025,legacy_v1_recovered
L-U,1,,525,4,13.724978,10.215181,2.55379525,0.204791,0.05119775,1.713117,0.42827925,12.133089,3.03327225,1.591889,0.39797225,3.4312445,legacy_v1_recovered
L-U,1,,526,4,15.999038,12.509568000000002,3.1273920000000004,0.194348,0.048587,1.761593,0.44039825,14.465509,3.61637725,1.5335289999999997,0.3833822499999999,3.9997595,legacy_v1_recovered
L-U,1,,527,4,33.030006,29.493656,7.373414,0.210154,0.0525385,1.751143,0.43778575,31.454953,7.86373825,1.5750530000000005,0.3937632500000001,8.2575015,legacy_v1_recovered
L-U,1,,528,4,66.455015,62.657325,15.66433125,0.193888,0.048472,1.895068,0.473767,64.746281,16.18657025,1.7087340000000069,0.4271835000000017,16.61375375,legacy_v1_recovered
L-U,1,,529,4,13.751545,10.23934,2.559835,0.197664,0.049416,1.731285,0.43282125,12.168289,3.04207225,1.5832560000000004,0.3958140000000001,3.43788625,legacy_v1_recovered
L-U,1,,530,4,65.133691,61.544458,15.3861145,0.177378,0.0443445,1.867869,0.46696725,63.589704999999995,15.897426249999999,1.5439860000000039,0.38599650000000096,16.28342275,legacy_v1_recovered
L-U,1,,531,4,15.212921,11.57287,2.8932175,0.18906,0.047265,1.880698,0.4701745,13.642628,3.410657,1.5702929999999995,0.3925732499999999,3.80323025,legacy_v1_recovered
L-U,1,,532,4,200.124784,196.542251,49.13556275,0.195596,0.048899,1.808554,0.4521385,198.54640099999997,49.636600249999994,1.5783830000000307,0.3945957500000077,50.031196,legacy_v1_recovered
L-U,1,,533,4,13.546151,10.171844,2.542961,0.120604,0.030151,1.707294,0.4268235,11.999742000000001,2.9999355000000003,1.5464089999999988,0.3866022499999997,3.38653775,legacy_v1_recovered
L-U,1,,534,4,33.362971,29.794696000000002,7.4486740000000005,0.198371,0.04959275,1.784261,0.44606525,31.777328000000004,7.944332000000001,1.5856429999999975,0.39641074999999937,8.34074275,legacy_v1_recovered
L-U,1,,535,4,31.163461,27.706682,6.9266705,0.15928399999999998,0.039820999999999995,1.711457,0.42786425,29.577423,7.39435575,1.586038000000002,0.3965095000000005,7.79086525,legacy_v1_recovered
L-U,1,,536,4,13.73064,10.215482999999999,2.5538707499999997,0.164735,0.04118375,1.76402,0.441005,12.144238,3.0360595,1.5864019999999996,0.3966004999999999,3.43266,legacy_v1_recovered
L-U,1,,537,4,33.922654,30.434148999999998,7.6085372499999995,0.160838,0.0402095,1.770465,0.44261625,32.365452,8.091363,1.5572020000000037,0.38930050000000094,8.4806635,legacy_v1_recovered
L-U,1,,538,4,13.655072,10.149466,2.5373665,0.15720599999999998,0.039301499999999996,1.7807300000000001,0.44518250000000004,12.087402,3.0218505,1.5676699999999997,0.3919174999999999,3.413768,legacy_v1_recovered
L-U,1,,539,4,60.978129,57.473164000000004,14.368291000000001,0.189463,0.04736575,1.745346,0.4363365,59.407973000000005,14.851993250000001,1.5701559999999972,0.3925389999999993,15.24453225,legacy_v1_recovered
L-U,1,,540,4,60.859144,57.318682,14.3296705,0.184412,0.046103,1.747874,0.4369685,59.25096800000001,14.812742000000002,1.6081759999999932,0.4020439999999983,15.214786,legacy_v1_recovered
L-U,1,,541,4,73.788177,70.219531,17.55488275,0.188907,0.04722675,1.792425,0.44810625,72.200863,18.05021575,1.5873140000000063,0.3968285000000016,18.44704425,legacy_v1_recovered
L-U,1,,542,4,104.984586,101.46527999999999,25.366319999999998,0.145062,0.0362655,1.7697,0.442425,103.38004199999999,25.845010499999997,1.6045440000000042,0.40113600000000105,26.2461465,legacy_v1_recovered
L-U,1,,543,4,13.645119,10.1745,2.543625,0.158169,0.03954225,1.75903,0.4397575,12.091698999999998,3.0229247499999996,1.553420000000001,0.38835500000000023,3.41127975,legacy_v1_recovered
L-U,1,,544,4,13.622684,10.179108,2.544777,0.155343,0.03883575,1.7370839999999999,0.43427099999999996,12.071534999999999,3.0178837499999998,1.5511490000000006,0.38778725000000014,3.405671,legacy_v1_recovered
L-U,1,,545,4,59.290545,55.806374000000005,13.951593500000001,0.19805899999999999,0.049514749999999996,1.7138550000000001,0.42846375000000003,57.71828800000001,14.429572000000002,1.5722569999999934,0.39306424999999834,14.82263625,legacy_v1_recovered
L-U,1,,546,4,73.499286,69.889089,17.47227225,0.169715,0.04242875,1.808541,0.45213525,71.867345,17.96683625,1.6319409999999976,0.4079852499999994,18.3748215,legacy_v1_recovered
L-U,1,,547,4,45.65014,42.103007,10.52575175,0.20377599999999998,0.050943999999999996,1.755432,0.438858,44.062214999999995,11.015553749999999,1.5879250000000056,0.3969812500000014,11.412535,legacy_v1_recovered
L-U,1,,548,4,17.797768,14.180261,3.54506525,0.194595,0.04864875,1.8780510000000001,0.46951275000000003,16.252907,4.06322675,1.544861000000001,0.38621525000000023,4.449442,legacy_v1_recovered
L-U,1,,549,4,49.097539,45.539228,11.384807,0.183424,0.045856,1.825405,0.45635125,47.548057,11.88701425,1.5494819999999976,0.3873704999999994,12.27438475,legacy_v1_recovered
L-U,1,,550,4,17.08356,13.606945,3.40173625,0.153745,0.03843625,1.784725,0.44618125,15.545415,3.88635375,1.5381449999999983,0.3845362499999996,4.27089,legacy_v1_recovered
L-U,1,,551,4,13.598457,10.153675,2.53841875,0.125096,0.031274,1.76756,0.44189,12.046330999999999,3.0115827499999996,1.5521260000000012,0.3880315000000003,3.39961425,legacy_v1_recovered
L-U,1,,552,4,112.118844,108.499668,27.124917,0.200773,0.05019325,1.836641,0.45916025,110.537082,27.6342705,1.5817619999999977,0.3954404999999994,28.029711,legacy_v1_recovered
L-U,1,,553,4,17.416453,13.86269,3.4656725,0.193526,0.0483815,1.774386,0.4435965,15.830602,3.9576505,1.585851,0.39646275,4.35411325,legacy_v1_recovered
L-U,1,,554,4,34.967909,31.375348000000002,7.843837000000001,0.16636599999999999,0.041591499999999997,1.847847,0.46196175,33.389561,8.34739025,1.5783479999999983,0.3945869999999996,8.74197725,legacy_v1_recovered
L-U,1,,555,4,13.751601,10.195793,2.54894825,0.185488,0.046372,1.7864149999999999,0.44660374999999997,12.167696,3.041924,1.5839050000000015,0.39597625000000036,3.43790025,legacy_v1_recovered
L-U,1,,556,4,13.639398,10.194484,2.548621,0.158109,0.03952725,1.732142,0.4330355,12.084734999999998,3.0211837499999996,1.5546630000000015,0.38866575000000037,3.4098495,legacy_v1_recovered
L-U,1,,557,4,17.101678,13.602806000000001,3.4007015000000003,0.19086,0.047715,1.759463,0.43986575,15.553129000000002,3.8882822500000005,1.5485489999999977,0.38713724999999943,4.2754195,legacy_v1_recovered
L-U,1,,558,4,41.927701,38.375545,9.59388625,0.177151,0.04428775,1.788938,0.4472345,40.341634000000006,10.085408500000002,1.5860669999999928,0.3965167499999982,10.48192525,legacy_v1_recovered
L-U,1,,559,4,66.243894,62.701076,15.675269,0.159604,0.039901,1.824138,0.4560345,64.684818,16.1712045,1.5590759999999904,0.3897689999999976,16.5609735,legacy_v1_recovered
L-U,1,,560,4,55.899823,52.416678,13.1041695,0.178212,0.044553,1.732271,0.43306775,54.327161,13.58179025,1.5726620000000011,0.3931655000000003,13.97495575,legacy_v1_recovered
L-U,1,,561,4,111.936767,108.357457,27.08936425,0.175729,0.04393225,1.765874,0.4414685,110.29906,27.574765,1.637707000000006,0.4094267500000015,27.98419175,legacy_v1_recovered
L-U,1,,562,4,98.510393,94.958527,23.73963175,0.17532799999999998,0.043831999999999996,1.822209,0.45555225,96.956064,24.239016,1.5543289999999956,0.3885822499999989,24.62759825,legacy_v1_recovered
L-U,1,,563,4,13.655542,10.136712,2.534178,0.21466000000000002,0.053665000000000004,1.731223,0.43280575,12.082595,3.02064875,1.572947000000001,0.39323675000000025,3.4138855,legacy_v1_recovered
L-U,1,,564,4,124.986071,121.35132,30.33783,0.190664,0.047666,1.918032,0.479508,123.460016,30.865004,1.5260549999999995,0.3815137499999999,31.24651775,legacy_v1_recovered
L-U,1,,565,4,46.800833,43.183801,10.79595025,0.209265,0.05231625,1.816763,0.45419075,45.209829000000006,11.302457250000002,1.591003999999991,0.39775099999999775,11.70020825,legacy_v1_recovered
L-U,1,,566,4,59.352623,55.892571999999994,13.973142999999999,0.129187,0.03229675,1.770685,0.44267125,57.792443999999996,14.448110999999999,1.560179000000005,0.3900447500000013,14.83815575,legacy_v1_recovered
L-U,1,,567,4,59.517565,55.956018,13.9890045,0.15931,0.0398275,1.817604,0.454401,57.932932,14.483233,1.5846329999999966,0.39615824999999916,14.87939125,legacy_v1_recovered
L-U,1,,568,4,18.480207,14.823635,3.70590875,0.172652,0.043163,1.835274,0.4588185,16.831561,4.20789025,1.6486459999999994,0.41216149999999985,4.62005175,legacy_v1_recovered
L-U,1,,569,4,14.026629,10.321673,2.58041825,0.209764,0.052441,1.914034,0.4785085,12.445471000000001,3.1113677500000003,1.5811579999999985,0.3952894999999996,3.50665725,legacy_v1_recovered
L-U,1,,570,4,50.927392,46.286592,11.571648,0.32537499999999997,0.08134374999999999,2.059803,0.51495075,48.67177,12.1679425,2.2556219999999954,0.5639054999999988,12.731848,legacy_v1_recovered
L-U,1,,571,4,49.003962,45.362065,11.34051625,0.227449,0.05686225,1.844528,0.461132,47.434042,11.8585105,1.5699200000000033,0.39248000000000083,12.2509905,legacy_v1_recovered
L-U,1,,572,4,59.583512,56.01592,14.00398,0.205996,0.051499,1.786059,0.44651475,58.007975,14.50199375,1.575536999999997,0.39388424999999927,14.895878,legacy_v1_recovered
L-U,1,,573,4,57.478527,53.92299,13.4807475,0.219338,0.0548345,1.745939,0.43648475,55.888267,13.97206675,1.5902600000000007,0.39756500000000017,14.36963175,legacy_v1_recovered
L-U,1,,574,4,34.601303,31.169006999999997,7.792251749999999,0.154538,0.0386345,1.748035,0.43700875,33.07158,8.267895,1.5297230000000042,0.38243075000000104,8.65032575,legacy_v1_recovered
L-U,1,,575,4,13.622357,10.143359,2.53583975,0.180376,0.045094,1.704707,0.42617675,12.028442000000002,3.0071105000000005,1.5939149999999973,0.3984787499999993,3.40558925,legacy_v1_recovered
L-U,1,,576,4,27.940266,24.452606,6.1131515,0.165567,0.04139175,1.758368,0.439592,26.376541,6.59413525,1.5637250000000016,0.3909312500000004,6.9850665,legacy_v1_recovered
L-U,1,,577,4,49.186929,45.629071,11.40726775,0.19355299999999998,0.048388249999999994,1.7800529999999999,0.44501324999999997,47.60267700000001,11.900669250000002,1.5842519999999922,0.39606299999999806,12.29673225,legacy_v1_recovered
L-U,1,,578,4,189.057688,185.450007,46.36250175,0.19941,0.0498525,1.829631,0.45740775,187.479048,46.869762,1.5786400000000071,0.3946600000000018,47.264422,legacy_v1_recovered
L-U,1,,579,4,17.304645,13.869813,3.46745325,0.129494,0.0323735,1.772537,0.44313425,15.771844,3.942961,1.532801000000001,0.38320025000000024,4.32616125,legacy_v1_recovered
L-U,1,,580,4,47.4157,43.933467,10.98336675,0.16716399999999998,0.041790999999999995,1.763018,0.4407545,45.863649,11.46591225,1.5520509999999987,0.3880127499999997,11.853925,legacy_v1_recovered
L-U,1,,581,4,49.589787,46.007503,11.50187575,0.203083,0.05077075,1.814441,0.45361025,48.025027,12.00625675,1.5647599999999997,0.3911899999999999,12.39744675,legacy_v1_recovered
L-U,1,,582,4,16.844055,13.41076,3.35269,0.181374,0.0453435,1.726328,0.431582,15.318462,3.8296155,1.5255930000000006,0.38139825000000016,4.21101375,legacy_v1_recovered
L-U,1,,583,4,16.880734,13.346615,3.33665375,0.198281,0.04957025,1.766554,0.4416385,15.311449999999999,3.8278624999999997,1.5692840000000015,0.39232100000000036,4.2201835,legacy_v1_recovered
L-U,1,,584,4,33.071113,29.587349,7.39683725,0.201162,0.0502905,1.732609,0.43315225,31.52112,7.88028,1.549992999999997,0.38749824999999927,8.26777825,legacy_v1_recovered
L-U,1,,585,4,44.586012,40.950117999999996,10.237529499999999,0.185477,0.04636925,1.819572,0.454893,42.955166999999996,10.738791749999999,1.6308450000000008,0.4077112500000002,11.146503,legacy_v1_recovered
L-U,1,,586,4,31.252635,27.745419,6.93635475,0.175911,0.04397775,1.7549,0.438725,29.676229999999997,7.419057499999999,1.5764050000000047,0.3941012500000012,7.81315875,legacy_v1_recovered
L-U,1,,587,4,13.692803,10.171324,2.542831,0.194945,0.04873625,1.7160739999999999,0.42901849999999997,12.082343000000002,3.0205857500000004,1.610459999999998,0.4026149999999995,3.42320075,legacy_v1_recovered
L-U,1,,588,4,13.749564,10.204597,2.55114925,0.17449199999999998,0.043622999999999995,1.769134,0.4422835,12.148223,3.03705575,1.6013409999999997,0.4003352499999999,3.437391,legacy_v1_recovered
L-U,1,,589,4,62.795558,59.283546,14.8208865,0.158105,0.03952625,1.7954430000000001,0.44886075000000003,61.237094,15.3092735,1.5584640000000007,0.3896160000000002,15.6988895,legacy_v1_recovered
L-U,1,,590,4,91.032581,87.553622,21.8884055,0.161659,0.04041475,1.777944,0.444486,89.49322500000001,22.373306250000002,1.5393559999999837,0.38483899999999593,22.75814525,legacy_v1_recovered
L-U,1,,591,4,93.999124,90.338982,22.5847455,0.203337,0.05083425,1.873713,0.46842825,92.416032,23.104008,1.5830919999999935,0.3957729999999984,23.499781,legacy_v1_recovered
L-U,1,,592,4,20.475308,16.979443,4.24486075,0.19639,0.0490975,1.740875,0.43521875,18.916708,4.729177,1.5585999999999984,0.3896499999999996,5.118827,legacy_v1_recovered
L-U,1,,593,4,18.19881,14.640829,3.66020725,0.206137,0.05153425,1.797086,0.4492715,16.644052,4.161013,1.5547580000000032,0.3886895000000008,4.5497025,legacy_v1_recovered
L-U,1,,594,4,59.47666,55.98387,13.9959675,0.19579,0.0489475,1.720138,0.4300345,57.899798000000004,14.474949500000001,1.5768619999999984,0.3942154999999996,14.869165,legacy_v1_recovered
L-U,1,,595,4,87.350687,83.83072899999999,20.957682249999998,0.124858,0.0312145,1.78931,0.4473275,85.744897,21.43622425,1.605789999999999,0.40144749999999974,21.83767175,legacy_v1_recovered
L-U,1,,596,4,115.984779,112.44288499999999,28.110721249999997,0.191574,0.0478935,1.7215449999999999,0.43038624999999997,114.356004,28.589001,1.6287750000000045,0.40719375000000113,28.99619475,legacy_v1_recovered
L-U,1,,597,4,49.261759,45.676945,11.41923625,0.215779,0.05394475,1.81576,0.45394,47.708484,11.927121,1.5532749999999993,0.3883187499999998,12.31543975,legacy_v1_recovered
L-U,1,,598,4,15.771866,12.250302,3.0625755,0.191591,0.04789775,1.756665,0.43916625,14.198558,3.5496395,1.573307999999999,0.39332699999999976,3.9429665,legacy_v1_recovered
L-U,1,,599,4,37.455856,33.987568,8.496892,0.180767,0.04519175,1.731787,0.43294675,35.900122,8.9750305,1.555733999999994,0.3889334999999985,9.363964,legacy_v1_recovered
L-U,1,,600,4,48.934608,45.535846,11.3839615,0.122627,0.03065675,1.749946,0.4374865,47.408419,11.85210475,1.5261889999999951,0.3815472499999988,12.233652,legacy_v1_recovered
L-U,1,,601,4,15.230783,11.660476,2.915119,0.156041,0.03901025,1.8216839999999999,0.45542099999999996,13.638200999999999,3.4095502499999997,1.592582000000002,0.3981455000000005,3.80769575,legacy_v1_recovered
L-U,1,,602,4,34.80803,31.319897,7.82997425,0.197346,0.0493365,1.7442060000000001,0.43605150000000004,33.261449,8.31536225,1.5465810000000033,0.38664525000000083,8.7020075,legacy_v1_recovered
L-U,1,,603,4,15.631016,12.134978,3.0337445,0.186493,0.04662325,1.76762,0.441905,14.089091,3.52227275,1.5419250000000009,0.3854812500000002,3.907754,legacy_v1_recovered
L-U,1,,604,4,48.583486,45.099053999999995,11.274763499999999,0.129491,0.03237275,1.77118,0.442795,46.999725,11.74993125,1.5837610000000026,0.39594025000000066,12.1458715,legacy_v1_recovered
L-U,1,,605,4,46.89721,43.376706,10.8441765,0.165103,0.04127575,1.818214,0.4545535,45.360023,11.34000575,1.537187000000003,0.38429675000000074,11.7243025,legacy_v1_recovered
L-U,1,,606,4,34.765667,31.233506,7.8083765,0.197899,0.04947475,1.756484,0.439121,33.187889,8.29697225,1.5777780000000021,0.39444450000000053,8.69141675,legacy_v1_recovered
L-U,1,,607,4,13.665446,10.139244,2.534811,0.201946,0.0504865,1.757682,0.4394205,12.098872,3.024718,1.5665739999999992,0.3916434999999998,3.4163615,legacy_v1_recovered
L-U,1,,608,4,48.76809,45.293654,11.3234135,0.206108,0.051527,1.725943,0.43148575,47.225705,11.80642625,1.542385000000003,0.38559625000000075,12.1920225,legacy_v1_recovered
L-U,1,,609,4,13.682477,10.174610000000001,2.5436525000000003,0.186844,0.046711,1.7620390000000001,0.44050975000000003,12.123493000000002,3.0308732500000004,1.5589839999999988,0.3897459999999997,3.42061925,legacy_v1_recovered
L-U,1,,610,4,13.710615,10.170338000000001,2.5425845000000002,0.199148,0.049787,1.7448890000000001,0.43622225000000003,12.114375,3.02859375,1.5962399999999999,0.39905999999999997,3.42765375,legacy_v1_recovered
L-U,1,,611,4,43.971671,40.469453,10.11736325,0.171501,0.04287525,1.746337,0.43658425,42.387291,10.59682275,1.584380000000003,0.39609500000000075,10.99291775,legacy_v1_recovered
L-U,1,,612,4,30.262057,26.710800000000003,6.677700000000001,0.1769,0.044225,1.796869,0.44921725,28.684569000000003,7.171142250000001,1.5774879999999953,0.39437199999999883,7.56551425,legacy_v1_recovered
L-U,1,,613,4,16.980969,13.570968,3.392742,0.152222,0.0380555,1.722173,0.43054325,15.445363,3.86134075,1.5356060000000014,0.38390150000000034,4.24524225,legacy_v1_recovered
L-U,1,,614,4,45.319373,41.829202,10.4573005,0.172622,0.0431555,1.745491,0.43637275,43.747315,10.93682875,1.5720579999999984,0.3930144999999996,11.32984325,legacy_v1_recovered
L-U,1,,615,4,17.113888,13.619332,3.404833,0.195944,0.048986,1.763391,0.44084775,15.578667000000001,3.8946667500000003,1.5352209999999982,0.38380524999999954,4.278472,legacy_v1_recovered
L-U,1,,616,4,17.167921,13.528693,3.38217325,0.2072,0.0518,1.818876,0.454719,15.554769,3.88869225,1.6131519999999995,0.40328799999999987,4.29198025,legacy_v1_recovered
L-U,1,,617,4,19.602503,15.956989,3.98924725,0.190877,0.04771925,1.896418,0.4741045,18.044284,4.511071,1.5582189999999976,0.3895547499999994,4.90062575,legacy_v1_recovered
L-U,1,,618,4,149.998107,146.44809999999998,36.612024999999996,0.19591,0.0489775,1.788539,0.44713475,148.432549,37.10813725,1.56555800000001,0.3913895000000025,37.49952675,legacy_v1_recovered
L-U,1,,619,4,18.945599,15.513262999999998,3.8783157499999996,0.156888,0.039222,1.717622,0.4294055,17.387773,4.34694325,1.5578260000000022,0.38945650000000054,4.73639975,legacy_v1_recovered
L-U,1,,620,4,18.189675,14.712025,3.67800625,0.179768,0.044942,1.748629,0.43715725,16.640422,4.1601055,1.5492530000000002,0.38731325000000005,4.54741875,legacy_v1_recovered
L-U,1,,621,4,117.332772,113.771959,28.44298975,0.152237,0.03805925,1.824941,0.45623525,115.74913699999999,28.937284249999998,1.5836350000000152,0.3959087500000038,29.333193,legacy_v1_recovered
L-U,1,,622,4,31.529203,27.98122,6.995305,0.213994,0.0534985,1.743763,0.43594075,29.938977,7.48474425,1.5902259999999977,0.3975564999999994,7.88230075,legacy_v1_recovered
L-U,1,,623,4,18.834818,15.313017,3.82825425,0.17122199999999999,0.042805499999999996,1.8281260000000001,0.45703150000000003,17.312365,4.32809125,1.5224529999999987,0.3806132499999997,4.7087045,legacy_v1_recovered
L-U,1,,624,4,88.886177,85.252893,21.31322325,0.202646,0.0506615,1.844007,0.46100175,87.299546,21.8248865,1.586630999999997,0.39665774999999925,22.22154425,legacy_v1_recovered
L-U,1,,625,4,48.013623,44.374427,11.09360675,0.21159799999999998,0.052899499999999995,1.83258,0.458145,46.418605,11.60465125,1.5950180000000032,0.3987545000000008,12.00340575,legacy_v1_recovered
L-U,1,,626,4,120.152263,116.467577,29.11689425,0.207493,0.05187325,1.901191,0.47529775,118.576261,29.64406525,1.5760020000000026,0.39400050000000064,30.03806575,legacy_v1_recovered
L-U,1,,627,4,15.023891,11.480941,2.87023525,0.205924,0.051481,1.769299,0.44232475,13.456164,3.364041,1.5677270000000014,0.39193175000000036,3.75597275,legacy_v1_recovered
L-U,1,,628,4,17.023558,13.526038,3.3815095,0.209196,0.052299,1.747648,0.436912,15.482882,3.8707205,1.5406760000000013,0.3851690000000003,4.2558895,legacy_v1_recovered
L-U,1,,629,4,27.093345,23.602356,5.900589,0.1859,0.046475,1.7471700000000001,0.43679250000000003,25.535426,6.3838565,1.5579189999999983,0.38947974999999957,6.77333625,legacy_v1_recovered
L-U,1,,630,4,13.723659,10.230314,2.5575785,0.18980999999999998,0.047452499999999995,1.742675,0.43566875,12.162799,3.04069975,1.56086,0.390215,3.43091475,legacy_v1_recovered
L-U,1,,631,4,89.911615,86.342912,21.585728,0.216554,0.0541385,1.780192,0.445048,88.339658,22.0849145,1.5719569999999976,0.3929892499999994,22.47790375,legacy_v1_recovered
L-U,1,,632,4,105.609366,102.023771,25.50594275,0.214469,0.05361725,1.7967680000000001,0.44919200000000004,104.03500799999999,26.008751999999998,1.5743580000000037,0.3935895000000009,26.4023415,legacy_v1_recovered
L-U,1,,633,4,45.307975,41.847561999999996,10.461890499999999,0.173336,0.043334,1.723548,0.430887,43.744445999999996,10.936111499999999,1.5635290000000026,0.39088225000000065,11.32699375,legacy_v1_recovered
L-U,1,,634,4,17.53001,14.02411,3.5060275,0.179962,0.0449905,1.7743929999999999,0.44359824999999997,15.978465,3.99461625,1.5515450000000008,0.3878862500000002,4.3825025,legacy_v1_recovered
L-U,1,,635,4,74.110262,70.586612,17.646653,0.117795,0.02944875,1.853859,0.46346475,72.558266,18.1395665,1.5519960000000026,0.38799900000000065,18.5275655,legacy_v1_recovered
L-U,1,,636,4,45.772377,42.191484,10.547871,0.181184,0.045296,1.789119,0.44727975,44.161787000000004,11.040446750000001,1.6105899999999949,0.4026474999999987,11.44309425,legacy_v1_recovered
L-U,1,,637,4,17.156543,13.590614,3.3976535,0.16354,0.040885,1.813927,0.45348175,15.568081,3.89202025,1.5884619999999998,0.39711549999999995,4.28913575,legacy_v1_recovered
L-U,1,,638,4,48.647814,45.11367,11.2784175,0.184768,0.046192,1.786902,0.4467255,47.085339999999995,11.771334999999999,1.5624740000000017,0.3906185000000004,12.1619535,legacy_v1_recovered
L-U,1,,639,4,13.602509,10.134644,2.533661,0.194101,0.04852525,1.709536,0.427384,12.038281,3.00957025,1.564228,0.391057,3.40062725,legacy_v1_recovered
L-U,1,,640,4,16.872803,13.361143,3.34028575,0.169578,0.0423945,1.772828,0.443207,15.303549,3.82588725,1.5692540000000008,0.3923135000000002,4.21820075,legacy_v1_recovered
L-U,1,,641,4,67.0294,63.472649000000004,15.868162250000001,0.160451,0.04011275,1.794453,0.44861325,65.427553,16.35688825,1.6018469999999922,0.40046174999999806,16.75735,legacy_v1_recovered
L-U,1,,642,4,33.775618,30.115609000000003,7.528902250000001,0.167065,0.04176625,1.925875,0.48146875,32.208549000000005,8.052137250000001,1.5670689999999965,0.3917672499999991,8.4439045,legacy_v1_recovered
L-U,1,,643,4,62.672988,59.102408,14.775602,0.208642,0.0521605,1.8035459999999999,0.45088649999999997,61.11459599999999,15.278648999999998,1.5583920000000049,0.3895980000000012,15.668247,legacy_v1_recovered
L-U,1,,644,4,115.369269,111.74210500000001,27.935526250000002,0.174784,0.043696,1.875998,0.4689995,113.79288700000001,28.448221750000002,1.5763819999999953,0.3940954999999988,28.84231725,legacy_v1_recovered
L-U,1,,645,4,36.272693,32.70207,8.1755175,0.20421,0.0510525,1.793209,0.44830225,34.699489,8.67487225,1.573203999999997,0.39330099999999923,9.06817325,legacy_v1_recovered
L-U,1,,646,4,112.280088,108.58400499999999,27.146001249999998,0.214774,0.0536935,1.886937,0.47173425,110.685716,27.671429,1.594372000000007,0.39859300000000175,28.070022,legacy_v1_recovered
L-U,1,,647,4,59.622113,55.989693,13.99742325,0.15308,0.03827,1.8590140000000002,0.46475350000000004,58.00178700000001,14.500446750000002,1.6203259999999915,0.4050814999999979,14.90552825,legacy_v1_recovered
L-U,1,,648,4,35.528039,31.975001,7.99375025,0.192369,0.04809225,1.808387,0.45209675,33.975757,8.49393925,1.5522819999999982,0.38807049999999954,8.88200975,legacy_v1_recovered
L-U,1,,649,4,43.643208,40.221536,10.055384,0.157417,0.03935425,1.715583,0.42889575,42.094536000000005,10.523634000000001,1.5486719999999963,0.38716799999999907,10.910802,legacy_v1_recovered
L-U,1,,650,4,31.292393,27.761692999999998,6.940423249999999,0.186387,0.04659675,1.779589,0.44489725,29.727669,7.43191725,1.5647240000000018,0.39118100000000045,7.82309825,legacy_v1_recovered
L-U,1,,651,4,42.165663,38.628561,9.65714025,0.22000799999999998,0.055001999999999995,1.735025,0.43375625,40.583594,10.1458985,1.5820690000000042,0.39551725000000104,10.54141575,legacy_v1_recovered
L-U,1,,652,4,34.885094,31.378584,7.844646,0.187359,0.04683975,1.777196,0.444299,33.343139,8.33578475,1.5419550000000015,0.3854887500000004,8.7212735,legacy_v1_recovered
L-U,1,,653,4,48.223125,44.753032,11.188258,0.210992,0.052748,1.732897,0.43322425,46.696920999999996,11.674230249999999,1.526204000000007,0.38155100000000175,12.05578125,legacy_v1_recovered
L-U,1,,654,4,63.947869,60.375758,15.0939395,0.213937,0.05348425,1.799212,0.449803,62.388906999999996,15.597226749999999,1.558962000000001,0.38974050000000027,15.98696725,legacy_v1_recovered
L-U,1,,655,4,15.919023,12.168114,3.0420285,0.219621,0.05490525,1.983439,0.49585975,14.371174,3.5927935,1.5478489999999994,0.38696224999999984,3.97975575,legacy_v1_recovered
L-U,1,,656,4,15.030771,11.549265,2.88731625,0.175594,0.0438985,1.725203,0.43130075,13.450062,3.3625155,1.5807089999999988,0.3951772499999997,3.75769275,legacy_v1_recovered
L-U,1,,657,4,31.726179,28.054374000000003,7.013593500000001,0.21127500000000002,0.052818750000000005,1.867757,0.46693925,30.133406000000004,7.533351500000001,1.592772999999994,0.3981932499999985,7.93154475,legacy_v1_recovered
L-U,1,,658,4,63.655979,60.142579999999995,15.035644999999999,0.177638,0.0444095,1.771771,0.44294275,62.091989,15.52299725,1.563990000000004,0.390997500000001,15.91399475,legacy_v1_recovered
L-U,1,,659,4,56.222956,52.65318,13.163295,0.218359,0.05458975,1.749291,0.43732275,54.62083,13.6552075,1.6021260000000055,0.4005315000000014,14.055739,legacy_v1_recovered
L-U,1,,660,4,17.141641,13.601464,3.400366,0.191373,0.04784325,1.787268,0.446817,15.580105,3.89502625,1.5615360000000003,0.39038400000000006,4.28541025,legacy_v1_recovered
L-U,1,,661,4,17.117499,13.602761000000001,3.4006902500000002,0.184612,0.046153,1.804541,0.45113525,15.591914000000001,3.8979785000000002,1.5255849999999977,0.38139624999999944,4.27937475,legacy_v1_recovered
L-U,1,,662,4,62.731239,59.23608900000001,14.809022250000002,0.17804999999999999,0.044512499999999997,1.758718,0.4396795,61.17285700000001,15.293214250000002,1.5583819999999946,0.38959549999999865,15.68280975,legacy_v1_recovered
L-U,1,,663,4,16.791397,13.440629,3.36015725,0.126353,0.03158825,1.721903,0.43047575,15.288884999999999,3.8222212499999997,1.5025120000000012,0.3756280000000003,4.19784925,legacy_v1_recovered
L-U,1,,664,4,34.640934,31.119311000000003,7.779827750000001,0.155899,0.03897475,1.813671,0.45341775,33.08888100000001,8.272220250000002,1.5520529999999937,0.3880132499999984,8.6602335,legacy_v1_recovered
L-U,1,,665,4,75.78593,72.200512,18.050128,0.18567499999999998,0.046418749999999995,1.828808,0.457202,74.214995,18.55374875,1.5709349999999915,0.3927337499999979,18.9464825,legacy_v1_recovered
L-U,1,,666,4,92.419269,88.838199,22.20954975,0.181173,0.04529325,1.818505,0.45462625,90.837877,22.70946925,1.581391999999994,0.3953479999999985,23.10481725,legacy_v1_recovered
L-U,1,,667,4,45.2996,41.795120999999995,10.448780249999999,0.206067,0.05151675,1.767407,0.44185175,43.76859499999999,10.942148749999998,1.5310050000000075,0.3827512500000019,11.3249,legacy_v1_recovered
L-U,1,,668,4,47.358944,43.88206,10.970515,0.174023,0.04350575,1.743406,0.4358515,45.799489,11.44987225,1.5594549999999998,0.38986374999999995,11.839736,legacy_v1_recovered
L-U,1,,669,4,47.245008,43.706405000000004,10.926601250000001,0.171158,0.0427895,1.838956,0.459739,45.716519000000005,11.429129750000001,1.5284889999999933,0.38212224999999833,11.811252,legacy_v1_recovered
L-U,1,,670,4,16.986393,13.506163,3.37654075,0.201579,0.05039475,1.737228,0.434307,15.444970000000001,3.8612425000000004,1.5414229999999982,0.38535574999999955,4.24659825,legacy_v1_recovered
L-U,1,,671,4,18.998357,15.55441,3.8886025,0.149597,0.03739925,1.767517,0.44187925,17.471524000000002,4.367881000000001,1.5268329999999963,0.3817082499999991,4.74958925,legacy_v1_recovered
L-U,1,,672,4,14.944223,11.497339,2.87433475,0.127806,0.0319515,1.772864,0.443216,13.398009,3.34950225,1.546213999999999,0.3865534999999998,3.73605575,legacy_v1_recovered
L-U,1,,673,4,47.062441,43.54085499999999,10.885213749999998,0.184944,0.046236,1.745222,0.4363055,45.47102099999999,11.367755249999998,1.5914200000000065,0.3978550000000016,11.76561025,legacy_v1_recovered
L-U,1,,674,4,16.909604,13.367654,3.3419135,0.204382,0.0510955,1.7686030000000001,0.44215075000000004,15.340639000000001,3.8351597500000003,1.5689650000000004,0.3922412500000001,4.227401,legacy_v1_recovered
L-U,1,,675,4,15.543623,12.009862,3.0024655,0.196733,0.04918325,1.795026,0.4487565,14.001621,3.50040525,1.542002,0.3855005,3.88590575,legacy_v1_recovered
L-U,1,,676,4,20.178845,16.701245999999998,4.175311499999999,0.165531,0.04138275,1.778894,0.4447235,18.645671,4.66141775,1.533173999999999,0.38329349999999973,5.04471125,legacy_v1_recovered
L-U,1,,677,4,114.601458,110.988567,27.74714175,0.233074,0.0582685,1.785243,0.44631075,113.006884,28.251721,1.5945739999999944,0.3986434999999986,28.6503645,legacy_v1_recovered
L-U,1,,678,4,36.43369,32.940366,8.2350915,0.157334,0.0393335,1.777569,0.44439225,34.875268999999996,8.718817249999999,1.5584210000000027,0.3896052500000007,9.1084225,legacy_v1_recovered
L-U,1,,679,4,61.797176,58.229181000000004,14.557295250000001,0.215866,0.0539665,1.79148,0.44787,60.236527,15.05913175,1.560648999999998,0.3901622499999995,15.449294,legacy_v1_recovered
L-U,1,,680,4,17.169045,13.549627999999998,3.3874069999999996,0.176398,0.0440995,1.848993,0.46224825,15.575019,3.89375475,1.5940260000000013,0.3985065000000003,4.29226125,legacy_v1_recovered
L-U,1,,681,4,48.974821,45.430361,11.35759025,0.210975,0.05274375,1.749487,0.43737175,47.390823,11.84770575,1.5839980000000011,0.3959995000000003,12.24370525,legacy_v1_recovered
L-U,1,,682,4,14.03136,10.361155,2.59028875,0.185624,0.046406,1.8825619999999998,0.47064049999999996,12.429341,3.10733525,1.6020189999999985,0.40050474999999963,3.50784,legacy_v1_recovered
L-U,1,,683,4,71.202482,67.657324,16.914331,0.20234000000000002,0.050585000000000005,1.777998,0.4444995,69.637662,17.4094155,1.5648199999999974,0.39120499999999936,17.8006205,legacy_v1_recovered
L-U,1,,684,4,47.31737,43.764128,10.941032,0.15454299999999999,0.038635749999999996,1.850401,0.46260025,45.769071999999994,11.442267999999999,1.5482980000000026,0.38707450000000065,11.8293425,legacy_v1_recovered
L-U,1,,685,4,14.935599,11.50722,2.876805,0.177115,0.04427875,1.711053,0.42776325,13.395388,3.348847,1.5402109999999993,0.38505274999999983,3.73389975,legacy_v1_recovered
L-U,1,,686,4,59.561817,56.009814999999996,14.002453749999999,0.162485,0.04062125,1.7937859999999999,0.44844649999999997,57.96608599999999,14.491521499999998,1.5957310000000078,0.39893275000000195,14.89045425,legacy_v1_recovered
L-U,1,,687,4,58.043328,54.563525000000006,13.640881250000001,0.213381,0.05334525,1.718725,0.42968125,56.495631,14.12390775,1.5476969999999994,0.38692424999999986,14.510832,legacy_v1_recovered
L-U,1,,688,4,32.783363,29.28894,7.322235,0.164448,0.041112,1.777463,0.44436575,31.230851,7.80771275,1.5525120000000001,0.38812800000000003,8.19584075,legacy_v1_recovered
L-U,1,,689,4,47.368264,43.852087,10.96302175,0.20519500000000002,0.051298750000000004,1.763703,0.44092575,45.820985,11.45524625,1.5472790000000032,0.3868197500000008,11.842066,legacy_v1_recovered
L-U,1,,690,4,19.889734,16.33979,4.0849475,0.184038,0.0460095,1.797847,0.44946175,18.321675000000003,4.580418750000001,1.568058999999998,0.3920147499999995,4.9724335,legacy_v1_recovered
L-U,1,,691,4,18.633309,15.121129,3.78028225,0.219385,0.05484625,1.735066,0.4337665,17.075580000000002,4.2688950000000006,1.5577289999999984,0.3894322499999996,4.65832725,legacy_v1_recovered
L-U,1,,692,4,65.808839,62.293322,15.5733305,0.17842,0.044605,1.7549709999999998,0.43874274999999996,64.226713,16.05667825,1.5821260000000024,0.3955315000000006,16.45220975,legacy_v1_recovered
L-U,1,,693,4,13.638394,10.144634,2.5361585,0.179918,0.0449795,1.767757,0.44193925,12.092309,3.02307725,1.5460849999999997,0.3865212499999999,3.4095985,legacy_v1_recovered
L-U,1,,694,4,32.938571,29.409235,7.35230875,0.168208,0.042052,1.7631700000000001,0.44079250000000003,31.340612999999998,7.835153249999999,1.5979580000000055,0.3994895000000014,8.23464275,legacy_v1_recovered
L-U,1,,695,4,15.540745,12.076469,3.01911725,0.161474,0.0403685,1.776558,0.4441395,14.014501,3.50362525,1.5262440000000002,0.38156100000000004,3.88518625,legacy_v1_recovered
L-U,1,,696,4,33.25259,29.763023,7.44075575,0.151205,0.03780125,1.764037,0.44100925,31.678265000000003,7.919566250000001,1.5743249999999946,0.39358124999999866,8.3131475,legacy_v1_recovered
L-U,1,,697,4,62.772947,59.290409,14.82260225,0.185086,0.0462715,1.7369080000000001,0.43422700000000003,61.212402999999995,15.303100749999999,1.5605440000000073,0.3901360000000018,15.69323675,legacy_v1_recovered
L-U,1,,698,4,15.039877,11.495643,2.87391075,0.165066,0.0412665,1.8015379999999999,0.45038449999999997,13.462246999999998,3.3655617499999995,1.5776300000000028,0.3944075000000007,3.75996925,legacy_v1_recovered
L-U,1,,699,4,34.800315,31.261796,7.815449,0.177651,0.04441275,1.776043,0.44401075,33.21549,8.3038725,1.584824999999995,0.39620624999999876,8.70007875,legacy_v1_recovered
L-U,1,,700,4,13.636159,10.116343,2.52908575,0.155531,0.03888275,1.773812,0.443453,12.045686,3.0114215,1.5904729999999994,0.39761824999999984,3.40903975,legacy_v1_recovered
L-U,1,,701,4,17.041176,13.552584,3.388146,0.176277,0.04406925,1.749193,0.43729825,15.478054,3.8695135,1.563122,0.3907805,4.260294,legacy_v1_recovered
L-U,1,,702,4,103.778364,100.269382,25.0673455,0.196378,0.0490945,1.744488,0.436122,102.21024799999999,25.552561999999998,1.5681160000000034,0.39202900000000085,25.944591,legacy_v1_recovered
L-U,1,,703,4,63.26734,59.634254999999996,14.908563749999999,0.193966,0.0484915,1.890515,0.47262875,61.718736,15.429684,1.5486039999999974,0.38715099999999936,15.816835,legacy_v1_recovered
L-U,1,,704,4,16.900503,13.429229000000001,3.3573072500000003,0.188861,0.04721525,1.736824,0.434206,15.354914,3.8387285,1.5455889999999997,0.3863972499999999,4.22512575,legacy_v1_recovered
L-U,1,,705,4,45.336297,41.84229,10.4605725,0.19978400000000002,0.049946000000000004,1.761008,0.440252,43.803081999999996,10.950770499999999,1.5332150000000055,0.3833037500000014,11.33407425,legacy_v1_recovered
L-U,1,,706,4,18.914163,15.407446,3.8518615,0.182808,0.045702,1.807717,0.45192925,17.397971,4.34949275,1.5161920000000002,0.37904800000000005,4.72854075,legacy_v1_recovered
L-U,1,,707,4,45.292355,41.816236,10.454059,0.13304,0.03326,1.7732379999999999,0.44330949999999997,43.722514000000004,10.930628500000001,1.5698409999999967,0.3924602499999992,11.32308875,legacy_v1_recovered
L-U,1,,708,4,119.557417,116.027307,29.00682675,0.159383,0.03984575,1.802664,0.450666,117.98935399999999,29.497338499999998,1.5680630000000093,0.3920157500000023,29.88935425,legacy_v1_recovered
L-U,1,,709,4,13.800456,10.186250000000001,2.5465625000000003,0.22368100000000002,0.055920250000000005,1.78762,0.446905,12.197551,3.04938775,1.6029049999999998,0.40072624999999995,3.450114,legacy_v1_recovered
L-U,1,,710,4,76.377056,72.817648,18.204412,0.215654,0.0539135,1.758988,0.439747,74.79229000000001,18.698072500000002,1.5847659999999877,0.3961914999999969,19.094264,legacy_v1_recovered
L-U,1,,711,4,16.534136,12.971834000000001,3.2429585000000003,0.201822,0.0504555,1.771391,0.44284775,14.945047,3.73626175,1.5890889999999995,0.3972722499999999,4.133534,legacy_v1_recovered
L-U,1,,712,4,157.164887,153.601358,38.4003395,0.190224,0.047556,1.79279,0.4481975,155.584372,38.896093,1.5805149999999912,0.3951287499999978,39.29122175,legacy_v1_recovered
L-U,1,,713,4,19.083208,15.587055,3.89676375,0.190558,0.0476395,1.801619,0.45040475,17.579231999999998,4.394807999999999,1.5039760000000015,0.3759940000000004,4.770802,legacy_v1_recovered
L-U,1,,714,4,14.958035,11.52495,2.8812375,0.152061,0.03801525,1.728258,0.4320645,13.405269,3.35131725,1.552766,0.3881915,3.73950875,legacy_v1_recovered
L-U,1,,715,4,48.981218,45.402331000000004,11.350582750000001,0.206613,0.05165325,1.80362,0.450905,47.412564,11.853141,1.568653999999995,0.3921634999999988,12.2453045,legacy_v1_recovered
L-U,1,,716,4,18.663175,15.264979,3.81624475,0.179794,0.0449485,1.718787,0.42969675,17.16356,4.29089,1.4996149999999986,0.37490374999999965,4.66579375,legacy_v1_recovered
L-U,1,,717,4,32.694593,29.200646,7.3001615,0.17366600000000001,0.043416500000000004,1.749582,0.4373955,31.123894,7.7809735,1.5706989999999976,0.3926747499999994,8.17364825,legacy_v1_recovered
L-U,1,,718,4,13.699084,10.200216000000001,2.5500540000000003,0.212794,0.0531985,1.720365,0.43009125,12.133375000000001,3.0333437500000002,1.5657089999999982,0.39142724999999956,3.424771,legacy_v1_recovered
L-U,1,,719,4,17.032638,13.523778,3.3809445,0.192152,0.048038,1.775001,0.44375025,15.490931,3.87273275,1.5417069999999988,0.3854267499999997,4.2581595,legacy_v1_recovered
L-U,1,,720,4,36.534324,33.009447,8.25236175,0.208238,0.0520595,1.730851,0.43271275,34.948536000000004,8.737134000000001,1.5857879999999938,0.39644699999999844,9.133581,legacy_v1_recovered
L-U,1,,721,4,60.071736,56.553118,14.1382795,0.172602,0.0431505,1.750739,0.43768475,58.476459,14.61911475,1.595277000000003,0.39881925000000074,15.017934,legacy_v1_recovered
L-U,1,,722,4,89.468857,85.9475,21.486875,0.219414,0.0548535,1.771325,0.44283125,87.93823900000001,21.984559750000003,1.5306179999999898,0.38265449999999746,22.36721425,legacy_v1_recovered
L-U,1,,723,4,155.910791,152.333516,38.083379,0.183472,0.045868,1.815162,0.4537905,154.33214999999998,38.583037499999996,1.5786410000000046,0.39466025000000116,38.97769775,legacy_v1_recovered
L-U,1,,724,4,72.466853,68.894311,17.22357775,0.219475,0.05486875,1.771365,0.44284125,70.88515100000001,17.721287750000002,1.5817019999999928,0.3954254999999982,18.11671325,legacy_v1_recovered
L-U,1,,725,4,93.612792,89.902032,22.475508,0.196754,0.0491885,1.911947,0.47798675,92.010733,23.00268325,1.602058999999997,0.40051474999999925,23.403198,legacy_v1_recovered
L-U,1,,726,4,48.568283,45.031285,11.25782125,0.209698,0.0524245,1.752043,0.43801075,46.993026,11.7482565,1.5752570000000006,0.39381425000000014,12.14207075,legacy_v1_recovered
L-U,1,,727,4,13.638468,10.200698,2.5501745,0.121137,0.03028425,1.761121,0.44028025,12.082955999999998,3.0207389999999994,1.555512000000002,0.3888780000000005,3.409617,legacy_v1_recovered
L-U,1,,728,4,36.288484,32.831726,8.2079315,0.17659,0.0441475,1.728479,0.43211975,34.736795,8.68419875,1.551688999999996,0.387922249999999,9.072121,legacy_v1_recovered
L-U,1,,729,4,15.050261,11.520579,2.88014475,0.18493,0.0462325,1.763747,0.44093675,13.469256,3.367314,1.581005000000001,0.3952512500000003,3.76256525,legacy_v1_recovered
L-U,1,,730,4,18.807847,15.357108,3.839277,0.15466000000000002,0.038665000000000005,1.759065,0.43976625,17.270833,4.31770825,1.5370139999999992,0.3842534999999998,4.70196175,legacy_v1_recovered
L-U,1,,731,4,15.05338,11.518007,2.87950175,0.196934,0.0492335,1.741771,0.43544275,13.456712000000001,3.3641780000000003,1.5966679999999993,0.3991669999999998,3.763345,legacy_v1_recovered
L-U,1,,732,4,15.81944,12.243458,3.0608645,0.18756499999999998,0.046891249999999995,1.821048,0.455262,14.252070999999999,3.5630177499999998,1.5673690000000011,0.3918422500000003,3.95486,legacy_v1_recovered
L-U,1,,733,4,18.265836,14.777557,3.69438925,0.16056399999999998,0.040140999999999996,1.780675,0.44516875,16.718796,4.179699,1.547039999999999,0.38675999999999977,4.566459,legacy_v1_recovered
L-U,1,,734,4,75.563717,71.978001,17.99450025,0.20954299999999998,0.052385749999999995,1.817803,0.45445075,74.005347,18.50133675,1.5583699999999965,0.3895924999999991,18.89092925,legacy_v1_recovered
L-U,1,,735,4,64.121238,60.58173,15.1454325,0.205792,0.051448,1.770554,0.4426385,62.558076,15.639519,1.5631620000000055,0.3907905000000014,16.0303095,legacy_v1_recovered
L-U,1,,736,4,15.785863,12.160492,3.040123,0.18831599999999998,0.047078999999999996,1.908227,0.47705675,14.257035,3.56425875,1.5288280000000007,0.3822070000000002,3.94646575,legacy_v1_recovered
L-U,1,,737,4,15.041411,11.536915,2.88422875,0.17363699999999999,0.043409249999999996,1.749173,0.43729325,13.459725,3.36493125,1.5816859999999995,0.39542149999999987,3.76035275,legacy_v1_recovered
L-U,1,,738,4,37.592489,34.2043,8.551075,0.127593,0.03189825,1.7300659999999999,0.43251649999999997,36.061959,9.01548975,1.5305299999999988,0.3826324999999997,9.39812225,legacy_v1_recovered
L-U,1,,739,4,15.561103,12.048439,3.01210975,0.151893,0.03797325,1.8057729999999999,0.45144324999999996,14.006105,3.50152625,1.5549979999999994,0.38874949999999986,3.89027575,legacy_v1_recovered
L-U,1,,740,4,16.940873,13.444596,3.361149,0.187555,0.04688875,1.7468,0.4367,15.378951,3.84473775,1.5619219999999991,0.3904804999999998,4.23521825,legacy_v1_recovered
L-U,1,,741,4,15.063512,11.560758,2.8901895,0.189617,0.04740425,1.7528039999999998,0.43820099999999995,13.503179,3.37579475,1.560333,0.39008325,3.765878,legacy_v1_recovered
L-U,1,,742,4,15.196049,11.718922,2.9297305,0.163045,0.04076125,1.71424,0.42856,13.596207,3.39905175,1.5998420000000007,0.39996050000000016,3.79901225,legacy_v1_recovered
L-U,1,,743,4,59.941695,56.386378,14.0965945,0.191339,0.04783475,1.8287369999999998,0.45718424999999996,58.406454,14.6016135,1.5352410000000063,0.3838102500000016,14.98542375,legacy_v1_recovered
L-U,1,,744,4,60.9436,57.374443,14.34361075,0.201438,0.0503595,1.795392,0.448848,59.371273,14.84281825,1.5723270000000014,0.39308175000000034,15.2359,legacy_v1_recovered
L-U,1,,745,4,91.22207,87.653002,21.9132505,0.18879,0.0471975,1.770991,0.44274775,89.612783,22.40319575,1.609287000000009,0.40232175000000225,22.8055175,legacy_v1_recovered
L-U,1,,746,4,13.674673,10.130916,2.532729,0.193979,0.04849475,1.762872,0.440718,12.087767,3.02194175,1.5869060000000008,0.3967265000000002,3.41866825,legacy_v1_recovered
L-U,1,,747,4,97.033354,93.47160000000001,23.367900000000002,0.197638,0.0494095,1.766279,0.44156975,95.435517,23.85887925,1.5978369999999984,0.3994592499999996,24.2583385,legacy_v1_recovered
L-U,1,,748,4,64.149659,60.636154999999995,15.159038749999999,0.20938600000000002,0.052346500000000004,1.7198259999999999,0.42995649999999996,62.565366999999995,15.641341749999999,1.584292000000005,0.39607300000000123,16.03741475,legacy_v1_recovered
L-U,1,,749,4,16.907662,13.392253,3.34806325,0.154818,0.0387045,1.805356,0.451339,15.352427,3.83810675,1.555234999999998,0.3888087499999995,4.2269155,legacy_v1_recovered
L-U,1,,750,4,16.897522,13.425473,3.35636825,0.176441,0.04411025,1.7411,0.435275,15.343014,3.8357535,1.5545079999999984,0.3886269999999996,4.2243805,legacy_v1_recovered
L-U,1,,751,4,144.746454,141.038896,35.259724,0.159719,0.03992975,1.859649,0.46491225,143.05826399999998,35.764565999999995,1.68819000000002,0.422047500000005,36.1866135,legacy_v1_recovered
L-U,1,,752,4,104.383087,100.717985,25.17949625,0.203872,0.050968,1.886745,0.47168625,102.80860200000001,25.702150500000002,1.5744849999999957,0.3936212499999989,26.09577175,legacy_v1_recovered
L-U,1,,753,4,88.033886,84.37490100000001,21.093725250000002,0.193171,0.04829275,1.855065,0.46376625,86.42313700000001,21.605784250000003,1.6107489999999842,0.40268724999999606,22.0084715,legacy_v1_recovered
L-U,1,,754,4,17.214032,13.635146,3.4087865,0.21276899999999999,0.053192249999999996,1.794582,0.4486455,15.642497,3.91062425,1.571534999999999,0.39288374999999975,4.303508,legacy_v1_recovered
L-U,1,,755,4,15.036174,11.529098,2.8822745,0.160048,0.040012,1.730529,0.43263225,13.419675,3.35491875,1.616499000000001,0.40412475000000025,3.7590435,legacy_v1_recovered
L-U,1,,756,4,60.841237,57.318113,14.32952825,0.17965899999999999,0.044914749999999996,1.7612290000000002,0.44030725000000004,59.259001,14.81475025,1.5822360000000018,0.39555900000000044,15.21030925,legacy_v1_recovered
L-U,1,,757,4,15.719286,12.209086,3.0522715,0.21231,0.0530775,1.722702,0.4306755,14.144098,3.5360245,1.5751880000000007,0.3937970000000002,3.9298215,legacy_v1_recovered
L-U,1,,758,4,14.950885,11.493106,2.8732765,0.178596,0.044649,1.713827,0.42845675,13.385529,3.34638225,1.5653559999999995,0.3913389999999999,3.73772125,legacy_v1_recovered
L-U,1,,759,4,47.531111,43.88070200000001,10.970175500000002,0.190988,0.047747,1.885402,0.4713505,45.957092,11.489273,1.5740189999999998,0.39350474999999996,11.88277775,legacy_v1_recovered
L-U,1,,760,4,15.106734,11.568219000000001,2.8920547500000002,0.216473,0.05411825,1.7339950000000002,0.43349875000000004,13.518687000000002,3.3796717500000004,1.5880469999999978,0.39701174999999944,3.7766835,legacy_v1_recovered
L-U,1,,761,4,20.309718,16.80594,4.201485,0.200023,0.05000575,1.776932,0.444233,18.782895,4.69572375,1.5268230000000003,0.38170575000000007,5.0774295,legacy_v1_recovered
L-U,1,,762,4,16.901069,13.34965,3.3374125,0.21052300000000002,0.052630750000000004,1.752542,0.4381355,15.312715,3.82817875,1.588353999999999,0.39708849999999973,4.22526725,legacy_v1_recovered
L-U,1,,763,4,145.690959,142.121291,35.53032275,0.198916,0.049729,1.7975759999999998,0.44939399999999996,144.117783,36.02944575,1.5731759999999895,0.39329399999999737,36.42273975,legacy_v1_recovered
L-U,1,,764,4,16.588544,13.021912,3.255478,0.20239,0.0505975,1.760045,0.44001125,14.984347,3.74608675,1.6041969999999992,0.4010492499999998,4.147136,legacy_v1_recovered
L-U,1,,765,4,17.27928,13.831032,3.457758,0.152376,0.038094,1.77818,0.444545,15.761588000000001,3.9403970000000004,1.5176919999999985,0.3794229999999996,4.31982,legacy_v1_recovered
L-F,1,,0,4,16.183038,12.420366000000001,3.1050915000000003,0.28217000000000003,0.07054250000000001,1.734712,0.433678,14.437248000000002,3.6093120000000005,1.7457899999999977,0.43644749999999943,4.0457595,legacy_v1_recovered
L-F,1,,1,4,18.814649,14.902987,3.72574675,0.263476,0.065869,1.841324,0.460331,17.007787,4.25194675,1.8068619999999989,0.4517154999999997,4.70366225,legacy_v1_recovered
L-F,1,,2,4,33.420502,29.674335,7.41858375,0.298736,0.074684,1.7103519999999999,0.42758799999999997,31.683423,7.92085575,1.7370789999999978,0.43426974999999945,8.3551255,legacy_v1_recovered
L-F,1,,3,4,15.27934,11.466855,2.86671375,0.291733,0.07293325,1.746017,0.43650425,13.504605000000002,3.3761512500000004,1.774734999999998,0.4436837499999995,3.819835,legacy_v1_recovered
L-F,1,,4,4,15.7609,11.991558000000001,2.9978895000000003,0.295437,0.07385925,1.768853,0.44221325,14.055848000000001,3.5139620000000003,1.7050519999999985,0.4262629999999996,3.940225,legacy_v1_recovered
L-F,1,,5,4,93.018209,89.295986,22.3239965,0.231575,0.05789375,1.78403,0.4460075,91.311591,22.82789775,1.7066179999999918,0.42665449999999794,23.25455225,legacy_v1_recovered
L-F,1,,6,4,77.200671,73.362883,18.34072075,0.290169,0.07254225,1.796866,0.4492165,75.449918,18.8624795,1.7507530000000031,0.4376882500000008,19.30016775,legacy_v1_recovered
L-F,1,,7,4,17.39866,13.693985000000001,3.4234962500000004,0.245755,0.06143875,1.758642,0.4396605,15.698382000000002,3.9245955000000006,1.7002779999999973,0.4250694999999993,4.349665,legacy_v1_recovered
L-F,1,,8,4,17.145734,13.477935,3.36948375,0.21352000000000002,0.053380000000000004,1.737941,0.43448525,15.429396,3.857349,1.7163380000000004,0.4290845000000001,4.2864335,legacy_v1_recovered
L-F,1,,9,4,20.259411,16.585604,4.146401,0.232267,0.05806675,1.755334,0.4388335,18.573205,4.64330125,1.6862059999999985,0.42155149999999963,5.06485275,legacy_v1_recovered
L-F,1,,10,4,34.647192,30.984595000000002,7.746148750000001,0.209062,0.0522655,1.751911,0.43797775,32.945568,8.236392,1.7016239999999954,0.42540599999999884,8.661798,legacy_v1_recovered
L-F,1,,11,4,32.186347,28.432072,7.108018,0.275622,0.0689055,1.776288,0.444072,30.483982,7.6209955,1.7023649999999968,0.4255912499999992,8.04658675,legacy_v1_recovered
L-F,1,,12,4,77.060984,73.316954,18.3292385,0.219527,0.05488175,1.758532,0.439633,75.295013,18.82375325,1.7659710000000075,0.4414927500000019,19.265246,legacy_v1_recovered
L-F,1,,13,4,17.794876,14.028082000000001,3.5070205000000003,0.188924,0.047231,1.87823,0.4695575,16.095236,4.023809,1.6996399999999987,0.4249099999999997,4.448719,legacy_v1_recovered
L-F,1,,14,4,17.13374,13.457461,3.36436525,0.179002,0.0447505,1.774345,0.44358625,15.410808000000001,3.8527020000000003,1.7229319999999984,0.4307329999999996,4.283435,legacy_v1_recovered
L-F,1,,15,4,87.603245,83.896236,20.974059,0.21808100000000002,0.054520250000000006,1.78239,0.4455975,85.896707,21.47417675,1.7065379999999948,0.4266344999999987,21.90081125,legacy_v1_recovered
L-F,1,,16,4,13.90611,10.144014,2.5360035,0.266415,0.06660375,1.743961,0.43599025,12.154390000000001,3.0385975000000003,1.7517199999999988,0.4379299999999997,3.4765275,legacy_v1_recovered
L-F,1,,17,4,61.831241,58.074058,14.5185145,0.275523,0.06888075,1.7845280000000001,0.44613200000000003,60.134109,15.03352725,1.6971319999999963,0.4242829999999991,15.45781025,legacy_v1_recovered
L-F,1,,18,4,43.444798,39.664605,9.91615125,0.252424,0.063106,1.763732,0.440933,41.680761,10.42019025,1.7640370000000019,0.44100925000000046,10.8611995,legacy_v1_recovered
L-F,1,,19,4,17.296339,13.540191,3.38504775,0.29588000000000003,0.07397000000000001,1.7424490000000001,0.43561225000000003,15.578520000000001,3.8946300000000003,1.7178189999999987,0.42945474999999966,4.32408475,legacy_v1_recovered
L-F,1,,20,4,45.468771,41.786682,10.4466705,0.22226400000000002,0.055566000000000004,1.749681,0.43742025,43.758627000000004,10.939656750000001,1.7101439999999926,0.42753599999999814,11.36719275,legacy_v1_recovered
L-F,1,,21,4,17.171481,13.404921,3.35123025,0.246204,0.061551,1.7895429999999999,0.44738574999999997,15.440668,3.860167,1.7308129999999995,0.4327032499999999,4.29287025,legacy_v1_recovered
L-F,1,,22,4,87.836568,83.970954,20.9927385,0.324074,0.0810185,1.722919,0.43072975,86.017947,21.50448675,1.8186209999999932,0.4546552499999983,21.959142,legacy_v1_recovered
L-F,1,,23,4,77.398536,73.615543,18.40388575,0.28382599999999997,0.07095649999999999,1.733395,0.43334875,75.63276400000001,18.908191000000002,1.7657719999999841,0.44144299999999603,19.349634,legacy_v1_recovered
L-F,1,,24,4,18.546523,14.803357,3.70083925,0.279592,0.069898,1.73674,0.434185,16.819689,4.20492225,1.7268340000000002,0.43170850000000005,4.63663075,legacy_v1_recovered
L-F,1,,25,4,80.830995,76.997046,19.2492615,0.28145600000000004,0.07036400000000001,1.774483,0.44362075,79.052985,19.76324625,1.7780099999999948,0.4445024999999987,20.20774875,legacy_v1_recovered
L-F,1,,26,4,76.135769,72.346991,18.08674775,0.244109,0.06102725,1.805233,0.45130825,74.396333,18.59908325,1.7394359999999978,0.43485899999999944,19.03394225,legacy_v1_recovered
L-F,1,,27,4,15.880591,12.147238999999999,3.0368097499999998,0.239022,0.0597555,1.751731,0.43793275,14.137991999999999,3.5344979999999997,1.742599000000002,0.4356497500000005,3.97014775,legacy_v1_recovered
L-F,1,,28,4,15.391838,11.588162,2.8970405,0.186411,0.04660275,1.814581,0.45364525,13.589154,3.3972885,1.8026839999999993,0.4506709999999998,3.8479595,legacy_v1_recovered
L-F,1,,29,4,44.387599,40.627962000000004,10.156990500000001,0.282021,0.07050525,1.735301,0.43382525,42.645284000000004,10.661321000000001,1.7423149999999978,0.43557874999999946,11.09689975,legacy_v1_recovered
L-F,1,,30,4,15.247787,11.462919,2.86572975,0.220893,0.05522325,1.746724,0.436681,13.430536,3.357634,1.8172510000000006,0.45431275000000015,3.81194675,legacy_v1_recovered
L-F,1,,31,4,17.236876,13.528604,3.382151,0.184362,0.0460905,1.796893,0.44922325,15.509859,3.87746475,1.7270169999999982,0.43175424999999956,4.309219,legacy_v1_recovered
L-F,1,,32,4,34.691258,30.998649,7.74966225,0.247144,0.061786,1.702652,0.425663,32.948445,8.23711125,1.7428129999999982,0.43570324999999954,8.6728145,legacy_v1_recovered
L-F,1,,33,4,48.778715,45.013604,11.253401,0.24544500000000002,0.061361250000000006,1.81308,0.45327,47.072129,11.76803225,1.7065860000000015,0.4266465000000004,12.19467875,legacy_v1_recovered
L-F,1,,34,4,63.421351,59.58282,14.895705,0.246586,0.0616465,1.8731149999999999,0.46827874999999997,61.702521,15.42563025,1.718830000000004,0.429707500000001,15.85533775,legacy_v1_recovered
L-F,1,,35,4,20.562343,16.811047,4.20276175,0.26865300000000003,0.06716325000000001,1.757396,0.439349,18.837096,4.709274,1.7252469999999995,0.4313117499999999,5.14058575,legacy_v1_recovered
L-F,1,,36,4,92.015504,88.019218,22.0048045,0.260511,0.06512775,1.9057309999999998,0.47643274999999996,90.18545999999999,22.546364999999998,1.830044000000015,0.4575110000000038,23.003876,legacy_v1_recovered
L-F,1,,37,4,18.138627,14.283297000000001,3.5708242500000003,0.316121,0.07903025,1.759088,0.439772,16.358506000000002,4.0896265000000005,1.7801209999999976,0.4450302499999994,4.53465675,legacy_v1_recovered
L-F,1,,38,4,70.324075,66.517377,16.62934425,0.27273400000000003,0.06818350000000001,1.828752,0.457188,68.61886299999999,17.154715749999998,1.705212000000003,0.42630300000000076,17.58101875,legacy_v1_recovered
L-F,1,,39,4,13.830583,10.085811,2.52145275,0.227062,0.0567655,1.775359,0.44383975,12.088232,3.022058,1.742351000000001,0.4355877500000003,3.45764575,legacy_v1_recovered
L-F,1,,40,4,13.87628,10.082571,2.52064275,0.259078,0.0647695,1.7886600000000001,0.44716500000000003,12.130309,3.03257725,1.745970999999999,0.43649274999999976,3.46907,legacy_v1_recovered
L-F,1,,41,4,89.70492,85.960878,21.4902195,0.190606,0.0476515,1.785781,0.44644525,87.937265,21.98431625,1.7676550000000049,0.4419137500000012,22.42623,legacy_v1_recovered
L-F,1,,42,4,17.45361,13.661266,3.4153165,0.284326,0.0710815,1.797898,0.4494745,15.74349,3.9358725,1.7101200000000016,0.4275300000000004,4.3634025,legacy_v1_recovered
L-F,1,,43,4,17.168742,13.403706,3.3509265,0.21690700000000002,0.054226750000000004,1.81409,0.4535225,15.434703,3.85867575,1.734039000000001,0.43350975000000025,4.2921855,legacy_v1_recovered
L-F,1,,44,4,18.416412,14.759069,3.68976725,0.211659,0.05291475,1.756978,0.4392445,16.727705999999998,4.181926499999999,1.6887060000000034,0.42217650000000084,4.604103,legacy_v1_recovered
L-F,1,,45,4,15.554705,11.905949,2.97648725,0.212021,0.05300525,1.7554619999999999,0.43886549999999996,13.873432,3.468358,1.681273000000001,0.4203182500000002,3.88867625,legacy_v1_recovered
L-F,1,,46,4,15.809089,12.014229,3.00355725,0.302798,0.0756995,1.7860099999999999,0.44650249999999997,14.103036999999999,3.5257592499999997,1.7060520000000015,0.42651300000000036,3.95227225,legacy_v1_recovered
L-F,1,,47,4,103.23922,99.404202,24.8510505,0.324839,0.08120975,1.72116,0.43029,101.45020099999999,25.362550249999998,1.7890190000000104,0.4472547500000026,25.809805,legacy_v1_recovered
L-F,1,,48,4,47.744232,43.979764,10.994941,0.278092,0.069523,1.7741609999999999,0.44354024999999997,46.032017,11.50800425,1.7122149999999934,0.42805374999999835,11.936058,legacy_v1_recovered
L-F,1,,49,4,32.951871,29.144061,7.28601525,0.29703,0.0742575,1.731238,0.4328095,31.172329,7.79308225,1.7795419999999957,0.44488549999999893,8.23796775,legacy_v1_recovered
L-F,1,,50,4,143.844545,140.059031,35.01475775,0.233456,0.058364,1.743672,0.435918,142.036159,35.50903975,1.808386000000013,0.45209650000000323,35.96113625,legacy_v1_recovered
L-F,1,,51,4,16.301527,12.507358,3.1268395,0.244735,0.06118375,1.849221,0.46230525,14.601314,3.6503285,1.7002129999999998,0.42505324999999994,4.07538175,legacy_v1_recovered
L-F,1,,52,4,35.042851,31.326596000000002,7.8316490000000005,0.249051,0.06226275,1.76136,0.44034,33.33700700000001,8.334251750000002,1.705843999999992,0.426460999999998,8.76071275,legacy_v1_recovered
L-F,1,,53,4,17.105695,13.333490000000001,3.3333725000000003,0.27189,0.0679725,1.7851810000000001,0.44629525000000003,15.390561000000002,3.8476402500000004,1.715133999999999,0.42878349999999976,4.27642375,legacy_v1_recovered
L-F,1,,54,4,89.262512,85.406959,21.35173975,0.268607,0.06715175,1.818198,0.4545495,87.493764,21.873441,1.7687480000000022,0.44218700000000055,22.315628,legacy_v1_recovered
L-F,1,,55,4,17.423346,13.636051,3.40901275,0.250305,0.06257625,1.826928,0.456732,15.713284,3.928321,1.7100619999999989,0.4275154999999997,4.3558365,legacy_v1_recovered
L-F,1,,56,4,48.844568,45.20082,11.300205,0.18077100000000002,0.045192750000000004,1.772183,0.44304575,47.153774,11.7884435,1.690794000000004,0.422698500000001,12.211142,legacy_v1_recovered
L-F,1,,57,4,17.077467,13.335572,3.333893,0.24992799999999998,0.062481999999999996,1.74112,0.43528,15.326620000000002,3.8316550000000005,1.7508469999999967,0.4377117499999992,4.26936675,legacy_v1_recovered
L-F,1,,58,4,59.61667,55.828647999999994,13.957161999999999,0.2296,0.0574,1.8061850000000002,0.45154625000000004,57.86443299999999,14.466108249999998,1.752237000000008,0.438059250000002,14.9041675,legacy_v1_recovered
L-F,1,,59,4,19.052325,15.436318,3.8590795,0.20463900000000002,0.051159750000000004,1.752241,0.43806025,17.393198,4.3482995,1.659126999999998,0.4147817499999995,4.76308125,legacy_v1_recovered
L-F,1,,60,4,86.025607,82.072095,20.51802375,0.24468099999999998,0.061170249999999995,1.851197,0.46279925,84.167973,21.04199325,1.8576339999999902,0.46440849999999756,21.50640175,legacy_v1_recovered
L-F,1,,61,4,45.911286,42.154226,10.5385565,0.261552,0.065388,1.732894,0.4332235,44.148672000000005,11.037168000000001,1.7626139999999921,0.44065349999999803,11.4778215,legacy_v1_recovered
L-F,1,,62,4,87.785021,84.04195800000001,21.010489500000002,0.236678,0.0591695,1.744072,0.436018,86.02270800000001,21.505677000000002,1.7623129999999918,0.44057824999999795,21.94625525,legacy_v1_recovered
L-F,1,,63,4,17.503785,13.749275,3.43731875,0.242598,0.0606495,1.7878690000000002,0.44696725000000004,15.779742,3.9449355,1.724043,0.43101075,4.37594625,legacy_v1_recovered
L-F,1,,64,4,15.759992,12.04666,3.011665,0.273686,0.0684215,1.716447,0.42911175,14.036793,3.50919825,1.723199000000001,0.43079975000000026,3.939998,legacy_v1_recovered
L-F,1,,65,4,89.361626,85.53132000000001,21.382830000000002,0.293822,0.0734555,1.763756,0.440939,87.58889800000001,21.897224500000004,1.7727279999999865,0.44318199999999663,22.3404065,legacy_v1_recovered
L-F,1,,66,4,18.840578,15.102297,3.77557425,0.24873800000000001,0.062184500000000004,1.758625,0.43965625,17.109659999999998,4.2774149999999995,1.7309180000000026,0.43272950000000066,4.7101445,legacy_v1_recovered
L-F,1,,67,4,18.877247,15.150659000000001,3.7876647500000002,0.301546,0.0753865,1.733904,0.433476,17.186109000000002,4.2965272500000005,1.6911379999999987,0.4227844999999997,4.71931175,legacy_v1_recovered
L-F,1,,68,4,48.882301,45.056977,11.26424425,0.323013,0.08075325,1.747147,0.43678675,47.127137000000005,11.781784250000001,1.7551639999999935,0.4387909999999984,12.22057525,legacy_v1_recovered
L-F,1,,69,4,86.630778,82.866301,20.71657525,0.214147,0.05353675,1.8327,0.458175,84.913148,21.228287,1.7176299999999998,0.42940749999999994,21.6576945,legacy_v1_recovered
L-F,1,,70,4,50.189484,46.463034,11.6157585,0.208307,0.05207675,1.81513,0.4537825,48.486470999999995,12.121617749999999,1.7030130000000057,0.4257532500000014,12.547371,legacy_v1_recovered
L-F,1,,71,4,115.725316,111.91305700000001,27.978264250000002,0.265823,0.06645575,1.8100049999999999,0.45250124999999997,113.98888500000001,28.497221250000003,1.736430999999996,0.434107749999999,28.931329,legacy_v1_recovered
L-F,1,,72,4,17.397793,13.630575,3.40764375,0.21747,0.0543675,1.826583,0.45664575,15.674628,3.918657,1.7231649999999998,0.43079124999999996,4.34944825,legacy_v1_recovered
L-F,1,,73,4,17.145663,13.426861,3.35671525,0.25741800000000004,0.06435450000000001,1.7642579999999999,0.44106449999999997,15.448537,3.86213425,1.697125999999999,0.42428149999999976,4.28641575,legacy_v1_recovered
L-F,1,,74,4,70.074484,66.30565299999999,16.576413249999998,0.258229,0.06455725,1.748662,0.4371655,68.31254399999999,17.078135999999997,1.7619400000000098,0.44048500000000246,17.518621,legacy_v1_recovered
L-F,1,,75,4,13.877962,10.104633,2.52615825,0.253226,0.0633065,1.7493729999999998,0.43734324999999996,12.107232,3.026808,1.7707300000000004,0.4426825000000001,3.4694905,legacy_v1_recovered
L-F,1,,76,4,20.781986,17.083455999999998,4.2708639999999995,0.274442,0.0686105,1.739561,0.43489025,19.097458999999997,4.774364749999999,1.6845270000000028,0.4211317500000007,5.1954965,legacy_v1_recovered
L-F,1,,77,4,43.97437,39.780761,9.94519025,0.288185,0.07204625,1.73678,0.434195,41.805726,10.4514315,2.1686440000000005,0.5421610000000001,10.9935925,legacy_v1_recovered
L-F,1,,78,4,17.553757,13.868843,3.46721075,0.22949,0.0573725,1.7954620000000001,0.44886550000000003,15.893795,3.97344875,1.6599620000000002,0.41499050000000004,4.38843925,legacy_v1_recovered
L-F,1,,79,4,29.371835,25.481687,6.37042175,0.321954,0.0804885,1.748554,0.4371385,27.552195,6.88804875,1.8196399999999997,0.4549099999999999,7.34295875,legacy_v1_recovered
L-F,1,,80,4,16.196333,12.382756,3.095689,0.33477,0.0836925,1.784924,0.446231,14.502450000000001,3.6256125000000003,1.6938829999999978,0.42347074999999945,4.04908325,legacy_v1_recovered
L-F,1,,81,4,15.306183,11.511925999999999,2.8779814999999997,0.228452,0.057113,1.808008,0.452002,13.548386,3.3870965,1.757797,0.43944925,3.82654575,legacy_v1_recovered
L-F,1,,82,4,17.074886,13.323368,3.330842,0.256976,0.064244,1.7924120000000001,0.44810300000000003,15.372756,3.843189,1.7021299999999986,0.42553249999999965,4.2687215,legacy_v1_recovered
L-F,1,,83,4,31.488858,27.716243,6.92906075,0.260912,0.065228,1.753629,0.43840725,29.730784,7.432696,1.7580740000000006,0.43951850000000015,7.8722145,legacy_v1_recovered
L-F,1,,84,4,17.322162,13.591007,3.39775175,0.258767,0.06469175,1.761784,0.440446,15.611558,3.9028895,1.7106039999999982,0.42765099999999956,4.3305405,legacy_v1_recovered
L-F,1,,85,4,77.852597,73.909443,18.47736075,0.308166,0.0770415,1.802111,0.45052775,76.01971999999999,19.004929999999998,1.8328770000000105,0.45821925000000263,19.46314925,legacy_v1_recovered
L-F,1,,86,4,17.983893,14.151388,3.537847,0.290531,0.07263275,1.7916340000000002,0.44790850000000004,16.233553,4.05838825,1.7503399999999978,0.43758499999999945,4.49597325,legacy_v1_recovered
L-F,1,,87,4,34.885832,31.077736,7.769434,0.279655,0.06991375,1.737251,0.43431275,33.094642,8.2736605,1.7911900000000003,0.44779750000000007,8.721458,legacy_v1_recovered
L-F,1,,88,4,61.651757,57.860011,14.46500275,0.24868,0.06217,1.826349,0.45658725,59.93504,14.98376,1.7167170000000027,0.4291792500000007,15.41293925,legacy_v1_recovered
L-F,1,,89,4,80.565094,76.90901,19.2272525,0.185359,0.04633975,1.764471,0.44111775,78.85884,19.71471,1.7062540000000013,0.4265635000000003,20.1412735,legacy_v1_recovered
L-F,1,,90,4,18.530655,14.770809,3.69270225,0.220015,0.05500375,1.798459,0.44961475,16.789283,4.19732075,1.7413719999999984,0.4353429999999996,4.63266375,legacy_v1_recovered
L-F,1,,91,4,108.6797,104.865738,26.2164345,0.284223,0.07105575,1.789976,0.447494,106.93993699999999,26.734984249999997,1.7397630000000106,0.43494075000000265,27.169925,legacy_v1_recovered
L-F,1,,92,4,45.474988,41.753436,10.438359,0.258209,0.06455225,1.745314,0.4363285,43.756959,10.93923975,1.7180290000000014,0.42950725000000034,11.368747,legacy_v1_recovered
L-F,1,,93,4,31.476483,27.638105000000003,6.909526250000001,0.298761,0.07469025,1.765962,0.4414905,29.702828000000004,7.425707000000001,1.773654999999998,0.4434137499999995,7.86912075,legacy_v1_recovered
L-F,1,,94,4,13.947627,10.124151000000001,2.5310377500000003,0.308259,0.07706475,1.74292,0.43573,12.17533,3.0438325,1.772297,0.44307425,3.48690675,legacy_v1_recovered
L-F,1,,95,4,16.045331,12.28653,3.0716325,0.302141,0.07553525,1.74286,0.435715,14.331531000000002,3.5828827500000004,1.713799999999999,0.4284499999999998,4.01133275,legacy_v1_recovered
L-F,1,,96,4,15.225708,11.503416,2.875854,0.217623,0.05440575,1.748392,0.437098,13.469431,3.36735775,1.756276999999999,0.43906924999999974,3.806427,legacy_v1_recovered
L-F,1,,97,4,101.74134,97.951644,24.487911,0.26291,0.0657275,1.7502149999999999,0.43755374999999996,99.964769,24.99119225,1.77657099999999,0.4441427499999975,25.435335,legacy_v1_recovered
L-F,1,,98,4,19.332492,15.659557,3.91488925,0.20635900000000001,0.051589750000000004,1.82534,0.456335,17.691256,4.422814,1.6412359999999993,0.4103089999999998,4.833123,legacy_v1_recovered
L-F,1,,99,4,31.503074,27.706221,6.92655525,0.254147,0.06353675,1.833874,0.4584685,29.794242,7.4485605,1.708832000000001,0.42720800000000025,7.8757685,legacy_v1_recovered
L-F,1,,100,4,36.979046,33.187937000000005,8.296984250000001,0.245666,0.0614165,1.806944,0.451736,35.24054700000001,8.810136750000002,1.7384989999999902,0.43462474999999756,9.2447615,legacy_v1_recovered
L-F,1,,101,4,14.273244,10.375052,2.593763,0.190095,0.04752375,1.8448820000000001,0.46122050000000003,12.410029,3.10250725,1.8632150000000003,0.46580375000000007,3.568311,legacy_v1_recovered
L-F,1,,102,4,59.341606,55.536737,13.88418425,0.24977,0.0624425,1.79444,0.44861,57.580947,14.39523675,1.7606589999999969,0.4401647499999992,14.8354015,legacy_v1_recovered
L-F,1,,103,4,17.237246,13.498112,3.374528,0.248264,0.062066,1.775884,0.443971,15.522260000000001,3.8805650000000003,1.714985999999998,0.4287464999999995,4.3093115,legacy_v1_recovered
L-F,1,,104,4,13.943754,10.129856,2.532464,0.261565,0.06539125,1.7800289999999999,0.44500724999999997,12.17145,3.0428625,1.772304,0.443076,3.4859385,legacy_v1_recovered
L-F,1,,105,4,57.858397,54.190753,13.54768825,0.215056,0.053764,1.775515,0.44387875,56.181324,14.045331,1.677073,0.41926825,14.46459925,legacy_v1_recovered
L-F,1,,106,4,61.750934,57.977615,14.49440375,0.284784,0.071196,1.768283,0.44207075,60.030682,15.0076705,1.7202520000000021,0.43006300000000053,15.4377335,legacy_v1_recovered
L-F,1,,107,4,32.83693,29.014450000000004,7.253612500000001,0.251692,0.062923,1.813454,0.4533635,31.079596000000002,7.7698990000000006,1.7573340000000002,0.43933350000000004,8.2092325,legacy_v1_recovered
L-F,1,,108,4,17.435917,13.618534,3.4046335,0.265339,0.06633475,1.833982,0.4584955,15.717855000000002,3.9294637500000005,1.718061999999998,0.4295154999999995,4.35897925,legacy_v1_recovered
L-F,1,,109,4,17.800493,14.05714,3.514285,0.21876400000000001,0.054691000000000004,1.791775,0.44794375,16.067679000000002,4.0169197500000005,1.7328139999999976,0.4332034999999994,4.45012325,legacy_v1_recovered
L-F,1,,110,4,19.081793,15.450224,3.862556,0.21223999999999998,0.053059999999999996,1.78409,0.4460225,17.446554,4.3616385,1.635239000000002,0.4088097500000005,4.77044825,legacy_v1_recovered
L-F,1,,111,4,33.258985,29.369826,7.3424565,0.224154,0.0560385,1.885669,0.47141725,31.479649,7.86991225,1.7793360000000042,0.44483400000000106,8.31474625,legacy_v1_recovered
L-F,1,,112,4,63.785097,60.041177999999995,15.010294499999999,0.268553,0.06713825,1.7764929999999999,0.44412324999999997,62.086223999999994,15.521555999999999,1.698873000000006,0.4247182500000015,15.94627425,legacy_v1_recovered
L-F,1,,113,4,17.390294,13.551186,3.3877965,0.362145,0.09053625,1.779149,0.44478725,15.69248,3.92312,1.697814000000001,0.42445350000000026,4.3475735,legacy_v1_recovered
L-F,1,,114,4,18.586117,14.815377,3.70384425,0.28645200000000004,0.07161300000000001,1.734877,0.43371925,16.836706,4.2091765,1.749411000000002,0.4373527500000005,4.64652925,legacy_v1_recovered
L-F,1,,115,4,15.694458,11.995761,2.99894025,0.24701499999999998,0.061753749999999996,1.740706,0.4351765,13.983481999999999,3.4958704999999997,1.7109760000000005,0.4277440000000001,3.9236145,legacy_v1_recovered
L-F,1,,116,4,18.43044,14.658198,3.6645495,0.254196,0.063549,1.7983449999999999,0.44958624999999997,16.710739,4.17768475,1.7197010000000006,0.42992525000000015,4.60761,legacy_v1_recovered
L-F,1,,117,4,13.858662,10.113562,2.5283905,0.221059,0.05526475,1.775807,0.44395175,12.110428,3.027607,1.748234,0.4370585,3.4646655,legacy_v1_recovered
L-F,1,,118,4,121.311021,117.552655,29.38816375,0.220502,0.0551255,1.823828,0.455957,119.596985,29.89924625,1.714035999999993,0.42850899999999825,30.32775525,legacy_v1_recovered
L-F,1,,119,4,76.157246,72.481414,18.1203535,0.183395,0.04584875,1.774551,0.44363775,74.43936000000001,18.609840000000002,1.717885999999993,0.42947149999999823,19.0393115,legacy_v1_recovered
L-F,1,,120,4,73.649465,69.871294,17.4678235,0.227748,0.056937,1.765489,0.44137225,71.86453100000001,17.966132750000003,1.7849339999999927,0.4462334999999982,18.41236625,legacy_v1_recovered
L-F,1,,121,4,17.425265,13.647153,3.41178825,0.249252,0.062313,1.812451,0.45311275,15.708855999999999,3.9272139999999998,1.7164090000000005,0.42910225000000013,4.35631625,legacy_v1_recovered
L-F,1,,122,4,15.774211,12.042717999999999,3.0106794999999997,0.23112,0.05778,1.78341,0.4458525,14.057248,3.514312,1.7169629999999998,0.42924074999999995,3.94355275,legacy_v1_recovered
L-F,1,,123,4,17.228254,13.411958,3.3529895,0.210502,0.0526255,1.92107,0.4802675,15.54353,3.8858825,1.6847239999999992,0.4211809999999998,4.3070635,legacy_v1_recovered
L-F,1,,124,4,15.201486,11.348973,2.83724325,0.250777,0.06269425,1.806754,0.4516885,13.406504,3.351626,1.7949819999999992,0.4487454999999998,3.8003715,legacy_v1_recovered
L-F,1,,125,4,17.013559,13.300918,3.3252295,0.20794600000000002,0.051986500000000005,1.8109199999999999,0.45272999999999997,15.319783999999999,3.8299459999999996,1.6937750000000023,0.42344375000000056,4.25338975,legacy_v1_recovered
L-F,1,,126,4,73.91926,70.09197499999999,17.522993749999998,0.286639,0.07165975,1.760656,0.440164,72.13926999999998,18.034817499999996,1.7799900000000122,0.44499750000000304,18.479815,legacy_v1_recovered
L-F,1,,127,4,20.7646,17.058753,4.26468825,0.236289,0.05907225,1.813572,0.453393,19.108614,4.7771535,1.6559860000000022,0.41399650000000054,5.19115,legacy_v1_recovered
L-F,1,,128,4,92.280657,88.433514,22.1083785,0.251483,0.06287075,1.860896,0.465224,90.54589299999999,22.636473249999998,1.7347640000000126,0.43369100000000316,23.07016425,legacy_v1_recovered
L-F,1,,129,4,15.316377,11.52813,2.8820325,0.221611,0.05540275,1.807635,0.45190875,13.557376,3.389344,1.7590009999999996,0.4397502499999999,3.82909425,legacy_v1_recovered
L-F,1,,130,4,41.965979,38.171647,9.54291175,0.252058,0.0630145,1.775228,0.443807,40.198933,10.04973325,1.7670460000000006,0.44176150000000014,10.49149475,legacy_v1_recovered
L-F,1,,131,4,34.802421,31.099842000000002,7.774960500000001,0.212407,0.05310175,1.786755,0.44668875,33.099004,8.274751,1.7034170000000017,0.42585425000000043,8.70060525,legacy_v1_recovered
L-F,1,,132,4,77.213849,73.367025,18.34175625,0.262057,0.06551425,1.824551,0.45613775,75.453633,18.86340825,1.7602159999999998,0.44005399999999995,19.30346225,legacy_v1_recovered
L-F,1,,133,4,19.38046,15.654874,3.9137185,0.267424,0.066856,1.781691,0.44542275,17.703989,4.42599725,1.6764709999999994,0.41911774999999984,4.845115,legacy_v1_recovered
L-F,1,,134,4,16.614244,12.831264000000001,3.2078160000000002,0.252188,0.063047,1.764015,0.44100375,14.847467000000002,3.7118667500000004,1.7667769999999976,0.4416942499999994,4.153561,legacy_v1_recovered
L-F,1,,135,4,17.230162,13.477671,3.36941775,0.242753,0.06068825,1.7845849999999999,0.44614624999999997,15.505009000000001,3.8762522500000003,1.7251529999999988,0.4312882499999997,4.3075405,legacy_v1_recovered
L-F,1,,136,4,63.724524,60.038088,15.009522,0.206854,0.0517135,1.808351,0.45208775,62.053293000000004,15.513323250000001,1.6712309999999988,0.4178077499999997,15.931131,legacy_v1_recovered
L-F,1,,137,4,62.982955,59.161533999999996,14.790383499999999,0.26762,0.066905,1.80263,0.4506575,61.231784,15.307946,1.7511709999999994,0.43779274999999984,15.74573875,legacy_v1_recovered
L-F,1,,138,4,14.085587,10.255379999999999,2.5638449999999997,0.331119,0.08277975,1.7053180000000001,0.42632950000000003,12.291816999999998,3.0729542499999996,1.793770000000002,0.4484425000000005,3.52139675,legacy_v1_recovered
L-F,1,,139,4,13.967065,10.181094,2.5452735,0.252732,0.063183,1.734203,0.43355075,12.168029,3.04200725,1.7990359999999992,0.4497589999999998,3.49176625,legacy_v1_recovered
L-F,1,,140,4,104.282268,100.52719,25.1317975,0.248601,0.06215025,1.788642,0.4471605,102.564433,25.64110825,1.717835000000008,0.429458750000002,26.070567,legacy_v1_recovered
L-F,1,,141,4,17.468076,13.624649,3.40616225,0.24374,0.060935,1.860199,0.46504975,15.728588,3.932147,1.7394879999999997,0.4348719999999999,4.367019,legacy_v1_recovered
L-F,1,,142,4,61.33083,57.626743,14.40668575,0.218475,0.05461875,1.749513,0.43737825,59.594730999999996,14.898682749999999,1.736099000000003,0.43402475000000074,15.3327075,legacy_v1_recovered
L-F,1,,143,4,17.038412,13.316767,3.32919175,0.240754,0.0601885,1.756237,0.43905925,15.313758000000002,3.8284395000000004,1.7246539999999992,0.4311634999999998,4.259603,legacy_v1_recovered
L-F,1,,144,4,15.908384,12.079952,3.019988,0.305793,0.07644825,1.761237,0.44030925,14.146982,3.5367455,1.7614020000000004,0.4403505000000001,3.977096,legacy_v1_recovered
L-F,1,,145,4,36.094833,32.361569,8.09039225,0.24424099999999999,0.061060249999999996,1.740135,0.43503375,34.34594500000001,8.586486250000002,1.7488879999999938,0.43722199999999845,9.02370825,legacy_v1_recovered
L-F,1,,146,4,17.31279,13.523709,3.38092725,0.276631,0.06915775,1.763006,0.4407515,15.563346000000001,3.8908365000000003,1.7494439999999987,0.43736099999999967,4.3281975,legacy_v1_recovered
L-F,1,,147,4,59.425831,55.62231,13.9055775,0.27667800000000004,0.06916950000000001,1.806661,0.45166525,57.705648999999994,14.426412249999998,1.7201820000000083,0.4300455000000021,14.85645775,legacy_v1_recovered
L-F,1,,148,4,90.13909,86.327473,21.58186825,0.27364299999999997,0.06841074999999999,1.817104,0.454276,88.41822,22.104555,1.7208699999999908,0.4302174999999977,22.5347725,legacy_v1_recovered
L-F,1,,149,4,17.31929,13.47804,3.36951,0.240769,0.06019225,1.830677,0.45766925,15.549486,3.8873715,1.7698039999999988,0.4424509999999997,4.3298225,legacy_v1_recovered
L-F,1,,150,4,66.625335,62.786350000000006,15.696587500000001,0.285148,0.071287,1.777314,0.4443285,64.84881200000001,16.212203000000002,1.7765229999999974,0.44413074999999935,16.65633375,legacy_v1_recovered
L-F,1,,151,4,46.698338,42.925689,10.73142225,0.219156,0.054789,1.784229,0.44605725,44.929074,11.2322685,1.7692639999999997,0.44231599999999993,11.6745845,legacy_v1_recovered
L-F,1,,152,4,17.374582,13.643672,3.410918,0.244039,0.06100975,1.780003,0.44500075,15.667714000000002,3.9169285000000005,1.7068679999999983,0.42671699999999957,4.3436455,legacy_v1_recovered
L-F,1,,153,4,17.1323,13.345691,3.33642275,0.277502,0.0693755,1.77711,0.4442775,15.400303000000001,3.8500757500000002,1.7319969999999998,0.43299924999999995,4.283075,legacy_v1_recovered
L-F,1,,154,4,13.876838,10.090104,2.522526,0.28475300000000003,0.07118825000000001,1.730612,0.432653,12.105469000000001,3.0263672500000003,1.7713689999999982,0.44284224999999955,3.4692095,legacy_v1_recovered
L-F,1,,155,4,18.387086,14.652687,3.66317175,0.178215,0.04455375,1.8611199999999999,0.46527999999999997,16.692022,4.1730055,1.6950639999999986,0.42376599999999964,4.5967715,legacy_v1_recovered
L-F,1,,156,4,17.45022,13.78761,3.4469025,0.233255,0.05831375,1.774757,0.44368925,15.795622,3.9489055,1.6545980000000018,0.41364950000000045,4.362555,legacy_v1_recovered
L-F,1,,157,4,96.215067,92.425147,23.10628675,0.22762,0.056905,1.8061189999999998,0.45152974999999995,94.45888599999999,23.614721499999998,1.7561810000000122,0.43904525000000305,24.05376675,legacy_v1_recovered
L-F,1,,158,4,15.461089,11.620251,2.90506275,0.249469,0.06236725,1.815108,0.453777,13.684828,3.421207,1.7762609999999999,0.44406524999999997,3.86527225,legacy_v1_recovered
L-F,1,,159,4,45.809865,42.037606999999994,10.509401749999999,0.267953,0.06698825,1.837339,0.45933475,44.14289899999999,11.035724749999998,1.6669660000000093,0.4167415000000023,11.45246625,legacy_v1_recovered
L-F,1,,160,4,15.184115,11.434663,2.85866575,0.19791999999999998,0.049479999999999996,1.806912,0.451728,13.439495,3.35987375,1.7446199999999994,0.43615499999999985,3.79602875,legacy_v1_recovered
L-F,1,,161,4,17.296237,13.536327,3.38408175,0.244077,0.06101925,1.805384,0.451346,15.585788,3.896447,1.7104490000000006,0.42761225000000014,4.32405925,legacy_v1_recovered
L-F,1,,162,4,88.610156,84.68883699999999,21.172209249999998,0.25646,0.064115,1.8824589999999999,0.47061474999999997,86.827756,21.706939,1.7824000000000098,0.44560000000000244,22.152539,legacy_v1_recovered
L-F,1,,163,4,17.4058,13.636672,3.409168,0.29037999999999997,0.07259499999999999,1.73727,0.4343175,15.664322000000002,3.9160805000000005,1.7414779999999972,0.4353694999999993,4.35145,legacy_v1_recovered
L-F,1,,164,4,17.49209,13.631801,3.40795025,0.29107,0.0727675,1.814105,0.45352625,15.736975999999999,3.9342439999999996,1.7551140000000025,0.4387785000000006,4.3730225,legacy_v1_recovered
L-F,1,,165,4,14.127006,10.1942,2.54855,0.319982,0.0799955,1.800089,0.45002225,12.314271,3.07856775,1.812735,0.45318375,3.5317515,legacy_v1_recovered
L-F,1,,166,4,94.386326,90.360397,22.59009925,0.3347,0.083675,1.88472,0.47118,92.579817,23.14495425,1.8065089999999913,0.4516272499999978,23.5965815,legacy_v1_recovered
L-F,1,,167,4,17.369805,13.550822,3.3877055,0.282449,0.07061225,1.777427,0.44435675,15.610698,3.9026745,1.7591070000000002,0.43977675000000005,4.34245125,legacy_v1_recovered
L-F,1,,168,4,14.047341,10.224927000000001,2.5562317500000002,0.26215900000000003,0.06553975000000001,1.77704,0.44426,12.264126000000001,3.0660315000000002,1.7832149999999984,0.4458037499999996,3.51183525,legacy_v1_recovered
L-F,1,,169,4,63.00417,59.184798,14.7961995,0.251394,0.0628485,1.869937,0.46748425,61.306129,15.32653225,1.6980410000000035,0.42451025000000087,15.7510425,legacy_v1_recovered
L-F,1,,170,4,91.34722,87.555124,21.888781,0.24079299999999998,0.060198249999999995,1.795175,0.44879375,89.591092,22.397773,1.7561279999999897,0.4390319999999974,22.836805,legacy_v1_recovered
L-F,1,,171,4,13.952891,10.121165999999999,2.5302914999999997,0.267329,0.06683225,1.806158,0.4515395,12.194652999999999,3.0486632499999997,1.7582380000000004,0.4395595000000001,3.48822275,legacy_v1_recovered
L-F,1,,172,4,13.93974,10.104739,2.52618475,0.307905,0.07697625,1.760119,0.44002975,12.172763,3.04319075,1.7669770000000007,0.44174425000000017,3.484935,legacy_v1_recovered
L-F,1,,173,4,17.68527,13.917667999999999,3.4794169999999998,0.275489,0.06887225,1.783233,0.44580825,15.976389999999999,3.9940974999999996,1.7088800000000006,0.42722000000000016,4.4213175,legacy_v1_recovered
L-F,1,,174,4,17.161329,13.424938000000001,3.3562345000000002,0.21432199999999998,0.053580499999999996,1.810813,0.45270325,15.450073,3.86251825,1.7112559999999988,0.4278139999999997,4.29033225,legacy_v1_recovered
L-F,1,,175,4,80.512308,76.72795,19.1819875,0.249873,0.06246825,1.809906,0.4524765,78.787729,19.69693225,1.7245790000000056,0.4311447500000014,20.128077,legacy_v1_recovered
L-F,1,,176,4,13.940971,10.121322,2.5303305,0.251422,0.0628555,1.748758,0.4371895,12.121502,3.0303755,1.8194689999999998,0.45486724999999995,3.48524275,legacy_v1_recovered
L-F,1,,177,4,84.314031,80.467033,20.11675825,0.29575,0.0739375,1.762462,0.4406155,82.525245,20.63131125,1.7887860000000018,0.44719650000000044,21.07850775,legacy_v1_recovered
L-F,1,,178,4,43.546416,39.708614,9.9271535,0.256644,0.064161,1.7980369999999999,0.44950924999999997,41.763295,10.44082375,1.7831210000000013,0.4457802500000003,10.886604,legacy_v1_recovered
L-F,1,,179,4,49.483359,45.680232000000004,11.420058000000001,0.281324,0.070331,1.7241680000000001,0.43104200000000004,47.685724,11.921431,1.7976349999999996,0.4494087499999999,12.37083975,legacy_v1_recovered
L-F,1,,180,4,17.231036,13.520029,3.38000725,0.21137699999999998,0.052844249999999995,1.7653400000000001,0.44133500000000003,15.496746,3.8741865,1.7342899999999997,0.4335724999999999,4.307759,legacy_v1_recovered
L-F,1,,181,4,31.325036,27.4934,6.87335,0.308746,0.0771865,1.7848410000000001,0.44621025000000003,29.586987,7.39674675,1.7380490000000002,0.43451225000000004,7.831259,legacy_v1_recovered
L-F,1,,182,4,17.234724,13.503444,3.375861,0.24623,0.0615575,1.751814,0.4379535,15.501488,3.875372,1.7332359999999998,0.43330899999999994,4.308681,legacy_v1_recovered
L-F,1,,183,4,17.100857,13.315538,3.3288845,0.274242,0.0685605,1.795589,0.44889725,15.385368999999999,3.8463422499999997,1.7154880000000023,0.4288720000000006,4.27521425,legacy_v1_recovered
L-F,1,,184,4,45.547357,41.74231399999999,10.435578499999998,0.269195,0.06729875,1.744552,0.436138,43.756060999999995,10.939015249999999,1.7912960000000027,0.44782400000000067,11.38683925,legacy_v1_recovered
L-F,1,,185,4,18.88739,15.230188,3.807547,0.246077,0.06151925,1.756056,0.439014,17.232321,4.30808025,1.655069000000001,0.41376725000000025,4.7218475,legacy_v1_recovered
L-F,1,,186,4,71.83813,67.942257,16.98556425,0.29918,0.074795,1.778444,0.444611,70.019881,17.50497025,1.8182490000000087,0.45456225000000217,17.9595325,legacy_v1_recovered
L-F,1,,187,4,88.119619,84.297621,21.07440525,0.299103,0.07477575,1.734486,0.4336215,86.33121000000001,21.582802500000003,1.7884089999999873,0.4471022499999968,22.02990475,legacy_v1_recovered
L-F,1,,188,4,46.38897,42.507021,10.62675525,0.333722,0.0834305,1.802919,0.45072975,44.643662000000006,11.160915500000002,1.7453079999999943,0.4363269999999986,11.5972425,legacy_v1_recovered
L-F,1,,189,4,63.633154,59.854065,14.96351625,0.271764,0.067941,1.782636,0.445659,61.90846499999999,15.477116249999998,1.724689000000005,0.43117225000000126,15.9082885,legacy_v1_recovered
L-F,1,,190,4,55.351889,51.55567,12.8889175,0.312578,0.0781445,1.717276,0.429319,53.585524,13.396381,1.7663650000000004,0.4415912500000001,13.83797225,legacy_v1_recovered
L-F,1,,191,4,64.904316,61.039696000000006,15.259924000000002,0.32719600000000004,0.08179900000000001,1.776248,0.444062,63.14314000000001,15.785785000000002,1.7611759999999848,0.4402939999999962,16.226079,legacy_v1_recovered
L-F,1,,192,4,15.850417,12.058753,3.01468825,0.277403,0.06935075,1.760615,0.44015375,14.096770999999999,3.5241927499999997,1.7536460000000016,0.4384115000000004,3.96260425,legacy_v1_recovered
L-F,1,,193,4,15.382724,11.484555,2.87113875,0.30438,0.076095,1.806741,0.45168525,13.595676000000001,3.3989190000000002,1.7870479999999986,0.44676199999999966,3.845681,legacy_v1_recovered
L-F,1,,194,4,105.923429,102.039321,25.50983025,0.22218,0.055545,1.9618769999999999,0.49046924999999997,104.223378,26.0558445,1.700051000000002,0.4250127500000005,26.48085725,legacy_v1_recovered
L-F,1,,195,4,144.086264,140.290661,35.07266525,0.192608,0.048152,1.843735,0.46093375,142.32700400000002,35.581751000000004,1.7592599999999834,0.43981499999999585,36.021566,legacy_v1_recovered
L-F,1,,196,4,63.410225,59.469654000000006,14.867413500000001,0.33183399999999996,0.08295849999999999,1.78,0.445,61.58148800000001,15.395372000000002,1.8287369999999896,0.4571842499999974,15.85255625,legacy_v1_recovered
L-F,1,,197,4,61.867692,58.04718,14.511795,0.24793400000000002,0.061983500000000004,1.838399,0.45959975,60.133513,15.03337825,1.7341789999999975,0.43354474999999937,15.466923,legacy_v1_recovered
L-F,1,,198,4,146.050212,142.157514,35.5393785,0.30040500000000003,0.07510125000000001,1.790366,0.4475915,144.248285,36.06207125,1.8019269999999779,0.45048174999999446,36.512553,legacy_v1_recovered
L-F,1,,199,4,77.275429,73.541115,18.38527875,0.24771300000000002,0.061928250000000004,1.8078159999999999,0.45195399999999997,75.59664400000001,18.899161000000003,1.6787849999999906,0.41969624999999766,19.31885725,legacy_v1_recovered
L-F,1,,200,4,59.555484,55.770408,13.942602,0.25915,0.0647875,1.773478,0.4433695,57.803036,14.450759,1.7524480000000011,0.4381120000000003,14.888871,legacy_v1_recovered
L-F,1,,201,4,97.216257,93.477836,23.369459,0.200126,0.0500315,1.8198940000000001,0.45497350000000003,95.497856,23.874464,1.718401,0.42960025,24.30406425,legacy_v1_recovered
L-F,1,,202,4,71.724833,67.770055,16.94251375,0.303149,0.07578725,1.813005,0.45325125,69.88620900000001,17.471552250000002,1.8386239999999958,0.45965599999999895,17.93120825,legacy_v1_recovered
L-F,1,,203,4,17.739831,13.977122,3.4942805,0.264838,0.0662095,1.802005,0.45050125,16.043965,4.01099125,1.6958659999999988,0.4239664999999997,4.43495775,legacy_v1_recovered
L-F,1,,204,4,17.385756,13.649567,3.41239175,0.231324,0.057831,1.777158,0.4442895,15.658049,3.91451225,1.7277070000000005,0.43192675000000014,4.346439,legacy_v1_recovered
L-F,1,,205,4,17.137902,13.366306999999999,3.3415767499999998,0.291698,0.0729245,1.75861,0.4396525,15.416615,3.85415375,1.7212870000000002,0.43032175000000006,4.2844755,legacy_v1_recovered
L-F,1,,206,4,34.607474,30.857445000000002,7.7143612500000005,0.276511,0.06912775,1.770056,0.442514,32.904012,8.226003,1.7034620000000018,0.42586550000000045,8.6518685,legacy_v1_recovered
L-F,1,,207,4,17.107304,13.338964,3.334741,0.274105,0.06852625,1.772717,0.44317925,15.385786000000001,3.8464465000000003,1.7215179999999979,0.43037949999999947,4.276826,legacy_v1_recovered
L-F,1,,208,4,13.81253,10.073697,2.51842425,0.250046,0.0625115,1.748007,0.43700175,12.071749999999998,3.0179374999999995,1.7407800000000027,0.43519500000000066,3.4531325,legacy_v1_recovered
L-F,1,,209,4,20.19174,16.477372,4.119343,0.278287,0.06957175,1.7661120000000001,0.44152800000000003,18.521770999999998,4.630442749999999,1.6699690000000018,0.41749225000000045,5.047935,legacy_v1_recovered
L-F,1,,210,4,13.860875,10.058741,2.51468525,0.2535,0.063375,1.772731,0.44318275,12.084972,3.021243,1.7759029999999996,0.4439757499999999,3.46521875,legacy_v1_recovered
L-F,1,,211,4,15.859314,12.15565,3.0389125,0.245598,0.0613995,1.747729,0.43693225,14.148976999999999,3.5372442499999996,1.7103370000000009,0.4275842500000002,3.9648285,legacy_v1_recovered
L-F,1,,212,4,46.200507,42.421651000000004,10.605412750000001,0.256727,0.06418175,1.773366,0.4433415,44.451744000000005,11.112936000000001,1.7487629999999967,0.4371907499999992,11.55012675,legacy_v1_recovered
L-F,1,,213,4,17.500176,13.73351,3.4333775,0.243361,0.06084025,1.756084,0.439021,15.732955,3.93323875,1.7672209999999993,0.4418052499999998,4.375044,legacy_v1_recovered
L-F,1,,214,4,28.891344,25.136139,6.28403475,0.251423,0.06285575,1.75663,0.4391575,27.144192,6.786048,1.7471519999999998,0.43678799999999995,7.222836,legacy_v1_recovered
L-F,1,,215,4,63.329027,59.461511,14.86537775,0.258789,0.06469725,1.853459,0.46336475,61.573759,15.39343975,1.755268000000001,0.43881700000000023,15.83225675,legacy_v1_recovered
L-F,1,,216,4,13.90126,10.069562,2.5173905,0.25221699999999997,0.06305424999999999,1.8158349999999999,0.45395874999999997,12.137614,3.0344035,1.7636460000000014,0.44091150000000034,3.475315,legacy_v1_recovered
L-F,1,,217,4,45.608428,41.892927,10.47323175,0.23566,0.058915,1.774518,0.4436295,43.903105000000004,10.975776250000001,1.705323,0.42633075,11.402107,legacy_v1_recovered
L-F,1,,218,4,17.067677,13.306698,3.3266745,0.275781,0.06894525,1.7502499999999999,0.43756249999999997,15.332729,3.83318225,1.7349479999999993,0.4337369999999998,4.26691925,legacy_v1_recovered
L-F,1,,219,4,17.119259,13.358975000000001,3.3397437500000002,0.307776,0.076944,1.711457,0.42786425,15.378208,3.844552,1.7410509999999988,0.4352627499999997,4.27981475,legacy_v1_recovered
L-F,1,,220,4,116.637679,112.761729,28.19043225,0.294429,0.07360725,1.804635,0.45115875,114.860793,28.71519825,1.7768860000000046,0.44422150000000116,29.15941975,legacy_v1_recovered
L-F,1,,221,4,63.390621,59.585519000000005,14.896379750000001,0.28702,0.071755,1.7656830000000001,0.44142075000000003,61.638222000000006,15.409555500000002,1.752398999999997,0.43809974999999923,15.84765525,legacy_v1_recovered
L-F,1,,222,4,62.302923,58.482334,14.6205835,0.216628,0.054157,1.886822,0.4717055,60.585784000000004,15.146446000000001,1.717138999999996,0.429284749999999,15.57573075,legacy_v1_recovered
L-F,1,,223,4,15.371183,11.576599,2.89414975,0.254155,0.06353875,1.7338390000000001,0.43345975000000003,13.564593,3.39114825,1.80659,0.4516475,3.84279575,legacy_v1_recovered
L-F,1,,224,4,141.65052,137.774996,34.443749,0.295179,0.07379475,1.793377,0.44834425,139.86355199999997,34.96588799999999,1.78696800000003,0.4467420000000075,35.41263,legacy_v1_recovered
L-F,1,,225,4,47.340326,43.486278,10.8715695,0.279946,0.0699865,1.781833,0.44545825,45.548057,11.38701425,1.7922689999999974,0.44806724999999936,11.8350815,legacy_v1_recovered
L-F,1,,226,4,102.155885,98.368789,24.59219725,0.235684,0.058921,1.77047,0.4426175,100.37494300000002,25.093735750000004,1.7809419999999818,0.44523549999999545,25.53897125,legacy_v1_recovered
L-F,1,,227,4,59.817877,55.99781,13.9994525,0.259102,0.0647755,1.771339,0.44283475,58.028251,14.50706275,1.7896260000000055,0.4474065000000014,14.95446925,legacy_v1_recovered
L-F,1,,228,4,17.952419,14.151201,3.53780025,0.317136,0.079284,1.752929,0.43823225,16.221266,4.0553165,1.731152999999999,0.43278824999999976,4.48810475,legacy_v1_recovered
L-F,1,,229,4,124.305055,120.568406,30.1421015,0.227465,0.05686625,1.779643,0.44491075,122.575514,30.6438785,1.7295409999999976,0.4323852499999994,31.07626375,legacy_v1_recovered
L-F,1,,230,4,13.901959,10.083608,2.520902,0.291019,0.07275475,1.746484,0.436621,12.121111,3.03027775,1.7808479999999989,0.4452119999999997,3.47548975,legacy_v1_recovered
L-F,1,,231,4,13.922583,10.129851,2.53246275,0.255339,0.06383475,1.740692,0.435173,12.125881999999999,3.0314704999999997,1.7967010000000005,0.44917525000000014,3.48064575,legacy_v1_recovered
L-F,1,,232,4,13.812098,10.109838,2.5274595,0.191169,0.04779225,1.753799,0.43844975,12.054806000000001,3.0137015000000003,1.7572919999999996,0.4393229999999999,3.4530245,legacy_v1_recovered
L-F,1,,233,4,13.859463,10.053619,2.51340475,0.218524,0.054631,1.794,0.4485,12.066143,3.01653575,1.7933199999999996,0.4483299999999999,3.46486575,legacy_v1_recovered
L-F,1,,234,4,41.954486,38.216188,9.554047,0.22088200000000002,0.055220500000000006,1.765539,0.44138475,40.202609,10.05065225,1.7518770000000004,0.4379692500000001,10.4886215,legacy_v1_recovered
L-F,1,,235,4,45.768419,42.08676,10.52169,0.19026500000000002,0.047566250000000004,1.814432,0.453608,44.09145699999999,11.022864249999998,1.6769620000000103,0.41924050000000257,11.44210475,legacy_v1_recovered
L-F,1,,236,4,30.63572,26.827777,6.70694425,0.22659400000000002,0.056648500000000004,1.758836,0.439709,28.813207,7.20330175,1.8225130000000007,0.4556282500000002,7.65893,legacy_v1_recovered
L-F,1,,237,4,17.295372,13.575508,3.393877,0.247614,0.0619035,1.762747,0.44068675,15.585868999999999,3.8964672499999997,1.7095030000000015,0.4273757500000004,4.323843,legacy_v1_recovered
L-F,1,,238,4,16.039362,12.166123,3.04153075,0.307543,0.07688575,1.836856,0.459214,14.310522000000002,3.5776305000000006,1.7288399999999982,0.43220999999999954,4.0098405,legacy_v1_recovered
L-F,1,,239,4,17.158744,13.382515999999999,3.3456289999999997,0.272919,0.06822975,1.778622,0.4446555,15.434057,3.85851425,1.7246869999999994,0.43117174999999985,4.289686,legacy_v1_recovered
L-F,1,,240,4,61.209395,57.425776,14.356444,0.267319,0.06682975,1.752483,0.43812075,59.445578,14.8613945,1.763817000000003,0.44095425000000077,15.30234875,legacy_v1_recovered
L-F,1,,241,4,17.134063,13.385159,3.34628975,0.24400100000000002,0.061000250000000006,1.7886220000000002,0.44715550000000004,15.417782,3.8544455,1.7162810000000004,0.4290702500000001,4.28351575,legacy_v1_recovered
L-F,1,,242,4,31.555738,27.675249,6.91881225,0.295359,0.07383975,1.797406,0.4493515,29.768014,7.4420035,1.7877240000000008,0.4469310000000002,7.8889345,legacy_v1_recovered
L-F,1,,243,4,56.083886,52.271125000000005,13.067781250000001,0.297827,0.07445675,1.728839,0.43220975,54.297791000000004,13.574447750000001,1.786094999999996,0.446523749999999,14.0209715,legacy_v1_recovered
L-F,1,,244,4,13.865439,10.104237,2.52605925,0.252967,0.06324175,1.75538,0.438845,12.112584,3.028146,1.7528550000000003,0.43821375000000007,3.46635975,legacy_v1_recovered
L-F,1,,245,4,70.206053,66.416235,16.60405875,0.284315,0.07107875,1.738953,0.43473825,68.439503,17.10987575,1.7665499999999952,0.4416374999999988,17.55151325,legacy_v1_recovered
L-F,1,,246,4,16.119413,12.37289,3.0932225,0.272687,0.06817175,1.760241,0.44006025,14.405818,3.6014545,1.7135950000000015,0.4283987500000004,4.02985325,legacy_v1_recovered
L-F,1,,247,4,32.717962,28.878389,7.21959725,0.243992,0.060998,1.8812389999999999,0.47030974999999997,31.003619999999998,7.7509049999999995,1.714342000000002,0.4285855000000005,8.1794905,legacy_v1_recovered
L-F,1,,248,4,13.905028,10.134067,2.53351675,0.254497,0.06362425,1.746265,0.43656625,12.134829,3.03370725,1.7701989999999999,0.44254974999999996,3.476257,legacy_v1_recovered
L-F,1,,249,4,119.187231,115.47243,28.8681075,0.187936,0.046984,1.7802310000000001,0.44505775000000003,117.440597,29.36014925,1.7466340000000002,0.43665850000000006,29.79680775,legacy_v1_recovered
L-F,1,,250,4,13.913031,10.053333,2.51333325,0.320392,0.080098,1.707354,0.4268385,12.081079,3.02026975,1.8319519999999994,0.45798799999999984,3.47825775,legacy_v1_recovered
L-F,1,,251,4,89.826837,86.027993,21.50699825,0.223197,0.05579925,1.806377,0.45159425,88.05756699999999,22.014391749999998,1.769270000000006,0.4423175000000015,22.45670925,legacy_v1_recovered
L-F,1,,252,4,32.365613,28.620945,7.15523625,0.278885,0.06972125,1.786461,0.44661525,30.686290999999997,7.671572749999999,1.6793220000000062,0.41983050000000155,8.09140325,legacy_v1_recovered
L-F,1,,253,4,15.375109,11.601996,2.900499,0.224088,0.056022,1.797938,0.4494845,13.624022,3.4060055,1.751087,0.43777175,3.84377725,legacy_v1_recovered
L-F,1,,254,4,32.19194,28.254747,7.06368675,0.345779,0.08644475,1.764956,0.441239,30.365482,7.5913705,1.8264580000000024,0.4566145000000006,8.047985,legacy_v1_recovered
L-F,1,,255,4,42.180125,38.340042,9.5850105,0.258611,0.06465275,1.745598,0.4363995,40.344251,10.08606275,1.835873999999997,0.4589684999999992,10.54503125,legacy_v1_recovered
L-F,1,,256,4,13.896762,10.049178999999999,2.5122947499999997,0.285802,0.0714505,1.717849,0.42946225,12.052829999999998,3.0132074999999996,1.8439320000000023,0.4609830000000006,3.4741905,legacy_v1_recovered
L-F,1,,257,4,59.621297,55.750769999999996,13.937692499999999,0.219435,0.05485875,1.860505,0.46512625,57.830709999999996,14.457677499999999,1.7905870000000021,0.44764675000000054,14.90532425,legacy_v1_recovered
L-F,1,,258,4,35.356579,31.585338999999998,7.896334749999999,0.242067,0.06051675,1.793387,0.44834675,33.620793,8.40519825,1.7357860000000045,0.4339465000000011,8.83914475,legacy_v1_recovered
L-F,1,,259,4,45.564155,41.835535,10.45888375,0.226638,0.0566595,1.755479,0.43886975,43.817652,10.954413,1.746502999999997,0.43662574999999926,11.39103875,legacy_v1_recovered
L-F,1,,260,4,77.173825,73.368762,18.3421905,0.293543,0.07338575,1.743464,0.435866,75.405769,18.85144225,1.7680559999999872,0.4420139999999968,19.29345625,legacy_v1_recovered
L-F,1,,261,4,42.113094,38.305631,9.57640775,0.252029,0.06300725,1.763341,0.44083525,40.321000999999995,10.080250249999999,1.7920930000000013,0.4480232500000003,10.5282735,legacy_v1_recovered
L-F,1,,262,4,13.882129,10.045758,2.5114395,0.315676,0.078919,1.711986,0.4279965,12.073419999999999,3.0183549999999997,1.8087090000000021,0.45217725000000053,3.47053225,legacy_v1_recovered
L-F,1,,263,4,147.407168,143.64725800000002,35.911814500000006,0.229646,0.0574115,1.816085,0.45402125,145.692989,36.42324725,1.7141790000000015,0.42854475000000036,36.851792,legacy_v1_recovered
L-F,1,,264,4,15.456523,11.636351999999999,2.9090879999999997,0.257496,0.064374,1.764949,0.44123725,13.658796999999998,3.4146992499999995,1.7977260000000026,0.44943150000000065,3.86413075,legacy_v1_recovered
L-F,1,,265,4,13.992525,10.119157,2.52978925,0.319123,0.07978075,1.773119,0.44327975,12.211398999999998,3.0528497499999996,1.7811260000000022,0.44528150000000055,3.49813125,legacy_v1_recovered
L-F,1,,266,4,47.200712,43.471737,10.86793425,0.280921,0.07023025,1.728462,0.4321155,45.48112,11.37028,1.7195920000000058,0.42989800000000145,11.800178,legacy_v1_recovered
L-F,1,,267,4,17.51906,13.888158,3.4720395,0.237572,0.059393,1.740611,0.43515275,15.866341,3.96658525,1.6527189999999994,0.41317974999999985,4.379765,legacy_v1_recovered
L-F,1,,268,4,18.420236,14.677162,3.6692905,0.24723099999999998,0.061807749999999995,1.788969,0.44724225,16.713362,4.1783405,1.7068739999999991,0.4267184999999998,4.605059,legacy_v1_recovered
L-F,1,,269,4,31.578414,27.80619,6.9515475,0.25466,0.063665,1.720622,0.4301555,29.781472,7.445368,1.7969419999999978,0.44923549999999945,7.8946035,legacy_v1_recovered
L-F,1,,270,4,87.748244,83.868113,20.96702825,0.254289,0.06357225,1.83537,0.4588425,85.95777199999999,21.489442999999998,1.7904720000000083,0.44761800000000207,21.937061,legacy_v1_recovered
L-F,1,,271,4,17.46876,13.706443,3.42661075,0.312533,0.07813325,1.707184,0.426796,15.72616,3.93154,1.7425999999999995,0.43564999999999987,4.36719,legacy_v1_recovered
L-F,1,,272,4,104.040134,100.360995,25.09024875,0.180678,0.0451695,1.82081,0.4552025,102.362483,25.59062075,1.6776509999999973,0.41941274999999933,26.0100335,legacy_v1_recovered
L-F,1,,273,4,44.089881,40.292171,10.07304275,0.240158,0.0600395,1.80835,0.4520875,42.340679,10.58516975,1.7492019999999968,0.4373004999999992,11.02247025,legacy_v1_recovered
L-F,1,,274,4,45.596847,41.847242,10.4618105,0.228638,0.0571595,1.769215,0.44230375,43.845095,10.96127375,1.7517519999999962,0.43793799999999905,11.39921175,legacy_v1_recovered
L-F,1,,275,4,64.244606,60.286704,15.071676,0.280441,0.07011025,1.831752,0.457938,62.398897000000005,15.599724250000001,1.8457089999999994,0.46142724999999984,16.0611515,legacy_v1_recovered
L-F,1,,276,4,66.339119,62.604071,15.65101775,0.242885,0.06072125,1.811456,0.452864,64.658412,16.164603,1.6807069999999982,0.42017674999999954,16.58477975,legacy_v1_recovered
L-F,1,,277,4,45.58272,41.778983999999994,10.444745999999999,0.264837,0.06620925,1.758703,0.43967575,43.80252399999999,10.950630999999998,1.7801960000000108,0.4450490000000027,11.39568,legacy_v1_recovered
L-F,1,,278,4,13.94124,10.113918,2.5284795,0.294422,0.0736055,1.766551,0.44163775,12.174891,3.04372275,1.766349,0.44158725,3.48531,legacy_v1_recovered
L-F,1,,279,4,13.866789,10.101144,2.525286,0.248391,0.06209775,1.7630379999999999,0.44075949999999997,12.112573,3.02814325,1.7542160000000013,0.43855400000000033,3.46669725,legacy_v1_recovered
L-F,1,,280,4,17.357321,13.64286,3.410715,0.244638,0.0611595,1.73066,0.432665,15.618158000000001,3.9045395000000003,1.7391629999999978,0.43479074999999945,4.33933025,legacy_v1_recovered
L-F,1,,281,4,44.818023,41.031471,10.25786775,0.254926,0.0637315,1.763895,0.44097375,43.050292,10.762573,1.7677309999999977,0.44193274999999943,11.20450575,legacy_v1_recovered
L-F,1,,282,4,77.212465,73.456135,18.36403375,0.18881599999999998,0.047203999999999996,1.792881,0.44822025,75.437832,18.859458,1.7746329999999944,0.4436582499999986,19.30311625,legacy_v1_recovered
L-F,1,,283,4,63.28978,59.493922,14.8734805,0.278126,0.0695315,1.799398,0.4498495,61.571445999999995,15.392861499999999,1.7183340000000058,0.42958350000000145,15.822445,legacy_v1_recovered
L-F,1,,284,4,59.548733,55.819156,13.954789,0.23286,0.058215,1.783933,0.44598325,57.835949,14.45898725,1.7127839999999992,0.4281959999999998,14.88718325,legacy_v1_recovered
L-F,1,,285,4,48.936881,45.183648999999996,11.295912249999999,0.223907,0.05597675,1.831801,0.45795025,47.23935699999999,11.809839249999998,1.6975240000000085,0.4243810000000021,12.23422025,legacy_v1_recovered
L-F,1,,286,4,73.848657,69.990091,17.49752275,0.24498599999999998,0.061246499999999995,1.8753199999999999,0.46882999999999997,72.110397,18.02759925,1.7382599999999968,0.4345649999999992,18.46216425,legacy_v1_recovered
L-F,1,,287,4,14.026438,10.14125,2.5353125,0.286744,0.071686,1.764933,0.44123325,12.192927000000001,3.0482317500000002,1.8335109999999997,0.4583777499999999,3.5066095,legacy_v1_recovered
L-F,1,,288,4,17.327164,13.569578,3.3923945,0.248813,0.06220325,1.779479,0.44486975,15.59787,3.8994675,1.7292939999999994,0.43232349999999986,4.331791,legacy_v1_recovered
L-F,1,,289,4,19.141821,15.425158,3.8562895,0.280037,0.07000925,1.771661,0.44291525,17.476855999999998,4.3692139999999995,1.6649650000000022,0.41624125000000056,4.78545525,legacy_v1_recovered
L-F,1,,290,4,18.467152,14.719201,3.67980025,0.279864,0.069966,1.738111,0.43452775,16.737175999999998,4.1842939999999995,1.7299760000000006,0.43249400000000016,4.616788,legacy_v1_recovered
L-F,1,,291,4,18.422422,14.749552000000001,3.6873880000000003,0.212415,0.05310375,1.765194,0.4412985,16.727161000000002,4.181790250000001,1.6952609999999986,0.42381524999999964,4.6056055,legacy_v1_recovered
L-F,1,,292,4,17.326907,13.414332,3.353583,0.279032,0.069758,1.86392,0.46598,15.557284000000001,3.8893210000000003,1.7696229999999975,0.4424057499999994,4.33172675,legacy_v1_recovered
L-F,1,,293,4,89.23369,85.411449,21.35286225,0.257119,0.06427975,1.8232810000000002,0.45582025000000004,87.491849,21.87296225,1.7418409999999938,0.43546024999999844,22.3084225,legacy_v1_recovered
L-F,1,,294,4,16.099936,12.330091,3.08252275,0.290461,0.07261525,1.7512,0.4378,14.371752,3.592938,1.7281839999999988,0.4320459999999997,4.024984,legacy_v1_recovered
L-F,1,,295,4,83.604213,79.793791,19.94844775,0.254851,0.06371275,1.79177,0.4479425,81.840412,20.460103,1.7638010000000008,0.4409502500000002,20.90105325,legacy_v1_recovered
L-F,1,,296,4,47.480571,43.689779,10.92244475,0.284482,0.0711205,1.760519,0.44012975,45.73478,11.433695,1.745790999999997,0.43644774999999925,11.87014275,legacy_v1_recovered
L-F,1,,297,4,13.974899,10.143088,2.535772,0.255666,0.0639165,1.818071,0.45451775,12.216825,3.05420625,1.7580740000000006,0.43951850000000015,3.49372475,legacy_v1_recovered
L-F,1,,298,4,59.952605,56.126447,14.03161175,0.267135,0.06678375,1.769957,0.44248925,58.163539,14.54088475,1.7890659999999983,0.44726649999999957,14.98815125,legacy_v1_recovered
L-F,1,,299,4,14.069159,10.297449,2.57436225,0.221527,0.05538175,1.8043879999999999,0.45109699999999997,12.323364,3.080841,1.745795000000001,0.4364487500000003,3.51728975,legacy_v1_recovered
L-F,1,,300,4,28.096709,24.205248,6.051312,0.259889,0.06497225,1.835525,0.45888125,26.300662000000003,6.575165500000001,1.796046999999998,0.4490117499999995,7.02417725,legacy_v1_recovered
L-F,1,,301,4,31.581939,27.742146,6.9355365,0.259211,0.06480275,1.788138,0.4470345,29.789495000000002,7.447373750000001,1.7924439999999962,0.44811099999999904,7.89548475,legacy_v1_recovered
L-F,1,,302,4,19.894347,16.15483,4.0387075,0.272404,0.068101,1.792332,0.448083,18.219566,4.5548915,1.6747809999999994,0.41869524999999985,4.97358675,legacy_v1_recovered
L-F,1,,303,4,34.842671,31.074288,7.768572,0.27620500000000003,0.06905125000000001,1.761349,0.44033725,33.111842,8.2779605,1.730829,0.43270725,8.71066775,legacy_v1_recovered
L-F,1,,304,4,18.361716,14.660966,3.6652415,0.24828999999999998,0.062072499999999996,1.715983,0.42899575,16.625239,4.15630975,1.7364770000000007,0.4341192500000002,4.590429,legacy_v1_recovered
L-F,1,,305,4,17.033805,13.278875,3.31971875,0.259612,0.064903,1.76868,0.44217,15.307167,3.82679175,1.7266380000000012,0.4316595000000003,4.25845125,legacy_v1_recovered
L-F,1,,306,4,34.763824,30.983736,7.745934,0.2781,0.069525,1.763823,0.44095575,33.025659,8.25641475,1.7381650000000022,0.43454125000000055,8.690956,legacy_v1_recovered
L-F,1,,307,4,47.004766,43.262031,10.81550775,0.213425,0.05335625,1.798951,0.44973775,45.274407000000004,11.318601750000001,1.7303589999999929,0.4325897499999982,11.7511915,legacy_v1_recovered
L-F,1,,308,4,50.657916,46.996925,11.74923125,0.212163,0.05304075,1.7855759999999998,0.44639399999999996,48.99466399999999,12.248665999999998,1.663252000000007,0.41581300000000176,12.664479,legacy_v1_recovered
L-F,1,,309,4,17.10881,13.278286,3.3195715,0.259698,0.0649245,1.855415,0.46385375,15.393399,3.84834975,1.7154109999999978,0.42885274999999945,4.2772025,legacy_v1_recovered
L-F,1,,310,4,59.789033,55.975816,13.993954,0.224191,0.05604775,1.807825,0.45195625,58.007832,14.501958,1.781201000000003,0.44530025000000073,14.94725825,legacy_v1_recovered
L-F,1,,311,4,45.80586,41.990845,10.49771125,0.284652,0.071163,1.764501,0.44112525,44.039998000000004,11.009999500000001,1.7658619999999985,0.4414654999999996,11.451465,legacy_v1_recovered
L-F,1,,312,4,16.579133,12.216975999999999,3.0542439999999997,0.24276699999999998,0.060691749999999996,2.411695,0.60292375,14.871438,3.7178595,1.7076949999999993,0.4269237499999998,4.14478325,legacy_v1_recovered
L-F,1,,313,4,43.32082,39.504443,9.87611075,0.26469699999999996,0.06617424999999999,1.788367,0.44709175,41.557507,10.38937675,1.7633129999999966,0.44082824999999914,10.830205,legacy_v1_recovered
L-F,1,,314,4,28.02717,24.260101,6.06502525,0.22254400000000002,0.055636000000000005,1.73137,0.4328425,26.214014999999996,6.553503749999999,1.8131550000000054,0.45328875000000135,7.0067925,legacy_v1_recovered
L-F,1,,315,4,35.16693,31.29841,7.8246025,0.288731,0.07218275,1.785633,0.44640825,33.372774,8.3431935,1.794156000000001,0.44853900000000024,8.7917325,legacy_v1_recovered
L-F,1,,316,4,13.883716,10.093761,2.52344025,0.253081,0.06327025,1.744859,0.43621475,12.091701,3.02292525,1.7920149999999992,0.4480037499999998,3.470929,legacy_v1_recovered
L-F,1,,317,4,34.94443,31.157646,7.7894115,0.31142800000000004,0.07785700000000001,1.735829,0.43395725,33.204903,8.30122575,1.7395269999999954,0.43488174999999885,8.7361075,legacy_v1_recovered
L-F,1,,318,4,66.053129,62.279092999999996,15.569773249999999,0.211706,0.0529265,1.847185,0.46179625,64.33798399999999,16.084495999999998,1.7151450000000068,0.4287862500000017,16.51328225,legacy_v1_recovered
L-F,1,,319,4,93.356327,89.49158,22.372895,0.228614,0.0571535,1.834898,0.4587245,91.55509199999999,22.888772999999997,1.8012350000000055,0.45030875000000137,23.33908175,legacy_v1_recovered
L-F,1,,320,4,91.503412,87.611174,21.9027935,0.312037,0.07800925,1.809852,0.452463,89.73306300000002,22.433265750000004,1.7703489999999817,0.44258724999999544,22.875853,legacy_v1_recovered
L-F,1,,321,4,31.600703,27.774696999999996,6.943674249999999,0.228046,0.0570115,1.813388,0.453347,29.816130999999995,7.454032749999999,1.7845720000000043,0.44614300000000107,7.90017575,legacy_v1_recovered
L-F,1,,322,4,157.688042,153.817474,38.4543685,0.267111,0.06677775,1.8028499999999998,0.45071249999999996,155.887435,38.97185875,1.8006069999999852,0.4501517499999963,39.4220105,legacy_v1_recovered
L-F,1,,323,4,60.559804,56.760884,14.190221,0.269202,0.0673005,1.7623410000000002,0.44058525000000004,58.792426999999996,14.698106749999999,1.7673770000000033,0.4418442500000008,15.139951,legacy_v1_recovered
L-F,1,,324,4,91.300041,87.40063,21.8501575,0.300344,0.075086,1.790584,0.447646,89.491558,22.3728895,1.8084829999999954,0.45212074999999885,22.82501025,legacy_v1_recovered
L-F,1,,325,4,31.34136,27.614511999999998,6.903627999999999,0.184954,0.0462385,1.801218,0.4503045,29.600683999999998,7.400170999999999,1.740676000000004,0.435169000000001,7.83534,legacy_v1_recovered
L-F,1,,326,4,31.523263,27.651848,6.912962,0.28572,0.07143,1.7972380000000001,0.44930950000000003,29.734806000000003,7.433701500000001,1.7884569999999975,0.4471142499999994,7.88081575,legacy_v1_recovered
L-F,1,,327,4,45.421397,41.659239,10.41480975,0.222008,0.055502,1.788402,0.4471005,43.669649,10.91741225,1.7517479999999992,0.4379369999999998,11.35534925,legacy_v1_recovered
L-F,1,,328,4,49.32848,45.622451000000005,11.405612750000001,0.214791,0.05369775,1.780063,0.44501575,47.617305,11.90432625,1.7111749999999972,0.4277937499999993,12.33212,legacy_v1_recovered
L-F,1,,329,4,15.838231,12.136324,3.034081,0.21297500000000003,0.053243750000000006,1.7869,0.446725,14.136199,3.53404975,1.7020320000000009,0.4255080000000002,3.95955775,legacy_v1_recovered
L-F,1,,330,4,103.567008,99.700402,24.9251005,0.286206,0.0715515,1.832667,0.45816675,101.819275,25.45481875,1.7477329999999967,0.43693324999999916,25.891752,legacy_v1_recovered
L-F,1,,331,4,13.878276,10.097261999999999,2.5243154999999997,0.252907,0.06322675,1.757733,0.43943325,12.107902,3.0269755,1.7703740000000003,0.4425935000000001,3.469569,legacy_v1_recovered
L-F,1,,332,4,15.992045,12.270543,3.06763575,0.27562000000000003,0.06890500000000001,1.732655,0.43316375,14.278818,3.5697045,1.7132269999999998,0.42830674999999996,3.99801125,legacy_v1_recovered
L-F,1,,333,4,62.540271,58.848002,14.7120005,0.23730099999999998,0.059325249999999996,1.790238,0.4475595,60.875541000000005,15.218885250000001,1.6647299999999916,0.4161824999999979,15.63506775,legacy_v1_recovered
L-F,1,,334,4,15.263867,11.437067,2.85926675,0.302189,0.07554725,1.737437,0.43435925,13.476693000000001,3.3691732500000002,1.7871739999999985,0.4467934999999996,3.81596675,legacy_v1_recovered
L-F,1,,335,4,49.071845,45.26769,11.3169225,0.280592,0.070148,1.780255,0.44506375,47.328537,11.83213425,1.743308000000006,0.4358270000000015,12.26796125,legacy_v1_recovered
L-F,1,,336,4,47.647038,43.913275,10.97831875,0.250297,0.06257425,1.783672,0.445918,45.947244000000005,11.486811000000001,1.6997939999999971,0.4249484999999993,11.9117595,legacy_v1_recovered
L-F,1,,337,4,59.933172,56.0025,14.000625,0.276554,0.0691385,1.863915,0.46597875,58.142968999999994,14.535742249999998,1.7902030000000053,0.44755075000000133,14.983293,legacy_v1_recovered
L-F,1,,338,4,13.957964,10.136053,2.53401325,0.25380199999999997,0.06345049999999999,1.7964579999999999,0.44911449999999997,12.186313,3.04657825,1.7716510000000003,0.4429127500000001,3.489491,legacy_v1_recovered
L-F,1,,339,4,59.823342,55.984194,13.9960485,0.26061,0.0651525,1.784885,0.44622125,58.029689000000005,14.507422250000001,1.793652999999992,0.448413249999998,14.9558355,legacy_v1_recovered
L-F,1,,340,4,91.269072,87.46624200000001,21.866560500000002,0.253404,0.063351,1.765495,0.44137375,89.48514100000001,22.371285250000003,1.7839309999999813,0.4459827499999953,22.817268,legacy_v1_recovered
L-F,1,,341,4,77.311043,73.390987,18.34774675,0.296901,0.07422525,1.834619,0.45865475,75.522507,18.88062675,1.7885359999999935,0.44713399999999837,19.32776075,legacy_v1_recovered
L-F,1,,342,4,66.229576,62.480565,15.62014125,0.262974,0.0657435,1.802069,0.45051725,64.545608,16.136402,1.683967999999993,0.42099199999999826,16.557394,legacy_v1_recovered
L-F,1,,343,4,89.669195,85.740966,21.4352415,0.298822,0.0747055,1.795208,0.448802,87.834996,21.958749,1.8341989999999981,0.45854974999999953,22.41729875,legacy_v1_recovered
L-F,1,,344,4,21.017132,17.267784,4.316946,0.21692999999999998,0.054232499999999996,1.870736,0.467684,19.35545,4.8388625,1.661681999999999,0.41542049999999975,5.254283,legacy_v1_recovered
L-F,1,,345,4,14.005445,10.131479,2.53286975,0.264197,0.06604925,1.84199,0.4604975,12.237666,3.0594165,1.767778999999999,0.4419447499999998,3.50136125,legacy_v1_recovered
L-F,1,,346,4,32.952068,29.149739999999998,7.287434999999999,0.271883,0.06797075,1.7474690000000002,0.43686725000000004,31.169091999999996,7.792272999999999,1.7829760000000014,0.44574400000000036,8.238017,legacy_v1_recovered
L-F,1,,347,4,15.771033,12.008527,3.00213175,0.260084,0.065021,1.7862879999999999,0.44657199999999997,14.054898999999999,3.5137247499999997,1.7161340000000003,0.42903350000000007,3.94275825,legacy_v1_recovered
L-F,1,,348,4,80.825444,77.011665,19.25291625,0.246724,0.061681,1.846479,0.46161975,79.104868,19.776217,1.7205760000000083,0.4301440000000021,20.206361,legacy_v1_recovered
L-F,1,,349,4,48.989605,45.07476,11.26869,0.312554,0.0781385,1.859759,0.46493975,47.24707299999999,11.811768249999998,1.7425320000000042,0.43563300000000105,12.24740125,legacy_v1_recovered
L-F,1,,350,4,70.172451,66.31784,16.57946,0.294414,0.0736035,1.753945,0.43848625,68.36619900000001,17.091549750000002,1.8062519999999864,0.4515629999999966,17.54311275,legacy_v1_recovered
L-F,1,,351,4,52.588174,48.842436,12.210609,0.22186499999999998,0.055466249999999995,1.7728899999999999,0.44322249999999996,50.837191,12.70929775,1.750983000000005,0.43774575000000127,13.1470435,legacy_v1_recovered
L-F,1,,352,4,18.512306,14.796092999999999,3.6990232499999998,0.222037,0.05550925,1.748369,0.43709225,16.766499,4.19162475,1.7458069999999992,0.4364517499999998,4.6280765,legacy_v1_recovered
L-F,1,,353,4,105.886201,102.122067,25.53051675,0.21511,0.0537775,1.84395,0.4609875,104.181127,26.04528175,1.7050739999999962,0.42626849999999905,26.47155025,legacy_v1_recovered
L-F,1,,354,4,47.415954,43.552457000000004,10.888114250000001,0.284074,0.0710185,1.839005,0.45975125,45.675536,11.418884,1.7404179999999982,0.43510449999999956,11.8539885,legacy_v1_recovered
L-F,1,,355,4,80.904575,77.105277,19.27631925,0.22721,0.0568025,1.818373,0.45459325,79.15086,19.787715,1.7537149999999997,0.4384287499999999,20.22614375,legacy_v1_recovered
L-F,1,,356,4,36.668358,32.885069,8.22126725,0.271111,0.06777775,1.802353,0.45058825,34.958533,8.73963325,1.709824999999995,0.42745624999999876,9.1670895,legacy_v1_recovered
L-F,1,,357,4,46.887026,43.067302000000005,10.766825500000001,0.254272,0.063568,1.745283,0.43632075,45.066857000000006,11.266714250000001,1.8201689999999928,0.4550422499999982,11.7217565,legacy_v1_recovered
L-F,1,,358,4,13.914378,10.054680000000001,2.5136700000000003,0.25371,0.0634275,1.794165,0.44854125,12.102555,3.02563875,1.8118229999999986,0.45295574999999966,3.4785945,legacy_v1_recovered
L-F,1,,359,4,33.591989,29.797058,7.4492645,0.27984000000000003,0.06996000000000001,1.75679,0.4391975,31.833688,7.958422,1.7583009999999994,0.43957524999999986,8.39799725,legacy_v1_recovered
L-F,1,,360,4,17.232593,13.496831,3.37420775,0.211702,0.0529255,1.787636,0.446909,15.496169000000002,3.8740422500000005,1.7364239999999995,0.4341059999999999,4.30814825,legacy_v1_recovered
L-F,1,,361,4,67.823991,64.161532,16.040383,0.181233,0.04530825,1.758007,0.43950175,66.100772,16.525193,1.7232190000000003,0.43080475000000007,16.95599775,legacy_v1_recovered
L-F,1,,362,4,15.474225,11.580505,2.89512625,0.326399,0.08159975,1.758566,0.4396415,13.665470000000001,3.4163675000000002,1.8087549999999997,0.4521887499999999,3.86855625,legacy_v1_recovered
L-F,1,,363,4,15.647258,11.917293,2.97932325,0.208544,0.052136,1.809939,0.45248475,13.935776,3.483944,1.7114820000000002,0.42787050000000004,3.9118145,legacy_v1_recovered
L-F,1,,364,4,13.844546,10.127756,2.531939,0.221887,0.05547175,1.7477099999999999,0.43692749999999997,12.097353,3.02433825,1.7471929999999993,0.43679824999999983,3.4611365,legacy_v1_recovered
L-F,1,,365,4,73.07992,69.179383,17.29484575,0.266649,0.06666225,1.837341,0.45933525,71.283373,17.82084325,1.796547000000004,0.449136750000001,18.26998,legacy_v1_recovered
L-F,1,,366,4,49.460427,45.625634999999996,11.406408749999999,0.212346,0.0530865,1.897812,0.474453,47.735792999999994,11.933948249999998,1.7246340000000089,0.4311585000000022,12.36510675,legacy_v1_recovered
L-F,1,,367,4,31.495801,27.673468,6.918367,0.257652,0.064413,1.7655,0.441375,29.69662,7.424155,1.7991810000000008,0.4497952500000002,7.87395025,legacy_v1_recovered
L-F,1,,368,4,37.271862,33.524308,8.381077,0.256311,0.06407775,1.794082,0.4485205,35.574701,8.89367525,1.6971610000000013,0.4242902500000003,9.3179655,legacy_v1_recovered
L-F,1,,369,4,15.358354,11.487856,2.871964,0.28385099999999996,0.07096274999999999,1.798748,0.449687,13.570455,3.39261375,1.7878989999999995,0.44697474999999987,3.8395885,legacy_v1_recovered
L-F,1,,370,4,133.433964,129.650282,32.4125705,0.22185699999999997,0.05546424999999999,1.815817,0.45395425,131.687956,32.921989,1.7460079999999891,0.4365019999999973,33.358491,legacy_v1_recovered
L-F,1,,371,4,70.305927,66.45425300000001,16.613563250000002,0.291884,0.072971,1.763795,0.44094875,68.509932,17.127483,1.7959949999999907,0.44899874999999767,17.57648175,legacy_v1_recovered
L-F,1,,372,4,17.498705,13.763646999999999,3.4409117499999997,0.248175,0.06204375,1.757107,0.43927675,15.768928999999998,3.9422322499999995,1.7297760000000029,0.4324440000000007,4.37467625,legacy_v1_recovered
L-F,1,,373,4,45.644788,41.779489,10.44487225,0.259638,0.0649095,1.816114,0.4540285,43.855241,10.96381025,1.7895469999999989,0.4473867499999997,11.411197,legacy_v1_recovered
L-F,1,,374,4,56.155477,52.358278999999996,13.089569749999999,0.264189,0.06604725,1.74766,0.436915,54.370128,13.592532,1.7853489999999965,0.44633724999999913,14.03886925,legacy_v1_recovered
L-F,1,,375,4,49.286592,45.521759,11.38043975,0.24390699999999998,0.060976749999999996,1.772185,0.44304625,47.537851,11.88446275,1.7487409999999954,0.43718524999999886,12.321648,legacy_v1_recovered
L-F,1,,376,4,47.713679,43.861343999999995,10.965335999999999,0.255626,0.0639065,1.7846760000000002,0.44616900000000004,45.90164599999999,11.475411499999998,1.8120330000000067,0.45300825000000167,11.92841975,legacy_v1_recovered
L-F,1,,377,4,89.82492,86.048235,21.51205875,0.248614,0.0621535,1.798982,0.4497455,88.095831,22.02395775,1.7290890000000019,0.43227225000000047,22.45623,legacy_v1_recovered
L-F,1,,378,4,49.014959,45.229507,11.30737675,0.217885,0.05447125,1.82988,0.45747,47.277272,11.819318,1.737686999999994,0.4344217499999985,12.25373975,legacy_v1_recovered
L-F,1,,379,4,51.048522,47.153309,11.78832725,0.302663,0.07566575,1.8906230000000002,0.47265575000000004,49.346595,12.33664875,1.7019269999999977,0.42548174999999944,12.7621305,legacy_v1_recovered
L-F,1,,380,4,15.283408,11.448811,2.86220275,0.257618,0.0644045,1.785135,0.44628375,13.491564,3.372891,1.7918439999999993,0.44796099999999983,3.820852,legacy_v1_recovered
L-F,1,,381,4,18.513863,14.830424,3.707606,0.179675,0.04491875,1.799185,0.44979625,16.809284,4.202321,1.704578999999999,0.42614474999999974,4.62846575,legacy_v1_recovered
L-F,1,,382,4,47.430149,43.63471800000001,10.908679500000002,0.250857,0.06271425,1.778497,0.44462425,45.66407200000001,11.416018000000003,1.7660769999999886,0.44151924999999714,11.85753725,legacy_v1_recovered
L-F,1,,383,4,13.897117,10.133528,2.533382,0.18908,0.04727,1.813044,0.453261,12.135652,3.033913,1.7614649999999994,0.44036624999999985,3.47427925,legacy_v1_recovered
L-F,1,,384,4,17.426648,13.650877000000001,3.4127192500000003,0.246087,0.06152175,1.818505,0.45462625,15.715469,3.92886725,1.7111789999999996,0.4277947499999999,4.356662,legacy_v1_recovered
L-F,1,,385,4,13.861601,10.073450000000001,2.5183625000000003,0.263456,0.065864,1.719867,0.42996675,12.056773000000002,3.0141932500000004,1.8048279999999988,0.4512069999999997,3.46540025,legacy_v1_recovered
L-F,1,,386,4,70.297165,66.452587,16.61314675,0.302263,0.07556575,1.735858,0.4339645,68.49070799999998,17.122676999999996,1.806457000000023,0.45161425000000577,17.57429125,legacy_v1_recovered
L-F,1,,387,4,136.236911,132.292169,33.07304225,0.289161,0.07229025,1.875472,0.468868,134.456802,33.6142005,1.7801089999999817,0.44502724999999543,34.05922775,legacy_v1_recovered
L-F,1,,388,4,45.755727,42.041165,10.51029125,0.219495,0.05487375,1.766779,0.44169475,44.027439,11.00685975,1.7282879999999992,0.4320719999999998,11.43893175,legacy_v1_recovered
L-F,1,,389,4,63.239193,59.412214999999996,14.853053749999999,0.252063,0.06301575,1.832663,0.45816575,61.49694099999999,15.374235249999998,1.7422520000000077,0.4355630000000019,15.80979825,legacy_v1_recovered
L-F,1,,390,4,15.819432,12.070665,3.01766625,0.216728,0.054182,1.80948,0.45237,14.096873,3.52421825,1.7225590000000004,0.4306397500000001,3.954858,legacy_v1_recovered
L-F,1,,391,4,61.55227,57.523118999999994,14.380779749999999,0.298924,0.074731,1.8822649999999999,0.47056624999999996,59.70430799999999,14.926076999999998,1.8479620000000097,0.4619905000000024,15.3880675,legacy_v1_recovered
L-F,1,,392,4,47.451437,43.687502,10.9218755,0.18562800000000002,0.046407000000000004,1.843078,0.4607695,45.716208,11.429052,1.7352289999999968,0.4338072499999992,11.86285925,legacy_v1_recovered
L-F,1,,393,4,48.468278,44.639867,11.15996675,0.275759,0.06893975,1.764788,0.441197,46.680414000000006,11.670103500000002,1.787863999999992,0.446965999999998,12.1170695,legacy_v1_recovered
L-F,1,,394,4,111.978399,108.190832,27.047708,0.188093,0.04702325,1.835987,0.45899675,110.214912,27.553728,1.7634869999999978,0.44087174999999945,27.99459975,legacy_v1_recovered
L-F,1,,395,4,38.761872,35.033361,8.75834025,0.24411,0.0610275,1.774523,0.44363075,37.051994,9.2629985,1.7098779999999962,0.42746949999999906,9.690468,legacy_v1_recovered
L-F,1,,396,4,45.340569,41.585977,10.39649425,0.24276899999999998,0.060692249999999996,1.803907,0.45097675,43.632653000000005,10.908163250000001,1.7079159999999973,0.42697899999999933,11.33514225,legacy_v1_recovered
L-F,1,,397,4,57.492108,53.632832,13.408208,0.293806,0.0734515,1.773749,0.44343725,55.700387,13.92509675,1.7917210000000026,0.44793025000000064,14.373027,legacy_v1_recovered
L-F,1,,398,4,17.386156,13.651678,3.4129195,0.253668,0.063417,1.7456230000000001,0.43640575000000004,15.650969,3.91274225,1.7351869999999998,0.43379674999999995,4.346539,legacy_v1_recovered
L-F,1,,399,4,27.926022,24.153285,6.03832125,0.25285,0.0632125,1.7287059999999999,0.43217649999999996,26.134840999999998,6.5337102499999995,1.7911810000000017,0.4477952500000004,6.9815055,legacy_v1_recovered
L-F,1,,400,4,15.832416,12.112773,3.02819325,0.212674,0.0531685,1.791623,0.44790575,14.11707,3.5292675,1.7153460000000003,0.42883650000000006,3.958104,legacy_v1_recovered
L-F,1,,401,4,33.025423,29.272507,7.31812675,0.194684,0.048671,1.801689,0.45042225,31.26888,7.81722,1.7565430000000042,0.43913575000000105,8.25635575,legacy_v1_recovered
L-F,1,,402,4,15.425061,11.620377999999999,2.9050944999999997,0.25513399999999997,0.06378349999999999,1.776363,0.44409075,13.651874999999999,3.4129687499999997,1.7731860000000008,0.4432965000000002,3.85626525,legacy_v1_recovered
L-F,1,,403,4,109.470167,105.631527,26.40788175,0.312742,0.0781855,1.792613,0.44815325,107.73688200000001,26.934220500000002,1.733284999999995,0.43332124999999877,27.36754175,legacy_v1_recovered
L-F,1,,404,4,18.620101,14.785786,3.6964465,0.26230200000000004,0.06557550000000001,1.824455,0.45611375,16.872543,4.21813575,1.747557999999998,0.4368894999999995,4.65502525,legacy_v1_recovered
L-F,1,,405,4,31.478335,27.591351000000003,6.897837750000001,0.287252,0.071813,1.786014,0.4465035,29.664617000000003,7.416154250000001,1.813717999999998,0.4534294999999995,7.86958375,legacy_v1_recovered
L-F,1,,406,4,17.137562,13.436684,3.359171,0.24204499999999998,0.060511249999999996,1.7455289999999999,0.43638224999999997,15.424257999999998,3.8560644999999996,1.7133040000000008,0.4283260000000002,4.2843905,legacy_v1_recovered
L-F,1,,407,4,17.138059,13.392894,3.3482235,0.245779,0.06144475,1.750076,0.437519,15.388749,3.84718725,1.7493099999999977,0.4373274999999994,4.28451475,legacy_v1_recovered
L-F,1,,408,4,31.515081,27.692314,6.9230785,0.251468,0.062867,1.763298,0.4408245,29.707079999999998,7.426769999999999,1.8080010000000009,0.4520002500000002,7.87877025,legacy_v1_recovered
L-F,1,,409,4,60.028377,56.140817000000006,14.035204250000001,0.275714,0.0689285,1.785836,0.446459,58.20236700000001,14.550591750000002,1.8260099999999895,0.45650249999999737,15.00709425,legacy_v1_recovered
L-F,1,,410,4,17.606536,13.920924,3.480231,0.214834,0.0537085,1.7615500000000002,0.44038750000000004,15.897307999999999,3.9743269999999997,1.7092279999999995,0.4273069999999999,4.401634,legacy_v1_recovered
L-F,1,,411,4,49.223379,45.466615,11.36665375,0.219971,0.05499275,1.791394,0.4478485,47.477979999999995,11.869494999999999,1.7453990000000061,0.43634975000000153,12.30584475,legacy_v1_recovered
L-F,1,,412,4,17.330441,13.60871,3.4021775,0.213897,0.05347425,1.763576,0.440894,15.586183,3.89654575,1.7442580000000003,0.4360645000000001,4.33261025,legacy_v1_recovered
L-F,1,,413,4,13.988438,10.082231,2.52055775,0.294412,0.073603,1.827591,0.45689775,12.204234,3.0510585,1.7842040000000008,0.4460510000000002,3.4971095,legacy_v1_recovered
L-F,1,,414,4,15.947418,12.221299,3.05532475,0.213133,0.05328325,1.802262,0.4505655,14.236694,3.5591735,1.7107240000000008,0.4276810000000002,3.9868545,legacy_v1_recovered
L-F,1,,415,4,18.435783,14.656728000000001,3.6641820000000003,0.29191,0.0729775,1.742763,0.43569075,16.691401,4.17285025,1.7443820000000017,0.4360955000000004,4.60894575,legacy_v1_recovered
L-F,1,,416,4,92.909718,89.102944,22.275736,0.33476,0.08369,1.78691,0.4467275,91.224614,22.8061535,1.6851039999999955,0.4212759999999989,23.2274295,legacy_v1_recovered
L-F,1,,417,4,43.505453,39.668673,9.91716825,0.28537999999999997,0.07134499999999999,1.7269830000000002,0.43174575000000004,41.681036,10.420259,1.824417000000004,0.456104250000001,10.87636325,legacy_v1_recovered
L-F,1,,418,4,13.947336,10.108516999999999,2.5271292499999998,0.287825,0.07195625,1.763861,0.44096525,12.160203,3.04005075,1.7871330000000007,0.4467832500000002,3.486834,legacy_v1_recovered
L-F,1,,419,4,13.84712,10.079623,2.51990575,0.253061,0.06326525,1.74858,0.437145,12.081264000000001,3.0203160000000002,1.7658559999999994,0.44146399999999986,3.46178,legacy_v1_recovered
L-F,1,,420,4,13.866246,10.058731,2.51468275,0.262577,0.06564425,1.748657,0.43716425,12.069965,3.01749125,1.7962810000000005,0.4490702500000001,3.4665615,legacy_v1_recovered
L-F,1,,421,4,87.638549,83.83633,20.9590825,0.190605,0.04765125,1.8583319999999999,0.46458299999999997,85.88526700000001,21.471316750000003,1.7532819999999845,0.4383204999999961,21.90963725,legacy_v1_recovered
L-F,1,,422,4,45.791967,42.047029,10.51175725,0.25064000000000003,0.06266000000000001,1.756346,0.4390865,44.054015,11.01350375,1.737952,0.434488,11.44799175,legacy_v1_recovered
L-F,1,,423,4,13.925585,10.103474,2.5258685,0.288893,0.07222325,1.754929,0.43873225,12.147296,3.036824,1.7782889999999991,0.4445722499999998,3.48139625,legacy_v1_recovered
L-F,1,,424,4,56.577274,52.772934,13.1932335,0.287684,0.071921,1.7274180000000001,0.43185450000000003,54.788036,13.697009,1.7892380000000045,0.44730950000000114,14.1443185,legacy_v1_recovered
L-F,1,,425,4,19.231218,15.624419,3.90610475,0.17362,0.043405,1.760259,0.44006475,17.558298,4.3895745,1.6729199999999977,0.41822999999999944,4.8078045,legacy_v1_recovered
L-F,1,,426,4,46.980294,43.173682,10.7934205,0.289778,0.0724445,1.720484,0.430121,45.183944,11.295986,1.7963500000000039,0.44908750000000097,11.7450735,legacy_v1_recovered
L-F,1,,427,4,13.907751,10.122534,2.5306335,0.250947,0.06273675,1.764458,0.4411145,12.137939,3.03448475,1.769812,0.442453,3.47693775,legacy_v1_recovered
L-F,1,,428,4,13.846237,10.071452,2.517863,0.252321,0.06308025,1.765749,0.44143725,12.089522,3.0223805,1.7567149999999998,0.43917874999999995,3.46155925,legacy_v1_recovered
L-F,1,,429,4,13.901076,10.086329,2.52158225,0.283655,0.07091375,1.753413,0.43835325,12.123396999999999,3.0308492499999997,1.777679000000001,0.4444197500000002,3.475269,legacy_v1_recovered
L-F,1,,430,4,17.269208,13.535296,3.383824,0.277134,0.0692835,1.709208,0.427302,15.521638000000001,3.8804095000000003,1.7475699999999978,0.43689249999999946,4.317302,legacy_v1_recovered
L-F,1,,431,4,17.108596,13.369257,3.34231425,0.245147,0.06128675,1.760647,0.44016175,15.375051,3.84376275,1.7335449999999994,0.43338624999999986,4.277149,legacy_v1_recovered
L-F,1,,432,4,46.098022,42.232153000000004,10.558038250000001,0.34730099999999997,0.08682524999999999,1.744678,0.4361695,44.324132000000006,11.081033000000001,1.7738899999999944,0.4434724999999986,11.5245055,legacy_v1_recovered
L-F,1,,433,4,61.7353,58.006017,14.50150425,0.216012,0.054003,1.805909,0.45147725,60.027938,15.0069845,1.7073620000000034,0.42684050000000084,15.433825,legacy_v1_recovered
L-F,1,,434,4,46.914418,43.136483,10.78412075,0.252511,0.06312775,1.77336,0.44334,45.16235399999999,11.290588499999998,1.7520640000000043,0.43801600000000107,11.7286045,legacy_v1_recovered
L-F,1,,435,4,48.977177,45.29495,11.3237375,0.182396,0.045599,1.80533,0.4513325,47.282675999999995,11.820668999999999,1.6945010000000025,0.4236252500000006,12.24429425,legacy_v1_recovered
L-F,1,,436,4,34.941362,31.148023000000002,7.7870057500000005,0.312691,0.07817275,1.745768,0.436442,33.206482,8.3016205,1.7348799999999969,0.4337199999999992,8.7353405,legacy_v1_recovered
L-F,1,,437,4,13.913686,10.100909,2.52522725,0.255283,0.06382075,1.794549,0.44863725,12.150741,3.03768525,1.7629450000000002,0.44073625000000005,3.4784215,legacy_v1_recovered
L-F,1,,438,4,46.108123,42.342612,10.585653,0.28795200000000004,0.07198800000000001,1.7667519999999999,0.44168799999999997,44.397316,11.099329,1.7108070000000026,0.42770175000000066,11.52703075,legacy_v1_recovered
L-F,1,,439,4,77.560173,73.78745,18.4468625,0.26604,0.06651,1.777973,0.44449325,75.83146300000001,18.957865750000003,1.7287099999999924,0.4321774999999981,19.39004325,legacy_v1_recovered
L-F,1,,440,4,31.455276,27.677679,6.91941975,0.252205,0.06305125,1.758928,0.439732,29.688812000000002,7.4222030000000006,1.7664639999999991,0.4416159999999998,7.863819,legacy_v1_recovered
L-F,1,,441,4,13.884628,10.081913,2.52047825,0.256183,0.06404575,1.768745,0.44218625,12.106841,3.02671025,1.777787,0.44444675,3.471157,legacy_v1_recovered
L-F,1,,442,4,19.310144,15.630691,3.90767275,0.2353,0.058825,1.7603499999999999,0.44008749999999996,17.626341,4.40658525,1.683803000000001,0.42095075000000026,4.827536,legacy_v1_recovered
L-F,1,,443,4,15.218709,11.397732,2.849433,0.285583,0.07139575,1.746888,0.436722,13.430203,3.35755075,1.788506,0.4471265,3.80467725,legacy_v1_recovered
L-F,1,,444,4,80.684954,76.998308,19.249577,0.217658,0.0544145,1.761093,0.44027325,78.977059,19.74426475,1.7078950000000077,0.42697375000000193,20.1712385,legacy_v1_recovered
L-F,1,,445,4,31.472801,27.72218,6.930545,0.25008800000000003,0.06252200000000001,1.71878,0.429695,29.691048000000002,7.4227620000000005,1.7817529999999984,0.4454382499999996,7.86820025,legacy_v1_recovered
L-F,1,,446,4,147.707515,143.863632,35.965908,0.269488,0.067372,1.791245,0.44781125,145.924365,36.48109125,1.7831500000000062,0.44578750000000156,36.92687875,legacy_v1_recovered
L-F,1,,447,4,63.287803,59.545062,14.8862655,0.29578,0.073945,1.711641,0.42791025,61.552483,15.38812075,1.7353199999999944,0.4338299999999986,15.82195075,legacy_v1_recovered
L-F,1,,448,4,18.68375,14.894074,3.7235185,0.319018,0.0797545,1.7235740000000002,0.43089350000000004,16.936666,4.2341665,1.747084000000001,0.43677100000000024,4.6709375,legacy_v1_recovered
L-F,1,,449,4,13.871016,10.07425,2.5185625,0.18447,0.0461175,1.878253,0.46956325,12.136972999999998,3.0342432499999994,1.7340430000000016,0.4335107500000004,3.467754,legacy_v1_recovered
L-F,1,,450,4,84.153567,80.36007799999999,20.090019499999997,0.231571,0.05789275,1.79716,0.44929,82.388809,20.59720225,1.7647580000000005,0.4411895000000001,21.03839175,legacy_v1_recovered
L-F,1,,451,4,102.239626,98.275125,24.56878125,0.369058,0.0922645,1.79939,0.4498475,100.443573,25.11089325,1.7960530000000006,0.44901325000000014,25.5599065,legacy_v1_recovered
L-F,1,,452,4,13.922843,10.156907,2.53922675,0.222771,0.05569275,1.7744550000000001,0.44361375000000003,12.154133,3.03853325,1.7687100000000004,0.4421775000000001,3.48071075,legacy_v1_recovered
L-F,1,,453,4,17.772935,14.042333000000001,3.5105832500000003,0.259703,0.06492575,1.7615830000000001,0.44039575000000003,16.063619000000003,4.015904750000001,1.7093159999999976,0.4273289999999994,4.44323375,legacy_v1_recovered
L-F,1,,454,4,60.895393,57.046232,14.261558,0.251938,0.0629845,1.8421699999999999,0.46054249999999997,59.14034000000001,14.785085000000002,1.7550529999999895,0.4387632499999974,15.22384825,legacy_v1_recovered
L-F,1,,455,4,41.993419,38.219076,9.554769,0.22157000000000002,0.055392500000000004,1.809525,0.45238125,40.250171,10.06254275,1.7432480000000012,0.4358120000000003,10.49835475,legacy_v1_recovered
L-F,1,,456,4,13.872028,10.050099,2.51252475,0.282687,0.07067175,1.763539,0.44088475,12.096324999999998,3.0240812499999996,1.7757030000000018,0.44392575000000045,3.468007,legacy_v1_recovered
L-F,1,,457,4,63.388898,59.602645,14.90066125,0.250938,0.0627345,1.757109,0.43927725,61.610692,15.402673,1.7782059999999973,0.4445514999999993,15.8472245,legacy_v1_recovered
L-F,1,,458,4,15.974412,12.135243,3.03381075,0.31056300000000003,0.07764075000000001,1.78787,0.4469675,14.233675999999999,3.5584189999999998,1.740736,0.435184,3.993603,legacy_v1_recovered
L-F,1,,459,4,18.72795,14.961314,3.7403285,0.257927,0.06448175,1.7725440000000001,0.44313600000000003,16.991785,4.24794625,1.7361649999999997,0.43404124999999993,4.6819875,legacy_v1_recovered
L-F,1,,460,4,15.837924,12.058494,3.0146235,0.273102,0.0682755,1.785541,0.44638525,14.117137,3.52928425,1.7207869999999996,0.4301967499999999,3.959481,legacy_v1_recovered
L-F,1,,461,4,63.484547,59.710498,14.9276245,0.28507,0.0712675,1.764433,0.44110825,61.760000999999995,15.440000249999999,1.7245460000000037,0.4311365000000009,15.87113675,legacy_v1_recovered
L-F,1,,462,4,18.528843,14.793744,3.698436,0.195701,0.04892525,1.835168,0.458792,16.824613,4.20615325,1.704229999999999,0.42605749999999976,4.63221075,legacy_v1_recovered
L-F,1,,463,4,13.974135,10.195332,2.548833,0.28416399999999997,0.07104099999999999,1.713703,0.42842575,12.193199000000002,3.0482997500000004,1.7809359999999987,0.4452339999999997,3.49353375,legacy_v1_recovered
L-F,1,,464,4,17.191064,13.424922,3.3562305,0.245036,0.061259,1.816898,0.4542245,15.486856000000001,3.8717140000000003,1.7042079999999995,0.4260519999999999,4.297766,legacy_v1_recovered
L-F,1,,465,4,13.90174,10.085427,2.52135675,0.283074,0.0707685,1.733302,0.4333255,12.101802999999999,3.0254507499999996,1.7999370000000017,0.4499842500000004,3.475435,legacy_v1_recovered
L-F,1,,466,4,46.107492,42.244098,10.5610245,0.329171,0.08229275,1.716759,0.42918975,44.29002800000001,11.072507000000002,1.817463999999994,0.4543659999999985,11.526873,legacy_v1_recovered
L-F,1,,467,4,87.690451,83.930625,20.98265625,0.273832,0.068458,1.733282,0.4333205,85.93773900000001,21.484434750000002,1.7527119999999883,0.43817799999999707,21.92261275,legacy_v1_recovered
L-F,1,,468,4,17.236581,13.442021,3.36050525,0.212238,0.0530595,1.879946,0.4699865,15.534205,3.88355125,1.702376000000001,0.42559400000000025,4.30914525,legacy_v1_recovered
L-F,1,,469,4,88.043699,84.180259,21.04506475,0.299661,0.07491525,1.773773,0.44344325,86.25369300000001,21.563423250000003,1.790005999999991,0.4475014999999978,22.01092475,legacy_v1_recovered
L-F,1,,470,4,13.850762,10.045328,2.511332,0.249371,0.06234275,1.787195,0.44679875,12.081894,3.0204735,1.7688679999999994,0.44221699999999986,3.4626905,legacy_v1_recovered
L-F,1,,471,4,17.483784,13.710758,3.4276895,0.240088,0.060022,1.81116,0.45279,15.762006,3.9405015,1.7217780000000005,0.4304445000000001,4.370946,legacy_v1_recovered
L-F,1,,472,4,110.955622,107.002932,26.750733,0.323858,0.0809645,1.817136,0.454284,109.14392600000001,27.285981500000002,1.8116959999999978,0.45292399999999944,27.7389055,legacy_v1_recovered
L-F,1,,473,4,13.919132,10.08219,2.5205475,0.251184,0.062796,1.759892,0.439973,12.093266000000002,3.0233165000000004,1.8258659999999978,0.45646649999999944,3.479783,legacy_v1_recovered
L-F,1,,474,4,34.9808,31.168472,7.792118,0.274389,0.06859725,1.743925,0.43598125,33.186786,8.2966965,1.7940140000000042,0.44850350000000105,8.7452,legacy_v1_recovered
L-F,1,,475,4,18.971304,15.29032,3.82258,0.239861,0.05996525,1.773975,0.44349375,17.304156,4.326039,1.667148000000001,0.41678700000000024,4.742826,legacy_v1_recovered
L-F,1,,476,4,81.245502,77.457833,19.36445825,0.303802,0.0759505,1.7683689999999999,0.44209224999999996,79.53000399999999,19.882500999999998,1.7154980000000108,0.4288745000000027,20.3113755,legacy_v1_recovered
L-F,1,,477,4,45.670048,41.789251,10.44731275,0.323108,0.080777,1.754521,0.43863025,43.866879999999995,10.966719999999999,1.8031680000000065,0.45079200000000164,11.417512,legacy_v1_recovered
L-F,1,,478,4,17.260177,13.464548,3.366137,0.281986,0.0704965,1.797113,0.44927825,15.543647,3.88591175,1.7165299999999988,0.4291324999999997,4.31504425,legacy_v1_recovered
L-F,1,,479,4,71.907958,68.1172,17.0293,0.253288,0.063322,1.740465,0.43511625,70.110953,17.52773825,1.7970049999999986,0.44925124999999966,17.9769895,legacy_v1_recovered
L-F,1,,480,4,13.905036,10.124074,2.5310185,0.252254,0.0630635,1.74867,0.4371675,12.124998000000001,3.0312495000000004,1.7800379999999993,0.44500949999999984,3.476259,legacy_v1_recovered
L-F,1,,481,4,20.52534,16.824986,4.2062465,0.26740600000000003,0.06685150000000001,1.768424,0.442106,18.860816,4.715204,1.6645240000000001,0.41613100000000003,5.131335,legacy_v1_recovered
L-F,1,,482,4,17.04453,13.293147999999999,3.3232869999999997,0.24133,0.0603325,1.808886,0.4522215,15.343363999999998,3.8358409999999994,1.7011660000000042,0.42529150000000104,4.2611325,legacy_v1_recovered
L-F,1,,483,4,16.973913,13.280129,3.32003225,0.253345,0.06333625,1.74246,0.435615,15.275934,3.8189835,1.6979790000000001,0.42449475000000003,4.24347825,legacy_v1_recovered
L-F,1,,484,4,15.747789,12.008248,3.002062,0.272613,0.06815325,1.763832,0.440958,14.044693,3.51117325,1.7030959999999986,0.42577399999999965,3.93694725,legacy_v1_recovered
L-F,1,,485,4,48.813382,45.119646,11.2799115,0.216508,0.054127,1.762791,0.44069775,47.098945,11.77473625,1.7144369999999967,0.42860924999999916,12.2033455,legacy_v1_recovered
L-F,1,,486,4,29.34772,25.599528,6.399882,0.22304600000000002,0.055761500000000006,1.7583929999999999,0.43959824999999997,27.580967,6.89524175,1.7667529999999978,0.44168824999999945,7.33693,legacy_v1_recovered
L-F,1,,487,4,13.884048,10.065836000000001,2.5164590000000002,0.252678,0.0631695,1.772405,0.44310125,12.090919,3.02272975,1.7931290000000004,0.4482822500000001,3.471012,legacy_v1_recovered
L-F,1,,488,4,77.372899,73.563534,18.3908835,0.22753099999999998,0.056882749999999996,1.7995130000000001,0.44987825000000004,75.59057800000001,18.897644500000002,1.782320999999996,0.445580249999999,19.34322475,legacy_v1_recovered
L-F,1,,489,4,17.695038,13.964369,3.49109225,0.247205,0.06180125,1.784228,0.446057,15.995802,3.9989505,1.6992360000000009,0.4248090000000002,4.4237595,legacy_v1_recovered
L-F,1,,490,4,63.607799,59.853232,14.963308,0.225521,0.05638025,1.795779,0.44894475,61.874532,15.468633,1.733266999999998,0.4333167499999995,15.90194975,legacy_v1_recovered
L-F,1,,491,4,13.856364,10.082167,2.52054175,0.255132,0.063783,1.7569720000000002,0.43924300000000005,12.094270999999999,3.0235677499999998,1.7620930000000001,0.44052325000000003,3.464091,legacy_v1_recovered
L-F,1,,492,4,73.683238,69.857195,17.46429875,0.255701,0.06392525,1.7965900000000001,0.44914750000000003,71.909486,17.9773715,1.7737520000000018,0.44343800000000044,18.4208095,legacy_v1_recovered
L-F,1,,493,4,51.076555,47.359152,11.839788,0.265127,0.06628175,1.760386,0.4400965,49.384665,12.34616625,1.6918900000000008,0.4229725000000002,12.76913875,legacy_v1_recovered
L-F,1,,494,4,119.042793,115.192295,28.79807375,0.299847,0.07496175,1.7573590000000001,0.43933975000000003,117.249501,29.31237525,1.793292000000008,0.448323000000002,29.76069825,legacy_v1_recovered
L-F,1,,495,4,63.305619,59.577982999999996,14.894495749999999,0.207758,0.0519395,1.8241100000000001,0.45602750000000003,61.60985099999999,15.402462749999998,1.6957680000000082,0.42394200000000204,15.82640475,legacy_v1_recovered
L-F,1,,496,4,45.54634,41.761084000000004,10.440271000000001,0.251594,0.0628985,1.758013,0.43950325,43.770691,10.94267275,1.7756490000000014,0.44391225000000034,11.386585,legacy_v1_recovered
L-F,1,,497,4,35.25384,31.51395,7.8784875,0.24629600000000001,0.061574000000000004,1.755843,0.43896075,33.516089,8.37902225,1.7377509999999958,0.43443774999999896,8.81346,legacy_v1_recovered
L-F,1,,498,4,17.445187,13.604683999999999,3.4011709999999997,0.281743,0.07043575,1.820669,0.45516725,15.707096,3.926774,1.7380910000000007,0.4345227500000002,4.36129675,legacy_v1_recovered
L-F,1,,499,4,90.227841,86.411082,21.6027705,0.244682,0.0611705,1.872559,0.46813975,88.52832299999999,22.132080749999997,1.6995180000000119,0.42487950000000296,22.55696025,legacy_v1_recovered
L-F,1,,500,4,34.771295,31.001095,7.75027375,0.280037,0.07000925,1.75308,0.43827,33.034212,8.258553,1.7370830000000055,0.43427075000000137,8.69282375,legacy_v1_recovered
L-F,1,,501,4,52.253914,48.543727,12.13593175,0.246724,0.061681,1.7973569999999999,0.44933924999999997,50.587807999999995,12.646951999999999,1.6661060000000063,0.4165265000000016,13.0634785,legacy_v1_recovered
L-F,1,,502,4,45.295449,41.570435,10.39260875,0.279217,0.06980425,1.69993,0.4249825,43.54958200000001,10.887395500000002,1.7458669999999898,0.43646674999999746,11.32386225,legacy_v1_recovered
L-F,1,,503,4,18.802006,15.125805,3.78145125,0.233178,0.0582945,1.764967,0.44124175,17.12395,4.2809875,1.678055999999998,0.4195139999999995,4.7005015,legacy_v1_recovered
L-F,1,,504,4,18.388309,14.677201,3.66930025,0.213062,0.0532655,1.812204,0.453051,16.702467000000002,4.1756167500000005,1.6858419999999974,0.42146049999999935,4.59707725,legacy_v1_recovered
L-F,1,,505,4,45.216564,41.503134,10.3757835,0.219664,0.054916,1.7488489999999999,0.43721224999999997,43.471647000000004,10.867911750000001,1.7449169999999938,0.43622924999999846,11.304141,legacy_v1_recovered
L-F,1,,506,4,59.67569,55.796859,13.94921475,0.32801800000000003,0.08200450000000001,1.74097,0.4352425,57.865846999999995,14.466461749999999,1.8098430000000079,0.45246075000000197,14.9189225,legacy_v1_recovered
L-F,1,,507,4,49.033164,45.16192,11.29048,0.282268,0.070567,1.858092,0.464523,47.30228,11.82557,1.730883999999996,0.432720999999999,12.258291,legacy_v1_recovered
L-F,1,,508,4,49.234773,45.408907,11.35222675,0.284751,0.07118775,1.796518,0.4491295,47.490176,11.872544,1.7445969999999988,0.4361492499999997,12.30869325,legacy_v1_recovered
L-F,1,,509,4,32.371116,28.637266999999998,7.1593167499999995,0.249459,0.06236475,1.747728,0.436932,30.634453999999998,7.6586134999999995,1.7366620000000026,0.43416550000000065,8.092779,legacy_v1_recovered
L-F,1,,510,4,51.531273,47.662017999999996,11.915504499999999,0.3063,0.076575,1.8265950000000002,0.45664875000000005,49.794912999999994,12.448728249999998,1.7363600000000048,0.4340900000000012,12.88281825,legacy_v1_recovered
L-F,1,,511,4,15.329492,11.533697,2.88342425,0.253451,0.06336275,1.755054,0.4387635,13.542202,3.3855505,1.7872900000000005,0.4468225000000001,3.832373,legacy_v1_recovered
L-F,1,,512,4,13.947036,10.12721,2.5318025,0.251067,0.06276675,1.812578,0.4531445,12.190855,3.04771375,1.7561809999999998,0.43904524999999994,3.486759,legacy_v1_recovered
L-F,1,,513,4,56.278354,52.436931,13.10923275,0.265226,0.0663065,1.809361,0.45234025,54.511518,13.6278795,1.7668359999999979,0.44170899999999946,14.0695885,legacy_v1_recovered
L-F,1,,514,4,16.090732,12.364751,3.09118775,0.24351699999999998,0.060879249999999996,1.7788110000000001,0.44470275000000004,14.387079,3.59676975,1.7036529999999992,0.4259132499999998,4.022683,legacy_v1_recovered
L-F,1,,515,4,36.057522,32.308094000000004,8.077023500000001,0.25277,0.0631925,1.763188,0.440797,34.324052,8.581013,1.733469999999997,0.43336749999999924,9.0143805,legacy_v1_recovered
L-F,1,,516,4,48.78489,44.999168999999995,11.249792249999999,0.250329,0.06258225,1.831946,0.4579865,47.081444,11.770361,1.7034459999999996,0.4258614999999999,12.1962225,legacy_v1_recovered
L-F,1,,517,4,28.163033,24.323394,6.0808485,0.330363,0.08259075,1.714836,0.428709,26.368592999999997,6.592148249999999,1.7944400000000016,0.4486100000000004,7.04075825,legacy_v1_recovered
L-F,1,,518,4,59.554428,55.795955,13.94898875,0.219281,0.05482025,1.798804,0.449701,57.81404,14.45351,1.740388000000003,0.43509700000000073,14.888607,legacy_v1_recovered
L-F,1,,519,4,17.398579,13.694087,3.42352175,0.24052,0.06013,1.76035,0.4400875,15.694957,3.92373925,1.703622000000001,0.42590550000000027,4.34964475,legacy_v1_recovered
L-F,1,,520,4,48.806192,45.071352999999995,11.267838249999999,0.261215,0.06530375,1.751562,0.4378905,47.084129999999995,11.771032499999999,1.7220620000000082,0.43051550000000205,12.201548,legacy_v1_recovered
L-F,1,,521,4,17.408911,13.639717,3.40992925,0.294406,0.0736015,1.714568,0.428642,15.648691,3.91217275,1.7602200000000003,0.4400550000000001,4.35222775,legacy_v1_recovered
L-F,1,,522,4,17.250473,13.468239,3.36705975,0.244992,0.061248,1.8021120000000002,0.45052800000000004,15.515343000000001,3.8788357500000004,1.735129999999998,0.4337824999999995,4.31261825,legacy_v1_recovered
L-F,1,,523,4,59.767846,55.895936999999996,13.973984249999999,0.25958,0.064895,1.7668,0.4417,57.92231699999999,14.480579249999998,1.8455290000000062,0.46138225000000155,14.9419615,legacy_v1_recovered
L-F,1,,524,4,44.200749,40.430941,10.10773525,0.256002,0.0640005,1.758218,0.4395545,42.445161,10.61129025,1.755588000000003,0.43889700000000076,11.05018725,legacy_v1_recovered
L-F,1,,525,4,15.32538,11.49869,2.8746725,0.28651,0.0716275,1.741601,0.43540025,13.526800999999999,3.3817002499999997,1.7985790000000001,0.44964475000000004,3.831345,legacy_v1_recovered
L-F,1,,526,4,17.306655,13.539255,3.38481375,0.253244,0.063311,1.751347,0.43783675,15.543846000000002,3.8859615000000005,1.7628089999999972,0.4407022499999993,4.32666375,legacy_v1_recovered
L-F,1,,527,4,33.613757,29.828499,7.45712475,0.27520100000000003,0.06880025000000001,1.767564,0.441891,31.871264,7.967816,1.7424929999999996,0.4356232499999999,8.40343925,legacy_v1_recovered
L-F,1,,528,4,66.509748,62.758383,15.68959575,0.24476499999999998,0.061191249999999996,1.775356,0.443839,64.778504,16.194626,1.7312440000000038,0.43281100000000094,16.627437,legacy_v1_recovered
L-F,1,,529,4,13.90397,10.099838,2.5249595,0.285518,0.0713795,1.724614,0.4311535,12.10997,3.0274925,1.7939999999999987,0.4484999999999997,3.4759925,legacy_v1_recovered
L-F,1,,530,4,59.568683,55.781028,13.945257,0.255424,0.063856,1.77396,0.44349,57.810412,14.452603,1.7582710000000006,0.43956775000000015,14.89217075,legacy_v1_recovered
L-F,1,,531,4,16.128924,12.329031,3.08225775,0.284698,0.0711745,1.787452,0.446863,14.401181000000001,3.6002952500000003,1.7277430000000003,0.43193575000000006,4.032231,legacy_v1_recovered
L-F,1,,532,4,201.56205,197.788725,49.44718125,0.26184799999999997,0.06546199999999999,1.7616930000000002,0.44042325000000004,199.812266,49.9530665,1.7497840000000053,0.43744600000000133,50.3905125,legacy_v1_recovered
L-F,1,,533,4,16.056015,12.375803,3.09395075,0.18804,0.04701,1.803426,0.4508565,14.367269,3.59181725,1.6887459999999983,0.4221864999999996,4.01400375,legacy_v1_recovered
L-F,1,,534,4,31.953225,27.794527,6.94863175,0.300398,0.0750995,2.092041,0.52301025,30.186965999999998,7.5467414999999995,1.7662590000000016,0.4415647500000004,7.98830625,legacy_v1_recovered
L-F,1,,535,4,35.335053,31.561703,7.89042575,0.216581,0.05414525,1.82243,0.4556075,33.600714,8.4001785,1.7343389999999985,0.43358474999999963,8.83376325,legacy_v1_recovered
L-F,1,,536,4,14.000427,10.246763999999999,2.5616909999999997,0.234751,0.05868775,1.761486,0.4403715,12.243000999999998,3.0607502499999995,1.7574260000000024,0.4393565000000006,3.50010675,legacy_v1_recovered
L-F,1,,537,4,35.393942,31.678993000000002,7.9197482500000005,0.214405,0.05360125,1.800611,0.45015275,33.694009,8.42350225,1.6999330000000015,0.42498325000000037,8.8484855,legacy_v1_recovered
L-F,1,,538,4,15.588794,11.910618,2.9776545,0.207636,0.051909,1.762451,0.44061275,13.880705,3.47017625,1.7080889999999993,0.4270222499999998,3.8971985,legacy_v1_recovered
L-F,1,,539,4,60.35374,56.548118,14.1370295,0.265631,0.06640775,1.778562,0.4446405,58.592311,14.64807775,1.7614289999999997,0.4403572499999999,15.088435,legacy_v1_recovered
L-F,1,,540,4,61.765371,57.853564000000006,14.463391000000001,0.259698,0.0649245,1.801623,0.45040575,59.914885000000005,14.978721250000001,1.8504859999999965,0.46262149999999913,15.44134275,legacy_v1_recovered
L-F,1,,541,4,77.389935,73.655781,18.41394525,0.26199,0.0654975,1.7535,0.438375,75.671271,18.91781775,1.7186639999999898,0.42966599999999744,19.34748375,legacy_v1_recovered
L-F,1,,542,4,105.2817,101.520555,25.38013875,0.22325,0.0558125,1.755434,0.4388585,103.49923899999999,25.874809749999997,1.782461000000012,0.445615250000003,26.320425,legacy_v1_recovered
L-F,1,,543,4,16.092575,12.335112,3.083778,0.21257600000000001,0.053144000000000004,1.858317,0.46457925,14.406005,3.60150125,1.6865699999999997,0.4216424999999999,4.02314375,legacy_v1_recovered
L-F,1,,544,4,18.423872,14.74437,3.6860925,0.207097,0.05177425,1.794754,0.4486885,16.746221,4.18655525,1.677651000000001,0.4194127500000002,4.605968,legacy_v1_recovered
L-F,1,,545,4,62.876395,59.039592999999996,14.759898249999999,0.29901700000000003,0.07475425000000001,1.7659880000000001,0.44149700000000003,61.104597999999996,15.276149499999999,1.7717970000000065,0.4429492500000016,15.71909875,legacy_v1_recovered
L-F,1,,546,4,76.142791,72.416162,18.1040405,0.24423,0.0610575,1.765817,0.44145425,74.426209,18.60655225,1.7165820000000025,0.4291455000000006,19.03569775,legacy_v1_recovered
L-F,1,,547,4,49.311568,45.383317,11.34582925,0.284629,0.07115725,1.881197,0.47029925,47.549143,11.88728575,1.7624250000000004,0.4406062500000001,12.327892,legacy_v1_recovered
L-F,1,,548,4,18.744557,14.921778,3.7304445,0.27954,0.069885,1.833141,0.45828525,17.034459000000002,4.2586147500000004,1.7100979999999986,0.42752449999999964,4.68613925,legacy_v1_recovered
L-F,1,,549,4,45.675977,41.852839,10.46320975,0.252328,0.063082,1.776774,0.4441935,43.881941000000005,10.970485250000001,1.7940359999999984,0.4485089999999996,11.41899425,legacy_v1_recovered
L-F,1,,550,4,19.408451,15.759903,3.93997575,0.20389,0.0509725,1.800258,0.4500645,17.764051,4.44101275,1.644400000000001,0.41110000000000024,4.85211275,legacy_v1_recovered
L-F,1,,551,4,15.156741,11.433826999999999,2.8584567499999998,0.188037,0.04700925,1.772549,0.44313725,13.394412999999998,3.3486032499999996,1.762328000000002,0.4405820000000005,3.78918525,legacy_v1_recovered
L-F,1,,552,4,113.796894,109.916309,27.47907725,0.300235,0.07505875,1.773495,0.44337375,111.990039,27.99750975,1.8068549999999988,0.4517137499999997,28.4492235,legacy_v1_recovered
L-F,1,,553,4,15.83856,12.080643,3.02016075,0.243208,0.060802,1.794384,0.448596,14.118234999999999,3.5295587499999996,1.7203250000000008,0.4300812500000002,3.95964,legacy_v1_recovered
L-F,1,,554,4,32.907834,29.140715,7.28517875,0.22132000000000002,0.055330000000000004,1.762942,0.4407355,31.124976999999998,7.781244249999999,1.7828570000000035,0.44571425000000087,8.2269585,legacy_v1_recovered
L-F,1,,555,4,15.773119,12.001505,3.00037625,0.298095,0.07452375,1.734396,0.433599,14.033996,3.508499,1.7391229999999993,0.4347807499999998,3.94327975,legacy_v1_recovered
L-F,1,,556,4,17.161606,13.482349000000001,3.3705872500000003,0.21332800000000002,0.053332000000000004,1.750871,0.43771775,15.446548000000002,3.8616370000000004,1.7150579999999973,0.4287644999999993,4.2904015,legacy_v1_recovered
L-F,1,,557,4,20.360456,16.609735,4.15243375,0.265,0.06625,1.819224,0.454806,18.693959,4.67348975,1.6664969999999997,0.4166242499999999,5.090114,legacy_v1_recovered
L-F,1,,558,4,42.201038,38.414535,9.60363375,0.254531,0.06363275,1.7520099999999998,0.43800249999999996,40.421076,10.105269,1.7799619999999976,0.4449904999999994,10.5502595,legacy_v1_recovered
L-F,1,,559,4,65.306263,61.573837,15.39345925,0.249805,0.06245125,1.739966,0.4349915,63.563608,15.890902,1.7426549999999992,0.4356637499999998,16.32656575,legacy_v1_recovered
L-F,1,,560,4,61.067744,57.279654,14.3199135,0.263918,0.0659795,1.790151,0.44753775,59.333723,14.83343075,1.7340209999999985,0.4335052499999996,15.266936,legacy_v1_recovered
L-F,1,,561,4,115.663233,111.885504,27.971376,0.250029,0.06250725,1.74945,0.4373625,113.88498299999999,28.471245749999998,1.778250000000014,0.4445625000000035,28.91580825,legacy_v1_recovered
L-F,1,,562,4,98.237623,94.50491699999999,23.626229249999998,0.228625,0.05715625,1.7781449999999999,0.44453624999999997,96.51168699999998,24.127921749999995,1.7259360000000186,0.43148400000000464,24.55940575,legacy_v1_recovered
L-F,1,,563,4,13.869496,10.033549,2.50838725,0.32454700000000003,0.08113675000000001,1.716824,0.429206,12.074920000000002,3.0187300000000006,1.7945759999999975,0.4486439999999994,3.467374,legacy_v1_recovered
L-F,1,,564,4,119.325816,115.508022,28.8770055,0.259171,0.06479275,1.779355,0.44483875,117.54654799999999,29.386636999999997,1.779268000000016,0.444817000000004,29.831454,legacy_v1_recovered
L-F,1,,565,4,50.712863,46.887246,11.7218115,0.292196,0.073049,1.8124850000000001,0.45312125000000003,48.991927,12.24798175,1.7209360000000018,0.43023400000000045,12.67821575,legacy_v1_recovered
L-F,1,,566,4,61.508073,57.79479,14.4486975,0.19117299999999998,0.047793249999999995,1.77461,0.4436525,59.760573,14.94014325,1.7475000000000023,0.43687500000000057,15.37701825,legacy_v1_recovered
L-F,1,,567,4,59.608109,55.800776,13.950194,0.235285,0.05882125,1.806342,0.4515855,57.842403,14.46060075,1.7657060000000016,0.4414265000000004,14.90202725,legacy_v1_recovered
L-F,1,,568,4,13.920823,10.115589,2.52889725,0.22068,0.05517,1.812055,0.45301375,12.148323999999999,3.0370809999999997,1.7724990000000016,0.4431247500000004,3.48020575,legacy_v1_recovered
L-F,1,,569,4,19.477898,15.760684,3.940171,0.270234,0.0675585,1.773294,0.4433235,17.804212,4.451053,1.673686,0.4184215,4.8694745,legacy_v1_recovered
L-F,1,,570,4,51.184719,47.340981,11.83524525,0.223296,0.055824,1.806867,0.45171675,49.371143999999994,12.342785999999998,1.8135750000000073,0.4533937500000018,12.79617975,legacy_v1_recovered
L-F,1,,571,4,45.787513,41.885616000000006,10.471404000000001,0.337545,0.08438625,1.7298149999999999,0.43245374999999997,43.95297600000001,10.988244000000002,1.8345369999999903,0.4586342499999976,11.44687825,legacy_v1_recovered
L-F,1,,572,4,56.199185,52.399231,13.09980775,0.253349,0.06333725,1.756284,0.439071,54.408864,13.602216,1.7903209999999987,0.4475802499999997,14.04979625,legacy_v1_recovered
L-F,1,,573,4,57.691184,53.817097000000004,13.454274250000001,0.324336,0.081084,1.752365,0.43809125,55.893798000000004,13.973449500000001,1.797385999999996,0.449346499999999,14.422796,legacy_v1_recovered
L-F,1,,574,4,35.226914,31.52623,7.8815575,0.210826,0.0527065,1.79459,0.4486475,33.531646,8.3829115,1.6952679999999987,0.42381699999999967,8.8067285,legacy_v1_recovered
L-F,1,,575,4,17.306083,13.472135999999999,3.3680339999999998,0.25672,0.06418,1.807731,0.45193275,15.536586999999999,3.8841467499999998,1.769496000000002,0.4423740000000005,4.32652075,legacy_v1_recovered
L-F,1,,576,4,28.089388,24.368777,6.09219425,0.220711,0.05517775,1.739188,0.434797,26.328676,6.582169,1.760711999999998,0.4401779999999995,7.022347,legacy_v1_recovered
L-F,1,,577,4,49.596696,45.739178,11.4347945,0.26642299999999997,0.06660574999999999,1.799715,0.44992875,47.805316000000005,11.951329000000001,1.7913799999999966,0.44784499999999916,12.399174,legacy_v1_recovered
L-F,1,,578,4,186.12462,182.17663,45.5441575,0.268552,0.067138,1.854793,0.46369825,184.299975,46.07499375,1.8246450000000038,0.45616125000000096,46.531155,legacy_v1_recovered
L-F,1,,579,4,17.737327,14.027247,3.50681175,0.182221,0.04555525,1.8113329999999999,0.45283324999999996,16.020801,4.00520025,1.7165260000000018,0.42913150000000044,4.43433175,legacy_v1_recovered
L-F,1,,580,4,48.870696,45.143361999999996,11.285840499999999,0.221146,0.0552865,1.792342,0.4480855,47.15684999999999,11.789212499999998,1.7138460000000109,0.4284615000000027,12.217674,legacy_v1_recovered
L-F,1,,581,4,48.154976,44.350643999999996,11.087660999999999,0.283635,0.07090875,1.772338,0.4430845,46.40661699999999,11.601654249999998,1.7483590000000078,0.43708975000000194,12.038744,legacy_v1_recovered
L-F,1,,582,4,19.187173,15.517926000000001,3.8794815000000002,0.238334,0.0595835,1.737565,0.43439125,17.493825,4.37345625,1.6933480000000003,0.4233370000000001,4.79679325,legacy_v1_recovered
L-F,1,,583,4,18.371701,14.615009,3.65375225,0.282504,0.070626,1.728066,0.4320165,16.625579000000002,4.1563947500000005,1.7461219999999997,0.43653049999999993,4.59292525,legacy_v1_recovered
L-F,1,,584,4,34.625367,30.874305,7.71857625,0.282488,0.070622,1.7428109999999999,0.43570274999999997,32.899604000000004,8.224901000000001,1.7257629999999935,0.4314407499999984,8.65634175,legacy_v1_recovered
L-F,1,,585,4,43.39492,39.59464,9.89866,0.254622,0.0636555,1.735628,0.433907,41.584889999999994,10.396222499999999,1.8100300000000047,0.4525075000000012,10.84873,legacy_v1_recovered
L-F,1,,586,4,36.67328,32.975299,8.24382475,0.24601,0.0615025,1.788423,0.44710575,35.009732,8.752433,1.6635479999999987,0.4158869999999997,9.16832,legacy_v1_recovered
L-F,1,,587,4,17.155734,13.437517,3.35937925,0.248196,0.062049,1.743001,0.43575025,15.428714,3.8571785,1.7270199999999996,0.4317549999999999,4.2889335,legacy_v1_recovered
L-F,1,,588,4,17.126189,13.415394,3.3538485,0.241383,0.06034575,1.75284,0.43821,15.409617,3.85240425,1.7165719999999993,0.42914299999999983,4.28154725,legacy_v1_recovered
L-F,1,,589,4,60.633454,56.858757,14.21468925,0.22385,0.0559625,1.769263,0.44231575,58.85187,14.7129675,1.7815840000000023,0.44539600000000057,15.1583635,legacy_v1_recovered
L-F,1,,590,4,91.185448,87.431247,21.85781175,0.218804,0.054701,1.80946,0.452365,89.459511,22.36487775,1.7259369999999876,0.4314842499999969,22.796362,legacy_v1_recovered
L-F,1,,591,4,94.383718,90.711248,22.677812,0.238822,0.0597055,1.776207,0.44405175,92.726277,23.18156925,1.6574410000000057,0.41436025000000143,23.5959295,legacy_v1_recovered
L-F,1,,592,4,13.882923,10.106035,2.52650875,0.249624,0.062406,1.70145,0.4253625,12.057109,3.01427725,1.8258139999999994,0.45645349999999985,3.47073075,legacy_v1_recovered
L-F,1,,593,4,17.26869,13.545266,3.3863165,0.212115,0.05302875,1.79386,0.448465,15.551241000000001,3.8878102500000002,1.7174489999999984,0.4293622499999996,4.3171725,legacy_v1_recovered
L-F,1,,594,4,59.75212,55.93863,13.9846575,0.28813500000000003,0.07203375000000001,1.730775,0.43269375,57.95754,14.489385,1.7945799999999963,0.4486449999999991,14.93803,legacy_v1_recovered
L-F,1,,595,4,87.65428,83.946949,20.98673725,0.196439,0.04910975,1.763717,0.44092925,85.907105,21.47677625,1.7471749999999986,0.43679374999999965,21.91357,legacy_v1_recovered
L-F,1,,596,4,120.205737,116.394959,29.09873975,0.26230200000000004,0.06557550000000001,1.753228,0.438307,118.41048900000001,29.602622250000003,1.7952479999999866,0.44881199999999666,30.05143425,legacy_v1_recovered
L-F,1,,597,4,49.300018,45.498034000000004,11.374508500000001,0.302259,0.07556475,1.737933,0.43448325,47.538226,11.8845565,1.7617919999999998,0.44044799999999995,12.3250045,legacy_v1_recovered
L-F,1,,598,4,17.509837,13.716191,3.42904775,0.260158,0.0650395,1.814091,0.45352275,15.79044,3.94761,1.7193970000000007,0.4298492500000002,4.37745925,legacy_v1_recovered
L-F,1,,599,4,34.75487,31.045883,7.76147075,0.249305,0.06232625,1.734043,0.43351075,33.029231,8.25730775,1.725638999999994,0.4314097499999985,8.6887175,legacy_v1_recovered
L-F,1,,600,4,48.788399,45.103750000000005,11.275937500000001,0.180538,0.0451345,1.777173,0.44429325,47.061461,11.76536525,1.726937999999997,0.43173449999999924,12.19709975,legacy_v1_recovered
L-F,1,,601,4,13.904336,10.082343,2.52058575,0.227721,0.05693025,1.842558,0.4606395,12.152622000000001,3.0381555000000002,1.7517139999999998,0.43792849999999994,3.476084,legacy_v1_recovered
L-F,1,,602,4,34.949503,31.16559,7.7913975,0.281108,0.070277,1.770679,0.44266975,33.217377,8.30434425,1.732126000000001,0.43303150000000024,8.73737575,legacy_v1_recovered
L-F,1,,603,4,14.149653,10.214529,2.55363225,0.286685,0.07167125,1.8360809999999999,0.45902024999999996,12.337295000000001,3.0843237500000003,1.8123579999999997,0.4530894999999999,3.53741325,legacy_v1_recovered
L-F,1,,604,4,47.58196,43.906547,10.97663675,0.18035600000000002,0.045089000000000004,1.7877129999999999,0.44692824999999997,45.874616,11.468654,1.707343999999999,0.42683599999999977,11.89549,legacy_v1_recovered
L-F,1,,605,4,46.497326,42.796003,10.69900075,0.21066600000000002,0.052666500000000005,1.79511,0.4487775,44.801779,11.20044475,1.6955469999999977,0.4238867499999994,11.6243315,legacy_v1_recovered
L-F,1,,606,4,34.604655,30.857101,7.71427525,0.28397500000000003,0.07099375000000001,1.70829,0.4270725,32.849366,8.2123415,1.7552889999999977,0.4388222499999994,8.65116375,legacy_v1_recovered
L-F,1,,607,4,19.32509,15.544013,3.88600325,0.27100599999999997,0.06775149999999999,1.777172,0.444293,17.592191,4.39804775,1.7328989999999997,0.43322474999999994,4.8312725,legacy_v1_recovered
L-F,1,,608,4,50.125103,46.381856,11.595464,0.279741,0.06993525,1.73997,0.4349925,48.401567,12.10039175,1.7235360000000028,0.4308840000000007,12.53127575,legacy_v1_recovered
L-F,1,,609,4,15.453146,11.578726,2.8946815,0.286294,0.0715735,1.818257,0.45456425,13.683277,3.42081925,1.769869,0.44246725,3.8632865,legacy_v1_recovered
L-F,1,,610,4,17.589485,13.804726,3.4511815,0.271874,0.0679685,1.849088,0.462272,15.925688000000001,3.9814220000000002,1.6637969999999989,0.4159492499999997,4.39737125,legacy_v1_recovered
L-F,1,,611,4,46.592391,42.884846,10.7212115,0.214369,0.05359225,1.768628,0.442157,44.867843,11.21696075,1.7245479999999986,0.43113699999999966,11.64809775,legacy_v1_recovered
L-F,1,,612,4,29.064691,25.23347,6.3083675,0.265986,0.0664965,1.799892,0.449973,27.299348000000002,6.8248370000000005,1.7653429999999979,0.44133574999999947,7.26617275,legacy_v1_recovered
L-F,1,,613,4,17.380042,13.679307,3.41982675,0.223534,0.0558835,1.759046,0.4397615,15.661887,3.91547175,1.7181549999999994,0.42953874999999986,4.3450105,legacy_v1_recovered
L-F,1,,614,4,45.503204,41.738108,10.434527,0.253406,0.0633515,1.740926,0.4352315,43.73244,10.93311,1.7707639999999998,0.44269099999999995,11.375801,legacy_v1_recovered
L-F,1,,615,4,17.185966,13.440874,3.3602185,0.240843,0.06021075,1.776659,0.44416475,15.458376000000001,3.8645940000000003,1.7275899999999993,0.4318974999999998,4.2964915,legacy_v1_recovered
L-F,1,,616,4,15.777061,12.011574,3.0028935,0.27490000000000003,0.06872500000000001,1.747512,0.436878,14.033986,3.5084965,1.7430749999999993,0.4357687499999998,3.94426525,legacy_v1_recovered
L-F,1,,617,4,15.227856,11.46323,2.8658075,0.25051,0.0626275,1.758067,0.43951675,13.471807,3.36795175,1.756048999999999,0.43901224999999977,3.806964,legacy_v1_recovered
L-F,1,,618,4,147.272423,143.481211,35.87030275,0.256497,0.06412425,1.731353,0.43283825,145.469061,36.36726525,1.8033619999999928,0.4508404999999982,36.81810575,legacy_v1_recovered
L-F,1,,619,4,17.358024,13.666192,3.416548,0.22161599999999998,0.055403999999999995,1.762879,0.44071975,15.650687,3.91267175,1.7073370000000008,0.4268342500000002,4.339506,legacy_v1_recovered
L-F,1,,620,4,19.03598,15.326069,3.83151725,0.235071,0.05876775,1.814432,0.453608,17.375572,4.343893,1.6604080000000003,0.4151020000000001,4.758995,legacy_v1_recovered
L-F,1,,621,4,117.605878,113.83921699999999,28.459804249999998,0.22726400000000002,0.056816000000000005,1.771616,0.442904,115.83809699999999,28.959524249999998,1.7677810000000136,0.4419452500000034,29.4014695,legacy_v1_recovered
L-F,1,,622,4,29.882977,25.756929999999997,6.439232499999999,0.297628,0.074407,1.997511,0.49937775,28.052068999999996,7.013017249999999,1.8309080000000044,0.4577270000000011,7.47074425,legacy_v1_recovered
L-F,1,,623,4,17.980023,14.129959,3.53248975,0.24949,0.0623725,1.866542,0.4666355,16.245991,4.06149775,1.7340319999999991,0.4335079999999998,4.49500575,legacy_v1_recovered
L-F,1,,624,4,92.339138,88.53708599999999,22.134271499999997,0.302256,0.075564,1.77338,0.443345,90.61272199999999,22.653180499999998,1.7264160000000146,0.43160400000000365,23.0847845,legacy_v1_recovered
L-F,1,,625,4,51.005409,47.242763,11.81069075,0.273204,0.068301,1.7820070000000001,0.44550175000000003,49.297973999999996,12.324493499999999,1.7074350000000038,0.42685875000000095,12.75135225,legacy_v1_recovered
L-F,1,,626,4,117.022975,113.188763,28.29719075,0.250409,0.06260225,1.805449,0.45136225,115.244621,28.81115525,1.7783540000000073,0.44458850000000183,29.25574375,legacy_v1_recovered
L-F,1,,627,4,17.269224,13.454305999999999,3.3635764999999997,0.275073,0.06876825,1.7872919999999999,0.44682299999999997,15.516670999999999,3.8791677499999997,1.7525530000000025,0.4381382500000006,4.317306,legacy_v1_recovered
L-F,1,,628,4,15.434646,11.583591,2.89589775,0.284825,0.07120625,1.765908,0.441477,13.634324,3.408581,1.8003220000000013,0.4500805000000003,3.8586615,legacy_v1_recovered
L-F,1,,629,4,29.228119,25.405615,6.35140375,0.24951800000000002,0.062379500000000004,1.8216839999999999,0.45542099999999996,27.476817,6.86920425,1.751301999999999,0.43782549999999976,7.30702975,legacy_v1_recovered
L-F,1,,630,4,16.158355,12.423473,3.10586825,0.278368,0.069592,1.745751,0.43643775,14.447592,3.611898,1.710763,0.42769075,4.03958875,legacy_v1_recovered
L-F,1,,631,4,93.579671,89.681627,22.42040675,0.311125,0.07778125,1.810579,0.45264475,91.80333100000001,22.950832750000004,1.7763399999999905,0.4440849999999976,23.39491775,legacy_v1_recovered
L-F,1,,632,4,106.116416,102.17906900000001,25.544767250000003,0.301701,0.07542525,1.824017,0.45600425,104.304787,26.07619675,1.8116289999999964,0.4529072499999991,26.529104,legacy_v1_recovered
L-F,1,,633,4,47.516054,43.777387,10.94434675,0.256616,0.064154,1.774753,0.44368825,45.808755999999995,11.452188999999999,1.7072980000000015,0.4268245000000004,11.8790135,legacy_v1_recovered
L-F,1,,634,4,13.902127,10.076656,2.519164,0.260233,0.06505825,1.79343,0.4483575,12.130319,3.03257975,1.771808,0.442952,3.47553175,legacy_v1_recovered
L-F,1,,635,4,77.11482,73.351188,18.337797,0.175841,0.04396025,1.898584,0.474646,75.425613,18.85640325,1.6892069999999961,0.42230174999999903,19.278705,legacy_v1_recovered
L-F,1,,636,4,48.685085,44.978216999999994,11.244554249999998,0.21615499999999999,0.054038749999999997,1.769433,0.44235825,46.963804999999994,11.740951249999998,1.7212800000000072,0.4303200000000018,12.17127125,legacy_v1_recovered
L-F,1,,637,4,15.871004,12.127197,3.03179925,0.21463300000000002,0.053658250000000005,1.818298,0.4545745,14.160128,3.540032,1.710875999999999,0.42771899999999974,3.967751,legacy_v1_recovered
L-F,1,,638,4,50.116814,46.388766,11.5971915,0.249928,0.062482,1.73546,0.433865,48.374154,12.0935385,1.7426600000000008,0.4356650000000002,12.5292035,legacy_v1_recovered
L-F,1,,639,4,17.259099,13.455842,3.3639605,0.275241,0.06881025,1.790454,0.4476135,15.521537,3.88038425,1.7375619999999987,0.4343904999999997,4.31477475,legacy_v1_recovered
L-F,1,,640,4,15.753667,11.981779,2.99544475,0.214047,0.05351175,1.846168,0.461542,14.041994,3.5104985,1.7116729999999993,0.42791824999999983,3.93841675,legacy_v1_recovered
L-F,1,,641,4,65.158149,61.348208,15.337052,0.242888,0.060722,1.813226,0.4533065,63.404322,15.8510805,1.753826999999994,0.4384567499999985,16.28953725,legacy_v1_recovered
L-F,1,,642,4,35.186825,31.478149000000002,7.8695372500000005,0.21421300000000001,0.053553250000000004,1.75439,0.4385975,33.446752000000004,8.361688000000001,1.7400729999999953,0.43501824999999883,8.79670625,legacy_v1_recovered
L-F,1,,643,4,60.051514,56.169635,14.04240875,0.297564,0.074391,1.742582,0.4356455,58.209781,14.55244525,1.8417329999999978,0.46043324999999946,15.0128785,legacy_v1_recovered
L-F,1,,644,4,114.674347,110.83994,27.709985,0.2291,0.057275,1.819167,0.45479175,112.888207,28.22205175,1.7861400000000032,0.4465350000000008,28.66858675,legacy_v1_recovered
L-F,1,,645,4,33.26751,29.425680999999997,7.356420249999999,0.297051,0.07426275,1.764255,0.44106375,31.486986999999996,7.871746749999999,1.7805230000000059,0.44513075000000146,8.3168775,legacy_v1_recovered
L-F,1,,646,4,114.355639,110.544876,27.636219,0.296654,0.0741635,1.773276,0.443319,112.614806,28.1537015,1.740832999999995,0.43520824999999874,28.58890975,legacy_v1_recovered
L-F,1,,647,4,61.184476,57.361526,14.3403815,0.22336299999999998,0.055840749999999995,1.838016,0.459504,59.422905,14.85572625,1.7615709999999964,0.4403927499999991,15.296119,legacy_v1_recovered
L-F,1,,648,4,33.825568,30.064767,7.51619175,0.253576,0.063394,1.770685,0.44267125,32.089028,8.022257,1.736539999999998,0.4341349999999995,8.456392,legacy_v1_recovered
L-F,1,,649,4,47.223887,43.565219,10.89130475,0.209743,0.05243575,1.793703,0.44842575,45.568665,11.39216625,1.6552219999999949,0.4138054999999987,11.80597175,legacy_v1_recovered
L-F,1,,650,4,32.901194,29.01333,7.2533325,0.25589,0.0639725,1.813491,0.45337275,31.082711,7.77067775,1.818482999999997,0.45462074999999924,8.2252985,legacy_v1_recovered
L-F,1,,651,4,42.36713,38.46431,9.6160775,0.321651,0.08041275,1.777018,0.4442545,40.562979,10.14074475,1.8041510000000045,0.4510377500000011,10.5917825,legacy_v1_recovered
L-F,1,,652,4,33.59023,29.847296,7.461824,0.247543,0.06188575,1.750047,0.43751175,31.844886,7.9612215,1.7453439999999993,0.43633599999999984,8.3975575,legacy_v1_recovered
L-F,1,,653,4,47.940536,44.157576,11.039394,0.280307,0.07007675,1.764254,0.4410635,46.202137,11.55053425,1.7383990000000011,0.4345997500000003,11.985134,legacy_v1_recovered
L-F,1,,654,4,62.956926,59.144402,14.7861005,0.277301,0.06932525,1.7997429999999999,0.44993574999999997,61.221446,15.3053615,1.7354800000000026,0.43387000000000064,15.7392315,legacy_v1_recovered
L-F,1,,655,4,13.926804,10.074411999999999,2.5186029999999997,0.295444,0.073861,1.777105,0.44427625,12.146961,3.03674025,1.7798430000000014,0.44496075000000035,3.481701,legacy_v1_recovered
L-F,1,,656,4,13.904116,10.110678,2.5276695,0.253722,0.0634305,1.760462,0.4401155,12.124862,3.0312155,1.779254,0.4448135,3.476029,legacy_v1_recovered
L-F,1,,657,4,35.138166,31.382482,7.8456205,0.287555,0.07188875,1.733487,0.43337175,33.403524,8.350881,1.734642000000001,0.4336605000000002,8.7845415,legacy_v1_recovered
L-F,1,,658,4,57.11399,53.287629,13.32190725,0.256585,0.06414625,1.793768,0.448442,55.337982000000004,13.834495500000001,1.7760079999999974,0.44400199999999934,14.2784975,legacy_v1_recovered
L-F,1,,659,4,56.465823,52.596621,13.14915525,0.322002,0.0805005,1.753586,0.4383965,54.672208999999995,13.668052249999999,1.7936140000000051,0.4484035000000013,14.11645575,legacy_v1_recovered
L-F,1,,660,4,13.904808,10.117376,2.529344,0.25294,0.063235,1.756869,0.43921725,12.127185,3.03179625,1.7776229999999984,0.4444057499999996,3.476202,legacy_v1_recovered
L-F,1,,661,4,16.161018,12.43867,3.1096675,0.246802,0.0617005,1.75896,0.43974,14.444432,3.611108,1.7165859999999977,0.42914649999999943,4.0402545,legacy_v1_recovered
L-F,1,,662,4,63.212767,59.460671,14.86516775,0.25638,0.064095,1.767592,0.441898,61.484643,15.37116075,1.728124000000001,0.4320310000000003,15.80319175,legacy_v1_recovered
L-F,1,,663,4,18.421975,14.763522,3.6908805,0.17957,0.0448925,1.792626,0.4481565,16.735718,4.1839295,1.6862570000000012,0.4215642500000003,4.60549375,legacy_v1_recovered
L-F,1,,664,4,34.59823,30.912576,7.728144,0.217751,0.05443775,1.76078,0.440195,32.891107,8.22277675,1.7071230000000028,0.4267807500000007,8.6495575,legacy_v1_recovered
L-F,1,,665,4,74.072892,70.20755199999999,17.551887999999998,0.266898,0.0667245,1.796223,0.44905575,72.27067299999999,18.067668249999997,1.802219000000008,0.450554750000002,18.518223,legacy_v1_recovered
L-F,1,,666,4,92.105492,88.32437399999999,22.081093499999998,0.252039,0.06300975,1.820155,0.45503875,90.39656799999999,22.599141999999997,1.7089240000000103,0.4272310000000026,23.026373,legacy_v1_recovered
L-F,1,,667,4,45.768653,41.962468,10.490617,0.29240900000000003,0.07310225000000001,1.7618070000000001,0.44045175000000003,44.016684,11.004171,1.7519690000000026,0.43799225000000064,11.44216325,legacy_v1_recovered
L-F,1,,668,4,47.794877,44.128636,11.032159,0.20806,0.052015,1.815043,0.45376075,46.151739000000006,11.537934750000002,1.6431379999999933,0.41078449999999833,11.94871925,legacy_v1_recovered
L-F,1,,669,4,50.059183,46.333137,11.58328425,0.21387699999999998,0.053469249999999996,1.762017,0.44050425,48.309031,12.07725775,1.750152,0.437538,12.51479575,legacy_v1_recovered
L-F,1,,670,4,13.962782,10.126712,2.531678,0.285548,0.071387,1.724055,0.43101375,12.136315,3.03407875,1.826467000000001,0.45661675000000024,3.4906955,legacy_v1_recovered
L-F,1,,671,4,13.797076,10.056913999999999,2.5142284999999998,0.217559,0.05438975,1.775696,0.443924,12.050168999999999,3.0125422499999996,1.746907000000002,0.4367267500000005,3.449269,legacy_v1_recovered
L-F,1,,672,4,17.247524,13.559916,3.389979,0.180709,0.04517725,1.800924,0.450231,15.541549,3.88538725,1.7059749999999987,0.42649374999999967,4.311881,legacy_v1_recovered
L-F,1,,673,4,45.614948,41.802424,10.450606,0.258032,0.064508,1.764327,0.44108175,43.824783000000004,10.956195750000001,1.7901649999999947,0.44754124999999867,11.403737,legacy_v1_recovered
L-F,1,,674,4,13.883953,10.062806,2.5157015,0.296498,0.0741245,1.694229,0.42355725,12.053533,3.01338325,1.8304200000000002,0.45760500000000004,3.47098825,legacy_v1_recovered
L-F,1,,675,4,17.27249,13.454784,3.363696,0.278246,0.0695615,1.746753,0.43668825,15.479783,3.86994575,1.7927070000000018,0.44817675000000046,4.3181225,legacy_v1_recovered
L-F,1,,676,4,16.959769,13.270068,3.317517,0.211999,0.05299975,1.731293,0.43282325,15.213360000000002,3.8033400000000004,1.7464089999999999,0.43660224999999997,4.23994225,legacy_v1_recovered
L-F,1,,677,4,114.447899,110.574094,27.6435235,0.333487,0.08337175,1.775334,0.4438335,112.68291500000001,28.170728750000002,1.7649839999999983,0.4412459999999996,28.61197475,legacy_v1_recovered
L-F,1,,678,4,34.793812,31.084246999999998,7.771061749999999,0.213289,0.05332225,1.7870409999999999,0.44676024999999997,33.084576999999996,8.271144249999999,1.7092350000000067,0.4273087500000017,8.698453,legacy_v1_recovered
L-F,1,,679,4,60.494618,56.689217,14.17230425,0.282792,0.070698,1.788239,0.44705975,58.760248,14.690062,1.7343700000000055,0.4335925000000014,15.1236545,legacy_v1_recovered
L-F,1,,680,4,17.198163,13.440764000000001,3.3601910000000004,0.241704,0.060426,1.7578559999999999,0.43946399999999997,15.440324000000002,3.8600810000000005,1.7578389999999988,0.4394597499999997,4.29954075,legacy_v1_recovered
L-F,1,,681,4,48.802038,45.026112,11.256528,0.275957,0.06898925,1.7437399999999998,0.43593499999999996,47.045809,11.76145225,1.7562290000000047,0.4390572500000012,12.2005095,legacy_v1_recovered
L-F,1,,682,4,13.884409,10.092005,2.52300125,0.24982500000000002,0.062456250000000005,1.7136749999999998,0.42841874999999996,12.055505,3.01387625,1.8289039999999996,0.4572259999999999,3.47110225,legacy_v1_recovered
L-F,1,,683,4,67.849181,63.87396,15.96849,0.298221,0.07455525,1.849827,0.46245675,66.022008,16.505502,1.827173000000002,0.4567932500000005,16.96229525,legacy_v1_recovered
L-F,1,,684,4,49.462244,45.727571,11.43189275,0.217852,0.054463,1.808566,0.4521415,47.753989,11.93849725,1.7082550000000012,0.4270637500000003,12.365561,legacy_v1_recovered
L-F,1,,685,4,13.889142,10.100859,2.52521475,0.254278,0.0635695,1.762695,0.44067375,12.117832,3.029458,1.7713099999999997,0.44282749999999993,3.4722855,legacy_v1_recovered
L-F,1,,686,4,61.806255,57.990495,14.49762375,0.214529,0.05363225,1.8808690000000001,0.47021725000000003,60.085893,15.02147325,1.7203620000000015,0.4300905000000004,15.45156375,legacy_v1_recovered
L-F,1,,687,4,57.535522,53.745696,13.436424,0.23352299999999998,0.058380749999999995,1.783713,0.44592825,55.762932,13.940733,1.772590000000001,0.44314750000000025,14.3838805,legacy_v1_recovered
L-F,1,,688,4,30.538791,26.833794,6.7084485,0.216184,0.054046,1.7923120000000001,0.44807800000000003,28.84229,7.2105725,1.6965010000000014,0.42412525000000034,7.63469775,legacy_v1_recovered
L-F,1,,689,4,51.793867,47.9719,11.992975,0.281516,0.070379,1.7728519999999999,0.44321299999999997,50.026268,12.506567,1.767598999999997,0.44189974999999926,12.94846675,legacy_v1_recovered
L-F,1,,690,4,13.977621,10.153669,2.53841725,0.260931,0.06523275,1.761261,0.44031525,12.175861,3.04396525,1.8017599999999998,0.45043999999999995,3.49440525,legacy_v1_recovered
L-F,1,,691,4,14.06353,10.171107,2.54277675,0.286794,0.0716985,1.783535,0.44588375,12.241436,3.060359,1.8220939999999999,0.45552349999999997,3.5158825,legacy_v1_recovered
L-F,1,,692,4,62.860132,59.036245,14.75906125,0.252939,0.06323475,1.795396,0.448849,61.084579999999995,15.271144999999999,1.7755520000000047,0.44388800000000117,15.715033,legacy_v1_recovered
L-F,1,,693,4,13.879141,10.0716,2.5179,0.250575,0.06264375,1.7965719999999998,0.44914299999999996,12.118746999999999,3.0296867499999998,1.7603940000000016,0.4400985000000004,3.46978525,legacy_v1_recovered
L-F,1,,694,4,31.395344,27.582187,6.89554675,0.25045,0.0626125,1.799254,0.4498135,29.631891000000003,7.407972750000001,1.7634529999999984,0.4408632499999996,7.848836,legacy_v1_recovered
L-F,1,,695,4,13.842461,10.110972,2.527743,0.21706799999999998,0.054266999999999996,1.759079,0.43976975,12.087119,3.02177975,1.7553420000000006,0.43883550000000016,3.46061525,legacy_v1_recovered
L-F,1,,696,4,31.528436,27.789578,6.9473945,0.219896,0.054974,1.7675049999999999,0.44187624999999997,29.776978999999997,7.444244749999999,1.751457000000002,0.4378642500000005,7.882109,legacy_v1_recovered
L-F,1,,697,4,63.742735,59.959407999999996,14.989851999999999,0.251423,0.06285575,1.8134730000000001,0.45336825000000003,62.024304,15.506076,1.7184310000000025,0.4296077500000006,15.93568375,legacy_v1_recovered
L-F,1,,698,4,17.370266,13.606523,3.40163075,0.211259,0.05281475,1.80558,0.451395,15.623362,3.9058405,1.7469040000000007,0.43672600000000017,4.3425665,legacy_v1_recovered
L-F,1,,699,4,34.756844,30.972406999999997,7.743101749999999,0.253177,0.06329425,1.790587,0.44764675,33.016171,8.25404275,1.740673000000001,0.43516825000000026,8.689211,legacy_v1_recovered
L-F,1,,700,4,13.865919,10.138034000000001,2.5345085000000003,0.218742,0.0546855,1.767345,0.44183625,12.124121000000002,3.0310302500000006,1.7417979999999975,0.4354494999999994,3.46647975,legacy_v1_recovered
L-F,1,,701,4,20.419518,16.733364,4.183341,0.256988,0.064247,1.743116,0.435779,18.733468000000002,4.6833670000000005,1.686049999999998,0.4215124999999995,5.1048795,legacy_v1_recovered
L-F,1,,702,4,104.160397,100.236656,25.059164,0.293459,0.07336475,1.9079700000000002,0.47699250000000004,102.438085,25.60952125,1.7223120000000023,0.43057800000000057,26.04009925,legacy_v1_recovered
L-F,1,,703,4,61.032707,57.195214,14.2988035,0.261815,0.06545375,1.8038319999999999,0.45095799999999997,59.260861,14.81521525,1.7718460000000036,0.4429615000000009,15.25817675,legacy_v1_recovered
L-F,1,,704,4,17.437258,13.656694,3.4141735,0.24602,0.061505,1.810799,0.45269975,15.713512999999999,3.9283782499999997,1.723745000000001,0.43093625000000024,4.3593145,legacy_v1_recovered
L-F,1,,705,4,40.834889,36.985629,9.24640725,0.29625999999999997,0.07406499999999999,1.776029,0.44400725,39.057918,9.7644795,1.776970999999996,0.444242749999999,10.20872225,legacy_v1_recovered
L-F,1,,706,4,13.86291,10.074084,2.518521,0.25852600000000003,0.06463150000000001,1.745451,0.43636275,12.078060999999998,3.0195152499999995,1.7848490000000012,0.4462122500000003,3.4657275,legacy_v1_recovered
L-F,1,,707,4,43.651775,39.937707,9.98442675,0.187318,0.0468295,1.77783,0.4444575,41.902855,10.47571375,1.7489199999999983,0.43722999999999956,10.91294375,legacy_v1_recovered
L-F,1,,708,4,119.409852,115.679442,28.9198605,0.223605,0.05590125,1.793316,0.448329,117.696363,29.42409075,1.7134889999999956,0.4283722499999989,29.852463,legacy_v1_recovered
L-F,1,,709,4,17.239773,13.433603999999999,3.3584009999999997,0.311452,0.077863,1.757544,0.439386,15.502599999999997,3.8756499999999994,1.737173000000002,0.4342932500000005,4.30994325,legacy_v1_recovered
L-F,1,,710,4,77.522186,73.752694,18.4381735,0.294468,0.073617,1.745114,0.4362785,75.792276,18.948069,1.7299100000000038,0.43247750000000096,19.3805465,legacy_v1_recovered
L-F,1,,711,4,19.149123,15.318605000000002,3.8296512500000004,0.266887,0.06672175,1.895302,0.4738255,17.480794000000003,4.370198500000001,1.6683289999999964,0.4170822499999991,4.78728075,legacy_v1_recovered
L-F,1,,712,4,160.942499,157.013557,39.25338925,0.284231,0.07105775,1.8661750000000001,0.46654375000000003,159.163963,39.79099075,1.7785360000000026,0.44463400000000064,40.23562475,legacy_v1_recovered
L-F,1,,713,4,13.947259,10.159152,2.539788,0.252248,0.063062,1.743133,0.43578325,12.154533,3.03863325,1.792726,0.4481815,3.48681475,legacy_v1_recovered
L-F,1,,714,4,17.317405,13.610883,3.40272075,0.206311,0.05157775,1.784107,0.44602675,15.601301,3.90032525,1.7161040000000014,0.42902600000000035,4.32935125,legacy_v1_recovered
L-F,1,,715,4,45.658057,41.873842,10.4684605,0.290665,0.07266625,1.711201,0.42780025,43.875708,10.968927,1.7823489999999964,0.4455872499999991,11.41451425,legacy_v1_recovered
L-F,1,,716,4,17.35222,13.594698,3.3986745,0.276936,0.069234,1.761046,0.4402615,15.632679999999999,3.9081699999999997,1.7195400000000003,0.4298850000000001,4.338055,legacy_v1_recovered
L-F,1,,717,4,34.855201,31.113412999999998,7.778353249999999,0.250351,0.06258775,1.777782,0.4444455,33.141546,8.2853865,1.7136550000000028,0.4284137500000007,8.71380025,legacy_v1_recovered
L-F,1,,718,4,17.373229,13.493304,3.373326,0.306423,0.07660575,1.8351419999999998,0.45878549999999996,15.634869,3.90871725,1.7383599999999984,0.4345899999999996,4.34330725,legacy_v1_recovered
L-F,1,,719,4,13.889741,10.114434,2.5286085,0.28677600000000003,0.07169400000000001,1.7135120000000001,0.42837800000000004,12.114721999999999,3.0286804999999997,1.7750190000000021,0.44375475000000053,3.47243525,legacy_v1_recovered
L-F,1,,720,4,29.616985,25.812407,6.45310175,0.282897,0.07072425,1.738007,0.43450175,27.833311,6.95832775,1.7836740000000013,0.44591850000000033,7.40424625,legacy_v1_recovered
L-F,1,,721,4,60.189427,56.407012,14.101753,0.268279,0.06706975,1.759011,0.43975275,58.434302,14.6085755,1.7551249999999996,0.4387812499999999,15.04735675,legacy_v1_recovered
L-F,1,,722,4,84.418837,80.557749,20.13943725,0.29995499999999997,0.07498874999999999,1.782363,0.44559075,82.640067,20.66001675,1.7787699999999944,0.4446924999999986,21.10470925,legacy_v1_recovered
L-F,1,,723,4,158.55272,154.688152,38.672038,0.259201,0.06480025,1.856455,0.46411375,156.803808,39.200952,1.74891199999999,0.4372279999999975,39.63818,legacy_v1_recovered
L-F,1,,724,4,74.033563,70.251364,17.562841,0.286502,0.0716255,1.756735,0.43918375,72.294601,18.07365025,1.7389620000000008,0.4347405000000002,18.50839075,legacy_v1_recovered
L-F,1,,725,4,91.577178,87.779528,21.944882,0.251784,0.062946,1.796033,0.44900825,89.827345,22.45683625,1.7498330000000095,0.4374582500000024,22.8942945,legacy_v1_recovered
L-F,1,,726,4,45.218884,41.399791,10.34994775,0.30214,0.075535,1.727751,0.43193775,43.429682,10.8574205,1.789202000000003,0.44730050000000077,11.304721,legacy_v1_recovered
L-F,1,,727,4,13.808463,10.106273,2.52656825,0.182458,0.0456145,1.766919,0.44172975,12.05565,3.0139125,1.7528129999999997,0.43820324999999993,3.45211575,legacy_v1_recovered
L-F,1,,728,4,36.437472,32.663767,8.16594175,0.24596200000000001,0.061490500000000003,1.779412,0.444853,34.689141,8.67228525,1.7483310000000003,0.4370827500000001,9.109368,legacy_v1_recovered
L-F,1,,729,4,15.667199,11.933237,2.98330925,0.244741,0.06118525,1.759137,0.43978425,13.937114999999999,3.4842787499999996,1.7300840000000015,0.4325210000000004,3.91679975,legacy_v1_recovered
L-F,1,,730,4,16.927907,13.257456999999999,3.3143642499999997,0.21318700000000002,0.053296750000000004,1.747758,0.4369395,15.218401999999998,3.8046004999999994,1.7095050000000036,0.4273762500000009,4.23197675,legacy_v1_recovered
L-F,1,,731,4,15.775196,11.993297,2.99832425,0.27985899999999997,0.06996474999999999,1.748365,0.43709125,14.021521,3.50538025,1.7536749999999994,0.43841874999999986,3.943799,legacy_v1_recovered
L-F,1,,732,4,18.277145,14.573856,3.643464,0.242732,0.060683,1.743312,0.435828,16.5599,4.139975,1.717245000000002,0.4293112500000005,4.56928625,legacy_v1_recovered
L-F,1,,733,4,13.886231,10.114449,2.52861225,0.222527,0.05563175,1.742044,0.435511,12.07902,3.019755,1.8072110000000006,0.45180275000000014,3.47155775,legacy_v1_recovered
L-F,1,,734,4,76.968249,73.215986,18.3039965,0.2476,0.0619,1.766669,0.44166725,75.230255,18.80756375,1.7379940000000005,0.4344985000000001,19.24206225,legacy_v1_recovered
L-F,1,,735,4,63.632868,59.856693,14.96417325,0.281643,0.07041075,1.7734969999999999,0.44337424999999997,61.911833,15.47795825,1.7210350000000005,0.43025875000000013,15.908217,legacy_v1_recovered
L-F,1,,736,4,16.32843,12.468262000000001,3.1170655000000003,0.259268,0.064817,1.887258,0.4718145,14.614788,3.653697,1.713642,0.4284105,4.0821075,legacy_v1_recovered
L-F,1,,737,4,15.380063,11.51005,2.8775125,0.26020899999999997,0.06505224999999999,1.828837,0.45720925,13.599096,3.399774,1.7809670000000004,0.4452417500000001,3.84501575,legacy_v1_recovered
L-F,1,,738,4,31.51262,27.804054999999998,6.9510137499999995,0.189244,0.047311,1.7635800000000001,0.44089500000000004,29.756878999999998,7.4392197499999995,1.7557410000000004,0.4389352500000001,7.878155,legacy_v1_recovered
L-F,1,,739,4,13.994363,10.222871,2.55571775,0.221499,0.05537475,1.7902339999999999,0.44755849999999997,12.234604,3.058651,1.7597590000000007,0.4399397500000002,3.49859075,legacy_v1_recovered
L-F,1,,740,4,17.70856,13.933121,3.48328025,0.249026,0.0622565,1.822296,0.455574,16.004443000000002,4.0011107500000005,1.7041169999999966,0.42602924999999914,4.42714,legacy_v1_recovered
L-F,1,,741,4,17.2001,13.49835,3.3745875,0.24299500000000002,0.060748750000000004,1.699854,0.4249635,15.441199000000001,3.8602997500000003,1.758900999999998,0.4397252499999995,4.300025,legacy_v1_recovered
L-F,1,,742,4,13.953082,10.195056000000001,2.5487640000000003,0.224301,0.05607525,1.76697,0.4417425,12.186327000000002,3.0465817500000005,1.766754999999998,0.4416887499999995,3.4882705,legacy_v1_recovered
L-F,1,,743,4,59.384671,55.662214,13.9155535,0.246987,0.06174675,1.732012,0.433003,57.64121299999999,14.410303249999998,1.743458000000004,0.435864500000001,14.84616775,legacy_v1_recovered
L-F,1,,744,4,59.534379,55.806318999999995,13.951579749999999,0.250313,0.06257825,1.75537,0.4388425,57.81200199999999,14.453000499999998,1.7223770000000087,0.4305942500000022,14.88359475,legacy_v1_recovered
L-F,1,,745,4,91.391795,87.583608,21.895902,0.253354,0.0633385,1.789747,0.44743675,89.626709,22.40667725,1.7650859999999966,0.44127149999999915,22.84794875,legacy_v1_recovered
L-F,1,,746,4,16.129788,12.387502000000001,3.0968755000000003,0.276899,0.06922475,1.725911,0.43147775,14.390312000000002,3.5975780000000004,1.7394759999999998,0.43486899999999995,4.032447,legacy_v1_recovered
L-F,1,,747,4,96.383909,92.589356,23.147339,0.258961,0.06474025,1.80619,0.4515475,94.654507,23.66362675,1.7294020000000074,0.43235050000000186,24.09597725,legacy_v1_recovered
L-F,1,,748,4,63.297714,59.489835,14.87245875,0.288105,0.07202625,1.780052,0.445013,61.557992,15.389498,1.7397220000000004,0.4349305000000001,15.8244285,legacy_v1_recovered
L-F,1,,749,4,13.881415,10.124195,2.53104875,0.22333,0.0558325,1.792692,0.448173,12.140217000000002,3.0350542500000004,1.741197999999999,0.43529949999999973,3.47035375,legacy_v1_recovered
L-F,1,,750,4,19.045895,15.410867,3.85271675,0.23164,0.05791,1.73714,0.434285,17.379647,4.34491175,1.666248000000003,0.41656200000000076,4.76147375,legacy_v1_recovered
L-F,1,,751,4,145.359801,141.567042,35.3917605,0.22742800000000002,0.056857000000000005,1.786117,0.44652925,143.58058699999998,35.895146749999995,1.7792140000000245,0.4448035000000061,36.33995025,legacy_v1_recovered
L-F,1,,752,4,101.828178,97.994328,24.498582,0.261668,0.065417,1.767994,0.4419985,100.02399,25.0059975,1.8041879999999964,0.4510469999999991,25.4570445,legacy_v1_recovered
L-F,1,,753,4,84.297866,80.51239600000001,20.128099000000002,0.262403,0.06560075,1.766684,0.441671,82.54148300000001,20.635370750000003,1.7563829999999854,0.43909574999999634,21.0744665,legacy_v1_recovered
L-F,1,,754,4,13.877295,10.056796,2.514199,0.287582,0.0718955,1.7456550000000002,0.43641375000000004,12.090033000000002,3.0225082500000005,1.7872619999999984,0.4468154999999996,3.46932375,legacy_v1_recovered
L-F,1,,755,4,17.594245,13.900725,3.47518125,0.224518,0.0561295,1.761438,0.4403595,15.886681,3.97167025,1.7075640000000014,0.42689100000000035,4.39856125,legacy_v1_recovered
L-F,1,,756,4,64.357733,60.608846,15.1522115,0.261957,0.06548925,1.742065,0.43551625,62.612868,15.653217,1.7448649999999972,0.4362162499999993,16.08943325,legacy_v1_recovered
L-F,1,,757,4,19.749323,15.926995,3.98174875,0.30726200000000004,0.07681550000000001,1.830713,0.45767825,18.06497,4.5162425,1.6843530000000015,0.4210882500000004,4.93733075,legacy_v1_recovered
L-F,1,,758,4,18.551066,14.748911,3.68722775,0.250461,0.06261525,1.82088,0.45522,16.820252,4.205063,1.7308139999999987,0.4327034999999997,4.6377665,legacy_v1_recovered
L-F,1,,759,4,50.507554,46.750164,11.687541,0.249715,0.06242875,1.7614049999999999,0.44035124999999997,48.761284,12.190321,1.7462699999999955,0.4365674999999989,12.6268885,legacy_v1_recovered
L-F,1,,760,4,15.869841,12.010647,3.00266175,0.31300700000000004,0.07825175000000001,1.770889,0.44272225,14.094543000000002,3.5236357500000004,1.7752979999999976,0.4438244999999994,3.96746025,legacy_v1_recovered
L-F,1,,761,4,15.437708,11.630019,2.90750475,0.286357,0.07158925,1.764154,0.4410385,13.680530000000001,3.4201325000000002,1.7571779999999997,0.4392944999999999,3.859427,legacy_v1_recovered
L-F,1,,762,4,15.8699,12.087039,3.02175975,0.318016,0.079504,1.745384,0.436346,14.150439,3.53760975,1.719460999999999,0.42986524999999975,3.967475,legacy_v1_recovered
L-F,1,,763,4,140.351667,136.505356,34.126339,0.267229,0.06680725,1.795347,0.44883675,138.56793199999998,34.641982999999996,1.7837350000000072,0.4459337500000018,35.08791675,legacy_v1_recovered
L-F,1,,764,4,17.739876,13.796228000000001,3.4490570000000003,0.28236,0.07059,1.884552,0.471138,15.963140000000001,3.9907850000000002,1.7767359999999979,0.44418399999999947,4.434969,legacy_v1_recovered
L-F,1,,765,4,15.83026,12.135777000000001,3.0339442500000002,0.213443,0.05336075,1.772315,0.44307875,14.121535000000002,3.5303837500000004,1.7087249999999994,0.42718124999999985,3.957565,legacy_v1_recovered
R-U,1,,0,4,90.440203,22.217239,5.55430975,0.835995,0.20899875,4.510625,1.12765625,27.563859,6.89096475,62.876343999999996,15.719085999999999,22.61005075,legacy_v1_recovered
R-U,1,,1,4,90.062905,25.149765000000002,6.2874412500000005,0.485068,0.121267,4.496805999999999,1.1242014999999999,30.131639,7.53290975,59.931266,14.9828165,22.51572625,legacy_v1_recovered
R-U,1,,2,4,125.217227,57.599804,14.399951,0.577796,0.144449,4.691129,1.17278225,62.868729,15.71718225,62.34849799999999,15.587124499999998,31.30430675,legacy_v1_recovered
R-U,1,,3,4,112.022565,32.857528,8.214382,0.556258,0.1390645,4.664033,1.16600825,38.077819000000005,9.519454750000001,73.944746,18.4861865,28.00564125,legacy_v1_recovered
R-U,1,,4,4,91.271672,29.33397,7.3334925,0.574122,0.1435305,4.553491,1.13837275,34.461583,8.61539575,56.810089,14.20252225,22.817918,legacy_v1_recovered
R-U,1,,5,4,178.948226,116.382683,29.09567075,0.43911500000000003,0.10977875000000001,4.642078,1.1605195,121.463876,30.365969,57.484350000000006,14.371087500000002,44.7370565,legacy_v1_recovered
R-U,1,,6,4,157.979292,87.945355,21.98633875,0.581359,0.14533975,4.664611,1.16615275,93.191325,23.29783125,64.78796699999998,16.196991749999995,39.494823,legacy_v1_recovered
R-U,1,,7,4,86.195943,21.227638,5.3069095,0.478735,0.11968375,4.602585,1.15064625,26.308958,6.5772395,59.886984999999996,14.971746249999999,21.54898575,legacy_v1_recovered
R-U,1,,8,4,85.118566,21.910664,5.477666,0.402393,0.10059825,4.482357,1.12058925,26.795414,6.6988535,58.323152,14.580788,21.2796415,legacy_v1_recovered
R-U,1,,9,4,101.065236,32.678194,8.1695485,0.495208,0.123802,4.634913,1.15872825,37.80831499999999,9.452078749999998,63.256921000000006,15.814230250000001,25.266309,legacy_v1_recovered
R-U,1,,10,4,142.303772,56.779814,14.1949535,0.430374,0.1075935,4.724918,1.1812295,61.935106000000005,15.483776500000001,80.368666,20.0921665,35.575943,legacy_v1_recovered
R-U,1,,11,4,119.62856,53.326955999999996,13.331738999999999,0.5535289999999999,0.13838224999999998,4.659708999999999,1.1649272499999999,58.54019399999999,14.635048499999998,61.088366,15.2720915,29.90714,legacy_v1_recovered
R-U,1,,12,4,174.06226,108.726188,27.181547,0.418728,0.104682,4.663672,1.165918,113.808588,28.452147,60.25367200000001,15.063418000000002,43.515565,legacy_v1_recovered
R-U,1,,13,4,101.126838,15.553861999999999,3.8884654999999997,0.332511,0.08312775,4.870873,1.21771825,20.757246,5.1893115,80.36959200000001,20.092398000000003,25.2817095,legacy_v1_recovered
R-U,1,,14,4,95.35898,22.468958999999998,5.6172397499999995,0.363871,0.09096775,4.766755,1.19168875,27.599584999999998,6.899896249999999,67.75939500000001,16.939848750000003,23.839745,legacy_v1_recovered
R-U,1,,15,4,187.510772,113.080672,28.270168,0.443928,0.110982,5.431508,1.357877,118.956108,29.739027,68.554664,17.138666,46.877693,legacy_v1_recovered
R-U,1,,16,4,82.071128,15.428618,3.8571545,0.466735,0.11668375,4.7131620000000005,1.1782905000000001,20.608515,5.15212875,61.462613000000005,15.365653250000001,20.517782,legacy_v1_recovered
R-U,1,,17,4,167.501262,87.131342,21.7828355,0.465782,0.1164455,4.699869,1.17496725,92.29699300000001,23.074248250000004,75.20426899999998,18.801067249999996,41.8753155,legacy_v1_recovered
R-U,1,,18,4,124.442072,58.672646,14.6681615,0.49885,0.1247125,4.643526,1.1608815,63.815022,15.9537555,60.62705,15.1567625,31.110518,legacy_v1_recovered
R-U,1,,19,4,86.814897,24.406645,6.10166125,0.555601,0.13890025,4.674367,1.16859175,29.636613,7.40915325,57.178284000000005,14.294571000000001,21.70372425,legacy_v1_recovered
R-U,1,,20,4,147.420596,72.78276,18.19569,0.447994,0.1119985,4.605019,1.15125475,77.83577299999999,19.458943249999997,69.584823,17.39620575,36.855149,legacy_v1_recovered
R-U,1,,21,4,90.149428,27.276803,6.81920075,0.496205,0.12405125,4.621119,1.15527975,32.394127,8.09853175,57.755301,14.43882525,22.537357,legacy_v1_recovered
R-U,1,,22,4,175.886505,112.446526,28.1116315,0.656638,0.1641595,4.701013,1.17525325,117.80417700000001,29.451044250000002,58.08232799999999,14.520581999999997,43.97162625,legacy_v1_recovered
R-U,1,,23,4,167.276467,94.705168,23.676292,0.575609,0.14390225,4.618659,1.15466475,99.899436,24.974859,67.377031,16.84425775,41.81911675,legacy_v1_recovered
R-U,1,,24,4,78.139139,17.472257,4.36806425,0.564791,0.14119775,4.637964,1.159491,22.675012,5.668753,55.464127000000005,13.866031750000001,19.53478475,legacy_v1_recovered
R-U,1,,25,4,170.917401,106.392904,26.598226,0.572901,0.14322525,4.589035,1.14725875,111.55484,27.88871,59.362561000000014,14.840640250000003,42.72935025,legacy_v1_recovered
R-U,1,,26,4,167.988172,87.13172200000001,21.782930500000003,0.542581,0.13564525,5.716207,1.42905175,93.39051,23.3476275,74.59766199999999,18.649415499999996,41.997043,legacy_v1_recovered
R-U,1,,27,4,87.274301,20.337965,5.08449125,0.555697,0.13892425,5.907,1.47675,26.800662,6.7001655,60.47363899999999,15.118409749999998,21.81857525,legacy_v1_recovered
R-U,1,,28,4,90.649437,25.332816,6.333204,0.352665,0.08816625,4.627162,1.1567905,30.312643,7.57816075,60.336794000000005,15.084198500000001,22.66235925,legacy_v1_recovered
R-U,1,,29,4,131.799605,68.079886,17.0199715,0.576484,0.144121,4.799934,1.1999835,73.45630399999999,18.364075999999997,58.343301000000025,14.585825250000006,32.94990125,legacy_v1_recovered
R-U,1,,30,4,111.459231,24.080383,6.02009575,0.469465,0.11736625,4.622738,1.1556845,29.172586000000003,7.293146500000001,82.286645,20.57166125,27.86480775,legacy_v1_recovered
R-U,1,,31,4,89.005678,22.131168,5.532792,0.351133,0.08778325,4.571539,1.14288475,27.05384,6.76346,61.951838,15.4879595,22.2514195,legacy_v1_recovered
R-U,1,,32,4,121.870857,53.940495999999996,13.485123999999999,0.511324,0.127831,4.510175,1.12754375,58.961995,14.74049875,62.908862,15.7272155,30.46771425,legacy_v1_recovered
R-U,1,,33,4,290.597502,221.786427,55.44660675,0.527379,0.13184475,4.599468,1.149867,226.913274,56.7283185,63.68422800000002,15.921057000000005,72.6493755,legacy_v1_recovered
R-U,1,,34,4,154.476205,84.260618,21.0651545,0.526082,0.1315205,4.615355,1.15383875,89.40205499999999,22.350513749999998,65.07415,16.2685375,38.61905125,legacy_v1_recovered
R-U,1,,35,4,89.504521,28.943241999999998,7.2358104999999995,0.554085,0.13852125,4.649366,1.1623415,34.146693,8.53667325,55.357828,13.839457,22.37613025,legacy_v1_recovered
R-U,1,,36,4,181.291248,114.452458,28.6131145,0.501719,0.12542975,4.581888,1.145472,119.536065,29.88401625,61.755183,15.43879575,45.322812,legacy_v1_recovered
R-U,1,,37,4,86.793558,13.545462,3.3863655,0.60077,0.1501925,4.609076,1.152269,18.755308,4.688827,68.03825,17.0095625,21.6983895,legacy_v1_recovered
R-U,1,,38,4,150.18514,86.858999,21.71474975,0.554018,0.1385045,4.636089999999999,1.1590224999999998,92.04910699999999,23.012276749999998,58.136033,14.53400825,37.546285,legacy_v1_recovered
R-U,1,,39,4,119.939808,16.397797,4.09944925,0.454525,0.11363125,4.649430000000001,1.1623575000000002,21.501752000000003,5.375438000000001,98.43805599999999,24.609513999999997,29.984952,legacy_v1_recovered
R-U,1,,40,4,79.896763,21.908133,5.47703325,0.479924,0.119981,4.692925,1.17323125,27.080982,6.7702455,52.81578100000001,13.203945250000002,19.97419075,legacy_v1_recovered
R-U,1,,41,4,187.050862,118.801366,29.7003415,0.357761,0.08944025,6.529389,1.63234725,125.68851599999999,31.422128999999998,61.362346,15.3405865,46.7627155,legacy_v1_recovered
R-U,1,,42,4,92.209238,22.536427,5.63410675,0.550514,0.1376285,5.185869,1.29646725,28.27281,7.0682025,63.936428,15.984107,23.0523095,legacy_v1_recovered
R-U,1,,43,4,104.037332,22.083243,5.52081075,0.43182699999999996,0.10795674999999999,4.662788,1.165697,27.177857999999997,6.794464499999999,76.859474,19.2148685,26.009333,legacy_v1_recovered
R-U,1,,44,4,85.520154,22.128051,5.53201275,0.440776,0.110194,4.786438,1.1966095,27.355265,6.83881625,58.164889,14.54122225,21.3800385,legacy_v1_recovered
R-U,1,,45,4,86.305493,21.971252,5.492813,0.428703,0.10717575,4.485504,1.121376,26.885458999999997,6.721364749999999,59.420034,14.8550085,21.57637325,legacy_v1_recovered
R-U,1,,46,4,84.509546,22.013798,5.5034495,0.6145,0.153625,4.598444,1.149611,27.226742,6.8066855,57.282804,14.320701,21.1273865,legacy_v1_recovered
R-U,1,,47,4,195.175891,131.84676100000001,32.961690250000004,0.6269710000000001,0.15674275000000001,4.694608,1.173652,137.16834,34.292085,58.00755100000001,14.501887750000002,48.79397275,legacy_v1_recovered
R-U,1,,48,4,117.569311,53.764916,13.441229,0.536277,0.13406925,4.565065,1.14126625,58.866257999999995,14.716564499999999,58.703053000000004,14.675763250000001,29.39232775,legacy_v1_recovered
R-U,1,,49,4,110.948373,49.811505999999994,12.452876499999999,0.633344,0.158336,4.656845,1.16421125,55.10169499999999,13.775423749999998,55.84667800000001,13.961669500000003,27.73709325,legacy_v1_recovered
R-U,1,,50,4,232.920437,167.784194,41.9460485,0.46196000000000004,0.11549000000000001,4.745583,1.18639575,172.99173700000003,43.24793425000001,59.928699999999964,14.982174999999991,58.23010925,legacy_v1_recovered
R-U,1,,51,4,77.07509,15.069647,3.76741175,0.54487,0.1362175,4.765504,1.191376,20.380021,5.09500525,56.695069000000004,14.173767250000001,19.2687725,legacy_v1_recovered
R-U,1,,52,4,122.378066,58.537487,14.63437175,0.537821,0.13445525,5.084333,1.27108325,64.159641,16.03991025,58.21842500000001,14.554606250000003,30.5945165,legacy_v1_recovered
R-U,1,,53,4,109.269935,22.257284,5.564321,0.529429,0.13235725,4.819025,1.20475625,27.605738,6.9014345,81.664197,20.41604925,27.31748375,legacy_v1_recovered
R-U,1,,54,4,185.873516,114.170907,28.54272675,0.514966,0.1287415,4.846645,1.21166125,119.532518,29.8831295,66.340998,16.5852495,46.468379,legacy_v1_recovered
R-U,1,,55,4,92.42431,24.262256999999998,6.0655642499999995,0.515476,0.128869,4.783158,1.1957895,29.560890999999998,7.3902227499999995,62.86341900000001,15.715854750000002,23.1060775,legacy_v1_recovered
R-U,1,,56,4,158.017841,62.366966000000005,15.591741500000001,0.338645,0.08466125,4.86598,1.216495,67.57159100000001,16.892897750000003,90.44624999999999,22.611562499999998,39.50446025,legacy_v1_recovered
R-U,1,,57,4,93.041048,22.664086,5.6660215,0.500046,0.1250115,4.779432,1.194858,27.943564000000002,6.9858910000000005,65.09748400000001,16.274371000000002,23.260262,legacy_v1_recovered
R-U,1,,58,4,155.983859,92.293324,23.073331,0.413536,0.103384,4.6394269999999995,1.1598567499999999,97.34628699999999,24.336571749999997,58.637572000000006,14.659393000000001,38.99596475,legacy_v1_recovered
R-U,1,,59,4,88.308903,26.933976,6.733494,0.411858,0.1029645,4.642902,1.1607255,31.988736,7.997184,56.320167,14.08004175,22.07722575,legacy_v1_recovered
R-U,1,,60,4,171.389201,108.571415,27.14285375,0.447278,0.1118195,4.539242,1.1348105,113.557935,28.38948375,57.831266000000014,14.457816500000003,42.84730025,legacy_v1_recovered
R-U,1,,61,4,122.828635,58.059668,14.514917,0.48252799999999996,0.12063199999999999,4.582432,1.145608,63.124628,15.781157,59.704007000000004,14.926001750000001,30.70715875,legacy_v1_recovered
R-U,1,,62,4,167.834867,104.52279,26.1306975,0.404531,0.10113275,4.635247,1.15881175,109.562568,27.390642,58.272299000000004,14.568074750000001,41.95871675,legacy_v1_recovered
R-U,1,,63,4,111.264233,18.289665,4.57241625,0.498191,0.12454775,4.695272,1.173818,23.483127999999997,5.870781999999999,87.78110500000001,21.945276250000003,27.81605825,legacy_v1_recovered
R-U,1,,64,4,97.311147,28.653838,7.1634595,0.54781,0.1369525,4.519184,1.129796,33.720832,8.430208,63.590315000000004,15.897578750000001,24.32778675,legacy_v1_recovered
R-U,1,,65,4,178.560126,113.778704,28.444676,0.626298,0.1565745,4.585806,1.1464515,118.99080800000002,29.747702000000004,59.56931799999998,14.892329499999995,44.6400315,legacy_v1_recovered
R-U,1,,66,4,110.64905,22.764696,5.691174,0.491914,0.1229785,4.700103,1.17502575,27.956713,6.98917825,82.69233700000001,20.673084250000002,27.6622625,legacy_v1_recovered
R-U,1,,67,4,97.732131,29.515881999999998,7.378970499999999,0.576299,0.14407475,5.671672,1.417918,35.763853,8.94096325,61.968278,15.4920695,24.43303275,legacy_v1_recovered
R-U,1,,68,4,138.695317,73.386165,18.34654125,0.289996,0.072499,4.582528,1.145632,78.258689,19.56467225,60.436627999999985,15.109156999999996,34.67382925,legacy_v1_recovered
R-U,1,,69,4,201.753753,109.021807,27.25545175,0.443349,0.11083725,4.614561,1.15364025,114.07971699999999,28.519929249999997,87.674036,21.918509,50.43843825,legacy_v1_recovered
R-U,1,,70,4,124.081021,59.066955,14.76673875,0.429104,0.107276,4.681973,1.17049325,64.178032,16.044508,59.902989000000005,14.975747250000001,31.02025525,legacy_v1_recovered
R-U,1,,71,4,199.790263,132.797754,33.1994385,0.4932,0.1233,4.648707,1.16217675,137.939661,34.48491525,61.85060200000001,15.462650500000002,49.94756575,legacy_v1_recovered
R-U,1,,72,4,111.103941,14.246209,3.56155225,0.441066,0.1102665,5.276749,1.31918725,19.964024,4.991006,91.13991700000001,22.784979250000003,27.77598525,legacy_v1_recovered
R-U,1,,73,4,86.51046,21.992671,5.49816775,0.5087349999999999,0.12718374999999998,4.683784,1.170946,27.185190000000002,6.7962975000000005,59.32526999999999,14.831317499999997,21.627615,legacy_v1_recovered
R-U,1,,74,4,159.298589,96.02686899999999,24.006717249999998,0.510372,0.127593,4.539797,1.13494925,101.07703799999999,25.269259499999997,58.221551000000005,14.555387750000001,39.82464725,legacy_v1_recovered
R-U,1,,75,4,84.173368,19.995616,4.998904,0.512067,0.12801675,4.779408999999999,1.1948522499999998,25.287092,6.321773,58.886275999999995,14.721568999999999,21.043342,legacy_v1_recovered
R-U,1,,76,4,110.486008,30.086859,7.52171475,0.581862,0.1454655,4.641591,1.16039775,35.310312,8.827578,75.17569599999999,18.793923999999997,27.621502,legacy_v1_recovered
R-U,1,,77,4,138.081633,72.95244,18.23811,0.558119,0.13952975,4.639971,1.15999275,78.15053,19.5376325,59.93110300000001,14.982775750000002,34.52040825,legacy_v1_recovered
R-U,1,,78,4,96.517003,29.162353,7.29058825,0.472644,0.118161,5.137558,1.2843895,34.772555,8.69313875,61.744448000000006,15.436112000000001,24.12925075,legacy_v1_recovered
R-U,1,,79,4,144.259896,50.62395,12.6559875,0.625406,0.1563515,4.780255,1.19506375,56.029611,14.00740275,88.230285,22.05757125,36.064974,legacy_v1_recovered
R-U,1,,80,4,99.201752,27.071731,6.76793275,0.502672,0.125668,4.695325,1.17383125,32.269728,8.067432,66.932024,16.733006,24.800438,legacy_v1_recovered
R-U,1,,81,4,86.277506,21.560128,5.390032,0.421446,0.1053615,4.635596,1.158899,26.617169999999998,6.6542924999999995,59.660336,14.915084,21.5693765,legacy_v1_recovered
R-U,1,,82,4,85.566384,21.645487,5.41137175,0.454754,0.1136885,4.664038,1.1660095,26.764279000000002,6.6910697500000005,58.802105,14.70052625,21.391596,legacy_v1_recovered
R-U,1,,83,4,126.180865,54.868273,13.71706825,0.466785,0.11669625,4.81891,1.2047275,60.153968000000006,15.038492000000002,66.02689699999999,16.506724249999998,31.54521625,legacy_v1_recovered
R-U,1,,84,4,115.322123,33.430879,8.35771975,0.47671399999999997,0.11917849999999999,4.599814,1.1499535,38.507407,9.62685175,76.814716,19.203679,28.83053075,legacy_v1_recovered
R-U,1,,85,4,170.69457,105.078459,26.26961475,0.613,0.15325,4.603941,1.15098525,110.2954,27.57385,60.39917,15.0997925,42.6736425,legacy_v1_recovered
R-U,1,,86,4,84.575363,22.56606,5.641515,0.549292,0.137323,4.649743,1.16243575,27.765095000000002,6.941273750000001,56.81026799999999,14.202566999999998,21.14384075,legacy_v1_recovered
R-U,1,,87,4,141.126305,61.076721,15.26918025,0.556396,0.139099,4.672449,1.16811225,66.305566,16.5763915,74.820739,18.70518475,35.28157625,legacy_v1_recovered
R-U,1,,88,4,160.429807,93.80513499999999,23.451283749999998,0.46877,0.1171925,4.649349,1.16233725,98.923254,24.7308135,61.50655300000001,15.376638250000003,40.10745175,legacy_v1_recovered
R-U,1,,89,4,154.748915,92.271495,23.06787375,0.346964,0.086741,4.606249,1.15156225,97.224708,24.306177,57.524207000000004,14.381051750000001,38.68722875,legacy_v1_recovered
R-U,1,,90,4,106.692314,15.616140999999999,3.9040352499999997,0.437555,0.10938875,4.7915730000000005,1.1978932500000001,20.845269,5.21131725,85.847045,21.46176125,26.6730785,legacy_v1_recovered
R-U,1,,91,4,201.901748,133.754673,33.43866825,0.577098,0.1442745,4.656874999999999,1.1642187499999999,138.98864600000002,34.747161500000004,62.91310199999998,15.728275499999995,50.475437,legacy_v1_recovered
R-U,1,,92,4,113.810044,50.373734999999996,12.593433749999999,0.450556,0.112639,4.694411,1.17360275,55.518702,13.8796755,58.29134200000001,14.572835500000002,28.452511,legacy_v1_recovered
R-U,1,,93,4,125.38285,49.830964,12.457741,0.53838,0.134595,4.586163,1.14654075,54.955507,13.73887675,70.42734300000001,17.606835750000002,31.3457125,legacy_v1_recovered
R-U,1,,94,4,92.565567,25.341494,6.3353735,0.53372,0.13343,4.513502,1.1283755,30.388716,7.597179,62.176851,15.54421275,23.14139175,legacy_v1_recovered
R-U,1,,95,4,87.22855,21.830627999999997,5.457656999999999,0.545075,0.13626875,4.54122,1.135305,26.916922999999997,6.729230749999999,60.311627,15.07790675,21.8071375,legacy_v1_recovered
R-U,1,,96,4,86.560239,21.857127000000002,5.4642817500000005,0.48202,0.120505,4.559009,1.13975225,26.898156,6.724539,59.662082999999996,14.915520749999999,21.64005975,legacy_v1_recovered
R-U,1,,97,4,197.879517,133.50189300000002,33.375473250000006,0.498792,0.124698,4.755097,1.18877425,138.75578200000004,34.68894550000001,59.123734999999954,14.780933749999988,49.46987925,legacy_v1_recovered
R-U,1,,98,4,82.259357,17.352231,4.33805775,0.427253,0.10681325,4.54485,1.1362125,22.324334,5.5810835,59.935022999999994,14.983755749999998,20.56483925,legacy_v1_recovered
R-U,1,,99,4,109.50576,50.007659,12.50191475,0.475389,0.11884725,4.560862,1.1402155,55.04391,13.7609775,54.46185,13.6154625,27.37644,legacy_v1_recovered
R-U,1,,100,4,139.309167,52.908010000000004,13.227002500000001,0.481094,0.1202735,4.728330000000001,1.1820825000000001,58.117434,14.5293585,81.191733,20.29793325,34.82729175,legacy_v1_recovered
R-U,1,,101,4,99.069006,22.259207,5.56480175,0.350269,0.08756725,4.600416,1.150104,27.209892,6.802473,71.859114,17.9647785,24.7672515,legacy_v1_recovered
R-U,1,,102,4,145.776122,82.27953699999999,20.569884249999998,0.481993,0.12049825,4.656048,1.164012,87.41757799999999,21.854394499999998,58.358543999999995,14.589635999999999,36.4440305,legacy_v1_recovered
R-U,1,,103,4,85.213795,22.048714,5.5121785,0.5411779999999999,0.13529449999999998,4.645155,1.16128875,27.235046999999998,6.8087617499999995,57.97874800000001,14.494687000000003,21.30344875,legacy_v1_recovered
R-U,1,,104,4,110.221988,22.533901999999998,5.633475499999999,0.483291,0.12082275,4.832534,1.2081335,27.849726999999998,6.9624317499999995,82.372261,20.59306525,27.555497,legacy_v1_recovered
R-U,1,,105,4,157.158625,82.88179,20.7204475,0.43818,0.109545,4.84131,1.2103275,88.16128,22.04032,68.997345,17.24933625,39.28965625,legacy_v1_recovered
R-U,1,,106,4,151.080096,79.243327,19.81083175,0.560683,0.14017075,9.866352,2.466588,89.67036199999998,22.417590499999996,61.409734000000014,15.352433500000004,37.770024,legacy_v1_recovered
R-U,1,,107,4,133.068449,45.748082,11.4370205,0.479526,0.1198815,4.687079,1.17176975,50.914686999999994,12.728671749999998,82.153762,20.5384405,33.26711225,legacy_v1_recovered
R-U,1,,108,4,99.671606,25.746138000000002,6.4365345000000005,0.460961,0.11524025,4.598877,1.14971925,30.805976,7.701494,68.86563,17.2164075,24.9179015,legacy_v1_recovered
R-U,1,,109,4,88.03083,25.186473,6.29661825,0.407633,0.10190825,4.561425,1.14035625,30.155531,7.53888275,57.875299,14.46882475,22.0077075,legacy_v1_recovered
R-U,1,,110,4,85.307892,21.868974,5.4672435,0.404847,0.10121175,4.6542069999999995,1.1635517499999999,26.928028,6.732007,58.379864,14.594966,21.326973,legacy_v1_recovered
R-U,1,,111,4,138.975969,54.492113,13.62302825,0.40730299999999997,0.10182574999999999,4.660114,1.1650285,59.55953,14.8898825,79.416439,19.85410975,34.74399225,legacy_v1_recovered
R-U,1,,112,4,167.357438,85.379811,21.34495275,0.49739500000000003,0.12434875000000001,4.604882,1.1512205,90.482088,22.620522,76.87535,19.2188375,41.8393595,legacy_v1_recovered
R-U,1,,113,4,86.482385,19.121313,4.78032825,0.54204,0.13551,4.530036,1.132509,24.193389,6.04834725,62.288996,15.572249,21.62059625,legacy_v1_recovered
R-U,1,,114,4,90.230505,25.28221,6.3205525,0.5885050000000001,0.14712625000000001,4.659521,1.16488025,30.530236000000002,7.6325590000000005,59.70026899999999,14.925067249999998,22.55762625,legacy_v1_recovered
R-U,1,,115,4,119.426709,25.357225,6.33930625,0.474626,0.1186565,4.613404,1.153351,30.445255,7.61131375,88.981454,22.2453635,29.85667725,legacy_v1_recovered
R-U,1,,116,4,95.157736,21.929396,5.482349,0.489378,0.1223445,4.561864,1.140466,26.980638,6.7451595,68.177098,17.0442745,23.789434,legacy_v1_recovered
R-U,1,,117,4,91.782208,21.842645,5.46066125,0.431164,0.107791,4.49819,1.1245475,26.771999,6.69299975,65.010209,16.25255225,22.945552,legacy_v1_recovered
R-U,1,,118,4,238.62406,144.896984,36.224246,0.48449,0.1211225,4.6629249999999995,1.1657312499999999,150.044399,37.51109975,88.57966099999999,22.144915249999997,59.656015,legacy_v1_recovered
R-U,1,,119,4,154.596549,81.957379,20.48934475,0.354342,0.0885855,4.647039,1.16175975,86.95876000000001,21.739690000000003,67.637789,16.90944725,38.64913725,legacy_v1_recovered
R-U,1,,120,4,153.016962,88.056814,22.0142035,0.462835,0.11570875,4.571462,1.1428655,93.091111,23.27277775,59.92585100000001,14.981462750000002,38.2542405,legacy_v1_recovered
R-U,1,,121,4,106.862711,15.294087000000001,3.8235217500000003,0.536279,0.13406975,4.682022,1.1705055,20.512388,5.128097,86.350323,21.58758075,26.71567775,legacy_v1_recovered
R-U,1,,122,4,97.108029,22.489485000000002,5.6223712500000005,0.452202,0.1130505,4.53057,1.1326425,27.472257000000003,6.868064250000001,69.635772,17.408943,24.27700725,legacy_v1_recovered
R-U,1,,123,4,93.968615,21.964952,5.491238,0.441141,0.11028525,4.557603,1.13940075,26.963696,6.740924,67.004919,16.75122975,23.49215375,legacy_v1_recovered
R-U,1,,124,4,112.772512,30.260469999999998,7.5651174999999995,0.502872,0.125718,12.794595000000001,3.1986487500000003,43.557936999999995,10.889484249999999,69.21457500000001,17.303643750000003,28.193128,legacy_v1_recovered
R-U,1,,125,4,124.399247,32.536236,8.134059,0.4319,0.107975,4.861577,1.21539425,37.829713,9.45742825,86.569534,21.6423835,31.09981175,legacy_v1_recovered
R-U,1,,126,4,173.259986,102.97426399999999,25.743565999999998,0.56398,0.140995,4.642468,1.160617,108.18071199999999,27.045177999999996,65.07927400000001,16.269818500000003,43.3149965,legacy_v1_recovered
R-U,1,,127,4,81.143328,15.520462,3.8801155,0.516393,0.12909825,4.464353,1.11608825,20.501208,5.125302,60.64212,15.16053,20.285832,legacy_v1_recovered
R-U,1,,128,4,205.181463,118.53231099999999,29.633077749999998,0.506605,0.12665125,4.604354,1.1510885,123.64326999999999,30.910817499999997,81.53819300000002,20.384548250000005,51.29536575,legacy_v1_recovered
R-U,1,,129,4,79.910546,17.470614,4.3676535,0.404831,0.10120775,4.6128789999999995,1.1532197499999999,22.488324000000002,5.6220810000000006,57.42222199999999,14.355555499999998,19.9776365,legacy_v1_recovered
R-U,1,,130,4,133.834567,66.668455,16.66711375,0.480718,0.1201795,5.016537,1.25413425,72.16570999999999,18.041427499999998,61.668857,15.41721425,33.45864175,legacy_v1_recovered
R-U,1,,131,4,125.92202,56.306356,14.076589,0.419818,0.1049545,4.897945,1.22448625,61.624119,15.40602975,64.297901,16.07447525,31.480505,legacy_v1_recovered
R-U,1,,132,4,179.142091,102.653676,25.663419,0.50456,0.12614,4.726967,1.18174175,107.885203,26.97130075,71.25688799999999,17.814221999999997,44.78552275,legacy_v1_recovered
R-U,1,,133,4,77.84406,15.982754,3.9956885,0.543354,0.1358385,4.612709,1.15317725,21.138817,5.28470425,56.705242999999996,14.176310749999999,19.461015,legacy_v1_recovered
R-U,1,,134,4,98.998188,25.133674,6.2834185,0.48742599999999997,0.12185649999999999,4.638178,1.1595445,30.259278,7.5648195,68.73891,17.1847275,24.749547,legacy_v1_recovered
R-U,1,,135,4,110.744764,22.395031,5.59875775,0.474098,0.1185245,4.741371,1.18534275,27.610500000000002,6.9026250000000005,83.134264,20.783566,27.686191,legacy_v1_recovered
R-U,1,,136,4,163.315706,87.066286,21.7665715,0.427588,0.106897,4.60904,1.15226,92.102914,23.0257285,71.21279200000001,17.803198000000002,40.8289265,legacy_v1_recovered
R-U,1,,137,4,147.306665,80.34965899999999,20.087414749999997,0.5022760000000001,0.12556900000000001,4.624886,1.1562215,85.47682099999999,21.369205249999997,61.82984400000002,15.457461000000006,36.82666625,legacy_v1_recovered
R-U,1,,138,4,106.587456,18.086415000000002,4.521603750000001,0.614744,0.153686,4.751475,1.18786875,23.452634000000003,5.863158500000001,83.134822,20.7837055,26.646864,legacy_v1_recovered
R-U,1,,139,4,95.918081,22.360498,5.5901245,0.47056600000000004,0.11764150000000001,4.618204,1.154551,27.449268000000004,6.862317000000001,68.468813,17.11720325,23.97952025,legacy_v1_recovered
R-U,1,,140,4,194.946571,127.36395300000001,31.840988250000002,0.471223,0.11780575,4.854364,1.213591,132.68954,33.172385,62.25703100000001,15.564257750000003,48.73664275,legacy_v1_recovered
R-U,1,,141,4,75.893816,17.986390999999998,4.496597749999999,0.486778,0.1216945,4.632939,1.15823475,23.106108,5.776527,52.787708,13.196927,18.973454,legacy_v1_recovered
R-U,1,,142,4,155.038452,89.284223,22.32105575,0.43453200000000003,0.10863300000000001,4.599568,1.149892,94.318323,23.57958075,60.720129,15.18003225,38.759613,legacy_v1_recovered
R-U,1,,143,4,82.802559,19.154966,4.7887415,0.517058,0.1292645,4.5137,1.128425,24.185724,6.046431,58.616835,14.65420875,20.70063975,legacy_v1_recovered
R-U,1,,144,4,83.907727,21.892715000000003,5.473178750000001,0.6006549999999999,0.15016374999999998,4.514158,1.1285395,27.007528,6.751882,56.90019899999999,14.225049749999998,20.97693175,legacy_v1_recovered
R-U,1,,145,4,123.36828,54.652071,13.66301775,0.478661,0.11966525,4.671856,1.167964,59.802588,14.950647,63.565692,15.891423,30.84207,legacy_v1_recovered
R-U,1,,146,4,108.70166,22.464004,5.616001,0.514717,0.12867925,4.76723,1.1918075,27.745950999999998,6.9364877499999995,80.95570900000001,20.238927250000003,27.175415,legacy_v1_recovered
R-U,1,,147,4,152.956954,83.37411,20.8435275,0.662784,0.165696,5.126922,1.2817305,89.163816,22.290954,63.793138,15.9482845,38.2392385,legacy_v1_recovered
R-U,1,,148,4,183.100013,108.951447,27.23786175,0.514938,0.1287345,5.440283,1.36007075,114.906668,28.726667,68.193345,17.04833625,45.77500325,legacy_v1_recovered
R-U,1,,149,4,99.079592,21.109107,5.27727675,0.475273,0.11881825,4.70107,1.1752675,26.285450000000004,6.571362500000001,72.794142,18.1985355,24.769898,legacy_v1_recovered
R-U,1,,150,4,162.342221,96.601943,24.15048575,0.537168,0.134292,4.65069,1.1626725,101.789801,25.44745025,60.55242,15.138105,40.58555525,legacy_v1_recovered
R-U,1,,151,4,125.020925,61.074458,15.2686145,0.398399,0.09959975,4.611415,1.15285375,66.084272,16.521068,58.93665300000001,14.734163250000002,31.25523125,legacy_v1_recovered
R-U,1,,152,4,121.697466,36.198048,9.049512,0.504014,0.1260035,4.567466,1.1418665,41.269527999999994,10.317381999999998,80.42793800000001,20.106984500000003,30.4243665,legacy_v1_recovered
R-U,1,,153,4,104.097951,29.785192000000002,7.4462980000000005,0.569024,0.142256,4.567463,1.14186575,34.921679,8.73041975,69.176272,17.294068,26.02448775,legacy_v1_recovered
R-U,1,,154,4,98.941446,32.32442,8.081105,0.5330239999999999,0.13325599999999999,4.687149,1.17178725,37.544593,9.38614825,61.396853,15.34921325,24.7353615,legacy_v1_recovered
R-U,1,,155,4,90.799624,27.71578,6.928945,0.31213199999999997,0.07803299999999999,4.655125,1.16378125,32.683037,8.17075925,58.116586999999996,14.529146749999999,22.699906,legacy_v1_recovered
R-U,1,,156,4,115.036996,22.739001,5.68475025,0.465468,0.116367,4.631901,1.15797525,27.83637,6.9590925,87.200626,21.8001565,28.759249,legacy_v1_recovered
R-U,1,,157,4,183.717867,119.621666,29.9054165,0.412377,0.10309425,4.587579,1.14689475,124.62162200000002,31.155405500000004,59.096244999999996,14.774061249999999,45.92946675,legacy_v1_recovered
R-U,1,,158,4,81.503854,17.356654,4.3391635,0.48304400000000003,0.12076100000000001,5.298457,1.32461425,23.138154999999998,5.784538749999999,58.365699000000006,14.591424750000002,20.3759635,legacy_v1_recovered
R-U,1,,159,4,159.888207,69.413949,17.35348725,0.571439,0.14285975,4.571713,1.14292825,74.557101,18.63927525,85.33110599999999,21.332776499999998,39.97205175,legacy_v1_recovered
R-U,1,,160,4,87.082102,20.302999999999997,5.075749999999999,0.34369,0.0859225,4.649091,1.16227275,25.295780999999998,6.3239452499999995,61.78632100000001,15.446580250000002,21.7705255,legacy_v1_recovered
R-U,1,,161,4,93.678727,25.07694,6.269235,0.49325700000000006,0.12331425000000001,4.6130379999999995,1.1532594999999999,30.183235,7.54580875,63.495492,15.873873,23.41968175,legacy_v1_recovered
R-U,1,,162,4,182.849875,110.669521,27.66738025,0.470316,0.117579,4.941322,1.2353305,116.081159,29.02028975,66.768716,16.692179,45.71246875,legacy_v1_recovered
R-U,1,,163,4,91.455877,15.84298,3.960745,0.582445,0.14561125,4.603801,1.15095025,21.029226,5.2573065,70.42665099999999,17.606662749999998,22.86396925,legacy_v1_recovered
R-U,1,,164,4,85.646914,22.276702999999998,5.569175749999999,0.578266,0.1445665,4.589366,1.1473415,27.444334999999995,6.861083749999999,58.202579,14.55064475,21.4117285,legacy_v1_recovered
R-U,1,,165,4,87.76775,21.780451,5.44511275,0.578175,0.14454375,4.626078,1.1565195,26.984704,6.746176,60.783046000000006,15.195761500000001,21.9419375,legacy_v1_recovered
R-U,1,,166,4,214.097865,118.226428,29.556607,0.62166,0.155415,4.630364,1.157591,123.478452,30.869613,90.61941300000001,22.654853250000002,53.52446625,legacy_v1_recovered
R-U,1,,167,4,92.919562,22.598604,5.649651,0.593676,0.148419,4.590593,1.14764825,27.782873000000002,6.9457182500000005,65.13668899999999,16.284172249999997,23.2298905,legacy_v1_recovered
R-U,1,,168,4,96.94591,25.27656,6.31914,0.52685,0.1317125,4.626377,1.15659425,30.429786999999997,7.607446749999999,66.516123,16.62903075,24.2364775,legacy_v1_recovered
R-U,1,,169,4,168.742356,92.53616199999999,23.134040499999998,0.531593,0.13289825,4.859204999999999,1.2148012499999998,97.92696,24.48174,70.815396,17.703849,42.185589,legacy_v1_recovered
R-U,1,,170,4,188.930664,111.965805,27.99145125,0.450999,0.11274975,4.77013,1.1925325,117.186934,29.2967335,71.74373000000001,17.935932500000003,47.232666,legacy_v1_recovered
R-U,1,,171,4,77.363487,16.102697,4.02567425,0.511305,0.12782625,4.81199,1.2029975,21.425992,5.356498,55.937495000000006,13.984373750000001,19.34087175,legacy_v1_recovered
R-U,1,,172,4,85.289406,21.831084,5.457771,0.658603,0.16465075,4.585173,1.14629325,27.07486,6.768715,58.214546,14.5536365,21.3223515,legacy_v1_recovered
R-U,1,,173,4,121.152058,29.50162,7.375405,0.620397,0.15509925,4.662819000000001,1.1657047500000002,34.784836,8.696209,86.367222,21.5918055,30.2880145,legacy_v1_recovered
R-U,1,,174,4,98.811252,29.137515999999998,7.2843789999999995,0.454507,0.11362675,4.6096900000000005,1.1524225000000001,34.201713,8.55042825,64.609539,16.15238475,24.702813,legacy_v1_recovered
R-U,1,,175,4,170.991154,104.629742,26.1574355,0.5038480000000001,0.12596200000000002,4.654028,1.163507,109.787618,27.4469045,61.203536,15.300884,42.7477885,legacy_v1_recovered
R-U,1,,176,4,92.092941,26.688677,6.67216925,0.489978,0.1224945,4.809063,1.20226575,31.987718,7.9969295,60.105222999999995,15.026305749999999,23.02323525,legacy_v1_recovered
R-U,1,,177,4,187.161652,116.206829,29.05170725,0.5411900000000001,0.13529750000000001,4.620442000000001,1.1551105000000002,121.368461,30.34211525,65.79319100000001,16.448297750000002,46.790413,legacy_v1_recovered
R-U,1,,178,4,121.299482,59.54942,14.887355,0.472293,0.11807325,4.632789,1.15819725,64.654502,16.1636255,56.644980000000004,14.161245000000001,30.3248705,legacy_v1_recovered
R-U,1,,179,4,129.448424,63.938865,15.98471625,0.560304,0.140076,5.298142,1.3245355,69.797311,17.44932775,59.651112999999995,14.912778249999999,32.362106,legacy_v1_recovered
R-U,1,,180,4,116.4707,31.677056999999998,7.9192642499999994,0.456384,0.114096,4.64255,1.1606375,36.775991,9.19399775,79.69470899999999,19.923677249999997,29.117675,legacy_v1_recovered
R-U,1,,181,4,115.804353,51.045086000000005,12.761271500000001,0.5921839999999999,0.14804599999999998,4.630059,1.15751475,56.26732900000001,14.066832250000003,59.537023999999995,14.884255999999999,28.95108825,legacy_v1_recovered
R-U,1,,182,4,85.035141,22.02407,5.5060175,0.465341,0.11633525,4.5223320000000005,1.1305830000000001,27.011742999999996,6.752935749999999,58.023398,14.5058495,21.25878525,legacy_v1_recovered
R-U,1,,183,4,86.089772,24.882576999999998,6.220644249999999,0.513096,0.128274,4.648239,1.16205975,30.043912,7.510978,56.04586,14.011465,21.522443,legacy_v1_recovered
R-U,1,,184,4,144.598349,73.54337,18.3858425,0.495155,0.12378875,4.663807,1.16595175,78.702332,19.675583,65.89601700000001,16.474004250000004,36.14958725,legacy_v1_recovered
R-U,1,,185,4,91.918362,23.382327,5.84558175,0.488313,0.12207825,4.546395,1.13659875,28.417035000000002,7.1042587500000005,63.501327,15.87533175,22.9795905,legacy_v1_recovered
R-U,1,,186,4,162.029208,95.982276,23.995569,0.5647139999999999,0.14117849999999998,4.677263,1.16931575,101.22425299999999,25.306063249999998,60.80495500000002,15.201238750000005,40.507302,legacy_v1_recovered
R-U,1,,187,4,168.190806,104.35186399999999,26.087965999999998,0.563485,0.14087125,4.628604,1.157151,109.54395299999999,27.385988249999997,58.64685300000002,14.661713250000005,42.0477015,legacy_v1_recovered
R-U,1,,188,4,114.816562,49.717229999999994,12.429307499999998,0.603077,0.15076925,4.648549,1.16213725,54.968855999999995,13.742213999999999,59.84770600000001,14.961926500000002,28.7041405,legacy_v1_recovered
R-U,1,,189,4,149.458631,83.821351,20.95533775,0.514525,0.12863125,4.609931,1.15248275,88.94580700000002,22.236451750000004,60.51282399999998,15.128205999999995,37.36465775,legacy_v1_recovered
R-U,1,,190,4,146.649147,72.887633,18.22190825,0.633022,0.1582555,4.643086,1.1607715,78.16374099999999,19.540935249999997,68.48540600000001,17.121351500000003,36.66228675,legacy_v1_recovered
R-U,1,,191,4,147.788289,80.788494,20.1971235,0.599034,0.1497585,4.583112,1.145778,85.97064,21.49266,61.81764899999999,15.454412249999997,36.94707225,legacy_v1_recovered
R-U,1,,192,4,84.248961,19.557991,4.88949775,0.5314369999999999,0.13285924999999998,4.605145,1.15128625,24.694573000000002,6.1736432500000005,59.55438799999999,14.888596999999997,21.06224025,legacy_v1_recovered
R-U,1,,193,4,93.762549,25.073366,6.2683415,0.520672,0.130168,4.687136,1.171784,30.281174,7.5702935,63.48137500000001,15.870343750000002,23.44063725,legacy_v1_recovered
R-U,1,,194,4,206.027135,129.079244,32.269811,0.464161,0.11604025,4.6905470000000005,1.1726367500000001,134.233952,33.558488,71.793183,17.94829575,51.50678375,legacy_v1_recovered
R-U,1,,195,4,225.952118,153.923755,38.48093875,0.376693,0.09417325,4.786130999999999,1.1965327499999998,159.086579,39.77164475,66.86553900000001,16.716384750000003,56.4880295,legacy_v1_recovered
R-U,1,,196,4,148.103449,73.893115,18.47327875,0.603057,0.15076425,4.579231,1.14480775,79.075403,19.76885075,69.02804600000002,17.257011500000004,37.02586225,legacy_v1_recovered
R-U,1,,197,4,148.862506,82.24175100000001,20.560437750000002,0.502939,0.12573475,4.54318,1.135795,87.28787000000001,21.821967500000003,61.574635999999984,15.393658999999996,37.2156265,legacy_v1_recovered
R-U,1,,198,4,224.527364,157.271585,39.31789625,0.586985,0.14674625,4.642053,1.16051325,162.500623,40.62515575,62.026741000000015,15.506685250000004,56.131841,legacy_v1_recovered
R-U,1,,199,4,132.466852,72.570687,18.14267175,0.504041,0.12601025,4.464961,1.11624025,77.53968900000001,19.384922250000002,54.92716299999998,13.731790749999995,33.116713,legacy_v1_recovered
R-U,1,,200,4,130.815838,68.271465,17.06786625,0.479591,0.11989775,4.5796779999999995,1.1449194999999999,73.330734,18.3326835,57.48510400000001,14.371276000000002,32.7039595,legacy_v1_recovered
R-U,1,,201,4,168.974513,103.751636,25.937909,0.361167,0.09029175,4.601968,1.150492,108.714771,27.17869275,60.259742,15.0649355,42.24362825,legacy_v1_recovered
R-U,1,,202,4,143.459189,77.386857,19.34671425,0.554709,0.13867725,4.629249,1.15731225,82.57081500000001,20.642703750000003,60.888374,15.2220935,35.86479725,legacy_v1_recovered
R-U,1,,203,4,85.447382,17.784329,4.44608225,0.489879,0.12246975,5.3217680000000005,1.3304420000000001,23.595976,5.898994,61.851406000000004,15.462851500000001,21.3618455,legacy_v1_recovered
R-U,1,,204,4,92.612723,22.050642,5.5126605,0.40368499999999996,0.10092124999999999,4.804084,1.201021,27.258411,6.81460275,65.35431200000001,16.338578000000002,23.15318075,legacy_v1_recovered
R-U,1,,205,4,105.340668,21.970321,5.49258025,0.547319,0.13682975,4.572015,1.14300375,27.089655,6.77241375,78.251013,19.56275325,26.335167,legacy_v1_recovered
R-U,1,,206,4,118.717592,54.175933,13.54398325,0.518427,0.12960675,4.598492,1.149623,59.292852,14.823213,59.42473999999999,14.856184999999998,29.679398,legacy_v1_recovered
R-U,1,,207,4,102.719241,21.841048999999998,5.4602622499999995,0.52032,0.13008,5.8619769999999995,1.4654942499999999,28.223346,7.0558365,74.49589499999999,18.623973749999998,25.67981025,legacy_v1_recovered
R-U,1,,208,4,90.145181,22.035247,5.50881175,0.48283299999999996,0.12070824999999999,4.719031,1.17975775,27.237111,6.80927775,62.908069999999995,15.727017499999999,22.53629525,legacy_v1_recovered
R-U,1,,209,4,105.117859,22.378418,5.5946045,0.577391,0.14434775,4.607887,1.15197175,27.563696,6.890924,77.55416299999999,19.388540749999997,26.27946475,legacy_v1_recovered
R-U,1,,210,4,84.672078,22.086131,5.52153275,0.47234699999999996,0.11808674999999999,4.465078,1.1162695,27.023556,6.755889,57.648522,14.4121305,21.1680195,legacy_v1_recovered
R-U,1,,211,4,88.25639,21.803494999999998,5.4508737499999995,0.482016,0.120504,4.581587,1.14539675,26.867098,6.7167745,61.389292,15.347323,22.0640975,legacy_v1_recovered
R-U,1,,212,4,139.722036,75.15593199999999,18.788982999999998,0.49543400000000004,0.12385850000000001,4.611026,1.1527565,80.26239199999999,20.065597999999998,59.45964400000001,14.864911000000003,34.930509,legacy_v1_recovered
R-U,1,,213,4,110.38228,19.742321,4.93558025,0.46598400000000006,0.11649600000000002,4.597978,1.1494945,24.806283,6.20157075,85.575997,21.39399925,27.59557,legacy_v1_recovered
R-U,1,,214,4,124.301994,56.033025,14.00825625,0.538187,0.13454675,4.769282,1.1923205,61.340494,15.3351235,62.961499999999994,15.740374999999998,31.0754985,legacy_v1_recovered
R-U,1,,215,4,155.627736,89.89105099999999,22.472762749999998,0.518735,0.12968375,4.600288,1.150072,95.010074,23.7525185,60.617661999999996,15.154415499999999,38.906934,legacy_v1_recovered
R-U,1,,216,4,112.561091,20.486335,5.12158375,0.47597,0.1189925,4.699491,1.17487275,25.661796000000002,6.415449000000001,86.899295,21.72482375,28.14027275,legacy_v1_recovered
R-U,1,,217,4,144.975826,73.133432,18.283358,0.441207,0.11030175,5.208188,1.302047,78.782827,19.69570675,66.19299900000001,16.548249750000004,36.2439565,legacy_v1_recovered
R-U,1,,218,4,91.855744,25.310059000000003,6.327514750000001,0.544613,0.13615325,5.140672,1.285168,30.995344000000003,7.748836000000001,60.8604,15.2151,22.963936,legacy_v1_recovered
R-U,1,,219,4,84.569824,23.656026,5.9140065,0.585285,0.14632125,4.638602000000001,1.1596505000000001,28.879913000000002,7.2199782500000005,55.689910999999995,13.922477749999999,21.142456,legacy_v1_recovered
R-U,1,,220,4,207.488456,142.51166,35.627915,0.560962,0.1402405,4.706132,1.176533,147.778754,36.9446885,59.70970200000002,14.927425500000005,51.872114,legacy_v1_recovered
R-U,1,,221,4,139.549241,74.016141,18.50403525,0.547065,0.13676625,4.490698,1.1226745,79.053904,19.763476,60.49533699999999,15.123834249999998,34.88731025,legacy_v1_recovered
R-U,1,,222,4,155.461178,74.49546000000001,18.623865000000002,0.431212,0.107803,4.7700890000000005,1.1925222500000001,79.69676100000001,19.924190250000002,75.76441699999998,18.941104249999995,38.8652945,legacy_v1_recovered
R-U,1,,223,4,97.563614,22.337271,5.58431775,0.482036,0.120509,4.567564,1.141891,27.386871000000003,6.846717750000001,70.176743,17.54418575,24.3909035,legacy_v1_recovered
R-U,1,,224,4,231.944449,167.026073,41.75651825,0.643946,0.1609865,4.618244000000001,1.1545610000000002,172.288263,43.07206575,59.65618599999999,14.914046499999998,57.98611225,legacy_v1_recovered
R-U,1,,225,4,138.157433,49.290613,12.32265325,0.566709,0.14167725,4.682094,1.1705235,54.539416,13.634854,83.618017,20.90450425,34.53935825,legacy_v1_recovered
R-U,1,,226,4,191.906739,125.022716,31.255679,0.4109,0.102725,4.658557,1.16463925,130.092173,32.52304325,61.814565999999985,15.453641499999996,47.97668475,legacy_v1_recovered
R-U,1,,227,4,132.123041,72.00516900000001,18.001292250000002,0.474111,0.11852775,4.967603,1.24190075,77.446883,19.36172075,54.676158,13.6690395,33.03076025,legacy_v1_recovered
R-U,1,,228,4,115.283336,23.517071,5.87926775,0.60902,0.152255,4.649921,1.16248025,28.776012,7.194003,86.50732400000001,21.626831000000003,28.820834,legacy_v1_recovered
R-U,1,,229,4,190.907687,124.481056,31.120264,0.446271,0.11156775,4.605983,1.15149575,129.53331,32.3833275,61.37437700000001,15.343594250000002,47.72692175,legacy_v1_recovered
R-U,1,,230,4,79.897894,16.676011,4.16900275,0.663596,0.165899,4.612138,1.1530345,21.951744999999995,5.487936249999999,57.946149,14.48653725,19.9744735,legacy_v1_recovered
R-U,1,,231,4,113.891509,30.105522,7.5263805,0.453578,0.1133945,4.772679999999999,1.1931699999999998,35.33178,8.832945,78.559729,19.63993225,28.47287725,legacy_v1_recovered
R-U,1,,232,4,97.679798,25.753257,6.43831425,0.318884,0.079721,4.523455,1.13086375,30.595596,7.648899,67.084202,16.7710505,24.4199495,legacy_v1_recovered
R-U,1,,233,4,88.140612,22.243588000000003,5.560897000000001,0.408158,0.1020395,4.520373,1.13009325,27.172119000000002,6.7930297500000005,60.968493,15.24212325,22.035153,legacy_v1_recovered
R-U,1,,234,4,147.867424,70.355924,17.588981,0.46974,0.117435,8.034030999999999,2.0085077499999997,78.859695,19.71492375,69.007729,17.25193225,36.966856,legacy_v1_recovered
R-U,1,,235,4,154.145496,68.255551,17.06388775,0.348551,0.08713775,4.635336,1.158834,73.23943799999999,18.309859499999998,80.90605800000002,20.226514500000004,38.536374,legacy_v1_recovered
R-U,1,,236,4,125.953384,58.54674,14.636685,0.422519,0.10562975,4.735281,1.18382025,63.70454,15.926135,62.248844,15.562211,31.488346,legacy_v1_recovered
R-U,1,,237,4,90.310593,25.31119,6.3277975,0.485346,0.1213365,4.539481,1.13487025,30.336017,7.58400425,59.974576,14.993644,22.57764825,legacy_v1_recovered
R-U,1,,238,4,89.842876,27.011626,6.7529065,0.5847289999999999,0.14618224999999999,4.567131,1.14178275,32.163486,8.0408715,57.679390000000005,14.419847500000001,22.460719,legacy_v1_recovered
R-U,1,,239,4,123.716214,29.065147,7.26628675,0.529809,0.13245225,4.56765,1.1419125,34.162606,8.5406515,89.553608,22.388402,30.9290535,legacy_v1_recovered
R-U,1,,240,4,152.821469,86.044564,21.511141,0.500957,0.12523925,4.576492,1.144123,91.122013,22.78050325,61.69945600000001,15.424864000000003,38.20536725,legacy_v1_recovered
R-U,1,,241,4,95.240316,26.659177,6.66479425,0.470722,0.1176805,4.635085,1.15877125,31.764984,7.941246,63.47533200000001,15.868833000000002,23.810079,legacy_v1_recovered
R-U,1,,242,4,147.39253,53.447991,13.36199775,0.527569,0.13189225,4.734453,1.18361325,58.710013000000004,14.677503250000001,88.68251699999999,22.170629249999998,36.8481325,legacy_v1_recovered
R-U,1,,243,4,157.22648,83.390791,20.84769775,0.546949,0.13673725,4.514723,1.12868075,88.452463,22.11311575,68.77401700000001,17.193504250000004,39.30662,legacy_v1_recovered
R-U,1,,244,4,73.752282,11.809253,2.95231325,0.469232,0.117308,4.474985,1.11874625,16.75347,4.1883675,56.998811999999994,14.249702999999998,18.4380705,legacy_v1_recovered
R-U,1,,245,4,163.630366,95.420302,23.8550755,0.5549930000000001,0.13874825000000002,4.707487,1.17687175,100.682782,25.1706955,62.947584000000006,15.736896000000002,40.9075915,legacy_v1_recovered
R-U,1,,246,4,100.297102,19.219151,4.80478775,0.570934,0.1427335,4.601676,1.150419,24.391761000000002,6.097940250000001,75.90534099999999,18.976335249999998,25.0742755,legacy_v1_recovered
R-U,1,,247,4,111.637323,48.925129,12.23128225,0.486566,0.1216415,4.564631,1.14115775,53.976326,13.4940815,57.660996999999995,14.415249249999999,27.90933075,legacy_v1_recovered
R-U,1,,248,4,84.956215,22.104351,5.52608775,0.45777100000000004,0.11444275000000001,4.677872000000001,1.1694680000000002,27.239994000000003,6.809998500000001,57.716221,14.42905525,21.23905375,legacy_v1_recovered
R-U,1,,249,4,223.511986,145.858025,36.46450625,0.345422,0.0863555,4.670485,1.16762125,150.87393200000002,37.718483000000006,72.63805399999998,18.159513499999996,55.8779965,legacy_v1_recovered
R-U,1,,250,4,87.479202,23.866338,5.9665845,0.595133,0.14878325,4.591534,1.1478835,29.053005,7.26325125,58.426197,14.60654925,21.8698005,legacy_v1_recovered
R-U,1,,251,4,178.17716,113.856943,28.46423575,0.450355,0.11258875,4.606316,1.151579,118.913614,29.7284035,59.26354599999999,14.815886499999998,44.54429,legacy_v1_recovered
R-U,1,,252,4,129.710984,41.415633,10.35390825,0.516108,0.129027,4.661397,1.16534925,46.593138,11.6482845,83.11784599999999,20.779461499999996,32.427746,legacy_v1_recovered
R-U,1,,253,4,86.55289,21.994979,5.49874475,0.433006,0.1082515,5.13961,1.2849025,27.567595,6.89189875,58.98529500000001,14.746323750000002,21.6382225,legacy_v1_recovered
R-U,1,,254,4,124.606312,57.062247,14.26556175,0.625093,0.15627325,4.682543,1.17063575,62.369883,15.59247075,62.236429,15.55910725,31.151578,legacy_v1_recovered
R-U,1,,255,4,134.155365,72.339264,18.084816,0.5193369999999999,0.12983424999999998,4.702859,1.17571475,77.56146,19.390365,56.59390499999999,14.148476249999998,33.53884125,legacy_v1_recovered
R-U,1,,256,4,108.115737,25.270709,6.31767725,0.5792729999999999,0.14481824999999998,4.730613,1.18265325,30.580595000000002,7.645148750000001,77.535142,19.3837855,27.02893425,legacy_v1_recovered
R-U,1,,257,4,154.618099,88.350397,22.08759925,0.43934,0.109835,5.3777989999999996,1.3444497499999999,94.167536,23.541884,60.450563,15.11264075,38.65452475,legacy_v1_recovered
R-U,1,,258,4,108.515639,45.734548,11.433637,0.563983,0.14099575,4.635899,1.15897475,50.93443,12.7336075,57.581208999999994,14.395302249999999,27.12890975,legacy_v1_recovered
R-U,1,,259,4,154.461059,71.628797,17.90719925,0.446191,0.11154775,4.683539,1.17088475,76.758527,19.18963175,77.702532,19.425633,38.61526475,legacy_v1_recovered
R-U,1,,260,4,162.314841,97.539171,24.38479275,0.559646,0.1399115,4.688428,1.172107,102.787245,25.69681125,59.527596,14.881899,40.57871025,legacy_v1_recovered
R-U,1,,261,4,123.747323,61.836464,15.459116,0.508559,0.12713975,4.580773,1.14519325,66.92579599999999,16.731448999999998,56.821527,14.20538175,30.93683075,legacy_v1_recovered
R-U,1,,262,4,101.911009,14.721097,3.68027425,0.606537,0.15163425,4.691037,1.17275925,20.018670999999998,5.004667749999999,81.89233800000001,20.473084500000002,25.47775225,legacy_v1_recovered
R-U,1,,263,4,219.351228,149.551919,37.38797975,0.422176,0.105544,4.914541,1.22863525,154.88863600000002,38.722159000000005,64.46259199999997,16.115647999999993,54.837807,legacy_v1_recovered
R-U,1,,264,4,87.283737,12.14242,3.035605,0.492094,0.1230235,12.821358,3.2053395,25.455872,6.363968,61.827865,15.45696625,21.82093425,legacy_v1_recovered
R-U,1,,265,4,131.61685,37.153780999999995,9.288445249999999,0.616079,0.15401975,4.86978,1.217445,42.63963999999999,10.659909999999998,88.97721000000001,22.244302500000003,32.9042125,legacy_v1_recovered
R-U,1,,266,4,142.804581,70.44846,17.612115,0.558448,0.139612,4.641036,1.160259,75.647944,18.911986,67.15663700000002,16.789159250000004,35.70114525,legacy_v1_recovered
R-U,1,,267,4,86.385188,21.728901999999998,5.4322254999999995,0.449287,0.11232175,4.4849619999999994,1.1212404999999999,26.663150999999996,6.665787749999999,59.722037,14.93050925,21.596297,legacy_v1_recovered
R-U,1,,268,4,84.184894,21.975672,5.493918,0.506687,0.12667175,4.689026,1.1722565,27.171385,6.79284625,57.013509,14.25337725,21.0462235,legacy_v1_recovered
R-U,1,,269,4,144.881134,54.2202,13.55505,0.487573,0.12189325,4.603472,1.150868,59.311245,14.82781125,85.569889,21.39247225,36.2202835,legacy_v1_recovered
R-U,1,,270,4,181.753787,114.879753,28.71993825,0.49986400000000003,0.12496600000000001,4.7378160000000005,1.1844540000000001,120.11743299999999,30.029358249999998,61.636354,15.4090885,45.43844675,legacy_v1_recovered
R-U,1,,271,4,77.11088,14.754148,3.688537,0.604983,0.15124575,5.229362,1.3073405,20.588493,5.14712325,56.522386999999995,14.130596749999999,19.27772,legacy_v1_recovered
R-U,1,,272,4,202.440948,124.744249,31.18606225,0.337655,0.08441375,4.726831,1.18170775,129.80873499999998,32.452183749999996,72.63221300000001,18.158053250000002,50.610237,legacy_v1_recovered
R-U,1,,273,4,120.841933,56.842382,14.2105955,0.420322,0.1050805,4.7052689999999995,1.1763172499999999,61.967973,15.49199325,58.87396,14.71849,30.21048325,legacy_v1_recovered
R-U,1,,274,4,128.356069,62.252715,15.56317875,0.444843,0.11121075,5.402686,1.3506715,68.100244,17.025061,60.25582499999999,15.063956249999997,32.08901725,legacy_v1_recovered
R-U,1,,275,4,168.1356,81.284225,20.32105625,0.514037,0.12850925,4.719113,1.17977825,86.51737500000002,21.629343750000004,81.618225,20.40455625,42.0339,legacy_v1_recovered
R-U,1,,276,4,148.324333,78.79116400000001,19.697791000000002,0.495701,0.12392525,4.762717,1.19067925,84.049582,21.0123955,64.274751,16.06868775,37.08108325,legacy_v1_recovered
R-U,1,,277,4,127.954066,60.331017,15.08275425,0.509447,0.12736175,5.225108,1.306277,66.065572,16.516393,61.888493999999994,15.472123499999999,31.9885165,legacy_v1_recovered
R-U,1,,278,4,87.901968,19.489979,4.87249475,0.534919,0.13372975,5.836546,1.4591365,25.861444,6.465361,62.040524,15.510131,21.975492,legacy_v1_recovered
R-U,1,,279,4,107.031288,25.684817,6.42120425,0.501804,0.125451,5.332781,1.33319525,31.519402,7.8798505,75.511886,18.8779715,26.757822,legacy_v1_recovered
R-U,1,,280,4,88.252152,22.143527,5.53588175,0.46565799999999996,0.11641449999999999,4.618136,1.154534,27.227321,6.80683025,61.02483099999999,15.256207749999998,22.063038,legacy_v1_recovered
R-U,1,,281,4,155.064,76.568684,19.142171,0.48754,0.121885,12.12189,3.0304725,89.178114,22.2945285,65.885886,16.4714715,38.766,legacy_v1_recovered
R-U,1,,282,4,171.074778,95.35613599999999,23.839033999999998,0.352262,0.0880655,4.709667,1.17741675,100.41806499999998,25.104516249999996,70.65671300000002,17.664178250000006,42.7686945,legacy_v1_recovered
R-U,1,,283,4,140.566203,73.839303,18.45982575,0.54762,0.136905,4.611331,1.15283275,78.998254,19.7495635,61.567949,15.39198725,35.14155075,legacy_v1_recovered
R-U,1,,284,4,133.396588,70.761766,17.6904415,0.434491,0.10862275,4.529296,1.132324,75.72555299999999,18.931388249999998,57.67103500000002,14.417758750000004,33.349147,legacy_v1_recovered
R-U,1,,285,4,144.238927,67.729111,16.93227775,0.436072,0.109018,5.247177000000001,1.3117942500000002,73.41236,18.35309,70.82656699999998,17.706641749999996,36.05973175,legacy_v1_recovered
R-U,1,,286,4,159.510291,95.335813,23.83395325,0.5079910000000001,0.12699775000000002,5.996706,1.4991765,101.84051000000001,25.460127500000002,57.669780999999986,14.417445249999997,39.87757275,legacy_v1_recovered
R-U,1,,287,4,77.432855,16.674657,4.16866425,0.540205,0.13505125,4.920038,1.2300095,22.134900000000002,5.5337250000000004,55.297955,13.82448875,19.35821375,legacy_v1_recovered
R-U,1,,288,4,101.498079,28.740346,7.1850865,0.437843,0.10946075,4.787434,1.1968585,33.965623,8.49140575,67.532456,16.883114,25.37451975,legacy_v1_recovered
R-U,1,,289,4,112.060935,28.731323,7.18283075,0.55785,0.1394625,4.6127020000000005,1.1531755000000001,33.901875,8.47546875,78.15906000000001,19.539765000000003,28.01523375,legacy_v1_recovered
R-U,1,,290,4,86.031963,22.237341999999998,5.5593354999999995,0.556089,0.13902225,4.552111,1.13802775,27.345542,6.8363855,58.68642100000001,14.671605250000002,21.50799075,legacy_v1_recovered
R-U,1,,291,4,90.528919,21.904541000000002,5.4761352500000005,0.41247999999999996,0.10311999999999999,4.566834,1.1417085,26.883855,6.72096375,63.645064000000005,15.911266000000001,22.63222975,legacy_v1_recovered
R-U,1,,292,4,89.90387,26.590747999999998,6.6476869999999995,0.5101519999999999,0.12753799999999998,4.557131,1.13928275,31.658031,7.91450775,58.245839,14.56145975,22.4759675,legacy_v1_recovered
R-U,1,,293,4,182.428249,113.79139500000001,28.447848750000002,0.51799,0.1294975,4.592378,1.1480945,118.901763,29.72544075,63.52648599999999,15.881621499999998,45.60706225,legacy_v1_recovered
R-U,1,,294,4,86.105264,17.499402,4.3748505,0.511514,0.1278785,4.805904,1.201476,22.81682,5.704205,63.288444000000005,15.822111000000001,21.526316,legacy_v1_recovered
R-U,1,,295,4,170.607023,108.409824,27.102456,0.518064,0.129516,4.566721,1.14168025,113.494609,28.37365225,57.112414,14.2781035,42.65175575,legacy_v1_recovered
R-U,1,,296,4,134.297795,60.038904,15.009726,0.531574,0.1328935,4.614834,1.1537085,65.185312,16.296328,69.11248300000001,17.278120750000003,33.57444875,legacy_v1_recovered
R-U,1,,297,4,82.278407,18.050214,4.5125535,0.458841,0.11471025,4.557449,1.13936225,23.066504000000002,5.7666260000000005,59.211903,14.80297575,20.56960175,legacy_v1_recovered
R-U,1,,298,4,150.783389,86.03462900000001,21.508657250000002,0.456321,0.11408025,4.522685,1.13067125,91.01363500000001,22.753408750000002,59.76975399999999,14.942438499999998,37.69584725,legacy_v1_recovered
R-U,1,,299,4,76.78624,16.621999,4.15549975,0.40864,0.10216,4.6065439999999995,1.1516359999999999,21.637182999999997,5.409295749999999,55.14905700000001,13.787264250000003,19.19656,legacy_v1_recovered
R-U,1,,300,4,122.886503,48.960864,12.240216,0.521772,0.130443,4.625678,1.1564195,54.108314,13.5270785,68.778189,17.19454725,30.72162575,legacy_v1_recovered
R-U,1,,301,4,116.502064,53.377092,13.344273,0.518717,0.12967925,4.561599,1.14039975,58.457408,14.614352,58.044656,14.511164,29.125516,legacy_v1_recovered
R-U,1,,302,4,87.022602,21.893485,5.47337125,0.5431050000000001,0.13577625000000001,4.560809,1.14020225,26.997398999999998,6.7493497499999995,60.025203000000005,15.006300750000001,21.7556505,legacy_v1_recovered
R-U,1,,303,4,123.772882,55.129704,13.782426,0.56352,0.14088,4.9091640000000005,1.2272910000000001,60.60238799999999,15.150596999999998,63.170494000000005,15.792623500000001,30.9432205,legacy_v1_recovered
R-U,1,,304,4,110.031819,22.389646,5.5974115,0.540362,0.1350905,4.612,1.153,27.542008000000003,6.885502000000001,82.489811,20.62245275,27.50795475,legacy_v1_recovered
R-U,1,,305,4,88.775668,22.282694,5.5706735,0.509669,0.12741725,4.531189,1.13279725,27.323552,6.830888,61.452116,15.363029,22.193917,legacy_v1_recovered
R-U,1,,306,4,119.138309,53.848276999999996,13.462069249999999,0.5849369999999999,0.14623424999999998,4.55608,1.13902,58.989293999999994,14.747323499999998,60.14901500000001,15.037253750000003,29.78457725,legacy_v1_recovered
R-U,1,,307,4,161.818326,66.656896,16.664224,0.453,0.11325,4.757416,1.189354,71.86731200000001,17.966828000000003,89.951014,22.4877535,40.4545815,legacy_v1_recovered
R-U,1,,308,4,144.005841,71.849782,17.9624455,0.44030800000000003,0.11007700000000001,4.65846,1.164615,76.94855000000001,19.237137500000003,67.05729099999999,16.764322749999998,36.00146025,legacy_v1_recovered
R-U,1,,309,4,86.66315,21.774954,5.4437385,0.516994,0.1292485,4.51823,1.1295575,26.810178,6.7025445,59.852972,14.963243,21.6657875,legacy_v1_recovered
R-U,1,,310,4,178.182195,90.05024499999999,22.512561249999997,0.47329,0.1183225,4.746923,1.18673075,95.27045799999999,23.817614499999998,82.91173700000002,20.727934250000004,44.54554875,legacy_v1_recovered
R-U,1,,311,4,146.690838,69.15485699999999,17.288714249999998,0.58565,0.1464125,5.351376,1.337844,75.091883,18.77297075,71.59895500000002,17.899738750000004,36.6727095,legacy_v1_recovered
R-U,1,,312,4,101.438215,27.951054999999997,6.987763749999999,0.500475,0.12511875,5.096511,1.27412775,33.548041,8.38701025,67.890174,16.9725435,25.35955375,legacy_v1_recovered
R-U,1,,313,4,134.386948,68.429073,17.10726825,0.666261,0.16656525,4.691969,1.17299225,73.78730300000001,18.446825750000002,60.59964499999998,15.149911249999995,33.596737,legacy_v1_recovered
R-U,1,,314,4,121.06273,48.721404,12.180351,0.43098000000000003,0.10774500000000001,4.679914,1.1699785,53.832297999999994,13.458074499999999,67.23043200000001,16.807608000000002,30.2656825,legacy_v1_recovered
R-U,1,,315,4,118.138753,56.417319000000006,14.104329750000002,0.517565,0.12939125,4.562647,1.14066175,61.497531,15.37438275,56.64122199999999,14.160305499999998,29.53468825,legacy_v1_recovered
R-U,1,,316,4,90.981447,24.996659,6.24916475,0.47389400000000004,0.11847350000000001,4.542245,1.13556125,30.012798000000004,7.503199500000001,60.968649,15.24216225,22.74536175,legacy_v1_recovered
R-U,1,,317,4,125.831092,57.214825,14.30370625,0.625368,0.156342,4.829235,1.20730875,62.669427999999996,15.667356999999999,63.161664,15.790416,31.457773,legacy_v1_recovered
R-U,1,,318,4,174.151472,94.02888100000001,23.507220250000003,0.42442599999999997,0.10610649999999999,4.5918209999999995,1.1479552499999999,99.045128,24.761282,75.106344,18.776586,43.537868,legacy_v1_recovered
R-U,1,,319,4,192.281081,116.49371599999999,29.123428999999998,0.446141,0.11153525,4.765054,1.1912635,121.704911,30.42622775,70.57617,17.6440425,48.07027025,legacy_v1_recovered
R-U,1,,320,4,170.822453,104.90308399999999,26.225770999999998,0.559964,0.139991,4.674093,1.16852325,110.13714099999999,27.534285249999996,60.68531200000001,15.171328000000003,42.70561325,legacy_v1_recovered
R-U,1,,321,4,98.935186,36.09946,9.024865,0.458635,0.11465875,4.742111,1.18552775,41.300206,10.3250515,57.63498,14.408745,24.7337965,legacy_v1_recovered
R-U,1,,322,4,275.028756,182.085571,45.52139275,0.527383,0.13184575,4.653377,1.16334425,187.26633099999998,46.816582749999995,87.76242500000001,21.940606250000002,68.757189,legacy_v1_recovered
R-U,1,,323,4,142.735442,74.127304,18.531826,0.483835,0.12095875,4.598483,1.14962075,79.209622,19.8024055,63.52582000000001,15.881455000000003,35.6838605,legacy_v1_recovered
R-U,1,,324,4,177.840287,114.685478,28.6713695,0.569484,0.142371,4.618231,1.15455775,119.873193,29.96829825,57.96709399999999,14.491773499999997,44.46007175,legacy_v1_recovered
R-U,1,,325,4,122.01661,37.943165,9.48579125,0.36862700000000004,0.09215675000000001,4.632099,1.15802475,42.943890999999994,10.735972749999998,79.072719,19.76817975,30.5041525,legacy_v1_recovered
R-U,1,,326,4,118.95219,55.291844000000005,13.822961000000001,0.572109,0.14302725,4.65415,1.1635375,60.518103,15.12952575,58.434087,14.60852175,29.7380475,legacy_v1_recovered
R-U,1,,327,4,137.926297,70.160026,17.5400065,0.41562899999999997,0.10390724999999999,4.540383,1.13509575,75.116038,18.7790095,62.810259,15.70256475,34.48157425,legacy_v1_recovered
R-U,1,,328,4,167.116797,77.28622,19.321555,0.405897,0.10147425,4.669837,1.16745925,82.361954,20.5904885,84.754843,21.18871075,41.77919925,legacy_v1_recovered
R-U,1,,329,4,86.85579,22.165219,5.54130475,0.423796,0.105949,4.256849,1.06421225,26.845864,6.711466,60.009926,15.0024815,21.7139475,legacy_v1_recovered
R-U,1,,330,4,197.854851,128.24390400000001,32.060976000000004,0.590959,0.14773975,4.145165,1.03629125,132.980028,33.245007,64.87482299999999,16.218705749999998,49.46371275,legacy_v1_recovered
R-U,1,,331,4,79.856515,16.535974,4.1339935,0.47960200000000003,0.11990050000000001,3.3417,0.835425,20.357276,5.089319,59.499239,14.87480975,19.96412875,legacy_v1_recovered
R-U,1,,332,4,102.00975,25.601212,6.400303,0.548996,0.137249,2.249162,0.5622905,28.399369999999998,7.099842499999999,73.61037999999999,18.402594999999998,25.5024375,legacy_v1_recovered
R-U,1,,333,4,148.577854,82.776954,20.6942385,0.497614,0.1244035,4.608681,1.15217025,87.883249,21.97081225,60.694604999999996,15.173651249999999,37.1444635,legacy_v1_recovered
R-U,1,,334,4,81.958721,17.994708,4.498677,0.553435,0.13835875,4.7244980000000005,1.1811245000000001,23.272641,5.81816025,58.68608,14.67152,20.48968025,legacy_v1_recovered
R-U,1,,335,4,161.51192,74.009852,18.502463,0.604625,0.15115625,4.712907,1.17822675,79.327384,19.831846,82.18453600000001,20.546134000000002,40.37798,legacy_v1_recovered
R-U,1,,336,4,142.295192,72.907578,18.2268945,0.460351,0.11508775,4.618977,1.15474425,77.986906,19.4967265,64.30828599999998,16.077071499999995,35.573798,legacy_v1_recovered
R-U,1,,337,4,146.96006,82.300043,20.57501075,0.524324,0.131081,5.369679,1.34241975,88.194046,22.0485115,58.766014,14.6915035,36.740015,legacy_v1_recovered
R-U,1,,338,4,86.834351,19.830864,4.957716,0.476882,0.1192205,4.790476,1.197619,25.098222,6.2745555,61.736129,15.43403225,21.70858775,legacy_v1_recovered
R-U,1,,339,4,170.944795,92.253206,23.0633015,0.536352,0.134088,4.75455,1.1886375,97.544108,24.386027,73.400687,18.35017175,42.73619875,legacy_v1_recovered
R-U,1,,340,4,175.020187,111.901649,27.97541225,0.50332,0.12583,5.285709,1.32142725,117.690678,29.4226695,57.32950899999999,14.332377249999997,43.75504675,legacy_v1_recovered
R-U,1,,341,4,171.812055,92.693482,23.1733705,0.544975,0.13624375,4.6065760000000004,1.1516440000000001,97.845033,24.46125825,73.96702199999999,18.491755499999996,42.95301375,legacy_v1_recovered
R-U,1,,342,4,129.247423,67.814294,16.9535735,0.452146,0.1130365,4.576671,1.14416775,72.84311100000001,18.210777750000002,56.40431199999999,14.101077999999998,32.31185575,legacy_v1_recovered
R-U,1,,343,4,172.039179,106.13661300000001,26.534153250000003,0.572326,0.1430815,4.6441110000000005,1.1610277500000001,111.35305000000001,27.838262500000003,60.68612899999998,15.171532249999995,43.00979475,legacy_v1_recovered
R-U,1,,344,4,107.624172,14.47824,3.61956,0.43646399999999996,0.10911599999999999,4.663437,1.16585925,19.578141000000002,4.894535250000001,88.046031,22.01150775,26.906043,legacy_v1_recovered
R-U,1,,345,4,96.260682,28.897363,7.22434075,0.467399,0.11684975,4.578286,1.1445715,33.943048,8.485762,62.317634000000005,15.579408500000001,24.0651705,legacy_v1_recovered
R-U,1,,346,4,126.798233,60.439119,15.10977975,0.49336,0.12334,4.603342,1.1508355,65.535821,16.38395525,61.262412,15.315603,31.69955825,legacy_v1_recovered
R-U,1,,347,4,89.846104,26.554824,6.638706,0.47902,0.119755,5.50247,1.3756175,32.536314,8.1340785,57.30979,14.3274475,22.461526,legacy_v1_recovered
R-U,1,,348,4,168.174295,103.331586,25.8328965,0.543013,0.13575325,5.086329,1.27158225,108.96092800000001,27.240232000000002,59.21336699999999,14.803341749999998,42.04357375,legacy_v1_recovered
R-U,1,,349,4,129.085554,63.012922,15.7532305,0.635453,0.15886325,4.594616,1.148654,68.242991,17.06074775,60.842563,15.21064075,32.2713885,legacy_v1_recovered
R-U,1,,350,4,152.97749,90.348059,22.58701475,0.547822,0.1369555,4.646993999999999,1.1617484999999999,95.54287500000001,23.885718750000002,57.43461499999998,14.358653749999995,38.2443725,legacy_v1_recovered
R-U,1,,351,4,130.738246,59.349574,14.8373935,0.432257,0.10806425,4.635406,1.1588515,64.417237,16.10430925,66.321009,16.58025225,32.6845615,legacy_v1_recovered
R-U,1,,352,4,92.466852,26.355686,6.5889215,0.428595,0.10714875,4.557689,1.13942225,31.34197,7.8354925,61.124882,15.2812205,23.116713,legacy_v1_recovered
R-U,1,,353,4,193.357681,127.471544,31.867886,0.46823400000000004,0.11705850000000001,4.686209,1.17155225,132.62598699999998,33.156496749999995,60.73169400000003,15.182923500000008,48.33942025,legacy_v1_recovered
R-U,1,,354,4,130.749862,55.97909,13.9947725,0.582746,0.1456865,4.704417,1.17610425,61.266253,15.31656325,69.483609,17.37090225,32.6874655,legacy_v1_recovered
R-U,1,,355,4,160.54706,97.380965,24.34524125,0.452787,0.11319675,4.598764,1.149691,102.432516,25.608129,58.11454399999998,14.528635999999995,40.136765,legacy_v1_recovered
R-U,1,,356,4,106.020625,43.88888,10.97222,0.539138,0.1347845,4.9762059999999995,1.2440514999999999,49.404224,12.351056,56.616400999999996,14.154100249999999,26.50515625,legacy_v1_recovered
R-U,1,,357,4,146.467026,68.982887,17.24572175,0.47923,0.1198075,5.057519,1.26437975,74.519636,18.629909,71.94739,17.9868475,36.6167565,legacy_v1_recovered
R-U,1,,358,4,83.97804,18.988316,4.747079,0.499153,0.12478825,4.557651,1.13941275,24.04512,6.01128,59.932919999999996,14.983229999999999,20.99451,legacy_v1_recovered
R-U,1,,359,4,121.310522,55.844936000000004,13.961234000000001,0.574498,0.1436245,4.619456,1.154864,61.03889,15.2597225,60.271632000000004,15.067908000000001,30.3276305,legacy_v1_recovered
R-U,1,,360,4,88.263592,25.590128,6.397532,0.413749,0.10343725,4.579416,1.144854,30.583292999999998,7.645823249999999,57.680299000000005,14.420074750000001,22.065898,legacy_v1_recovered
R-U,1,,361,4,161.364563,88.729903,22.18247575,0.373767,0.09344175,4.720075,1.18001875,93.82374499999999,23.455936249999997,67.54081800000002,16.885204500000004,40.34114075,legacy_v1_recovered
R-U,1,,362,4,81.315744,17.901826,4.4754565,0.606102,0.1515255,4.700867000000001,1.1752167500000001,23.208795000000002,5.8021987500000005,58.10694899999999,14.526737249999998,20.328936,legacy_v1_recovered
R-U,1,,363,4,85.509218,22.232446,5.5581115,0.432814,0.1082035,4.746824,1.186706,27.412084,6.853021,58.097134000000004,14.524283500000001,21.3773045,legacy_v1_recovered
R-U,1,,364,4,87.840929,22.295535,5.57388375,0.41757299999999997,0.10439324999999999,4.67526,1.168815,27.388368,6.847092,60.452561,15.11314025,21.96023225,legacy_v1_recovered
R-U,1,,365,4,172.80617,95.468299,23.86707475,0.549535,0.13738375,4.612808,1.153202,100.63064200000001,25.157660500000002,72.175528,18.043882,43.2015425,legacy_v1_recovered
R-U,1,,366,4,129.62266,63.684953,15.92123825,0.427765,0.10694125,4.589687,1.14742175,68.702405,17.17560125,60.920255,15.23006375,32.405665,legacy_v1_recovered
R-U,1,,367,4,112.251938,47.760064,11.940016,0.469229,0.11730725,4.54038,1.135095,52.769673,13.19241825,59.482265,14.87056625,28.0629845,legacy_v1_recovered
R-U,1,,368,4,128.937779,47.204332,11.801083,0.467984,0.116996,4.63518,1.158795,52.307496,13.076874,76.630283,19.15757075,32.23444475,legacy_v1_recovered
R-U,1,,369,4,98.52269,22.103079,5.52576975,0.493318,0.1233295,4.660577,1.16514425,27.256974,6.8142435,71.265716,17.816429,24.6306725,legacy_v1_recovered
R-U,1,,370,4,222.457612,156.546401,39.13660025,0.4396,0.1099,4.730568,1.182642,161.71656900000002,40.429142250000005,60.74104299999999,15.185260749999998,55.614403,legacy_v1_recovered
R-U,1,,371,4,159.412346,81.05786499999999,20.264466249999998,0.549179,0.13729475,4.718179,1.17954475,86.325223,21.58130575,73.08712300000002,18.271780750000005,39.8530865,legacy_v1_recovered
R-U,1,,372,4,82.487091,18.035659,4.50891475,0.47835300000000003,0.11958825000000001,4.52134,1.130335,23.035351999999996,5.758837999999999,59.45173900000001,14.862934750000003,20.62177275,legacy_v1_recovered
R-U,1,,373,4,133.646209,70.278379,17.56959475,0.487713,0.12192825,4.6206700000000005,1.1551675000000001,75.386762,18.8466905,58.259446999999994,14.564861749999999,33.41155225,legacy_v1_recovered
R-U,1,,374,4,171.771942,82.86418499999999,20.716046249999998,0.517745,0.12943625,4.753748,1.188437,88.135678,22.0339195,83.636264,20.909066,42.9429855,legacy_v1_recovered
R-U,1,,375,4,140.762245,74.191645,18.54791125,0.46333199999999997,0.11583299999999999,4.853166,1.2132915,79.50814299999999,19.877035749999997,61.25410200000002,15.313525500000004,35.19056125,legacy_v1_recovered
R-U,1,,376,4,132.960375,66.675917,16.66897925,0.477058,0.1192645,4.507729,1.12693225,71.660704,17.915176,61.299671000000004,15.324917750000001,33.24009375,legacy_v1_recovered
R-U,1,,377,4,193.588336,108.676031,27.16900775,0.534634,0.1336585,4.705905,1.17647625,113.91657,28.4791425,79.671766,19.9179415,48.397084,legacy_v1_recovered
R-U,1,,378,4,127.473655,62.290446,15.5726115,0.462239,0.11555975,4.591032,1.147758,67.343717,16.83592925,60.129937999999996,15.032484499999999,31.86841375,legacy_v1_recovered
R-U,1,,379,4,128.676348,62.149141,15.53728525,0.629266,0.1573165,5.422779,1.35569475,68.201186,17.0502965,60.47516199999998,15.118790499999996,32.169087,legacy_v1_recovered
R-U,1,,380,4,81.538787,18.74691,4.6867275,0.5068239999999999,0.12670599999999999,4.45756,1.11439,23.711294000000002,5.927823500000001,57.827493,14.45687325,20.38469675,legacy_v1_recovered
R-U,1,,381,4,106.047679,22.818254,5.7045635,0.37289300000000003,0.09322325000000001,4.48457,1.1211425,27.675717,6.91892925,78.371962,19.5929905,26.51191975,legacy_v1_recovered
R-U,1,,382,4,135.86376,72.160983,18.04024575,0.512399,0.12809975,4.500354,1.1250885,77.173736,19.293434,58.69002400000001,14.672506000000002,33.96594,legacy_v1_recovered
R-U,1,,383,4,92.191022,29.23177,7.3079425,0.33152000000000004,0.08288000000000001,4.520405,1.13010125,34.083695000000006,8.520923750000001,58.107327,14.52683175,23.0477555,legacy_v1_recovered
R-U,1,,384,4,88.674947,26.740616,6.685154,0.524436,0.131109,4.511137,1.12778425,31.776189000000002,7.944047250000001,56.898758,14.2246895,22.16873675,legacy_v1_recovered
R-U,1,,385,4,112.117924,25.388932,6.347233,0.520524,0.130131,4.546202,1.1365505,30.455658,7.6139145,81.662266,20.4155665,28.029481,legacy_v1_recovered
R-U,1,,386,4,166.008115,100.6352,25.1588,0.573106,0.1432765,4.631121,1.15778025,105.839427,26.45985675,60.168688,15.042172,41.50202875,legacy_v1_recovered
R-U,1,,387,4,241.109395,149.399607,37.34990175,0.5272060000000001,0.13180150000000002,4.5290300000000006,1.1322575000000001,154.45584300000002,38.613960750000004,86.65355199999999,21.663387999999998,60.27734875,legacy_v1_recovered
R-U,1,,388,4,109.355009,48.233267,12.05831675,0.444525,0.11113125,4.641221,1.16030525,53.319013,13.32975325,56.035996,14.008999,27.33875225,legacy_v1_recovered
R-U,1,,389,4,141.366553,79.39939799999999,19.849849499999998,0.5228079999999999,0.13070199999999998,4.5690349999999995,1.1422587499999999,84.49124099999999,21.122810249999997,56.87531200000002,14.218828000000006,35.34163825,legacy_v1_recovered
R-U,1,,390,4,88.864677,25.961227,6.49030675,0.457494,0.1143735,4.60121,1.1503025,31.019931,7.75498275,57.844746,14.4611865,22.21616925,legacy_v1_recovered
R-U,1,,391,4,153.585677,85.771837,21.44295925,0.532037,0.13300925,4.650201,1.16255025,90.954075,22.73851875,62.631602,15.6579005,38.39641925,legacy_v1_recovered
R-U,1,,392,4,122.818219,58.050767,14.51269175,0.374895,0.09372375,4.6132919999999995,1.1533229999999999,63.038954000000004,15.759738500000001,59.779264999999995,14.944816249999999,30.70455475,legacy_v1_recovered
R-U,1,,393,4,136.899853,73.949811,18.48745275,0.50823,0.1270575,5.56573,1.3914325,80.023771,20.00594275,56.87608200000001,14.219020500000003,34.22496325,legacy_v1_recovered
R-U,1,,394,4,200.76773,133.34552300000001,33.336380750000004,0.37814,0.094535,4.711614,1.1779035,138.435277,34.60881925,62.33245299999999,15.583113249999997,50.1919325,legacy_v1_recovered
R-U,1,,395,4,108.276793,41.651793,10.41294825,0.503784,0.125946,4.591952,1.147988,46.747529,11.68688225,61.529264,15.382316,27.06919825,legacy_v1_recovered
R-U,1,,396,4,125.021954,65.398023,16.34950575,0.508932,0.127233,4.496568,1.124142,70.40352299999999,17.600880749999998,54.618431,13.65460775,31.2554885,legacy_v1_recovered
R-U,1,,397,4,144.881598,83.541309,20.88532725,0.554798,0.1386995,2.822731,0.70568275,86.91883800000001,21.729709500000002,57.96275999999999,14.490689999999997,36.2203995,legacy_v1_recovered
R-U,1,,398,4,84.197948,20.801544,5.200386,0.522047,0.13051175,4.722132,1.180533,26.045723000000002,6.511430750000001,58.152224999999994,14.538056249999999,21.049487,legacy_v1_recovered
R-U,1,,399,4,122.272841,53.997299,13.49932475,0.505935,0.12648375,4.574559,1.14363975,59.077793,14.76944825,63.195048,15.798762,30.56821025,legacy_v1_recovered
R-U,1,,400,4,90.109657,27.265879,6.81646975,0.40676,0.10169,4.743627,1.18590675,32.416266,8.1040665,57.693391,14.42334775,22.52741425,legacy_v1_recovered
R-U,1,,401,4,123.368556,54.3302,13.58255,0.331762,0.0829405,4.724285,1.18107125,59.386247,14.84656175,63.982309,15.99557725,30.842139,legacy_v1_recovered
R-U,1,,402,4,89.6899,22.223976,5.555994,0.487892,0.121973,6.449444,1.612361,29.161312,7.290328,60.528588,15.132147,22.422475,legacy_v1_recovered
R-U,1,,403,4,198.136672,135.826407,33.95660175,0.567715,0.14192875,4.664013,1.16600325,141.058135,35.26453375,57.07853700000001,14.269634250000003,49.534168,legacy_v1_recovered
R-U,1,,404,4,110.574746,14.556211,3.63905275,0.5059440000000001,0.12648600000000002,4.68732,1.17183,19.749474999999997,4.937368749999999,90.82527100000001,22.706317750000004,27.6436865,legacy_v1_recovered
R-U,1,,405,4,116.80047,53.624951,13.40623775,0.540456,0.135114,4.683433,1.17085825,58.84884,14.71221,57.95163,14.4879075,29.2001175,legacy_v1_recovered
R-U,1,,406,4,95.368848,21.958496,5.489624,0.462452,0.115613,6.679748,1.669937,29.100696,7.275174,66.268152,16.567038,23.842212,legacy_v1_recovered
R-U,1,,407,4,85.417294,21.782639,5.44565975,0.47889099999999996,0.11972274999999999,4.158942,1.0397355,26.420472,6.605118,58.996821999999995,14.749205499999999,21.3543235,legacy_v1_recovered
R-U,1,,408,4,138.991023,53.952127000000004,13.488031750000001,0.491447,0.12286175,3.2209659999999998,0.8052414999999999,57.66454,14.416135,81.32648300000001,20.331620750000003,34.74775575,legacy_v1_recovered
R-U,1,,409,4,157.725638,86.82784299999999,21.706960749999997,0.505644,0.126411,6.673152,1.668288,94.00663899999999,23.501659749999998,63.71899900000001,15.929749750000003,39.4314095,legacy_v1_recovered
R-U,1,,410,4,83.537831,18.164546,4.5411365,0.430697,0.10767425,4.6008379999999995,1.1502094999999999,23.196081,5.79902025,60.34175,15.0854375,20.88445775,legacy_v1_recovered
R-U,1,,411,4,149.637564,70.881631,17.72040775,0.44894199999999995,0.11223549999999999,3.4082049999999997,0.8520512499999999,74.738778,18.6846945,74.898786,18.7246965,37.409391,legacy_v1_recovered
R-U,1,,412,4,103.448499,23.676681000000002,5.9191702500000005,0.43451999999999996,0.10862999999999999,2.128726,0.5321815,26.239927,6.55998175,77.208572,19.302143,25.86212475,legacy_v1_recovered
R-U,1,,413,4,101.274598,29.529515,7.38237875,0.520914,0.1302285,6.216641,1.55416025,36.267070000000004,9.066767500000001,65.007528,16.251882,25.3186495,legacy_v1_recovered
R-U,1,,414,4,92.845879,24.888351,6.22208775,0.407265,0.10181625,6.228085,1.55702125,31.523701,7.88092525,61.322177999999994,15.330544499999998,23.21146975,legacy_v1_recovered
R-U,1,,415,4,86.380372,24.319591000000003,6.079897750000001,0.5462940000000001,0.13657350000000001,2.913715,0.72842875,27.779600000000002,6.9449000000000005,58.60077199999999,14.650192999999998,21.595093,legacy_v1_recovered
R-U,1,,416,4,178.80654,114.32179,28.5804475,0.5837370000000001,0.14593425000000002,3.386496,0.846624,118.29202299999999,29.573005749999997,60.514517000000026,15.128629250000007,44.701635,legacy_v1_recovered
R-U,1,,417,4,126.484071,63.268097,15.81702425,0.561495,0.14037375,2.381307,0.59532675,66.210899,16.55272475,60.273172,15.068293,31.62101775,legacy_v1_recovered
R-U,1,,418,4,92.237367,32.609677000000005,8.152419250000001,0.589562,0.1473905,3.352344,0.838086,36.55158300000001,9.137895750000002,55.685784,13.921446,23.05934175,legacy_v1_recovered
R-U,1,,419,4,113.006308,25.902718999999998,6.475679749999999,0.491157,0.12278925,4.350529,1.08763225,30.744405,7.68610125,82.261903,20.56547575,28.251577,legacy_v1_recovered
R-U,1,,420,4,93.156157,28.491235,7.12280875,0.494291,0.12357275,5.059451,1.26486275,34.044977,8.51124425,59.11117999999999,14.777794999999998,23.28903925,legacy_v1_recovered
R-U,1,,421,4,174.45822,113.202653,28.30066325,0.372386,0.0930965,3.543167,0.88579175,117.118206,29.2795515,57.34001400000001,14.335003500000003,43.614555,legacy_v1_recovered
R-U,1,,422,4,144.730824,57.27247,14.3181175,0.49961700000000003,0.12490425000000001,3.127134,0.7817835,60.899221,15.22480525,83.83160300000002,20.957900750000004,36.182706,legacy_v1_recovered
R-U,1,,423,4,88.922212,23.432505,5.85812625,0.520637,0.13015925,4.844987,1.21124675,28.798129,7.19953225,60.124083,15.03102075,22.230553,legacy_v1_recovered
R-U,1,,424,4,146.235026,84.901202,21.2253005,0.51678,0.129195,3.0599730000000003,0.7649932500000001,88.477955,22.11948875,57.75707100000001,14.439267750000003,36.5587565,legacy_v1_recovered
R-U,1,,425,4,88.166026,23.076646,5.7691615,0.318075,0.07951875,4.622107,1.15552675,28.016828,7.004207,60.149198,15.0372995,22.0415065,legacy_v1_recovered
R-U,1,,426,4,141.599929,71.233359,17.80833975,0.588448,0.147112,4.728897,1.18222425,76.550704,19.137676,65.049225,16.26230625,35.39998225,legacy_v1_recovered
R-U,1,,427,4,87.855869,22.199862,5.5499655,0.464098,0.1160245,4.601323,1.15033075,27.265283,6.81632075,60.590586,15.1476465,21.96396725,legacy_v1_recovered
R-U,1,,428,4,84.777361,21.905474,5.4763685,0.45882500000000004,0.11470625000000001,4.581128,1.145282,26.945427000000002,6.736356750000001,57.831934,14.4579835,21.19434025,legacy_v1_recovered
R-U,1,,429,4,85.199601,21.836555,5.45913875,0.699298,0.1748245,4.554288,1.138572,27.090141,6.77253525,58.10946,14.527365,21.29990025,legacy_v1_recovered
R-U,1,,430,4,107.550878,24.934018000000002,6.2335045000000004,0.5093799999999999,0.12734499999999999,4.779885999999999,1.1949714999999999,30.223284,7.555821,77.327594,19.3318985,26.8877195,legacy_v1_recovered
R-U,1,,431,4,95.188611,22.103354,5.5258385,0.458791,0.11469775,4.610068,1.152517,27.172213,6.79305325,68.016398,17.0040995,23.79715275,legacy_v1_recovered
R-U,1,,432,4,138.057571,72.683862,18.1709655,0.60082,0.150205,4.633722,1.1584305,77.91840400000001,19.479601000000002,60.139166999999986,15.034791749999997,34.51439275,legacy_v1_recovered
R-U,1,,433,4,144.147369,83.288545,20.82213625,0.416759,0.10418975,4.696045,1.17401125,88.401349,22.10033725,55.74602,13.936505,36.03684225,legacy_v1_recovered
R-U,1,,434,4,140.877833,69.092794,17.2731985,0.49860499999999996,0.12465124999999999,4.633053,1.15826325,74.224452,18.556113,66.65338100000001,16.663345250000003,35.21945825,legacy_v1_recovered
R-U,1,,435,4,131.961995,68.609509,17.15237725,0.324112,0.081028,4.611882,1.1529705,73.545503,18.38637575,58.416492000000005,14.604123000000001,32.99049875,legacy_v1_recovered
R-U,1,,436,4,115.634913,54.209318,13.5523295,0.643355,0.16083875,4.683551,1.17088775,59.536224000000004,14.884056000000001,56.09868899999999,14.024672249999998,28.90872825,legacy_v1_recovered
R-U,1,,437,4,125.061775,32.526418,8.1316045,0.515129,0.12878225,4.6219339999999995,1.1554834999999999,37.663481000000004,9.415870250000001,87.39829399999999,21.849573499999998,31.26544375,legacy_v1_recovered
R-U,1,,438,4,132.433278,66.67013,16.6675325,0.554392,0.138598,4.6592,1.1648,71.883722,17.9709305,60.549555999999995,15.137388999999999,33.1083195,legacy_v1_recovered
R-U,1,,439,4,155.854572,91.354039,22.83850975,0.517191,0.12929775,4.620233,1.15505825,96.491463,24.12286575,59.363108999999994,14.840777249999999,38.963643,legacy_v1_recovered
R-U,1,,440,4,129.831214,39.585481,9.89637025,0.527946,0.1319865,4.7128499999999995,1.1782124999999999,44.826277000000005,11.206569250000001,85.00493699999998,21.251234249999996,32.4578035,legacy_v1_recovered
R-U,1,,441,4,94.165619,22.144154,5.5360385,0.531724,0.132931,4.714888,1.178722,27.390766,6.8476915,66.77485300000001,16.693713250000002,23.54140475,legacy_v1_recovered
R-U,1,,442,4,86.051967,21.586439000000002,5.3966097500000005,0.530357,0.13258925,4.567818,1.1419545,26.684614,6.6711535,59.36735300000001,14.841838250000002,21.51299175,legacy_v1_recovered
R-U,1,,443,4,84.822166,21.758928,5.439732,0.59327,0.1483175,5.150027,1.28750675,27.502225000000003,6.875556250000001,57.31994099999999,14.329985249999998,21.2055415,legacy_v1_recovered
R-U,1,,444,4,190.912341,103.765353,25.94133825,0.472373,0.11809325,4.6075870000000005,1.1518967500000001,108.845313,27.21132825,82.067028,20.516757,47.72808525,legacy_v1_recovered
R-U,1,,445,4,119.233207,53.883218,13.4708045,0.530759,0.13268975,4.580612,1.145153,58.994589000000005,14.748647250000001,60.23861799999999,15.059654499999997,29.80830175,legacy_v1_recovered
R-U,1,,446,4,266.16348,172.888194,43.2220485,0.536878,0.1342195,5.038323,1.25958075,178.463395,44.61584875,87.700085,21.92502125,66.54087,legacy_v1_recovered
R-U,1,,447,4,139.120596,68.316423,17.07910575,0.595035,0.14875875,4.661848,1.165462,73.573306,18.3933265,65.54729,16.3868225,34.780149,legacy_v1_recovered
R-U,1,,448,4,80.497037,16.831275,4.20781875,0.639505,0.15987625,4.528417,1.13210425,21.999197000000002,5.499799250000001,58.497840000000004,14.624460000000001,20.12425925,legacy_v1_recovered
R-U,1,,449,4,82.948844,21.889463,5.47236575,0.328132,0.082033,4.530079,1.13251975,26.747674,6.6869185,56.20116999999999,14.050292499999998,20.737211,legacy_v1_recovered
R-U,1,,450,4,181.836894,105.244991,26.31124775,0.436939,0.10923475,4.6787220000000005,1.1696805000000001,110.36065199999999,27.590162999999997,71.47624200000001,17.869060500000003,45.4592235,legacy_v1_recovered
R-U,1,,451,4,180.244185,113.519403,28.37985075,0.630824,0.157706,4.6841159999999995,1.1710289999999999,118.834343,29.70858575,61.40984199999998,15.352460499999996,45.06104625,legacy_v1_recovered
R-U,1,,452,4,82.253546,16.536870999999998,4.1342177499999995,0.489361,0.12234025,4.587994,1.1469985,21.614225999999995,5.403556499999999,60.639320000000005,15.159830000000001,20.5633865,legacy_v1_recovered
R-U,1,,453,4,104.572021,22.156935,5.53923375,0.522113,0.13052825,2.349335,0.58733375,25.028383,6.25709575,79.543638,19.8859095,26.14300525,legacy_v1_recovered
R-U,1,,454,4,158.39158,86.67989999999999,21.669974999999997,0.43666099999999997,0.10916524999999999,2.853552,0.713388,89.97011299999998,22.492528249999996,68.42146700000002,17.105366750000005,39.597895,legacy_v1_recovered
R-U,1,,455,4,121.930744,58.111171999999996,14.527792999999999,0.43674,0.109185,4.584315999999999,1.1460789999999998,63.132228,15.783057,58.798516000000006,14.699629000000002,30.482686,legacy_v1_recovered
R-U,1,,456,4,76.854214,16.597703,4.14942575,0.540649,0.13516225,4.533728,1.133432,21.672079999999998,5.418019999999999,55.182134000000005,13.795533500000001,19.2135535,legacy_v1_recovered
R-U,1,,457,4,152.55982,83.93789100000001,20.984472750000002,0.536411,0.13410275,2.89738,0.724345,87.371682,21.8429205,65.188138,16.2970345,38.139955,legacy_v1_recovered
R-U,1,,458,4,83.545826,20.322882,5.0807205,0.642556,0.160639,4.522323,1.13058075,25.487761,6.37194025,58.058065000000006,14.514516250000002,20.8864565,legacy_v1_recovered
R-U,1,,459,4,85.034115,21.781289,5.44532225,0.497028,0.124257,4.621639,1.15540975,26.899956000000003,6.724989000000001,58.134159,14.53353975,21.25852875,legacy_v1_recovered
R-U,1,,460,4,85.597217,21.949928,5.487482,0.512065,0.12801625,4.576955,1.14423875,27.038947999999998,6.759736999999999,58.558269,14.63956725,21.39930425,legacy_v1_recovered
R-U,1,,461,4,165.490898,82.452217,20.61305425,0.544686,0.1361715,4.840678,1.2101695,87.837581,21.95939525,77.65331699999999,19.413329249999997,41.3727245,legacy_v1_recovered
R-U,1,,462,4,93.706181,30.633706,7.6584265,0.356748,0.089187,4.617776,1.154444,35.60823,8.9020575,58.097951,14.52448775,23.42654525,legacy_v1_recovered
R-U,1,,463,4,86.661399,24.811376,6.202844,0.556005,0.13900125,4.533764,1.133441,29.901145,7.47528625,56.760254,14.1900635,21.66534975,legacy_v1_recovered
R-U,1,,464,4,90.759877,25.577538,6.3943845,0.492059,0.12301475,4.507818,1.1269545,30.577415000000002,7.6443537500000005,60.182462,15.0456155,22.68996925,legacy_v1_recovered
R-U,1,,465,4,96.734488,25.110302,6.2775755,0.514663,0.12866575,5.149335000000001,1.2873337500000002,30.7743,7.693575,65.960188,16.490047,24.183622,legacy_v1_recovered
R-U,1,,466,4,154.402758,74.789892,18.697473,0.604486,0.1511215,4.767973,1.19199325,80.16235099999999,20.040587749999997,74.24040700000002,18.560101750000005,38.6006895,legacy_v1_recovered
R-U,1,,467,4,173.303855,105.910699,26.47767475,0.552509,0.13812725,4.859244,1.214811,111.322452,27.830613,61.981403,15.49535075,43.32596375,legacy_v1_recovered
R-U,1,,468,4,87.131141,20.336393,5.08409825,0.42357100000000003,0.10589275000000001,5.52276,1.38069,26.282724,6.570681,60.848417,15.21210425,21.78278525,legacy_v1_recovered
R-U,1,,469,4,188.89767,110.40461199999999,27.601152999999996,0.573156,0.143289,5.25463,1.3136575,116.23239799999999,29.058099499999997,72.66527200000002,18.166318000000004,47.2244175,legacy_v1_recovered
R-U,1,,470,4,90.246766,27.030887,6.75772175,0.491545,0.12288625,4.621283,1.15532075,32.143715,8.03592875,58.103050999999994,14.525762749999998,22.5616915,legacy_v1_recovered
R-U,1,,471,4,87.771912,24.887888,6.221972,0.46935,0.1173375,4.668166,1.1670415,30.025403999999998,7.5063509999999996,57.746508000000006,14.436627000000001,21.942978,legacy_v1_recovered
R-U,1,,472,4,197.513096,138.00816,34.50204,0.589693,0.14742325,4.665026,1.1662565,143.26287900000003,35.81571975000001,54.250216999999964,13.562554249999991,49.378274,legacy_v1_recovered
R-U,1,,473,4,69.967395,13.500105999999999,3.3750264999999997,0.45188700000000004,0.11297175000000001,4.557483,1.13937075,18.509476,4.627369,51.457919,12.86447975,17.49184875,legacy_v1_recovered
R-U,1,,474,4,117.032466,52.287119000000004,13.071779750000001,0.5450349999999999,0.13625874999999998,4.559731,1.13993275,57.391885,14.34797125,59.640581,14.91014525,29.2581165,legacy_v1_recovered
R-U,1,,475,4,86.843955,24.148608,6.037152,0.473154,0.1182885,4.589855,1.14746375,29.211617,7.30290425,57.63233799999999,14.408084499999998,21.71098875,legacy_v1_recovered
R-U,1,,476,4,170.760466,102.20476000000001,25.551190000000002,0.5122789999999999,0.12806974999999998,5.807851,1.45196275,108.52489000000001,27.131222500000003,62.235575999999995,15.558893999999999,42.6901165,legacy_v1_recovered
R-U,1,,477,4,138.226007,71.464993,17.86624825,0.589216,0.147304,4.679483,1.16987075,76.733692,19.183423,61.492315000000005,15.373078750000001,34.55650175,legacy_v1_recovered
R-U,1,,478,4,79.540531,17.709986,4.4274965,0.515656,0.128914,4.616431,1.15410775,22.842073,5.71051825,56.698458,14.1746145,19.88513275,legacy_v1_recovered
R-U,1,,479,4,166.63808,94.078108,23.519527,0.525836,0.131459,4.605976,1.151494,99.20992,24.80248,67.42816,16.85704,41.65952,legacy_v1_recovered
R-U,1,,480,4,87.296796,23.885008,5.971252,0.46957,0.1173925,3.369627,0.84240675,27.724205,6.93105125,59.572591,14.89314775,21.824199,legacy_v1_recovered
R-U,1,,481,4,81.018025,21.792601,5.44815025,0.516032,0.129008,2.832498,0.7081245,25.141131,6.28528275,55.87689399999999,13.969223499999998,20.25450625,legacy_v1_recovered
R-U,1,,482,4,82.695998,21.749574,5.4373935,0.446216,0.111554,4.5098650000000005,1.1274662500000001,26.705655,6.67641375,55.990343,13.99758575,20.6739995,legacy_v1_recovered
R-U,1,,483,4,103.291415,22.077631,5.51940775,0.454898,0.1137245,4.572967,1.14324175,27.105496000000002,6.776374000000001,76.185919,19.04647975,25.82285375,legacy_v1_recovered
R-U,1,,484,4,103.53307,25.761857,6.44046425,0.8832180000000001,0.22080450000000001,3.177645,0.79441125,29.822719999999997,7.455679999999999,73.71035,18.4275875,25.8832675,legacy_v1_recovered
R-U,1,,485,4,137.780765,72.694906,18.1737265,0.400257,0.10006425,4.612012,1.153003,77.707175,19.42679375,60.073589999999996,15.018397499999999,34.44519125,legacy_v1_recovered
R-U,1,,486,4,114.111993,50.050117,12.51252925,0.443019,0.11075475,4.668314,1.1670785,55.16145,13.7903625,58.950542999999996,14.737635749999999,28.52799825,legacy_v1_recovered
R-U,1,,487,4,103.880892,17.003959000000002,4.2509897500000005,0.485317,0.12132925,4.83472,1.20868,22.323996,5.580999,81.556896,20.389224,25.970223,legacy_v1_recovered
R-U,1,,488,4,171.616414,102.513181,25.62829525,0.429769,0.10744225,4.563227,1.14080675,107.506177,26.87654425,64.110237,16.02755925,42.9041035,legacy_v1_recovered
R-U,1,,489,4,83.93542,18.978519,4.74462975,0.493672,0.123418,4.516191,1.12904775,23.988381999999998,5.9970954999999995,59.94703799999999,14.986759499999998,20.983855,legacy_v1_recovered
R-U,1,,490,4,182.318357,91.109555,22.77738875,0.511122,0.1277805,4.725555,1.18138875,96.346232,24.086558,85.97212499999999,21.493031249999998,45.57958925,legacy_v1_recovered
R-U,1,,491,4,92.873559,21.9144,5.4786,0.5298849999999999,0.13247124999999998,4.569083,1.14227075,27.013368,6.753342,65.860191,16.46504775,23.21838975,legacy_v1_recovered
R-U,1,,492,4,167.343295,99.142928,24.785732,0.503413,0.12585325,4.637344,1.159336,104.28368499999999,26.070921249999998,63.05961000000002,15.764902500000005,41.83582375,legacy_v1_recovered
R-U,1,,493,4,149.103871,62.478032,15.619508,0.537161,0.13429025,5.2933769999999996,1.3233442499999999,68.30857,17.0771425,80.795301,20.19882525,37.27596775,legacy_v1_recovered
R-U,1,,494,4,223.052783,146.494874,36.6237185,0.546755,0.13668875,4.610129,1.15253225,151.651758,37.9129395,71.401025,17.85025625,55.76319575,legacy_v1_recovered
R-U,1,,495,4,128.526863,68.086069,17.02151725,0.455209,0.11380225,4.679816,1.169954,73.221094,18.3052735,55.305769,13.82644225,32.13171575,legacy_v1_recovered
R-U,1,,496,4,123.202817,57.351664,14.337916,0.481839,0.12045975,4.653089,1.16327225,62.486592,15.621648,60.716224999999994,15.179056249999999,30.80070425,legacy_v1_recovered
R-U,1,,497,4,109.813856,45.255935,11.31398375,0.472432,0.118108,4.700927999999999,1.1752319999999998,50.429294999999996,12.607323749999999,59.384561000000005,14.846140250000001,27.453464,legacy_v1_recovered
R-U,1,,498,4,95.914004,30.195031,7.54875775,0.5484,0.1371,5.313334,1.3283335,36.056765,9.01419125,59.85723900000001,14.964309750000002,23.978501,legacy_v1_recovered
R-U,1,,499,4,188.664697,112.171736,28.042934,0.492425,0.12310625,4.864752,1.216188,117.52891299999999,29.382228249999997,71.135784,17.783946,47.16617425,legacy_v1_recovered
R-U,1,,500,4,102.731834,39.584677,9.89616925,0.548879,0.13721975,4.574949,1.14373725,44.708505,11.17712625,58.023329000000004,14.505832250000001,25.6829585,legacy_v1_recovered
R-U,1,,501,4,134.136244,69.320419,17.33010475,0.4786,0.11965,4.607348,1.151837,74.406367,18.60159175,59.729877,14.93246925,33.534061,legacy_v1_recovered
R-U,1,,502,4,167.206597,72.784381,18.19609525,0.5386960000000001,0.13467400000000002,4.6794340000000005,1.1698585000000001,78.002511,19.50062775,89.20408599999999,22.301021499999997,41.80164925,legacy_v1_recovered
R-U,1,,503,4,85.846295,21.709497,5.42737425,0.481229,0.12030725,4.662632,1.165658,26.853358,6.7133395,58.992937,14.74823425,21.46157375,legacy_v1_recovered
R-U,1,,504,4,91.568295,25.459191,6.36479775,0.41041,0.1026025,4.608648,1.152162,30.478248999999998,7.6195622499999995,61.09004600000001,15.272511500000002,22.89207375,legacy_v1_recovered
R-U,1,,505,4,136.273344,73.011979,18.25299475,0.444743,0.11118575,4.6536539999999995,1.1634134999999999,78.110376,19.527594,58.162968000000006,14.540742000000002,34.068336,legacy_v1_recovered
R-U,1,,506,4,157.48419,82.03758400000001,20.509396000000002,0.6579900000000001,0.16449750000000002,4.616849,1.15421225,87.31242300000001,21.828105750000002,70.171767,17.54294175,39.3710475,legacy_v1_recovered
R-U,1,,507,4,127.517441,61.674779,15.41869475,0.532855,0.13321375,4.539621,1.13490525,66.747255,16.68681375,60.77018600000001,15.192546500000002,31.87936025,legacy_v1_recovered
R-U,1,,508,4,131.63912,69.62570099999999,17.406425249999998,0.530922,0.1327305,4.563008,1.140752,74.71963099999999,18.679907749999998,56.919489,14.22987225,32.90978,legacy_v1_recovered
R-U,1,,509,4,128.814624,45.268958,11.3172395,0.489329,0.12233225,4.664028,1.166007,50.422315,12.60557875,78.39230900000001,19.598077250000003,32.203656,legacy_v1_recovered
R-U,1,,510,4,149.336241,83.628142,20.9070355,0.580713,0.14517825,4.594117,1.14852925,88.802972,22.200743,60.533269000000004,15.133317250000001,37.33406025,legacy_v1_recovered
R-U,1,,511,4,86.396952,20.027133,5.00678325,0.481595,0.12039875,4.580748,1.145187,25.089475999999998,6.272368999999999,61.307476,15.326869,21.599238,legacy_v1_recovered
R-U,1,,512,4,85.512701,21.864864,5.466216,0.455899,0.11397475,4.597287,1.14932175,26.91805,6.7295125,58.594651000000006,14.648662750000002,21.37817525,legacy_v1_recovered
R-U,1,,513,4,146.556925,82.92405600000001,20.731014000000002,0.474098,0.1185245,4.582044,1.145511,87.980198,21.9950495,58.576727000000005,14.644181750000001,36.63923125,legacy_v1_recovered
R-U,1,,514,4,79.374604,17.378328,4.344582,0.454374,0.1135935,4.6534759999999995,1.1633689999999999,22.486178000000002,5.621544500000001,56.888426,14.2221065,19.843651,legacy_v1_recovered
R-U,1,,515,4,117.512357,52.984429,13.24610725,0.463435,0.11585875,4.570963,1.14274075,58.018826999999995,14.504706749999999,59.49353,14.8733825,29.37808925,legacy_v1_recovered
R-U,1,,516,4,162.727218,75.132603,18.78315075,0.515176,0.128794,4.693261,1.17331525,80.34103999999999,20.085259999999998,82.386178,20.5965445,40.6818045,legacy_v1_recovered
R-U,1,,517,4,111.964557,44.514441,11.12861025,0.603656,0.150914,4.592815,1.14820375,49.710912,12.427728,62.253645,15.56341125,27.99113925,legacy_v1_recovered
R-U,1,,518,4,151.690805,88.640043,22.16001075,0.430363,0.10759075,4.689317,1.17232925,93.75972300000001,23.439930750000002,57.931082,14.4827705,37.92270125,legacy_v1_recovered
R-U,1,,519,4,86.098066,24.819249,6.20481225,0.461267,0.11531675,4.629688,1.157422,29.910204,7.477551,56.187862,14.0469655,21.5245165,legacy_v1_recovered
R-U,1,,520,4,139.017156,70.021641,17.50541025,0.45999,0.1149975,4.591702,1.1479255,75.073333,18.76833325,63.943822999999995,15.985955749999999,34.754289,legacy_v1_recovered
R-U,1,,521,4,91.598371,23.36231,5.8405775,0.5472750000000001,0.13681875000000002,4.62301,1.1557525,28.532595,7.13314875,63.065776,15.766444,22.89959275,legacy_v1_recovered
R-U,1,,522,4,86.895634,21.741328,5.435332,0.509947,0.12748675,4.549758,1.1374395,26.801033,6.70025825,60.094601,15.02365025,21.7239085,legacy_v1_recovered
R-U,1,,523,4,162.412084,91.805565,22.95139125,0.496088,0.124022,4.732435000000001,1.1831087500000002,97.034088,24.258522,65.377996,16.344499,40.603021,legacy_v1_recovered
R-U,1,,524,4,149.32686,67.377258,16.8443145,0.475419,0.11885475,4.636954,1.1592385,72.489631,18.12240775,76.83722900000001,19.209307250000002,37.331715,legacy_v1_recovered
R-U,1,,525,4,91.972986,25.505795000000003,6.376448750000001,0.552045,0.13801125,4.553821,1.13845525,30.611661,7.65291525,61.36132500000001,15.340331250000002,22.9932465,legacy_v1_recovered
R-U,1,,526,4,101.880015,25.222513,6.30562825,0.454255,0.11356375,9.845566,2.4613915,35.522334,8.8805835,66.357681,16.58942025,25.47000375,legacy_v1_recovered
R-U,1,,527,4,146.174651,54.669528,13.667382,0.574001,0.14350025,4.643799,1.16094975,59.887328000000004,14.971832000000001,86.28732300000001,21.571830750000004,36.54366275,legacy_v1_recovered
R-U,1,,528,4,157.365587,92.94576400000001,23.236441000000003,0.497618,0.1244045,4.659076,1.164769,98.10245800000001,24.525614500000003,59.26312899999999,14.815782249999998,39.34139675,legacy_v1_recovered
R-U,1,,529,4,87.548659,21.77364,5.44341,0.543725,0.13593125,4.509477,1.12736925,26.826842,6.7067105,60.721817,15.18045425,21.88716475,legacy_v1_recovered
R-U,1,,530,4,179.038927,84.96212,21.24053,0.5188699999999999,0.12971749999999999,4.726024,1.181506,90.207014,22.5517535,88.831913,22.20797825,44.75973175,legacy_v1_recovered
R-U,1,,531,4,91.42387,22.403154,5.6007885,0.569787,0.14244675,4.602438,1.1506095,27.575379,6.89384475,63.848490999999996,15.962122749999999,22.8559675,legacy_v1_recovered
R-U,1,,532,4,317.807679,226.75302499999998,56.688256249999995,0.538025,0.13450625,4.728963,1.18224075,232.02001299999998,58.005003249999994,85.78766600000003,21.446916500000007,79.45191975,legacy_v1_recovered
R-U,1,,533,4,78.259983,13.295347,3.32383675,0.351965,0.08799125,4.653056,1.163264,18.300368,4.575092,59.95961500000001,14.989903750000002,19.56499575,legacy_v1_recovered
R-U,1,,534,4,120.219813,51.696539,12.92413475,0.59655,0.1491375,4.600766,1.1501915,56.893855,14.22346375,63.325958,15.8314895,30.05495325,legacy_v1_recovered
R-U,1,,535,4,121.686162,57.712862,14.4282155,0.499649,0.12491225,4.611912,1.152978,62.824422999999996,15.706105749999999,58.861739,14.71543475,30.4215405,legacy_v1_recovered
R-U,1,,536,4,112.840237,21.989956,5.497489,0.466702,0.1166755,4.825321,1.20633025,27.281979,6.82049475,85.558258,21.3895645,28.21005925,legacy_v1_recovered
R-U,1,,537,4,131.258583,61.365604000000005,15.341401000000001,0.453385,0.11334625,4.613334999999999,1.1533337499999998,66.432324,16.608081,64.826259,16.20656475,32.81464575,legacy_v1_recovered
R-U,1,,538,4,87.883798,21.90013,5.4750325,0.47918700000000003,0.11979675000000001,4.577904,1.144476,26.957221,6.73930525,60.926576999999995,15.231644249999999,21.9709495,legacy_v1_recovered
R-U,1,,539,4,149.596682,84.051312,21.012828,0.480007,0.12000175,4.7374279999999995,1.1843569999999999,89.26874699999999,22.317186749999998,60.327935,15.08198375,37.3991705,legacy_v1_recovered
R-U,1,,540,4,155.200148,84.163911,21.04097775,0.480858,0.1202145,4.787265,1.19681625,89.432034,22.3580085,65.76811400000001,16.442028500000003,38.800037,legacy_v1_recovered
R-U,1,,541,4,157.044108,92.030418,23.0076045,0.505298,0.1263245,4.535874,1.1339685,97.07158999999999,24.267897499999997,59.97251800000001,14.993129500000002,39.261027,legacy_v1_recovered
R-U,1,,542,4,204.609841,115.836106,28.9590265,0.423415,0.10585375,4.615378,1.1538445,120.874899,30.21872475,83.73494199999999,20.933735499999997,51.15246025,legacy_v1_recovered
R-U,1,,543,4,75.45924,13.709844,3.427461,0.415516,0.103879,4.74723,1.1868075,18.872590000000002,4.718147500000001,56.58664999999999,14.146662499999998,18.86481,legacy_v1_recovered
R-U,1,,544,4,91.353351,22.611085000000003,5.652771250000001,0.411831,0.10295775,4.6751000000000005,1.1687750000000001,27.698016000000003,6.924504000000001,63.655335,15.91383375,22.83833775,legacy_v1_recovered
R-U,1,,545,4,148.158785,85.438474,21.3596185,0.555797,0.13894925,4.634995,1.15874875,90.629266,22.6573165,57.52951899999999,14.382379749999998,37.03969625,legacy_v1_recovered
R-U,1,,546,4,154.985818,91.412414,22.8531035,0.525624,0.131406,4.571689,1.14292225,96.509727,24.12743175,58.476091,14.61902275,38.7464545,legacy_v1_recovered
R-U,1,,547,4,127.664587,61.975924,15.493981,0.540893,0.13522325,4.716681,1.17917025,67.233498,16.8083745,60.431089,15.10777225,31.91614675,legacy_v1_recovered
R-U,1,,548,4,83.270184,19.093427,4.77335675,0.553771,0.13844275,4.575801,1.14395025,24.222999,6.05574975,59.047185,14.76179625,20.817546,legacy_v1_recovered
R-U,1,,549,4,155.995817,64.226762,16.0566905,0.501597,0.12539925,4.594934,1.1487335,69.32329299999999,17.330823249999998,86.672524,21.668131,38.99895425,legacy_v1_recovered
R-U,1,,550,4,86.84959,20.683699999999998,5.1709249999999995,0.398909,0.09972725,4.675995,1.16899875,25.758604,6.439651,61.09098600000001,15.272746500000002,21.7123975,legacy_v1_recovered
R-U,1,,551,4,94.029409,29.092503999999998,7.2731259999999995,0.348811,0.08720275,4.732730999999999,1.1831827499999998,34.174046,8.5435115,59.855363000000004,14.963840750000001,23.50735225,legacy_v1_recovered
R-U,1,,552,4,208.927121,138.169714,34.5424285,0.564808,0.141202,4.820629,1.20515725,143.555151,35.88878775,65.37197,16.3429925,52.23178025,legacy_v1_recovered
R-U,1,,553,4,100.060667,19.957197999999998,4.9892994999999996,0.478038,0.1195095,4.609617999999999,1.1524044999999998,25.044854,6.2612135,75.015813,18.75395325,25.01516675,legacy_v1_recovered
R-U,1,,554,4,119.993173,53.413659,13.35341475,0.40547999999999995,0.10136999999999999,4.590166,1.1475415,58.409305,14.60232625,61.583867999999995,15.395966999999999,29.99829325,legacy_v1_recovered
R-U,1,,555,4,95.740967,25.049755,6.26243875,0.516158,0.1290395,4.550078,1.1375195,30.115991,7.52899775,65.624976,16.406244,23.93524175,legacy_v1_recovered
R-U,1,,556,4,82.954266,22.343027,5.58575675,0.417689,0.10442225,4.560473,1.14011825,27.321188999999997,6.830297249999999,55.63307700000001,13.908269250000002,20.7385665,legacy_v1_recovered
R-U,1,,557,4,113.766229,22.957068,5.739267,0.568194,0.1420485,4.602664,1.150666,28.127926,7.0319815,85.638303,21.40957575,28.44155725,legacy_v1_recovered
R-U,1,,558,4,131.720523,68.888055,17.22201375,0.497337,0.12433425,4.484973999999999,1.1212434999999998,73.87036599999999,18.467591499999997,57.850156999999996,14.462539249999999,32.93013075,legacy_v1_recovered
R-U,1,,559,4,150.147118,88.109751,22.02743775,0.45641699999999996,0.11410424999999999,4.525774999999999,1.1314437499999999,93.091943,23.27298575,57.055175000000006,14.263793750000001,37.5367795,legacy_v1_recovered
R-U,1,,560,4,147.354847,72.399692,18.099923,0.513505,0.12837625,4.571212,1.142803,77.484409,19.37110225,69.87043800000001,17.467609500000002,36.83871175,legacy_v1_recovered
R-U,1,,561,4,193.641712,129.57847800000002,32.394619500000005,0.499924,0.124981,4.486461,1.12161525,134.564863,33.64121575,59.07684900000001,14.769212250000002,48.410428,legacy_v1_recovered
R-U,1,,562,4,206.148815,114.257724,28.564431,0.44881499999999996,0.11220374999999999,4.601454,1.1503635,119.307993,29.82699825,86.84082200000002,21.710205500000004,51.53720375,legacy_v1_recovered
R-U,1,,563,4,84.020859,18.258582,4.5646455,0.598537,0.14963425,4.613053,1.15326325,23.470172,5.867543,60.550686999999996,15.137671749999999,21.00521475,legacy_v1_recovered
R-U,1,,564,4,222.88184,150.27703400000001,37.569258500000004,0.499678,0.1249195,4.5800860000000005,1.1450215000000001,155.356798,38.8391995,67.52504200000001,16.881260500000003,55.72046,legacy_v1_recovered
R-U,1,,565,4,133.202908,54.356637000000006,13.589159250000002,0.5646720000000001,0.14116800000000002,4.639117000000001,1.1597792500000002,59.56042600000001,14.890106500000002,73.642482,18.4106205,33.300727,legacy_v1_recovered
R-U,1,,566,4,139.927523,75.90594,18.976485,0.336643,0.08416075,4.586263,1.14656575,80.828846,20.2072115,59.09867700000001,14.774669250000002,34.98188075,legacy_v1_recovered
R-U,1,,567,4,139.415738,74.372344,18.593086,0.512301,0.12807525,4.536598,1.1341495,79.42124299999999,19.855310749999997,59.994495000000015,14.998623750000004,34.8539345,legacy_v1_recovered
R-U,1,,568,4,89.61868,20.295462,5.0738655,0.408741,0.10218525,4.701769,1.17544225,25.405972,6.351493,64.21270799999999,16.053176999999998,22.40467,legacy_v1_recovered
R-U,1,,569,4,100.03923,22.096218,5.5240545,0.535527,0.13388175,4.7599089999999995,1.1899772499999999,27.391654,6.8479135,72.647576,18.161894,25.0098075,legacy_v1_recovered
R-U,1,,570,4,142.532861,74.519515,18.62987875,0.408325,0.10208125,4.561771,1.14044275,79.489611,19.87240275,63.04325,15.7608125,35.63321525,legacy_v1_recovered
R-U,1,,571,4,136.977777,72.78681,18.1967025,0.607154,0.1517885,4.561921,1.14048025,77.955885,19.48897125,59.02189200000001,14.755473000000002,34.24444425,legacy_v1_recovered
R-U,1,,572,4,142.993139,75.99567400000001,18.998918500000002,0.489426,0.1223565,4.566507,1.14162675,81.051607,20.26290175,61.94153200000001,15.485383000000002,35.74828475,legacy_v1_recovered
R-U,1,,573,4,139.481354,74.438881,18.60972025,0.605938,0.1514845,4.54999,1.1374975,79.59480899999998,19.898702249999996,59.88654500000003,14.971636250000007,34.8703385,legacy_v1_recovered
R-U,1,,574,4,96.229226,30.425451000000002,7.606362750000001,0.43508800000000003,0.10877200000000001,4.638452,1.159613,35.498991000000004,8.874747750000001,60.73023499999999,15.182558749999998,24.0573065,legacy_v1_recovered
R-U,1,,575,4,85.218735,17.696289,4.42407225,0.484215,0.12105375,4.709549,1.17738725,22.890052999999998,5.7225132499999996,62.328682,15.5821705,21.30468375,legacy_v1_recovered
R-U,1,,576,4,127.26946,49.663915,12.41597875,0.44452,0.11113,4.646369,1.16159225,54.754804,13.688701,72.514656,18.128664,31.817365,legacy_v1_recovered
R-U,1,,577,4,141.120284,72.43128,18.10782,0.525335,0.13133375,4.6232240000000004,1.1558060000000001,77.57983899999999,19.394959749999998,63.540445000000005,15.885111250000001,35.280071,legacy_v1_recovered
R-U,1,,578,4,274.351926,210.240916,52.560229,0.52737,0.1318425,4.812239,1.20305975,215.580525,53.89513125,58.771401,14.69285025,68.5879815,legacy_v1_recovered
R-U,1,,579,4,81.802367,17.361588,4.340397,0.376344,0.094086,4.933561,1.23339025,22.671493,5.66787325,59.130874000000006,14.782718500000001,20.45059175,legacy_v1_recovered
R-U,1,,580,4,147.793937,74.875615,18.71890375,0.450268,0.112567,8.765568,2.191392,84.09145099999999,21.022862749999998,63.70248600000001,15.925621500000002,36.94848425,legacy_v1_recovered
R-U,1,,581,4,158.892784,75.080366,18.7700915,0.547555,0.13688875,4.648626999999999,1.1621567499999998,80.276548,20.069137,78.616236,19.654059,39.723196,legacy_v1_recovered
R-U,1,,582,4,88.471944,23.422909,5.85572725,0.47986700000000004,0.11996675000000001,4.780285,1.19507125,28.683061,7.17076525,59.788883,14.94722075,22.117986,legacy_v1_recovered
R-U,1,,583,4,97.587495,29.17369,7.2934225,0.53045,0.1326125,4.568648,1.142162,34.272788,8.568197,63.314707000000006,15.828676750000001,24.39687375,legacy_v1_recovered
R-U,1,,584,4,121.65414,58.251787,14.56294675,0.531362,0.1328405,5.7672170000000005,1.4418042500000001,64.550366,16.1375915,57.103774,14.2759435,30.413535,legacy_v1_recovered
R-U,1,,585,4,145.641355,73.307091,18.32677275,0.520359,0.13008975,4.974050999999999,1.2435127499999998,78.801501,19.70037525,66.839854,16.7099635,36.41033875,legacy_v1_recovered
R-U,1,,586,4,115.232549,49.141036,12.285259,0.4767,0.119175,4.844693,1.21117325,54.462429,13.61560725,60.770120000000006,15.192530000000001,28.80813725,legacy_v1_recovered
R-U,1,,587,4,86.487778,22.561184,5.640296,0.478719,0.11967975,4.771477,1.19286925,27.811380000000003,6.952845000000001,58.676398000000006,14.669099500000002,21.6219445,legacy_v1_recovered
R-U,1,,588,4,91.526297,28.924208,7.231052,0.482834,0.1207085,4.707262,1.1768155,34.114304000000004,8.528576000000001,57.411992999999995,14.352998249999999,22.88157425,legacy_v1_recovered
R-U,1,,589,4,153.539231,87.316924,21.829231,0.402829,0.10070725,4.571648,1.142912,92.291401,23.07285025,61.24783000000001,15.311957500000002,38.38480775,legacy_v1_recovered
R-U,1,,590,4,171.519803,108.752135,27.18803375,0.44979600000000003,0.11244900000000001,4.6402280000000005,1.1600570000000001,113.84215900000001,28.460539750000002,57.67764399999999,14.419410999999997,42.87995075,legacy_v1_recovered
R-U,1,,591,4,185.365377,94.529351,23.63233775,0.50181,0.1254525,4.746316,1.186579,99.777477,24.94436925,85.58789999999999,21.396974999999998,46.34134425,legacy_v1_recovered
R-U,1,,592,4,82.641976,16.23918,4.059795,0.503911,0.12597775,4.518746999999999,1.1296867499999999,21.261837999999997,5.315459499999999,61.380138,15.3450345,20.660494,legacy_v1_recovered
R-U,1,,593,4,86.991556,22.066966999999998,5.5167417499999996,0.405732,0.101433,4.585224,1.146306,27.057923,6.76448075,59.933633,14.98340825,21.747889,legacy_v1_recovered
R-U,1,,594,4,147.260707,84.658699,21.16467475,0.692287,0.17307175,4.518856,1.129714,89.86984199999999,22.467460499999998,57.390865000000005,14.347716250000001,36.81517675,legacy_v1_recovered
R-U,1,,595,4,171.167947,101.42428699999999,25.356071749999998,0.366015,0.09150375,4.599679,1.14991975,106.38998099999999,26.597495249999998,64.777966,16.1944915,42.79198675,legacy_v1_recovered
R-U,1,,596,4,194.577946,133.178751,33.29468775,0.503333,0.12583325,4.546319,1.13657975,138.22840300000001,34.557100750000004,56.34954299999998,14.087385749999996,48.6444865,legacy_v1_recovered
R-U,1,,597,4,115.855281,50.137334,12.5343335,0.574026,0.1435065,4.64916,1.16229,55.36052000000001,13.840130000000002,60.494761,15.12369025,28.96382025,legacy_v1_recovered
R-U,1,,598,4,106.763153,17.945129,4.48628225,0.470955,0.11773875,4.659578,1.1648945,23.075662,5.7689155,83.687491,20.92187275,26.69078825,legacy_v1_recovered
R-U,1,,599,4,122.198638,54.751465,13.68786625,0.456993,0.11424825,4.5238949999999996,1.1309737499999999,59.732353,14.93308825,62.466285,15.61657125,30.5496595,legacy_v1_recovered
R-U,1,,600,4,135.646434,69.958186,17.4895465,0.346555,0.08663875,4.587496,1.146874,74.892237,18.72305925,60.754197000000005,15.188549250000001,33.9116085,legacy_v1_recovered
R-U,1,,601,4,101.800982,20.308155,5.07703875,0.450979,0.11274475,4.883434,1.2208585,25.642568,6.410642,76.15841400000001,19.039603500000002,25.4502455,legacy_v1_recovered
R-U,1,,602,4,133.699536,54.901648,13.725412,0.528535,0.13213375,4.5764949999999995,1.1441237499999999,60.006678,15.0016695,73.692858,18.4232145,33.424884,legacy_v1_recovered
R-U,1,,603,4,86.090021,21.842997,5.46074925,0.459098,0.1147745,4.509639,1.12740975,26.811734,6.7029335,59.27828699999999,14.819571749999998,21.52250525,legacy_v1_recovered
R-U,1,,604,4,136.897598,74.133194,18.5332985,0.350391,0.08759775,4.69367,1.1734175,79.177255,19.79431375,57.720342999999986,14.430085749999996,34.2243995,legacy_v1_recovered
R-U,1,,605,4,145.256981,61.216397,15.30409925,0.453698,0.1134245,4.600788,1.150197,66.270883,16.56772075,78.986098,19.7465245,36.31424525,legacy_v1_recovered
R-U,1,,606,4,120.521957,52.829625,13.20740625,0.584238,0.1460595,4.611636,1.152909,58.025498999999996,14.506374749999999,62.496458000000004,15.624114500000001,30.13048925,legacy_v1_recovered
R-U,1,,607,4,83.564724,21.867394,5.4668485,0.533832,0.133458,4.588771,1.14719275,26.989997000000002,6.747499250000001,56.574726999999996,14.143681749999999,20.891181,legacy_v1_recovered
R-U,1,,608,4,142.11736,71.519891,17.87997275,0.514178,0.1285445,5.048085,1.26202125,77.082154,19.2705385,65.03520599999999,16.258801499999997,35.52934,legacy_v1_recovered
R-U,1,,609,4,99.708885,20.495592000000002,5.1238980000000005,0.534498,0.1336245,4.702145,1.17553625,25.732235000000003,6.433058750000001,73.97664999999999,18.494162499999998,24.92722125,legacy_v1_recovered
R-U,1,,610,4,93.724869,28.895509,7.22387725,0.528069,0.13201725,4.709888,1.177472,34.133466,8.5333665,59.591403,14.89785075,23.43121725,legacy_v1_recovered
R-U,1,,611,4,130.702959,66.313795,16.57844875,0.45010700000000003,0.11252675000000001,5.357266,1.3393165,72.121168,18.030292,58.581790999999996,14.645447749999999,32.67573975,legacy_v1_recovered
R-U,1,,612,4,141.646494,49.550604,12.387651,0.511681,0.12792025,4.74034,1.185085,54.802625000000006,13.700656250000002,86.84386899999998,21.710967249999996,35.4116235,legacy_v1_recovered
R-U,1,,613,4,91.79002,22.071856999999998,5.5179642499999995,0.415653,0.10391325,4.581047,1.14526175,27.068557,6.76713925,64.721463,16.18036575,22.947505,legacy_v1_recovered
R-U,1,,614,4,138.557657,72.932813,18.23320325,0.461133,0.11528325,4.542153,1.13553825,77.936099,19.48402475,60.62155800000001,15.155389500000002,34.63941425,legacy_v1_recovered
R-U,1,,615,4,90.863226,26.201134,6.5502835,0.481775,0.12044375,4.653086,1.1632715,31.335994999999997,7.833998749999999,59.527231,14.88180775,22.7158065,legacy_v1_recovered
R-U,1,,616,4,110.829895,22.221965,5.55549125,0.548371,0.13709275,4.764843,1.19121075,27.535179,6.88379475,83.294716,20.823679,27.70747375,legacy_v1_recovered
R-U,1,,617,4,103.287887,32.365133,8.09128325,0.526151,0.13153775,4.536027,1.13400675,37.427310999999996,9.356827749999999,65.86057600000001,16.465144000000002,25.82197175,legacy_v1_recovered
R-U,1,,618,4,234.056814,170.129002,42.5322505,0.505113,0.12627825,4.622730000000001,1.1556825000000002,175.256845,43.81421125,58.799969000000004,14.699992250000001,58.5142035,legacy_v1_recovered
R-U,1,,619,4,106.482665,13.518547,3.37963675,0.414364,0.103591,4.6187830000000005,1.1546957500000001,18.551694,4.6379235,87.930971,21.98274275,26.62066625,legacy_v1_recovered
R-U,1,,620,4,102.337864,32.750377,8.18759425,0.48616400000000004,0.12154100000000001,4.650626,1.1626565,37.887167000000005,9.471791750000001,64.45069699999999,16.112674249999998,25.584466,legacy_v1_recovered
R-U,1,,621,4,209.068845,143.640927,35.91023175,0.479358,0.1198395,4.626208,1.156552,148.746493,37.18662325,60.32235200000002,15.080588000000006,52.26721125,legacy_v1_recovered
R-U,1,,622,4,124.836452,41.307154,10.3267885,0.5814429999999999,0.14536074999999998,4.58479,1.1461975,46.473386999999995,11.618346749999999,78.363065,19.59076625,31.209113,legacy_v1_recovered
R-U,1,,623,4,87.243871,21.801243,5.45031075,0.519207,0.12980175,4.450833,1.11270825,26.771283,6.69282075,60.472588,15.118147,21.81096775,legacy_v1_recovered
R-U,1,,624,4,176.892382,113.233181,28.30829525,0.5774590000000001,0.14436475000000001,4.540788,1.135197,118.35142800000001,29.587857000000003,58.540953999999985,14.635238499999996,44.2230955,legacy_v1_recovered
R-U,1,,625,4,147.478258,56.512682,14.1281705,0.584033,0.14600825,4.629909,1.15747725,61.726623999999994,15.431655999999998,85.75163400000002,21.437908500000006,36.8695645,legacy_v1_recovered
R-U,1,,626,4,202.538328,138.805285,34.70132125,0.517024,0.129256,4.661805,1.16545125,143.98411399999998,35.996028499999994,58.55421400000003,14.638553500000008,50.634582,legacy_v1_recovered
R-U,1,,627,4,78.09155,15.739816,3.934954,0.583585,0.14589625,4.690151,1.17253775,21.013552,5.253388,57.077997999999994,14.269499499999998,19.5228875,legacy_v1_recovered
R-U,1,,628,4,93.428317,21.86776,5.46694,0.584849,0.14621225,4.730367,1.18259175,27.182976,6.795744,66.24534100000001,16.561335250000003,23.35707925,legacy_v1_recovered
R-U,1,,629,4,132.256388,49.014153,12.25353825,0.520682,0.1301705,4.60227,1.1505675,54.137105,13.53427625,78.119283,19.52982075,33.064097,legacy_v1_recovered
R-U,1,,630,4,89.811359,22.20069,5.5501725,0.546158,0.1365395,4.622228,1.155557,27.369076,6.842269,62.442282999999996,15.610570749999999,22.45283975,legacy_v1_recovered
R-U,1,,631,4,183.859072,116.781607,29.19540175,0.576894,0.1442235,4.861108,1.215277,122.21960899999999,30.554902249999998,61.639463000000006,15.409865750000002,45.964768,legacy_v1_recovered
R-U,1,,632,4,191.378411,121.439313,30.35982825,0.542171,0.13554275,4.6835059999999995,1.1708764999999999,126.66498999999999,31.666247499999997,64.71342100000001,16.178355250000003,47.84460275,legacy_v1_recovered
R-U,1,,633,4,124.283021,57.8774,14.46935,0.474937,0.11873425,4.517669,1.12941725,62.870006,15.7175015,61.41301500000001,15.353253750000002,31.07075525,legacy_v1_recovered
R-U,1,,634,4,88.597612,24.936647,6.23416175,0.48645,0.1216125,4.656775,1.16419375,30.079872,7.519968,58.517739999999996,14.629434999999999,22.149403,legacy_v1_recovered
R-U,1,,635,4,162.443473,96.920276,24.230069,0.353175,0.08829375,5.2601949999999995,1.3150487499999999,102.53364599999999,25.633411499999998,59.90982700000002,14.977456750000005,40.61086825,legacy_v1_recovered
R-U,1,,636,4,104.902158,42.65028,10.66257,0.437778,0.1094445,4.604516,1.151129,47.69257400000001,11.923143500000002,57.20958399999999,14.302395999999998,26.2255395,legacy_v1_recovered
R-U,1,,637,4,83.979486,19.491171,4.87279275,0.43447900000000006,0.10861975000000001,4.5743849999999995,1.1435962499999999,24.500035,6.12500875,59.479451,14.86986275,20.9948715,legacy_v1_recovered
R-U,1,,638,4,163.805465,73.268416,18.317104,0.489626,0.1224065,5.179672,1.294918,78.937714,19.7344285,84.867751,21.21693775,40.95136625,legacy_v1_recovered
R-U,1,,639,4,96.999162,25.329549,6.33238725,0.536125,0.13403125,4.697943,1.17448575,30.563617,7.64090425,66.43554499999999,16.608886249999998,24.2497905,legacy_v1_recovered
R-U,1,,640,4,90.646587,26.465968,6.616492,0.402242,0.1005605,4.56885,1.1422125,31.437060000000002,7.859265000000001,59.209526999999994,14.802381749999999,22.66164675,legacy_v1_recovered
R-U,1,,641,4,154.61755,92.36478399999999,23.091195999999997,0.439173,0.10979325,4.63402,1.158505,97.43797699999999,24.359494249999997,57.179573000000005,14.294893250000001,38.6543875,legacy_v1_recovered
R-U,1,,642,4,126.933717,44.214867999999996,11.053716999999999,0.429801,0.10745025,4.659153,1.16478825,49.303822,12.3259555,77.629895,19.40747375,31.73342925,legacy_v1_recovered
R-U,1,,643,4,130.3858,66.330023,16.58250575,0.558551,0.13963775,4.585287,1.14632175,71.47386099999999,17.868465249999996,58.911939000000004,14.727984750000001,32.59645,legacy_v1_recovered
R-U,1,,644,4,193.056078,126.47438700000001,31.618596750000002,0.471131,0.11778275,4.744057,1.18601425,131.68957500000002,32.922393750000005,61.366502999999994,15.341625749999999,48.2640195,legacy_v1_recovered
R-U,1,,645,4,118.414719,41.261018,10.3152545,0.594281,0.14857025,5.32508,1.33127,47.180379,11.79509475,71.23434,17.808585,29.60367975,legacy_v1_recovered
R-U,1,,646,4,212.620969,141.439204,35.359801,0.564404,0.141101,4.988556,1.247139,146.99216399999997,36.74804099999999,65.62880500000003,16.407201250000007,53.15524225,legacy_v1_recovered
R-U,1,,647,4,147.202923,58.743305,14.68582625,0.44774400000000003,0.11193600000000001,5.673007,1.41825175,64.864056,16.216014,82.338867,20.58471675,36.80073075,legacy_v1_recovered
R-U,1,,648,4,107.153353,42.48692,10.62173,0.5026229999999999,0.12565574999999998,2.8237579999999998,0.7059394999999999,45.813300999999996,11.453325249999999,61.340052,15.335013,26.78833825,legacy_v1_recovered
R-U,1,,649,4,127.382042,64.618336,16.154584,0.429949,0.10748725,4.523987,1.13099675,69.572272,17.393068,57.80977,14.4524425,31.8455105,legacy_v1_recovered
R-U,1,,650,4,113.623603,53.240061999999995,13.310015499999999,0.49669399999999997,0.12417349999999999,4.603109,1.15077725,58.33986499999999,14.584966249999997,55.283738000000014,13.820934500000003,28.40590075,legacy_v1_recovered
R-U,1,,651,4,135.200473,66.958076,16.739519,0.624822,0.1562055,4.571206,1.1428015,72.154104,18.038526,63.046368999999984,15.761592249999996,33.80011825,legacy_v1_recovered
R-U,1,,652,4,111.62255,50.4049,12.601225,0.45617599999999997,0.11404399999999999,3.0837820000000002,0.7709455000000001,53.944857999999996,13.486214499999999,57.67769200000001,14.419423000000002,27.9056375,legacy_v1_recovered
R-U,1,,653,4,132.935929,66.735287,16.68382175,0.529336,0.132334,6.477225000000001,1.6193062500000002,73.741848,18.435462,59.19408099999998,14.798520249999996,33.23398225,legacy_v1_recovered
R-U,1,,654,4,165.112365,83.12508,20.78127,0.540743,0.13518575,4.710442,1.1776105,88.376265,22.09406625,76.73610000000001,19.184025000000002,41.27809125,legacy_v1_recovered
R-U,1,,655,4,81.354155,17.852058,4.4630145,0.528743,0.13218575,4.514825,1.12870625,22.895626,5.7239065,58.458529000000006,14.614632250000001,20.33853875,legacy_v1_recovered
R-U,1,,656,4,94.427511,25.855057000000002,6.4637642500000005,0.497528,0.124382,4.61409,1.1535225,30.966675000000002,7.7416687500000005,63.46083599999999,15.865208999999998,23.60687775,legacy_v1_recovered
R-U,1,,657,4,116.963717,54.243246,13.5608115,0.528727,0.13218175,4.569896,1.142474,59.341869,14.83546725,57.621848,14.405462,29.24092925,legacy_v1_recovered
R-U,1,,658,4,155.978736,83.223853,20.80596325,0.454478,0.1136195,4.623953,1.15598825,88.302284,22.075571,67.676452,16.919113,38.994684,legacy_v1_recovered
R-U,1,,659,4,139.836618,75.95892599999999,18.989731499999998,0.586395,0.14659875,4.609948,1.152487,81.15526899999999,20.288817249999997,58.681349,14.67033725,34.9591545,legacy_v1_recovered
R-U,1,,660,4,84.258426,19.072332,4.768083,0.487993,0.12199825,4.583371,1.14584275,24.143696,6.035924,60.11473,15.0286825,21.0646065,legacy_v1_recovered
R-U,1,,661,4,98.391076,29.996000000000002,7.4990000000000006,0.498846,0.1247115,4.769602,1.1924005,35.264448,8.816112,63.126628,15.781657,24.597769,legacy_v1_recovered
R-U,1,,662,4,163.813605,87.673082,21.9182705,0.48822299999999996,0.12205574999999999,4.694744,1.173686,92.856049,23.21401225,70.957556,17.739389,40.95340125,legacy_v1_recovered
R-U,1,,663,4,91.792003,25.581889,6.39547225,0.32316999999999996,0.08079249999999999,4.79023,1.1975575,30.695289000000002,7.673822250000001,61.09671399999999,15.274178499999998,22.94800075,legacy_v1_recovered
R-U,1,,664,4,118.468396,55.372419,13.84310475,0.422651,0.10566275,4.714304,1.178576,60.509374,15.1273435,57.959022,14.4897555,29.617099,legacy_v1_recovered
R-U,1,,665,4,171.442876,101.659652,25.414913,0.499392,0.124848,4.68167,1.1704175,106.84071399999999,26.710178499999998,64.60216200000002,16.150540500000005,42.860719,legacy_v1_recovered
R-U,1,,666,4,170.743558,104.77081,26.1927025,0.503185,0.12579625,4.601951,1.15048775,109.875946,27.4689865,60.86761200000001,15.216903000000002,42.6858895,legacy_v1_recovered
R-U,1,,667,4,120.026078,58.595901999999995,14.648975499999999,0.562133,0.14053325,4.595381,1.14884525,63.753416,15.938354,56.272662,14.0681655,30.0065195,legacy_v1_recovered
R-U,1,,668,4,137.397323,66.07239,16.5180975,0.47501,0.1187525,4.62317,1.1557925,71.17057,17.7926425,66.226753,16.55668825,34.34933075,legacy_v1_recovered
R-U,1,,669,4,139.687166,73.357908,18.339477,0.44209,0.1105225,4.590234000000001,1.1475585000000001,78.39023199999998,19.597557999999996,61.29693400000001,15.324233500000002,34.9217915,legacy_v1_recovered
R-U,1,,670,4,86.743905,22.215093,5.55377325,0.570237,0.14255925,5.416843,1.35421075,28.202173,7.05054325,58.541731999999996,14.635432999999999,21.68597625,legacy_v1_recovered
R-U,1,,671,4,86.702863,22.136449,5.53411225,0.447649,0.11191225,4.922829,1.23070725,27.506926999999997,6.876731749999999,59.195935999999996,14.798983999999999,21.67571575,legacy_v1_recovered
R-U,1,,672,4,109.533163,26.236133,6.55903325,0.343653,0.08591325,4.610927,1.15273175,31.190713,7.79767825,78.34245,19.5856125,27.38329075,legacy_v1_recovered
R-U,1,,673,4,137.651899,73.591178,18.3977945,0.494824,0.123706,4.67441,1.1686025,78.76041199999999,19.690102999999997,58.891487,14.72287175,34.41297475,legacy_v1_recovered
R-U,1,,674,4,87.065693,20.526881,5.13172025,0.583843,0.14596075,4.739333,1.18483325,25.850057,6.46251425,61.215635999999996,15.303908999999999,21.76642325,legacy_v1_recovered
R-U,1,,675,4,90.722817,25.979242,6.4948105,0.574815,0.14370375,4.799596,1.199899,31.353653,7.83841325,59.369164000000005,14.842291000000001,22.68070425,legacy_v1_recovered
R-U,1,,676,4,108.918044,25.827714,6.4569285,0.465815,0.11645375,4.538118,1.1345295,30.831647,7.70791175,78.08639699999999,19.521599249999998,27.229511,legacy_v1_recovered
R-U,1,,677,4,204.353739,136.635596,34.158899,0.672246,0.1680615,4.521948,1.130487,141.82979,35.4574475,62.52394899999999,15.630987249999997,51.08843475,legacy_v1_recovered
R-U,1,,678,4,99.871324,37.91679,9.4791975,0.427733,0.10693325,4.645341999999999,1.1613354999999999,42.989865,10.74746625,56.881459,14.22036475,24.967831,legacy_v1_recovered
R-U,1,,679,4,145.186363,81.185886,20.2964715,0.569123,0.14228075,4.520318,1.1300795,86.275327,21.56883175,58.911035999999996,14.727758999999999,36.29659075,legacy_v1_recovered
R-U,1,,680,4,82.279163,20.740282,5.1850705,0.473017,0.11825425,4.653503,1.16337575,25.866802,6.4667005,56.412361,14.10309025,20.56979075,legacy_v1_recovered
R-U,1,,681,4,138.235827,72.913542,18.2283855,0.535771,0.13394275,5.351231,1.33780775,78.800544,19.700136,59.435283,14.85882075,34.55895675,legacy_v1_recovered
R-U,1,,682,4,91.310855,22.005811,5.50145275,0.502915,0.12572875,4.819756,1.204939,27.328482,6.8321205,63.982373,15.99559325,22.82771375,legacy_v1_recovered
R-U,1,,683,4,174.359278,97.108204,24.277051,0.496635,0.12415875,4.751536,1.187884,102.356375,25.58909375,72.00290299999999,18.000725749999997,43.5898195,legacy_v1_recovered
R-U,1,,684,4,113.774262,48.326414,12.0816035,0.455438,0.1138595,4.592826,1.1482065,53.374678,13.3436695,60.39958399999999,15.099895999999998,28.4435655,legacy_v1_recovered
R-U,1,,685,4,82.320489,18.169539999999998,4.5423849999999995,0.462518,0.1156295,4.64061,1.1601525,23.272667999999996,5.818166999999999,59.047821,14.76195525,20.58012225,legacy_v1_recovered
R-U,1,,686,4,156.718194,85.173356,21.293339,0.421952,0.105488,4.656532,1.164133,90.25184,22.56296,66.46635400000001,16.616588500000002,39.1795485,legacy_v1_recovered
R-U,1,,687,4,145.527113,82.057964,20.514491,0.46412,0.11603,4.704268,1.176067,87.22635199999999,21.806587999999998,58.30076100000002,14.575190250000006,36.38177825,legacy_v1_recovered
R-U,1,,688,4,110.346327,46.798668,11.699667,0.448503,0.11212575,4.54932,1.13733,51.796491,12.94912275,58.549836,14.637459,27.58658175,legacy_v1_recovered
R-U,1,,689,4,152.805282,70.615402,17.6538505,0.484176,0.121044,4.6845799999999995,1.1711449999999999,75.784158,18.9460395,77.021124,19.255281,38.2013205,legacy_v1_recovered
R-U,1,,690,4,82.342673,20.434587,5.10864675,0.486328,0.121582,4.578405,1.14460125,25.49932,6.37483,56.84335300000001,14.210838250000002,20.58566825,legacy_v1_recovered
R-U,1,,691,4,86.092259,22.109890999999998,5.527472749999999,0.525732,0.131433,4.583129,1.14578225,27.218752,6.804688,58.873507000000004,14.718376750000001,21.52306475,legacy_v1_recovered
R-U,1,,692,4,152.951678,90.713615,22.67840375,0.49028,0.12257,4.677466,1.1693665,95.881361,23.97034025,57.07031699999999,14.267579249999997,38.2379195,legacy_v1_recovered
R-U,1,,693,4,114.625088,26.031679,6.50791975,0.527131,0.13178275,4.663741,1.16593525,31.222551000000003,7.805637750000001,83.402537,20.85063425,28.656272,legacy_v1_recovered
R-U,1,,694,4,124.931931,59.075484,14.768871,0.511702,0.1279255,4.609408,1.152352,64.196594,16.0491485,60.735337,15.18383425,31.23298275,legacy_v1_recovered
R-U,1,,695,4,85.244041,21.824672,5.456168,0.422249,0.10556225,4.536624,1.134156,26.783545,6.69588625,58.46049599999999,14.615123999999998,21.31101025,legacy_v1_recovered
R-U,1,,696,4,117.641567,53.976801,13.49420025,0.450836,0.112709,4.620594,1.1551485,59.048231,14.76205775,58.593335999999994,14.648333999999998,29.41039175,legacy_v1_recovered
R-U,1,,697,4,149.621266,85.58351599999999,21.395878999999997,0.493823,0.12345575,4.651444,1.162861,90.72878299999999,22.682195749999998,58.892483,14.72312075,37.4053165,legacy_v1_recovered
R-U,1,,698,4,77.97844,16.622405,4.15560125,0.425352,0.106338,4.583286,1.1458215,21.631043000000002,5.4077607500000004,56.347397,14.08684925,19.49461,legacy_v1_recovered
R-U,1,,699,4,124.48068,57.282413,14.32060325,0.527165,0.13179125,4.610177,1.15254425,62.419754999999995,15.604938749999999,62.06092500000001,15.515231250000003,31.12017,legacy_v1_recovered
R-U,1,,700,4,85.375823,22.799686,5.6999215,0.414329,0.10358225,4.572906,1.1432265,27.786921,6.94673025,57.588902,14.3972255,21.34395575,legacy_v1_recovered
R-U,1,,701,4,114.422172,26.800192,6.700048,0.477737,0.11943425,4.668698,1.1671745,31.946627,7.98665675,82.47554500000001,20.618886250000003,28.605543,legacy_v1_recovered
R-U,1,,702,4,203.901197,134.721492,33.680373,0.486302,0.1215755,4.602848,1.150712,139.810642,34.9526605,64.090555,16.02263875,50.97529925,legacy_v1_recovered
R-U,1,,703,4,152.353932,75.53556999999999,18.883892499999998,0.5120629999999999,0.12801574999999998,4.8310580000000005,1.2077645000000001,80.87869099999999,20.219672749999997,71.475241,17.86881025,38.088483,legacy_v1_recovered
R-U,1,,704,4,101.702997,21.921525,5.48038125,0.48720399999999997,0.12180099999999999,4.631471,1.15786775,27.0402,6.76005,74.662797,18.66569925,25.42574925,legacy_v1_recovered
R-U,1,,705,4,137.699392,72.241639,18.06040975,0.580434,0.1451085,4.738671,1.18466775,77.560744,19.390186,60.13864799999999,15.034661999999997,34.424848,legacy_v1_recovered
R-U,1,,706,4,93.840052,23.105283,5.77632075,0.46908400000000006,0.11727100000000001,9.845797,2.46144925,33.420164,8.355041,60.419888,15.104972,23.460013,legacy_v1_recovered
R-U,1,,707,4,153.810909,70.192999,17.54824975,0.192803,0.04820075,4.713437,1.17835925,75.099239,18.77480975,78.71167000000001,19.677917500000003,38.45272725,legacy_v1_recovered
R-U,1,,708,4,210.495054,140.574072,35.143518,0.451243,0.11281075,4.658697,1.16467425,145.684012,36.421003,64.81104200000001,16.202760500000004,52.6237635,legacy_v1_recovered
R-U,1,,709,4,75.20478,13.593620999999999,3.3984052499999997,0.583774,0.1459435,4.612175,1.15304375,18.789569999999998,4.697392499999999,56.41521,14.1038025,18.801195,legacy_v1_recovered
R-U,1,,710,4,170.21503,99.96553700000001,24.991384250000003,0.544365,0.13609125,4.671196,1.167799,105.181098,26.2952745,65.03393200000001,16.258483000000002,42.5537575,legacy_v1_recovered
R-U,1,,711,4,80.255745,16.114448,4.028612,0.515752,0.128938,4.753843,1.18846075,21.384043,5.34601075,58.871702000000006,14.717925500000002,20.06393625,legacy_v1_recovered
R-U,1,,712,4,270.151469,183.353918,45.8384795,0.531473,0.13286825,4.835619,1.20890475,188.72101,47.1802525,81.43045900000001,20.357614750000003,67.53786725,legacy_v1_recovered
R-U,1,,713,4,93.320959,19.428116,4.857029,0.49243000000000003,0.12310750000000001,4.632441,1.15811025,24.552986999999998,6.1382467499999995,68.767972,17.191993,23.33023975,legacy_v1_recovered
R-U,1,,714,4,91.949298,21.943153,5.48578825,0.473684,0.118421,4.558349,1.13958725,26.975185999999997,6.743796499999999,64.974112,16.243528,22.9873245,legacy_v1_recovered
R-U,1,,715,4,142.339381,71.901684,17.975421,0.569189,0.14229725,4.676217,1.16905425,77.14708999999999,19.286772499999998,65.19229100000001,16.298072750000003,35.58484525,legacy_v1_recovered
R-U,1,,716,4,112.337253,20.458232,5.114558,0.601178,0.1502945,4.717262,1.1793155,25.776671999999998,6.4441679999999995,86.56058100000001,21.640145250000003,28.08431325,legacy_v1_recovered
R-U,1,,717,4,134.144218,58.461833,14.61545825,0.544373,0.13609325,4.636328,1.159082,63.642534,15.9106335,70.501684,17.625421,33.5360545,legacy_v1_recovered
R-U,1,,718,4,93.006642,24.995882,6.2489705,0.613695,0.15342375,4.699659,1.17491475,30.309236000000002,7.5773090000000005,62.697406,15.6743515,23.2516605,legacy_v1_recovered
R-U,1,,719,4,99.358816,22.22192,5.55548,0.572117,0.14302925,11.090861,2.77271525,33.884898,8.4712245,65.473918,16.3684795,24.839704,legacy_v1_recovered
R-U,1,,720,4,146.48491,52.227601,13.05690025,0.5953740000000001,0.14884350000000002,4.751941,1.18798525,57.574916,14.393729,88.90999400000001,22.227498500000003,36.6212275,legacy_v1_recovered
R-U,1,,721,4,158.725098,91.628585,22.90714625,0.518822,0.1297055,4.687908,1.171977,96.83531500000001,24.208828750000002,61.889782999999994,15.472445749999999,39.6812745,legacy_v1_recovered
R-U,1,,722,4,163.560109,99.57992,24.89498,0.567148,0.141787,4.6831059999999995,1.1707764999999999,104.830174,26.2075435,58.72993500000001,14.682483750000003,40.89002725,legacy_v1_recovered
R-U,1,,723,4,233.246756,164.701369,41.17534225,0.510828,0.127707,4.700583,1.17514575,169.91278,42.478195,63.33397600000001,15.833494000000002,58.311689,legacy_v1_recovered
R-U,1,,724,4,136.794488,72.638935,18.15973375,0.545496,0.136374,4.92623,1.2315575,78.11066100000001,19.527665250000002,58.683826999999994,14.670956749999998,34.198622,legacy_v1_recovered
R-U,1,,725,4,185.838738,96.470166,24.1175415,0.487393,0.12184825,4.7582629999999995,1.1895657499999999,101.715822,25.4289555,84.122916,21.030729,46.4596845,legacy_v1_recovered
R-U,1,,726,4,122.084449,53.854327,13.46358175,0.56398,0.140995,4.640214,1.1600535,59.058521,14.76463025,63.02592800000001,15.756482000000002,30.52111225,legacy_v1_recovered
R-U,1,,727,4,92.995824,27.020072,6.755018,0.35360199999999997,0.08840049999999999,4.620239,1.15505975,31.993913,7.99847825,61.001911,15.25047775,23.248956,legacy_v1_recovered
R-U,1,,728,4,118.883669,54.322590999999996,13.580647749999999,0.4853,0.121325,4.800572,1.200143,59.608463,14.90211575,59.275206,14.8188015,29.72091725,legacy_v1_recovered
R-U,1,,729,4,107.84481,22.594463,5.64861575,0.480079,0.12001975,4.6549689999999995,1.1637422499999999,27.729511000000002,6.932377750000001,80.115299,20.02882475,26.9612025,legacy_v1_recovered
R-U,1,,730,4,83.857937,21.882897,5.47072425,0.402277,0.10056925,4.524806,1.1312015,26.809980000000003,6.702495000000001,57.047957000000004,14.261989250000001,20.96448425,legacy_v1_recovered
R-U,1,,731,4,88.495502,21.775077,5.44376925,0.546942,0.1367355,4.606791,1.15169775,26.928810000000002,6.7322025000000005,61.566692,15.391673,22.1238755,legacy_v1_recovered
R-U,1,,732,4,91.740699,24.808801000000003,6.202200250000001,0.462415,0.11560375,5.377715,1.34442875,30.648931000000005,7.662232750000001,61.091768,15.272942,22.93517475,legacy_v1_recovered
R-U,1,,733,4,98.093738,25.103782,6.2759455,0.452211,0.11305275,5.260823,1.31520575,30.816815999999996,7.704203999999999,67.27692200000001,16.819230500000003,24.5234345,legacy_v1_recovered
R-U,1,,734,4,185.165602,100.52005199999999,25.130012999999998,0.564085,0.14102125,4.75651,1.1891275,105.840647,26.46016175,79.324955,19.83123875,46.2914005,legacy_v1_recovered
R-U,1,,735,4,151.090383,80.414856,20.103714,0.553053,0.13826325,4.574236,1.143559,85.542145,21.38553625,65.548238,16.3870595,37.77259575,legacy_v1_recovered
R-U,1,,736,4,124.035129,31.008464,7.752116,0.473896,0.118474,4.677346,1.1693365,36.159706,9.0399265,87.875423,21.96885575,31.00878225,legacy_v1_recovered
R-U,1,,737,4,89.547659,22.227539,5.55688475,0.46257899999999996,0.11564474999999999,4.573015,1.14325375,27.263133000000003,6.815783250000001,62.28452599999999,15.571131499999998,22.38691475,legacy_v1_recovered
R-U,1,,738,4,125.158807,56.533158,14.1332895,0.365683,0.09142075,4.74203,1.1855075,61.640871,15.41021775,63.517936,15.879484,31.28970175,legacy_v1_recovered
R-U,1,,739,4,98.418667,32.568248,8.142062,0.429363,0.10734075,4.553261,1.13831525,37.550872,9.387718,60.867795,15.21694875,24.60466675,legacy_v1_recovered
R-U,1,,740,4,117.185281,29.126446,7.2816115,0.502168,0.125542,4.754916,1.188729,34.38353,8.5958825,82.801751,20.70043775,29.29632025,legacy_v1_recovered
R-U,1,,741,4,106.323738,32.889763,8.22244075,0.483072,0.120768,4.680047,1.17001175,38.052882000000004,9.513220500000001,68.27085600000001,17.067714000000002,26.5809345,legacy_v1_recovered
R-U,1,,742,4,100.080076,32.304849,8.07621225,0.448458,0.1121145,4.6309190000000005,1.1577297500000001,37.384226,9.3460565,62.69585000000001,15.673962500000002,25.020019,legacy_v1_recovered
R-U,1,,743,4,148.244237,84.437796,21.109449,0.5220670000000001,0.13051675000000001,4.5824370000000005,1.1456092500000001,89.54230000000001,22.385575000000003,58.70193699999999,14.675484249999997,37.06105925,legacy_v1_recovered
R-U,1,,744,4,150.608878,78.453643,19.61341075,0.53276,0.13319,4.593971,1.14849275,83.58037399999999,20.895093499999998,67.02850400000001,16.757126000000003,37.6522195,legacy_v1_recovered
R-U,1,,745,4,179.045451,112.081565,28.02039125,0.471982,0.1179955,4.547185,1.13679625,117.100732,29.275183,61.94471900000002,15.486179750000005,44.76136275,legacy_v1_recovered
R-U,1,,746,4,82.107145,19.332801,4.83320025,0.5687800000000001,0.14219500000000002,4.559108,1.139777,24.460689000000002,6.1151722500000005,57.646456,14.411614,20.52678625,legacy_v1_recovered
R-U,1,,747,4,182.811192,117.986707,29.49667675,0.459194,0.1147985,4.591661,1.14791525,123.037562,30.7593905,59.77363000000001,14.943407500000003,45.702798,legacy_v1_recovered
R-U,1,,748,4,137.247946,68.07598300000001,17.018995750000002,0.572044,0.143011,4.4836089999999995,1.1209022499999999,73.13163600000001,18.282909000000004,64.11631,16.0290775,34.3119865,legacy_v1_recovered
R-U,1,,749,4,80.86713,15.741605,3.93540125,0.39088100000000003,0.09772025000000001,5.054591,1.26364775,21.187077000000002,5.2967692500000005,59.680053,14.92001325,20.2167825,legacy_v1_recovered
R-U,1,,750,4,92.066659,21.922130000000003,5.480532500000001,0.475306,0.1188265,4.785965,1.19649125,27.183401000000003,6.795850250000001,64.883258,16.2208145,23.01666475,legacy_v1_recovered
R-U,1,,751,4,251.676702,170.964631,42.74115775,0.416323,0.10408075,4.645563,1.16139075,176.026517,44.00662925,75.650185,18.91254625,62.9191755,legacy_v1_recovered
R-U,1,,752,4,205.035576,117.370817,29.34270425,0.502536,0.125634,4.8930869999999995,1.2232717499999999,122.76644,30.69161,82.26913599999999,20.567283999999997,51.258894,legacy_v1_recovered
R-U,1,,753,4,166.014718,95.505995,23.87649875,0.489339,0.12233475,4.647488,1.161872,100.642822,25.1607055,65.37189599999999,16.342973999999998,41.5036795,legacy_v1_recovered
R-U,1,,754,4,79.970854,16.762704,4.190676,0.5171,0.129275,4.61251,1.1531275,21.892314,5.4730785,58.078540000000004,14.519635000000001,19.9927135,legacy_v1_recovered
R-U,1,,755,4,92.998195,31.931902,7.9829755,0.407789,0.10194725,4.590952,1.147738,36.930643,9.23266075,56.06755199999999,14.016887999999998,23.24954875,legacy_v1_recovered
R-U,1,,756,4,162.977962,93.0307,23.257675,0.470698,0.1176745,4.774507,1.19362675,98.275905,24.56897625,64.702057,16.17551425,40.7444905,legacy_v1_recovered
R-U,1,,757,4,85.886146,19.31119,4.8277975,0.5861270000000001,0.14653175000000002,4.715215,1.17880375,24.612532,6.153133,61.273613999999995,15.318403499999999,21.4715365,legacy_v1_recovered
R-U,1,,758,4,96.628353,29.854297000000003,7.463574250000001,0.489508,0.122377,4.589321,1.14733025,34.933126,8.7332815,61.695227,15.42380675,24.15708825,legacy_v1_recovered
R-U,1,,759,4,139.823937,72.939028,18.234757,0.482494,0.1206235,4.782541999999999,1.1956354999999999,78.20406399999999,19.551015999999997,61.61987300000001,15.404968250000003,34.95598425,legacy_v1_recovered
R-U,1,,760,4,103.833627,20.595472,5.148868,0.566311,0.14157775,4.619911,1.15497775,25.781694,6.4454235,78.051933,19.51298325,25.95840675,legacy_v1_recovered
R-U,1,,761,4,84.956184,21.913280999999998,5.4783202499999994,0.491335,0.12283375,4.659248,1.164812,27.063863999999995,6.765965999999999,57.89232,14.47308,21.239046,legacy_v1_recovered
R-U,1,,762,4,91.723777,21.841044,5.460261,0.598766,0.1496915,4.662147,1.16553675,27.101957000000002,6.775489250000001,64.62182,16.155455,22.93094425,legacy_v1_recovered
R-U,1,,763,4,248.747848,167.885761,41.97144025,0.538724,0.134681,4.700767,1.17519175,173.12525200000002,43.281313000000004,75.62259599999999,18.905648999999997,62.186962,legacy_v1_recovered
R-U,1,,764,4,83.055681,16.448375,4.11209375,0.580116,0.145029,4.676264,1.169066,21.704755,5.42618875,61.35092600000001,15.337731500000002,20.76392025,legacy_v1_recovered
R-U,1,,765,4,93.621885,25.478037999999998,6.3695094999999995,0.45477599999999996,0.11369399999999999,4.761244,1.190311,30.694058,7.6735145,62.92782700000001,15.731956750000002,23.40547125,legacy_v1_recovered
R-F,1,,0,4,38.191696,13.370476,3.342619,0.35837399999999997,0.08959349999999999,2.411256,0.602814,16.140106,4.0350265,22.05159,5.5128975,9.547924,legacy_v1_recovered
R-F,1,,1,4,43.597973,20.007196,5.001799,0.38177700000000003,0.09544425000000001,2.6840260000000002,0.6710065000000001,23.072999,5.76824975,20.524974000000004,5.131243500000001,10.89949325,legacy_v1_recovered
R-F,1,,2,4,59.78028,37.50956,9.37739,0.385328,0.096332,2.49317,0.6232925,40.388058,10.0970145,19.392221999999997,4.848055499999999,14.94507,legacy_v1_recovered
R-F,1,,3,4,40.069824,17.36482,4.341205,0.384488,0.096122,2.615564,0.653891,20.364872000000002,5.0912180000000005,19.704951999999995,4.926237999999999,10.017456,legacy_v1_recovered
R-F,1,,4,4,52.896921,21.784384,5.446096,0.513783,0.12844575,2.972493,0.74312325,25.27066,6.317665,27.626261,6.90656525,13.22423025,legacy_v1_recovered
R-F,1,,5,4,134.931819,100.132707,25.03317675,0.29439,0.0735975,2.253205,0.56330125,102.680302,25.6700755,32.25151699999999,8.062879249999998,33.73295475,legacy_v1_recovered
R-F,1,,6,4,102.010893,80.74178,20.185445,0.34109100000000003,0.08527275000000001,2.1044650000000003,0.5261162500000001,83.18733600000002,20.796834000000004,18.82355699999998,4.705889249999995,25.50272325,legacy_v1_recovered
R-F,1,,7,4,33.81152,12.78981,3.1974525,0.299059,0.07476475,2.226377,0.55659425,15.315245999999998,3.8288114999999996,18.496274000000003,4.624068500000001,8.45288,legacy_v1_recovered
R-F,1,,8,4,45.432288,19.205726,4.8014315,0.292503,0.07312575,2.570022,0.6425055,22.068250999999997,5.517062749999999,23.364037000000003,5.841009250000001,11.358072,legacy_v1_recovered
R-F,1,,9,4,35.746735,13.566388,3.391597,0.376061,0.09401525,2.6663769999999998,0.6665942499999999,16.608826,4.1522065,19.137909,4.78447725,8.93668375,legacy_v1_recovered
R-F,1,,10,4,61.693685,34.537665,8.63441625,0.362437,0.09060925,2.761062,0.6902655,37.661164,9.415291,24.032521000000003,6.008130250000001,15.42342125,legacy_v1_recovered
R-F,1,,11,4,67.706322,35.851386,8.9628465,0.453326,0.1133315,3.390214,0.8475535,39.694925999999995,9.923731499999999,28.011396000000005,7.002849000000001,16.9265805,legacy_v1_recovered
R-F,1,,12,4,105.003574,82.846085,20.71152125,0.30778700000000003,0.07694675000000001,2.368334,0.5920835,85.52220600000001,21.380551500000003,19.48136799999999,4.870341999999997,26.2508935,legacy_v1_recovered
R-F,1,,13,4,36.933943,14.631194,3.6577985,0.203433,0.05085825,1.968467,0.49211675,16.803094,4.2007735,20.130848999999998,5.032712249999999,9.23348575,legacy_v1_recovered
R-F,1,,14,4,43.453204,21.184922,5.2962305,0.252819,0.06320475,2.66249,0.6656225,24.100231,6.02505775,19.352973,4.83824325,10.863301,legacy_v1_recovered
R-F,1,,15,4,109.190494,85.858841,21.46471025,0.356404,0.089101,2.758498,0.6896245,88.973743,22.24343575,20.216751000000002,5.0541877500000005,27.2976235,legacy_v1_recovered
R-F,1,,16,4,33.079217,11.432341000000001,2.8580852500000002,0.311901,0.07797525,2.299524,0.574881,14.043766000000002,3.5109415000000004,19.035451,4.75886275,8.26980425,legacy_v1_recovered
R-F,1,,17,4,88.401399,61.946075,15.48651875,0.381749,0.09543725,2.402938,0.6007345,64.730762,16.1826905,23.670637,5.91765925,22.10034975,legacy_v1_recovered
R-F,1,,18,4,65.655221,42.925854,10.7314635,0.322077,0.08051925,2.2716700000000003,0.5679175000000001,45.519601,11.37990025,20.135619999999996,5.033904999999999,16.41380525,legacy_v1_recovered
R-F,1,,19,4,33.098282,10.785987,2.69649675,0.31252599999999997,0.07813149999999999,2.212892,0.553223,13.311405,3.32785125,19.786876999999997,4.946719249999999,8.2745705,legacy_v1_recovered
R-F,1,,20,4,64.948507,44.010054000000004,11.002513500000001,0.249609,0.06240225,1.92309,0.4807725,46.182753000000005,11.545688250000001,18.765754,4.6914385,16.23712675,legacy_v1_recovered
R-F,1,,21,4,34.010849,11.442698,2.8606745,0.310518,0.0776295,2.362227,0.59055675,14.115442999999999,3.5288607499999998,19.895406,4.9738515,8.50271225,legacy_v1_recovered
R-F,1,,22,4,112.381456,90.738562,22.6846405,0.41774,0.104435,1.93763,0.4844075,93.093932,23.273483,19.287524000000005,4.821881000000001,28.095364,legacy_v1_recovered
R-F,1,,23,4,97.773594,71.456495,17.86412375,0.40153,0.1003825,2.110989,0.52774725,73.969014,18.4922535,23.80458,5.951145,24.4433985,legacy_v1_recovered
R-F,1,,24,4,41.089539,12.835180999999999,3.2087952499999997,0.361205,0.09030125,2.246788,0.561697,15.443173999999999,3.8607934999999998,25.646365000000003,6.411591250000001,10.27238475,legacy_v1_recovered
R-F,1,,25,4,109.866454,87.059011,21.76475275,0.335471,0.08386775,2.040801,0.51020025,89.435283,22.35882075,20.431171000000006,5.1077927500000015,27.4666135,legacy_v1_recovered
R-F,1,,26,4,98.217769,75.68713100000001,18.921782750000002,0.28554999999999997,0.07138749999999999,2.081426,0.5203565,78.054107,19.51352675,20.163662000000002,5.0409155000000005,24.55444225,legacy_v1_recovered
R-F,1,,27,4,34.955064,12.360948,3.090237,0.280368,0.070092,2.03428,0.50857,14.675595999999999,3.6688989999999997,20.279468,5.069867,8.738766,legacy_v1_recovered
R-F,1,,28,4,36.57285,13.767081,3.44177025,0.229755,0.05743875,2.498836,0.624709,16.495672,4.123918,20.077178000000004,5.019294500000001,9.1432125,legacy_v1_recovered
R-F,1,,29,4,72.523137,45.633687,11.40842175,0.439053,0.10976325,2.703558,0.6758895,48.776298000000004,12.194074500000001,23.746839,5.93670975,18.13078425,legacy_v1_recovered
R-F,1,,30,4,50.221034,17.208326,4.3020815,0.313372,0.078343,2.674717,0.66867925,20.196415000000002,5.0491037500000004,30.024619,7.50615475,12.5552585,legacy_v1_recovered
R-F,1,,31,4,49.414634,22.394907,5.59872675,0.30079,0.0751975,3.10063,0.7751575,25.796326999999998,6.4490817499999995,23.618307,5.90457675,12.3536585,legacy_v1_recovered
R-F,1,,32,4,58.137832,36.174083,9.04352075,0.306709,0.07667725,2.494073,0.62351825,38.974865,9.74371625,19.162967000000002,4.7907417500000005,14.534458,legacy_v1_recovered
R-F,1,,33,4,72.060247,48.666598,12.1666495,0.338532,0.084633,2.466998,0.6167495,51.472128,12.868032,20.588119000000006,5.1470297500000015,18.01506175,legacy_v1_recovered
R-F,1,,34,4,85.238915,62.690346000000005,15.672586500000001,0.308318,0.0770795,2.383403,0.59585075,65.382067,16.34551675,19.856848,4.964212,21.30972875,legacy_v1_recovered
R-F,1,,35,4,35.499038,13.958182,3.4895455,0.3254,0.08135,2.349417,0.58735425,16.632999,4.15824975,18.866038999999997,4.716509749999999,8.8747595,legacy_v1_recovered
R-F,1,,36,4,117.025743,90.850622,22.7126555,0.378976,0.094744,2.252344,0.563086,93.48194199999999,23.370485499999997,23.543801000000016,5.885950250000004,29.25643575,legacy_v1_recovered
R-F,1,,37,4,44.521038,19.700433,4.92510825,0.399211,0.09980275,2.297512,0.574378,22.397156000000003,5.599289000000001,22.123881999999995,5.530970499999999,11.1302595,legacy_v1_recovered
R-F,1,,38,4,87.647596,66.113788,16.528447,0.355039,0.08875975,1.990182,0.4975455,68.45900900000001,17.114752250000002,19.188586999999984,4.797146749999996,21.911899,legacy_v1_recovered
R-F,1,,39,4,38.921838,15.971805,3.99295125,0.244084,0.061021,2.174443,0.54361075,18.390332,4.597583,20.531506,5.1328765,9.7304595,legacy_v1_recovered
R-F,1,,40,4,41.36489,18.774699,4.69367475,0.362665,0.09066625,2.555812,0.638953,21.693175999999998,5.423293999999999,19.671714000000005,4.917928500000001,10.3412225,legacy_v1_recovered
R-F,1,,41,4,118.470372,95.346359,23.83658975,0.227134,0.0567835,2.17154,0.542885,97.745033,24.43625825,20.72533899999999,5.181334749999998,29.617593,legacy_v1_recovered
R-F,1,,42,4,36.51515,14.943325999999999,3.7358314999999997,0.345603,0.08640075,2.341584,0.585396,17.630513,4.40762825,18.884636999999998,4.7211592499999995,9.1287875,legacy_v1_recovered
R-F,1,,43,4,47.94868,15.960541,3.99013525,0.34581399999999995,0.08645349999999999,2.773143,0.69328575,19.079498,4.7698745,28.869182000000002,7.2172955000000005,11.98717,legacy_v1_recovered
R-F,1,,44,4,52.614677,20.986519,5.24662975,0.369566,0.0923915,3.2633,0.815825,24.619385,6.15484625,27.995292,6.998823,13.15366925,legacy_v1_recovered
R-F,1,,45,4,41.154502,19.369965,4.84249125,0.303473,0.07586825,2.671463,0.66786575,22.344901,5.58622525,18.809601,4.70240025,10.2886255,legacy_v1_recovered
R-F,1,,46,4,43.140056,19.644924,4.911231,0.455386,0.1138465,3.010647,0.75266175,23.110957,5.77773925,20.029099000000002,5.0072747500000006,10.785014,legacy_v1_recovered
R-F,1,,47,4,137.112689,115.26981599999999,28.817453999999998,0.42795500000000003,0.10698875000000001,2.56424,0.64106,118.26201099999999,29.565502749999997,18.850678000000002,4.7126695000000005,34.27817225,legacy_v1_recovered
R-F,1,,48,4,69.162594,46.018423999999996,11.504605999999999,0.369441,0.09236025,2.2634410000000003,0.5658602500000001,48.651306,12.1628265,20.511288,5.127822,17.2906485,legacy_v1_recovered
R-F,1,,49,4,61.993459,36.141611999999995,9.035402999999999,0.420167,0.10504175,2.458841,0.61471025,39.020619999999994,9.755154999999998,22.972839000000008,5.743209750000002,15.49836475,legacy_v1_recovered
R-F,1,,50,4,173.779472,144.607913,36.15197825,0.315478,0.0788695,2.055199,0.51379975,146.97859,36.7446475,26.800882,6.7002205,43.444868,legacy_v1_recovered
R-F,1,,51,4,38.63425,16.977258,4.2443145,0.29348799999999997,0.07337199999999999,2.322205,0.58055125,19.592951,4.89823775,19.041299000000002,4.7603247500000005,9.6585625,legacy_v1_recovered
R-F,1,,52,4,58.986964,34.254301,8.56357525,0.436142,0.1090355,2.999251,0.74981275,37.689693999999996,9.422423499999999,21.297270000000005,5.324317500000001,14.746741,legacy_v1_recovered
R-F,1,,53,4,45.862374,19.530632999999998,4.8826582499999995,0.41712499999999997,0.10428124999999999,2.753238,0.6883095,22.700995999999996,5.675248999999999,23.161378000000006,5.790344500000002,11.4655935,legacy_v1_recovered
R-F,1,,54,4,122.685278,94.798126,23.6995315,0.413453,0.10336325,2.927625,0.73190625,98.139204,24.534801,24.54607399999999,6.1365184999999975,30.6713195,legacy_v1_recovered
R-F,1,,55,4,46.840707,14.270894,3.5677235,0.369312,0.092328,2.603883,0.65097075,17.244089000000002,4.311022250000001,29.596618,7.3991545,11.71017675,legacy_v1_recovered
R-F,1,,56,4,77.68901,51.653008,12.913252,0.297745,0.07443625,2.6159470000000002,0.6539867500000001,54.5667,13.641675,23.12231,5.7805775,19.4222525,legacy_v1_recovered
R-F,1,,57,4,41.277445,16.668785,4.16719625,0.40903300000000004,0.10225825000000001,2.6566479999999997,0.6641619999999999,19.734466,4.9336165,21.542979,5.38574475,10.31936125,legacy_v1_recovered
R-F,1,,58,4,84.940139,62.667867,15.66696675,0.26756599999999997,0.06689149999999999,1.929185,0.48229625,64.86461800000001,16.216154500000002,20.075520999999995,5.018880249999999,21.23503475,legacy_v1_recovered
R-F,1,,59,4,35.577958,11.181718,2.7954295,0.257169,0.06429225,2.265917,0.56647925,13.704804,3.426201,21.873154000000003,5.468288500000001,8.8944895,legacy_v1_recovered
R-F,1,,60,4,112.572393,89.567319,22.39182975,0.29757,0.0743925,2.043794,0.5109485,91.908683,22.97717075,20.66371000000001,5.165927500000002,28.14309825,legacy_v1_recovered
R-F,1,,61,4,73.874451,41.215115999999995,10.303778999999999,0.314068,0.078517,2.097224,0.524306,43.62640799999999,10.906601999999998,30.248043000000003,7.562010750000001,18.46861275,legacy_v1_recovered
R-F,1,,62,4,111.653496,85.25402299999999,21.313505749999997,0.317427,0.07935675,2.103972,0.525993,87.67542199999998,21.918855499999996,23.97807400000002,5.994518500000005,27.913374,legacy_v1_recovered
R-F,1,,63,4,34.463513,12.464374,3.1160935,0.284677,0.07116925,2.022336,0.505584,14.771387,3.69284675,19.692126,4.9230315,8.61587825,legacy_v1_recovered
R-F,1,,64,4,39.250771,16.42461,4.1061525,0.345451,0.08636275,2.562025,0.64050625,19.332086000000004,4.833021500000001,19.918684999999996,4.979671249999999,9.81269275,legacy_v1_recovered
R-F,1,,65,4,114.544581,91.92562600000001,22.981406500000002,0.358281,0.08957025,2.017953,0.50448825,94.30186000000002,23.575465000000005,20.242720999999975,5.060680249999994,28.63614525,legacy_v1_recovered
R-F,1,,66,4,37.198438,14.933287,3.73332175,0.292539,0.07313475,2.222089,0.55552225,17.447915,4.36197875,19.750523000000005,4.937630750000001,9.2996095,legacy_v1_recovered
R-F,1,,67,4,38.137954,12.857254,3.2143135,0.44566500000000003,0.11141625000000001,2.673686,0.6684215,15.976605,3.99415125,22.161349,5.54033725,9.5344885,legacy_v1_recovered
R-F,1,,68,4,78.213537,49.393456,12.348364,0.507945,0.12698625,2.624508,0.656127,52.525909,13.13147725,25.687628000000004,6.421907000000001,19.55338425,legacy_v1_recovered
R-F,1,,69,4,109.012529,86.381283,21.59532075,0.26739599999999997,0.06684899999999999,2.1828369999999997,0.5457092499999999,88.83151600000001,22.207879000000002,20.181012999999993,5.045253249999998,27.25313225,legacy_v1_recovered
R-F,1,,70,4,68.011313,44.063340000000004,11.015835000000001,0.267164,0.066791,2.019107,0.50477675,46.349611,11.58740275,21.661702,5.4154255,17.00282825,legacy_v1_recovered
R-F,1,,71,4,134.817862,110.41556,27.60389,0.342991,0.08574775,2.270724,0.567681,113.029275,28.25731875,21.788586999999993,5.447146749999998,33.7044655,legacy_v1_recovered
R-F,1,,72,4,32.006645,10.79373,2.6984325,0.26487499999999997,0.06621874999999999,2.1379159999999997,0.5344789999999999,13.196521,3.29913025,18.810124,4.702531,8.00166125,legacy_v1_recovered
R-F,1,,73,4,52.946723,14.16365,3.5409125,0.405025,0.10125625,2.827302,0.7068255,17.395977000000002,4.3489942500000005,35.550746,8.8876865,13.23668075,legacy_v1_recovered
R-F,1,,74,4,107.273393,79.419749,19.85493725,0.348761,0.08719025,2.403497,0.60087425,82.172007,20.54300175,25.101386000000005,6.275346500000001,26.81834825,legacy_v1_recovered
R-F,1,,75,4,40.643153,16.130719,4.03267975,0.360847,0.09021175,2.717681,0.67942025,19.209246999999998,4.802311749999999,21.433906,5.3584765,10.16078825,legacy_v1_recovered
R-F,1,,76,4,46.91028,21.609265999999998,5.4023164999999995,0.421825,0.10545625,2.971355,0.74283875,25.002445999999996,6.250611499999999,21.907834000000005,5.476958500000001,11.72757,legacy_v1_recovered
R-F,1,,77,4,72.692733,47.146176999999994,11.786544249999999,0.430124,0.107531,3.033635,0.75840875,50.60993599999999,12.652483999999998,22.082797000000014,5.520699250000003,18.17318325,legacy_v1_recovered
R-F,1,,78,4,41.575883,18.151529,4.53788225,0.370633,0.09265825,2.858623,0.71465575,21.380785000000003,5.345196250000001,20.195097999999994,5.048774499999999,10.39397075,legacy_v1_recovered
R-F,1,,79,4,54.612517,32.453160000000004,8.113290000000001,0.48715699999999995,0.12178924999999999,2.692043,0.67301075,35.632360000000006,8.908090000000001,18.98015699999999,4.745039249999998,13.65312925,legacy_v1_recovered
R-F,1,,80,4,44.431707,13.657402,3.4143505,0.40616,0.10154,2.785619,0.69640475,16.849180999999998,4.2122952499999995,27.582526000000005,6.895631500000001,11.10792675,legacy_v1_recovered
R-F,1,,81,4,53.1521,16.330659,4.08266475,0.372497,0.09312425,3.381533,0.84538325,20.084689,5.02117225,33.06741099999999,8.266852749999998,13.288025,legacy_v1_recovered
R-F,1,,82,4,44.534165,18.65965,4.6649125,0.486696,0.121674,3.637659,0.90941475,22.784004999999997,5.696001249999999,21.750160000000005,5.437540000000001,11.13354125,legacy_v1_recovered
R-F,1,,83,4,68.670473,44.044450000000005,11.011112500000001,0.330674,0.0826685,2.533168,0.633292,46.908292,11.727073,21.762180999999998,5.4405452499999996,17.16761825,legacy_v1_recovered
R-F,1,,84,4,39.081301,15.215021,3.80375525,0.391306,0.0978265,3.0211930000000002,0.7552982500000001,18.62752,4.65688,20.453781000000003,5.113445250000001,9.77032525,legacy_v1_recovered
R-F,1,,85,4,112.386114,88.269339,22.06733475,0.36819799999999997,0.09204949999999999,2.105054,0.5262635,90.742591,22.68564775,21.643523000000002,5.4108807500000005,28.0965285,legacy_v1_recovered
R-F,1,,86,4,40.564293,14.305005,3.57625125,0.447506,0.1118765,2.7971,0.699275,17.549611,4.38740275,23.014682,5.7536705,10.14107325,legacy_v1_recovered
R-F,1,,87,4,67.00886,39.029583,9.75739575,0.43114,0.107785,2.521171,0.63029275,41.981894000000004,10.495473500000001,25.026965999999994,6.256741499999999,16.752215,legacy_v1_recovered
R-F,1,,88,4,95.063825,66.854505,16.71362625,0.334007,0.08350175,2.03597,0.5089925,69.22448200000001,17.306120500000002,25.839342999999985,6.459835749999996,23.76595625,legacy_v1_recovered
R-F,1,,89,4,97.709816,75.759328,18.939832,0.218717,0.05467925,2.151013,0.53775325,78.129058,19.5322645,19.580758000000003,4.895189500000001,24.427454,legacy_v1_recovered
R-F,1,,90,4,32.406474,10.559572,2.639893,0.24299199999999999,0.060747999999999996,2.162989,0.54074725,12.965552999999998,3.2413882499999995,19.440921000000003,4.860230250000001,8.1016185,legacy_v1_recovered
R-F,1,,91,4,129.888819,106.644741,26.66118525,0.356141,0.08903525,2.2911520000000003,0.5727880000000001,109.29203399999999,27.323008499999997,20.596785000000025,5.149196250000006,32.47220475,legacy_v1_recovered
R-F,1,,92,4,65.088167,39.374046,9.8435115,0.317108,0.079277,2.139311,0.53482775,41.830465,10.45761625,23.257702000000002,5.8144255000000005,16.27204175,legacy_v1_recovered
R-F,1,,93,4,63.020927,32.609542,8.1523855,0.363068,0.090767,2.360699,0.59017475,35.33330899999999,8.833327249999998,27.687618000000008,6.921904500000002,15.75523175,legacy_v1_recovered
R-F,1,,94,4,39.586659,13.295808000000001,3.3239520000000002,0.413761,0.10344025,2.654605,0.66365125,16.364174,4.0910435,23.222485,5.80562125,9.89666475,legacy_v1_recovered
R-F,1,,95,4,37.770315,14.386336,3.596584,0.447912,0.111978,2.920983,0.73024575,17.755231000000002,4.4388077500000005,20.015083999999995,5.003770999999999,9.44257875,legacy_v1_recovered
R-F,1,,96,4,41.686311,18.131219,4.53280475,0.349194,0.0872985,3.099183,0.77479575,21.579596000000002,5.3948990000000006,20.106715,5.02667875,10.42157775,legacy_v1_recovered
R-F,1,,97,4,135.102169,111.779462,27.9448655,0.359734,0.0899335,2.37525,0.5938125,114.51444599999999,28.628611499999998,20.58772300000001,5.146930750000003,33.77554225,legacy_v1_recovered
R-F,1,,98,4,37.253359,12.034874,3.0087185,0.269715,0.06742875,2.527732,0.631933,14.832321,3.70808025,22.421038000000003,5.605259500000001,9.31333975,legacy_v1_recovered
R-F,1,,99,4,60.814584,33.385946,8.3464865,0.421415,0.10535375,2.715468,0.678867,36.522829,9.13070725,24.291755000000002,6.0729387500000005,15.203646,legacy_v1_recovered
R-F,1,,100,4,70.749876,39.971037,9.99275925,0.337637,0.08440925,2.70648,0.67662,43.015154,10.7537885,27.734721999999998,6.9336804999999995,17.687469,legacy_v1_recovered
R-F,1,,101,4,42.536734,18.341202,4.5853005,0.270302,0.0675755,2.790994,0.6977485,21.402498,5.3506245,21.134236,5.283559,10.6341835,legacy_v1_recovered
R-F,1,,102,4,87.318644,61.758804000000005,15.439701000000001,0.354837,0.08870925,2.6725950000000003,0.6681487500000001,64.786236,16.196559,22.532408000000004,5.633102000000001,21.829661,legacy_v1_recovered
R-F,1,,103,4,44.658151,19.670885,4.91772125,0.330704,0.082676,2.657615,0.66440375,22.659204,5.664801,21.998946999999998,5.499736749999999,11.16453775,legacy_v1_recovered
R-F,1,,104,4,39.987789,16.656114,4.1640285,0.425865,0.10646625,2.826521,0.70663025,19.9085,4.977125,20.079289,5.01982225,9.99694725,legacy_v1_recovered
R-F,1,,105,4,90.807029,66.432869,16.60821725,0.269955,0.06748875,2.039331,0.50983275,68.742155,17.18553875,22.064874000000003,5.516218500000001,22.70175725,legacy_v1_recovered
R-F,1,,106,4,86.268592,62.354914,15.5887285,0.38526099999999996,0.09631524999999999,2.381879,0.59546975,65.122054,16.2805135,21.146537999999993,5.286634499999998,21.567148,legacy_v1_recovered
R-F,1,,107,4,49.994291,28.415011,7.10375275,0.287852,0.071963,2.1463419999999998,0.5365854999999999,30.849205,7.71230125,19.145085999999996,4.786271499999999,12.49857275,legacy_v1_recovered
R-F,1,,108,4,36.462846,13.785211,3.44630275,0.297173,0.07429325,2.419665,0.60491625,16.502049,4.12551225,19.960797,4.99019925,9.1157115,legacy_v1_recovered
R-F,1,,109,4,37.424965,15.309789,3.82744725,0.311028,0.077757,2.587943,0.64698575,18.20876,4.55219,19.216205,4.80405125,9.35624125,legacy_v1_recovered
R-F,1,,110,4,41.183231,17.62757,4.4068925,0.30831800000000004,0.07707950000000001,2.72796,0.68199,20.663847999999998,5.1659619999999995,20.519383,5.12984575,10.29580775,legacy_v1_recovered
R-F,1,,111,4,57.227742,36.483149,9.12078725,0.255726,0.0639315,2.272166,0.5680415,39.011041,9.75276025,18.216701,4.55417525,14.3069355,legacy_v1_recovered
R-F,1,,112,4,81.050204,58.194278,14.5485695,0.326163,0.08154075,2.064192,0.516048,60.584633,15.14615825,20.465570999999997,5.116392749999999,20.262551,legacy_v1_recovered
R-F,1,,113,4,32.43617,10.626306,2.6565765,0.311451,0.07786275,2.177352,0.544338,13.115109,3.27877725,19.321060999999997,4.830265249999999,8.1090425,legacy_v1_recovered
R-F,1,,114,4,42.445141,19.564638,4.8911595,0.424911,0.10622775,2.535938,0.6339845,22.525487,5.63137175,19.919654,4.9799135,10.61128525,legacy_v1_recovered
R-F,1,,115,4,39.689496,14.147876,3.536969,0.377854,0.0944635,2.865691,0.71642275,17.391421,4.34785525,22.298074999999997,5.574518749999999,9.922374,legacy_v1_recovered
R-F,1,,116,4,39.545174,15.18083,3.7952075,0.423547,0.10588675,3.012451,0.75311275,18.616827999999998,4.6542069999999995,20.928346000000005,5.232086500000001,9.8862935,legacy_v1_recovered
R-F,1,,117,4,43.686385,19.36627,4.8415675,0.359803,0.08995075,3.390966,0.8477415,23.117039,5.77925975,20.569346000000003,5.142336500000001,10.92159625,legacy_v1_recovered
R-F,1,,118,4,155.336942,130.9739,32.743475,0.278105,0.06952625,2.4425179999999997,0.6106294999999999,133.694523,33.42363075,21.64241899999999,5.410604749999997,38.8342355,legacy_v1_recovered
R-F,1,,119,4,94.828428,73.113515,18.27837875,0.21209699999999998,0.053024249999999995,1.996327,0.49908175,75.321939,18.83048475,19.506489000000002,4.8766222500000005,23.707107,legacy_v1_recovered
R-F,1,,120,4,99.247371,74.688659,18.67216475,0.260299,0.06507475,1.9716690000000001,0.49291725000000003,76.92062700000001,19.230156750000003,22.32674399999999,5.581685999999998,24.81184275,legacy_v1_recovered
R-F,1,,121,4,33.238592,10.684898,2.6712245,0.297732,0.074433,2.01884,0.50471,13.001470000000001,3.2503675000000003,20.237121999999996,5.059280499999999,8.309648,legacy_v1_recovered
R-F,1,,122,4,44.871462,19.295255,4.82381375,0.291506,0.0728765,2.63764,0.65941,22.224401,5.55610025,22.647061,5.66176525,11.2178655,legacy_v1_recovered
R-F,1,,123,4,36.68151,13.825207,3.45630175,0.331864,0.082966,2.781137,0.69528425,16.938208,4.234552,19.743302000000003,4.935825500000001,9.1703775,legacy_v1_recovered
R-F,1,,124,4,42.353458,15.451889,3.86297225,0.410676,0.102669,3.052166,0.7630415,18.914731,4.72868275,23.438727000000004,5.859681750000001,10.5883645,legacy_v1_recovered
R-F,1,,125,4,46.422534,19.466808,4.866702,0.384465,0.09611625,3.356791,0.83919775,23.208064,5.802016,23.21447,5.8036175,11.6056335,legacy_v1_recovered
R-F,1,,126,4,106.605977,82.852107,20.71302675,0.394256,0.098564,2.253266,0.5633165,85.499629,21.37490725,21.106347999999997,5.276586999999999,26.65149425,legacy_v1_recovered
R-F,1,,127,4,34.920697,11.636351,2.90908775,0.320117,0.08002925,2.470952,0.617738,14.42742,3.606855,20.493277,5.12331925,8.73017425,legacy_v1_recovered
R-F,1,,128,4,118.129933,95.16955399999999,23.792388499999998,0.29900499999999997,0.07475124999999999,1.87523,0.4688075,97.34378899999999,24.335947249999997,20.786144000000007,5.196536000000002,29.53248325,legacy_v1_recovered
R-F,1,,129,4,32.365016,10.773839,2.69345975,0.250389,0.06259725,2.236965,0.55924125,13.261193,3.31529825,19.103823,4.77595575,8.091254,legacy_v1_recovered
R-F,1,,130,4,67.246848,43.75982,10.939955,0.374588,0.093647,2.437224,0.609306,46.571632,11.642908,20.675216,5.168804,16.811712,legacy_v1_recovered
R-F,1,,131,4,63.769145,38.095663,9.52391575,0.269393,0.06734825,2.287877,0.57196925,40.652933000000004,10.163233250000001,23.116211999999997,5.779052999999999,15.94228625,legacy_v1_recovered
R-F,1,,132,4,109.506223,82.61779200000001,20.654448000000002,0.312587,0.07814675,2.231752,0.557938,85.162131,21.29053275,24.344092000000003,6.086023000000001,27.37655575,legacy_v1_recovered
R-F,1,,133,4,33.829559,10.795472,2.698868,0.329794,0.0824485,2.12405,0.5310125,13.249316,3.312329,20.580243000000003,5.145060750000001,8.45738975,legacy_v1_recovered
R-F,1,,134,4,38.099766,13.218288000000001,3.3045720000000003,0.34313299999999997,0.08578324999999999,2.663706,0.6659265,16.225127,4.05628175,21.874639000000002,5.4686597500000005,9.5249415,legacy_v1_recovered
R-F,1,,135,4,45.061456,19.705335,4.92633375,0.37839100000000003,0.09459775000000001,2.969933,0.74248325,23.053659000000003,5.763414750000001,22.007796999999997,5.501949249999999,11.265364,legacy_v1_recovered
R-F,1,,136,4,91.292132,68.839852,17.209963,0.303937,0.07598425,2.520733,0.63018325,71.664522,17.9161305,19.62760999999999,4.9069024999999975,22.823033,legacy_v1_recovered
R-F,1,,137,4,82.625402,61.038581,15.25964525,0.306122,0.0765305,1.967304,0.491826,63.312007,15.82800175,19.313394999999993,4.828348749999998,20.6563505,legacy_v1_recovered
R-F,1,,138,4,37.608031,14.531637,3.63290925,0.348854,0.0872135,2.301621,0.57540525,17.182112,4.295528,20.425918999999997,5.106479749999999,9.40200775,legacy_v1_recovered
R-F,1,,139,4,39.578814,15.015615,3.75390375,0.35827,0.0895675,2.6171569999999997,0.6542892499999999,17.991042,4.4977605,21.587772,5.396943,9.8947035,legacy_v1_recovered
R-F,1,,140,4,128.038568,105.464554,26.3661385,0.34393399999999996,0.08598349999999999,2.181193,0.54529825,107.989681,26.99742025,20.048886999999993,5.012221749999998,32.009642,legacy_v1_recovered
R-F,1,,141,4,36.912598,12.546831000000001,3.1367077500000002,0.279931,0.06998275,2.1270729999999998,0.5317682499999999,14.953835,3.73845875,21.958763000000005,5.489690750000001,9.2281495,legacy_v1_recovered
R-F,1,,142,4,84.180962,61.770689000000004,15.442672250000001,0.288365,0.07209125,2.145868,0.536467,64.20492200000001,16.051230500000003,19.976039999999983,4.994009999999996,21.0452405,legacy_v1_recovered
R-F,1,,143,4,38.97599,14.319588,3.579897,0.335607,0.08390175,2.494749,0.62368725,17.149943999999998,4.2874859999999995,21.826046000000005,5.456511500000001,9.7439975,legacy_v1_recovered
R-F,1,,144,4,43.420955,20.971529,5.24288225,0.483152,0.120788,2.841507,0.71037675,24.296188,6.074047,19.124767,4.78119175,10.85523875,legacy_v1_recovered
R-F,1,,145,4,61.678123,35.744772,8.936193,0.41244200000000003,0.10311050000000001,2.921809,0.73045225,39.079023,9.76975575,22.5991,5.649775,15.41953075,legacy_v1_recovered
R-F,1,,146,4,43.444741,19.129063,4.78226575,0.447275,0.11181875,2.947342,0.7368355,22.52368,5.63092,20.921061,5.23026525,10.86118525,legacy_v1_recovered
R-F,1,,147,4,87.190205,61.39731,15.3493275,0.38178,0.095445,2.118189,0.52954725,63.897279,15.97431975,23.29292600000001,5.823231500000002,21.79755125,legacy_v1_recovered
R-F,1,,148,4,112.932301,87.541055,21.88526375,0.390094,0.0975235,2.31268,0.57817,90.243829,22.56095725,22.68847199999999,5.6721179999999976,28.23307525,legacy_v1_recovered
R-F,1,,149,4,36.917911,11.448375,2.86209375,0.33163,0.0829075,2.3069420000000003,0.5767355000000001,14.086947000000002,3.5217367500000005,22.830963999999994,5.707740999999999,9.22947775,legacy_v1_recovered
R-F,1,,150,4,89.176808,65.922719,16.48067975,0.455196,0.113799,2.245625,0.56140625,68.62354,17.155885,20.55326799999999,5.138316999999997,22.294202,legacy_v1_recovered
R-F,1,,151,4,70.762328,45.339842999999995,11.334960749999999,0.314397,0.07859925,2.625136,0.656284,48.27937599999999,12.069843999999998,22.482952000000004,5.620738000000001,17.690582,legacy_v1_recovered
R-F,1,,152,4,44.883431,17.749978,4.4374945,0.309747,0.07743675,2.45893,0.6147325,20.518655,5.12966375,24.364776000000003,6.091194000000001,11.22085775,legacy_v1_recovered
R-F,1,,153,4,37.178337,13.235293,3.30882325,0.400366,0.1000915,2.6961180000000002,0.6740295000000001,16.331777000000002,4.082944250000001,20.846559999999997,5.211639999999999,9.29458425,legacy_v1_recovered
R-F,1,,154,4,44.673559,16.984149000000002,4.2460372500000005,0.441461,0.11036525,2.893568,0.723392,20.319178,5.0797945,24.354380999999997,6.088595249999999,11.16838975,legacy_v1_recovered
R-F,1,,155,4,52.311798,19.081716,4.770429,0.286216,0.071554,3.264211,0.81605275,22.632143,5.65803575,29.679655000000004,7.419913750000001,13.0779495,legacy_v1_recovered
R-F,1,,156,4,58.64889,25.433655,6.35841375,0.442853,0.11071325,3.433297,0.85832425,29.309805,7.32745125,29.339085,7.33477125,14.6622225,legacy_v1_recovered
R-F,1,,157,4,135.254159,109.100019,27.27500475,0.310387,0.07759675,2.254815,0.56370375,111.665221,27.91630525,23.588937999999985,5.897234499999996,33.81353975,legacy_v1_recovered
R-F,1,,158,4,36.142945,13.165702,3.2914255,0.388331,0.09708275,2.771763,0.69294075,16.325796,4.081449,19.817148999999997,4.954287249999999,9.03573625,legacy_v1_recovered
R-F,1,,159,4,74.025548,49.683496,12.420874,0.507999,0.12699975,2.762833,0.69070825,52.954328,13.238582,21.071220000000004,5.267805000000001,18.506387,legacy_v1_recovered
R-F,1,,160,4,38.861169,14.597108,3.649277,0.273492,0.068373,2.695725,0.67393125,17.566325,4.39158125,21.294843999999998,5.323710999999999,9.71529225,legacy_v1_recovered
R-F,1,,161,4,40.32237,16.296594,4.0741485,0.38987900000000003,0.09746975000000001,2.90845,0.7271125,19.594923,4.89873075,20.727446999999998,5.1818617499999995,10.0805925,legacy_v1_recovered
R-F,1,,162,4,111.674598,88.689848,22.172462,0.319534,0.0798835,2.139382,0.5348455,91.148764,22.787191,20.525834000000003,5.131458500000001,27.9186495,legacy_v1_recovered
R-F,1,,163,4,33.860338,10.763399,2.69084975,0.323764,0.080941,2.2340530000000003,0.5585132500000001,13.321216,3.330304,20.539122,5.1347805,8.4650845,legacy_v1_recovered
R-F,1,,164,4,36.189188,13.892812,3.473203,0.467801,0.11695025,2.867566,0.7168915,17.228178999999997,4.307044749999999,18.961009000000004,4.740252250000001,9.047297,legacy_v1_recovered
R-F,1,,165,4,38.465081,15.06373,3.7659325,0.525824,0.131456,3.033137,0.75828425,18.622691,4.65567275,19.842389999999998,4.9605974999999995,9.61627025,legacy_v1_recovered
R-F,1,,166,4,122.409703,99.515298,24.8788245,0.379438,0.0948595,2.167543,0.54188575,102.06227899999999,25.515569749999997,20.347424000000004,5.086856000000001,30.60242575,legacy_v1_recovered
R-F,1,,167,4,34.16803,11.556228,2.889057,0.347234,0.0868085,2.3882250000000003,0.5970562500000001,14.291687000000001,3.5729217500000003,19.876343,4.96908575,8.5420075,legacy_v1_recovered
R-F,1,,168,4,38.095814,14.874518,3.7186295,0.401758,0.1004395,2.932024,0.733006,18.2083,4.552075,19.887513999999996,4.971878499999999,9.5239535,legacy_v1_recovered
R-F,1,,169,4,90.629076,67.230546,16.8076365,0.39793900000000004,0.09948475000000001,2.901373,0.72534325,70.529858,17.6324645,20.099217999999993,5.024804499999998,22.657269,legacy_v1_recovered
R-F,1,,170,4,108.918035,86.173594,21.5433985,0.30114,0.075285,2.217447,0.55436175,88.692181,22.17304525,20.225853999999998,5.0564634999999996,27.22950875,legacy_v1_recovered
R-F,1,,171,4,38.419902,15.36918,3.842295,0.288198,0.0720495,2.2504340000000003,0.5626085000000001,17.907812,4.476953,20.51209,5.1280225,9.6049755,legacy_v1_recovered
R-F,1,,172,4,37.729838,14.856245,3.71406125,0.399825,0.09995625,2.582001,0.64550025,17.838071,4.45951775,19.891767,4.97294175,9.4324595,legacy_v1_recovered
R-F,1,,173,4,42.98943,20.464542,5.1161355,0.395429,0.09885725,2.65375,0.6634375,23.513721,5.87843025,19.475709,4.86892725,10.7473575,legacy_v1_recovered
R-F,1,,174,4,39.323832,15.418003,3.85450075,0.359956,0.089989,2.934161,0.73354025,18.712120000000002,4.678030000000001,20.611712,5.152928,9.830958,legacy_v1_recovered
R-F,1,,175,4,110.151985,87.20800799999999,21.802001999999998,0.425066,0.1062665,2.840471,0.71011775,90.47354499999999,22.618386249999997,19.67844000000001,4.919610000000002,27.53799625,legacy_v1_recovered
R-F,1,,176,4,41.432449,18.628453,4.65711325,0.337953,0.08448825,2.703717,0.67592925,21.670123,5.41753075,19.762325999999998,4.9405814999999995,10.35811225,legacy_v1_recovered
R-F,1,,177,4,110.392322,87.606048,21.901512,0.374267,0.09356675,2.257962,0.5644905,90.23827700000001,22.559569250000003,20.154044999999982,5.038511249999996,27.5980805,legacy_v1_recovered
R-F,1,,178,4,66.236075,41.682717999999994,10.420679499999999,0.281412,0.070353,2.067981,0.51699525,44.032111,11.00802775,22.203964,5.550991,16.55901875,legacy_v1_recovered
R-F,1,,179,4,65.495955,43.217918,10.8044795,0.339083,0.08477075,2.091112,0.522778,45.648113,11.41202825,19.847841999999993,4.961960499999998,16.37398875,legacy_v1_recovered
R-F,1,,180,4,33.965607,10.844972,2.711243,0.250231,0.06255775,2.230512,0.557628,13.325714999999999,3.3314287499999997,20.639892,5.159973,8.49140175,legacy_v1_recovered
R-F,1,,181,4,51.872287,27.837227000000002,6.9593067500000005,0.41640900000000003,0.10410225000000001,2.461116,0.615279,30.714752000000004,7.678688000000001,21.157534999999996,5.289383749999999,12.96807175,legacy_v1_recovered
R-F,1,,182,4,38.858716,14.624331,3.65608275,0.37209000000000003,0.09302250000000001,2.671688,0.667922,17.668109,4.41702725,21.190607,5.29765175,9.714679,legacy_v1_recovered
R-F,1,,183,4,41.212667,14.367889,3.59197225,0.463305,0.11582625,2.973343,0.74333575,17.804537,4.45113425,23.408130000000003,5.852032500000001,10.30316675,legacy_v1_recovered
R-F,1,,184,4,80.488799,51.406310999999995,12.851577749999999,0.476374,0.1190935,3.10576,0.77644,54.988445,13.74711125,25.500354,6.3750885,20.12219975,legacy_v1_recovered
R-F,1,,185,4,51.659374,19.782307,4.94557675,0.428029,0.10700725,2.990451,0.74761275,23.200787,5.80019675,28.458587,7.11464675,12.9148435,legacy_v1_recovered
R-F,1,,186,4,122.474494,83.451553,20.86288825,0.329644,0.082411,2.020407,0.50510175,85.80160400000001,21.450401000000003,36.672889999999995,9.168222499999999,30.6186235,legacy_v1_recovered
R-F,1,,187,4,146.205895,92.959842,23.2399605,0.384322,0.0960805,2.443546,0.6108865,95.78770999999999,23.946927499999997,50.41818500000001,12.604546250000002,36.55147375,legacy_v1_recovered
R-F,1,,188,4,123.957525,50.303499,12.57587475,0.39361199999999996,0.09840299999999999,2.524339,0.63108475,53.22145,13.3053625,70.736075,17.68401875,30.98938125,legacy_v1_recovered
R-F,1,,189,4,118.575215,72.528622,18.1321555,0.34392,0.08598,2.439775,0.60994375,75.312317,18.82807925,43.26289800000001,10.815724500000002,29.64380375,legacy_v1_recovered
R-F,1,,190,4,120.152311,62.666356,15.666589,0.501182,0.1252955,2.97293,0.7432325,66.140468,16.535117,54.011843,13.50296075,30.03807775,legacy_v1_recovered
R-F,1,,191,4,136.509119,73.79413,18.4485325,0.454407,0.11360175,2.49649,0.6241225,76.745027,19.18625675,59.764092000000005,14.941023000000001,34.12727975,legacy_v1_recovered
R-F,1,,192,4,75.919743,18.035083,4.50877075,0.46560799999999997,0.11640199999999999,3.061143,0.76528575,21.561834,5.3904585,54.35790899999999,13.589477249999998,18.97993575,legacy_v1_recovered
R-F,1,,193,4,90.813045,27.234439000000002,6.8086097500000005,0.633762,0.1584405,4.67249,1.1681225,32.540691,8.13517275,58.272354,14.5680885,22.70326125,legacy_v1_recovered
R-F,1,,194,4,184.251574,130.366087,32.59152175,0.333323,0.08333075,2.514417,0.62860425,133.213827,33.30345675,51.037746999999996,12.759436749999999,46.0628935,legacy_v1_recovered
R-F,1,,195,4,217.908283,157.080106,39.2700265,0.227138,0.0567845,2.106951,0.52673775,159.414195,39.85354875,58.494088000000005,14.623522000000001,54.47707075,legacy_v1_recovered
R-F,1,,196,4,132.769271,68.246146,17.0615365,0.408119,0.10202975,2.261112,0.565278,70.91537699999999,17.728844249999998,61.85389400000001,15.463473500000003,33.19231775,legacy_v1_recovered
R-F,1,,197,4,154.00964,76.843502,19.2108755,0.402719,0.10067975,2.58528,0.64632,79.831501,19.95787525,74.17813899999999,18.544534749999997,38.50241,legacy_v1_recovered
R-F,1,,198,4,203.96345,151.352643,37.83816075,0.353257,0.08831425,2.008848,0.502212,153.71474800000001,38.428687000000004,50.24870199999998,12.562175499999995,50.9908625,legacy_v1_recovered
R-F,1,,199,4,106.668967,71.012382,17.7530955,0.306558,0.0766395,2.239474,0.5598685,73.558414,18.3896035,33.110552999999996,8.277638249999999,26.66724175,legacy_v1_recovered
R-F,1,,200,4,100.838722,64.114073,16.02851825,0.294379,0.07359475,2.220344,0.555086,66.62879600000001,16.657199000000002,34.209925999999996,8.552481499999999,25.2096805,legacy_v1_recovered
R-F,1,,201,4,139.459801,98.100993,24.52524825,0.228226,0.0570565,1.955463,0.48886575,100.284682,25.0711705,39.175118999999995,9.793779749999999,34.86495025,legacy_v1_recovered
R-F,1,,202,4,105.331525,70.63347,17.6583675,0.326629,0.08165725,2.176319,0.54407975,73.136418,18.2841045,32.19510699999999,8.048776749999998,26.33288125,legacy_v1_recovered
R-F,1,,203,4,45.741708,12.230672,3.057668,0.281651,0.07041275,2.257259,0.56431475,14.769582,3.6923955,30.972126000000003,7.743031500000001,11.435427,legacy_v1_recovered
R-F,1,,204,4,51.524582,14.501389,3.62534725,0.367982,0.0919955,2.944322,0.7360805,17.813693,4.45342325,33.710889,8.42772225,12.8811455,legacy_v1_recovered
R-F,1,,205,4,62.937113,18.950197,4.73754925,0.508349,0.12708725,3.741967,0.93549175,23.200512999999997,5.800128249999999,39.736599999999996,9.934149999999999,15.73427825,legacy_v1_recovered
R-F,1,,206,4,87.743258,50.808729,12.70218225,0.485644,0.121411,3.587062,0.8967655,54.881435,13.72035875,32.861822999999994,8.215455749999999,21.9358145,legacy_v1_recovered
R-F,1,,207,4,65.909067,25.581566000000002,6.395391500000001,0.517155,0.12928875,3.9946390000000003,0.9986597500000001,30.09336,7.52334,35.81570699999999,8.953926749999997,16.47726675,legacy_v1_recovered
R-F,1,,208,4,67.775397,29.941448,7.485362,0.497699,0.12442475,4.038748,1.009687,34.477895000000004,8.619473750000001,33.297501999999994,8.324375499999999,16.94384925,legacy_v1_recovered
R-F,1,,209,4,61.5778,24.239252,6.059813,0.584805,0.14620125,4.1912579999999995,1.0478144999999999,29.015315,7.25382875,32.562485,8.14062125,15.39445,legacy_v1_recovered
R-F,1,,210,4,50.88813,23.837459000000003,5.959364750000001,0.485376,0.121344,3.944991,0.98624775,28.267826,7.0669565,22.620303999999997,5.655075999999999,12.7220325,legacy_v1_recovered
R-F,1,,211,4,54.896278,26.162765,6.54069125,0.46648,0.11662,3.864791,0.96619775,30.494036,7.623509,24.402242,6.1005605,13.7240695,legacy_v1_recovered
R-F,1,,212,4,89.341532,64.68685099999999,16.171712749999998,0.301058,0.0752645,2.178038,0.5445095,67.16594699999999,16.791486749999997,22.175585000000012,5.543896250000003,22.335383,legacy_v1_recovered
R-F,1,,213,4,39.306981,15.835004999999999,3.9587512499999997,0.379585,0.09489625,2.806762,0.7016905,19.021351999999997,4.755337999999999,20.285629000000004,5.071407250000001,9.82674525,legacy_v1_recovered
R-F,1,,214,4,65.577918,42.654016,10.663504,0.310807,0.07770175,2.399117,0.59977925,45.36393999999999,11.340984999999998,20.213978000000004,5.053494500000001,16.3944795,legacy_v1_recovered
R-F,1,,215,4,87.42055,64.187938,16.0469845,0.36708,0.09177,2.580343,0.64508575,67.135361,16.78384025,20.285189000000003,5.071297250000001,21.8551375,legacy_v1_recovered
R-F,1,,216,4,34.654112,12.709742,3.1774355,0.279343,0.06983575,2.2890189999999997,0.5722547499999999,15.278104,3.819526,19.376008,4.844002,8.663528,legacy_v1_recovered
R-F,1,,217,4,67.302478,46.168310999999996,11.542077749999999,0.249377,0.06234425,1.9854370000000001,0.49635925000000003,48.403124999999996,12.100781249999999,18.899352999999998,4.7248382499999995,16.8256195,legacy_v1_recovered
R-F,1,,218,4,38.544605,16.801503,4.20037575,0.321893,0.08047325,2.261602,0.5654005,19.384998,4.8462495,19.159606999999998,4.789901749999999,9.63615125,legacy_v1_recovered
R-F,1,,219,4,37.186452,14.281630999999999,3.5704077499999998,0.42386,0.105965,2.5546480000000003,0.6386620000000001,17.260139,4.31503475,19.926313000000004,4.981578250000001,9.296613,legacy_v1_recovered
R-F,1,,220,4,140.10612,118.646602,29.6616505,0.318233,0.07955825,1.921157,0.48028925,120.885992,30.221498,19.220128000000003,4.805032000000001,35.02653,legacy_v1_recovered
R-F,1,,221,4,80.922363,58.72722,14.681805,0.309355,0.07733875,2.000012,0.500003,61.036587,15.25914675,19.885776000000007,4.971444000000002,20.23059075,legacy_v1_recovered
R-F,1,,222,4,80.817597,57.113234,14.2783085,0.249507,0.06237675,2.0425940000000002,0.5106485000000001,59.405335,14.85133375,21.412262000000005,5.353065500000001,20.20439925,legacy_v1_recovered
R-F,1,,223,4,33.922027,10.602159,2.65053975,0.284418,0.0711045,2.079292,0.519823,12.965869000000001,3.2414672500000004,20.956158,5.2390395,8.48050675,legacy_v1_recovered
R-F,1,,224,4,167.65593,143.941113,35.98527825,0.426832,0.106708,2.219467,0.55486675,146.587412,36.646853,21.06851800000001,5.267129500000003,41.9139825,legacy_v1_recovered
R-F,1,,225,4,72.38124,48.328419,12.08210475,0.45533500000000005,0.11383375000000001,2.707014,0.6767535,51.490767999999996,12.872691999999999,20.89047200000001,5.222618000000002,18.09531,legacy_v1_recovered
R-F,1,,226,4,125.690081,102.494344,25.623586,0.360942,0.0902355,2.324248,0.581062,105.17953399999999,26.294883499999997,20.510547000000017,5.127636750000004,31.42252025,legacy_v1_recovered
R-F,1,,227,4,84.965519,61.792319,15.44807975,0.387493,0.09687325,2.3515,0.587875,64.531312,16.132828,20.434207,5.10855175,21.24137975,legacy_v1_recovered
R-F,1,,228,4,35.125988,12.929242,3.2323105,0.413512,0.103378,2.2339,0.558475,15.576654000000001,3.8941635000000003,19.549333999999998,4.8873334999999996,8.781497,legacy_v1_recovered
R-F,1,,229,4,146.475684,124.62261099999999,31.155652749999998,0.343262,0.0858155,2.427164,0.606791,127.39303699999999,31.848259249999998,19.08264700000001,4.770661750000002,36.618921,legacy_v1_recovered
R-F,1,,230,4,45.209625,12.974532,3.243633,0.324483,0.08112075,2.0999160000000003,0.5249790000000001,15.398931000000001,3.8497327500000003,29.810694,7.4526735,11.30240625,legacy_v1_recovered
R-F,1,,231,4,55.958725,14.786192,3.696548,0.444218,0.1110545,3.071856,0.767964,18.302266,4.5755665,37.656459,9.41411475,13.98968125,legacy_v1_recovered
R-F,1,,232,4,70.813383,23.502264,5.875566,0.38246,0.095615,3.987837,0.99695925,27.872560999999997,6.968140249999999,42.940822000000004,10.735205500000001,17.70334575,legacy_v1_recovered
R-F,1,,233,4,70.802061,22.021584,5.505396,0.487801,0.12195025,4.326395,1.08159875,26.83578,6.708945,43.966280999999995,10.991570249999999,17.70051525,legacy_v1_recovered
R-F,1,,234,4,106.748646,62.577533,15.64438325,0.44227700000000003,0.11056925000000001,4.0273900000000005,1.0068475000000001,67.0472,16.7618,39.70144599999999,9.925361499999998,26.6871615,legacy_v1_recovered
R-F,1,,235,4,92.822962,54.220631,13.55515775,0.24331399999999997,0.060828499999999994,2.628614,0.6571535,57.092558999999994,14.273139749999999,35.73040300000001,8.932600750000002,23.2057405,legacy_v1_recovered
R-F,1,,236,4,73.338747,38.028162,9.5070405,0.339441,0.08486025,2.7685310000000003,0.6921327500000001,41.136134000000006,10.284033500000001,32.20261299999999,8.050653249999998,18.33468675,legacy_v1_recovered
R-F,1,,237,4,66.11399,20.120133000000003,5.030033250000001,0.43058399999999997,0.10764599999999999,3.319993,0.82999825,23.870710000000003,5.967677500000001,42.24328,10.56082,16.5284975,legacy_v1_recovered
R-F,1,,238,4,72.728278,29.669016,7.417254,0.583787,0.14594675,3.779526,0.9448815,34.032329,8.50808225,38.695949000000006,9.673987250000001,18.1820695,legacy_v1_recovered
R-F,1,,239,4,84.449535,31.109569999999998,7.7773924999999995,0.5684089999999999,0.14210224999999999,4.232119,1.05802975,35.910098,8.9775245,48.539437,12.13485925,21.11238375,legacy_v1_recovered
R-F,1,,240,4,128.562894,79.547027,19.88675675,0.311778,0.0779445,2.065358,0.5163395,81.92416300000001,20.481040750000002,46.63873099999999,11.659682749999998,32.1407235,legacy_v1_recovered
R-F,1,,241,4,76.886079,15.721680000000001,3.9304200000000002,0.449915,0.11247875,3.1869069999999997,0.7967267499999999,19.358502,4.8396255,57.527576999999994,14.381894249999998,19.22151975,legacy_v1_recovered
R-F,1,,242,4,101.237567,52.526759,13.13168975,0.593324,0.148331,3.751829,0.93795725,56.871912,14.217978,44.365655,11.09141375,25.30939175,legacy_v1_recovered
R-F,1,,243,4,109.024762,74.646054,18.6615135,0.53241,0.1331025,3.3163799999999997,0.8290949999999999,78.494844,19.623711,30.529917999999995,7.632479499999999,27.2561905,legacy_v1_recovered
R-F,1,,244,4,48.232757,20.806367,5.20159175,0.419631,0.10490775,2.94542,0.736355,24.171418,6.0428545,24.061339,6.01533475,12.05818925,legacy_v1_recovered
R-F,1,,245,4,111.604228,77.99607700000001,19.499019250000003,0.349885,0.08747125,1.90574,0.476435,80.25170200000001,20.062925500000002,31.352525999999997,7.838131499999999,27.901057,legacy_v1_recovered
R-F,1,,246,4,39.765837,13.526055,3.38151375,0.346419,0.08660475,2.4317070000000003,0.6079267500000001,16.304181,4.07604525,23.461655999999998,5.8654139999999995,9.94145925,legacy_v1_recovered
R-F,1,,247,4,51.679009,30.069853,7.51746325,0.37714200000000003,0.09428550000000001,2.881272,0.720318,33.328267,8.33206675,18.350742000000004,4.587685500000001,12.91975225,legacy_v1_recovered
R-F,1,,248,4,38.997166,16.558529,4.13963225,0.38058400000000003,0.09514600000000001,2.832795,0.70819875,19.771908,4.942977,19.225258,4.8063145,9.7492915,legacy_v1_recovered
R-F,1,,249,4,145.869767,124.810082,31.2025205,0.206617,0.05165425,1.93327,0.4833175,126.94996899999998,31.737492249999995,18.919798000000014,4.729949500000004,36.46744175,legacy_v1_recovered
R-F,1,,250,4,36.679047,16.625408,4.156352,0.349234,0.0873085,2.190963,0.54774075,19.165605,4.79140125,17.513441999999998,4.378360499999999,9.16976175,legacy_v1_recovered
R-F,1,,251,4,114.063836,92.08558000000001,23.021395000000002,0.274503,0.06862575,2.316803,0.57920075,94.676886,23.6692215,19.38695,4.8467375,28.515959,legacy_v1_recovered
R-F,1,,252,4,47.254351,26.86851,6.7171275,0.320795,0.08019875,2.163881,0.54097025,29.353186,7.3382965,17.901165,4.47529125,11.81358775,legacy_v1_recovered
R-F,1,,253,4,35.346943,13.498586999999999,3.3746467499999997,0.265891,0.06647275,2.514294,0.6285735,16.278772,4.069693,19.068171000000003,4.767042750000001,8.83673575,legacy_v1_recovered
R-F,1,,254,4,54.669736,34.049556,8.512389,0.369271,0.09231775,2.14487,0.5362175,36.563697,9.14092425,18.106039000000003,4.526509750000001,13.667434,legacy_v1_recovered
R-F,1,,255,4,64.915522,44.036857,11.00921425,0.280216,0.070054,1.978449,0.49461225,46.295522,11.5738805,18.619999999999997,4.654999999999999,16.2288805,legacy_v1_recovered
R-F,1,,256,4,32.234833,11.268322999999999,2.8170807499999997,0.314522,0.0786305,2.239137,0.55978425,13.821981999999998,3.4554954999999996,18.412851000000003,4.603212750000001,8.05870825,legacy_v1_recovered
R-F,1,,257,4,86.715947,65.626929,16.40673225,0.246487,0.06162175,1.898745,0.47468625,67.77216100000001,16.943040250000003,18.94378599999999,4.735946499999997,21.67898675,legacy_v1_recovered
R-F,1,,258,4,51.96628,31.739002,7.9347505,0.283226,0.0708065,2.140075,0.53501875,34.162303,8.54057575,17.803976999999996,4.450994249999999,12.99157,legacy_v1_recovered
R-F,1,,259,4,63.01247,43.101591,10.77539775,0.270114,0.0675285,1.897612,0.474403,45.269317,11.31732925,17.743153,4.43578825,15.7531175,legacy_v1_recovered
R-F,1,,260,4,98.648274,77.940145,19.48503625,0.312547,0.07813675,1.961727,0.49043175,80.21441899999999,20.053604749999998,18.43385500000001,4.608463750000002,24.6620685,legacy_v1_recovered
R-F,1,,261,4,59.722555,40.385647,10.09641175,0.279372,0.069843,1.900128,0.475032,42.565147,10.64128675,17.157407999999997,4.289351999999999,14.93063875,legacy_v1_recovered
R-F,1,,262,4,33.035983,12.035013,3.00875325,0.341526,0.0853815,2.082087,0.52052175,14.458625999999999,3.6146564999999997,18.577357000000003,4.644339250000001,8.25899575,legacy_v1_recovered
R-F,1,,263,4,165.760802,143.311777,35.82794425,0.272027,0.06800675,2.202601,0.55065025,145.786405,36.44660125,19.97439700000001,4.993599250000003,41.4402005,legacy_v1_recovered
R-F,1,,264,4,32.285773,10.451864,2.612966,0.278287,0.06957175,2.057095,0.51427375,12.787246000000001,3.1968115000000004,19.498526999999996,4.874631749999999,8.07144325,legacy_v1_recovered
R-F,1,,265,4,36.432786,13.706736,3.426684,0.480466,0.1201165,2.738869,0.68471725,16.926071,4.23151775,19.506715,4.87667875,9.1081965,legacy_v1_recovered
R-F,1,,266,4,72.746914,52.079539,13.01988475,0.35916699999999996,0.08979174999999999,2.257988,0.564497,54.696693999999994,13.674173499999998,18.05022000000001,4.5125550000000025,18.1867285,legacy_v1_recovered
R-F,1,,267,4,36.355644,15.063027,3.76575675,0.327698,0.0819245,2.625452,0.656363,18.016177,4.50404425,18.339467,4.58486675,9.088911,legacy_v1_recovered
R-F,1,,268,4,42.66139,20.77255,5.1931375,0.345267,0.08631675,2.9731059999999996,0.7432764999999999,24.090922999999997,6.022730749999999,18.570467,4.64261675,10.6653475,legacy_v1_recovered
R-F,1,,269,4,59.157035,38.504728,9.626182,0.34188,0.08547,2.44773,0.6119325,41.294338,10.3235845,17.862696999999997,4.465674249999999,14.78925875,legacy_v1_recovered
R-F,1,,270,4,120.21154,99.53351099999999,24.883377749999998,0.301017,0.07525425,1.855509,0.46387725,101.69003699999999,25.422509249999997,18.52150300000001,4.6303757500000025,30.052885,legacy_v1_recovered
R-F,1,,271,4,33.020405,11.847441,2.96186025,0.33584400000000003,0.08396100000000001,2.002414,0.5006035,14.185699,3.54642475,18.834705999999997,4.708676499999999,8.25510125,legacy_v1_recovered
R-F,1,,272,4,127.952973,105.042281,26.26057025,0.236898,0.0592245,2.076688,0.519172,107.355867,26.83896675,20.597105999999997,5.149276499999999,31.98824325,legacy_v1_recovered
R-F,1,,273,4,64.15897,42.541287,10.63532175,0.267484,0.066871,2.205596,0.551399,45.014367,11.25359175,19.144602999999996,4.786150749999999,16.0397425,legacy_v1_recovered
R-F,1,,274,4,66.909811,45.21579,11.3039475,0.277571,0.06939275,2.205648,0.551412,47.699009000000004,11.924752250000001,19.210802,4.8027005,16.72745275,legacy_v1_recovered
R-F,1,,275,4,79.525123,57.981544,14.495386,0.314156,0.078539,2.003642,0.5009105,60.299341999999996,15.074835499999999,19.225780999999998,4.8064452499999994,19.88128075,legacy_v1_recovered
R-F,1,,276,4,76.924103,56.340087,14.08502175,0.298418,0.0746045,1.98611,0.4965275,58.62461499999999,14.656153749999998,18.29948800000001,4.574872000000003,19.23102575,legacy_v1_recovered
R-F,1,,277,4,64.314101,42.626018,10.6565045,0.328485,0.08212125,2.218074,0.5545185,45.172577000000004,11.293144250000001,19.14152399999999,4.785380999999997,16.07852525,legacy_v1_recovered
R-F,1,,278,4,32.323381,10.989255,2.74731375,0.349289,0.08732225,2.208681,0.55217025,13.547225000000001,3.3868062500000002,18.776155999999997,4.694038999999999,8.08084525,legacy_v1_recovered
R-F,1,,279,4,36.235644,14.875063,3.71876575,0.329181,0.08229525,2.60465,0.6511625,17.808894000000002,4.4522235000000006,18.42675,4.6066875,9.058911,legacy_v1_recovered
R-F,1,,280,4,41.789161,19.383387,4.84584675,0.35931,0.0898275,2.716061,0.67901525,22.458758,5.6146895,19.330403,4.83260075,10.44729025,legacy_v1_recovered
R-F,1,,281,4,66.963351,46.486898000000004,11.621724500000001,0.281678,0.0704195,1.977825,0.49445625,48.746401000000006,12.186600250000001,18.216949999999997,4.554237499999999,16.74083775,legacy_v1_recovered
R-F,1,,282,4,98.515433,78.551716,19.637929,0.20951,0.0523775,1.978714,0.4946785,80.73993999999999,20.184984999999998,17.77549300000001,4.443873250000003,24.62885825,legacy_v1_recovered
R-F,1,,283,4,80.278724,59.978915,14.99472875,0.318622,0.0796555,2.059033,0.51475825,62.35657,15.5891425,17.922154,4.4805385,20.069681,legacy_v1_recovered
R-F,1,,284,4,73.168062,52.821596,13.205399,0.27523,0.0688075,2.056375,0.51409375,55.153201,13.78830025,18.014861000000003,4.503715250000001,18.2920155,legacy_v1_recovered
R-F,1,,285,4,64.70163,42.644387,10.66109675,0.258818,0.0647045,2.098836,0.524709,45.002041,11.25051025,19.699588999999996,4.924897249999999,16.1754075,legacy_v1_recovered
R-F,1,,286,4,90.919759,69.040346,17.2600865,0.344316,0.086079,2.062544,0.515636,71.44720600000001,17.861801500000002,19.47255299999999,4.868138249999998,22.72993975,legacy_v1_recovered
R-F,1,,287,4,39.448835,10.900228,2.725057,0.337292,0.084323,2.060307,0.51507675,13.297827,3.32445675,26.151008000000004,6.537752000000001,9.86220875,legacy_v1_recovered
R-F,1,,288,4,52.562253,13.369133,3.34228325,0.371398,0.0928495,2.84022,0.710055,16.580751,4.14518775,35.981502,8.9953755,13.14056325,legacy_v1_recovered
R-F,1,,289,4,72.727592,20.689379000000002,5.172344750000001,0.508822,0.1272055,3.69745,0.9243625,24.895651,6.22391275,47.831941,11.95798525,18.181898,legacy_v1_recovered
R-F,1,,290,4,75.43329,26.078888,6.519722,0.5807939999999999,0.14519849999999998,4.437473,1.10936825,31.097155,7.77428875,44.336135,11.08403375,18.8583225,legacy_v1_recovered
R-F,1,,291,4,81.66954,30.426576,7.606644,0.479079,0.11976975,4.174319,1.04357975,35.079974,8.7699935,46.589566,11.6473915,20.417385,legacy_v1_recovered
R-F,1,,292,4,76.562916,25.328049,6.33201225,0.605599,0.15139975,4.64056,1.16014,30.574208000000002,7.643552000000001,45.988708,11.497177,19.140729,legacy_v1_recovered
R-F,1,,293,4,167.14267,115.795759,28.94893975,0.34841,0.0871025,2.494724,0.623681,118.63889300000001,29.659723250000003,48.503777,12.12594425,41.7856675,legacy_v1_recovered
R-F,1,,294,4,63.467458,19.774998,4.9437495,0.434225,0.10855625,2.882981,0.72074525,23.092204000000002,5.773051000000001,40.375254,10.0938135,15.8668645,legacy_v1_recovered
R-F,1,,295,4,145.873568,101.476183,25.36904575,0.372489,0.09312225,2.481327,0.62033175,104.329999,26.08249975,41.543569000000005,10.385892250000001,36.468392,legacy_v1_recovered
R-F,1,,296,4,96.95209,48.731517,12.18287925,0.368495,0.09212375,2.24735,0.5618375,51.347362,12.8368405,45.604728,11.401182,24.2380225,legacy_v1_recovered
R-F,1,,297,4,63.461187,15.993166,3.9982915,0.374878,0.0937195,2.801341,0.70033525,19.169385000000002,4.7923462500000005,44.291802000000004,11.072950500000001,15.86529675,legacy_v1_recovered
R-F,1,,298,4,120.302899,75.230342,18.8075855,0.37105,0.0927625,2.568891,0.64222275,78.17028299999998,19.542570749999996,42.13261600000001,10.533154000000003,30.07572475,legacy_v1_recovered
R-F,1,,299,4,63.894795,15.794096,3.948524,0.278065,0.06951625,2.390406,0.5976015,18.462567,4.61564175,45.432228,11.358057,15.97369875,legacy_v1_recovered
R-F,1,,300,4,98.114831,42.913208,10.728302,0.439748,0.109937,3.048611,0.76215275,46.401567,11.60039175,51.713263999999995,12.928315999999999,24.52870775,legacy_v1_recovered
R-F,1,,301,4,96.08572,48.42862,12.107155,0.465937,0.11648425,3.180707,0.79517675,52.075264,13.018816,44.010456,11.002614,24.02143,legacy_v1_recovered
R-F,1,,302,4,69.077713,19.422435,4.85560875,0.528805,0.13220125,3.939054,0.9847635,23.890293999999997,5.972573499999999,45.187419000000006,11.296854750000001,17.26942825,legacy_v1_recovered
R-F,1,,303,4,110.933377,55.894582,13.9736455,0.56679,0.1416975,3.738731,0.93468275,60.200103,15.05002575,50.733273999999994,12.683318499999999,27.73334425,legacy_v1_recovered
R-F,1,,304,4,65.380307,15.821216,3.955304,0.452475,0.11311875,3.270104,0.817526,19.543795,4.88594875,45.836512,11.459128,16.34507675,legacy_v1_recovered
R-F,1,,305,4,79.650262,28.493351999999998,7.1233379999999995,0.531473,0.13286825,4.355326,1.0888315,33.380151,8.34503775,46.270111,11.56752775,19.9125655,legacy_v1_recovered
R-F,1,,306,4,91.250145,53.382345,13.34558625,0.594825,0.14870625,3.773257,0.94331425,57.750427,14.43760675,33.499718,8.3749295,22.81253625,legacy_v1_recovered
R-F,1,,307,4,90.378639,58.59894800000001,14.649737000000002,0.414245,0.10356125,3.231429,0.80785725,62.24462200000001,15.561155500000002,28.134017,7.03350425,22.59465975,legacy_v1_recovered
R-F,1,,308,4,82.319993,56.281146,14.0702865,0.378665,0.09466625,2.923336,0.730834,59.583147,14.89578675,22.736846,5.6842115,20.57999825,legacy_v1_recovered
R-F,1,,309,4,46.591224,20.960734,5.2401835,0.372533,0.09313325,2.838475,0.70961875,24.171742,6.0429355,22.419482,5.6048705,11.647806,legacy_v1_recovered
R-F,1,,310,4,87.382718,63.880784999999996,15.970196249999999,0.324889,0.08122225,2.414394,0.6035985,66.620068,16.655017,20.762649999999994,5.190662499999998,21.8456795,legacy_v1_recovered
R-F,1,,311,4,67.659346,43.840227,10.96005675,0.323152,0.080788,2.062237,0.51555925,46.225616,11.556404,21.433729999999997,5.358432499999999,16.9148365,legacy_v1_recovered
R-F,1,,312,4,43.234671,19.619889999999998,4.9049724999999995,0.296275,0.07406875,2.445513,0.61137825,22.361677999999998,5.590419499999999,20.872993,5.21824825,10.80866775,legacy_v1_recovered
R-F,1,,313,4,65.18243,42.256627,10.56415675,0.315267,0.07881675,2.1606769999999997,0.5401692499999999,44.732571,11.18314275,20.449858999999996,5.112464749999999,16.2956075,legacy_v1_recovered
R-F,1,,314,4,48.846284,26.395870000000002,6.5989675000000005,0.251507,0.06287675,2.177252,0.544313,28.824629,7.20615725,20.021654999999996,5.005413749999999,12.211571,legacy_v1_recovered
R-F,1,,315,4,56.552924,32.706446,8.1766115,0.349221,0.08730525,2.1075850000000003,0.5268962500000001,35.163252,8.790813,21.389671999999997,5.347417999999999,14.138231,legacy_v1_recovered
R-F,1,,316,4,39.307233,16.246233,4.06155825,0.332169,0.08304225,2.57587,0.6439675,19.154272,4.788568,20.152960999999998,5.038240249999999,9.82680825,legacy_v1_recovered
R-F,1,,317,4,51.586508,28.251811999999997,7.062952999999999,0.360392,0.090098,2.148372,0.537093,30.760576,7.690144,20.825932,5.206483,12.896627,legacy_v1_recovered
R-F,1,,318,4,84.07643,61.348298,15.3370745,0.24276799999999998,0.060691999999999996,1.925553,0.48138825,63.516619,15.87915475,20.559811000000003,5.139952750000001,21.0191075,legacy_v1_recovered
R-F,1,,319,4,118.493096,94.85868500000001,23.714671250000002,0.241046,0.0602615,1.914442,0.4786105,97.014173,24.25354325,21.478922999999995,5.369730749999999,29.623274,legacy_v1_recovered
R-F,1,,320,4,111.416883,89.931161,22.48279025,0.328976,0.082244,1.946529,0.48663225,92.206666,23.0516665,19.210217,4.80255425,27.85422075,legacy_v1_recovered
R-F,1,,321,4,57.456271,33.850506,8.4626265,0.25271,0.0631775,2.049422,0.5123555,36.152638,9.0381595,21.303632999999998,5.3259082499999995,14.36406775,legacy_v1_recovered
R-F,1,,322,4,177.413553,156.436817,39.10920425,0.294384,0.073596,1.877054,0.4692635,158.60825499999999,39.652063749999996,18.805298000000022,4.7013245000000055,44.35338825,legacy_v1_recovered
R-F,1,,323,4,85.626811,61.984736000000005,15.496184000000001,0.277994,0.0694985,1.976601,0.49415025,64.239331,16.05983275,21.387479999999996,5.346869999999999,21.40670275,legacy_v1_recovered
R-F,1,,324,4,110.829506,88.697218,22.1743045,0.338219,0.08455475,1.896781,0.47419525,90.932218,22.7330545,19.89728799999999,4.974321999999997,27.7073765,legacy_v1_recovered
R-F,1,,325,4,50.686181,28.32783,7.0819575,0.202341,0.05058525,2.036844,0.509211,30.567014999999998,7.6417537499999995,20.119166,5.0297915,12.67154525,legacy_v1_recovered
R-F,1,,326,4,51.664507,29.493014000000002,7.373253500000001,0.313555,0.07838875,2.071848,0.517962,31.878417000000002,7.969604250000001,19.786089999999998,4.9465224999999995,12.91612675,legacy_v1_recovered
R-F,1,,327,4,66.028106,43.555983000000005,10.888995750000001,0.245577,0.06139425,2.0224,0.5056,45.82396,11.45599,20.204145999999994,5.051036499999999,16.5070265,legacy_v1_recovered
R-F,1,,328,4,64.59063,42.034747,10.50868675,0.24232399999999998,0.060580999999999996,1.9253069999999999,0.48132674999999997,44.202378,11.0505945,20.388252,5.097063,16.1476575,legacy_v1_recovered
R-F,1,,329,4,34.985008,12.398818,3.0997045,0.245277,0.06131925,2.2071680000000002,0.5517920000000001,14.851263,3.71281575,20.133745,5.03343625,8.746252,legacy_v1_recovered
R-F,1,,330,4,123.234444,100.748864,25.187216,0.35157499999999997,0.08789374999999999,2.076313,0.51907825,103.176752,25.794188,20.057692000000003,5.014423000000001,30.808611,legacy_v1_recovered
R-F,1,,331,4,38.935132,14.881442999999999,3.7203607499999998,0.291769,0.07294225,2.128313,0.53207825,17.301524999999998,4.3253812499999995,21.633607000000005,5.408401750000001,9.733783,legacy_v1_recovered
R-F,1,,332,4,41.765095,18.148416,4.537104,0.34501499999999996,0.08625374999999999,2.666245,0.66656125,21.159676,5.289919,20.605419,5.15135475,10.44127375,legacy_v1_recovered
R-F,1,,333,4,85.860473,63.069309,15.76732725,0.313937,0.07848425,2.013368,0.503342,65.396614,16.3491535,20.463859,5.11596475,21.46511825,legacy_v1_recovered
R-F,1,,334,4,34.063035,11.364344,2.841086,0.338287,0.08457175,2.239939,0.55998475,13.942569999999998,3.4856424999999995,20.120465000000003,5.030116250000001,8.51575875,legacy_v1_recovered
R-F,1,,335,4,76.928251,51.872097000000004,12.968024250000001,0.40111,0.1002775,2.632615,0.65815375,54.90582200000001,13.726455500000002,22.022428999999995,5.505607249999999,19.23206275,legacy_v1_recovered
R-F,1,,336,4,69.820955,46.409738000000004,11.602434500000001,0.284361,0.07109025,2.30037,0.5750925,48.994469,12.24861725,20.826485999999996,5.206621499999999,17.45523875,legacy_v1_recovered
R-F,1,,337,4,81.871331,59.080278,14.7700695,0.30072699999999997,0.07518174999999999,2.129991,0.53249775,61.510996,15.377749,20.360335,5.09008375,20.46783275,legacy_v1_recovered
R-F,1,,338,4,39.977888,17.624747,4.40618675,0.281907,0.07047675,2.214647,0.55366175,20.121301,5.03032525,19.856587,4.96414675,9.994472,legacy_v1_recovered
R-F,1,,339,4,86.134223,64.697959,16.17448975,0.30866899999999997,0.07716724999999999,2.409705,0.60242625,67.416333,16.85408325,18.71789000000001,4.679472500000003,21.53355575,legacy_v1_recovered
R-F,1,,340,4,110.388773,88.53374799999999,22.133436999999997,0.369443,0.09236075,2.1411540000000002,0.5352885000000001,91.04434499999999,22.761086249999998,19.344428000000008,4.836107000000002,27.59719325,legacy_v1_recovered
R-F,1,,341,4,100.06163,74.75815,18.6895375,0.430053,0.10751325,2.145496,0.536374,77.333699,19.33342475,22.727930999999998,5.6819827499999995,25.0154075,legacy_v1_recovered
R-F,1,,342,4,80.851805,58.466851,14.61671275,0.324805,0.08120125,2.199348,0.549837,60.991004,15.247751,19.860801000000002,4.9652002500000005,20.21295125,legacy_v1_recovered
R-F,1,,343,4,109.654292,88.281841,22.07046025,0.355789,0.08894725,2.316967,0.57924175,90.954597,22.73864925,18.69969499999999,4.674923749999998,27.413573,legacy_v1_recovered
R-F,1,,344,4,37.554775,11.071632,2.767908,0.254504,0.063626,2.0962,0.52405,13.422336,3.355584,24.132438999999998,6.0331097499999995,9.38869375,legacy_v1_recovered
R-F,1,,345,4,48.739627,15.311601,3.82790025,0.38556199999999996,0.09639049999999999,2.709754,0.6774385,18.406917,4.60172925,30.33271,7.5831775,12.18490675,legacy_v1_recovered
R-F,1,,346,4,88.93349,45.021345,11.25533625,0.398449,0.09961225,3.1874379999999998,0.7968594999999999,48.607231999999996,12.151807999999999,40.32625800000001,10.081564500000002,22.2333725,legacy_v1_recovered
R-F,1,,347,4,58.254894,13.042278,3.2605695,0.346735,0.08668375,2.688072,0.672018,16.077085,4.01927125,42.177808999999996,10.544452249999999,14.5637235,legacy_v1_recovered
R-F,1,,348,4,148.625789,98.707223,24.67680575,0.400582,0.1001455,2.662694,0.6656735,101.770499,25.44262475,46.85529,11.7138225,37.15644725,legacy_v1_recovered
R-F,1,,349,4,120.649478,56.446775,14.11169375,0.452759,0.11318975,2.469839,0.61745975,59.369373,14.84234325,61.280105,15.32002625,30.1623695,legacy_v1_recovered
R-F,1,,350,4,141.453561,82.602424,20.650606,0.393879,0.09846975,2.36831,0.5920775,85.36461299999999,21.341153249999998,56.088948000000016,14.022237000000004,35.36339025,legacy_v1_recovered
R-F,1,,351,4,130.003786,63.99665,15.9991625,0.294856,0.073714,2.47713,0.6192825,66.768636,16.692159,63.23514999999999,15.808787499999998,32.5009465,legacy_v1_recovered
R-F,1,,352,4,86.098794,18.342547,4.58563675,0.40093500000000004,0.10023375000000001,3.884663,0.97116575,22.628145,5.65703625,63.470648999999995,15.867662249999999,21.5246985,legacy_v1_recovered
R-F,1,,353,4,199.150582,133.477955,33.36948875,0.359769,0.08994225,2.6342309999999998,0.6585577499999999,136.471955,34.11798875,62.678627000000006,15.669656750000001,49.7876455,legacy_v1_recovered
R-F,1,,354,4,78.173542,45.393981000000004,11.348495250000001,0.423051,0.10576275,2.600761,0.65019025,48.417793,12.10444825,29.755748999999994,7.438937249999999,19.5433855,legacy_v1_recovered
R-F,1,,355,4,117.927002,88.22733,22.0568325,0.278439,0.06960975,2.137061,0.53426525,90.64283,22.6607075,27.284171999999998,6.8210429999999995,29.4817505,legacy_v1_recovered
R-F,1,,356,4,53.562107,33.152717,8.28817925,0.30364800000000003,0.07591200000000001,2.199147,0.54978675,35.655512,8.913878,17.906594999999996,4.476648749999999,13.39052675,legacy_v1_recovered
R-F,1,,357,4,66.078997,45.673931,11.41848275,0.271735,0.06793375,2.1257,0.531425,48.071366000000005,12.017841500000001,18.007630999999996,4.501907749999999,16.51974925,legacy_v1_recovered
R-F,1,,358,4,34.127119,13.261748,3.315437,0.296563,0.07414075,2.353194,0.5882985,15.911505000000002,3.9778762500000004,18.215614,4.5539035,8.53177975,legacy_v1_recovered
R-F,1,,359,4,57.584161,35.563117,8.89077925,0.375123,0.09378075,2.475664,0.618916,38.413904,9.603476,19.170257,4.79256425,14.39604025,legacy_v1_recovered
R-F,1,,360,4,35.257995,13.747524,3.436881,0.311369,0.07784225,2.779405,0.69485125,16.838298,4.2095745,18.419697,4.60492425,8.81449875,legacy_v1_recovered
R-F,1,,361,4,93.79133,72.363208,18.090802,0.21556,0.05389,2.037822,0.5094555,74.61659,18.6541475,19.17474,4.793685,23.4478325,legacy_v1_recovered
R-F,1,,362,4,32.199969,11.398278,2.8495695,0.377113,0.09427825,2.291352,0.572838,14.066742999999999,3.5166857499999997,18.133226000000004,4.533306500000001,8.04999225,legacy_v1_recovered
R-F,1,,363,4,35.000232,13.060797,3.26519925,0.301869,0.07546725,2.7706429999999997,0.6926607499999999,16.133309,4.03332725,18.866922999999996,4.716730749999999,8.750058,legacy_v1_recovered
R-F,1,,364,4,42.068915,16.972704,4.243176,0.348636,0.087159,2.923907,0.73097675,20.245247,5.06131175,21.823667999999998,5.4559169999999995,10.51722875,legacy_v1_recovered
R-F,1,,365,4,100.624867,78.872362,19.7180905,0.318469,0.07961725,2.2161809999999997,0.5540452499999999,81.407012,20.351753,19.217855,4.80446375,25.15621675,legacy_v1_recovered
R-F,1,,366,4,64.060191,43.573443999999995,10.893360999999999,0.239372,0.059843,2.16324,0.54081,45.976056,11.494014,18.084135000000003,4.521033750000001,16.01504775,legacy_v1_recovered
R-F,1,,367,4,50.423364,28.828082,7.2070205,0.277142,0.0692855,2.1563239999999997,0.5390809999999999,31.261547999999998,7.815386999999999,19.161816,4.790454,12.605841,legacy_v1_recovered
R-F,1,,368,4,50.217754,28.884593000000002,7.221148250000001,0.30004,0.07501,2.090254,0.5225635,31.274887,7.81872175,18.942867,4.73571675,12.5544385,legacy_v1_recovered
R-F,1,,369,4,31.312542,11.020575,2.75514375,0.284544,0.071136,2.375348,0.593837,13.680467,3.42011675,17.632075,4.40801875,7.8281355,legacy_v1_recovered
R-F,1,,370,4,153.065592,132.304244,33.076061,0.242787,0.06069675,1.875985,0.46899625,134.42301600000002,33.605754000000005,18.64257599999999,4.660643999999998,38.266398,legacy_v1_recovered
R-F,1,,371,4,97.793728,74.802029,18.70050725,0.370965,0.09274125,2.239211,0.55980275,77.412205,19.35305125,20.381523,5.09538075,24.448432,legacy_v1_recovered
R-F,1,,372,4,34.009273,12.051016,3.012754,0.31641600000000003,0.07910400000000001,2.572352,0.643088,14.939784000000001,3.7349460000000003,19.069488999999997,4.767372249999999,8.50231825,legacy_v1_recovered
R-F,1,,373,4,72.257846,50.376385,12.59409625,0.335799,0.08394975,2.467352,0.616838,53.179536,13.294884,19.078310000000002,4.7695775000000005,18.0644615,legacy_v1_recovered
R-F,1,,374,4,82.449238,60.707039,15.17675975,0.31258600000000003,0.07814650000000001,2.266347,0.56658675,63.28597200000001,15.821493000000002,19.163265999999986,4.7908164999999965,20.6123095,legacy_v1_recovered
R-F,1,,375,4,71.536052,44.404208,11.101052,0.332707,0.08317675,2.222204,0.555551,46.959118999999994,11.739779749999999,24.576933000000004,6.144233250000001,17.884013,legacy_v1_recovered
R-F,1,,376,4,76.22754,49.074524,12.268631,0.407966,0.1019915,2.360478,0.5901195,51.842968,12.960742,24.384572000000006,6.096143000000001,19.056885,legacy_v1_recovered
R-F,1,,377,4,117.769164,87.17939299999999,21.794848249999998,0.376226,0.0940565,2.407144,0.601786,89.962763,22.49069075,27.806401000000008,6.951600250000002,29.442291,legacy_v1_recovered
R-F,1,,378,4,76.615354,47.558302999999995,11.889575749999999,0.35135500000000003,0.08783875000000001,2.498552,0.624638,50.40821,12.6020525,26.207144,6.551786,19.1538385,legacy_v1_recovered
R-F,1,,379,4,69.295496,44.443703,11.11092575,0.474397,0.11859925,2.670884,0.667721,47.588984,11.897246,21.706511999999996,5.426627999999999,17.323874,legacy_v1_recovered
R-F,1,,380,4,36.953754,13.42081,3.3552025,0.322693,0.08067325,2.377155,0.59428875,16.120658,4.0301645,20.833096000000005,5.208274000000001,9.2384385,legacy_v1_recovered
R-F,1,,381,4,34.624891,12.630625,3.15765625,0.257947,0.06448675,2.675894,0.6689735,15.564466,3.8911165,19.060425,4.76510625,8.65622275,legacy_v1_recovered
R-F,1,,382,4,70.811265,49.711677,12.42791925,0.344466,0.0861165,2.163946,0.5409865,52.220089,13.05502225,18.591176000000004,4.647794000000001,17.70281625,legacy_v1_recovered
R-F,1,,383,4,33.443448,11.124676000000001,2.7811690000000002,0.21021600000000001,0.052554000000000003,2.323754,0.5809385,13.658646000000001,3.4146615000000002,19.784801999999996,4.946200499999999,8.360862,legacy_v1_recovered
R-F,1,,384,4,43.837954,20.187309,5.04682725,0.355348,0.088837,2.726188,0.681547,23.268845,5.81721125,20.569109000000005,5.142277250000001,10.9594885,legacy_v1_recovered
R-F,1,,385,4,39.04324,16.237935,4.05948375,0.393395,0.09834875,2.8143890000000003,0.7035972500000001,19.445719000000004,4.861429750000001,19.597520999999993,4.899380249999998,9.76081,legacy_v1_recovered
R-F,1,,386,4,101.533256,79.031457,19.75786425,0.351574,0.0878935,2.13535,0.5338375,81.518381,20.37959525,20.01487499999999,5.003718749999997,25.383314,legacy_v1_recovered
R-F,1,,387,4,147.90502,126.799882,31.6999705,0.30453399999999997,0.07613349999999999,1.8123529999999999,0.45308824999999997,128.916769,32.22919225,18.98825100000002,4.747062750000005,36.976255,legacy_v1_recovered
R-F,1,,388,4,61.953281,40.885348,10.221337,0.261481,0.06537025,1.998237,0.49955925,43.14506600000001,10.786266500000002,18.80821499999999,4.7020537499999975,15.48832025,legacy_v1_recovered
R-F,1,,389,4,82.829604,62.120742,15.5301855,0.281121,0.07028025,1.9437380000000002,0.48593450000000005,64.345601,16.08640025,18.484003,4.62100075,20.707401,legacy_v1_recovered
R-F,1,,390,4,32.698788,12.239151,3.05978775,0.253051,0.06326275,2.061771,0.51544275,14.553973,3.63849325,18.144815,4.53620375,8.174697,legacy_v1_recovered
R-F,1,,391,4,79.929687,58.527141,14.63178525,0.298736,0.074684,1.966395,0.49159875,60.792272,15.198068,19.137415000000004,4.784353750000001,19.98242175,legacy_v1_recovered
R-F,1,,392,4,61.103339,39.938667,9.98466675,0.221297,0.05532425,1.937708,0.484427,42.097672,10.524418,19.005666999999995,4.751416749999999,15.27583475,legacy_v1_recovered
R-F,1,,393,4,71.011417,49.404,12.351,0.2794,0.06985,2.081039,0.52025975,51.764439,12.94110975,19.24697799999999,4.811744499999998,17.75285425,legacy_v1_recovered
R-F,1,,394,4,130.610124,109.250838,27.3127095,0.206762,0.0516905,2.119462,0.5298655,111.577062,27.8942655,19.033062000000015,4.758265500000004,32.652531,legacy_v1_recovered
R-F,1,,395,4,50.198662,28.189785999999998,7.0474464999999995,0.303533,0.07588325,1.988389,0.49709725,30.481708,7.620427,19.716953999999998,4.929238499999999,12.5496655,legacy_v1_recovered
R-F,1,,396,4,64.104337,43.147236,10.786809,0.275447,0.06886175,1.95031,0.4875775,45.372993,11.34324825,18.731344,4.682836,16.02608425,legacy_v1_recovered
R-F,1,,397,4,75.592624,55.540614,13.8851535,0.320142,0.0800355,1.78762,0.446905,57.64837599999999,14.412093999999998,17.94424800000001,4.486062000000002,18.898156,legacy_v1_recovered
R-F,1,,398,4,30.71838,10.582336999999999,2.6455842499999997,0.280733,0.07018325,2.034254,0.5085635,12.897323999999998,3.2243309999999994,17.821056000000002,4.455264000000001,7.679595,legacy_v1_recovered
R-F,1,,399,4,48.989157,28.775222,7.1938055,0.292812,0.073203,2.195362,0.5488405,31.263396,7.815849,17.725761,4.43144025,12.24728925,legacy_v1_recovered
R-F,1,,400,4,33.028128,11.993752,2.998438,0.268993,0.06724825,2.44653,0.6116325,14.709275000000002,3.6773187500000004,18.318853,4.57971325,8.257032,legacy_v1_recovered
R-F,1,,401,4,55.180627,33.346236000000005,8.336559000000001,0.220936,0.055234,2.242514,0.5606285,35.809686000000006,8.952421500000002,19.370940999999995,4.842735249999999,13.79515675,legacy_v1_recovered
R-F,1,,402,4,33.317766,12.211500000000001,3.0528750000000002,0.301003,0.07525075,2.525597,0.63139925,15.0381,3.759525,18.279666,4.5699165,8.3294415,legacy_v1_recovered
R-F,1,,403,4,135.156886,114.684424,28.671106,0.353719,0.08842975,2.541432,0.635358,117.579575,29.39489375,17.57731099999998,4.394327749999995,33.7892215,legacy_v1_recovered
R-F,1,,404,4,32.967308,12.559299000000001,3.1398247500000003,0.275345,0.06883625,2.070548,0.517637,14.905192000000001,3.7262980000000003,18.062116000000003,4.515529000000001,8.241827,legacy_v1_recovered
R-F,1,,405,4,54.952287,33.617506,8.4043765,0.426251,0.10656275,2.608716,0.652179,36.652473,9.16311825,18.299813999999998,4.5749534999999995,13.73807175,legacy_v1_recovered
R-F,1,,406,4,36.806222,13.970987,3.49274675,0.306517,0.07662925,2.505176,0.626294,16.78268,4.19567,20.023542,5.0058855,9.2015555,legacy_v1_recovered
R-F,1,,407,4,39.334951,16.834446,4.2086115,0.368353,0.09208825,2.791915,0.69797875,19.994714,4.9986785,19.340237,4.83505925,9.83373775,legacy_v1_recovered
R-F,1,,408,4,58.106592,35.204892,8.801223,0.377623,0.09440575,2.766995,0.69174875,38.34951,9.5873775,19.757081999999997,4.939270499999999,14.526648,legacy_v1_recovered
R-F,1,,409,4,82.575366,61.734421999999995,15.433605499999999,0.286613,0.07165325,1.9047429999999999,0.47618574999999996,63.925777999999994,15.981444499999998,18.64958800000001,4.662397000000002,20.6438415,legacy_v1_recovered
R-F,1,,410,4,36.371728,14.720351,3.68008775,0.245785,0.06144625,2.2986910000000003,0.5746727500000001,17.264827,4.31620675,19.106900999999997,4.776725249999999,9.092932,legacy_v1_recovered
R-F,1,,411,4,72.120033,50.316063,12.57901575,0.280521,0.07013025,2.195131,0.54878275,52.791714999999996,13.197928749999999,19.32831800000001,4.8320795000000025,18.03000825,legacy_v1_recovered
R-F,1,,412,4,34.09657,12.944983,3.23624575,0.256286,0.0640715,2.353825,0.58845625,15.555094,3.8887735,18.541476,4.635369,8.5241425,legacy_v1_recovered
R-F,1,,413,4,36.872664,15.098547,3.77463675,0.401138,0.1002845,2.732106,0.6830265,18.231791,4.55794775,18.640873,4.66021825,9.218166,legacy_v1_recovered
R-F,1,,414,4,36.44654,13.864137,3.46603425,0.360995,0.09024875,2.9147689999999997,0.7286922499999999,17.139901000000002,4.2849752500000005,19.306638999999997,4.826659749999999,9.111635,legacy_v1_recovered
R-F,1,,415,4,37.420896,14.419862,3.6049655,0.440559,0.11013975,2.962535,0.74063375,17.822956,4.455739,19.597939999999998,4.899484999999999,9.355224,legacy_v1_recovered
R-F,1,,416,4,115.346446,92.189116,23.047279,0.432218,0.1080545,2.934853,0.73371325,95.55618700000001,23.889046750000002,19.790258999999992,4.947564749999998,28.8366115,legacy_v1_recovered
R-F,1,,417,4,59.281116,38.885227,9.72130675,0.31174999999999997,0.07793749999999999,2.132334,0.5330835,41.329311000000004,10.332327750000001,17.951804999999993,4.487951249999998,14.820279,legacy_v1_recovered
R-F,1,,418,4,31.439325,11.210955,2.80273875,0.34497500000000003,0.08624375000000001,2.303352,0.575838,13.859282,3.4648205,17.580043,4.39501075,7.85983125,legacy_v1_recovered
R-F,1,,419,4,38.568502,16.048738,4.0121845,0.354974,0.0887435,2.744238,0.6860595,19.147949999999998,4.7869874999999995,19.420552000000004,4.855138000000001,9.6421255,legacy_v1_recovered
R-F,1,,420,4,37.584256,15.509239,3.87730975,0.383416,0.095854,2.777551,0.69438775,18.670206,4.6675515,18.914050000000003,4.728512500000001,9.396064,legacy_v1_recovered
R-F,1,,421,4,116.819506,96.14852599999999,24.037131499999997,0.262786,0.0656965,2.44616,0.61154,98.857472,24.714368,17.962034000000003,4.490508500000001,29.2048765,legacy_v1_recovered
R-F,1,,422,4,66.263683,44.389437,11.09735925,0.274847,0.06871175,2.045245,0.51131125,46.709529,11.67738225,19.554153999999997,4.888538499999999,16.56592075,legacy_v1_recovered
R-F,1,,423,4,34.953955,13.353254999999999,3.3383137499999997,0.324579,0.08114475,2.302381,0.57559525,15.980215,3.99505375,18.97374,4.743435,8.73848875,legacy_v1_recovered
R-F,1,,424,4,77.802506,57.72304,14.43076,0.320564,0.080141,1.8257020000000002,0.45642550000000004,59.869305999999995,14.967326499999999,17.9332,4.4833,19.4506265,legacy_v1_recovered
R-F,1,,425,4,32.453655,11.527182,2.8817955,0.21227000000000001,0.053067500000000004,2.338781,0.58469525,14.078233,3.51955825,18.375421999999997,4.593855499999999,8.11341375,legacy_v1_recovered
R-F,1,,426,4,66.941945,46.140747,11.53518675,0.317572,0.079393,1.894786,0.4736965,48.353105,12.08827625,18.588840000000005,4.647210000000001,16.73548625,legacy_v1_recovered
R-F,1,,427,4,31.241307,10.968991,2.74224775,0.287922,0.0719805,2.249972,0.562493,13.506885,3.37672125,17.734422,4.4336055,7.81032675,legacy_v1_recovered
R-F,1,,428,4,39.166638,17.599363,4.39984075,0.321166,0.0802915,2.591129,0.64778225,20.511658,5.1279145,18.65498,4.663745,9.7916595,legacy_v1_recovered
R-F,1,,429,4,39.788613,17.396013,4.34900325,0.405769,0.10144225,2.716432,0.679108,20.518214,5.1295535,19.270398999999998,4.817599749999999,9.94715325,legacy_v1_recovered
R-F,1,,430,4,40.607116,18.071345,4.51783625,0.39756400000000003,0.09939100000000001,2.769183,0.69229575,21.238092,5.309523,19.369023999999996,4.842255999999999,10.151779,legacy_v1_recovered
R-F,1,,431,4,43.248604,20.605327,5.15133175,0.368257,0.09206425,2.909223,0.72730575,23.882807,5.97070175,19.365797,4.84144925,10.812151,legacy_v1_recovered
R-F,1,,432,4,71.632809,49.625076,12.406269,0.380482,0.0951205,2.275734,0.5689335,52.281292,13.070323,19.351516999999994,4.8378792499999985,17.90820225,legacy_v1_recovered
R-F,1,,433,4,83.242387,62.296336,15.574084,0.313427,0.07835675,2.537525,0.63438125,65.14728799999999,16.286821999999997,18.095099000000005,4.523774750000001,20.81059675,legacy_v1_recovered
R-F,1,,434,4,69.216273,48.213092,12.053273,0.290097,0.07252425,2.31257,0.5781425,50.81575900000001,12.703939750000002,18.400513999999994,4.6001284999999985,17.30406825,legacy_v1_recovered
R-F,1,,435,4,67.373141,46.752795,11.68819875,0.232629,0.05815725,2.214652,0.553663,49.200076,12.300019,18.173065,4.54326625,16.84328525,legacy_v1_recovered
R-F,1,,436,4,54.204688,33.003713,8.25092825,0.430671,0.10766775,2.211039,0.55275975,35.645422999999994,8.911355749999998,18.559265000000003,4.639816250000001,13.551172,legacy_v1_recovered
R-F,1,,437,4,33.778381,11.857825,2.96445625,0.332407,0.08310175,2.417586,0.6043965,14.607818,3.6519545,19.170563,4.79264075,8.44459525,legacy_v1_recovered
R-F,1,,438,4,65.853836,43.485614000000005,10.871403500000001,0.47711499999999996,0.11927874999999999,2.580611,0.64515275,46.54334,11.635835,19.310496,4.827624,16.463459,legacy_v1_recovered
R-F,1,,439,4,96.486499,70.994715,17.74867875,0.32572999999999996,0.08143249999999999,2.011559,0.50288975,73.332004,18.333001,23.154494999999997,5.788623749999999,24.12162475,legacy_v1_recovered
R-F,1,,440,4,51.096829,30.395964,7.598991,0.312703,0.07817575,2.116251,0.52906275,32.824918,8.2062295,18.271911000000003,4.567977750000001,12.77420725,legacy_v1_recovered
R-F,1,,441,4,38.187803,15.561532,3.890383,0.296097,0.07402425,2.436959,0.60923975,18.294587999999997,4.573646999999999,19.893215000000005,4.973303750000001,9.54695075,legacy_v1_recovered
R-F,1,,442,4,37.655643,15.148049,3.78701225,0.329351,0.08233775,2.642833,0.66070825,18.120233000000002,4.530058250000001,19.535409999999995,4.883852499999999,9.41391075,legacy_v1_recovered
R-F,1,,443,4,36.934414,13.593122000000001,3.3982805000000003,0.41118699999999997,0.10279674999999999,2.743284,0.685821,16.747593000000002,4.1868982500000005,20.186820999999995,5.046705249999999,9.2336035,legacy_v1_recovered
R-F,1,,444,4,107.377295,85.528909,21.38222725,0.269552,0.067388,2.026042,0.5065105,87.824503,21.95612575,19.552791999999997,4.888197999999999,26.84432375,legacy_v1_recovered
R-F,1,,445,4,50.433852,28.918175,7.22954375,0.298358,0.0745895,2.203384,0.550846,31.419917,7.85497925,19.013935,4.75348375,12.608463,legacy_v1_recovered
R-F,1,,446,4,173.808311,149.51391,37.3784775,0.371507,0.09287675,2.1478450000000002,0.5369612500000001,152.033262,38.0083155,21.775048999999996,5.443762249999999,43.45207775,legacy_v1_recovered
R-F,1,,447,4,80.370699,57.375671999999994,14.343917999999999,0.31919000000000003,0.07979750000000001,1.9947659999999998,0.49869149999999995,59.68962799999999,14.922406999999998,20.68107100000001,5.1702677500000025,20.09267475,legacy_v1_recovered
R-F,1,,448,4,38.075377,15.279843000000001,3.8199607500000003,0.364043,0.09101075,2.293387,0.57334675,17.937273,4.48431825,20.138104000000002,5.0345260000000005,9.51884425,legacy_v1_recovered
R-F,1,,449,4,44.709442,16.834596,4.208649,0.25089,0.0627225,2.725169,0.68129225,19.810655,4.95266375,24.898787000000002,6.2246967500000006,11.1773605,legacy_v1_recovered
R-F,1,,450,4,116.463189,92.374742,23.0936855,0.32247,0.0806175,2.476842,0.6192105,95.174054,23.7935135,21.289135,5.32228375,29.11579725,legacy_v1_recovered
R-F,1,,451,4,127.714394,99.04617,24.7615425,0.4554,0.11385,2.256511,0.56412775,101.758081,25.43952025,25.956312999999994,6.489078249999999,31.9285985,legacy_v1_recovered
R-F,1,,452,4,39.495371,16.88204,4.22051,0.255843,0.06396075,2.110096,0.527524,19.247978999999997,4.811994749999999,20.247392,5.061848,9.87384275,legacy_v1_recovered
R-F,1,,453,4,39.360009,14.214247,3.55356175,0.319923,0.07998075,2.589665,0.64741625,17.123835,4.28095875,22.236174,5.5590435,9.84000225,legacy_v1_recovered
R-F,1,,454,4,90.14144,66.761724,16.690431,0.308497,0.07712425,2.608824,0.652206,69.679045,17.41976125,20.462395,5.11559875,22.53536,legacy_v1_recovered
R-F,1,,455,4,64.011734,40.762508,10.190627,0.280835,0.07020875,2.190711,0.54767775,43.234054,10.8085135,20.777680000000004,5.194420000000001,16.0029335,legacy_v1_recovered
R-F,1,,456,4,35.187659,14.015388999999999,3.5038472499999997,0.359571,0.08989275,2.434741,0.60868525,16.809701,4.20242525,18.377957999999996,4.594489499999999,8.79691475,legacy_v1_recovered
R-F,1,,457,4,90.548033,61.718927,15.42973175,0.374368,0.093592,2.358141,0.58953525,64.451436,16.112859,26.096597000000003,6.524149250000001,22.63700825,legacy_v1_recovered
R-F,1,,458,4,43.171511,16.141134,4.0352835,0.396493,0.09912325,2.4421809999999997,0.6105452499999999,18.979808,4.744952,24.191703000000004,6.047925750000001,10.79287775,legacy_v1_recovered
R-F,1,,459,4,39.503449,17.499214,4.3748035,0.357511,0.08937775,2.703463,0.67586575,20.560187999999997,5.140046999999999,18.943261000000007,4.735815250000002,9.87586225,legacy_v1_recovered
R-F,1,,460,4,40.697727,18.144633,4.53615825,0.41058,0.102645,2.774908,0.693727,21.330121,5.33253025,19.367606000000002,4.8419015000000005,10.17443175,legacy_v1_recovered
R-F,1,,461,4,89.519955,64.543691,16.13592275,0.336694,0.0841735,1.865018,0.4662545,66.745403,16.68635075,22.774552,5.693638,22.37998875,legacy_v1_recovered
R-F,1,,462,4,40.205928,15.984548,3.996137,0.216166,0.0540415,2.313863,0.57846575,18.514577000000003,4.628644250000001,21.691350999999997,5.422837749999999,10.051482,legacy_v1_recovered
R-F,1,,463,4,38.40499,15.438442,3.8596105,0.42404000000000003,0.10601000000000001,3.002411,0.75060275,18.864893,4.71622325,19.540097,4.88502425,9.6012475,legacy_v1_recovered
R-F,1,,464,4,46.428403,21.670838,5.4177095,0.38200999999999996,0.09550249999999999,2.9139720000000002,0.7284930000000001,24.966820000000002,6.2417050000000005,21.461583,5.36539575,11.60710075,legacy_v1_recovered
R-F,1,,465,4,45.904951,17.416499,4.35412475,0.507159,0.12678975,3.0293229999999998,0.7573307499999999,20.952981,5.23824525,24.951969999999996,6.237992499999999,11.47623775,legacy_v1_recovered
R-F,1,,466,4,92.342239,59.159175,14.78979375,0.503697,0.12592425,2.644661,0.66116525,62.307533,15.57688325,30.034706000000007,7.508676500000002,23.08555975,legacy_v1_recovered
R-F,1,,467,4,110.272254,86.883946,21.7209865,0.32265699999999997,0.08066424999999999,1.8197429999999999,0.45493574999999997,89.026346,22.2565865,21.245908,5.311477,27.5680635,legacy_v1_recovered
R-F,1,,468,4,37.583756,13.136946,3.2842365,0.240525,0.06013125,2.203823,0.55095575,15.581294,3.8953235,22.002462,5.5006155,9.395939,legacy_v1_recovered
R-F,1,,469,4,113.979678,91.924555,22.98113875,0.416354,0.1040885,2.29957,0.5748925,94.640479,23.66011975,19.339199000000008,4.834799750000002,28.4949195,legacy_v1_recovered
R-F,1,,470,4,32.499527,11.583755,2.89593875,0.316582,0.0791455,2.2408390000000002,0.5602097500000001,14.141176000000002,3.5352940000000004,18.358351,4.58958775,8.12488175,legacy_v1_recovered
R-F,1,,471,4,41.194896,14.029659,3.50741475,0.40888499999999994,0.10222124999999999,2.8823030000000003,0.7205757500000001,17.320847,4.33021175,23.874049,5.96851225,10.298724,legacy_v1_recovered
R-F,1,,472,4,143.479798,113.194167,28.29854175,0.524796,0.131199,2.367011,0.59175275,116.085974,29.0214935,27.393823999999995,6.848455999999999,35.8699495,legacy_v1_recovered
R-F,1,,473,4,40.464144,16.56342,4.140855,0.36649,0.0916225,2.858087,0.71452175,19.787997,4.94699925,20.676146999999997,5.169036749999999,10.116036,legacy_v1_recovered
R-F,1,,474,4,61.777739,37.364394000000004,9.341098500000001,0.508636,0.127159,3.015484,0.753871,40.88851400000001,10.222128500000002,20.88922499999999,5.222306249999997,15.44443475,legacy_v1_recovered
R-F,1,,475,4,43.635495,20.011103,5.00277575,0.35649,0.0891225,2.78777,0.6969425,23.155363,5.78884075,20.480131999999998,5.120032999999999,10.90887375,legacy_v1_recovered
R-F,1,,476,4,111.788743,89.560717,22.39017925,0.416406,0.1041015,2.436198,0.6090495,92.413321,23.10333025,19.375422,4.8438555,27.94718575,legacy_v1_recovered
R-F,1,,477,4,75.035194,42.643224000000004,10.660806000000001,0.377454,0.0943635,2.190726,0.5476815,45.211404,11.302851,29.823790000000002,7.455947500000001,18.7587985,legacy_v1_recovered
R-F,1,,478,4,37.619669,15.179308,3.794827,0.404765,0.10119125,2.7049440000000002,0.6762360000000001,18.289017,4.57225425,19.330652,4.832663,9.40491725,legacy_v1_recovered
R-F,1,,479,4,98.768757,74.011026,18.5027565,0.365813,0.09145325,2.588666,0.6471665,76.96550500000001,19.241376250000002,21.803251999999986,5.450812999999997,24.69218925,legacy_v1_recovered
R-F,1,,480,4,40.596926,17.402722,4.3506805,0.290168,0.072542,2.3318909999999997,0.5829727499999999,20.024781,5.00619525,20.572145000000003,5.143036250000001,10.1492315,legacy_v1_recovered
R-F,1,,481,4,40.896952,17.909113,4.47727825,0.422465,0.10561625,2.7309,0.682725,21.062478,5.2656195,19.834474,4.9586185,10.224238,legacy_v1_recovered
R-F,1,,482,4,39.94878,16.398913,4.09972825,0.383477,0.09586925,2.837732,0.709433,19.620122,4.9050305,20.328658,5.0821645,9.987195,legacy_v1_recovered
R-F,1,,483,4,41.169118,17.401043,4.35026075,0.391628,0.097907,2.88571,0.7214275,20.678381,5.16959525,20.490736999999996,5.122684249999999,10.2922795,legacy_v1_recovered
R-F,1,,484,4,40.661938,17.497282,4.3743205,0.459937,0.11498425,3.060102,0.7650255,21.017321,5.25433025,19.644617,4.91115425,10.1654845,legacy_v1_recovered
R-F,1,,485,4,81.276141,51.574126,12.8935315,0.343499,0.08587475,2.796476,0.699119,54.714101,13.67852525,26.562039999999996,6.640509999999999,20.31903525,legacy_v1_recovered
R-F,1,,486,4,56.631341,33.271316,8.317829,0.285798,0.0714495,2.533802,0.6334505,36.090916,9.022729,20.540425,5.13510625,14.15783525,legacy_v1_recovered
R-F,1,,487,4,43.95744,19.439698,4.8599245,0.334505,0.08362625,2.622551,0.65563775,22.396754,5.5991885,21.560685999999997,5.390171499999999,10.98936,legacy_v1_recovered
R-F,1,,488,4,103.025542,79.991259,19.99781475,0.2696,0.0674,2.153458,0.5383645,82.414317,20.60357925,20.611225000000005,5.152806250000001,25.7563855,legacy_v1_recovered
R-F,1,,489,4,37.412504,14.856238,3.7140595,0.300588,0.075147,2.208313,0.55207825,17.365139,4.34128475,20.047365,5.01184125,9.353126,legacy_v1_recovered
R-F,1,,490,4,87.827706,64.6691,16.167275,0.30711,0.0767775,2.293925,0.57348125,67.270135,16.81753375,20.55757100000001,5.1393927500000025,21.9569265,legacy_v1_recovered
R-F,1,,491,4,38.352524,12.79206,3.198015,0.32815300000000003,0.08203825000000001,2.237322,0.5593305,15.357534999999999,3.8393837499999997,22.994989000000004,5.748747250000001,9.588131,legacy_v1_recovered
R-F,1,,492,4,111.824697,80.96831,20.2420775,0.33681,0.0842025,2.130537,0.53263425,83.435657,20.85891425,28.389039999999994,7.097259999999999,27.95617425,legacy_v1_recovered
R-F,1,,493,4,69.810274,46.874709,11.71867725,0.328139,0.08203475,2.166651,0.54166275,49.369499000000005,12.342374750000001,20.440775000000002,5.1101937500000005,17.4525685,legacy_v1_recovered
R-F,1,,494,4,141.477286,120.256259,30.06406475,0.346621,0.08665525,1.951395,0.48784875,122.554275,30.63856875,18.92301099999999,4.730752749999997,35.3693215,legacy_v1_recovered
R-F,1,,495,4,78.216727,56.539991,14.13499775,0.296681,0.07417025,2.12958,0.532395,58.966252,14.741563,19.25047500000001,4.812618750000002,19.55418175,legacy_v1_recovered
R-F,1,,496,4,72.948769,42.567609999999995,10.641902499999999,0.306844,0.076711,2.112683,0.52817075,44.98713699999999,11.246784249999997,27.96163200000001,6.990408000000002,18.23719225,legacy_v1_recovered
R-F,1,,497,4,55.818315,34.120156,8.530039,0.342478,0.0856195,2.48895,0.6222375,36.951584000000004,9.237896000000001,18.866730999999994,4.716682749999999,13.95457875,legacy_v1_recovered
R-F,1,,498,4,31.957198,10.279404,2.569851,0.315467,0.07886675,1.84027,0.4600675,12.435141,3.10878525,19.522057000000004,4.880514250000001,7.9892995,legacy_v1_recovered
R-F,1,,499,4,108.718948,87.810586,21.9526465,0.334248,0.083562,2.304935,0.57623375,90.449769,22.61244225,18.269178999999994,4.5672947499999985,27.179737,legacy_v1_recovered
R-F,1,,500,4,54.180573,30.308463,7.57711575,0.356598,0.0891495,2.252193,0.56304825,32.917254,8.2293135,21.263319000000003,5.315829750000001,13.54514325,legacy_v1_recovered
R-F,1,,501,4,63.087565,42.865242,10.7163105,0.30729,0.0768225,1.973363,0.49334075,45.145895,11.28647375,17.941669999999995,4.485417499999999,15.77189125,legacy_v1_recovered
R-F,1,,502,4,70.353227,43.861885,10.96547125,0.387445,0.09686125,2.151771,0.53794275,46.401101,11.60027525,23.952126000000007,5.988031500000002,17.58830675,legacy_v1_recovered
R-F,1,,503,4,42.155068,14.906675,3.72666875,0.296831,0.07420775,2.218861,0.55471525,17.422366999999998,4.355591749999999,24.732701000000002,6.183175250000001,10.538767,legacy_v1_recovered
R-F,1,,504,4,44.591403,20.380571,5.09514275,0.30844699999999997,0.07711174999999999,2.725937,0.68148425,23.414955,5.85373875,21.176448,5.294112,11.14785075,legacy_v1_recovered
R-F,1,,505,4,68.203999,46.757560000000005,11.689390000000001,0.262179,0.06554475,2.01999,0.5049975,49.03972900000001,12.259932250000002,19.164269999999988,4.791067499999997,17.05099975,legacy_v1_recovered
R-F,1,,506,4,81.094757,59.83344,14.95836,0.374823,0.09370575,1.981573,0.49539325,62.189836,15.547459,18.904921,4.72623025,20.27368925,legacy_v1_recovered
R-F,1,,507,4,65.873256,44.157774,11.0394435,0.34097900000000003,0.08524475000000001,2.022878,0.5057195,46.521631,11.63040775,19.351625,4.83790625,16.468314,legacy_v1_recovered
R-F,1,,508,4,68.968854,46.798242,11.6995605,0.38222,0.095555,2.152134,0.5380335,49.332595999999995,12.333148999999999,19.636257999999998,4.9090644999999995,17.2422135,legacy_v1_recovered
R-F,1,,509,4,60.639816,25.799838,6.4499595,0.318583,0.07964575,2.20621,0.5515525,28.324631,7.08115775,32.315185,8.07879625,15.159954,legacy_v1_recovered
R-F,1,,510,4,79.70244,50.134011,12.53350275,0.400382,0.1000955,2.287847,0.57196175,52.82224,13.20556,26.880199999999995,6.720049999999999,19.92561,legacy_v1_recovered
R-F,1,,511,4,40.931603,18.099695,4.52492375,0.294851,0.07371275,2.4338100000000003,0.6084525000000001,20.828356000000003,5.207089000000001,20.103247,5.02581175,10.23290075,legacy_v1_recovered
R-F,1,,512,4,37.467202,13.608885,3.40222125,0.371919,0.09297975,2.739846,0.6849615,16.72065,4.1801625,20.746552,5.186638,9.3668005,legacy_v1_recovered
R-F,1,,513,4,82.810105,60.539056,15.134764,0.304455,0.07611375,2.175364,0.543841,63.018875,15.75471875,19.79122999999999,4.947807499999998,20.70252625,legacy_v1_recovered
R-F,1,,514,4,31.782269,11.029188,2.757297,0.280408,0.070102,2.250386,0.5625965,13.559982,3.3899955,18.222287,4.55557175,7.94556725,legacy_v1_recovered
R-F,1,,515,4,58.178659,36.414746,9.1036865,0.34155599999999997,0.08538899999999999,2.475543,0.61888575,39.231845,9.80796125,18.946814000000003,4.736703500000001,14.54466475,legacy_v1_recovered
R-F,1,,516,4,71.251803,45.260979,11.31524475,0.371856,0.092964,2.216609,0.55415225,47.849444,11.962361,23.402358999999997,5.850589749999999,17.81295075,legacy_v1_recovered
R-F,1,,517,4,59.381114,29.493622000000002,7.3734055000000005,0.403763,0.10094075,2.470249,0.61756225,32.367634,8.0919085,27.013479999999994,6.7533699999999985,14.8452785,legacy_v1_recovered
R-F,1,,518,4,83.347939,60.90014,15.225035,0.30526200000000003,0.07631550000000001,2.5321439999999997,0.6330359999999999,63.737546,15.9343865,19.610392999999995,4.902598249999999,20.83698475,legacy_v1_recovered
R-F,1,,519,4,36.094149,15.171329,3.79283225,0.27600399999999997,0.06900099999999999,2.280237,0.57005925,17.72757,4.4318925,18.366579,4.59164475,9.02353725,legacy_v1_recovered
R-F,1,,520,4,67.833088,46.88398900000001,11.720997250000002,0.326855,0.08171375,2.39,0.5975,49.60084400000001,12.400211000000002,18.232243999999994,4.558060999999999,16.958272,legacy_v1_recovered
R-F,1,,521,4,34.12081,11.074263,2.76856575,0.318442,0.0796105,2.272274,0.5680685,13.664978999999999,3.4162447499999997,20.455831,5.11395775,8.5302025,legacy_v1_recovered
R-F,1,,522,4,43.611414,17.871723,4.46793075,0.385433,0.09635825,2.7973939999999997,0.6993484999999999,21.05455,5.2636375,22.556864000000004,5.639216000000001,10.9028535,legacy_v1_recovered
R-F,1,,523,4,95.621296,67.400024,16.850006,0.344357,0.08608925,2.295651,0.57391275,70.04003200000001,17.510008000000003,25.58126399999999,6.395315999999998,23.905324,legacy_v1_recovered
R-F,1,,524,4,71.826293,43.591682,10.8979205,0.326253,0.08156325,2.116969,0.52924225,46.034904,11.508726,25.79138900000001,6.447847250000002,17.95657325,legacy_v1_recovered
R-F,1,,525,4,36.156971,14.049197,3.51229925,0.359195,0.08979875,2.5058119999999997,0.6264529999999999,16.914203999999998,4.2285509999999995,19.242767,4.81069175,9.03924275,legacy_v1_recovered
R-F,1,,526,4,38.177938,13.881054,3.4702635,0.362361,0.09059025,2.755296,0.688824,16.998711,4.24967775,21.179226999999997,5.294806749999999,9.5444845,legacy_v1_recovered
R-F,1,,527,4,68.145839,43.278099,10.81952475,0.335204,0.083801,2.16854,0.542135,45.781842999999995,11.445460749999999,22.363996,5.590999,17.03645975,legacy_v1_recovered
R-F,1,,528,4,87.710299,62.792267,15.69806675,0.33304,0.08326,2.356184,0.589046,65.481491,16.37037275,22.228808,5.557202,21.92757475,legacy_v1_recovered
R-F,1,,529,4,34.012409,11.5771,2.894275,0.358048,0.089512,2.3961240000000004,0.5990310000000001,14.331272,3.582818,19.681137,4.92028425,8.50310225,legacy_v1_recovered
R-F,1,,530,4,87.285451,61.249604,15.312401,0.410072,0.102518,2.527453,0.63186325,64.187129,16.04678225,23.098321999999996,5.774580499999999,21.82136275,legacy_v1_recovered
R-F,1,,531,4,48.21029,13.045902,3.2614755,0.332146,0.0830365,2.272573,0.56814325,15.650621,3.91265525,32.559669,8.13991725,12.0525725,legacy_v1_recovered
R-F,1,,532,4,228.815602,204.183242,51.0458105,0.31313,0.0782825,2.1325060000000002,0.5331265000000001,206.62887800000001,51.657219500000004,22.186723999999998,5.5466809999999995,57.2039005,legacy_v1_recovered
R-F,1,,533,4,41.544312,17.882533000000002,4.470633250000001,0.217237,0.05430925,2.32917,0.5822925,20.428940000000004,5.107235000000001,21.115371999999994,5.278842999999998,10.386078,legacy_v1_recovered
R-F,1,,534,4,58.686278,36.876936,9.219234,0.384783,0.09619575,2.389328,0.597332,39.651047,9.91276175,19.035231000000003,4.758807750000001,14.6715695,legacy_v1_recovered
R-F,1,,535,4,64.086556,35.096959,8.77423975,0.28167,0.0704175,2.2966130000000002,0.5741532500000001,37.675242,9.4188105,26.411314000000004,6.602828500000001,16.021639,legacy_v1_recovered
R-F,1,,536,4,46.190081,15.456608000000001,3.8641520000000003,0.334878,0.0837195,2.721671,0.68041775,18.513157,4.62828925,27.676924,6.919231,11.54752025,legacy_v1_recovered
R-F,1,,537,4,62.477566,39.567279,9.89181975,0.287184,0.071796,2.372691,0.59317275,42.227154000000006,10.556788500000001,20.250411999999997,5.062602999999999,15.6193915,legacy_v1_recovered
R-F,1,,538,4,45.234544,18.975368,4.743842,0.314231,0.07855775,2.894335,0.72358375,22.183934,5.5459835,23.05061,5.7626525,11.308636,legacy_v1_recovered
R-F,1,,539,4,89.962541,64.518139,16.12953475,0.38931,0.0973275,2.750331,0.68758275,67.65778,16.914445,22.304761,5.57619025,22.49063525,legacy_v1_recovered
R-F,1,,540,4,83.138651,61.00306,15.250765,0.349596,0.087399,2.573254,0.6433135,63.925909999999995,15.981477499999999,19.212741,4.80318525,20.78466275,legacy_v1_recovered
R-F,1,,541,4,103.158193,77.507488,19.376872,0.369442,0.0923605,2.191093,0.54777325,80.068023,20.01700575,23.09017,5.7725425,25.78954825,legacy_v1_recovered
R-F,1,,542,4,133.423119,104.21384,26.05346,0.304819,0.07620475,2.195121,0.54878025,106.71378,26.678445,26.709339000000014,6.6773347500000035,33.35577975,legacy_v1_recovered
R-F,1,,543,4,36.452186,14.696293,3.67407325,0.244575,0.06114375,2.08231,0.5205775,17.023178,4.2557945,19.429007999999996,4.857251999999999,9.1130465,legacy_v1_recovered
R-F,1,,544,4,35.400245,12.772216,3.193054,0.315961,0.07899025,2.589318,0.6473295,15.677495,3.91937375,19.722749999999998,4.9306874999999994,8.85006125,legacy_v1_recovered
R-F,1,,545,4,91.624486,68.558401,17.13960025,0.393361,0.09834025,2.52473,0.6311825,71.47649200000001,17.869123000000002,20.147993999999997,5.036998499999999,22.9061215,legacy_v1_recovered
R-F,1,,546,4,97.255199,72.53809,18.1345225,0.35767099999999996,0.08941774999999999,2.208236,0.552059,75.10399699999999,18.775999249999998,22.151202000000012,5.537800500000003,24.31379975,legacy_v1_recovered
R-F,1,,547,4,75.181321,44.447925999999995,11.111981499999999,0.38069,0.0951725,2.439852,0.609963,47.268468,11.817117,27.912853,6.97821325,18.79533025,legacy_v1_recovered
R-F,1,,548,4,39.668002,17.92108,4.48027,0.351604,0.087901,2.33573,0.5839325,20.608413999999996,5.152103499999999,19.059588000000005,4.764897000000001,9.9170005,legacy_v1_recovered
R-F,1,,549,4,72.63247,50.609126,12.6522815,0.299704,0.074926,2.169739,0.54243475,53.078569,13.26964225,19.553900999999996,4.888475249999999,18.1581175,legacy_v1_recovered
R-F,1,,550,4,37.681394,15.358308,3.839577,0.284696,0.071174,2.336059,0.58401475,17.979063,4.49476575,19.702330999999997,4.925582749999999,9.4203485,legacy_v1_recovered
R-F,1,,551,4,42.449728,19.428026,4.8570065,0.275529,0.06888225,2.6046940000000003,0.6511735000000001,22.308248999999996,5.577062249999999,20.141479000000004,5.035369750000001,10.612432,legacy_v1_recovered
R-F,1,,552,4,140.065957,115.019303,28.75482575,0.442778,0.1106945,2.49106,0.622765,117.953141,29.48828525,22.112815999999995,5.528203999999999,35.01648925,legacy_v1_recovered
R-F,1,,553,4,56.654723,18.196325,4.54908125,0.39714700000000003,0.09928675000000001,2.888622,0.7221555,21.482094000000004,5.370523500000001,35.17262899999999,8.793157249999998,14.16368075,legacy_v1_recovered
R-F,1,,554,4,79.260292,47.210463,11.80261575,0.430914,0.1077285,3.319332,0.829833,50.960709,12.74017725,28.299583000000005,7.074895750000001,19.815073,legacy_v1_recovered
R-F,1,,555,4,39.282816,16.335517,4.08387925,0.465245,0.11631125,2.884289,0.72107225,19.685050999999998,4.9212627499999995,19.597765,4.89944125,9.820704,legacy_v1_recovered
R-F,1,,556,4,39.330797,15.709267,3.92731675,0.343557,0.08588925,3.158197,0.78954925,19.211021000000002,4.802755250000001,20.119775999999995,5.029943999999999,9.83269925,legacy_v1_recovered
R-F,1,,557,4,41.04675,16.060083,4.01502075,0.449939,0.11248475,3.114531,0.77863275,19.624553,4.90613825,21.422197000000004,5.355549250000001,10.2616875,legacy_v1_recovered
R-F,1,,558,4,77.197822,55.487115,13.87177875,0.325406,0.0813515,2.254651,0.56366275,58.06717200000001,14.516793000000002,19.130649999999996,4.782662499999999,19.2994555,legacy_v1_recovered
R-F,1,,559,4,90.354663,68.854303,17.21357575,0.328603,0.08215075,2.241641,0.56041025,71.424547,17.85613675,18.930115999999998,4.7325289999999995,22.58866575,legacy_v1_recovered
R-F,1,,560,4,83.089941,54.285151,13.57128775,0.332586,0.0831465,2.174939,0.54373475,56.792676,14.198169,26.297264999999996,6.574316249999999,20.77248525,legacy_v1_recovered
R-F,1,,561,4,134.887586,113.776594,28.4441485,0.299824,0.074956,1.974348,0.493587,116.05076600000001,29.012691500000003,18.83681999999999,4.709204999999997,33.7218965,legacy_v1_recovered
R-F,1,,562,4,115.483079,94.675012,23.668753,0.267301,0.06682525,2.050297,0.51257425,96.99261,24.2481525,18.490469000000004,4.622617250000001,28.87076975,legacy_v1_recovered
R-F,1,,563,4,33.091693,12.238809,3.05970225,0.362389,0.09059725,2.041039,0.51025975,14.642237,3.66055925,18.449455999999998,4.6123639999999995,8.27292325,legacy_v1_recovered
R-F,1,,564,4,140.798723,118.964927,29.74123175,0.386849,0.09671225,2.1885,0.547125,121.540276,30.385069,19.25844699999999,4.814611749999997,35.19968075,legacy_v1_recovered
R-F,1,,565,4,68.475548,45.706106,11.4265265,0.36568100000000003,0.09142025000000001,2.256342,0.5640855,48.328129000000004,12.082032250000001,20.147419,5.03685475,17.118887,legacy_v1_recovered
R-F,1,,566,4,83.184576,60.991974,15.2479935,0.233426,0.0583565,2.140699,0.53517475,63.366099,15.84152475,19.81847700000001,4.954619250000002,20.796144,legacy_v1_recovered
R-F,1,,567,4,80.861063,58.483621,14.62090525,0.25955,0.0648875,1.975226,0.4938065,60.718396999999996,15.179599249999999,20.142666000000006,5.035666500000001,20.21526575,legacy_v1_recovered
R-F,1,,568,4,39.90755,16.176338,4.0440845,0.342689,0.08567225,2.6504,0.6626,19.169427000000002,4.792356750000001,20.738122999999998,5.1845307499999995,9.9768875,legacy_v1_recovered
R-F,1,,569,4,39.829456,18.242625,4.56065625,0.369848,0.092462,2.379128,0.594782,20.991601000000003,5.247900250000001,18.837854999999998,4.709463749999999,9.957364,legacy_v1_recovered
R-F,1,,570,4,80.501727,51.855475999999996,12.963868999999999,0.328869,0.08221725,2.8383000000000003,0.7095750000000001,55.022645,13.75566125,25.479082000000005,6.369770500000001,20.12543175,legacy_v1_recovered
R-F,1,,571,4,67.830333,42.724968,10.681242,0.407015,0.10175375,2.010372,0.502593,45.142354999999995,11.285588749999999,22.687978,5.6719945,16.95758325,legacy_v1_recovered
R-F,1,,572,4,78.387493,54.703366,13.6758415,0.29634499999999997,0.07408624999999999,2.019679,0.50491975,57.01939,14.2548475,21.368103000000005,5.342025750000001,19.59687325,legacy_v1_recovered
R-F,1,,573,4,87.015816,61.43282,15.358205,0.385218,0.0963045,2.453367,0.61334175,64.271405,16.06785125,22.744411,5.68610275,21.753954,legacy_v1_recovered
R-F,1,,574,4,61.430754,37.348248999999996,9.337062249999999,0.311038,0.0777595,2.864805,0.71620125,40.524091999999996,10.131022999999999,20.906662000000004,5.226665500000001,15.3576885,legacy_v1_recovered
R-F,1,,575,4,46.653664,22.667082,5.6667705,0.411391,0.10284775,3.229148,0.807287,26.307620999999997,6.576905249999999,20.346043,5.08651075,11.663416,legacy_v1_recovered
R-F,1,,576,4,72.045981,35.803643,8.95091075,0.318396,0.079599,3.099554,0.7748885,39.221593,9.80539825,32.824388,8.206097,18.01149525,legacy_v1_recovered
R-F,1,,577,4,80.921285,56.839326,14.2098315,0.418002,0.1045005,2.995289,0.74882225,60.252617,15.06315425,20.668667999999997,5.167166999999999,20.23032125,legacy_v1_recovered
R-F,1,,578,4,225.462151,200.43976800000002,50.109942000000004,0.430145,0.10753625,3.0183020000000003,0.7545755000000001,203.88821500000003,50.97205375000001,21.573935999999975,5.393483999999994,56.36553775,legacy_v1_recovered
R-F,1,,579,4,40.831796,17.436936,4.359234,0.305788,0.076447,3.198672,0.799668,20.941395999999997,5.235348999999999,19.8904,4.9726,10.207949,legacy_v1_recovered
R-F,1,,580,4,82.172166,51.72304,12.93076,0.350966,0.0877415,2.977955,0.74448875,55.051961,13.76299025,27.120205000000006,6.780051250000001,20.5430415,legacy_v1_recovered
R-F,1,,581,4,71.876633,48.316345999999996,12.079086499999999,0.454598,0.1136495,2.8392720000000002,0.7098180000000001,51.610215999999994,12.902553999999999,20.266417000000004,5.066604250000001,17.96915825,legacy_v1_recovered
R-F,1,,582,4,44.319598,16.702004000000002,4.175501000000001,0.39582,0.098955,3.033684,0.758421,20.131508000000004,5.032877000000001,24.188089999999995,6.047022499999999,11.0798995,legacy_v1_recovered
R-F,1,,583,4,42.355295,17.855064,4.463766,0.445112,0.111278,3.1401570000000003,0.7850392500000001,21.440333000000003,5.360083250000001,20.914961999999996,5.228740499999999,10.58882375,legacy_v1_recovered
R-F,1,,584,4,62.693442,37.892438,9.4731095,0.440555,0.11013875,2.988901,0.74722525,41.321894,10.3304735,21.371547999999997,5.342886999999999,15.6733605,legacy_v1_recovered
R-F,1,,585,4,72.926103,46.364723000000005,11.591180750000001,0.39705599999999996,0.09926399999999999,3.037205,0.75930125,49.798984000000004,12.449746000000001,23.127118999999993,5.781779749999998,18.23152575,legacy_v1_recovered
R-F,1,,586,4,64.121737,36.239796999999996,9.059949249999999,0.43872500000000003,0.10968125000000001,2.95177,0.7379425,39.630292,9.907573,24.491445,6.12286125,16.03043425,legacy_v1_recovered
R-F,1,,587,4,52.917454,14.373046,3.5932615,0.408291,0.10207275,3.065996,0.766499,17.847333,4.46183325,35.070121,8.76753025,13.2293635,legacy_v1_recovered
R-F,1,,588,4,49.070018,20.350548,5.087637,0.43011299999999997,0.10752824999999999,3.309276,0.827319,24.089937,6.02248425,24.980081,6.24502025,12.2675045,legacy_v1_recovered
R-F,1,,589,4,92.588185,69.288955,17.32223875,0.346501,0.08662525,2.9043099999999997,0.7260774999999999,72.539766,18.1349415,20.048418999999996,5.012104749999999,23.14704625,legacy_v1_recovered
R-F,1,,590,4,125.448129,100.351043,25.08776075,0.346471,0.08661775,2.794912,0.698728,103.492426,25.8731065,21.955703,5.48892575,31.36203225,legacy_v1_recovered
R-F,1,,591,4,114.20765,88.88564000000001,22.221410000000002,0.342604,0.085651,1.964239,0.49105975,91.19248300000001,22.798120750000002,23.01516699999999,5.753791749999998,28.5519125,legacy_v1_recovered
R-F,1,,592,4,46.99788,10.859617,2.71490425,0.280734,0.0701835,2.169345,0.54233625,13.309696,3.327424,33.688184,8.422046,11.74947,legacy_v1_recovered
R-F,1,,593,4,46.365329,21.382682,5.3456705,0.38065800000000005,0.09516450000000001,3.285838,0.8214595,25.049177999999998,6.262294499999999,21.316151000000005,5.329037750000001,11.59133225,legacy_v1_recovered
R-F,1,,594,4,99.359968,69.982446,17.4956115,0.416696,0.104174,2.642643,0.66066075,73.041785,18.26044625,26.31818299999999,6.579545749999998,24.839992,legacy_v1_recovered
R-F,1,,595,4,109.627612,87.546757,21.88668925,0.235428,0.058857,2.153126,0.5382815,89.935311,22.48382775,19.692301,4.92307525,27.406903,legacy_v1_recovered
R-F,1,,596,4,141.36007,115.898777,28.97469425,0.352676,0.088169,2.181473,0.54536825,118.432926,29.6082315,22.927144000000013,5.731786000000003,35.3400175,legacy_v1_recovered
R-F,1,,597,4,79.39357,48.520367,12.13009175,0.35803,0.0895075,2.176294,0.5440735,51.054691,12.76367275,28.338879,7.08471975,19.8483925,legacy_v1_recovered
R-F,1,,598,4,38.488047,14.635913,3.65897825,0.323109,0.08077725,2.501996,0.625499,17.461018000000003,4.365254500000001,21.027029,5.25675725,9.62201175,legacy_v1_recovered
R-F,1,,599,4,54.377144,33.417749,8.35443725,0.28462,0.071155,2.1769629999999998,0.5442407499999999,35.879332,8.969833,18.497812000000003,4.624453000000001,13.594286,legacy_v1_recovered
R-F,1,,600,4,70.435883,47.250886,11.8127215,0.241422,0.0603555,2.422961,0.60574025,49.915269,12.47881725,20.520614000000002,5.1301535000000005,17.60897075,legacy_v1_recovered
R-F,1,,601,4,40.033281,15.356961,3.83924025,0.252297,0.06307425,2.318887,0.57972175,17.928145,4.48203625,22.105136,5.526284,10.00832025,legacy_v1_recovered
R-F,1,,602,4,55.874513,34.227004,8.556751,0.338703,0.08467575,2.145627,0.53640675,36.711334,9.1778335,19.163179,4.79079475,13.96862825,legacy_v1_recovered
R-F,1,,603,4,36.357136,15.107765,3.77694125,0.32844,0.08211,2.522288,0.630572,17.958493,4.48962325,18.398642999999996,4.599660749999999,9.089284,legacy_v1_recovered
R-F,1,,604,4,77.830627,50.702032,12.675508,0.246721,0.06168025,2.223501,0.55587525,53.172254,13.2930635,24.658373000000005,6.164593250000001,19.45765675,legacy_v1_recovered
R-F,1,,605,4,66.975218,43.476098,10.8690245,0.290031,0.07250775,2.126583,0.53164575,45.892712,11.473178,21.082505999999995,5.270626499999999,16.7438045,legacy_v1_recovered
R-F,1,,606,4,54.241394,31.474156999999998,7.8685392499999995,0.318295,0.07957375,2.199165,0.54979125,33.991617,8.49790425,20.249777,5.06244425,13.5603485,legacy_v1_recovered
R-F,1,,607,4,37.476403,15.023816,3.755954,0.364333,0.09108325,2.338003,0.58450075,17.726152,4.431538,19.750251,4.93756275,9.36910075,legacy_v1_recovered
R-F,1,,608,4,72.7001,48.425442999999994,12.106360749999999,0.394957,0.09873925,2.524019,0.63100475,51.344418999999995,12.836104749999999,21.35568100000001,5.338920250000003,18.175025,legacy_v1_recovered
R-F,1,,609,4,38.369553,14.746734,3.6866835,0.365548,0.091387,2.513699,0.62842475,17.625981,4.40649525,20.743572000000004,5.185893000000001,9.59238825,legacy_v1_recovered
R-F,1,,610,4,37.383048,15.372563,3.84314075,0.377501,0.09437525,2.604355,0.65108875,18.354419,4.58860475,19.028629000000002,4.757157250000001,9.345762,legacy_v1_recovered
R-F,1,,611,4,73.726615,47.697336,11.924334,0.341819,0.08545475,2.697811,0.67445275,50.736966,12.6842415,22.989648999999993,5.747412249999998,18.43165375,legacy_v1_recovered
R-F,1,,612,4,62.756149,32.810146,8.2025365,0.422512,0.105628,2.624374,0.6560935,35.857032000000004,8.964258000000001,26.899116999999997,6.724779249999999,15.68903725,legacy_v1_recovered
R-F,1,,613,4,41.16003,17.642121,4.41053025,0.301088,0.075272,2.693834,0.6734585,20.637043,5.15926075,20.522987,5.13074675,10.2900075,legacy_v1_recovered
R-F,1,,614,4,76.856182,52.380897,13.09522425,0.363341,0.09083525,2.483207,0.62080175,55.227444999999996,13.806861249999999,21.628737000000008,5.407184250000002,19.2140455,legacy_v1_recovered
R-F,1,,615,4,35.544175,13.345686,3.3364215,0.310578,0.0776445,2.379042,0.5947605,16.035306,4.0088265,19.508869000000004,4.877217250000001,8.88604375,legacy_v1_recovered
R-F,1,,616,4,38.839522,16.010646,4.0026615,0.433954,0.1084885,2.78414,0.696035,19.228740000000002,4.8071850000000005,19.610782,4.9026955,9.7098805,legacy_v1_recovered
R-F,1,,617,4,39.422326,14.517805,3.62945125,0.381098,0.0952745,2.88001,0.7200025,17.778913,4.44472825,21.643413,5.41085325,9.8555815,legacy_v1_recovered
R-F,1,,618,4,178.237323,154.810285,38.70257125,0.409388,0.102347,2.50618,0.626545,157.725853,39.43146325,20.511470000000003,5.127867500000001,44.55933075,legacy_v1_recovered
R-F,1,,619,4,38.694479,14.587091999999998,3.6467729999999996,0.287747,0.07193675,2.601336,0.650334,17.476174999999998,4.3690437499999994,21.218304000000003,5.304576000000001,9.67361975,legacy_v1_recovered
R-F,1,,620,4,50.678211,22.628121,5.65703025,0.370139,0.09253475,3.059998,0.7649995,26.058258000000002,6.5145645000000005,24.619952999999995,6.154988249999999,12.66955275,legacy_v1_recovered
R-F,1,,621,4,144.727673,122.042862,30.5107155,0.285069,0.07126725,2.357003,0.58925075,124.68493400000001,31.171233500000003,20.042738999999997,5.010684749999999,36.18191825,legacy_v1_recovered
R-F,1,,622,4,54.582535,32.532053,8.13301325,0.356603,0.08915075,2.3357669999999997,0.5839417499999999,35.224422999999994,8.806105749999999,19.358112000000006,4.839528000000001,13.64563375,legacy_v1_recovered
R-F,1,,623,4,37.675664,15.582978,3.8957445,0.34792500000000004,0.08698125000000001,2.70823,0.6770575,18.639133,4.65978325,19.036530999999997,4.759132749999999,9.418916,legacy_v1_recovered
R-F,1,,624,4,119.757665,95.865535,23.96638375,0.46876399999999996,0.11719099999999999,2.705995,0.67649875,99.04029399999999,24.760073499999997,20.717371000000014,5.1793427500000035,29.93941625,legacy_v1_recovered
R-F,1,,625,4,69.095651,47.530676,11.882669,0.338735,0.08468375,2.183453,0.54586325,50.052864,12.513216,19.042787000000004,4.760696750000001,17.27391275,legacy_v1_recovered
R-F,1,,626,4,136.785582,114.75123,28.6878075,0.318599,0.07964975,1.929796,0.482449,116.99962500000001,29.249906250000002,19.785956999999996,4.946489249999999,34.1963955,legacy_v1_recovered
R-F,1,,627,4,35.057221,14.071942,3.5179855,0.351148,0.087787,2.153605,0.53840125,16.576695,4.14417375,18.480525999999998,4.620131499999999,8.76430525,legacy_v1_recovered
R-F,1,,628,4,44.086467,19.290533,4.82263325,0.463288,0.115822,2.758308,0.689577,22.512128999999998,5.6280322499999995,21.574338,5.3935845,11.02161675,legacy_v1_recovered
R-F,1,,629,4,65.645592,36.055403,9.01385075,0.435217,0.10880425,2.709752,0.677438,39.200372,9.800093,26.445219999999992,6.611304999999998,16.411398,legacy_v1_recovered
R-F,1,,630,4,45.2368,15.703961999999999,3.9259904999999997,0.434318,0.1085795,2.806032,0.701508,18.944311999999996,4.736077999999999,26.292488000000006,6.5731220000000015,11.3092,legacy_v1_recovered
R-F,1,,631,4,116.767883,93.503054,23.3757635,0.511513,0.12787825,2.677243,0.66931075,96.69181,24.1729525,20.076072999999994,5.0190182499999985,29.19197075,legacy_v1_recovered
R-F,1,,632,4,134.399483,108.874202,27.2185505,0.408316,0.102079,2.363378,0.5908445,111.645896,27.911474,22.75358700000001,5.6883967500000026,33.59987075,legacy_v1_recovered
R-F,1,,633,4,65.099205,42.509634999999996,10.627408749999999,0.358591,0.08964775,2.057077,0.51426925,44.92530299999999,11.231325749999998,20.173902000000005,5.043475500000001,16.27480125,legacy_v1_recovered
R-F,1,,634,4,41.948154,14.871354,3.7178385,0.350653,0.08766325,2.53429,0.6335725,17.756297,4.43907425,24.191857000000002,6.047964250000001,10.4870385,legacy_v1_recovered
R-F,1,,635,4,104.88741,75.00902400000001,18.752256000000003,0.245172,0.061293,2.012663,0.50316575,77.26685900000001,19.316714750000003,27.620550999999992,6.905137749999998,26.2218525,legacy_v1_recovered
R-F,1,,636,4,69.149937,46.19903,11.5497575,0.244236,0.061059,2.018743,0.50468575,48.462009,12.11550225,20.687927999999992,5.171981999999998,17.28748425,legacy_v1_recovered
R-F,1,,637,4,35.945498,13.154111,3.28852775,0.24987299999999998,0.062468249999999996,2.33948,0.58487,15.743464,3.935866,20.202034,5.0505085,8.9863745,legacy_v1_recovered
R-F,1,,638,4,69.739149,48.215939999999996,12.053984999999999,0.321482,0.0803705,2.257583,0.56439575,50.795004999999996,12.698751249999999,18.944144,4.736036,17.43478725,legacy_v1_recovered
R-F,1,,639,4,34.768984,11.377672,2.844418,0.324244,0.081061,2.398561,0.59964025,14.100477000000001,3.5251192500000004,20.668507,5.16712675,8.692246,legacy_v1_recovered
R-F,1,,640,4,39.125144,16.065136,4.016284,0.286008,0.071502,2.484689,0.62117225,18.835832999999997,4.708958249999999,20.289311,5.07232775,9.781286,legacy_v1_recovered
R-F,1,,641,4,94.136278,67.738831,16.93470775,0.332349,0.08308725,1.9326819999999998,0.48317049999999995,70.003862,17.5009655,24.132416000000006,6.033104000000002,23.5340695,legacy_v1_recovered
R-F,1,,642,4,63.732546,33.528915,8.38222875,0.309894,0.0774735,2.277788,0.569447,36.116597,9.02914925,27.615949,6.90398725,15.9331365,legacy_v1_recovered
R-F,1,,643,4,83.218223,60.830032,15.207508,0.333985,0.08349625,1.8378670000000001,0.45946675000000003,63.001884000000004,15.750471000000001,20.21633899999999,5.054084749999998,20.80455575,legacy_v1_recovered
R-F,1,,644,4,131.527362,108.885576,27.221394,0.27218000000000003,0.06804500000000001,2.083796,0.520949,111.24155200000001,27.810388000000003,20.285809999999998,5.0714524999999995,32.8818405,legacy_v1_recovered
R-F,1,,645,4,56.042998,32.946697,8.23667425,0.352981,0.08824525,2.0935099999999998,0.5233774999999999,35.393188,8.848297,20.649809999999995,5.162452499999999,14.0107495,legacy_v1_recovered
R-F,1,,646,4,136.427874,113.321439,28.33035975,0.423556,0.105889,2.561944,0.640486,116.306939,29.07673475,20.120935000000003,5.030233750000001,34.1069685,legacy_v1_recovered
R-F,1,,647,4,84.682549,61.170146,15.2925365,0.293895,0.07347375,2.136235,0.53405875,63.600276,15.900069,21.082272999999994,5.270568249999998,21.17063725,legacy_v1_recovered
R-F,1,,648,4,55.056869,30.985141000000002,7.746285250000001,0.279501,0.06987525,2.090663,0.52266575,33.355305,8.33882625,21.701563999999998,5.425390999999999,13.76421725,legacy_v1_recovered
R-F,1,,649,4,70.155437,46.044809,11.51120225,0.247772,0.061943,2.129328,0.532332,48.421909,12.10547725,21.733528000000007,5.433382000000002,17.53885925,legacy_v1_recovered
R-F,1,,650,4,57.784535,34.206415,8.55160375,0.304575,0.07614375,2.334465,0.58361625,36.845455,9.21136375,20.939079999999997,5.234769999999999,14.44613375,legacy_v1_recovered
R-F,1,,651,4,69.808988,42.980685,10.74517125,0.425701,0.10642525,2.317977,0.57949425,45.724363,11.43109075,24.084625000000003,6.021156250000001,17.452247,legacy_v1_recovered
R-F,1,,652,4,65.287497,33.883241,8.47081025,0.305595,0.07639875,2.266698,0.5666745,36.45553399999999,9.113883499999998,28.83196300000001,7.207990750000002,16.32187425,legacy_v1_recovered
R-F,1,,653,4,71.355536,48.945071,12.23626775,0.366964,0.091741,2.236068,0.559017,51.548103000000005,12.887025750000001,19.807432999999996,4.951858249999999,17.838884,legacy_v1_recovered
R-F,1,,654,4,82.210754,60.700787999999996,15.175196999999999,0.35559999999999997,0.08889999999999999,1.994128,0.498532,63.050516,15.762629,19.160237999999993,4.790059499999998,20.5526885,legacy_v1_recovered
R-F,1,,655,4,33.078315,10.677066,2.6692665,0.319125,0.07978125,2.008784,0.502196,13.004975,3.25124375,20.07334,5.018335,8.26957875,legacy_v1_recovered
R-F,1,,656,4,45.089416,19.110136999999998,4.7775342499999995,0.357274,0.0893185,2.49899,0.6247475,21.966400999999998,5.491600249999999,23.123015000000002,5.780753750000001,11.272354,legacy_v1_recovered
R-F,1,,657,4,58.40888,35.634681,8.90867025,0.366614,0.0916535,2.267004,0.566751,38.268299,9.56707475,20.140581000000005,5.035145250000001,14.60222,legacy_v1_recovered
R-F,1,,658,4,93.473283,65.082077,16.27051925,0.363614,0.0909035,2.560643,0.64016075,68.006334,17.0015835,25.466949,6.36673725,23.36832075,legacy_v1_recovered
R-F,1,,659,4,85.174308,56.195398,14.0488495,0.42200099999999996,0.10550024999999999,2.109528,0.527382,58.726926999999996,14.681731749999999,26.447381,6.61184525,21.293577,legacy_v1_recovered
R-F,1,,660,4,36.031146,12.850335,3.21258375,0.27303,0.0682575,2.167648,0.541912,15.291013,3.82275325,20.740133,5.18503325,9.0077865,legacy_v1_recovered
R-F,1,,661,4,37.809761,15.193922,3.7984805,0.350457,0.08761425,2.672333,0.66808325,18.216712,4.554178,19.593049,4.89826225,9.45244025,legacy_v1_recovered
R-F,1,,662,4,86.280573,63.665759,15.91643975,0.292387,0.07309675,2.063005,0.51575125,66.021151,16.50528775,20.259422,5.0648555,21.57014325,legacy_v1_recovered
R-F,1,,663,4,37.042048,14.370328,3.592582,0.226083,0.05652075,2.524155,0.63103875,17.120566,4.2801415,19.921482,4.9803705,9.260512,legacy_v1_recovered
R-F,1,,664,4,58.538321,34.741704,8.685426,0.324534,0.0811335,2.730669,0.68266725,37.796907,9.44922675,20.741414000000006,5.1853535000000015,14.63458025,legacy_v1_recovered
R-F,1,,665,4,99.045545,73.186657,18.29666425,0.383174,0.0957935,2.424596,0.606149,75.99442699999999,18.998606749999997,23.051118000000017,5.762779500000004,24.76138625,legacy_v1_recovered
R-F,1,,666,4,115.047604,84.962329,21.24058225,0.366275,0.09156875,2.192697,0.54817425,87.521301,21.88032525,27.526303000000013,6.881575750000003,28.761901,legacy_v1_recovered
R-F,1,,667,4,69.324932,45.009815,11.25245375,0.322667,0.08066675,2.058181,0.51454525,47.390663,11.84766575,21.934269,5.48356725,17.331233,legacy_v1_recovered
R-F,1,,668,4,68.592843,45.445546,11.3613865,0.254138,0.0635345,2.136239,0.53405975,47.835923,11.95898075,20.75692,5.18923,17.14821075,legacy_v1_recovered
R-F,1,,669,4,70.482617,49.208079,12.30201975,0.27048300000000003,0.06762075000000001,2.22266,0.555665,51.701221999999994,12.925305499999999,18.78139500000001,4.695348750000003,17.62065425,legacy_v1_recovered
R-F,1,,670,4,35.240129,13.02766,3.256915,0.34744400000000003,0.08686100000000001,2.147027,0.53675675,15.522130999999998,3.8805327499999995,19.717998000000005,4.929499500000001,8.81003225,legacy_v1_recovered
R-F,1,,671,4,44.978679,18.456182,4.6140455,0.299126,0.0747815,2.517896,0.629474,21.273204,5.318301,23.705475,5.92636875,11.24466975,legacy_v1_recovered
R-F,1,,672,4,48.792897,19.074930000000002,4.7687325000000005,0.300547,0.07513675,2.955218,0.7388045,22.330695000000002,5.5826737500000005,26.462202,6.6155505,12.19822425,legacy_v1_recovered
R-F,1,,673,4,72.166008,49.600567000000005,12.400141750000001,0.32962,0.082405,2.31962,0.579905,52.249807000000004,13.062451750000001,19.916201,4.97905025,18.041502,legacy_v1_recovered
R-F,1,,674,4,39.639531,16.389138,4.0972845,0.354723,0.08868075,2.5246649999999997,0.6311662499999999,19.268525999999998,4.8171314999999995,20.371005,5.09275125,9.90988275,legacy_v1_recovered
R-F,1,,675,4,41.674112,16.204378,4.0510945,0.42349000000000003,0.10587250000000001,2.733396,0.683349,19.361264,4.840316,22.312848000000002,5.578212000000001,10.418528,legacy_v1_recovered
R-F,1,,676,4,43.913223,17.80591,4.4514775,0.336564,0.084141,3.087396,0.771849,21.22987,5.3074675,22.683353000000004,5.670838250000001,10.97830575,legacy_v1_recovered
R-F,1,,677,4,142.762475,119.525189,29.88129725,0.447654,0.1119135,2.0270770000000002,0.5067692500000001,121.99992,30.49998,20.762554999999992,5.190638749999998,35.69061875,legacy_v1_recovered
R-F,1,,678,4,67.323389,28.636336,7.159084,0.278747,0.06968675,2.23382,0.558455,31.148903,7.78722575,36.174486,9.0436215,16.83084725,legacy_v1_recovered
R-F,1,,679,4,88.099744,62.914523,15.72863075,0.37312,0.09328,2.128953,0.53223825,65.416596,16.354149,22.683148000000003,5.670787000000001,22.024936,legacy_v1_recovered
R-F,1,,680,4,37.542956,15.197423,3.79935575,0.285379,0.07134475,2.3539689999999998,0.5884922499999999,17.836771000000002,4.459192750000001,19.706184999999994,4.926546249999999,9.385739,legacy_v1_recovered
R-F,1,,681,4,72.68769,51.492969,12.87324225,0.427377,0.10684425,2.5676039999999998,0.6419009999999999,54.487950000000005,13.621987500000001,18.19974,4.549935,18.1719225,legacy_v1_recovered
R-F,1,,682,4,39.138955,15.066531000000001,3.7666327500000003,0.287799,0.07194975,2.294765,0.57369125,17.649095000000003,4.412273750000001,21.48986,5.372465,9.78473875,legacy_v1_recovered
R-F,1,,683,4,96.402176,74.929851,18.73246275,0.347401,0.08685025,2.28192,0.57048,77.559172,19.389793,18.843003999999993,4.710750999999998,24.100544,legacy_v1_recovered
R-F,1,,684,4,71.147714,44.543242,11.1358105,0.298019,0.07450475,2.20153,0.5503825,47.042790999999994,11.760697749999999,24.104923,6.02623075,17.7869285,legacy_v1_recovered
R-F,1,,685,4,40.779459,14.145969,3.53649225,0.321619,0.08040475,2.411199,0.60279975,16.878787,4.21969675,23.900672000000004,5.975168000000001,10.19486475,legacy_v1_recovered
R-F,1,,686,4,83.850248,61.808870999999996,15.452217749999999,0.260581,0.06514525,2.193093,0.54827325,64.262545,16.06563625,19.58770299999999,4.896925749999998,20.962562,legacy_v1_recovered
R-F,1,,687,4,82.088991,60.794131,15.19853275,0.260926,0.0652315,1.984078,0.4960195,63.039134999999995,15.759783749999999,19.049856,4.762464,20.52224775,legacy_v1_recovered
R-F,1,,688,4,51.371997,30.295756,7.573939,0.243055,0.06076375,2.063608,0.515902,32.602419,8.15060475,18.769578000000003,4.692394500000001,12.84299925,legacy_v1_recovered
R-F,1,,689,4,69.229037,47.574208,11.893552,0.308176,0.077044,2.39071,0.5976775,50.273094,12.5682735,18.955943000000005,4.738985750000001,17.30725925,legacy_v1_recovered
R-F,1,,690,4,34.823496,13.123262,3.2808155,0.31069800000000003,0.07767450000000001,2.3453869999999997,0.5863467499999999,15.779347000000001,3.9448367500000003,19.044148999999997,4.761037249999999,8.705874,legacy_v1_recovered
R-F,1,,691,4,53.65068,15.667254,3.9168135,0.43019599999999997,0.10754899999999999,2.713342,0.6783355,18.810792,4.702698,34.839888,8.709972,13.41267,legacy_v1_recovered
R-F,1,,692,4,108.40703,73.877342,18.4693355,0.389363,0.09734075,2.5016890000000003,0.6254222500000001,76.768394,19.1920985,31.638636000000005,7.909659000000001,27.1017575,legacy_v1_recovered
R-F,1,,693,4,36.801293,14.059839,3.51495975,0.315928,0.078982,2.464935,0.61623375,16.840702,4.2101755,19.960591,4.99014775,9.20032325,legacy_v1_recovered
R-F,1,,694,4,60.650154,36.150017,9.03750425,0.28091,0.0702275,2.273523,0.56838075,38.704449999999994,9.676112499999999,21.945704000000006,5.486426000000002,15.1625385,legacy_v1_recovered
R-F,1,,695,4,37.833088,13.1212,3.2803,0.340968,0.085242,2.711064,0.677766,16.173232,4.043308,21.659855999999998,5.4149639999999994,9.458272,legacy_v1_recovered
R-F,1,,696,4,59.36463,36.756852,9.189213,0.3487,0.087175,2.944962,0.7362405,40.050514,10.0126285,19.314116,4.828529,14.8411575,legacy_v1_recovered
R-F,1,,697,4,89.049639,62.673058,15.6682645,0.361477,0.09036925,2.140559,0.53513975,65.175094,16.2937735,23.874544999999998,5.968636249999999,22.26240975,legacy_v1_recovered
R-F,1,,698,4,49.777438,14.510382,3.6275955,0.277619,0.06940475,2.601547,0.65038675,17.389547999999998,4.3473869999999994,32.38789,8.0969725,12.4443595,legacy_v1_recovered
R-F,1,,699,4,60.843884,36.46747,9.1168675,0.369856,0.092464,2.914185,0.72854625,39.751510999999994,9.937877749999998,21.09237300000001,5.273093250000002,15.210971,legacy_v1_recovered
R-F,1,,700,4,47.382022,21.39148,5.34787,0.300473,0.07511825,2.823217,0.70580425,24.51517,6.1287925,22.866851999999998,5.7167129999999995,11.8455055,legacy_v1_recovered
R-F,1,,701,4,41.387784,17.965757,4.49143925,0.397013,0.09925325,3.024121,0.75603025,21.386891000000002,5.3467227500000005,20.000893,5.00022325,10.346946,legacy_v1_recovered
R-F,1,,702,4,135.916955,112.958881,28.23972025,0.33941,0.0848525,2.7518380000000002,0.6879595000000001,116.05012900000001,29.012532250000003,19.86682599999999,4.966706499999997,33.97923875,legacy_v1_recovered
R-F,1,,703,4,84.741929,56.812158000000004,14.203039500000001,0.350371,0.08759275,2.172148,0.543037,59.334677000000006,14.833669250000002,25.407251999999993,6.351812999999998,21.18548225,legacy_v1_recovered
R-F,1,,704,4,54.957267,16.199714999999998,4.049928749999999,0.327346,0.0818365,2.5185459999999997,0.6296364999999999,19.045606999999997,4.761401749999999,35.911660000000005,8.977915000000001,13.73931675,legacy_v1_recovered
R-F,1,,705,4,76.428627,51.611585,12.90289625,0.371868,0.092967,2.2439299999999998,0.5609824999999999,54.227382999999996,13.556845749999999,22.20124400000001,5.550311000000002,19.10715675,legacy_v1_recovered
R-F,1,,706,4,40.4413,17.576919,4.39422975,0.333022,0.0832555,2.623565,0.65589125,20.533506,5.1333765,19.907794,4.9769485,10.110325,legacy_v1_recovered
R-F,1,,707,4,77.205555,53.077732,13.269433,0.24598,0.061495,2.291824,0.572956,55.615536,13.903884,21.590019000000005,5.397504750000001,19.30138875,legacy_v1_recovered
R-F,1,,708,4,143.443288,118.982168,29.745542,0.319364,0.079841,2.300037,0.57500925,121.601569,30.40039225,21.841718999999998,5.460429749999999,35.860822,legacy_v1_recovered
R-F,1,,709,4,40.088124,11.020217,2.75505425,0.399505,0.09987625,2.176558,0.5441395,13.59628,3.39907,26.491844,6.622961,10.022031,legacy_v1_recovered
R-F,1,,710,4,112.349549,83.435954,20.8589885,0.464739,0.11618475,2.340369,0.58509225,86.24106199999999,21.560265499999996,26.10848700000001,6.527121750000003,28.08738725,legacy_v1_recovered
R-F,1,,711,4,40.363952,17.04424,4.26106,0.333647,0.08341175,2.275356,0.568839,19.653242999999996,4.913310749999999,20.710709,5.17767725,10.090988,legacy_v1_recovered
R-F,1,,712,4,187.070349,163.375164,40.843791,0.416155,0.10403875,2.51778,0.629445,166.309099,41.57727475,20.76124999999999,5.190312499999997,46.76758725,legacy_v1_recovered
R-F,1,,713,4,38.429034,17.186533,4.29663325,0.314155,0.07853875,2.254527,0.56363175,19.755215,4.93880375,18.673819,4.66845475,9.6072585,legacy_v1_recovered
R-F,1,,714,4,49.436053,19.033545,4.75838625,0.37677700000000003,0.09419425000000001,2.874925,0.71873125,22.285247000000002,5.5713117500000005,27.150806,6.7877015,12.35901325,legacy_v1_recovered
R-F,1,,715,4,88.182792,57.590528,14.397632,0.39445,0.0986125,2.190883,0.54772075,60.175861,15.04396525,28.00693100000001,7.001732750000002,22.045698,legacy_v1_recovered
R-F,1,,716,4,34.146975,13.756774,3.4391935,0.316519,0.07912975,1.903435,0.47585875,15.976728,3.994182,18.170246999999996,4.542561749999999,8.53674375,legacy_v1_recovered
R-F,1,,717,4,58.583698,35.718837,8.92970925,0.30681800000000004,0.07670450000000001,2.168385,0.54209625,38.19404,9.54851,20.389657999999997,5.097414499999999,14.6459245,legacy_v1_recovered
R-F,1,,718,4,34.477751,12.018552,3.004638,0.41198999999999997,0.10299749999999999,2.488238,0.6220595,14.918779999999998,3.7296949999999995,19.558971,4.88974275,8.61943775,legacy_v1_recovered
R-F,1,,719,4,45.651095,20.89897,5.2247425,0.41674100000000003,0.10418525000000001,2.8153550000000003,0.7038387500000001,24.131066,6.0327665,21.520028999999997,5.380007249999999,11.41277375,legacy_v1_recovered
R-F,1,,720,4,60.654977,34.706216,8.676554,0.44488700000000003,0.11122175000000001,2.730825,0.68270625,37.881928,9.470482,22.773049,5.69326225,15.16374425,legacy_v1_recovered
R-F,1,,721,4,90.263284,66.076156,16.519039,0.343714,0.0859285,2.223248,0.555812,68.643118,17.1607795,21.620165999999998,5.405041499999999,22.565821,legacy_v1_recovered
R-F,1,,722,4,110.269892,82.448591,20.61214775,0.398602,0.0996505,2.2085749999999997,0.5521437499999999,85.05576799999999,21.263941999999997,25.214124000000012,6.303531000000003,27.567473,legacy_v1_recovered
R-F,1,,723,4,175.883503,154.03056099999998,38.507640249999994,0.31238,0.078095,1.95573,0.4889325,156.29867099999996,39.07466774999999,19.584832000000034,4.8962080000000086,43.97087575,legacy_v1_recovered
R-F,1,,724,4,94.95359,69.870934,17.4677335,0.42461,0.1061525,2.3546370000000003,0.5886592500000001,72.650181,18.16254525,22.303409000000002,5.5758522500000005,23.7383975,legacy_v1_recovered
R-F,1,,725,4,108.102479,85.641576,21.410394,0.40208,0.10052,2.194195,0.54854875,88.23785099999999,22.059462749999998,19.86462800000001,4.966157000000003,27.02561975,legacy_v1_recovered
R-F,1,,726,4,67.369748,46.459996999999994,11.614999249999999,0.341573,0.08539325,2.098724,0.524681,48.90029399999999,12.225073499999997,18.469454000000013,4.617363500000003,16.842437,legacy_v1_recovered
R-F,1,,727,4,36.374782,15.956983,3.98924575,0.206894,0.0517235,2.1431139999999997,0.5357784999999999,18.306991,4.57674775,18.067791000000003,4.516947750000001,9.0936955,legacy_v1_recovered
R-F,1,,728,4,52.371655,31.84291,7.9607275,0.299389,0.07484725,2.220768,0.555192,34.363067,8.59076675,18.008587999999996,4.502146999999999,13.09291375,legacy_v1_recovered
R-F,1,,729,4,35.147961,12.402057,3.10051425,0.323892,0.080973,2.4981199999999997,0.6245299999999999,15.224069,3.80601725,19.923892000000002,4.9809730000000005,8.78699025,legacy_v1_recovered
R-F,1,,730,4,37.885643,14.001937,3.50048425,0.337563,0.08439075,2.890753,0.72268825,17.230252999999998,4.307563249999999,20.655390000000004,5.163847500000001,9.47141075,legacy_v1_recovered
R-F,1,,731,4,38.177544,14.430807999999999,3.6077019999999997,0.41207900000000003,0.10301975000000001,2.861409,0.71535225,17.704296,4.426074,20.473247999999998,5.1183119999999995,9.544386,legacy_v1_recovered
R-F,1,,732,4,39.058183,16.150968,4.037742,0.432469,0.10811725,3.1299420000000002,0.7824855000000001,19.713379,4.92834475,19.344804,4.836201,9.76454575,legacy_v1_recovered
R-F,1,,733,4,46.32634,16.163612,4.040903,0.384985,0.09624625,3.254235,0.81355875,19.802832000000002,4.9507080000000006,26.523508,6.630877,11.581585,legacy_v1_recovered
R-F,1,,734,4,119.608724,86.345339,21.58633475,0.413667,0.10341675,2.6249190000000002,0.6562297500000001,89.383925,22.34598125,30.22479899999999,7.5561997499999976,29.902181,legacy_v1_recovered
R-F,1,,735,4,83.584986,61.277259,15.31931475,0.407119,0.10177975,2.483442,0.6208605,64.16782,16.041955,19.417165999999995,4.854291499999999,20.8962465,legacy_v1_recovered
R-F,1,,736,4,33.570491,11.157253,2.78931325,0.28565799999999997,0.07141449999999999,2.248751,0.56218775,13.691662,3.4229155,19.878828999999996,4.969707249999999,8.39262275,legacy_v1_recovered
R-F,1,,737,4,36.372483,13.781701,3.44542525,0.365325,0.09133125,2.730585,0.68264625,16.877611,4.21940275,19.494872,4.873718,9.09312075,legacy_v1_recovered
R-F,1,,738,4,60.925794,36.920754,9.2301885,0.27120299999999997,0.06780074999999999,2.7050520000000002,0.6762630000000001,39.897009000000004,9.974252250000001,21.028785,5.25719625,15.2314485,legacy_v1_recovered
R-F,1,,739,4,39.233499,17.383629,4.34590725,0.302163,0.07554075,2.652515,0.66312875,20.338307,5.08457675,18.895192,4.723798,9.80837475,legacy_v1_recovered
R-F,1,,740,4,45.477531,16.975512000000002,4.2438780000000005,0.39779200000000003,0.09944800000000001,2.904948,0.726237,20.278252000000002,5.0695630000000005,25.199278999999997,6.299819749999999,11.36938275,legacy_v1_recovered
R-F,1,,741,4,49.57743,15.425818,3.8564545,0.43661099999999997,0.10915274999999999,3.03984,0.75996,18.902268999999997,4.725567249999999,30.675161000000003,7.668790250000001,12.3943575,legacy_v1_recovered
R-F,1,,742,4,48.546746,18.555495999999998,4.6388739999999995,0.41131700000000004,0.10282925000000001,3.595695,0.89892375,22.562507999999998,5.640626999999999,25.984238,6.4960595,12.1366865,legacy_v1_recovered
R-F,1,,743,4,97.481573,71.411812,17.852953,0.45010100000000003,0.11252525000000001,3.152752,0.788188,75.01466500000001,18.753666250000002,22.46690799999999,5.616726999999997,24.37039325,legacy_v1_recovered
R-F,1,,744,4,89.43373,65.188908,16.297227,0.391768,0.097942,2.719645,0.67991125,68.300321,17.07508025,21.133409,5.28335225,22.3584325,legacy_v1_recovered
R-F,1,,745,4,124.704635,96.96665,24.2416625,0.409077,0.10226925,2.429557,0.60738925,99.805284,24.951321,24.899350999999996,6.224837749999999,31.17615875,legacy_v1_recovered
R-F,1,,746,4,52.759044,15.036833999999999,3.7592084999999997,0.351557,0.08788925,2.215165,0.55379125,17.603555999999998,4.400888999999999,35.155488000000005,8.788872000000001,13.189761,legacy_v1_recovered
R-F,1,,747,4,126.759875,101.29799799999999,25.324499499999998,0.35107,0.0877675,2.383049,0.59576225,104.032117,26.00802925,22.727757999999994,5.681939499999999,31.68996875,legacy_v1_recovered
R-F,1,,748,4,86.898675,62.333309,15.58332725,0.325717,0.08142925,1.869014,0.4672535,64.52804,16.13201,22.370634999999993,5.592658749999998,21.72466875,legacy_v1_recovered
R-F,1,,749,4,38.00571,16.605062,4.1512655,0.24599,0.0614975,2.208544,0.552136,19.059596,4.764899,18.946114,4.7365285,9.5014275,legacy_v1_recovered
R-F,1,,750,4,42.363586,18.642428,4.660607,0.331288,0.082822,2.464754,0.6161885,21.43847,5.3596175,20.925116,5.231279,10.5908965,legacy_v1_recovered
R-F,1,,751,4,170.740336,148.54474000000002,37.136185000000005,0.301702,0.0754255,2.1516219999999997,0.5379054999999999,150.99806400000003,37.74951600000001,19.742271999999986,4.935567999999996,42.685084,legacy_v1_recovered
R-F,1,,752,4,127.018582,103.06907700000001,25.767269250000002,0.3066,0.07665,2.012436,0.503109,105.388113,26.34702825,21.63046899999999,5.407617249999998,31.7546455,legacy_v1_recovered
R-F,1,,753,4,105.172638,83.0491,20.762275,0.292907,0.07322675,1.88931,0.4723275,85.23131699999999,21.307829249999998,19.941321000000016,4.985330250000004,26.2931595,legacy_v1_recovered
R-F,1,,754,4,32.716778,10.311363,2.57784075,0.31455500000000003,0.07863875000000001,1.8715199999999999,0.46787999999999996,12.497438,3.1243595,20.219339999999995,5.054834999999999,8.1791945,legacy_v1_recovered
R-F,1,,755,4,41.395719,16.782173,4.19554325,0.310259,0.07756475,2.6311419999999996,0.6577854999999999,19.723574,4.9308935,21.672145,5.41803625,10.34892975,legacy_v1_recovered
R-F,1,,756,4,93.82807,65.408482,16.3521205,0.372368,0.093092,2.479052,0.619763,68.259902,17.0649755,25.568168,6.392042,23.4570175,legacy_v1_recovered
R-F,1,,757,4,38.873994,15.7444,3.9361,0.361136,0.090284,2.341281,0.58532025,18.446817,4.61170425,20.427177000000004,5.106794250000001,9.7184985,legacy_v1_recovered
R-F,1,,758,4,41.047072,15.695057,3.92376425,0.385401,0.09635025,2.725981,0.68149525,18.806439,4.70160975,22.240633,5.56015825,10.261768,legacy_v1_recovered
R-F,1,,759,4,73.621468,50.316128,12.579032,0.280433,0.07010825,2.008098,0.5020245,52.604659,13.15116475,21.016808999999995,5.254202249999999,18.405367,legacy_v1_recovered
R-F,1,,760,4,36.023686,12.428852000000001,3.1072130000000002,0.399868,0.099967,2.6171670000000002,0.6542917500000001,15.445887,3.86147175,20.577799,5.14444975,9.0059215,legacy_v1_recovered
R-F,1,,761,4,46.647389,22.543367,5.63584175,0.419373,0.10484325,2.959389,0.73984725,25.922128999999998,6.4805322499999996,20.72526,5.181315,11.66184725,legacy_v1_recovered
R-F,1,,762,4,45.821631,21.476011,5.36900275,0.472103,0.11802575,2.863086,0.7157715,24.8112,6.2028,21.010430999999997,5.252607749999999,11.45540775,legacy_v1_recovered
R-F,1,,763,4,171.08589,147.40132499999999,36.850331249999996,0.371406,0.0928515,2.473505,0.61837625,150.24623599999998,37.561558999999995,20.839654000000024,5.209913500000006,42.7714725,legacy_v1_recovered
R-F,1,,764,4,38.861465,14.853584,3.713396,0.310925,0.07773125,2.240904,0.560226,17.405413,4.35135325,21.456052000000003,5.364013000000001,9.71536625,legacy_v1_recovered
R-F,1,,765,4,39.041689,15.631422,3.9078555,0.345373,0.08634325,2.800052,0.700013,18.776847,4.69421175,20.264841999999998,5.0662104999999995,9.76042225,legacy_v1_recovered
