instrument,repeat,order_index,organisation,batch_id,source_records,whole_T_ms,whole_T_ms_per_record,stage_T_ms_per_record,stage_C_ms_per_record,stages
off,0,0,U,0,4,414.6624249406159,103.66560623515397,"[41.31096543278545, 36.133107263594866, 21.203563432209194]",[],"[[""to_float""], [""crop""], [""flip""]]"
off,0,0,U,1,4,414.1336311586201,103.53340778965503,"[42.263881769031286, 37.810650072060525, 17.94757053721696]",[],"[[""to_float""], [""crop""], [""flip""]]"
off,0,0,U,2,4,441.5943338535726,110.39858346339315,"[46.623443835414946, 35.95062275417149, 19.722714205272496]",[],"[[""to_float""], [""crop""], [""flip""]]"
off,0,0,U,3,4,409.76171707734466,102.44042926933616,"[43.07135322596878, 37.77757950592786, 16.275786329060793]",[],"[[""to_float""], [""crop""], [""flip""]]"
off,0,0,U,4,4,346.6156218200922,86.65390545502305,"[34.239170025102794, 31.44046722445637, 15.871051931753755]",[],"[[""to_float""], [""crop""], [""flip""]]"
off,0,0,U,5,4,337.9840417765081,84.49601044412702,"[31.869459082372487, 31.142455525696278, 16.835827147588134]",[],"[[""to_float""], [""crop""], [""flip""]]"
off,0,0,U,6,4,340.7057439908385,85.17643599770963,"[32.401324016973376, 31.91994607914239, 16.027549747377634]",[],"[[""to_float""], [""crop""], [""flip""]]"
off,0,0,U,7,4,335.75427532196045,83.93856883049011,"[32.76405425276607, 31.033203355036676, 15.338114695623517]",[],"[[""to_float""], [""crop""], [""flip""]]"
off,0,0,U,8,4,335.62762569636106,83.90690642409027,"[31.131196999922395, 30.943627934902906, 17.266699578613043]",[],"[[""to_float""], [""crop""], [""flip""]]"
off,0,0,U,9,4,607.1881628595293,151.7970407148823,"[42.64777421485633, 67.62812857050449, 36.44443105440587]",[],"[[""to_float""], [""crop""], [""flip""]]"
off,0,0,U,10,4,591.5892850607634,147.89732126519084,"[44.70726358704269, 59.96937118470669, 38.938573095947504]",[],"[[""to_float""], [""crop""], [""flip""]]"
off,0,0,U,11,4,698.7855671904981,174.69639179762453,"[63.20275051984936, 65.44922001194209, 41.56249109655619]",[],"[[""to_float""], [""crop""], [""flip""]]"
off,0,0,U,12,4,877.6603019796312,219.4150754949078,"[82.5441989582032, 82.51166483387351, 44.46781717706472]",[],"[[""to_float""], [""crop""], [""flip""]]"
off,0,0,U,13,4,388.01756873726845,97.00439218431711,"[35.20736878272146, 28.629737440496683, 29.63116718456149]",[],"[[""to_float""], [""crop""], [""flip""]]"
off,0,0,U,14,4,450.632578227669,112.65814455691725,"[38.22085342835635, 44.327493757009506, 25.822747964411974]",[],"[[""to_float""], [""crop""], [""flip""]]"
off,0,0,U,15,4,683.2247842103243,170.80619605258107,"[73.19518853910267, 63.41600406449288, 17.622954328544438]",[],"[[""to_float""], [""crop""], [""flip""]]"
off,0,0,U,16,4,247.10928602144122,61.777321505360305,"[17.39475631620735, 22.971929283812642, 16.588770202361047]",[],"[[""to_float""], [""crop""], [""flip""]]"
off,0,0,U,17,4,497.41291999816895,124.35322999954224,"[49.41014421638101, 38.001891458407044, 32.15963416732848]",[],"[[""to_float""], [""crop""], [""flip""]]"
off,0,0,U,18,4,954.5098501257598,238.62746253143996,"[112.82954679336399, 96.36522526852787, 21.683797473087907]",[],"[[""to_float""], [""crop""], [""flip""]]"
off,0,0,U,19,4,269.6566660888493,67.41416652221233,"[22.247195476666093, 24.234152282588184, 16.783621162176132]",[],"[[""to_float""], [""crop""], [""flip""]]"
off,0,0,U,20,4,1032.0088067092001,258.00220167730004,"[114.21913874801248, 95.18313978333026, 17.787394230253994]",[],"[[""to_float""], [""crop""], [""flip""]]"
off,0,0,U,21,4,267.94848404824734,66.98712101206183,"[21.36700542178005, 26.871192967519164, 15.384405269287527]",[],"[[""to_float""], [""crop""], [""flip""]]"
off,0,0,U,22,4,377.2127307020128,94.3031826755032,"[28.974292217753828, 39.99651258345693, 20.97560977563262]",[],"[[""to_float""], [""crop""], [""flip""]]"
off,0,0,U,23,4,2072.0971738919616,518.0242934729904,"[269.9753767810762, 184.57691674120724, 18.500924576073885]",[],"[[""to_float""], [""crop""], [""flip""]]"
off,0,0,U,24,4,300.20999908447266,75.05249977111816,"[21.446134080179036, 22.01541420072317, 28.545871027745306]",[],"[[""to_float""], [""crop""], [""flip""]]"
off,0,0,U,25,4,400.6221382878721,100.15553457196802,"[40.37374479230493, 38.55874703731388, 16.000310773961246]",[],"[[""to_float""], [""crop""], [""flip""]]"
off,0,0,U,26,4,372.6382628083229,93.15956570208073,"[38.309391238726676, 32.16042008716613, 18.523575738072395]",[],"[[""to_float""], [""crop""], [""flip""]]"
off,0,0,U,27,4,762.9849556833506,190.74623892083764,"[90.59557877480984, 69.25967719871551, 17.63136766385287]",[],"[[""to_float""], [""crop""], [""flip""]]"
off,0,0,U,28,4,435.2009519934654,108.80023799836636,"[44.840975548140705, 37.66048850957304, 21.249951678328216]",[],"[[""to_float""], [""crop""], [""flip""]]"
off,0,0,U,29,4,305.63938384875655,76.40984596218914,"[19.681332167237997, 32.61903498787433, 20.52988053765148]",[],"[[""to_float""], [""crop""], [""flip""]]"
off,0,0,U,30,4,456.5310128964484,114.1327532241121,"[44.89404265768826, 42.758882977068424, 19.315825775265694]",[],"[[""to_float""], [""crop""], [""flip""]]"
off,0,0,U,31,4,599.2506169714034,149.81265424285084,"[66.47289067041129, 55.40430219843984, 20.111392834223807]",[],"[[""to_float""], [""crop""], [""flip""]]"
off,0,0,U,32,4,569.74012311548,142.43503077887,"[58.43310372438282, 55.342217441648245, 19.32341221254319]",[],"[[""to_float""], [""crop""], [""flip""]]"
off,0,0,U,33,4,353.0350001528859,88.25875003822148,"[29.847294557839632, 32.75941452011466, 21.43686602357775]",[],"[[""to_float""], [""crop""], [""flip""]]"
off,0,0,U,34,4,346.31742583587766,86.57935645896941,"[32.7936087269336, 29.707044013775885, 19.246467272751033]",[],"[[""to_float""], [""crop""], [""flip""]]"
off,0,0,U,35,4,625.4081120714545,156.35202801786363,"[71.35795324575156, 59.743703226558864, 18.521567690186203]",[],"[[""to_float""], [""crop""], [""flip""]]"
off,0,0,U,36,4,292.5283368676901,73.13208421692252,"[18.9505125163123, 32.97519823536277, 17.91775575838983]",[],"[[""to_float""], [""crop""], [""flip""]]"
off,0,0,U,37,4,364.25831681117415,91.06457920279354,"[33.13627582974732, 32.58638456463814, 20.405196002684534]",[],"[[""to_float""], [""crop""], [""flip""]]"
off,0,0,U,38,4,281.9925928488374,70.49814821220934,"[23.877290775999427, 23.572540492750704, 18.643317744135857]",[],"[[""to_float""], [""crop""], [""flip""]]"
off,0,0,U,39,4,340.42586386203766,85.10646596550941,"[28.308688080869615, 32.09026483818889, 20.628205966204405]",[],"[[""to_float""], [""crop""], [""flip""]]"
off,0,1,P,0,4,169.7464999742806,42.43662499357015,"[19.916956080123782, 20.773006253875792]",[],"[[""to_float"", ""crop""], [""flip""]]"
off,0,1,P,1,4,161.73442732542753,40.43360683135688,"[19.71911999862641, 18.971621640957892]",[],"[[""to_float"", ""crop""], [""flip""]]"
off,0,1,P,2,4,177.22717113792896,44.30679278448224,"[22.270775749348104, 20.255120587535203]",[],"[[""to_float"", ""crop""], [""flip""]]"
off,0,1,P,3,4,167.71890688687563,41.92972672171891,"[19.2119280109182, 20.984940812923014]",[],"[[""to_float"", ""crop""], [""flip""]]"
off,0,1,P,4,4,164.18350022286177,41.04587505571544,"[20.028505474328995, 19.215114996768534]",[],"[[""to_float"", ""crop""], [""flip""]]"
off,0,1,P,5,4,177.87858098745346,44.469645246863365,"[22.351799765601754, 20.24718327447772]",[],"[[""to_float"", ""crop""], [""flip""]]"
off,0,1,P,6,4,163.31362165510654,40.828405413776636,"[20.151193719357252, 18.808229244314134]",[],"[[""to_float"", ""crop""], [""flip""]]"
off,0,1,P,7,4,147.46574591845274,36.866436479613185,"[19.793475978076458, 15.459668939001858]",[],"[[""to_float"", ""crop""], [""flip""]]"
off,0,1,P,8,4,178.55508718639612,44.63877179659903,"[16.362347058020532, 26.862098486162722]",[],"[[""to_float"", ""crop""], [""flip""]]"
off,0,1,P,9,4,158.06134324520826,39.515335811302066,"[18.591579282656312, 19.39390751067549]",[],"[[""to_float"", ""crop""], [""flip""]]"
off,0,1,P,10,4,155.37629090249538,38.844072725623846,"[17.318848287686706, 20.003322744742036]",[],"[[""to_float"", ""crop""], [""flip""]]"
off,0,1,P,11,4,158.4427277557552,39.6106819389388,"[14.843502664007246, 23.339809966273606]",[],"[[""to_float"", ""crop""], [""flip""]]"
off,0,1,P,12,4,178.4281670115888,44.6070417528972,"[22.928263060748577, 19.907050067558885]",[],"[[""to_float"", ""crop""], [""flip""]]"
off,0,1,P,13,4,153.97430676966906,38.493576692417264,"[16.036710236221552, 21.170750027522445]",[],"[[""to_float"", ""crop""], [""flip""]]"
off,0,1,P,14,4,180.36715593189,45.0917889829725,"[20.19380615092814, 23.211763007566333]",[],"[[""to_float"", ""crop""], [""flip""]]"
off,0,1,P,15,4,184.53936325386167,46.134840813465416,"[24.120146059431136, 20.17108304426074]",[],"[[""to_float"", ""crop""], [""flip""]]"
off,0,1,P,16,4,151.20800724253058,37.802001810632646,"[15.55869251023978, 20.998948835767806]",[],"[[""to_float"", ""crop""], [""flip""]]"
off,0,1,P,17,4,167.7353852428496,41.9338463107124,"[16.86585391871631, 23.59626698307693]",[],"[[""to_float"", ""crop""], [""flip""]]"
off,0,1,P,18,4,197.73435732349753,49.43358933087438,"[25.235033477656543, 22.178135928697884]",[],"[[""to_float"", ""crop""], [""flip""]]"
off,0,1,P,19,4,156.9869862869382,39.24674657173455,"[17.367469146847725, 20.368337049148977]",[],"[[""to_float"", ""crop""], [""flip""]]"
off,0,1,P,20,4,270.8126003853977,67.70315009634942,"[44.57426443696022, 19.306394970044494]",[],"[[""to_float"", ""crop""], [""flip""]]"
off,0,1,P,21,4,152.25897217169404,38.06474304292351,"[18.32581707276404, 18.437304301187396]",[],"[[""to_float"", ""crop""], [""flip""]]"
off,0,1,P,22,4,141.650449950248,35.412612487562,"[18.75699998345226, 15.254273312166333]",[],"[[""to_float"", ""crop""], [""flip""]]"
off,0,1,P,23,4,432.276442181319,108.06911054532975,"[80.96710382960737, 22.93392166029662]",[],"[[""to_float"", ""crop""], [""flip""]]"
off,0,1,P,24,4,145.54996835067868,36.38749208766967,"[17.355899093672633, 17.253138474188745]",[],"[[""to_float"", ""crop""], [""flip""]]"
off,0,1,P,25,4,174.86489936709404,43.71622484177351,"[23.355451761744916, 18.64816900342703]",[],"[[""to_float"", ""crop""], [""flip""]]"
off,0,1,P,26,4,158.1044029444456,39.5261007361114,"[17.869026283733547, 20.101691246964037]",[],"[[""to_float"", ""crop""], [""flip""]]"
off,0,1,P,27,4,202.4853411130607,50.62133527826518,"[30.983874457888305, 17.12676219176501]",[],"[[""to_float"", ""crop""], [""flip""]]"
off,0,1,P,28,4,194.62087890133262,48.655219725333154,"[26.60453482531011, 20.048134960234165]",[],"[[""to_float"", ""crop""], [""flip""]]"
off,0,1,P,29,4,163.03096432238817,40.75774108059704,"[18.09199806302786, 21.12267119809985]",[],"[[""to_float"", ""crop""], [""flip""]]"
off,0,1,P,30,4,152.2504179738462,38.06260449346155,"[19.200885551981628, 17.384017584845424]",[],"[[""to_float"", ""crop""], [""flip""]]"
off,0,1,P,31,4,211.8880241177976,52.9720060294494,"[28.809997835196555, 22.282560938037932]",[],"[[""to_float"", ""crop""], [""flip""]]"
off,0,1,P,32,4,188.50242625921965,47.12560656480491,"[24.00194201618433, 21.11922251060605]",[],"[[""to_float"", ""crop""], [""flip""]]"
off,0,1,P,33,4,159.87394424155354,39.968486060388386,"[14.530010055750608, 23.920935695059597]",[],"[[""to_float"", ""crop""], [""flip""]]"
off,0,1,P,34,4,155.7214790955186,38.93036977387965,"[16.389857977628708, 21.13689051475376]",[],"[[""to_float"", ""crop""], [""flip""]]"
off,0,1,P,35,4,208.8472438044846,52.21181095112115,"[29.793180408887565, 20.460532512515783]",[],"[[""to_float"", ""crop""], [""flip""]]"
off,0,1,P,36,4,157.93387219309807,39.48346804827452,"[15.409308252856135, 22.62700698338449]",[],"[[""to_float"", ""crop""], [""flip""]]"
off,0,1,P,37,4,145.55949391797185,36.38987347949296,"[16.514192800968885, 18.598673748783767]",[],"[[""to_float"", ""crop""], [""flip""]]"
off,0,1,P,38,4,145.8644992671907,36.466124816797674,"[16.327472520060837, 18.726634210906923]",[],"[[""to_float"", ""crop""], [""flip""]]"
off,0,1,P,39,4,137.0964669622481,34.27411674056202,"[18.04326707497239, 14.940802589990199]",[],"[[""to_float"", ""crop""], [""flip""]]"
off,0,2,F,0,4,98.88726519420743,24.721816298551857,[23.930630297400057],[],"[[""to_float"", ""crop"", ""flip""]]"
off,0,2,F,1,4,73.95530492067337,18.488826230168343,[17.63251470401883],[],"[[""to_float"", ""crop"", ""flip""]]"
off,0,2,F,2,4,80.95207996666431,20.23801999166608,[19.439511583186686],[],"[[""to_float"", ""crop"", ""flip""]]"
off,0,2,F,3,4,78.68083799257874,19.670209498144686,[18.90800427645445],[],"[[""to_float"", ""crop"", ""flip""]]"
off,0,2,F,4,4,77.12754001840949,19.281885004602373,[18.602757714688778],[],"[[""to_float"", ""crop"", ""flip""]]"
off,0,2,F,5,4,83.34393380209804,20.83598345052451,[20.098409266211092],[],"[[""to_float"", ""crop"", ""flip""]]"
off,0,2,F,6,4,84.81509843841195,21.203774609602988,[20.4991347854957],[],"[[""to_float"", ""crop"", ""flip""]]"
off,0,2,F,7,4,83.72529875487089,20.931324688717723,[20.097548025660217],[],"[[""to_float"", ""crop"", ""flip""]]"
off,0,2,F,8,4,80.25175705552101,20.062939263880253,[19.298367202281952],[],"[[""to_float"", ""crop"", ""flip""]]"
off,0,2,F,9,4,79.63647274300456,19.90911818575114,[19.099769415333867],[],"[[""to_float"", ""crop"", ""flip""]]"
off,0,2,F,10,4,71.05682091787457,17.764205229468644,[17.139427713118494],[],"[[""to_float"", ""crop"", ""flip""]]"
off,0,2,F,11,4,66.73716800287366,16.684292000718415,[16.052574035711586],[],"[[""to_float"", ""crop"", ""flip""]]"
off,0,2,F,12,4,87.61266013607383,21.903165034018457,[21.087831002660096],[],"[[""to_float"", ""crop"", ""flip""]]"
off,0,2,F,13,4,91.39171615242958,22.847929038107395,[22.06704195123166],[],"[[""to_float"", ""crop"", ""flip""]]"
off,0,2,F,14,4,72.04821100458503,18.012052751146257,[17.219907487742603],[],"[[""to_float"", ""crop"", ""flip""]]"
off,0,2,F,15,4,112.33137967064977,28.08284491766244,[26.935657719150186],[],"[[""to_float"", ""crop"", ""flip""]]"
off,0,2,F,16,4,68.80897702649236,17.20224425662309,[16.48231002036482],[],"[[""to_float"", ""crop"", ""flip""]]"
off,0,2,F,17,4,76.9775859080255,19.244396477006376,[18.527958542108536],[],"[[""to_float"", ""crop"", ""flip""]]"
off,0,2,F,18,4,123.11949813738465,30.779874534346163,[29.678180580958724],[],"[[""to_float"", ""crop"", ""flip""]]"
off,0,2,F,19,4,75.11134818196297,18.77783704549074,[17.956992494873703],[],"[[""to_float"", ""crop"", ""flip""]]"
off,0,2,F,20,4,184.21936221420765,46.05484055355191,[44.44413830060512],[],"[[""to_float"", ""crop"", ""flip""]]"
off,0,2,F,21,4,78.87742575258017,19.71935643814504,[18.813528469763696],[],"[[""to_float"", ""crop"", ""flip""]]"
off,0,2,F,22,4,67.12057488039136,16.78014372009784,[16.02201722562313],[],"[[""to_float"", ""crop"", ""flip""]]"
off,0,2,F,23,4,327.31391210108995,81.82847802527249,[79.50070302467793],[],"[[""to_float"", ""crop"", ""flip""]]"
off,0,2,F,24,4,75.59179095551372,18.89794773887843,[18.02288496401161],[],"[[""to_float"", ""crop"", ""flip""]]"
off,0,2,F,25,4,75.51182387396693,18.877955968491733,[18.103481037542224],[],"[[""to_float"", ""crop"", ""flip""]]"
off,0,2,F,26,4,65.72573119774461,16.431432799436152,[15.789431403391063],[],"[[""to_float"", ""crop"", ""flip""]]"
off,0,2,F,27,4,153.4044207073748,38.3511051768437,[37.11477399338037],[],"[[""to_float"", ""crop"", ""flip""]]"
off,0,2,F,28,4,71.84910401701927,17.962276004254818,[17.046609544195235],[],"[[""to_float"", ""crop"", ""flip""]]"
off,0,2,F,29,4,90.87656065821648,22.71914016455412,[22.01292442623526],[],"[[""to_float"", ""crop"", ""flip""]]"
off,0,2,F,30,4,83.87465588748455,20.968663971871138,[20.13769547920674],[],"[[""to_float"", ""crop"", ""flip""]]"
off,0,2,F,31,4,87.33496908098459,21.833742270246148,[20.77928325161338],[],"[[""to_float"", ""crop"", ""flip""]]"
off,0,2,F,32,4,110.68488471210003,27.671221178025007,[26.493898476473987],[],"[[""to_float"", ""crop"", ""flip""]]"
off,0,2,F,33,4,71.98505802080035,17.996264505200088,[17.11120898835361],[],"[[""to_float"", ""crop"", ""flip""]]"
off,0,2,F,34,4,74.11450380459428,18.52862595114857,[17.76502199936658],[],"[[""to_float"", ""crop"", ""flip""]]"
off,0,2,F,35,4,124.93929592892528,31.23482398223132,[30.201563029550016],[],"[[""to_float"", ""crop"", ""flip""]]"
off,0,2,F,36,4,69.38502890989184,17.34625722747296,[16.668345662765205],[],"[[""to_float"", ""crop"", ""flip""]]"
off,0,2,F,37,4,62.14270880445838,15.535677201114595,[14.805291080847383],[],"[[""to_float"", ""crop"", ""flip""]]"
off,0,2,F,38,4,84.14109610021114,21.035274025052786,[20.32800728920847],[],"[[""to_float"", ""crop"", ""flip""]]"
off,0,2,F,39,4,75.49920119345188,18.87480029836297,[18.150700023397803],[],"[[""to_float"", ""crop"", ""flip""]]"
off,1,0,P,0,4,173.66929212585092,43.41732303146273,"[19.96923447586596, 21.764907287433743]",[],"[[""to_float"", ""crop""], [""flip""]]"
off,1,0,P,1,4,159.31927599012852,39.82981899753213,"[20.428381743840873, 17.60578714311123]",[],"[[""to_float"", ""crop""], [""flip""]]"
off,1,0,P,2,4,172.2619729116559,43.065493227913976,"[21.516191074624658, 19.66995920520276]",[],"[[""to_float"", ""crop""], [""flip""]]"
off,1,0,P,3,4,174.6735032647848,43.6683758161962,"[19.451731932349503, 22.61536195874214]",[],"[[""to_float"", ""crop""], [""flip""]]"
off,1,0,P,4,4,154.87968688830733,38.71992172207683,"[19.676730036735535, 17.33797916676849]",[],"[[""to_float"", ""crop""], [""flip""]]"
off,1,0,P,5,4,176.88294872641563,44.22073718160391,"[21.789647988043725, 20.693046157248318]",[],"[[""to_float"", ""crop""], [""flip""]]"
off,1,0,P,6,4,172.66010399907827,43.16502599976957,"[20.144012989476323, 21.050913259387016]",[],"[[""to_float"", ""crop""], [""flip""]]"
off,1,0,P,7,4,154.80944700539112,38.70236175134778,"[19.43228824529797, 17.62325258459896]",[],"[[""to_float"", ""crop""], [""flip""]]"
off,1,0,P,8,4,175.51731411367655,43.87932852841914,"[21.916498197242618, 20.06073691882193]",[],"[[""to_float"", ""crop""], [""flip""]]"
off,1,0,P,9,4,169.83778402209282,42.459446005523205,"[20.08152799680829, 20.812154514715075]",[],"[[""to_float"", ""crop""], [""flip""]]"
off,1,0,P,10,4,137.5255319289863,34.38138298224658,"[16.93139527924359, 15.890812501311302]",[],"[[""to_float"", ""crop""], [""flip""]]"
off,1,0,P,11,4,170.10771902278066,42.526929755695164,"[14.779034187085927, 26.161277666687965]",[],"[[""to_float"", ""crop""], [""flip""]]"
off,1,0,P,12,4,166.85358993709087,41.71339748427272,"[19.883791799657047, 19.935313030146062]",[],"[[""to_float"", ""crop""], [""flip""]]"
off,1,0,P,13,4,140.3334829956293,35.08337074890733,"[15.871902462095022, 17.666941042989492]",[],"[[""to_float"", ""crop""], [""flip""]]"
off,1,0,P,14,4,154.4108777306974,38.60271943267435,"[15.352446702308953, 21.718346513807774]",[],"[[""to_float"", ""crop""], [""flip""]]"
off,1,0,P,15,4,175.0104958191514,43.75262395478785,"[22.652448737062514, 19.308512564748526]",[],"[[""to_float"", ""crop""], [""flip""]]"
off,1,0,P,16,4,154.12092488259077,38.53023122064769,"[15.820394037291408, 21.21289959177375]",[],"[[""to_float"", ""crop""], [""flip""]]"
off,1,0,P,17,4,137.43892218917608,34.35973054729402,"[14.950744807720184, 17.9957082727924]",[],"[[""to_float"", ""crop""], [""flip""]]"
off,1,0,P,18,4,207.81975705176592,51.95493926294148,"[29.174174997024238, 20.84387151990086]",[],"[[""to_float"", ""crop""], [""flip""]]"
off,1,0,P,19,4,157.8957517631352,39.4739379407838,"[16.940708039328456, 20.804618252441287]",[],"[[""to_float"", ""crop""], [""flip""]]"
off,1,0,P,20,4,254.18554712086916,63.54638678021729,"[37.73080976679921, 22.973264451138675]",[],"[[""to_float"", ""crop""], [""flip""]]"
off,1,0,P,21,4,165.61160515993834,41.402901289984584,"[19.846886047162116, 19.85408819746226]",[],"[[""to_float"", ""crop""], [""flip""]]"
off,1,0,P,22,4,150.69646202027798,37.674115505069494,"[18.528461339883506, 17.45055802166462]",[],"[[""to_float"", ""crop""], [""flip""]]"
off,1,0,P,23,4,401.91344637423754,100.47836159355938,"[78.19879497401416, 18.818577518686652]",[],"[[""to_float"", ""crop""], [""flip""]]"
off,1,0,P,24,4,146.7461814172566,36.68654535431415,"[17.004306544549763, 18.01970205269754]",[],"[[""to_float"", ""crop""], [""flip""]]"
off,1,0,P,25,4,177.12273728102446,44.280684320256114,"[16.1596144316718, 26.410538470372558]",[],"[[""to_float"", ""crop""], [""flip""]]"
off,1,0,P,26,4,145.84287721663713,36.460719304159284,"[16.050495323725045, 18.89484527055174]",[],"[[""to_float"", ""crop""], [""flip""]]"
off,1,0,P,27,4,207.87727227434516,51.96931806858629,"[34.00492621585727, 15.895646996796131]",[],"[[""to_float"", ""crop""], [""flip""]]"
off,1,0,P,28,4,167.7498030476272,41.9374507619068,"[14.90586344152689, 25.423815241083503]",[],"[[""to_float"", ""crop""], [""flip""]]"
off,1,0,P,29,4,166.22449085116386,41.556122712790966,"[18.277638242579997, 21.54784870799631]",[],"[[""to_float"", ""crop""], [""flip""]]"
off,1,0,P,30,4,160.23337095975876,40.05834273993969,"[20.26151295285672, 18.219505553133786]",[],"[[""to_float"", ""crop""], [""flip""]]"
off,1,0,P,31,4,194.32270526885986,48.580676317214966,"[18.888750695623457, 27.93948573525995]",[],"[[""to_float"", ""crop""], [""flip""]]"
off,1,0,P,32,4,177.07045888528228,44.26761472132057,"[22.10649265907705, 19.97658296022564]",[],"[[""to_float"", ""crop""], [""flip""]]"
off,1,0,P,33,4,143.97983206436038,35.994958016090095,"[16.088344738818705, 18.386050942353904]",[],"[[""to_float"", ""crop""], [""flip""]]"
off,1,0,P,34,4,165.41869612410665,41.35467403102666,"[15.139415510930121, 24.582183454185724]",[],"[[""to_float"", ""crop""], [""flip""]]"
off,1,0,P,35,4,206.43066987395287,51.607667468488216,"[28.359179734252393, 20.90061001945287]",[],"[[""to_float"", ""crop""], [""flip""]]"
off,1,0,P,36,4,149.56931816414,37.392329541035,"[18.449606257490814, 17.213791725225747]",[],"[[""to_float"", ""crop""], [""flip""]]"
off,1,0,P,37,4,178.07441158220172,44.51860289555043,"[19.272105069831014, 23.09607167262584]",[],"[[""to_float"", ""crop""], [""flip""]]"
off,1,0,P,38,4,160.5690917931497,40.14227294828743,"[17.16518960893154, 21.23176830355078]",[],"[[""to_float"", ""crop""], [""flip""]]"
off,1,0,P,39,4,150.33648908138275,37.58412227034569,"[18.062283750623465, 17.863660934381187]",[],"[[""to_float"", ""crop""], [""flip""]]"
off,1,1,U,0,4,451.49060897529125,112.87265224382281,"[49.670398817397654, 38.24576549232006, 20.313563523814082]",[],"[[""to_float""], [""crop""], [""flip""]]"
off,1,1,U,1,4,428.54146379977465,107.13536594994366,"[36.11646103672683, 42.50258859246969, 21.74839423969388]",[],"[[""to_float""], [""crop""], [""flip""]]"
off,1,1,U,2,4,426.8918829038739,106.72297072596848,"[41.83756047859788, 37.30251593515277, 22.734010708518326]",[],"[[""to_float""], [""crop""], [""flip""]]"
off,1,1,U,3,4,407.83232590183616,101.95808147545904,"[42.101855971850455, 37.29961905628443, 17.37039105501026]",[],"[[""to_float""], [""crop""], [""flip""]]"
off,1,1,U,4,4,437.46784422546625,109.36696105636656,"[45.061020180583, 38.31349627580494, 21.18806797079742]",[],"[[""to_float""], [""crop""], [""flip""]]"
off,1,1,U,5,4,402.45396830141544,100.61349207535386,"[38.07012375909835, 36.907683475874364, 20.925249787978828]",[],"[[""to_float""], [""crop""], [""flip""]]"
off,1,1,U,6,4,412.5881833024323,103.14704582560807,"[38.47092273645103, 41.568125016056, 18.339776783250272]",[],"[[""to_float""], [""crop""], [""flip""]]"
off,1,1,U,7,4,394.3963861092925,98.59909652732313,"[39.94371450971812, 36.01352730765939, 18.014029250480235]",[],"[[""to_float""], [""crop""], [""flip""]]"
off,1,1,U,8,4,430.22480979561806,107.55620244890451,"[43.4014352504164, 38.341672741808, 20.822510705329478]",[],"[[""to_float""], [""crop""], [""flip""]]"
off,1,1,U,9,4,424.45564828813076,106.11391207203269,"[43.20701619144529, 36.24040191061795, 21.57784125301987]",[],"[[""to_float""], [""crop""], [""flip""]]"
off,1,1,U,10,4,313.28211398795247,78.32052849698812,"[24.011528817936778, 23.988198023289442, 26.459288666956127]",[],"[[""to_float""], [""crop""], [""flip""]]"
off,1,1,U,11,4,336.11013321205974,84.02753330301493,"[29.94076127652079, 32.72916690912098, 17.11972476914525]",[],"[[""to_float""], [""crop""], [""flip""]]"
off,1,1,U,12,4,422.59406484663486,105.64851621165872,"[41.54408734757453, 39.83509435784072, 18.98175524547696]",[],"[[""to_float""], [""crop""], [""flip""]]"
off,1,1,U,13,4,262.7195417881012,65.6798854470253,"[17.168839694932103, 19.62553313933313, 25.970594491809607]",[],"[[""to_float""], [""crop""], [""flip""]]"
off,1,1,U,14,4,370.49985118210316,92.62496279552579,"[33.26379624195397, 35.49920197110623, 19.435465685091913]",[],"[[""to_float""], [""crop""], [""flip""]]"
off,1,1,U,15,4,585.7012839987874,146.42532099969685,"[63.132713781669736, 55.74858526233584, 19.268659059889615]",[],"[[""to_float""], [""crop""], [""flip""]]"
off,1,1,U,16,4,288.3150102570653,72.07875256426632,"[17.73397997021675, 31.21910954359919, 19.994414527900517]",[],"[[""to_float""], [""crop""], [""flip""]]"
off,1,1,U,17,4,368.11136873438954,92.02784218359739,"[33.8392712874338, 30.62033944297582, 22.983198519796133]",[],"[[""to_float""], [""crop""], [""flip""]]"
off,1,1,U,18,4,655.7055432349443,163.9263858087361,"[77.1681354381144, 60.4246937436983, 18.815009272657335]",[],"[[""to_float""], [""crop""], [""flip""]]"
off,1,1,U,19,4,307.1310929954052,76.7827732488513,"[29.01517995633185, 27.947642258368433, 15.786548494361341]",[],"[[""to_float""], [""crop""], [""flip""]]"
off,1,1,U,20,4,1118.2685769163072,279.5671442290768,"[136.60665473435074, 104.69309752807021, 16.369114513508976]",[],"[[""to_float""], [""crop""], [""flip""]]"
off,1,1,U,21,4,318.25641356408596,79.56410339102149,"[25.6374099990353, 30.157765839248896, 20.105901057831943]",[],"[[""to_float""], [""crop""], [""flip""]]"
off,1,1,U,22,4,395.25254629552364,98.81313657388091,"[35.60504852794111, 39.47202500421554, 19.323589047417045]",[],"[[""to_float""], [""crop""], [""flip""]]"
off,1,1,U,23,4,2085.2320957928896,521.3080239482224,"[268.37700651958585, 189.43413370288908, 19.433790468610823]",[],"[[""to_float""], [""crop""], [""flip""]]"
off,1,1,U,24,4,261.05754217132926,65.26438554283231,"[21.629000664688647, 25.059049716219306, 15.494849998503923]",[],"[[""to_float""], [""crop""], [""flip""]]"
off,1,1,U,25,4,427.5663550943136,106.8915887735784,"[45.484012458473444, 35.84451100323349, 19.769560312852263]",[],"[[""to_float""], [""crop""], [""flip""]]"
off,1,1,U,26,4,329.13065096363425,82.28266274090856,"[25.403315317817032, 35.53671971894801, 17.160736257210374]",[],"[[""to_float""], [""crop""], [""flip""]]"
off,1,1,U,27,4,811.8733339942992,202.9683334985748,"[97.96051902230829, 70.09199575986713, 21.22735569719225]",[],"[[""to_float""], [""crop""], [""flip""]]"
off,1,1,U,28,4,378.24557395651937,94.56139348912984,"[36.03836370166391, 31.99831023812294, 21.564940456300974]",[],"[[""to_float""], [""crop""], [""flip""]]"
off,1,1,U,29,4,286.62416990846395,71.65604247711599,"[22.855956689454615, 24.145437288098037, 20.99160454235971]",[],"[[""to_float""], [""crop""], [""flip""]]"
off,1,1,U,30,4,421.9887093640864,105.4971773410216,"[40.154864778742194, 41.845722938887775, 17.841885681264102]",[],"[[""to_float""], [""crop""], [""flip""]]"
off,1,1,U,31,4,593.0037805810571,148.25094514526427,"[67.57329276297241, 53.24999720323831, 20.00129083171487]",[],"[[""to_float""], [""crop""], [""flip""]]"
off,1,1,U,32,4,572.8181041777134,143.20452604442835,"[62.47230805456638, 51.795645733363926, 20.679937093518674]",[],"[[""to_float""], [""crop""], [""flip""]]"
off,1,1,U,33,4,350.7544011808932,87.6886002952233,"[24.514014250598848, 37.49289328698069, 21.471086191013455]",[],"[[""to_float""], [""crop""], [""flip""]]"
off,1,1,U,34,4,343.6777167953551,85.91942919883877,"[30.43312521185726, 29.672203701920807, 21.286820759996772]",[],"[[""to_float""], [""crop""], [""flip""]]"
off,1,1,U,35,4,653.6668790504336,163.4167197626084,"[80.8367352001369, 57.85239196848124, 18.004004028625786]",[],"[[""to_float""], [""crop""], [""flip""]]"
off,1,1,U,36,4,285.8225740492344,71.4556435123086,"[21.380423451773822, 28.90944923274219, 17.929040011949837]",[],"[[""to_float""], [""crop""], [""flip""]]"
off,1,1,U,37,4,385.63954224810004,96.40988556202501,"[39.689943310804665, 30.98859521560371, 20.988092059269547]",[],"[[""to_float""], [""crop""], [""flip""]]"
off,1,1,U,38,4,271.32550487294793,67.83137621823698,"[21.26405294984579, 20.90447151567787, 22.40051655098796]",[],"[[""to_float""], [""crop""], [""flip""]]"
off,1,1,U,39,4,345.4299783334136,86.3574945833534,"[29.43645277991891, 32.86058083176613, 20.197695353999734]",[],"[[""to_float""], [""crop""], [""flip""]]"
off,1,2,F,0,4,72.83734902739525,18.209337256848812,[17.349363188259304],[],"[[""to_float"", ""crop"", ""flip""]]"
off,1,2,F,1,4,77.74525322020054,19.436313305050135,[18.58722628094256],[],"[[""to_float"", ""crop"", ""flip""]]"
off,1,2,F,2,4,96.86963073909283,24.217407684773207,[23.22635753080249],[],"[[""to_float"", ""crop"", ""flip""]]"
off,1,2,F,3,4,82.47643895447254,20.619109738618135,[19.6644205134362],[],"[[""to_float"", ""crop"", ""flip""]]"
off,1,2,F,4,4,78.3883542753756,19.5970885688439,[18.762819468975067],[],"[[""to_float"", ""crop"", ""flip""]]"
off,1,2,F,5,4,79.57705808803439,19.894264522008598,[19.132743473164737],[],"[[""to_float"", ""crop"", ""flip""]]"
off,1,2,F,6,4,75.29234327375889,18.823085818439722,[18.09514919295907],[],"[[""to_float"", ""crop"", ""flip""]]"
off,1,2,F,7,4,65.39333518594503,16.34833379648626,[15.665912185795605],[],"[[""to_float"", ""crop"", ""flip""]]"
off,1,2,F,8,4,106.09876038506627,26.524690096266568,[25.67790006287396],[],"[[""to_float"", ""crop"", ""flip""]]"
off,1,2,F,9,4,75.52669988945127,18.881674972362816,[18.011671490967274],[],"[[""to_float"", ""crop"", ""flip""]]"
off,1,2,F,10,4,72.13736325502396,18.03434081375599,[17.289438750594854],[],"[[""to_float"", ""crop"", ""flip""]]"
off,1,2,F,11,4,75.88207814842463,18.970519537106156,[18.215479678474367],[],"[[""to_float"", ""crop"", ""flip""]]"
off,1,2,F,12,4,87.0083230547607,21.752080763690174,[20.852387067861855],[],"[[""to_float"", ""crop"", ""flip""]]"
off,1,2,F,13,4,61.217037960886955,15.304259490221739,[14.571436797268689],[],"[[""to_float"", ""crop"", ""flip""]]"
off,1,2,F,14,4,99.55151937901974,24.887879844754934,[24.008256499655545],[],"[[""to_float"", ""crop"", ""flip""]]"
off,1,2,F,15,4,93.42260891571641,23.355652228929102,[22.200992912985384],[],"[[""to_float"", ""crop"", ""flip""]]"
off,1,2,F,16,4,66.26164121553302,16.565410303883255,[15.845355577766895],[],"[[""to_float"", ""crop"", ""flip""]]"
off,1,2,F,17,4,68.40862985700369,17.102157464250922,[16.38716645538807],[],"[[""to_float"", ""crop"", ""flip""]]"
off,1,2,F,18,4,111.24377092346549,27.810942730866373,[26.691802428103983],[],"[[""to_float"", ""crop"", ""flip""]]"
off,1,2,F,19,4,59.30709466338158,14.826773665845394,[14.116230537183583],[],"[[""to_float"", ""crop"", ""flip""]]"
off,1,2,F,20,4,189.717136323452,47.429284080863,[45.942552271299064],[],"[[""to_float"", ""crop"", ""flip""]]"
off,1,2,F,21,4,79.48130695149302,19.870326737873256,[18.990641576237977],[],"[[""to_float"", ""crop"", ""flip""]]"
off,1,2,F,22,4,74.95653489604592,18.73913372401148,[17.964217229746282],[],"[[""to_float"", ""crop"", ""flip""]]"
off,1,2,F,23,4,284.8957357928157,71.22393394820392,[68.96811840124428],[],"[[""to_float"", ""crop"", ""flip""]]"
off,1,2,F,24,4,70.39754977449775,17.599387443624437,[16.85329875908792],[],"[[""to_float"", ""crop"", ""flip""]]"
off,1,2,F,25,4,76.52844162657857,19.132110406644642,[18.186088651418686],[],"[[""to_float"", ""crop"", ""flip""]]"
off,1,2,F,26,4,75.75190719217062,18.937976798042655,[18.15733569674194],[],"[[""to_float"", ""crop"", ""flip""]]"
off,1,2,F,27,4,127.95150466263294,31.987876165658236,[30.731769977137446],[],"[[""to_float"", ""crop"", ""flip""]]"
off,1,2,F,28,4,68.93811887130141,17.234529717825353,[16.391654033213854],[],"[[""to_float"", ""crop"", ""flip""]]"
off,1,2,F,29,4,92.10538119077682,23.026345297694206,[22.287076455540955],[],"[[""to_float"", ""crop"", ""flip""]]"
off,1,2,F,30,4,91.13282477483153,22.783206193707883,[21.916912985034287],[],"[[""to_float"", ""crop"", ""flip""]]"
off,1,2,F,31,4,88.3335368707776,22.0833842176944,[21.058316458947957],[],"[[""to_float"", ""crop"", ""flip""]]"
off,1,2,F,32,4,94.45572830736637,23.613932076841593,[22.597571020014584],[],"[[""to_float"", ""crop"", ""flip""]]"
off,1,2,F,33,4,60.522968880832195,15.130742220208049,[14.394249650649726],[],"[[""to_float"", ""crop"", ""flip""]]"
off,1,2,F,34,4,60.607110150158405,15.151777537539601,[14.44836927112192],[],"[[""to_float"", ""crop"", ""flip""]]"
off,1,2,F,35,4,137.36123824492097,34.34030956123024,[33.163941581733525],[],"[[""to_float"", ""crop"", ""flip""]]"
off,1,2,F,36,4,75.32138423994184,18.83034605998546,[17.99252803903073],[],"[[""to_float"", ""crop"", ""flip""]]"
off,1,2,F,37,4,72.94046878814697,18.235117197036743,[17.543592024594545],[],"[[""to_float"", ""crop"", ""flip""]]"
off,1,2,F,38,4,68.78044735640287,17.19511183910072,[16.57341094687581],[],"[[""to_float"", ""crop"", ""flip""]]"
off,1,2,F,39,4,69.22065699473023,17.30516424868256,[16.598524060100317],[],"[[""to_float"", ""crop"", ""flip""]]"
off,2,0,F,0,4,65.6528240069747,16.413206001743674,[15.636419178918004],[],"[[""to_float"", ""crop"", ""flip""]]"
off,2,0,F,1,4,105.57130072265863,26.39282518066466,[25.524920551106334],[],"[[""to_float"", ""crop"", ""flip""]]"
off,2,0,F,2,4,74.19803412631154,18.549508531577885,[17.638991004787385],[],"[[""to_float"", ""crop"", ""flip""]]"
off,2,0,F,3,4,79.22771805897355,19.806929514743388,[19.000501022674143],[],"[[""to_float"", ""crop"", ""flip""]]"
off,2,0,F,4,4,84.43460799753666,21.108651999384165,[18.856660462915897],[],"[[""to_float"", ""crop"", ""flip""]]"
off,2,0,F,5,4,75.79975202679634,18.949938006699085,[18.106703530065715],[],"[[""to_float"", ""crop"", ""flip""]]"
off,2,0,F,6,4,66.09128508716822,16.522821271792054,[15.814326470717788],[],"[[""to_float"", ""crop"", ""flip""]]"
off,2,0,F,7,4,90.20851692184806,22.552129230462015,[21.698782918974757],[],"[[""to_float"", ""crop"", ""flip""]]"
off,2,0,F,8,4,72.90666783228517,18.22666695807129,[17.35191245097667],[],"[[""to_float"", ""crop"", ""flip""]]"
off,2,0,F,9,4,84.19330371543765,21.048325928859413,[20.22371080238372],[],"[[""to_float"", ""crop"", ""flip""]]"
off,2,0,F,10,4,70.45207591727376,17.61301897931844,[16.94000931456685],[],"[[""to_float"", ""crop"", ""flip""]]"
off,2,0,F,11,4,72.08097912371159,18.020244780927896,[17.351636430248618],[],"[[""to_float"", ""crop"", ""flip""]]"
off,2,0,F,12,4,83.63748760893941,20.909371902234852,[20.06642089691013],[],"[[""to_float"", ""crop"", ""flip""]]"
off,2,0,F,13,4,59.14257979020476,14.78564494755119,[14.183772029355168],[],"[[""to_float"", ""crop"", ""flip""]]"
off,2,0,F,14,4,98.41861296445131,24.60465324111283,[23.883984657004476],[],"[[""to_float"", ""crop"", ""flip""]]"
off,2,0,F,15,4,96.01951204240322,24.004878010600805,[23.002835805527866],[],"[[""to_float"", ""crop"", ""flip""]]"
off,2,0,F,16,4,67.24637979641557,16.811594949103892,[15.96743322443217],[],"[[""to_float"", ""crop"", ""flip""]]"
off,2,0,F,17,4,77.24955677986145,19.312389194965363,[18.505551270209253],[],"[[""to_float"", ""crop"", ""flip""]]"
off,2,0,F,18,4,99.6027309447527,24.900682736188173,[23.66235328372568],[],"[[""to_float"", ""crop"", ""flip""]]"
off,2,0,F,19,4,59.50939608737826,14.877349021844566,[14.117629500105977],[],"[[""to_float"", ""crop"", ""flip""]]"
off,2,0,F,20,4,214.79081362485886,53.697703406214714,[51.861185231246054],[],"[[""to_float"", ""crop"", ""flip""]]"
off,2,0,F,21,4,81.27437438815832,20.31859359703958,[19.342600950039923],[],"[[""to_float"", ""crop"", ""flip""]]"
off,2,0,F,22,4,77.89428485557437,19.473571213893592,[18.62527907360345],[],"[[""to_float"", ""crop"", ""flip""]]"
off,2,0,F,23,4,273.21023121476173,68.30255780369043,[64.19573654420674],[],"[[""to_float"", ""crop"", ""flip""]]"
off,2,0,F,24,4,73.0274161323905,18.256854033097625,[17.38399767782539],[],"[[""to_float"", ""crop"", ""flip""]]"
off,2,0,F,25,4,84.46718100458384,21.11679525114596,[20.176665275357664],[],"[[""to_float"", ""crop"", ""flip""]]"
off,2,0,F,26,4,77.25052395835519,19.312630989588797,[18.42446846421808],[],"[[""to_float"", ""crop"", ""flip""]]"
off,2,0,F,27,4,117.03757476061583,29.259393690153956,[27.7399814222008],[],"[[""to_float"", ""crop"", ""flip""]]"
off,2,0,F,28,4,108.0821338109672,27.0205334527418,[26.054631220176816],[],"[[""to_float"", ""crop"", ""flip""]]"
off,2,0,F,29,4,73.39467899873853,18.348669749684632,[17.518645501695573],[],"[[""to_float"", ""crop"", ""flip""]]"
off,2,0,F,30,4,84.29669821634889,21.07417455408722,[20.191820454783738],[],"[[""to_float"", ""crop"", ""flip""]]"
off,2,0,F,31,4,97.65439201146364,24.41359800286591,[23.349022027105093],[],"[[""to_float"", ""crop"", ""flip""]]"
off,2,0,F,32,4,101.23235499486327,25.308088748715818,[24.15145351551473],[],"[[""to_float"", ""crop"", ""flip""]]"
off,2,0,F,33,4,72.56837794557214,18.142094486393034,[17.327396431937814],[],"[[""to_float"", ""crop"", ""flip""]]"
off,2,0,F,34,4,92.3551982268691,23.088799556717277,[22.241355269216],[],"[[""to_float"", ""crop"", ""flip""]]"
off,2,0,F,35,4,122.98953486606479,30.747383716516197,[29.526762780733407],[],"[[""to_float"", ""crop"", ""flip""]]"
off,2,0,F,36,4,76.03697618469596,19.00924404617399,[18.05927325040102],[],"[[""to_float"", ""crop"", ""flip""]]"
off,2,0,F,37,4,75.95533411949873,18.988833529874682,[18.18465953692794],[],"[[""to_float"", ""crop"", ""flip""]]"
off,2,0,F,38,4,61.64721865206957,15.411804663017392,[14.75427218247205],[],"[[""to_float"", ""crop"", ""flip""]]"
off,2,0,F,39,4,81.09610714018345,20.274026785045862,[19.498622976243496],[],"[[""to_float"", ""crop"", ""flip""]]"
off,2,1,U,0,4,407.8417359851301,101.96043399628252,"[45.21187942009419, 34.23892299178988, 17.684873309917748]",[],"[[""to_float""], [""crop""], [""flip""]]"
off,2,1,U,1,4,400.94318985939026,100.23579746484756,"[42.63020714279264, 33.92603655811399, 18.985941191203892]",[],"[[""to_float""], [""crop""], [""flip""]]"
off,2,1,U,2,4,408.72212732210755,102.18053183052689,"[38.73386397026479, 39.97611498925835, 17.20792695414275]",[],"[[""to_float""], [""crop""], [""flip""]]"
off,2,1,U,3,4,378.38588701561093,94.59647175390273,"[38.734419737011194, 36.398198222741485, 15.262978966347873]",[],"[[""to_float""], [""crop""], [""flip""]]"
off,2,1,U,4,4,420.16006261110306,105.04001565277576,"[43.09663001913577, 37.872547283768654, 19.228878780268133]",[],"[[""to_float""], [""crop""], [""flip""]]"
off,2,1,U,5,4,378.8175545632839,94.70438864082098,"[32.99689874984324, 39.87355891149491, 17.283604945987463]",[],"[[""to_float""], [""crop""], [""flip""]]"
off,2,1,U,6,4,408.45221001654863,102.11305250413716,"[37.93100325856358, 38.499250542372465, 20.66275931429118]",[],"[[""to_float""], [""crop""], [""flip""]]"
off,2,1,U,7,4,398.3908877708018,99.59772194270045,"[39.3993592588231, 36.77036671433598, 18.506465014070272]",[],"[[""to_float""], [""crop""], [""flip""]]"
off,2,1,U,8,4,384.995074942708,96.248768735677,"[37.37993154209107, 34.81594077311456, 18.39232398197055]",[],"[[""to_float""], [""crop""], [""flip""]]"
off,2,1,U,9,4,416.7757108807564,104.1939277201891,"[42.67103841993958, 39.05611124355346, 17.324915737845004]",[],"[[""to_float""], [""crop""], [""flip""]]"
off,2,1,U,10,4,276.97675209492445,69.24418802373111,"[23.836728185415268, 25.134365307167172, 16.530905151739717]",[],"[[""to_float""], [""crop""], [""flip""]]"
off,2,1,U,11,4,332.32974726706743,83.08243681676686,"[30.524404253810644, 29.136928031221032, 19.15808767080307]",[],"[[""to_float""], [""crop""], [""flip""]]"
off,2,1,U,12,4,417.4973461776972,104.3743365444243,"[39.184225257486105, 40.17406271304935, 19.29451001342386]",[],"[[""to_float""], [""crop""], [""flip""]]"
off,2,1,U,13,4,236.88512668013573,59.22128167003393,"[18.00531952176243, 20.15654870774597, 18.11642968095839]",[],"[[""to_float""], [""crop""], [""flip""]]"
off,2,1,U,14,4,379.11565974354744,94.77891493588686,"[32.14670834131539, 37.78110595885664, 20.262616453692317]",[],"[[""to_float""], [""crop""], [""flip""]]"
off,2,1,U,15,4,618.2365161366761,154.55912903416902,"[60.30383124016225, 63.400659477338195, 22.129886434413493]",[],"[[""to_float""], [""crop""], [""flip""]]"
off,2,1,U,16,4,279.74345814436674,69.93586453609169,"[22.1006820211187, 24.192277691327035, 20.256379735656083]",[],"[[""to_float""], [""crop""], [""flip""]]"
off,2,1,U,17,4,351.3932269997895,87.84830674994737,"[34.72102980595082, 29.431117232888937, 18.7621385557577]",[],"[[""to_float""], [""crop""], [""flip""]]"
off,2,1,U,18,4,662.9116600379348,165.7279150094837,"[76.24890457373112, 61.782801523804665, 19.590143230743706]",[],"[[""to_float""], [""crop""], [""flip""]]"
off,2,1,U,19,4,338.3907889947295,84.59769724868238,"[27.089856332167983, 31.976666068658233, 21.779230213724077]",[],"[[""to_float""], [""crop""], [""flip""]]"
off,2,1,U,20,4,1095.119270030409,273.7798175076023,"[125.61638350598514, 103.36172254756093, 21.182646742090583]",[],"[[""to_float""], [""crop""], [""flip""]]"
off,2,1,U,21,4,320.98089437931776,80.24522359482944,"[24.225713685154915, 32.256167265586555, 19.824624992907047]",[],"[[""to_float""], [""crop""], [""flip""]]"
off,2,1,U,22,4,427.9447151347995,106.98617878369987,"[44.136761920526624, 35.480337450280786, 22.208968177437782]",[],"[[""to_float""], [""crop""], [""flip""]]"
off,2,1,U,23,4,2068.6536598950624,517.1634149737656,"[258.86901980265975, 195.3085265122354, 17.978838528506458]",[],"[[""to_float""], [""crop""], [""flip""]]"
off,2,1,U,24,4,306.0482549481094,76.51206373702735,"[23.680031416006386, 27.714656083844602, 21.482783020474017]",[],"[[""to_float""], [""crop""], [""flip""]]"
off,2,1,U,25,4,395.9907148964703,98.99767872411758,"[37.91077551431954, 33.60929398331791, 23.107025190256536]",[],"[[""to_float""], [""crop""], [""flip""]]"
off,2,1,U,26,4,329.30445112288,82.32611278072,"[28.77440070733428, 28.44838926102966, 21.6317365411669]",[],"[[""to_float""], [""crop""], [""flip""]]"
off,2,1,U,27,4,809.9015951156616,202.4753987789154,"[94.84021074604243, 70.15211298130453, 26.4175912598148]",[],"[[""to_float""], [""crop""], [""flip""]]"
off,2,1,U,28,4,376.6247611492872,94.1561902873218,"[35.713040037080646, 33.59145123977214, 19.655158510431647]",[],"[[""to_float""], [""crop""], [""flip""]]"
off,2,1,U,29,4,315.04565477371216,78.76141369342804,"[22.041922784410417, 31.60846373066306, 21.53811405878514]",[],"[[""to_float""], [""crop""], [""flip""]]"
off,2,1,U,30,4,442.8755552507937,110.71888881269842,"[43.144702445715666, 41.9905052985996, 19.400543998926878]",[],"[[""to_float""], [""crop""], [""flip""]]"
off,2,1,U,31,4,564.7383569739759,141.18458924349397,"[64.37252217438072, 51.77686072420329, 17.070383531972766]",[],"[[""to_float""], [""crop""], [""flip""]]"
off,2,1,U,32,4,572.8890537284315,143.22226343210787,"[60.49849302507937, 55.085479049012065, 19.481694442220032]",[],"[[""to_float""], [""crop""], [""flip""]]"
off,2,1,U,33,4,328.3526562154293,82.08816405385733,"[29.661140753887594, 30.71511979214847, 17.246096744202077]",[],"[[""to_float""], [""crop""], [""flip""]]"
off,2,1,U,34,4,337.18093065544963,84.29523266386241,"[32.2119751945138, 29.183112201280892, 18.661423702724278]",[],"[[""to_float""], [""crop""], [""flip""]]"
off,2,1,U,35,4,647.0719771459699,161.76799428649247,"[74.5265600271523, 58.760806918144226, 17.042273771949112]",[],"[[""to_float""], [""crop""], [""flip""]]"
off,2,1,U,36,4,285.81340378150344,71.45335094537586,"[20.484925247728825, 30.558645259588957, 17.13269599713385]",[],"[[""to_float""], [""crop""], [""flip""]]"
off,2,1,U,37,4,332.3624259792268,83.0906064948067,"[32.80730207916349, 30.740218237042427, 15.115178190171719]",[],"[[""to_float""], [""crop""], [""flip""]]"
off,2,1,U,38,4,302.4637680500746,75.61594201251864,"[26.416638516820967, 24.0151840262115, 21.468868479132652]",[],"[[""to_float""], [""crop""], [""flip""]]"
off,2,1,U,39,4,353.35829900577664,88.33957475144416,"[29.197384021244943, 36.21049702633172, 18.68402725085616]",[],"[[""to_float""], [""crop""], [""flip""]]"
off,2,2,P,0,4,161.99594596400857,40.49898649100214,"[19.66983627062291, 18.6732467263937]",[],"[[""to_float"", ""crop""], [""flip""]]"
off,2,2,P,1,4,152.50726602971554,38.126816507428885,"[18.86836427729577, 17.486316268332303]",[],"[[""to_float"", ""crop""], [""flip""]]"
off,2,2,P,2,4,178.0421081930399,44.51052704825997,"[20.9683186840266, 21.438668598420918]",[],"[[""to_float"", ""crop""], [""flip""]]"
off,2,2,P,3,4,157.50589687377214,39.376474218443036,"[18.66285630967468, 18.8046497059986]",[],"[[""to_float"", ""crop""], [""flip""]]"
off,2,2,P,4,4,152.93223271146417,38.23305817786604,"[18.42537650372833, 18.01101176533848]",[],"[[""to_float"", ""crop""], [""flip""]]"
off,2,2,P,5,4,171.49749817326665,42.87437454331666,"[16.265000449493527, 24.871613481082022]",[],"[[""to_float"", ""crop""], [""flip""]]"
off,2,2,P,6,4,151.35087771341205,37.83771942835301,"[18.0906344903633, 17.883222550153732]",[],"[[""to_float"", ""crop""], [""flip""]]"
off,2,2,P,7,4,156.15604119375348,39.03901029843837,"[19.57175030838698, 17.562364577315748]",[],"[[""to_float"", ""crop""], [""flip""]]"
off,2,2,P,8,4,170.24541506543756,42.56135376635939,"[16.8684656964615, 23.652852047234774]",[],"[[""to_float"", ""crop""], [""flip""]]"
off,2,2,P,9,4,162.81707026064396,40.70426756516099,"[18.34608369972557, 20.06487874314189]",[],"[[""to_float"", ""crop""], [""flip""]]"
off,2,2,P,10,4,151.13672288134694,37.784180720336735,"[17.21378229558468, 18.75115802977234]",[],"[[""to_float"", ""crop""], [""flip""]]"
off,2,2,P,11,4,137.90787290781736,34.47696822695434,"[15.111541957594454, 17.860822496004403]",[],"[[""to_float"", ""crop""], [""flip""]]"
off,2,2,P,12,4,196.85127399861813,49.21281849965453,"[25.773665751330554, 21.491271443665028]",[],"[[""to_float"", ""crop""], [""flip""]]"
off,2,2,P,13,4,147.46960205957294,36.867400514893234,"[16.310246312059462, 18.983502290211618]",[],"[[""to_float"", ""crop""], [""flip""]]"
off,2,2,P,14,4,132.75865698233247,33.18966424558312,"[16.408535069786012, 15.254015917889774]",[],"[[""to_float"", ""crop""], [""flip""]]"
off,2,2,P,15,4,198.32046702504158,49.580116756260395,"[29.54413671977818, 17.999138915911317]",[],"[[""to_float"", ""crop""], [""flip""]]"
off,2,2,P,16,4,158.60609710216522,39.651524275541306,"[16.62508153822273, 21.39936084859073]",[],"[[""to_float"", ""crop""], [""flip""]]"
off,2,2,P,17,4,138.95529275760055,34.73882318940014,"[16.363441827706993, 16.836620052345097]",[],"[[""to_float"", ""crop""], [""flip""]]"
off,2,2,P,18,4,209.67849902808666,52.419624757021666,"[30.076710507273674, 20.20061027724296]",[],"[[""to_float"", ""crop""], [""flip""]]"
off,2,2,P,19,4,167.17563709244132,41.79390927311033,"[18.977484200149775, 21.107880980707705]",[],"[[""to_float"", ""crop""], [""flip""]]"
off,2,2,P,20,4,252.50640977174044,63.12660244293511,"[36.814217222854495, 23.113413946703076]",[],"[[""to_float"", ""crop""], [""flip""]]"
off,2,2,P,21,4,168.0131908506155,42.003297712653875,"[19.173829816281796, 21.39926701784134]",[],"[[""to_float"", ""crop""], [""flip""]]"
off,2,2,P,22,4,155.928541906178,38.9821354765445,"[19.775775726884604, 17.658873926848173]",[],"[[""to_float"", ""crop""], [""flip""]]"
off,2,2,P,23,4,431.0098960995674,107.75247402489185,"[82.79348129872233, 19.733428489416838]",[],"[[""to_float"", ""crop""], [""flip""]]"
off,2,2,P,24,4,141.46633818745613,35.36658454686403,"[17.607149784453213, 16.028807498514652]",[],"[[""to_float"", ""crop""], [""flip""]]"
off,2,2,P,25,4,173.20954613387585,43.30238653346896,"[20.422500441782176, 21.01162530016154]",[],"[[""to_float"", ""crop""], [""flip""]]"
off,2,2,P,26,4,157.88480825722218,39.471202064305544,"[18.53183680213988, 19.268971402198076]",[],"[[""to_float"", ""crop""], [""flip""]]"
off,2,2,P,27,4,198.89479130506516,49.72369782626629,"[31.143471016548574, 16.39853499364108]",[],"[[""to_float"", ""crop""], [""flip""]]"
off,2,2,P,28,4,173.2054757885635,43.30136894714087,"[23.663799511268735, 17.727447440847754]",[],"[[""to_float"", ""crop""], [""flip""]]"
off,2,2,P,29,4,164.5248169079423,41.131204226985574,"[17.812988022342324, 21.59968123305589]",[],"[[""to_float"", ""crop""], [""flip""]]"
off,2,2,P,30,4,155.34971887245774,38.837429718114436,"[19.72751459106803, 17.302390770055354]",[],"[[""to_float"", ""crop""], [""flip""]]"
off,2,2,P,31,4,202.14523514732718,50.536308786831796,"[29.524060082621872, 18.80659197922796]",[],"[[""to_float"", ""crop""], [""flip""]]"
off,2,2,P,32,4,188.53836599737406,47.134591499343514,"[24.279132252559066, 20.9383147303015]",[],"[[""to_float"", ""crop""], [""flip""]]"
off,2,2,P,33,4,135.74435422196984,33.93608855549246,"[15.669272746890783, 16.860822797752917]",[],"[[""to_float"", ""crop""], [""flip""]]"
off,2,2,P,34,4,184.4341796822846,46.10854492057115,"[24.313612026162446, 20.19967301748693]",[],"[[""to_float"", ""crop""], [""flip""]]"
off,2,2,P,35,4,211.79182128980756,52.94795532245189,"[29.797154245898128, 20.803857943974435]",[],"[[""to_float"", ""crop""], [""flip""]]"
off,2,2,P,36,4,164.6332680247724,41.1583170061931,"[15.736990259028971, 23.85945024434477]",[],"[[""to_float"", ""crop""], [""flip""]]"
off,2,2,P,37,4,161.32319020107388,40.33079755026847,"[17.22854480613023, 21.52025350369513]",[],"[[""to_float"", ""crop""], [""flip""]]"
off,2,2,P,38,4,158.88174902647734,39.720437256619334,"[16.82285324204713, 21.421202458441257]",[],"[[""to_float"", ""crop""], [""flip""]]"
off,2,2,P,39,4,161.64822969585657,40.41205742396414,"[16.524832579307258, 22.31133554596454]",[],"[[""to_float"", ""crop""], [""flip""]]"
off,3,0,F,0,4,87.98655681312084,21.99663920328021,[21.13961149007082],[],"[[""to_float"", ""crop"", ""flip""]]"
off,3,0,F,1,4,82.47724594548345,20.61931148637086,[19.833296770229936],[],"[[""to_float"", ""crop"", ""flip""]]"
off,3,0,F,2,4,84.44757387042046,21.111893467605114,[20.222729304805398],[],"[[""to_float"", ""crop"", ""flip""]]"
off,3,0,F,3,4,83.02772510796785,20.756931276991963,[19.841602537781],[],"[[""to_float"", ""crop"", ""flip""]]"
off,3,0,F,4,4,72.87760870531201,18.219402176328003,[17.412098473869264],[],"[[""to_float"", ""crop"", ""flip""]]"
off,3,0,F,5,4,101.96756012737751,25.491890031844378,[24.675754946656525],[],"[[""to_float"", ""crop"", ""flip""]]"
off,3,0,F,6,4,74.16143594309688,18.54035898577422,[17.653938964940608],[],"[[""to_float"", ""crop"", ""flip""]]"
off,3,0,F,7,4,81.6297410055995,20.407435251399875,[19.66105552855879],[],"[[""to_float"", ""crop"", ""flip""]]"
off,3,0,F,8,4,81.92910393700004,20.48227598425001,[19.714327296242118],[],"[[""to_float"", ""crop"", ""flip""]]"
off,3,0,F,9,4,83.39958731085062,20.849896827712655,[20.06317803170532],[],"[[""to_float"", ""crop"", ""flip""]]"
off,3,0,F,10,4,61.690639704465866,15.422659926116467,[14.706314774230123],[],"[[""to_float"", ""crop"", ""flip""]]"
off,3,0,F,11,4,62.379808165133,15.59495204128325,[14.938038308173418],[],"[[""to_float"", ""crop"", ""flip""]]"
off,3,0,F,12,4,117.00558289885521,29.251395724713802,[28.362487559206784],[],"[[""to_float"", ""crop"", ""flip""]]"
off,3,0,F,13,4,68.61938582733274,17.154846456833184,[16.343825263902545],[],"[[""to_float"", ""crop"", ""flip""]]"
off,3,0,F,14,4,77.85389386117458,19.463473465293646,[18.658491666428745],[],"[[""to_float"", ""crop"", ""flip""]]"
off,3,0,F,15,4,100.37511587142944,25.09377896785736,[23.904794710688293],[],"[[""to_float"", ""crop"", ""flip""]]"
off,3,0,F,16,4,59.931735042482615,14.982933760620654,[14.223883743397892],[],"[[""to_float"", ""crop"", ""flip""]]"
off,3,0,F,17,4,63.941871747374535,15.985467936843634,[15.300414292141795],[],"[[""to_float"", ""crop"", ""flip""]]"
off,3,0,F,18,4,113.98306675255299,28.495766688138247,[27.38982776645571],[],"[[""to_float"", ""crop"", ""flip""]]"
off,3,0,F,19,4,67.57347006350756,16.89336751587689,[16.08950854279101],[],"[[""to_float"", ""crop"", ""flip""]]"
off,3,0,F,20,4,168.6015329323709,42.150383233092725,[40.52702814806253],[],"[[""to_float"", ""crop"", ""flip""]]"
off,3,0,F,21,4,70.17758814617991,17.54439703654498,[16.7370819253847],[],"[[""to_float"", ""crop"", ""flip""]]"
off,3,0,F,22,4,66.33280962705612,16.58320240676403,[15.786605421453714],[],"[[""to_float"", ""crop"", ""flip""]]"
off,3,0,F,23,4,314.03043307363987,78.50760826840997,[76.12117973621935],[],"[[""to_float"", ""crop"", ""flip""]]"
off,3,0,F,24,4,73.9149902947247,18.478747573681176,[17.552243312820792],[],"[[""to_float"", ""crop"", ""flip""]]"
off,3,0,F,25,4,73.34785023704171,18.336962559260428,[17.399233183823526],[],"[[""to_float"", ""crop"", ""flip""]]"
off,3,0,F,26,4,63.20677883923054,15.801694709807634,[15.1279455749318],[],"[[""to_float"", ""crop"", ""flip""]]"
off,3,0,F,27,4,172.20661602914333,43.05165400728583,[41.90355946775526],[],"[[""to_float"", ""crop"", ""flip""]]"
off,3,0,F,28,4,70.00170322135091,17.500425805337727,[16.664398950524628],[],"[[""to_float"", ""crop"", ""flip""]]"
off,3,0,F,29,4,73.81630968302488,18.45407742075622,[17.774232546798885],[],"[[""to_float"", ""crop"", ""flip""]]"
off,3,0,F,30,4,85.02701157703996,21.25675289425999,[20.39868605788797],[],"[[""to_float"", ""crop"", ""flip""]]"
off,3,0,F,31,4,74.22673469409347,18.556683673523366,[17.656903713941574],[],"[[""to_float"", ""crop"", ""flip""]]"
off,3,0,F,32,4,120.72943709790707,30.182359274476767,[29.15631653741002],[],"[[""to_float"", ""crop"", ""flip""]]"
off,3,0,F,33,4,64.57400042563677,16.143500106409192,[15.297172241844237],[],"[[""to_float"", ""crop"", ""flip""]]"
off,3,0,F,34,4,71.78701413795352,17.94675353448838,[17.15937303379178],[],"[[""to_float"", ""crop"", ""flip""]]"
off,3,0,F,35,4,121.73374928534031,30.433437321335077,[29.334898223169148],[],"[[""to_float"", ""crop"", ""flip""]]"
off,3,0,F,36,4,69.13604773581028,17.28401193395257,[16.461369465105236],[],"[[""to_float"", ""crop"", ""flip""]]"
off,3,0,F,37,4,63.632679637521505,15.908169909380376,[15.182701172307134],[],"[[""to_float"", ""crop"", ""flip""]]"
off,3,0,F,38,4,94.05097411945462,23.512743529863656,[22.77373953256756],[],"[[""to_float"", ""crop"", ""flip""]]"
off,3,0,F,39,4,73.61102011054754,18.402755027636886,[17.632629722356796],[],"[[""to_float"", ""crop"", ""flip""]]"
off,3,1,P,0,4,168.5202307999134,42.13005769997835,"[19.342797459103167, 21.194964996539056]",[],"[[""to_float"", ""crop""], [""flip""]]"
off,3,1,P,1,4,157.50935906544328,39.37733976636082,"[19.399101729504764, 18.430242431350052]",[],"[[""to_float"", ""crop""], [""flip""]]"
off,3,1,P,2,4,177.41715209558606,44.354288023896515,"[23.713102214969695, 18.730614916421473]",[],"[[""to_float"", ""crop""], [""flip""]]"
off,3,1,P,3,4,166.59589624032378,41.648974060080945,"[19.341761246323586, 20.49337641801685]",[],"[[""to_float"", ""crop""], [""flip""]]"
off,3,1,P,4,4,158.41839974746108,39.60459993686527,"[19.342137966305017, 18.676867242902517]",[],"[[""to_float"", ""crop""], [""flip""]]"
off,3,1,P,5,4,176.15775670856237,44.03943917714059,"[21.62373997271061, 20.74231451842934]",[],"[[""to_float"", ""crop""], [""flip""]]"
off,3,1,P,6,4,165.29280599206686,41.323201498016715,"[19.248586962930858, 20.393768791109324]",[],"[[""to_float"", ""crop""], [""flip""]]"
off,3,1,P,7,4,155.22528812289238,38.806322030723095,"[19.281475339084864, 17.90281303692609]",[],"[[""to_float"", ""crop""], [""flip""]]"
off,3,1,P,8,4,176.38244712725282,44.095611781813204,"[18.313465756364167, 24.05656222254038]",[],"[[""to_float"", ""crop""], [""flip""]]"
off,3,1,P,9,4,167.12504625320435,41.781261563301086,"[19.148287014104426, 20.742068300023675]",[],"[[""to_float"", ""crop""], [""flip""]]"
off,3,1,P,10,4,143.38429272174835,35.84607318043709,"[17.749614431522787, 16.603051219135523]",[],"[[""to_float"", ""crop""], [""flip""]]"
off,3,1,P,11,4,171.7288321815431,42.93220804538578,"[14.396287268027663, 27.167141786776483]",[],"[[""to_float"", ""crop""], [""flip""]]"
off,3,1,P,12,4,169.77170296013355,42.44292574003339,"[22.166140843182802, 18.51743401493877]",[],"[[""to_float"", ""crop""], [""flip""]]"
off,3,1,P,13,4,144.4063070230186,36.10157675575465,"[15.661674784496427, 19.058086560107768]",[],"[[""to_float"", ""crop""], [""flip""]]"
off,3,1,P,14,4,177.53713205456734,44.384283013641834,"[15.104848542250693, 27.742620557546616]",[],"[[""to_float"", ""crop""], [""flip""]]"
off,3,1,P,15,4,176.75310280174017,44.18827570043504,"[21.546533098444343, 20.77630441635847]",[],"[[""to_float"", ""crop""], [""flip""]]"
off,3,1,P,16,4,148.53729400783777,37.13432350195944,"[17.44693354703486, 18.155913217924535]",[],"[[""to_float"", ""crop""], [""flip""]]"
off,3,1,P,17,4,148.62001920118928,37.15500480029732,"[14.631157042458653, 21.04594325646758]",[],"[[""to_float"", ""crop""], [""flip""]]"
off,3,1,P,18,4,181.59806821495295,45.399517053738236,"[24.883348727598786, 18.480145721696317]",[],"[[""to_float"", ""crop""], [""flip""]]"
off,3,1,P,19,4,155.33485682681203,38.83371420670301,"[16.764022526331246, 20.56458021979779]",[],"[[""to_float"", ""crop""], [""flip""]]"
off,3,1,P,20,4,246.63745425641537,61.65936356410384,"[35.41232424322516, 23.561463807709515]",[],"[[""to_float"", ""crop""], [""flip""]]"
off,3,1,P,21,4,171.4012511074543,42.850312776863575,"[19.88093857653439, 21.20169543195516]",[],"[[""to_float"", ""crop""], [""flip""]]"
off,3,1,P,22,4,141.97183772921562,35.492959432303905,"[18.591092783026397, 15.262516913935542]",[],"[[""to_float"", ""crop""], [""flip""]]"
off,3,1,P,23,4,417.18950401991606,104.29737600497901,"[80.3411032538861, 18.36679154075682]",[],"[[""to_float"", ""crop""], [""flip""]]"
off,3,1,P,24,4,149.39868682995439,37.349671707488596,"[17.092711525037885, 18.66933424025774]",[],"[[""to_float"", ""crop""], [""flip""]]"
off,3,1,P,25,4,176.98435578495264,44.24608894623816,"[17.638626391999424, 24.853084236383438]",[],"[[""to_float"", ""crop""], [""flip""]]"
off,3,1,P,26,4,166.76044883206487,41.69011220801622,"[18.66420218721032, 21.48402645252645]",[],"[[""to_float"", ""crop""], [""flip""]]"
off,3,1,P,27,4,202.95492326840758,50.738730817101896,"[30.58088175021112, 17.382227699272335]",[],"[[""to_float"", ""crop""], [""flip""]]"
off,3,1,P,28,4,177.3480367846787,44.337009196169674,"[24.10647924989462, 18.42278626281768]",[],"[[""to_float"", ""crop""], [""flip""]]"
off,3,1,P,29,4,151.3110571540892,37.8277642885223,"[17.651689937338233, 18.48118531052023]",[],"[[""to_float"", ""crop""], [""flip""]]"
off,3,1,P,30,4,143.9664917998016,35.9916229499504,"[18.85690027847886, 15.795562183484435]",[],"[[""to_float"", ""crop""], [""flip""]]"
off,3,1,P,31,4,182.03826202079654,45.509565505199134,"[25.277414941228926, 18.430866999551654]",[],"[[""to_float"", ""crop""], [""flip""]]"
off,3,1,P,32,4,182.56204575300217,45.64051143825054,"[23.881713743321598, 19.67408019118011]",[],"[[""to_float"", ""crop""], [""flip""]]"
off,3,1,P,33,4,141.49462059140205,35.37365514785051,"[16.63703878875822, 17.180992173962295]",[],"[[""to_float"", ""crop""], [""flip""]]"
off,3,1,P,34,4,166.27584537491202,41.568961343728006,"[18.0914590600878, 21.96420670952648]",[],"[[""to_float"", ""crop""], [""flip""]]"
off,3,1,P,35,4,204.37955809757113,51.094889524392784,"[30.428312486037612, 18.63687695004046]",[],"[[""to_float"", ""crop""], [""flip""]]"
off,3,1,P,36,4,137.77135126292706,34.442837815731764,"[17.294465680606663, 15.716524329036474]",[],"[[""to_float"", ""crop""], [""flip""]]"
off,3,1,P,37,4,163.79366116598248,40.94841529149562,"[21.13069500774145, 18.105218070559204]",[],"[[""to_float"", ""crop""], [""flip""]]"
off,3,1,P,38,4,154.96781188994646,38.741952972486615,"[16.86034956946969, 20.343253505416214]",[],"[[""to_float"", ""crop""], [""flip""]]"
off,3,1,P,39,4,144.3736650981009,36.093416274525225,"[17.730687744915485, 16.772149479947984]",[],"[[""to_float"", ""crop""], [""flip""]]"
off,3,2,U,0,4,419.4983448833227,104.87458622083068,"[47.316498472355306, 34.3204973032698, 18.371226964518428]",[],"[[""to_float""], [""crop""], [""flip""]]"
off,3,2,U,1,4,387.51073786988854,96.87768446747214,"[36.481150542385876, 38.44944096636027, 17.262134584598243]",[],"[[""to_float""], [""crop""], [""flip""]]"
off,3,2,U,2,4,405.50190582871437,101.37547645717859,"[42.45140100829303, 33.218882977962494, 20.702946349047124]",[],"[[""to_float""], [""crop""], [""flip""]]"
off,3,2,U,3,4,389.8149523884058,97.45373809710145,"[39.45873444899917, 35.84089805372059, 17.44724379386753]",[],"[[""to_float""], [""crop""], [""flip""]]"
off,3,2,U,4,4,393.9924822188914,98.49812055472285,"[40.01296102069318, 33.7767027085647, 19.82752454932779]",[],"[[""to_float""], [""crop""], [""flip""]]"
off,3,2,U,5,4,380.23416325449944,95.05854081362486,"[36.131741711869836, 37.815853487700224, 16.411966062150896]",[],"[[""to_float""], [""crop""], [""flip""]]"
off,3,2,U,6,4,377.1593049168587,94.28982622921467,"[41.240129503421485, 33.28725148458034, 15.239773551002145]",[],"[[""to_float""], [""crop""], [""flip""]]"
off,3,2,U,7,4,409.721442963928,102.430360740982,"[44.38903846312314, 34.740410977974534, 18.388173077255487]",[],"[[""to_float""], [""crop""], [""flip""]]"
off,3,2,U,8,4,383.0268862657249,95.75672156643122,"[34.26862368360162, 39.11695978604257, 17.647434258833528]",[],"[[""to_float""], [""crop""], [""flip""]]"
off,3,2,U,9,4,429.07964158803225,107.26991039700806,"[43.69992401916534, 33.04710006341338, 25.763903744518757]",[],"[[""to_float""], [""crop""], [""flip""]]"
off,3,2,U,10,4,311.6100560873747,77.90251402184367,"[23.261754773557186, 29.946902533993125, 20.94832807779312]",[],"[[""to_float""], [""crop""], [""flip""]]"
off,3,2,U,11,4,349.7973680496216,87.4493420124054,"[25.84317629225552, 36.7746246047318, 20.745285088196397]",[],"[[""to_float""], [""crop""], [""flip""]]"
off,3,2,U,12,4,419.3668868392706,104.84172170981765,"[38.7429908150807, 36.56627901364118, 24.841479491442442]",[],"[[""to_float""], [""crop""], [""flip""]]"
off,3,2,U,13,4,237.42651799693704,59.35662949923426,"[18.019734998233616, 20.334103726781905, 17.811449011787772]",[],"[[""to_float""], [""crop""], [""flip""]]"
off,3,2,U,14,4,360.55922880768776,90.13980720192194,"[29.654688318260014, 37.529284483753145, 18.539820797741413]",[],"[[""to_float""], [""crop""], [""flip""]]"
off,3,2,U,15,4,615.4731893911958,153.86829734779894,"[64.15752100292593, 60.730167431756854, 20.4545424785465]",[],"[[""to_float""], [""crop""], [""flip""]]"
off,3,2,U,16,4,262.97888718545437,65.74472179636359,"[20.14018257614225, 26.447004289366305, 16.205247258767486]",[],"[[""to_float""], [""crop""], [""flip""]]"
off,3,2,U,17,4,373.62564308568835,93.40641077142209,"[39.494734024629, 28.07960147038102, 20.808264263905585]",[],"[[""to_float""], [""crop""], [""flip""]]"
off,3,2,U,18,4,644.2087721079588,161.0521930269897,"[73.27177200932056, 61.5420212270692, 18.934387248009443]",[],"[[""to_float""], [""crop""], [""flip""]]"
off,3,2,U,19,4,315.70569705218077,78.92642426304519,"[23.925571236759424, 34.01575447060168, 17.091026762500405]",[],"[[""to_float""], [""crop""], [""flip""]]"
off,3,2,U,20,4,1066.8209469877183,266.7052367469296,"[120.27813564054668, 100.9833812713623, 23.69932201690972]",[],"[[""to_float""], [""crop""], [""flip""]]"
off,3,2,U,21,4,308.30735387280583,77.07683846820146,"[23.37749651633203, 31.287542544305325, 18.686675000935793]",[],"[[""to_float""], [""crop""], [""flip""]]"
off,3,2,U,22,4,371.70358607545495,92.92589651886374,"[32.87586895748973, 35.363218979910016, 19.868779694661498]",[],"[[""to_float""], [""crop""], [""flip""]]"
off,3,2,U,23,4,2093.0109531618655,523.2527382904664,"[260.3541110875085, 202.6086349505931, 19.163356977514923]",[],"[[""to_float""], [""crop""], [""flip""]]"
off,3,2,U,24,4,288.88727026060224,72.22181756515056,"[19.042971776798368, 29.799362760968506, 20.13369940686971]",[],"[[""to_float""], [""crop""], [""flip""]]"
off,3,2,U,25,4,398.10526883229613,99.52631720807403,"[38.71789271943271, 34.90014327690005, 20.125239505432546]",[],"[[""to_float""], [""crop""], [""flip""]]"
off,3,2,U,26,4,339.97912891209126,84.99478222802281,"[31.180700287222862, 30.873951967805624, 18.85445974767208]",[],"[[""to_float""], [""crop""], [""flip""]]"
off,3,2,U,27,4,744.6938259527087,186.17345648817718,"[88.09805347118527, 70.3145987354219, 17.3543612472713]",[],"[[""to_float""], [""crop""], [""flip""]]"
off,3,2,U,28,4,434.38306637108326,108.59576659277081,"[43.28607872594148, 38.90222101472318, 21.58295304980129]",[],"[[""to_float""], [""crop""], [""flip""]]"
off,3,2,U,29,4,295.04049103707075,73.76012275926769,"[19.701045705005527, 30.85441654548049, 19.657139549963176]",[],"[[""to_float""], [""crop""], [""flip""]]"
off,3,2,U,30,4,454.53760772943497,113.63440193235874,"[46.74118652474135, 42.06600971519947, 18.765710410661995]",[],"[[""to_float""], [""crop""], [""flip""]]"
off,3,2,U,31,4,571.8733458779752,142.9683364694938,"[64.55850647762418, 50.710611743852496, 20.06381144747138]",[],"[[""to_float""], [""crop""], [""flip""]]"
off,3,2,U,32,4,557.8210027888417,139.45525069721043,"[59.39754797145724, 53.71259222738445, 18.13705824315548]",[],"[[""to_float""], [""crop""], [""flip""]]"
off,3,2,U,33,4,319.6097081527114,79.90242703817785,"[29.56053998786956, 31.28147474490106, 15.2422443497926]",[],"[[""to_float""], [""crop""], [""flip""]]"
off,3,2,U,34,4,357.41361789405346,89.35340447351336,"[35.31652269884944, 29.9295304575935, 19.639519276097417]",[],"[[""to_float""], [""crop""], [""flip""]]"
off,3,2,U,35,4,629.8251072876155,157.45627682190388,"[70.99655421916395, 61.771326465532184, 17.888621077872813]",[],"[[""to_float""], [""crop""], [""flip""]]"
off,3,2,U,36,4,282.5706470757723,70.64266176894307,"[18.538960721343756, 32.28361206129193, 16.526888473890722]",[],"[[""to_float""], [""crop""], [""flip""]]"
off,3,2,U,37,4,331.5180540084839,82.87951350212097,"[31.955430167727172, 30.73985001537949, 16.03863574564457]",[],"[[""to_float""], [""crop""], [""flip""]]"
off,3,2,U,38,4,273.88352574780583,68.47088143695146,"[20.500827464275062, 26.015439070761204, 18.50639597978443]",[],"[[""to_float""], [""crop""], [""flip""]]"
off,3,2,U,39,4,316.28483487293124,79.07120871823281,"[29.33229715563357, 30.463235336355865, 15.334493713453412]",[],"[[""to_float""], [""crop""], [""flip""]]"
off,4,0,P,0,4,174.42269111052155,43.60567277763039,"[23.95151392556727, 17.861456028185785]",[],"[[""to_float"", ""crop""], [""flip""]]"
off,4,0,P,1,4,156.99828835204244,39.24957208801061,"[19.29618592839688, 18.351896782405674]",[],"[[""to_float"", ""crop""], [""flip""]]"
off,4,0,P,2,4,139.43700306117535,34.85925076529384,"[17.66722195316106, 15.769006800837815]",[],"[[""to_float"", ""crop""], [""flip""]]"
off,4,0,P,3,4,171.55979806557298,42.889949516393244,"[23.573593934997916, 17.717765760608017]",[],"[[""to_float"", ""crop""], [""flip""]]"
off,4,0,P,4,4,167.58736688643694,41.896841721609235,"[19.512336002662778, 20.71943203918636]",[],"[[""to_float"", ""crop""], [""flip""]]"
off,4,0,P,5,4,155.7970209978521,38.94925524946302,"[19.021786749362946, 18.126801936887205]",[],"[[""to_float"", ""crop""], [""flip""]]"
off,4,0,P,6,4,170.45256309211254,42.613140773028135,"[19.8574629612267, 21.062211249955]",[],"[[""to_float"", ""crop""], [""flip""]]"
off,4,0,P,7,4,163.05196471512318,40.762991178780794,"[19.20705020893365, 19.645737949758768]",[],"[[""to_float"", ""crop""], [""flip""]]"
off,4,0,P,8,4,153.588461689651,38.39711542241275,"[19.356184056960046, 17.258056555874646]",[],"[[""to_float"", ""crop""], [""flip""]]"
off,4,0,P,9,4,174.9938460998237,43.74846152495593,"[16.2632311694324, 25.69410449359566]",[],"[[""to_float"", ""crop""], [""flip""]]"
off,4,0,P,10,4,152.92328875511885,38.23082218877971,"[16.1514364881441, 20.502201979979873]",[],"[[""to_float"", ""crop""], [""flip""]]"
off,4,0,P,11,4,153.13291316851974,38.283228292129934,"[18.015007255598903, 18.787015229463577]",[],"[[""to_float"", ""crop""], [""flip""]]"
off,4,0,P,12,4,168.9783800393343,42.244595009833574,"[18.55917403008789, 21.896178484894335]",[],"[[""to_float"", ""crop""], [""flip""]]"
off,4,0,P,13,4,148.97408010438085,37.24352002609521,"[14.871060266159475, 20.741815445944667]",[],"[[""to_float"", ""crop""], [""flip""]]"
off,4,0,P,14,4,163.92346611246467,40.98086652811617,"[18.836306175217032, 20.40125976782292]",[],"[[""to_float"", ""crop""], [""flip""]]"
off,4,0,P,15,4,186.95766478776932,46.73941619694233,"[22.689210018143058, 22.14026276487857]",[],"[[""to_float"", ""crop""], [""flip""]]"
off,4,0,P,16,4,152.33842469751835,38.08460617437959,"[18.644792027771473, 17.77336443774402]",[],"[[""to_float"", ""crop""], [""flip""]]"
off,4,0,P,17,4,154.39530601724982,38.598826504312456,"[18.964936956763268, 18.023093463853]",[],"[[""to_float"", ""crop""], [""flip""]]"
off,4,0,P,18,4,171.08281003311276,42.77070250827819,"[23.339261300861835, 17.325159744359553]",[],"[[""to_float"", ""crop""], [""flip""]]"
off,4,0,P,19,4,188.4343628771603,47.10859071929008,"[25.071542244404554, 20.191557821817696]",[],"[[""to_float"", ""crop""], [""flip""]]"
off,4,0,P,20,4,233.27840818092227,58.31960204523057,"[38.44459424726665, 17.18339405488223]",[],"[[""to_float"", ""crop""], [""flip""]]"
off,4,0,P,21,4,173.74173505231738,43.435433763079345,"[16.11689617857337, 25.90423682704568]",[],"[[""to_float"", ""crop""], [""flip""]]"
off,4,0,P,22,4,152.70549012348056,38.17637253087014,"[17.439787974581122, 19.170847488567233]",[],"[[""to_float"", ""crop""], [""flip""]]"
off,4,0,P,23,4,379.5659909956157,94.89149774890393,"[68.22715327143669, 23.19669397547841]",[],"[[""to_float"", ""crop""], [""flip""]]"
off,4,0,P,24,4,162.79328102245927,40.69832025561482,"[17.848233692348003, 20.98017605021596]",[],"[[""to_float"", ""crop""], [""flip""]]"
off,4,0,P,25,4,173.39489236474037,43.34872309118509,"[20.68304759450257, 20.84903058130294]",[],"[[""to_float"", ""crop""], [""flip""]]"
off,4,0,P,26,4,154.44459300488234,38.611148251220584,"[16.48469630163163, 20.573452464304864]",[],"[[""to_float"", ""crop""], [""flip""]]"
off,4,0,P,27,4,243.92288038507104,60.98072009626776,"[37.39752224646509, 21.313983015716076]",[],"[[""to_float"", ""crop""], [""flip""]]"
off,4,0,P,28,4,162.23787190392613,40.55946797598153,"[19.131717970594764, 19.465894671157002]",[],"[[""to_float"", ""crop""], [""flip""]]"
off,4,0,P,29,4,178.75499511137605,44.68874877784401,"[15.845885733142495, 27.123174746520817]",[],"[[""to_float"", ""crop""], [""flip""]]"
off,4,0,P,30,4,164.8452477529645,41.211311938241124,"[17.69039302598685, 21.575108054094017]",[],"[[""to_float"", ""crop""], [""flip""]]"
off,4,0,P,31,4,187.11630906909704,46.77907726727426,"[25.32475721091032, 19.476644811220467]",[],"[[""to_float"", ""crop""], [""flip""]]"
off,4,0,P,32,4,196.3826077990234,49.09565194975585,"[24.560458259657025, 22.60127174668014]",[],"[[""to_float"", ""crop""], [""flip""]]"
off,4,0,P,33,4,147.40132121369243,36.85033030342311,"[17.308891285210848, 18.07740901131183]",[],"[[""to_float"", ""crop""], [""flip""]]"
off,4,0,P,34,4,150.80832596868277,37.70208149217069,"[17.097288742661476, 19.070064765401185]",[],"[[""to_float"", ""crop""], [""flip""]]"
off,4,0,P,35,4,211.97856217622757,52.99464054405689,"[31.294930959120393, 19.455532543361187]",[],"[[""to_float"", ""crop""], [""flip""]]"
off,4,0,P,36,4,159.56374909728765,39.890937274321914,"[18.293244298547506, 20.005078054964542]",[],"[[""to_float"", ""crop""], [""flip""]]"
off,4,0,P,37,4,147.64344319701195,36.91086079925299,"[18.164313747547567, 17.180497059598565]",[],"[[""to_float"", ""crop""], [""flip""]]"
off,4,0,P,38,4,166.37747967615724,41.59436991903931,"[15.365886152721941, 24.72792740445584]",[],"[[""to_float"", ""crop""], [""flip""]]"
off,4,0,P,39,4,154.39585084095597,38.59896271023899,"[18.200791673734784, 18.94689747132361]",[],"[[""to_float"", ""crop""], [""flip""]]"
off,4,1,F,0,4,78.91382323578,19.728455808945,[18.854521797038615],[],"[[""to_float"", ""crop"", ""flip""]]"
off,4,1,F,1,4,76.79765205830336,19.19941301457584,[18.39524949900806],[],"[[""to_float"", ""crop"", ""flip""]]"
off,4,1,F,2,4,68.65064380690455,17.16266095172614,[16.431026393547654],[],"[[""to_float"", ""crop"", ""flip""]]"
off,4,1,F,3,4,105.83012783899903,26.45753195974976,[25.64739983063191],[],"[[""to_float"", ""crop"", ""flip""]]"
off,4,1,F,4,4,73.71570309624076,18.42892577406019,[17.668771906755865],[],"[[""to_float"", ""crop"", ""flip""]]"
off,4,1,F,5,4,79.78953467682004,19.94738366920501,[19.19687946792692],[],"[[""to_float"", ""crop"", ""flip""]]"
off,4,1,F,6,4,78.9015619084239,19.725390477105975,[18.957297783344984],[],"[[""to_float"", ""crop"", ""flip""]]"
off,4,1,F,7,4,77.55350926890969,19.388377317227423,[18.60920328181237],[],"[[""to_float"", ""crop"", ""flip""]]"
off,4,1,F,8,4,65.7969182357192,16.4492295589298,[15.769068733789027],[],"[[""to_float"", ""crop"", ""flip""]]"
off,4,1,F,9,4,97.13468002155423,24.283670005388558,[23.328667739406228],[],"[[""to_float"", ""crop"", ""flip""]]"
off,4,1,F,10,4,66.28605397418141,16.571513493545353,[15.729869017377496],[],"[[""to_float"", ""crop"", ""flip""]]"
off,4,1,F,11,4,74.84601391479373,18.711503478698432,[17.869911156594753],[],"[[""to_float"", ""crop"", ""flip""]]"
off,4,1,F,12,4,89.67863721773028,22.41965930443257,[21.485714009031653],[],"[[""to_float"", ""crop"", ""flip""]]"
off,4,1,F,13,4,70.7148490473628,17.6787122618407,[16.920473310165107],[],"[[""to_float"", ""crop"", ""flip""]]"
off,4,1,F,14,4,68.37075902149081,17.092689755372703,[16.327347024343908],[],"[[""to_float"", ""crop"", ""flip""]]"
off,4,1,F,15,4,113.10302186757326,28.275755466893315,[27.242245734669268],[],"[[""to_float"", ""crop"", ""flip""]]"
off,4,1,F,16,4,67.48301116749644,16.87075279187411,[16.12557948101312],[],"[[""to_float"", ""crop"", ""flip""]]"
off,4,1,F,17,4,72.83515715971589,18.208789289928973,[17.470602528192103],[],"[[""to_float"", ""crop"", ""flip""]]"
off,4,1,F,18,4,95.7778268493712,23.9444567123428,[22.933665197342634],[],"[[""to_float"", ""crop"", ""flip""]]"
off,4,1,F,19,4,76.75304915755987,19.188262289389968,[18.44912802334875],[],"[[""to_float"", ""crop"", ""flip""]]"
off,4,1,F,20,4,144.78785917162895,36.19696479290724,[34.062742721289396],[],"[[""to_float"", ""crop"", ""flip""]]"
off,4,1,F,21,4,101.02502489462495,25.256256223656237,[24.332836270332336],[],"[[""to_float"", ""crop"", ""flip""]]"
off,4,1,F,22,4,82.47899310663342,20.619748276658356,[19.607531488873065],[],"[[""to_float"", ""crop"", ""flip""]]"
off,4,1,F,23,4,285.1670440286398,71.29176100715995,[67.35916540492326],[],"[[""to_float"", ""crop"", ""flip""]]"
off,4,1,F,24,4,63.327422831207514,15.831855707801878,[15.039892983622849],[],"[[""to_float"", ""crop"", ""flip""]]"
off,4,1,F,25,4,100.0500782392919,25.012519559822977,[24.116212036460638],[],"[[""to_float"", ""crop"", ""flip""]]"
off,4,1,F,26,4,76.44994603469968,19.11248650867492,[18.354049767367542],[],"[[""to_float"", ""crop"", ""flip""]]"
off,4,1,F,27,4,145.29481204226613,36.32370301056653,[34.8588889464736],[],"[[""to_float"", ""crop"", ""flip""]]"
off,4,1,F,28,4,72.22996698692441,18.057491746731102,[17.075646203011274],[],"[[""to_float"", ""crop"", ""flip""]]"
off,4,1,F,29,4,67.25319428369403,16.813298570923507,[16.050325357355177],[],"[[""to_float"", ""crop"", ""flip""]]"
off,4,1,F,30,4,89.13219906389713,22.283049765974283,[21.454111323691905],[],"[[""to_float"", ""crop"", ""flip""]]"
off,4,1,F,31,4,84.09209083765745,21.023022709414363,[20.069619291462004],[],"[[""to_float"", ""crop"", ""flip""]]"
off,4,1,F,32,4,99.61337083950639,24.903342709876597,[23.89116631820798],[],"[[""to_float"", ""crop"", ""flip""]]"
off,4,1,F,33,4,71.41468208283186,17.853670520707965,[17.14405824895948],[],"[[""to_float"", ""crop"", ""flip""]]"
off,4,1,F,34,4,74.94303118437529,18.73575779609382,[17.930935486219823],[],"[[""to_float"", ""crop"", ""flip""]]"
off,4,1,F,35,4,105.46761704608798,26.366904261521995,[25.292595266364515],[],"[[""to_float"", ""crop"", ""flip""]]"
off,4,1,F,36,4,98.11180690303445,24.527951725758612,[23.70368130505085],[],"[[""to_float"", ""crop"", ""flip""]]"
off,4,1,F,37,4,68.94128676503897,17.235321691259742,[16.524947714060545],[],"[[""to_float"", ""crop"", ""flip""]]"
off,4,1,F,38,4,69.448865018785,17.36221625469625,[16.750046983361244],[],"[[""to_float"", ""crop"", ""flip""]]"
off,4,1,F,39,4,75.52939187735319,18.882347969338298,[18.146525719203055],[],"[[""to_float"", ""crop"", ""flip""]]"
off,4,2,U,0,4,411.10973292961717,102.77743323240429,"[38.40907756239176, 39.564833510667086, 20.13243455439806]",[],"[[""to_float""], [""crop""], [""flip""]]"
off,4,2,U,1,4,427.4933561682701,106.87333904206753,"[40.47192703001201, 34.69481132924557, 26.657809503376484]",[],"[[""to_float""], [""crop""], [""flip""]]"
off,4,2,U,2,4,395.05149284377694,98.76287321094424,"[40.57104652747512, 37.308165919966996, 15.892229741439223]",[],"[[""to_float""], [""crop""], [""flip""]]"
off,4,2,U,3,4,439.059060998261,109.76476524956524,"[47.04191326163709, 36.547524854540825, 21.00907696876675]",[],"[[""to_float""], [""crop""], [""flip""]]"
off,4,2,U,4,4,393.8388880342245,98.45972200855613,"[36.52995033189654, 36.30387014709413, 20.873314701020718]",[],"[[""to_float""], [""crop""], [""flip""]]"
off,4,2,U,5,4,407.94019121676683,101.98504780419171,"[41.14343144465238, 34.396053408272564, 21.626669564284384]",[],"[[""to_float""], [""crop""], [""flip""]]"
off,4,2,U,6,4,415.05805123597383,103.76451280899346,"[40.07668420672417, 38.742781267501414, 20.359219517558813]",[],"[[""to_float""], [""crop""], [""flip""]]"
off,4,2,U,7,4,421.0055610165,105.251390254125,"[41.29969875793904, 36.919689970090985, 21.313650766387582]",[],"[[""to_float""], [""crop""], [""flip""]]"
off,4,2,U,8,4,403.0302497558296,100.7575624389574,"[36.84354398865253, 39.34512450359762, 19.897938473150134]",[],"[[""to_float""], [""crop""], [""flip""]]"
off,4,2,U,9,4,424.85807836055756,106.21451959013939,"[42.952568153850734, 35.17356747761369, 23.046918562613428]",[],"[[""to_float""], [""crop""], [""flip""]]"
off,4,2,U,10,4,275.9691011160612,68.9922752790153,"[21.684392588213086, 24.517478770576417, 19.139367039315403]",[],"[[""to_float""], [""crop""], [""flip""]]"
off,4,2,U,11,4,315.3994809836149,78.84987024590373,"[26.500765816308558, 31.873216503299773, 16.288109472952783]",[],"[[""to_float""], [""crop""], [""flip""]]"
off,4,2,U,12,4,386.0013713128865,96.50034282822162,"[38.53173169773072, 37.79580048285425, 15.71192208211869]",[],"[[""to_float""], [""crop""], [""flip""]]"
off,4,2,U,13,4,269.5561936125159,67.38904840312898,"[25.200463482178748, 17.67721096985042, 21.43523993436247]",[],"[[""to_float""], [""crop""], [""flip""]]"
off,4,2,U,14,4,380.2673830650747,95.06684576626867,"[35.339225200004876, 31.095363665372133, 23.88135332148522]",[],"[[""to_float""], [""crop""], [""flip""]]"
off,4,2,U,15,4,591.3178878836334,147.82947197090834,"[63.17016144748777, 56.81211326736957, 21.071927505545318]",[],"[[""to_float""], [""crop""], [""flip""]]"
off,4,2,U,16,4,278.5447770729661,69.63619426824152,"[21.367979235947132, 26.361119700595737, 18.703086068853736]",[],"[[""to_float""], [""crop""], [""flip""]]"
off,4,2,U,17,4,410.2070261724293,102.55175654310733,"[40.1491355150938, 36.30733350291848, 21.361738326959312]",[],"[[""to_float""], [""crop""], [""flip""]]"
off,4,2,U,18,4,666.7774962261319,166.69437405653298,"[78.62212311010808, 58.14971122890711, 21.457125432789326]",[],"[[""to_float""], [""crop""], [""flip""]]"
off,4,2,U,19,4,323.8048101775348,80.9512025443837,"[22.387666744180024, 34.693624009378254, 19.776979577727616]",[],"[[""to_float""], [""crop""], [""flip""]]"
off,4,2,U,20,4,1083.6492800153792,270.9123200038448,"[119.90693397819996, 102.04738029278815, 26.210330659523606]",[],"[[""to_float""], [""crop""], [""flip""]]"
off,4,2,U,21,4,319.7819250635803,79.94548126589507,"[24.136030464433134, 31.46053769160062, 20.342919044196606]",[],"[[""to_float""], [""crop""], [""flip""]]"
off,4,2,U,22,4,383.4169548936188,95.8542387234047,"[35.36338149569929, 34.360400517471135, 21.239127032458782]",[],"[[""to_float""], [""crop""], [""flip""]]"
off,4,2,U,23,4,2112.02748818323,528.0068720458075,"[268.8077255152166, 195.7921665161848, 20.095118903554976]",[],"[[""to_float""], [""crop""], [""flip""]]"
off,4,2,U,24,4,281.32657520473003,70.33164380118251,"[18.24610447511077, 28.769208816811442, 20.003894227556884]",[],"[[""to_float""], [""crop""], [""flip""]]"
off,4,2,U,25,4,419.20076683163643,104.80019170790911,"[39.76157552096993, 34.960870747454464, 24.700454552657902]",[],"[[""to_float""], [""crop""], [""flip""]]"
off,4,2,U,26,4,342.5778900273144,85.6444725068286,"[28.829193324781954, 32.15165389701724, 20.31271834857762]",[],"[[""to_float""], [""crop""], [""flip""]]"
off,4,2,U,27,4,734.5847147516906,183.64617868792266,"[91.87952650245279, 64.80158376507461, 16.086974064819515]",[],"[[""to_float""], [""crop""], [""flip""]]"
off,4,2,U,28,4,404.187663923949,101.04691598098725,"[42.35173703636974, 32.964523299597204, 20.611013169400394]",[],"[[""to_float""], [""crop""], [""flip""]]"
off,4,2,U,29,4,295.5827037803829,73.89567594509572,"[22.356033325195312, 23.10145669616759, 24.835806689225137]",[],"[[""to_float""], [""crop""], [""flip""]]"
off,4,2,U,30,4,425.69786217063665,106.42446554265916,"[42.565509211272, 40.43157317209989, 15.970653505064547]",[],"[[""to_float""], [""crop""], [""flip""]]"
off,4,2,U,31,4,545.5115027725697,136.3778756931424,"[66.60813931375742, 46.57910706009716, 15.310744172893465]",[],"[[""to_float""], [""crop""], [""flip""]]"
off,4,2,U,32,4,558.8502651080489,139.71256627701223,"[62.184572336263955, 51.5013977419585, 17.548076808452606]",[],"[[""to_float""], [""crop""], [""flip""]]"
off,4,2,U,33,4,366.19615787640214,91.54903946910053,"[35.60703154653311, 29.711380251683295, 21.873726043850183]",[],"[[""to_float""], [""crop""], [""flip""]]"
off,4,2,U,34,4,338.6399741284549,84.65999353211373,"[28.13232783228159, 27.686384273692966, 24.191423202864826]",[],"[[""to_float""], [""crop""], [""flip""]]"
off,4,2,U,35,4,694.9187554419041,173.72968886047602,"[77.83730467781425, 64.76856244262308, 21.79495431482792]",[],"[[""to_float""], [""crop""], [""flip""]]"
off,4,2,U,36,4,281.6794686950743,70.41986717376858,"[21.68430294841528, 27.971702278591692, 17.397952964529395]",[],"[[""to_float""], [""crop""], [""flip""]]"
off,4,2,U,37,4,390.976897906512,97.744224476628,"[38.07293577119708, 33.69464329443872, 21.58051822334528]",[],"[[""to_float""], [""crop""], [""flip""]]"
off,4,2,U,38,4,279.6877915970981,69.92194789927453,"[18.763602012768388, 27.916415478102863, 19.484499003738165]",[],"[[""to_float""], [""crop""], [""flip""]]"
off,4,2,U,39,4,333.26835092157125,83.31708773039281,"[29.292540973983705, 31.910281162708998, 18.035224173218012]",[],"[[""to_float""], [""crop""], [""flip""]]"
on,0,0,U,0,4,401.26425540074706,100.31606385018677,"[40.93148605898023, 37.44111233390868, 17.369544482789934]","[0.43126725000000005, 4.6577165, 0.33291174999999995]","[[""to_float""], [""crop""], [""flip""]]"
on,0,0,U,1,4,449.5106618851423,112.37766547128558,"[46.51910229586065, 39.374414016492665, 21.511400933377445]","[0.43835674999999996, 4.74281975, 0.266057]","[[""to_float""], [""crop""], [""flip""]]"
on,0,0,U,2,4,421.9223456457257,105.48058641143143,"[41.52056749444455, 37.3883587308228, 21.677773213014007]","[0.45896125, 4.66078525, 0.30767124999999995]","[[""to_float""], [""crop""], [""flip""]]"
on,0,0,U,3,4,406.99534211307764,101.74883552826941,"[37.2894499450922, 39.023694465868175, 20.478152786381543]","[0.41135499999999997, 4.85479275, 0.32119575]","[[""to_float""], [""crop""], [""flip""]]"
on,0,0,U,4,4,420.24404276162386,105.06101069040596,"[40.69726541638374, 33.289319719187915, 26.039835764095187]","[0.42726925, 4.632051000000001, 0.30775575]","[[""to_float""], [""crop""], [""flip""]]"
on,0,0,U,5,4,403.8563799113035,100.96409497782588,"[40.90129374526441, 37.86819544620812, 17.507672659121454]","[0.44107874999999996, 4.7389585, 0.3124165]","[[""to_float""], [""crop""], [""flip""]]"
on,0,0,U,6,4,434.0521013364196,108.5130253341049,"[44.784034602344036, 37.63638820964843, 21.497566252946854]","[0.43290925, 4.7131810000000005, 0.302483]","[[""to_float""], [""crop""], [""flip""]]"
on,0,0,U,7,4,418.577385134995,104.64434628374875,"[36.73994168639183, 40.581606328487396, 22.59612502530217]","[0.43644875000000005, 4.777138750000001, 0.30724925000000003]","[[""to_float""], [""crop""], [""flip""]]"
on,0,0,U,8,4,412.1684152632952,103.0421038158238,"[39.6910976851359, 36.02878923993558, 22.293412243016064]","[0.41871175, 4.697775999999999, 0.32376675]","[[""to_float""], [""crop""], [""flip""]]"
on,0,0,U,9,4,429.89820521324873,107.47455130331218,"[43.84558822494, 39.687043987214565, 18.85570725426078]","[0.44940174999999993, 5.13518325, 0.3163125]","[[""to_float""], [""crop""], [""flip""]]"
on,0,0,U,10,4,291.0834369249642,72.77085923124105,"[25.534457294270396, 24.474517558701336, 18.844656995497644]","[0.288466, 4.591462, 0.30109675]","[[""to_float""], [""crop""], [""flip""]]"
on,0,0,U,11,4,326.34761510416865,81.58690377604216,"[27.786828693933785, 28.260656399652362, 21.20981179177761]","[0.35615375000000005, 4.7256655, 0.31415125]","[[""to_float""], [""crop""], [""flip""]]"
on,0,0,U,12,4,393.1320388801396,98.2830097200349,"[38.76568132545799, 38.44075999222696, 16.09227724839002]","[0.4204445, 4.86661925, 0.31854625000000003]","[[""to_float""], [""crop""], [""flip""]]"
on,0,0,U,13,4,262.02881103381515,65.50720275845379,"[21.477535483427346, 19.08093353267759, 21.67371509131044]","[0.214294, 4.39867375, 0.3121595]","[[""to_float""], [""crop""], [""flip""]]"
on,0,0,U,14,4,369.78264013305306,92.44566003326327,"[33.44128280878067, 35.49768798984587, 18.657289911061525]","[0.383789, 4.725073500000001, 0.316584]","[[""to_float""], [""crop""], [""flip""]]"
on,0,0,U,15,4,575.5449421703815,143.8862355425954,"[60.766206472180784, 56.08342541381717, 20.157143706455827]","[0.6747535, 4.8010245, 0.30928825]","[[""to_float""], [""crop""], [""flip""]]"
on,0,0,U,16,4,271.4424920268357,67.86062300670892,"[20.085236174054444, 26.366293197497725, 18.05471326224506]","[0.2551425, 4.519337, 0.3394555]","[[""to_float""], [""crop""], [""flip""]]"
on,0,0,U,17,4,402.6921661570668,100.6730415392667,"[41.60736605990678, 35.74305702932179, 18.687249743379653]","[0.4038115, 4.80429, 0.328301]","[[""to_float""], [""crop""], [""flip""]]"
on,0,0,U,18,4,641.4600689895451,160.36501724738628,"[73.81853659171611, 58.55626903939992, 20.480629988014698]","[0.76996775, 5.09969875, 0.3092325]","[[""to_float""], [""crop""], [""flip""]]"
on,0,0,U,19,4,330.6185626424849,82.65464066062123,"[23.20809371303767, 34.900902304798365, 20.59669082518667]","[0.2902675, 4.654642, 0.30319425]","[[""to_float""], [""crop""], [""flip""]]"
on,0,0,U,20,4,1078.1313399784267,269.5328349946067,"[120.29257079120725, 99.32886972092092, 25.678858160972595]","[2.1696720000000003, 5.1035622499999995, 0.335658]","[[""to_float""], [""crop""], [""flip""]]"
on,0,0,U,21,4,319.1397809423506,79.78494523558766,"[23.674537776969373, 31.462138518691063, 20.95000457484275]","[0.26760625, 4.501286, 0.31076525]","[[""to_float""], [""crop""], [""flip""]]"
on,0,0,U,22,4,386.4267487078905,96.60668717697263,"[37.15286892838776, 32.60275430511683, 22.0875310478732]","[0.398614, 4.758588499999999, 0.3304935]","[[""to_float""], [""crop""], [""flip""]]"
on,0,0,U,23,4,2072.2797829657793,518.0699457414448,"[257.4609771836549, 195.45965804718435, 17.48926076106727]","[10.79956225, 3.4329655, 0.3020795]","[[""to_float""], [""crop""], [""flip""]]"
on,0,0,U,24,4,309.88936591893435,77.47234147973359,"[25.24825558066368, 27.230140985921025, 21.47001528646797]","[0.23403175, 4.4516835, 0.30061175]","[[""to_float""], [""crop""], [""flip""]]"
on,0,0,U,25,4,433.72219894081354,108.43054973520339,"[40.71792843751609, 43.10144146438688, 18.783897976391017]","[0.44202, 4.92538575, 0.32601625]","[[""to_float""], [""crop""], [""flip""]]"
on,0,0,U,26,4,325.8618600666523,81.46546501666307,"[30.130173778161407, 30.247220769524574, 17.07177550997585]","[0.33333775, 5.01929425, 0.33854975]","[[""to_float""], [""crop""], [""flip""]]"
on,0,0,U,27,4,799.8402421362698,199.96006053406745,"[99.86837022006512, 69.97393805067986, 19.78883077390492]","[1.8381735, 5.2164399999999995, 0.303517]","[[""to_float""], [""crop""], [""flip""]]"
on,0,0,U,28,4,384.47476690635085,96.11869172658771,"[35.52333754487336, 29.600398964248598, 26.20363177265972]","[0.405312, 4.66441875, 0.33357775]","[[""to_float""], [""crop""], [""flip""]]"
on,0,0,U,29,4,288.3548438549042,72.08871096372604,"[22.584623540751636, 27.52209745813161, 18.464339431375265]","[0.27355025, 4.51121, 0.32271725]","[[""to_float""], [""crop""], [""flip""]]"
on,0,0,U,30,4,458.6164839565754,114.65412098914385,"[47.66539053525776, 40.21310922689736, 20.816062577068806]","[0.46973575, 4.7361595, 0.30806374999999997]","[[""to_float""], [""crop""], [""flip""]]"
on,0,0,U,31,4,537.1043239720166,134.27608099300414,"[61.12225749529898, 45.27333821170032, 19.83448548708111]","[0.6000179999999999, 4.997815749999999, 0.317391]","[[""to_float""], [""crop""], [""flip""]]"
on,0,0,U,32,4,557.1094220504165,139.27735551260412,"[60.85588422138244, 48.6416284693405, 21.411405294202268]","[0.6204532500000001, 4.73984725, 0.30939474999999994]","[[""to_float""], [""crop""], [""flip""]]"
on,0,0,U,33,4,352.80938586220145,88.20234646555036,"[25.49317805096507, 37.77879476547241, 20.990805234760046]","[0.31456225, 4.547355250000001, 0.32766675]","[[""to_float""], [""crop""], [""flip""]]"
on,0,0,U,34,4,351.86017910018563,87.96504477504641,"[30.63946927431971, 26.701509836129844, 25.204883539117873]","[0.33465025, 4.6831197499999995, 0.34634075]","[[""to_float""], [""crop""], [""flip""]]"
on,0,0,U,35,4,652.6690032333136,163.1672508083284,"[73.07440449949354, 60.35768857691437, 20.458967424929142]","[0.70969525, 4.898696999999999, 0.33831375]","[[""to_float""], [""crop""], [""flip""]]"
on,0,0,U,36,4,286.855174228549,71.71379355713725,"[22.00447942595929, 27.638593805022538, 18.500344245694578]","[0.23118575, 4.43459425, 0.3166895]","[[""to_float""], [""crop""], [""flip""]]"
on,0,0,U,37,4,390.15419175848365,97.53854793962091,"[38.42943022027612, 33.040869515389204, 21.604190696962178]","[0.32669424999999996, 4.5776785, 0.30711025000000003]","[[""to_float""], [""crop""], [""flip""]]"
on,0,0,U,38,4,270.7761209458113,67.69403023645282,"[18.07301095686853, 26.36908378917724, 19.915887503884733]","[0.23965850000000002, 4.536863499999999, 0.32368625]","[[""to_float""], [""crop""], [""flip""]]"
on,0,0,U,39,4,329.62603913620114,82.40650978405029,"[28.83320627734065, 31.62000549491495, 17.87836744915694]","[0.30329825, 4.56291175, 0.32553325]","[[""to_float""], [""crop""], [""flip""]]"
on,0,1,P,0,4,175.32017081975937,43.83004270493984,"[21.089610527269542, 20.886908750981092]","[5.1419992500000005, 0.34708675]","[[""to_float"", ""crop""], [""flip""]]"
on,0,1,P,1,4,170.88611517101526,42.721528792753816,"[19.607031950727105, 21.268403506837785]","[5.1926345000000005, 0.337034]","[[""to_float"", ""crop""], [""flip""]]"
on,0,1,P,2,4,158.51494809612632,39.62873702403158,"[19.645568798296154, 18.08749546762556]","[5.18014725, 0.3294355]","[[""to_float"", ""crop""], [""flip""]]"
on,0,1,P,3,4,183.4762808866799,45.86907022166997,"[24.744790978729725, 19.17470747139305]","[5.23696925, 0.319882]","[[""to_float"", ""crop""], [""flip""]]"
on,0,1,P,4,4,170.75914703309536,42.68978675827384,"[19.63150769006461, 21.287617506459355]","[5.126589, 0.307701]","[[""to_float"", ""crop""], [""flip""]]"
on,0,1,P,5,4,150.22113407030702,37.555283517576754,"[18.826786777935922, 17.16675644274801]","[5.175923, 0.317739]","[[""to_float"", ""crop""], [""flip""]]"
on,0,1,P,6,4,185.429978184402,46.3574945461005,"[25.008507538586855, 19.55587579868734]","[5.0995265000000005, 0.32438725]","[[""to_float"", ""crop""], [""flip""]]"
on,0,1,P,7,4,172.89759684354067,43.22439921088517,"[20.501894177868962, 21.039991755969822]","[5.0639945, 0.259148]","[[""to_float"", ""crop""], [""flip""]]"
on,0,1,P,8,4,147.2555110231042,36.81387775577605,"[18.175905803218484, 17.00772123876959]","[5.06806225, 0.21440399999999998]","[[""to_float"", ""crop""], [""flip""]]"
on,0,1,P,9,4,190.4976279474795,47.62440698686987,"[26.931226486340165, 18.835718161426485]","[4.3320485, 0.308813]","[[""to_float"", ""crop""], [""flip""]]"
on,0,1,P,10,4,160.24150559678674,40.060376399196684,"[17.06685626413673, 21.251823753118515]","[4.7194915, 0.29911375]","[[""to_float"", ""crop""], [""flip""]]"
on,0,1,P,11,4,135.52775932475924,33.88193983118981,"[17.179078771732748, 14.949032105505466]","[4.9188842500000005, 0.20404475000000002]","[[""to_float"", ""crop""], [""flip""]]"
on,0,1,P,12,4,188.5960348881781,47.14900872204453,"[27.170103741809726, 18.031231011264026]","[4.9064505, 0.310176]","[[""to_float"", ""crop""], [""flip""]]"
on,0,1,P,13,4,160.56220093742013,40.14055023435503,"[17.273277509957552, 21.363815758377314]","[4.6117735, 0.321041]","[[""to_float"", ""crop""], [""flip""]]"
on,0,1,P,14,4,135.21395018324256,33.80348754581064,"[17.664808896370232, 14.615001971833408]","[4.94887675, 0.24771975000000002]","[[""to_float"", ""crop""], [""flip""]]"
on,0,1,P,15,4,188.63241374492645,47.15810343623161,"[28.075777925550938, 17.00208045076579]","[5.592931000000001, 0.32279625]","[[""to_float"", ""crop""], [""flip""]]"
on,0,1,P,16,4,151.305234991014,37.8263087477535,"[16.580084688030183, 19.756558816879988]","[5.001152499999999, 0.29562775]","[[""to_float"", ""crop""], [""flip""]]"
on,0,1,P,17,4,135.83075813949108,33.95768953487277,"[16.984413494355977, 15.388669329695404]","[5.091611, 0.32185175000000005]","[[""to_float"", ""crop""], [""flip""]]"
on,0,1,P,18,4,195.77555591240525,48.94388897810131,"[30.051599955186248, 16.798160737380385]","[5.83050175, 0.31120275]","[[""to_float"", ""crop""], [""flip""]]"
on,0,1,P,19,4,148.28621316701174,37.071553291752934,"[17.830293742008507, 17.7849386818707]","[5.00864575, 0.320043]","[[""to_float"", ""crop""], [""flip""]]"
on,0,1,P,20,4,218.23718724772334,54.559296811930835,"[36.6107044974342, 15.367487445473671]","[6.958576250000001, 0.31111449999999996]","[[""to_float"", ""crop""], [""flip""]]"
on,0,1,P,21,4,189.57544490695,47.3938612267375,"[25.4316859645769, 19.707906991243362]","[4.751602, 0.30286925]","[[""to_float"", ""crop""], [""flip""]]"
on,0,1,P,22,4,168.03470719605684,42.00867679901421,"[19.368638517335057, 20.77050623483956]","[5.116726, 0.32333900000000004]","[[""to_float"", ""crop""], [""flip""]]"
on,0,1,P,23,4,365.65172113478184,91.41293028369546,"[69.2616089945659, 18.680526060052216]","[17.19832825, 0.29272375]","[[""to_float"", ""crop""], [""flip""]]"
on,0,1,P,24,4,150.31209122389555,37.57802280597389,"[16.834394307807088, 19.25807597581297]","[4.692311749999999, 0.3042545]","[[""to_float"", ""crop""], [""flip""]]"
on,0,1,P,25,4,158.8202710263431,39.70506775658578,"[15.939419041387737, 21.94810751825571]","[5.2514400000000006, 0.344532]","[[""to_float"", ""crop""], [""flip""]]"
on,0,1,P,26,4,158.31396775320172,39.57849193830043,"[17.44286820758134, 20.36322164349258]","[4.8620565, 0.33929675000000004]","[[""to_float"", ""crop""], [""flip""]]"
on,0,1,P,27,4,210.735484957695,52.68387123942375,"[33.11766893602908, 17.40846992470324]","[5.9849225, 0.32543875]","[[""to_float"", ""crop""], [""flip""]]"
on,0,1,P,28,4,151.54405310750008,37.88601327687502,"[13.987750746309757, 22.18454470857978]","[4.91912025, 0.34325075]","[[""to_float"", ""crop""], [""flip""]]"
on,0,1,P,29,4,152.58189104497433,38.14547276124358,"[18.08868465013802, 18.068754579871893]","[4.727255749999999, 0.32288275]","[[""to_float"", ""crop""], [""flip""]]"
on,0,1,P,30,4,159.35389883816242,39.838474709540606,"[20.417630556039512, 17.738955095410347]","[5.0947165, 0.32373975]","[[""to_float"", ""crop""], [""flip""]]"
on,0,1,P,31,4,173.22172177955508,43.30543044488877,"[17.64850504696369, 23.83090218063444]","[5.79901975, 0.336218]","[[""to_float"", ""crop""], [""flip""]]"
on,0,1,P,32,4,175.3828153014183,43.845703825354576,"[23.334127035923302, 18.017813563346863]","[5.259587, 0.301935]","[[""to_float"", ""crop""], [""flip""]]"
on,0,1,P,33,4,148.17680418491364,37.04420104622841,"[17.610013019293547, 17.930410453118384]","[4.75408675, 0.29693775]","[[""to_float"", ""crop""], [""flip""]]"
on,0,1,P,34,4,133.62343097105622,33.405857742764056,"[14.899736968800426, 17.114900751039386]","[5.36433875, 0.3351835]","[[""to_float"", ""crop""], [""flip""]]"
on,0,1,P,35,4,213.62048014998436,53.40512003749609,"[33.03848148789257, 18.48778931889683]","[5.4845120000000005, 0.31247525]","[[""to_float"", ""crop""], [""flip""]]"
on,0,1,P,36,4,155.83358937874436,38.95839734468609,"[17.914633499458432, 19.696400151588023]","[4.7776165, 0.33352425]","[[""to_float"", ""crop""], [""flip""]]"
on,0,1,P,37,4,155.42115410789847,38.85528852697462,"[15.040667494758964, 22.219613543711603]","[4.9526295, 0.34503375000000003]","[[""to_float"", ""crop""], [""flip""]]"
on,0,1,P,38,4,149.42362904548645,37.35590726137161,"[15.901531791314483, 19.93563282303512]","[4.726868, 0.35905]","[[""to_float"", ""crop""], [""flip""]]"
on,0,1,P,39,4,160.27052840217948,40.06763210054487,"[18.349351012147963, 20.10666043497622]","[4.893917, 0.30328299999999997]","[[""to_float"", ""crop""], [""flip""]]"
on,0,2,F,0,4,68.28130688518286,17.070326721295714,[16.154810087755322],[5.788680500000001],"[[""to_float"", ""crop"", ""flip""]]"
on,0,2,F,1,4,72.93884782120585,18.234711955301464,[17.369467532262206],[5.35882075],"[[""to_float"", ""crop"", ""flip""]]"
on,0,2,F,2,4,95.631361939013,23.90784048475325,[23.097052820958197],[5.3693825],"[[""to_float"", ""crop"", ""flip""]]"
on,0,2,F,3,4,78.45915714278817,19.614789285697043,[18.923911498859525],[5.38343175],"[[""to_float"", ""crop"", ""flip""]]"
on,0,2,F,4,4,79.12791520357132,19.78197880089283,[19.063348532654345],[5.35868925],"[[""to_float"", ""crop"", ""flip""]]"
on,0,2,F,5,4,79.38655279576778,19.846638198941946,[19.12314782384783],[5.3006934999999995],"[[""to_float"", ""crop"", ""flip""]]"
on,0,2,F,6,4,71.86582125723362,17.966455314308405,[17.167367041110992],[5.890875749999999],"[[""to_float"", ""crop"", ""flip""]]"
on,0,2,F,7,4,66.90450804308057,16.726127010770142,[15.96230419818312],[5.268155750000001],"[[""to_float"", ""crop"", ""flip""]]"
on,0,2,F,8,4,98.81047671660781,24.702619179151952,[23.87216966599226],[5.3463875000000005],"[[""to_float"", ""crop"", ""flip""]]"
on,0,2,F,9,4,77.2671033628285,19.316775840707123,[18.452058196999133],[5.363118],"[[""to_float"", ""crop"", ""flip""]]"
on,0,2,F,10,4,72.06470286473632,18.01617571618408,[17.160871997475624],[4.966314000000001],"[[""to_float"", ""crop"", ""flip""]]"
on,0,2,F,11,4,75.9243848733604,18.9810962183401,[18.25342676602304],[5.15614725],"[[""to_float"", ""crop"", ""flip""]]"
on,0,2,F,12,4,86.33061032742262,21.582652581855655,[20.756134763360023],[5.742147750000001],"[[""to_float"", ""crop"", ""flip""]]"
on,0,2,F,13,4,60.35431893542409,15.088579733856022,[14.326591743156314],[4.8126264999999995],"[[""to_float"", ""crop"", ""flip""]]"
on,0,2,F,14,4,101.68264899402857,25.420662248507142,[24.62151471991092],[5.361965500000001],"[[""to_float"", ""crop"", ""flip""]]"
on,0,2,F,15,4,97.31620410457253,24.329051026143134,[23.36210396606475],[5.684977],"[[""to_float"", ""crop"", ""flip""]]"
on,0,2,F,16,4,68.59203986823559,17.148009967058897,[16.476283315569162],[4.85980625],"[[""to_float"", ""crop"", ""flip""]]"
on,0,2,F,17,4,70.69934019818902,17.674835049547255,[16.925575211644173],[5.2567595],"[[""to_float"", ""crop"", ""flip""]]"
on,0,2,F,18,4,95.45832080766559,23.864580201916397,[22.855003247968853],[6.046085750000001],"[[""to_float"", ""crop"", ""flip""]]"
on,0,2,F,19,4,69.02151834219694,17.255379585549235,[16.51911751832813],[5.1330635],"[[""to_float"", ""crop"", ""flip""]]"
on,0,2,F,20,4,174.42642198875546,43.606605497188866,[42.070195311680436],[7.197261750000001],"[[""to_float"", ""crop"", ""flip""]]"
on,0,2,F,21,4,80.31151397153735,20.077878492884338,[19.17872275225818],[4.967385999999999],"[[""to_float"", ""crop"", ""flip""]]"
on,0,2,F,22,4,77.87521881982684,19.46880470495671,[18.535329261794686],[5.32050575],"[[""to_float"", ""crop"", ""flip""]]"
on,0,2,F,23,4,288.2881658151746,72.07204145379364,[69.56121628172696],[17.321471000000006],"[[""to_float"", ""crop"", ""flip""]]"
on,0,2,F,24,4,73.7774851731956,18.4443712932989,[17.5668450538069],[4.89607475],"[[""to_float"", ""crop"", ""flip""]]"
on,0,2,F,25,4,78.65117629989982,19.662794074974954,[18.726257025264204],[5.41997925],"[[""to_float"", ""crop"", ""flip""]]"
on,0,2,F,26,4,73.75428872182965,18.438572180457413,[17.65747752506286],[5.041336],"[[""to_float"", ""crop"", ""flip""]]"
on,0,2,F,27,4,129.93882410228252,32.48470602557063,[31.264652498066425],[6.2370715],"[[""to_float"", ""crop"", ""flip""]]"
on,0,2,F,28,4,88.10219680890441,22.025549202226102,[21.027330309152603],[5.3019115],"[[""to_float"", ""crop"", ""flip""]]"
on,0,2,F,29,4,77.03766133636236,19.25941533409059,[18.47017917316407],[5.184733499999999],"[[""to_float"", ""crop"", ""flip""]]"
on,0,2,F,30,4,78.00993975251913,19.502484938129783,[18.621258670464158],[5.288088000000001],"[[""to_float"", ""crop"", ""flip""]]"
on,0,2,F,31,4,89.86264560371637,22.465661400929093,[21.369428257457912],[5.8375815],"[[""to_float"", ""crop"", ""flip""]]"
on,0,2,F,32,4,86.60986181348562,21.652465453371406,[20.510898088105023],[5.598999750000001],"[[""to_float"", ""crop"", ""flip""]]"
on,0,2,F,33,4,88.37047778069973,22.092619445174932,[21.22798073105514],[5.17643],"[[""to_float"", ""crop"", ""flip""]]"
on,0,2,F,34,4,68.95912298932672,17.23978074733168,[16.36781671550125],[5.29898275],"[[""to_float"", ""crop"", ""flip""]]"
on,0,2,F,35,4,125.16294186934829,31.290735467337072,[29.97455047443509],[5.732954749999999],"[[""to_float"", ""crop"", ""flip""]]"
on,0,2,F,36,4,75.01568924635649,18.753922311589122,[17.86250644363463],[4.9059859999999995],"[[""to_float"", ""crop"", ""flip""]]"
on,0,2,F,37,4,70.18057908862829,17.545144772157073,[16.72633399721235],[5.353912249999999],"[[""to_float"", ""crop"", ""flip""]]"
on,0,2,F,38,4,60.269920155406,15.0674800388515,[14.323952724225819],[4.8430919999999995],"[[""to_float"", ""crop"", ""flip""]]"
on,0,2,F,39,4,99.6159790083766,24.90399475209415,[24.0145071875304],[5.344789],"[[""to_float"", ""crop"", ""flip""]]"
