config,level,round,order_index,batch_id,source_records,elapsed_ms_per_batch,compute_sum_ms_per_batch,cpu_sum_ms_per_batch,other_overhead_ms_per_batch,elapsed_ms_per_record,compute_sum_ms_per_record,other_overhead_ms_per_record,compute_A_ms_per_batch,compute_A_ms_per_record,cpu_A_ms_per_batch,compute_B_ms_per_batch,compute_B_ms_per_record,cpu_B_ms_per_batch,compute_C_ms_per_batch,compute_C_ms_per_record,cpu_C_ms_per_batch
U,1,1,0,0,4,284.722837,26.185008000000003,26.206809,258.53782900000004,71.18070925,6.546252000000001,64.63445725000001,6.115558999999999,1.5288897499999998,6.122315,10.795748,2.698937,10.803916,9.273701,2.31842525,9.280578
U,1,1,0,1,4,298.118284,22.195343,22.223016,275.92294100000004,74.529571,5.54883575,68.98073525000001,5.889806,1.4724515,5.897204,7.612311999999999,1.9030779999999998,7.620661999999999,8.693225,2.17330625,8.70515
U,1,1,0,2,4,233.969563,18.444952,18.475237,215.524611,58.49239075,4.611238,53.88115275,6.200546999999999,1.5501367499999998,6.210679,6.135304999999999,1.5338262499999997,6.1455210000000005,6.1091,1.527275,6.1190370000000005
U,1,1,0,3,4,129.638196,18.324548,18.356184999999996,111.313648,32.409549,4.581137,27.828412,6.141267,1.53531675,6.151794,6.050113,1.51252825,6.0603359999999995,6.133168,1.533292,6.144055
U,1,1,0,4,4,291.017539,35.367070999999996,35.568345,255.650468,72.75438475,8.841767749999999,63.912617,14.050466,3.5126165,14.235119000000001,11.105072,2.776268,11.113539,10.211533,2.55288325,10.219687
U,1,1,0,5,4,280.520666,19.726501999999996,19.963873,260.794164,70.1301665,4.931625499999999,65.198541,6.141998,1.5354995,6.35872,7.414175999999999,1.8535439999999999,7.424099,6.170328,1.542582,6.1810540000000005
U,1,1,0,6,4,139.801907,25.547812999999998,25.575061,114.25409400000001,34.95047675,6.3869532499999995,28.563523500000002,13.245728,3.311432,13.250909,6.146148,1.536537,6.157285,6.155937,1.53898425,6.166867
U,1,1,0,7,4,223.768792,21.863777,22.1102,201.905015,55.942198,5.46594425,50.47625375,9.449724,2.362431,9.460481999999999,6.164894,1.5412235,6.38912,6.249159,1.56228975,6.260598
U,1,1,0,8,4,269.99791,32.987066999999996,33.111645,237.010843,67.4994775,8.246766749999999,59.25271075,6.098541000000001,1.5246352500000002,6.107985,13.824812999999999,3.4562032499999997,13.806271,13.063713,3.26592825,13.197389000000001
U,1,1,0,9,4,218.655502,23.416826,23.448753,195.238676,54.6638755,5.8542065,48.809669,6.222196,1.555549,6.231887,6.231123,1.55778075,6.242908,10.963507,2.74087675,10.973958
U,1,1,0,10,4,129.896469,25.388271,25.420163,104.508198,32.47411725,6.34706775,26.1270495,8.756917999999999,2.1892294999999997,8.767259,6.162577000000001,1.5406442500000002,6.173278,10.468776,2.617194,10.479626
U,1,1,0,11,4,128.570652,26.14833,26.217893,102.422322,32.142663,6.5370825,25.6055805,13.785945,3.44648625,13.821969,6.191419,1.54785475,6.214434000000001,6.170966,1.5427415,6.18149
U,1,1,0,12,4,125.021827,22.773494999999997,22.839154999999998,102.248332,31.25545675,5.693373749999999,25.562083,6.263845,1.56596125,6.274281,6.05183,1.5129575,6.063102,10.45782,2.614455,10.501771999999999
U,1,1,0,13,4,126.931813,18.893569,18.950788,108.038244,31.73295325,4.72339225,27.009561,6.325468000000001,1.5813670000000002,6.359925,6.127703,1.53192575,6.139082,6.440398,1.6100995,6.451781
U,1,1,0,14,4,129.037479,25.800953999999997,25.876072999999998,103.236525,32.25936975,6.450238499999999,25.80913125,6.402367,1.60059175,6.469439,13.227409999999999,3.3068524999999998,13.224440999999999,6.171177,1.54279425,6.182193
U,1,1,0,15,4,130.729238,25.528190000000002,25.587924,105.20104800000001,32.6823095,6.3820475000000005,26.300262000000004,6.166131,1.54153275,6.176679999999999,13.221337000000002,3.3053342500000005,13.259809,6.140722,1.5351805,6.151434999999999
U,1,1,0,16,4,136.119825,25.795415,25.813971000000002,110.32441,34.02995625,6.44885375,27.5811025,9.105297,2.27632425,9.115462,6.094862,1.5237155,6.105594,10.595256,2.648814,10.592915
U,1,1,0,17,4,137.556844,29.192632999999997,29.304935,108.36421100000001,34.389211,7.298158249999999,27.091052750000003,8.782299,2.19557475,8.862619,13.303512999999999,3.3258782499999997,13.315006,7.106821,1.77670525,7.12731
U,1,1,0,18,4,141.565914,28.450735,28.514073999999997,113.11517899999998,35.3914785,7.11268375,28.278794749999996,9.127807,2.28195175,9.138491,13.173173,3.29329325,13.216123,6.149755,1.53743875,6.159459999999999
U,1,1,0,19,4,137.964065,31.883257,31.941771999999997,106.080808,34.49101625,7.97081425,26.520202,9.166117,2.29152925,9.176821,6.37649,1.5941225,6.413497,16.34065,4.0851625,16.351453999999997
U,1,1,0,20,4,126.004733,21.324087,21.363359,104.680646,31.50118325,5.33102175,26.1701615,6.164046999999999,1.5410117499999998,6.175674,6.0914980000000005,1.5228745000000001,6.109006,9.068542,2.2671355,9.078679
U,1,1,0,21,4,130.152979,22.926524999999998,22.957571,107.22645399999999,32.53824475,5.7316312499999995,26.806613499999997,9.305641999999999,2.3264104999999997,9.318677000000001,7.582765,1.89569125,7.5937019999999995,6.038117999999999,1.5095294999999997,6.045192
U,1,1,0,22,4,122.751204,20.166038999999998,20.189068,102.585165,30.687801,5.0415097499999995,25.64629125,8.556834,2.1392085,8.56393,7.061405,1.76535125,7.069452,4.5478000000000005,1.1369500000000001,4.555686000000001
U,1,1,0,23,4,126.31534,26.739953999999997,26.753963,99.57538600000001,31.578835,6.684988499999999,24.893846500000002,10.666465,2.66661625,10.674339,10.933057999999999,2.7332644999999998,10.942311,5.140431,1.28510775,5.137313
U,1,1,0,24,4,118.274416,16.728261,16.798724,101.546155,29.568604,4.18206525,25.38653875,7.312518,1.8281295,7.318720000000001,4.573207,1.14330175,4.629765000000001,4.842536,1.210634,4.850239
U,1,1,0,25,4,121.239489,18.515058,18.541511,102.72443100000001,30.30987225,4.6287645,25.681107750000002,5.078785,1.26969625,5.086224,5.14883,1.2872075,5.160284,8.287443,2.07186075,8.295003
U,1,1,0,26,4,113.717629,14.478589,14.572878,99.23904,28.42940725,3.61964725,24.80976,4.8263739999999995,1.2065934999999999,4.83183,4.580179,1.14504475,4.586463,5.072036,1.268009,5.154585
U,1,1,0,27,4,117.154591,16.699722,16.716759999999997,100.454869,29.28864775,4.1749305,25.11371725,7.779615,1.94490375,7.784568999999999,4.351977000000001,1.0879942500000002,4.35827,4.56813,1.1420325,4.5739209999999995
U,1,1,0,28,4,117.768069,18.943119,18.96134,98.82495,29.44201725,4.73577975,24.7062375,6.5064150000000005,1.6266037500000001,6.512236999999999,4.391329,1.09783225,4.397387,8.045375,2.01134375,8.051715999999999
U,1,1,0,29,4,115.544941,14.895346,14.983225000000001,100.64959499999999,28.88623525,3.7238365,25.162398749999998,4.587155,1.14678875,4.631084,4.573777000000001,1.1434442500000002,4.57957,5.734414,1.4336035,5.772570999999999
U,1,1,0,30,4,123.173556,19.886895,19.927494,103.28666100000001,30.793389,4.97172375,25.821665250000002,9.854475,2.46361875,9.86205,4.903612,1.225903,4.909673,5.128807999999999,1.2822019999999998,5.1557710000000005
U,1,1,0,31,4,142.730756,19.528555,19.805960000000002,123.20220100000002,35.682689,4.88213875,30.800550250000004,5.3230699999999995,1.3307674999999999,5.5895340000000004,4.536273,1.13406825,4.541609,9.669212000000002,2.4173030000000004,9.674817000000001
U,1,1,0,32,4,202.436969,19.365240999999997,19.408775,183.071728,50.60924225,4.841310249999999,45.767932,4.57235,1.1430875,4.578727,7.039823999999999,1.7599559999999999,7.046946,7.753067,1.93826675,7.783102
U,1,1,0,33,4,185.641232,16.544169,16.602038,169.097063,46.410308,4.13604225,42.27426575,4.972623,1.24315575,4.988937999999999,5.199428000000001,1.2998570000000003,5.229804000000001,6.372118,1.5930295,6.3832960000000005
U,1,1,0,34,4,194.450991,18.203297,19.904494,176.247694,48.61274775,4.55082425,44.0619235,5.41989,1.3549725,5.425193999999999,8.675203,2.16880075,10.050523,4.108204000000001,1.0270510000000002,4.428777
U,1,1,0,35,4,206.980024,26.597699,26.705261,180.38232499999998,51.745006,6.64942475,45.095581249999995,4.530812,1.132703,4.538786,6.1426609999999995,1.5356652499999999,6.178126,15.924226,3.9810565,15.988349
U,1,1,0,36,4,222.431093,29.511237,30.520463999999997,192.919856,55.60777325,7.37780925,48.229964,6.190939,1.54773475,7.170738,12.366417000000002,3.0916042500000005,12.376149999999999,10.953880999999999,2.7384702499999998,10.973576
U,1,1,0,37,4,223.410298,29.84107,29.877429,193.569228,55.8525745,7.4602675,48.392307,6.211238,1.5528095,6.2212570000000005,9.490834999999999,2.3727087499999997,9.501349,14.138997,3.53474925,14.154823
U,1,1,0,38,4,130.62052,21.14831,21.181107,109.47221,32.65513,5.2870775,27.3680525,6.144589999999999,1.5361474999999998,6.1560310000000005,8.93505,2.2337625,8.945896,6.06867,1.5171675,6.07918
U,1,1,0,39,4,140.689326,34.941973000000004,34.97574899999999,105.74735299999999,35.1723315,8.735493250000001,26.436838249999997,6.142562,1.5356405,6.154253000000001,12.12644,3.03161,12.136510999999999,16.672971,4.16824275,16.684984999999998
U,1,1,0,40,4,140.501811,35.3006,35.379448999999994,105.201211,35.12545275,8.82515,26.30030275,12.981429,3.24535725,13.038142,6.1702960000000004,1.5425740000000001,6.181982,16.148875,4.03721875,16.159325
U,1,1,0,41,4,126.595951,21.373333000000002,21.405952,105.222618,31.64898775,5.343333250000001,26.3056545,6.131813999999999,1.5329534999999999,6.142669,6.1646220000000005,1.5411555000000001,6.175191,9.076897,2.26922425,9.088092
U,1,1,0,42,4,139.121914,32.625966,32.787554,106.495948,34.7804785,8.1564915,26.623987,6.212332,1.553083,6.222206999999999,6.124741,1.53118525,6.155476999999999,20.288892999999998,5.0722232499999995,20.40987
U,1,1,0,43,4,136.530272,31.719758999999996,31.749367999999997,104.810513,34.132568,7.929939749999999,26.20262825,10.898644,2.724661,10.974078,6.210827,1.55270675,6.2205449999999995,14.610287999999999,3.6525719999999997,14.554744999999999
U,1,1,0,44,4,131.362424,26.140271,26.703865,105.222153,32.840606,6.53506775,26.30553825,6.109367,1.52734175,6.1207650000000005,6.56679,1.6416975,6.578503,13.464114,3.3660285,14.004597
U,1,1,0,45,4,126.106766,21.292322,21.324619,104.814444,31.5266915,5.3230805,26.203611,6.097272,1.524318,6.108043,9.060004,2.265001,9.070667,6.135046,1.5337615,6.145909
U,1,1,0,46,4,120.682669,18.444493,18.479772,102.23817600000001,30.17066725,4.61112325,25.559544000000002,6.160761,1.54019025,6.173427,6.154723000000001,1.5386807500000002,6.165559,6.129009,1.53225225,6.140786
U,1,1,0,47,4,118.455799,18.287997,18.416935,100.167802,29.61394975,4.57199925,25.0419505,6.145188999999999,1.5362972499999998,6.156687,6.088153,1.52203825,6.194333,6.0546549999999995,1.5136637499999999,6.0659149999999995
U,1,1,0,48,4,137.147333,29.275069000000002,29.502355,107.872264,34.28683325,7.3187672500000005,26.968066,6.050476,1.512619,6.060682,6.0906329999999995,1.5226582499999999,6.127131,17.133960000000002,4.2834900000000005,17.314542
U,1,1,0,49,4,146.655014,19.652208,19.706089,127.00280599999999,36.6637535,4.913052,31.750701499999998,6.130321,1.53258025,6.140762,6.1641259999999996,1.5410314999999999,6.197311999999999,7.357761,1.83944025,7.368015
U,1,1,0,50,4,170.103177,21.146176,21.178645,148.957001,42.52579425,5.286544,37.23925025,6.093044,1.523261,6.104825,8.927997000000001,2.2319992500000003,8.939416999999999,6.125135,1.53128375,6.134403000000001
U,1,1,0,51,4,188.425302,34.975328000000005,35.764974,153.449974,47.1063255,8.743832000000001,38.3624935,12.329891,3.08247275,12.559873999999999,6.462855,1.61571375,6.487667999999999,16.182582,4.0456455,16.717432000000002
U,1,1,0,52,4,184.284481,25.782486,25.813229000000003,158.501995,46.07112025,6.4456215,39.62549875,6.274824,1.568706,6.285588000000001,10.546237000000001,2.6365592500000004,10.556674000000001,8.961425,2.24035625,8.970967000000002
U,1,1,0,53,4,176.548812,22.899697,22.955638,153.649115,44.137203,5.72492425,38.41227875,9.286341,2.32158525,9.297134999999999,7.456804,1.864201,7.469267,6.1565520000000005,1.5391380000000001,6.189236000000001
U,1,1,0,54,4,175.548772,21.355376999999997,21.388413999999997,154.193395,43.887193,5.338844249999999,38.54834875,9.132952,2.283238,9.144309999999999,6.15283,1.5382075,6.1631920000000004,6.069595,1.51739875,6.080912
U,1,1,0,55,4,176.081306,26.106496,26.172769,149.97481000000002,44.0203265,6.526624,37.493702500000005,13.902407,3.47560175,13.948029,6.13195,1.5329875,6.142309999999999,6.072139,1.51803475,6.08243
U,1,1,0,56,4,169.355159,25.541152,25.645494000000003,143.81400699999998,42.33878975,6.385288,35.953501749999994,13.303001,3.32575025,13.347978000000001,6.143841,1.53596025,6.19271,6.09431,1.5235775,6.104806
U,1,1,0,57,4,119.918794,18.66079,18.723214,101.258004,29.9796985,4.6651975,25.314501,6.201976999999999,1.5504942499999999,6.244285,6.324301,1.58107525,6.3343240000000005,6.134511999999999,1.5336279999999998,6.1446049999999985
U,1,1,0,58,4,120.816494,18.742309,18.796529,102.074185,30.2041235,4.68557725,25.51854625,6.254294,1.5635735,6.265538,6.16683,1.5417075,6.1983749999999995,6.321185,1.58029625,6.332616
U,1,1,0,59,4,202.959038,25.848537,25.986308,177.110501,50.7397595,6.46213425,44.27762525,6.375176999999999,1.5937942499999997,6.435539,6.334016999999999,1.5835042499999998,6.363996,13.139343,3.28483575,13.186773
U,1,1,0,60,4,218.221925,18.495528,18.528696,199.726397,54.55548125,4.623882,49.93159925,6.176645000000001,1.5441612500000002,6.1882660000000005,6.184663,1.54616575,6.195969,6.13422,1.533555,6.144461
U,1,1,0,61,4,232.153653,33.547077,33.580657,198.606576,58.03841325,8.38676925,49.651644,13.602731,3.40068275,13.615025000000001,6.294489,1.57362225,6.306139999999999,13.649857,3.41246425,13.659492
U,1,1,0,62,4,201.407706,28.419387,28.508524,172.988319,50.3519265,7.10484675,43.24707975,7.966719,1.99167975,7.976507,8.025821,2.00645525,8.036216,12.426847,3.10671175,12.495800999999998
U,1,1,0,63,4,202.366663,25.367452,25.40112,176.999211,50.59166575,6.341863,44.24980275,6.308417,1.57710425,6.320139,7.827809,1.95695225,7.838052,11.231226,2.8078065,11.242929
U,1,1,0,64,4,208.95788,23.500697000000002,23.843017000000003,185.457183,52.23947,5.875174250000001,46.36429575,7.759776,1.939944,7.771940000000001,7.720728,1.930182,8.029022000000001,8.020193,2.00504825,8.042055000000001
U,1,1,0,65,4,131.631715,23.675915,23.705567999999996,107.95580000000001,32.90792875,5.91897875,26.988950000000003,7.8997779999999995,1.9749444999999999,7.910469999999999,7.829293000000001,1.9573232500000002,7.837377999999999,7.946843999999999,1.9867109999999997,7.957719999999999
U,1,1,0,66,4,141.80879,33.710941,33.926884,108.097849,35.4521975,8.42773525,27.02446225,17.184379,4.29609475,17.365371999999997,7.87697,1.9692425,7.887702,8.649592,2.162398,8.67381
U,1,1,0,67,4,135.377723,29.165978,29.745293,106.21174500000001,33.84443075,7.2914945,26.552936250000002,7.860156,1.965039,7.869260000000001,7.679800999999999,1.9199502499999999,7.714498,13.626021,3.40650525,14.161535
U,1,1,0,68,4,154.030839,43.819233,43.834537999999995,110.21160599999999,38.50770975,10.95480825,27.552901499999997,13.31151,3.3278775,13.323656,13.114834,3.2787085,13.109653999999999,17.392889,4.34822225,17.401228
U,1,1,0,69,4,151.662199,38.501593,38.532846,113.16060599999999,37.91554975,9.62539825,28.290151499999997,17.461196,4.365299,17.471731,14.923684,3.730921,14.933102,6.116713000000001,1.5291782500000002,6.128013
U,1,1,0,70,4,137.328616,28.210334,28.241247,109.11828200000001,34.332154,7.0525835,27.279570500000002,13.599503,3.39987575,13.608706,8.534396000000001,2.1335990000000002,8.544920999999999,6.076435,1.51910875,6.087620000000001
U,1,1,0,71,4,127.769893,21.901443,22.394205,105.86845,31.94247325,5.47536075,26.4671125,9.699917,2.42497925,9.773881000000001,6.130673,1.53266825,6.538806,6.070853,1.51771325,6.081518
U,1,1,0,72,4,129.848857,22.490644,22.604993,107.358213,32.46221425,5.622661,26.83955325,6.359541,1.58988525,6.370134999999999,6.131606,1.5329015,6.142548999999999,9.999497,2.49987425,10.092309
U,1,1,0,73,4,135.508139,29.941866,30.024845,105.566273,33.87703475,7.4854665,26.39156825,7.986795000000001,1.9966987500000002,7.997371,7.829892000000001,1.9574730000000002,7.869286,14.125179,3.53129475,14.158187999999999
U,1,1,0,74,4,133.115541,28.498548999999997,29.522631999999998,104.61699200000001,33.27888525,7.124637249999999,26.154248000000003,6.211645,1.55291125,7.1978610000000005,6.130417,1.53260425,6.141045999999999,16.156487,4.03912175,16.183725
U,1,1,0,75,4,133.794459,28.6595,29.228004,105.13495899999998,33.44861475,7.164875,26.283739749999995,6.113266,1.5283165,6.123716,8.755345,2.18883625,8.765395000000002,13.790889,3.44772225,14.338892999999999
U,1,1,0,76,4,132.762992,23.26995,23.337594000000003,109.493042,33.190748,5.8174875,27.3732605,7.7197130000000005,1.9299282500000001,7.754851,7.840332,1.960083,7.850323,7.709904999999999,1.9274762499999998,7.73242
U,1,1,0,77,4,186.628115,32.68254,32.741168,153.94557500000002,46.65702875,8.170635,38.486393750000005,7.743718000000001,1.9359295000000003,7.7526019999999995,17.261703,4.31542575,17.28844,7.677118999999999,1.9192797499999998,7.700126
U,1,1,0,78,4,202.929481,32.18821,32.26224500000001,170.741271,50.73237025,8.0470525,42.68531775,7.666123000000001,1.9165307500000002,7.718740000000001,7.7112739999999995,1.9278184999999999,7.722071,16.810813,4.20270325,16.821434000000004
U,1,1,0,79,4,173.712622,31.253067,31.540258,142.45955500000002,43.4281555,7.81326675,35.614888750000006,16.658873,4.16471825,16.711438,6.822329,1.70558225,6.987499,7.771865,1.94296625,7.841321000000001
U,1,1,0,80,4,181.005068,31.597906000000002,31.799177,149.407162,45.251267,7.8994765000000005,37.3517905,17.535384,4.383846,17.695446,8.00037,2.0000925,8.030756,6.062152,1.515538,6.0729750000000005
U,1,1,0,81,4,180.370486,25.733211,25.763731999999997,154.637275,45.0926215,6.43330275,38.65931875,13.19165,3.2979125,13.20173,6.150168000000001,1.5375420000000002,6.159374,6.391393,1.59784825,6.402628
U,1,1,0,82,4,163.259524,18.437474,18.594096999999998,144.82205,40.814881,4.6093685,36.2055125,6.108506,1.5271265,6.244482,6.164292,1.541073,6.174728,6.164676,1.541169,6.174887
U,1,1,0,83,4,185.090559,25.580361,25.706272000000002,159.510198,46.27263975,6.39509025,39.8775495,6.09783,1.5244575,6.148599,6.090084,1.522521,6.100787,13.392447,3.34811175,13.456886
U,1,1,0,84,4,162.559294,42.647962,42.708168,119.91133199999999,40.6398235,10.6619905,29.977832999999997,13.026497999999998,3.2566244999999996,13.043014999999999,12.629344,3.157336,12.664235,16.99212,4.24803,17.000918
U,1,1,0,85,4,150.384701,29.145791000000003,29.203767,121.23891,37.59617525,7.286447750000001,30.3097275,15.78238,3.945595,15.818288,6.087627,1.52190675,6.098908,7.275784000000001,1.8189460000000002,7.286571
U,1,1,0,86,4,159.278381,25.437854,25.879911,133.840527,39.81959525,6.3594635,33.46013175,6.0453339999999995,1.5113334999999999,6.465444,6.123448,1.530862,6.135702,13.269072,3.317268,13.278765
U,1,1,0,87,4,181.825607,23.646297,23.680061000000002,158.17931,45.45640175,5.91157425,39.5448275,6.468523,1.61713075,6.478972000000001,6.1979809999999995,1.5494952499999999,6.209103000000001,10.979793,2.74494825,10.991986
U,1,1,0,88,4,173.993669,27.408953,27.473263000000003,146.58471600000001,43.49841725,6.85223825,36.646179000000004,13.488054000000002,3.3720135000000004,13.529629,6.292982,1.5732455,6.303755000000001,7.627917,1.90697925,7.639879
U,1,1,0,89,4,136.044771,27.194804,27.55909,108.84996699999999,34.01119275,6.798701,27.212491749999998,7.466362,1.8665905,7.785973,6.579602,1.6449005,6.590728,13.14884,3.28721,13.182389
U,1,1,0,90,4,119.392849,18.351543,18.415865,101.04130599999999,29.84821225,4.58788575,25.260326499999998,6.125348000000001,1.5313370000000002,6.137584,6.12786,1.531965,6.138249999999999,6.0983350000000005,1.5245837500000001,6.1400310000000005
U,1,1,0,91,4,132.047684,28.721648000000002,28.908837,103.326036,33.011921,7.1804120000000005,25.831509,6.428699,1.60717475,6.4400960000000005,6.07717,1.5192925,6.08813,16.215779,4.05394475,16.380611
U,1,1,0,92,4,129.577864,24.879994999999997,24.91386,104.69786900000001,32.394466,6.219998749999999,26.174467250000003,6.0626169999999995,1.5156542499999999,6.073088,12.697354999999998,3.1743387499999995,12.709385,6.120023,1.53000575,6.131387
U,1,1,0,93,4,132.54452,23.426068,23.565705,109.118452,33.13613,5.856517,27.279613,6.0715189999999994,1.5178797499999999,6.08281,7.728539,1.93213475,7.8485700000000005,9.62601,2.4065025,9.634325
U,1,1,0,94,4,160.330107,19.661452,19.683752,140.668655,40.08252675,4.915363,35.16716375,10.07719,2.5192975,10.084139,4.660049999999999,1.1650124999999998,4.667223,4.924212000000001,1.2310530000000002,4.93239
U,1,1,0,95,4,197.9308,17.846346999999998,17.869049,180.084453,49.4827,4.4615867499999995,45.02111325,10.189250999999999,2.5473127499999997,10.198203,3.9004019999999997,0.9751004999999999,3.907484,3.756694,0.9391735,3.7633620000000003
U,1,1,0,96,4,179.401024,21.623424,21.641268,157.7776,44.850256,5.405856,39.4444,5.738480999999999,1.4346202499999998,5.741048,6.545691,1.63642275,6.550699,9.339252,2.334813,9.349521
U,1,1,0,97,4,206.073521,36.689879000000005,36.747028,169.383642,51.51838025,9.172469750000001,42.3459105,6.7653550000000005,1.6913387500000001,6.775947,12.430289,3.10757225,12.440345,17.494235,4.37355875,17.530735999999997
U,1,1,0,98,4,204.786523,35.922742,35.977154,168.863781,51.19663075,8.9806855,42.21594525,6.430501,1.60762525,6.441419999999999,10.945352,2.736338,10.982304,18.546889,4.63672225,18.55343
U,1,1,0,99,4,211.027043,27.801504,27.829706,183.225539,52.75676075,6.950376,45.80638475,7.896834,1.9742085,7.905747,7.8496369999999995,1.9624092499999999,7.858746,12.055033,3.01375825,12.065213
U,1,1,0,100,4,218.419375,39.357883,39.42398,179.061492,54.60484375,9.83947075,44.765373,11.823104,2.955776,11.832639999999998,8.112566000000001,2.0281415000000003,8.134015,19.422213,4.85555325,19.457325
U,1,1,0,101,4,142.771424,30.999578,31.647282,111.771846,35.692856,7.7498945,27.9429615,7.771365,1.94284125,7.779835,7.712954,1.9282385,7.725040999999999,15.515259,3.87881475,16.142406
U,1,1,0,102,4,132.008406,25.501491,25.567094,106.506915,33.0021015,6.37537275,26.62672875,11.233218,2.8083045,11.243365,6.831855000000001,1.7079637500000002,6.87592,7.436418000000001,1.8591045000000002,7.447809
U,1,1,0,103,4,134.349672,26.145798999999997,26.344462999999998,108.203873,33.587418,6.536449749999999,27.05096825,11.401539999999999,2.8503849999999997,11.520654,7.6118369999999995,1.9029592499999999,7.680991000000001,7.132422,1.7831055,7.142818
U,1,1,0,104,4,124.186346,19.108894,19.184221,105.077452,31.0465865,4.7772235,26.269363,6.4746109999999994,1.6186527499999999,6.484183,6.2362519999999995,1.5590629999999999,6.2461850000000005,6.398031,1.59950775,6.4538530000000005
U,1,1,0,105,4,184.010466,41.681262,41.710103000000004,142.329204,46.0026165,10.4203155,35.582301,22.178243,5.54456075,22.186847,6.161455,1.54036375,6.172434,13.341563999999998,3.3353909999999996,13.350822
U,1,1,0,106,4,180.063922,23.805630999999998,23.865383,156.25829099999999,45.0159805,5.9514077499999996,39.064572749999996,7.17721,1.7943025,7.214606000000001,6.080797999999999,1.5201994999999997,6.092401000000001,10.547623,2.63690575,10.558375999999999
U,1,1,0,107,4,184.466569,30.792831,30.822692000000004,153.673738,46.11664225,7.69820775,38.4184345,10.426096999999999,2.6065242499999997,10.436101,6.005822,1.5014555,6.015837,14.360912,3.590228,14.370754000000002
U,1,1,0,108,4,187.287469,37.157725,37.188052,150.129744,46.82186725,9.28943125,37.532436,14.886726999999999,3.7216817499999997,14.897459999999999,16.128384,4.032096,16.138954,6.142614,1.5356535,6.151637999999999
U,1,1,0,109,4,169.24946,18.482746,18.599244,150.766714,42.312365,4.6206865,37.6916785,6.128828,1.532207,6.1691769999999995,6.175408,1.543852,6.228635,6.17851,1.5446275,6.2014320000000005
U,1,1,0,110,4,179.034315,28.188296,28.288266999999998,150.84601899999998,44.75857875,7.047074,37.711504749999996,12.902320999999999,3.2255802499999997,12.980779,9.092808,2.273202,9.103732,6.193167000000001,1.5482917500000002,6.203756
U,1,1,0,111,4,180.86865,25.967546,25.999727000000004,154.901104,45.2171625,6.4918865,38.725276,13.714606,3.4286515,13.726472000000001,6.1534320000000005,1.5383580000000001,6.163456999999999,6.099508,1.524877,6.1097980000000005
U,1,1,0,112,4,163.594246,25.366967000000002,25.399002,138.227279,40.8985615,6.341741750000001,34.55681975,13.091792,3.272948,13.102584,6.1222069999999995,1.5305517499999999,6.132937,6.1529679999999995,1.5382419999999999,6.163481
U,1,1,0,113,4,182.448467,30.320225,30.48147,152.128242,45.61211675,7.58005625,38.0320605,13.777315,3.44432875,13.836579,10.412433,2.60310825,10.475669,6.130476999999999,1.5326192499999998,6.1692219999999995
U,1,1,0,114,4,173.72328,26.129613999999997,26.160206,147.59366599999998,43.43082,6.532403499999999,36.898416499999996,6.142119,1.53552975,6.153264999999999,7.098753,1.77468825,7.1086599999999995,12.888741999999999,3.2221854999999997,12.898281
U,1,1,0,115,4,192.322042,35.500389,35.556598,156.82165300000003,48.0805105,8.87509725,39.20541325000001,16.152231,4.03805775,16.185632000000002,6.167045,1.54176125,6.17896,13.181113,3.29527825,13.192006
U,1,1,0,116,4,193.62175,32.830788,32.883292,160.79096199999998,48.4054375,8.207697,40.197740499999995,9.034026,2.2585065,9.044255999999999,6.127972000000001,1.5319930000000002,6.13865,17.668789999999998,4.417197499999999,17.700385999999998
U,1,1,0,117,4,173.330554,19.480409,19.509878,153.850145,43.3326385,4.87010225,38.46253625,6.216244,1.554061,6.2259709999999995,6.20259,1.5506475,6.212802999999999,7.0615749999999995,1.7653937499999999,7.071104
U,1,1,0,118,4,171.202958,18.578647,18.760589000000003,152.624311,42.8007395,4.64466175,38.15607775,6.2530730000000005,1.5632682500000001,6.2638940000000005,6.221938,1.5554845,6.353087,6.103636,1.525909,6.143608
U,1,1,0,119,4,170.344435,19.457977,19.541851,150.886458,42.58610875,4.86449425,37.7216145,6.680766,1.6701915,6.691995,6.545184000000001,1.6362960000000002,6.6067540000000005,6.232027,1.55800675,6.243102
U,4,1,1,0,4,182.864391,76.926098,77.03952100000001,105.93829300000002,45.71609775,19.2315245,26.484573250000004,29.990308,7.497577,30.019105000000003,18.980067,4.74501675,19.056192,27.955723,6.98893075,27.964224
U,4,1,1,1,4,180.734443,76.107483,76.43017,104.62696,45.18361075,19.02687075,26.15674,17.244261,4.31106525,17.28224,17.19793,4.2994825,17.373983,41.665291999999994,10.416322999999998,41.773947
U,4,1,1,2,4,177.944872,73.519784,73.62397,104.425088,44.486218,18.379946,26.106272,32.626752,8.156688,32.711686,16.861356,4.215339,16.871164,24.031675999999997,6.007918999999999,24.04112
U,4,1,1,3,4,183.150431,78.326667,78.42174499999999,104.823764,45.78760775,19.58166675,26.205941,31.740002999999998,7.9350007499999995,31.822149,29.645657,7.41141425,29.655422,16.941007,4.23525175,16.944173999999997
U,4,1,1,4,4,182.412813,77.727515,77.816634,104.685298,45.60320325,19.43187875,26.1713245,23.287611,5.82190275,23.298079,38.291569,9.57289225,38.300343,16.148335,4.03708375,16.218212
U,4,1,1,5,4,167.245875,64.448804,64.573103,102.79707100000002,41.81146875,16.112201,25.699267750000004,22.307256,5.576814,22.360609,17.231688,4.307922,17.292800999999997,24.909860000000002,6.2274650000000005,24.919693000000002
U,4,1,1,6,4,180.500206,76.594875,76.65218100000001,103.90533099999999,45.1250515,19.14871875,25.976332749999997,35.576768,8.894192,35.597311000000005,16.870621999999997,4.217655499999999,16.895379,24.147485,6.03687125,24.159491000000003
U,4,1,1,7,4,185.961281,79.313416,79.41125199999999,106.64786500000001,46.49032025,19.828354,26.661966250000003,42.955147000000004,10.738786750000001,42.979748,19.364977000000003,4.841244250000001,19.427516999999998,16.993292,4.248323,17.003987
U,4,1,1,8,4,198.266024,91.919855,92.391032,106.34616899999999,49.566506,22.97996375,26.586542249999997,30.977877,7.74446925,31.035524000000002,33.633671,8.40841775,33.882904,27.308307,6.82707675,27.472603999999997
U,4,1,1,9,4,188.569222,83.23137100000001,84.868088,105.33785099999999,47.1423055,20.807842750000002,26.334462749999997,30.049556,7.512389,31.578440999999998,28.609162000000005,7.152290500000001,28.718193,24.572653000000003,6.143163250000001,24.571454
U,4,1,1,10,4,171.513625,63.549543,63.765312,107.96408199999999,42.87840625,15.88738575,26.991020499999998,23.765797000000003,5.941449250000001,23.775550000000003,18.153164,4.538291,18.162647,21.630581999999997,5.407645499999999,21.827115
U,4,1,1,11,4,191.534314,85.093626,85.340085,106.440688,47.8835785,21.2734065,26.610172,20.170751000000003,5.042687750000001,20.192912,36.218745,9.05468625,36.399853,28.70413,7.1760325,28.74732
U,4,1,1,12,4,202.324341,95.811994,96.01612399999999,106.512347,50.58108525,23.9529985,26.62808675,19.714776,4.928694,19.877739,30.491944,7.622986,30.533952000000003,45.605274,11.4013185,45.60443299999999
U,4,1,1,13,4,307.374108,127.45932599999999,127.82698400000001,179.914782,76.843527,31.864831499999998,44.9786955,35.874503999999995,8.968625999999999,35.909072,48.560097,12.14002425,48.901598,43.024725000000004,10.756181250000001,43.016314
U,4,1,1,14,4,315.621397,85.98169800000001,86.46725099999998,229.639699,78.90534925,21.495424500000002,57.40992475,44.658674000000005,11.164668500000001,44.98393299999999,24.162570000000002,6.040642500000001,24.229374,17.160454,4.2901135,17.253943999999997
U,4,1,1,15,4,296.381767,68.493909,68.659698,227.88785800000002,74.09544175,17.12347725,56.971964500000006,34.373341,8.59333525,34.464775,16.946344,4.236586,17.016999,17.174224000000002,4.293556000000001,17.177924
U,4,1,1,16,4,307.67272,75.765309,76.370793,231.90741100000002,76.91818,18.94132725,57.976852750000006,40.817133000000005,10.204283250000001,41.291127,17.270860000000003,4.317715000000001,17.332739999999998,17.677315999999998,4.419328999999999,17.746926000000002
U,4,1,1,17,4,213.986287,70.094134,71.49223,143.892153,53.49657175,17.5235335,35.97303825,17.082829,4.27070725,18.429295,28.428494999999998,7.1071237499999995,28.468641,24.58281,6.1457025,24.594293999999998
U,4,1,1,18,4,213.431316,88.262461,88.636618,125.16885500000001,53.357829,22.06561525,31.292213750000002,37.496570000000006,9.374142500000001,37.675192,33.427357,8.35683925,33.611337999999996,17.338534,4.3346335,17.350088
U,4,1,1,19,4,202.559451,98.725965,98.817196,103.833486,50.63986275,24.68149125,25.9583715,17.545039000000003,4.386259750000001,17.557212999999997,45.914598000000005,11.478649500000001,45.969954,35.266328,8.816582,35.290029
U,4,1,1,20,4,170.276184,64.758997,64.974132,105.517187,42.569046,16.18974925,26.37929675,19.83641,4.9591025,19.91702,28.037008999999998,7.009252249999999,28.046104999999997,16.885578000000002,4.221394500000001,17.011007
U,4,1,1,21,4,163.31491,58.610471,58.77059799999999,104.70443900000001,40.8287275,14.65261775,26.176109750000002,24.022664,6.005666,24.163773,17.629661,4.40741525,17.638574,16.958146,4.2395365,16.968251
U,4,1,1,22,4,202.550292,97.055105,97.16135500000001,105.49518700000002,50.637573,24.26377625,26.373796750000004,16.847043,4.21176075,16.846358000000002,35.878932,8.969733,35.939735,44.32913,11.0822825,44.375262000000006
U,4,1,1,23,4,193.099088,86.50689700000001,87.34549899999999,106.59219099999999,48.274772,21.626724250000002,26.648047749999996,23.704578,5.9261445,23.739137,45.538288,11.384572,46.303891,17.264031000000003,4.316007750000001,17.302471
U,4,1,1,24,4,206.38164,96.69865700000001,97.051386,109.682983,51.59541,24.174664250000003,27.42074575,30.691090000000003,7.672772500000001,30.925356999999998,38.44513,9.6112825,38.553942,27.562437,6.89060925,27.572087
U,4,1,1,25,4,211.833167,105.34816500000001,105.468019,106.485002,52.95829175,26.337041250000002,26.6212505,33.084554,8.2711385,33.124166,36.474613000000005,9.118653250000001,36.547419000000005,35.78899800000001,8.947249500000002,35.796434
U,4,1,1,26,4,179.638074,74.857585,75.230658,104.78048899999999,44.9095185,18.71439625,26.195122249999997,24.746978,6.1867445,24.757967,29.608264,7.402066,29.854221,20.502343,5.12558575,20.61847
U,4,1,1,27,4,226.152159,92.613855,92.694172,133.538304,56.53803975,23.15346375,33.384576,32.922391,8.23059775,32.930718999999996,33.429277,8.35731925,33.4922,26.262187000000004,6.565546750000001,26.271253
U,4,1,1,28,4,218.065078,98.38141999999999,98.650762,119.68365800000001,54.5162695,24.595354999999998,29.920914500000002,46.550031000000004,11.637507750000001,46.689947999999994,28.692618000000003,7.173154500000001,28.70294,23.138771,5.78469275,23.257874
U,4,1,1,29,4,169.446689,66.55678900000001,66.99271,102.88989999999998,42.36167225,16.639197250000002,25.722474999999996,18.378194,4.5945485,18.407177,31.301745,7.82543625,31.565015000000002,16.876849999999997,4.219212499999999,17.020518
U,4,1,1,30,4,294.393294,89.255275,89.35122199999999,205.13801900000004,73.5983235,22.31381875,51.28450475000001,28.028427999999998,7.0071069999999995,28.03917,39.366014,9.8415035,39.378115,21.860833,5.46520825,21.933937
U,4,1,1,31,4,319.978551,68.83141700000002,68.905741,251.14713399999997,79.99463775,17.207854250000004,62.78678349999999,29.673230000000004,7.418307500000001,29.742599,20.68372,5.17093,20.677417000000002,18.474467000000004,4.618616750000001,18.485725000000002
U,4,1,1,32,4,385.89181,81.09680399999999,81.264919,304.79500600000006,96.4729525,20.274200999999998,76.19875150000001,39.432484,9.858121,39.523453,17.364601,4.34115025,17.430680000000002,24.299718999999996,6.074929749999999,24.310786
U,4,1,1,33,4,299.01775,75.61950200000001,75.789859,223.39824799999997,74.7544375,18.904875500000003,55.84956199999999,27.018499,6.75462475,27.07158,17.794933,4.44873325,17.856581,30.806070000000005,7.701517500000001,30.861698000000004
U,4,1,1,34,4,345.467031,109.379214,109.869822,236.08781700000003,86.36675775,27.3448035,59.02195425000001,43.661832000000004,10.915458000000001,43.843064,48.451554,12.1128885,48.718433,17.265828,4.316457,17.308325
U,4,1,1,35,4,229.239345,57.719455999999994,57.953211,171.51988899999998,57.30983625,14.429863999999998,42.879972249999994,18.710978,4.6777445,18.775054,21.786074999999997,5.446518749999999,21.836745999999998,17.222403,4.30560075,17.341411
U,4,1,1,36,4,200.509339,91.745429,91.92452999999999,108.76391000000001,50.12733475,22.93635725,27.190977500000002,39.437703,9.85942575,39.530499999999996,28.62064,7.15516,28.697079000000002,23.687086,5.9217715,23.696951
U,4,1,1,37,4,235.67148,68.06839199999999,68.72614200000001,167.603088,58.91787,17.017097999999997,41.900772,18.321879,4.58046975,18.4005,32.532995,8.13324875,33.080157,17.213518,4.3033795,17.245485000000002
U,4,1,1,38,4,277.69971,61.567547,61.790383000000006,216.132163,69.4249275,15.39188675,54.03304075,17.413691999999998,4.353422999999999,17.469107,20.029544,5.007386,20.187244,24.124311,6.03107775,24.134032
U,4,1,1,39,4,325.211815,91.922147,91.94951599999999,233.289668,81.30295375,22.98053675,58.322417,40.316756,10.079189,40.330147,34.255691,8.56392275,34.259826,17.3497,4.337425,17.359543
U,4,1,1,40,4,233.057355,70.92886200000001,70.993135,162.128493,58.26433875,17.732215500000002,40.53212325,17.397091,4.34927275,17.408031,36.419054,9.1047635,36.459913,17.112717,4.27817925,17.125191
U,4,1,1,41,4,306.807039,83.919616,84.0352,222.88742299999996,76.70175975,20.979904,55.72185574999999,43.959536,10.989884,44.06135,22.410009000000002,5.602502250000001,22.423853,17.550071000000003,4.387517750000001,17.549996999999998
U,4,1,1,42,4,300.267983,94.16095100000001,94.247476,206.107032,75.06699575,23.540237750000003,51.526758,51.467277,12.86681925,51.513206999999994,25.338645,6.33466125,25.368672,17.355029000000002,4.3387572500000005,17.365597
U,4,1,1,43,4,290.970789,97.215163,98.315067,193.755626,72.74269725,24.30379075,48.4389065,37.643995000000004,9.410998750000001,37.712743,42.202674,10.5506685,42.306757,17.368494,4.3421235,18.295567000000002
U,4,1,1,44,4,205.558307,90.138094,90.61443,115.42021300000002,51.38957675,22.5345235,28.855053250000005,45.159301,11.28982525,45.51049,21.156734,5.2891835,21.270393,23.822059,5.95551475,23.833547000000003
U,4,1,1,45,4,192.435185,83.618496,83.92264600000001,108.816689,48.10879625,20.904624,27.20417225,41.26307,10.3157675,41.384854000000004,21.284184,5.321046,21.456341000000002,21.071241999999998,5.2678104999999995,21.081451
U,4,1,1,46,4,217.897296,76.23864599999999,76.85411500000001,141.65865000000002,54.474324,19.059661499999997,35.414662500000006,18.128646,4.5321615,18.188234,26.405645999999997,6.601411499999999,26.733577,31.704353999999995,7.926088499999999,31.932304000000002
U,4,1,1,47,4,302.164147,103.09878699999999,104.14690000000002,199.06536000000003,75.54103675,25.774696749999997,49.76634000000001,50.734804999999994,12.683701249999999,51.342742,25.099964,6.274991,25.103142000000002,27.264018,6.8160045,27.701016000000003
U,4,1,1,48,4,285.046503,85.083926,85.31659,199.96257699999995,71.26162575,21.2709815,49.99064424999999,17.851252,4.462813,17.901047,29.725741,7.43143525,29.815271000000003,37.506933000000004,9.376733250000001,37.600272000000004
U,4,1,1,49,4,291.242339,90.81187499999999,91.592197,200.43046400000003,72.81058475,22.702968749999997,50.10761600000001,27.647374,6.9118435,27.892457,42.149774,10.5374435,42.544455,21.014727,5.25368175,21.155285
U,4,1,1,50,4,290.343837,97.186078,97.45221199999999,193.157759,72.58595925,24.2965195,48.28943975,31.647209999999998,7.911802499999999,31.741789999999998,45.824898,11.4562245,45.938531,19.71397,4.9284925,19.771891
U,4,1,1,51,4,199.810738,88.760341,90.69174799999999,111.05039699999999,49.9526845,22.19008525,27.762599249999997,20.29373,5.0734325,20.319174,38.045551,9.51138775,38.053447,30.42106,7.605265,32.319127
U,4,1,1,52,4,214.638209,105.973266,106.089417,108.664943,53.65955225,26.4933165,27.16623575,37.665192000000005,9.416298000000001,37.67342,31.037317999999996,7.759329499999999,31.045300000000005,37.270756,9.317689,37.370697
U,4,1,1,53,4,177.829318,72.84192200000001,72.955054,104.98739599999999,44.4573295,18.210480500000003,26.246848999999997,32.792402,8.1981005,32.828621,22.292246,5.5730615,22.301009,17.757274000000002,4.439318500000001,17.825424
U,4,1,1,54,4,193.541238,82.01879,82.068503,111.522448,48.3853095,20.5046975,27.880612,42.231627,10.55790675,42.239538,22.816879,5.70421975,22.824879,16.970284,4.242571,17.004086
U,4,1,1,55,4,211.167937,102.272883,102.378951,108.895054,52.79198425,25.56822075,27.2237635,43.810998,10.9527495,43.819208,28.529230000000002,7.1323075000000005,28.560683999999995,29.932655,7.48316375,29.999059
U,4,1,1,56,4,191.331671,88.71499399999999,89.416516,102.61667700000001,47.83291775,22.178748499999998,25.654169250000002,35.580485,8.89512125,35.613367,35.97613,8.9940325,36.098676,17.158378999999996,4.289594749999999,17.704473
U,4,1,1,57,4,170.104972,64.971689,65.103523,105.133283,42.526243,16.24292225,26.28332075,17.190549,4.29763725,17.236914,23.921409,5.98035225,23.996871,23.859731,5.96493275,23.869737999999998
U,4,1,1,58,4,213.545014,106.970229,107.10373899999999,106.574785,53.3862535,26.74255725,26.64369625,35.401382000000005,8.850345500000001,35.402265,41.585474999999995,10.396368749999999,41.708203999999995,29.983372,7.495843,29.99327
U,4,1,1,59,4,204.692578,95.715722,96.078003,108.976856,51.1731445,23.9289305,27.244214,38.715175,9.67879375,38.697246,16.886416999999998,4.2216042499999995,17.231602,40.11413,10.0285325,40.149155
U,4,1,1,60,4,190.304225,85.768241,85.979296,104.535984,47.57605625,21.44206025,26.133996,38.346375,9.58659375,38.354771,16.843396000000002,4.2108490000000005,16.939897000000002,30.578469999999996,7.644617499999999,30.684628000000004
U,4,1,1,61,4,181.887031,75.160234,75.29846,106.726797,45.47175775,18.7900585,26.68169925,30.712812,7.678203,30.737681000000002,27.079439,6.76985975,27.158085,17.367983000000002,4.341995750000001,17.402694
U,4,1,1,62,4,197.118411,91.737561,92.253086,105.38085000000001,49.27960275,22.93439025,26.345212500000002,17.309123,4.32728075,17.820118,34.549682000000004,8.637420500000001,34.55757199999999,39.878755999999996,9.969688999999999,39.875396
U,4,1,1,63,4,204.263715,101.264555,101.39741,102.99915999999999,51.06592875,25.31613875,25.749789999999997,39.412542,9.8531355,39.472347,44.860851999999994,11.215212999999999,44.924206,16.991161,4.24779025,17.000857
U,4,1,1,64,4,176.86672,70.460259,70.496737,106.406461,44.21668,17.61506475,26.60161525,32.149061999999994,8.037265499999998,32.188573,16.886184,4.221546,16.874251,21.425013,5.35625325,21.433913
U,4,1,1,65,4,218.784205,108.991206,109.083452,109.79299899999998,54.69605125,27.2478015,27.448249749999995,44.680617999999996,11.170154499999999,44.767405999999994,32.812188,8.203047,32.821276999999995,31.498399999999997,7.874599999999999,31.494769
U,4,1,1,66,4,177.38429,71.00125,71.088737,106.38304,44.3460725,17.7503125,26.59576,18.304087,4.57602175,18.372462,28.432345,7.10808625,28.441839,24.264818,6.0662045,24.274435999999998
U,4,1,1,67,4,181.405755,77.413205,77.632537,103.99255,45.35143875,19.35330125,25.9981375,35.315815,8.82895375,35.436889,18.116659,4.52916475,18.151958,23.980731000000002,5.995182750000001,24.043689999999998
U,4,1,1,68,4,171.309771,66.345,66.37913,104.96477100000001,42.82744275,16.58625,26.241192750000003,17.716955,4.42923875,17.729228,24.138456,6.034614,24.148724,24.489589,6.12239725,24.501178
U,4,1,1,69,4,175.269845,71.171301,71.271391,104.098544,43.81746125,17.79282525,26.024636,29.983938,7.4959845,29.997723,24.32987,6.0824675,24.406242999999996,16.857493,4.21437325,16.867424999999997
U,4,1,1,70,4,201.261243,95.718339,98.29309900000001,105.54290400000001,50.31531075,23.92958475,26.385726000000002,32.950346,8.2375865,35.474211,33.065773,8.26644325,33.107786000000004,29.702219999999997,7.425554999999999,29.711102000000004
U,4,1,1,71,4,180.121648,73.147292,73.20057800000001,106.974356,45.030412,18.286823,26.743589,20.072485,5.01812125,20.10803,22.809455,5.70236375,22.818438999999998,30.265352,7.566338,30.274109000000003
U,4,1,1,72,4,190.031391,82.87306899999999,84.012191,107.15832200000003,47.50784775,20.718267249999997,26.789580500000007,19.534428,4.883607,19.576045,22.716248999999998,5.679062249999999,22.748058999999998,40.622392,10.155598,41.688086999999996
U,4,1,1,73,4,201.99392,94.85147,94.965214,107.14245,50.49848,23.7128675,26.7856125,16.988344,4.247086,16.998057,34.402386,8.6005965,34.411825,43.46074,10.865185,43.555332
U,4,1,1,74,4,174.68353,70.259554,70.406723,104.423976,43.6708825,17.5648885,26.105994,17.301002,4.3252505,17.326022000000002,36.174274999999994,9.043568749999999,36.212309,16.784277000000003,4.196069250000001,16.868392
U,4,1,1,75,4,174.708875,62.756529,62.769717,111.952346,43.67721875,15.68913225,27.9880865,21.914803999999997,5.478700999999999,21.909386,21.111778,5.2779445,21.120213999999997,19.729947,4.93248675,19.740117
U,4,1,1,76,4,195.211992,78.96189,79.221467,116.25010200000001,48.802998,19.7404725,29.062525500000003,36.841711,9.21042775,36.976167000000004,24.900278999999998,6.225069749999999,24.996057,17.2199,4.304975,17.249243
U,4,1,1,77,4,291.940177,66.159892,66.220936,225.780285,72.98504425,16.539973,56.44507125,17.118707,4.27967675,17.129136,31.719234999999998,7.929808749999999,31.759249999999994,17.32195,4.3304875,17.332549999999998
U,4,1,1,78,4,311.431766,63.623709,63.86234400000001,247.808057,77.8579415,15.90592725,61.95201425,22.011074,5.5027685,22.036028,24.421558,6.1053895,24.592403,17.191077,4.29776925,17.233913
U,4,1,1,79,4,328.39017,64.396984,64.450503,263.99318600000004,82.0975425,16.099246,65.99829650000001,18.222924,4.555731,18.233342,28.876011,7.21900275,28.908966,17.298049000000002,4.324512250000001,17.308195
U,4,1,1,80,4,311.112053,80.0195,81.295931,231.092553,77.77801325,20.004875,57.77313825,40.118252,10.029563,40.203044999999996,22.775621,5.69390525,23.167126000000003,17.125626999999998,4.2814067499999995,17.925759999999997
U,4,1,1,81,4,184.124574,79.25109499999999,79.403682,104.873479,46.0311435,19.812773749999998,26.21836975,44.00669,11.0016725,44.076778,18.436034,4.6090085,18.445551000000002,16.808371,4.20209275,16.881353
U,4,1,1,82,4,160.675697,51.677374,51.84398899999999,108.99832300000001,40.16892425,12.9193435,27.249580750000003,17.87348,4.46837,17.905861,16.880229,4.22005725,16.983099,16.923665,4.23091625,16.955029
U,4,1,1,83,4,188.805007,85.530377,86.373928,103.27462999999999,47.20125175,21.38259425,25.818657499999997,40.87635,10.2190875,41.307597,21.079701,5.26992525,21.226139000000003,23.574326,5.8935815,23.840192
U,4,1,1,84,4,158.987032,52.113781,52.607991,106.873251,39.746758,13.02844525,26.71831275,17.060738,4.2651845,17.169097,18.097457,4.52436425,18.106422000000002,16.955586,4.2388965,17.332472
U,4,1,1,85,4,178.286691,75.019512,75.00209000000001,103.26717899999998,44.57167275,18.754878,25.816794749999996,17.013773,4.25344325,17.044664,41.026361,10.25659025,41.015612000000004,16.979378,4.2448445,16.941814
U,4,1,1,86,4,204.296862,98.153019,98.83105699999999,106.143843,51.0742155,24.53825475,26.53596075,38.156833000000006,9.539208250000001,38.163382,36.694995999999996,9.173748999999999,37.168273,23.30119,5.8252975,23.499401999999996
U,4,1,1,87,4,201.294067,96.91326699999999,97.01355099999999,104.38080000000002,50.32351675,24.228316749999998,26.095200000000006,36.514897,9.12872425,36.515547999999995,36.916662,9.2291655,36.962112,23.481708,5.870427,23.535891000000003
U,4,1,1,88,4,156.427682,51.772842999999995,52.090046,104.65483900000001,39.1069205,12.943210749999999,26.163709750000002,17.541235999999998,4.3853089999999995,17.783043,17.45737,4.3643425,17.522571,16.774237,4.19355925,16.784432
U,4,1,1,89,4,157.459114,52.476876,53.868274,104.982238,39.3647785,13.119219,26.2455595,17.169482,4.2923705,18.472696,18.456973,4.61424325,18.465685999999998,16.850420999999997,4.212605249999999,16.929892
U,4,1,1,90,4,184.103218,71.618021,71.84276299999999,112.485197,46.0258045,17.90450525,28.12129925,23.647747000000003,5.911936750000001,23.679907999999998,17.327335,4.33183375,17.336398,30.642939,7.66073475,30.826456999999998
U,4,1,1,91,4,239.487124,56.15093099999999,56.18091100000001,183.336193,59.871781,14.037732749999998,45.83404825,17.191114,4.2977785,17.201393,21.584217,5.39605425,21.594011000000002,17.3756,4.3439,17.385507
U,4,1,1,92,4,258.226492,62.230569,63.131724,195.995923,64.556623,15.55764225,48.99898075,17.355344,4.338836,17.458555,22.771670999999998,5.692917749999999,23.532389000000002,22.103554,5.5258885,22.14078
U,4,1,1,93,4,280.399006,79.61627899999999,79.787778,200.782727,70.0997515,19.904069749999998,50.19568175,22.100437,5.52510925,22.130663000000002,39.149344,9.787336,39.251002,18.366498,4.5916245,18.406112999999998
U,4,1,1,94,4,272.090938,58.649587999999994,58.67581199999999,213.44135,68.0227345,14.662396999999999,53.3603375,18.583116999999998,4.6457792499999995,18.595329,22.636772999999998,5.6591932499999995,22.613284999999998,17.429698000000002,4.3574245000000005,17.467198
U,4,1,1,95,4,298.836525,75.982184,76.11174799999999,222.85434099999998,74.70913125,18.995546,55.713585249999994,39.132653000000005,9.783163250000001,39.146066,18.509628999999997,4.627407249999999,18.522323999999998,18.339902,4.5849755,18.443358
U,4,1,1,96,4,305.64596,72.213486,72.70209799999999,233.432474,76.41149,18.0533715,58.3581185,18.068731,4.51718275,18.090911000000002,41.260683,10.31517075,41.722654999999996,12.884072,3.221018,12.888531999999998
U,4,1,1,97,4,284.213025,83.14176400000001,83.355782,201.071261,71.05325625,20.785441000000002,50.26781525,35.115541,8.77888525,35.158455000000004,35.93356,8.98339,35.928591999999995,12.092663,3.02316575,12.268735000000001
U,4,1,1,98,4,203.607466,57.802814,58.61634600000001,145.80465199999998,50.9018665,14.4507035,36.451162999999994,25.151294999999998,6.287823749999999,25.22753,13.42488,3.35622,13.4315,19.226639,4.80665975,19.957316000000002
U,4,1,1,99,4,223.627058,76.332106,76.43086100000001,147.29495200000002,55.9067645,19.0830265,36.823738000000006,26.963933,6.74098325,27.020484000000003,24.912988,6.228247,24.940536,24.455185,6.11379625,24.469841
U,4,1,1,100,4,185.168664,44.369029,44.586603,140.79963500000002,46.292166,11.09225725,35.199908750000006,16.087597,4.02189925,16.292156,14.296194,3.5740485,14.302895000000001,13.985237999999999,3.4963094999999997,13.991551999999999
U,4,1,1,101,4,289.645104,67.84587499999999,67.95366999999999,221.79922900000003,72.411276,16.961468749999998,55.449807250000006,35.623067999999996,8.905766999999999,35.663537999999996,20.112505999999996,5.028126499999999,20.146029,12.110301,3.02757525,12.144103
U,4,1,1,102,4,307.173187,71.343338,71.42468600000001,235.82984899999997,76.79329675,17.8358345,58.95746224999999,21.720572,5.430143,21.756674,17.999106,4.4997765,18.010122,31.62366,7.905915,31.657890000000002
U,4,1,1,103,4,272.092024,92.602245,92.69512199999998,179.489779,68.023006,23.15056125,44.87244475,54.345482,13.5863705,54.37668599999999,13.96787,3.4919675,13.97344,24.288893,6.07222325,24.344996
U,4,1,1,104,4,196.950106,63.43024799999999,64.10431399999999,133.519858,49.2375265,15.857561999999998,33.3799645,34.612534,8.6531335,35.237909,11.728117,2.93202925,11.735918999999999,17.089597,4.27239925,17.130485999999998
U,4,1,1,105,4,313.529041,93.04322099999999,94.91295399999998,220.48582000000002,78.38226025,23.260805249999997,55.121455000000005,41.144191,10.28604775,42.850572,28.357813999999998,7.089453499999999,28.456730999999998,23.541216,5.885304,23.605651
U,4,1,1,106,4,262.581535,88.225388,88.413165,174.35614699999996,65.64538375,22.056347,43.58903674999999,42.248613,10.56215325,42.323739,16.394389,4.09859725,16.410561,29.582386,7.3955965,29.678865000000002
U,4,1,1,107,4,229.154342,49.497823,49.87321399999999,179.656519,57.2885855,12.37445575,44.91412975,16.273019,4.06825475,16.279714,13.499614000000001,3.3749035000000003,13.506712999999998,19.725189999999998,4.9312974999999994,20.086786999999998
U,4,1,1,108,4,205.201444,86.81488,87.15218700000001,118.386564,51.300361,21.70372,29.596641,30.236656,7.559164,30.293122000000004,23.671319999999998,5.9178299999999995,23.708693,32.906904000000004,8.226726000000001,33.150372000000004
U,4,1,1,109,4,189.03401,65.098366,65.789789,123.935644,47.2585025,16.2745915,30.983911,16.969894,4.2424735,16.980142,31.229692999999997,7.807423249999999,31.847959000000003,16.898779,4.22469475,16.961688
U,4,1,1,110,4,288.725912,83.48285800000001,83.83959099999998,205.24305399999997,72.181478,20.870714500000002,51.31076349999999,39.67478,9.918695,39.984618,16.946195,4.23654875,16.956694999999996,26.861883000000002,6.715470750000001,26.898277999999998
U,4,1,1,111,4,281.827178,79.561608,79.784494,202.26557,70.4567945,19.890402,50.5663925,37.915669,9.47891725,38.002826,17.151194,4.2877985,17.275989000000003,24.494745,6.12368625,24.505678999999997
U,4,1,1,112,4,301.546775,99.18738199999999,99.300809,202.35939300000004,75.38669375,24.796845499999996,50.58984825000001,46.277283999999995,11.569320999999999,46.368852,28.018121,7.00453025,28.02824,24.891976999999997,6.222994249999999,24.903717
U,4,1,1,113,4,265.545429,61.302307000000006,61.375702999999994,204.243122,66.38635725,15.325576750000002,51.0607805,25.197428000000002,6.2993570000000005,25.207927999999995,18.596453000000004,4.649113250000001,18.629745,17.508426,4.3771065,17.53803
U,4,1,1,114,4,228.773561,71.858588,72.065361,156.914973,57.19339025,17.964647,39.22874325,20.399398,5.0998495,20.470229,29.893369999999997,7.473342499999999,30.020412999999998,21.565820000000002,5.3914550000000006,21.574719
U,4,1,1,115,4,184.263972,77.539737,77.661178,106.724235,46.065993,19.38493425,26.68105875,19.637528,4.909382,19.691984,26.976175,6.74404375,27.015272,30.926034,7.7315085,30.953922
U,4,1,1,116,4,178.465444,74.69581,75.5128,103.769634,44.616361,18.6739525,25.9424085,17.035022,4.2587555,17.110239999999997,16.917813,4.22945325,16.927481,40.742975,10.18574375,41.475079
U,4,1,1,117,4,170.706156,65.81313,65.999484,104.89302599999999,42.676539,16.4532825,26.223256499999998,24.216780999999997,6.054195249999999,24.295609000000002,16.845164,4.211291,16.842238,24.751185,6.18779625,24.861637
U,4,1,1,118,4,170.815404,63.020337,63.09659500000001,107.795067,42.703851,15.75508425,26.94876675,21.432375999999998,5.3580939999999995,21.458074000000003,17.163237000000002,4.290809250000001,17.192263,24.424724,6.106181,24.446258
U,4,1,1,119,4,167.947054,59.852052,59.884325999999994,108.09500200000001,41.9867635,14.963013,27.023750500000002,18.42926,4.607315,18.440341999999998,19.479229,4.86980725,19.490675,21.943562999999997,5.485890749999999,21.953308999999997
U,16,1,2,0,4,459.230337,254.106061,254.58214999999998,205.124276,114.80758425,63.52651525,51.281069,108.163344,27.040836,108.26843099999999,51.773717,12.94342925,51.82092299999999,94.16900000000001,23.542250000000003,94.492796
U,16,1,2,1,4,438.189849,276.17879,276.488294,162.011059,109.54746225,69.0446975,40.50276475,100.179047,25.04476175,100.28344,69.719482,17.4298705,69.77746300000001,106.280261,26.57006525,106.427391
U,16,1,2,2,4,338.498475,226.353612,228.102265,112.14486299999999,84.62461875,56.588403,28.036215749999997,86.614076,21.653519,88.383693,57.527074999999996,14.381768749999999,57.468274,82.212461,20.55311525,82.250298
U,16,1,2,3,4,413.330104,181.719524,182.630651,231.61058,103.332526,45.429881,57.902645,46.180456,11.545114,46.207587000000004,66.541498,16.6353745,67.289281,68.99757,17.2493925,69.13378300000001
U,16,1,2,4,4,513.978778,273.987128,274.715718,239.99165000000005,128.4946945,68.496782,59.99791250000001,87.014494,21.7536235,87.140188,83.726888,20.931722,83.869854,103.24574600000001,25.811436500000003,103.705676
U,16,1,2,5,4,325.820733,169.241082,169.623995,156.579651,81.45518325,42.3102705,39.14491275,59.293431,14.82335775,59.38937,55.271507,13.81787675,55.439802,54.676143999999994,13.669035999999998,54.794823
U,16,1,2,6,4,265.329095,161.286569,163.038171,104.04252600000001,66.33227375,40.32164225,26.010631500000002,57.15227,14.2880675,57.288381,53.496083999999996,13.374020999999999,54.943501,50.638214999999995,12.659553749999999,50.806289
U,16,1,2,7,4,312.693422,209.277774,209.921367,103.415648,78.1733555,52.3194435,25.853912,94.076891,23.51922275,94.496336,53.207893,13.30197325,53.377726,61.99299,15.4982475,62.047305
U,16,1,2,8,4,314.145708,212.201605,213.714079,101.94410300000001,78.536427,53.05040125,25.486025750000003,91.866766,22.9666915,92.381641,72.123504,18.030876,72.359679,48.21133499999999,12.052833749999998,48.972758999999996
U,16,1,2,9,4,294.169328,193.08154500000003,193.425292,101.08778299999997,73.542332,48.27038625000001,25.271945749999993,43.793220000000005,10.948305000000001,43.839157,87.647536,21.911884,87.79415100000001,61.640789000000005,15.410197250000001,61.791984
U,16,1,2,10,4,346.300246,245.275982,245.48083300000002,101.02426400000002,86.5750615,61.3189955,25.256066000000004,48.852505,12.21312625,48.91199,97.41671099999999,24.354177749999998,97.48864900000001,99.006766,24.7516915,99.080194
U,16,1,2,11,4,280.98898,178.355678,178.740814,102.63330200000001,70.247245,44.5889195,25.658325500000004,51.641414,12.9103535,51.701216,80.788582,20.1971455,81.04405000000001,45.925682,11.4814205,45.995548
U,16,1,2,12,4,357.921242,256.373323,256.757179,101.54791899999998,89.4803105,64.09333075,25.386979749999995,52.411797,13.10294925,52.532819,88.909115,22.22727875,89.035792,115.052411,28.76310275,115.188568
U,16,1,2,13,4,341.769282,241.756464,242.935242,100.01281799999998,85.4423205,60.439116,25.003204499999995,64.14495600000001,16.036239000000002,64.285941,96.24420699999999,24.061051749999997,96.789923,81.367301,20.34182525,81.85937799999999
U,16,1,2,14,4,307.475278,204.42316399999999,204.71851399999997,103.05211400000002,76.8688195,51.105790999999996,25.763028500000004,52.548264,13.137066,52.632517,79.54103,19.8852575,79.695955,72.33387,18.0834675,72.39004199999998
U,16,1,2,15,4,330.549081,230.29339599999997,231.351427,100.25568500000003,82.63727025,57.57334899999999,25.063921250000007,49.393293,12.34832325,49.790820000000004,90.55201199999999,22.638002999999998,90.826635,90.348091,22.58702275,90.73397200000001
U,16,1,2,16,4,292.284859,189.901333,190.11116800000002,102.38352599999999,73.07121475,47.47533325,25.595881499999997,61.51707,15.3792675,61.703737,60.522537,15.13063425,60.468059999999994,67.861726,16.9654315,67.93937100000001
U,16,1,2,17,4,323.098686,218.344033,218.599981,104.75465299999999,80.7746715,54.58600825,26.188663249999998,76.20831799999999,19.052079499999998,76.222278,51.9298,12.98245,51.972681,90.205915,22.55147875,90.40502199999999
U,16,1,2,18,4,314.375493,192.034739,192.625432,122.340754,78.59387325,48.00868475,30.5851885,60.783866,15.1959665,60.845066,73.145572,18.286393,73.265625,58.105301,14.52632525,58.514741
U,16,1,2,19,4,268.435048,166.85740099999998,166.951472,101.57764700000001,67.108762,41.714350249999995,25.394411750000003,47.198639,11.79965975,47.220731,48.307790999999995,12.076947749999999,48.297159,71.350971,17.83774275,71.433582
U,16,1,2,20,4,284.011404,181.385701,182.372105,102.62570300000002,71.002851,45.34642525,25.656425750000004,52.42363999999999,13.105909999999998,52.626636000000005,82.07532400000001,20.518831000000002,82.913891,46.886737000000004,11.721684250000001,46.831578
U,16,1,2,21,4,288.212588,187.398597,188.37161500000002,100.81399099999999,72.053147,46.84964925,25.203497749999997,49.876991000000004,12.469247750000001,49.94014,63.861028999999995,15.965257249999999,64.143131,73.660577,18.41514425,74.28834400000001
U,16,1,2,22,4,301.810882,185.16685900000002,186.573498,116.64402299999998,75.4527205,46.291714750000004,29.161005749999994,47.908091999999996,11.977022999999999,48.942377,88.507384,22.126846,88.807892,48.751383000000004,12.187845750000001,48.823229
U,16,1,2,23,4,446.97232,233.40406099999998,233.74770400000003,213.56825900000004,111.74308,58.351015249999996,53.39206475000001,61.37356299999999,15.343390749999998,61.40173300000001,85.518848,21.379712,85.70560300000001,86.51165,21.6279125,86.640368
U,16,1,2,24,4,535.69061,244.514635,245.414355,291.175975,133.9226525,61.12865875,72.79399375,63.134240999999996,15.783560249999999,63.249539,85.827652,21.456913,85.98854899999999,95.552742,23.8881855,96.176267
U,16,1,2,25,4,458.914438,240.57754500000001,241.263882,218.336893,114.7286095,60.144386250000004,54.58422325,56.770584,14.192646,57.075641000000005,106.662047,26.66551175,106.88153499999999,77.144914,19.2862285,77.30670599999999
U,16,1,2,26,4,326.965354,220.45914399999998,220.946483,106.50621000000001,81.7413385,55.114785999999995,26.626552500000003,68.403729,17.10093225,68.480068,85.67012,21.41753,85.741154,66.385295,16.59632375,66.725261
U,16,1,2,27,4,314.421551,211.36913099999998,213.284983,103.05242000000004,78.60538775,52.842282749999995,25.76310500000001,51.73607,12.9340175,51.774190000000004,88.568038,22.1420095,89.89345900000001,71.065023,17.76625575,71.617334
U,16,1,2,28,4,333.497088,230.061528,230.799656,103.43556000000001,83.374272,57.515382,25.858890000000002,47.854149,11.96353725,47.889406,85.92357100000001,21.480892750000002,86.46619100000001,96.28380800000001,24.070952000000002,96.44405899999998
U,16,1,2,29,4,307.507297,204.79967,205.73591599999997,102.707627,76.87682425,51.1999175,25.67690675,47.75901699999999,11.939754249999998,47.831029,73.099232,18.274808,73.696067,83.941421,20.98535525,84.20881999999999
U,16,1,2,30,4,247.440759,145.41529300000002,145.598388,102.025466,61.86018975,36.353823250000005,25.5063665,46.887578000000005,11.721894500000001,46.916988999999994,53.69599500000001,13.423998750000003,53.815094,44.83171999999999,11.207929999999998,44.866305
U,16,1,2,31,4,309.230519,183.909465,184.704879,125.321054,77.30762975,45.97736625,31.3302635,49.53328,12.38332,49.815775,49.995677,12.49891925,50.020123,84.380508,21.095127,84.868981
U,16,1,2,32,4,463.885088,223.173545,223.432721,240.711543,115.971272,55.79338625,60.17788575,59.65382,14.913455,59.775644,108.22658699999998,27.056646749999995,108.297878,55.293138,13.8232845,55.359199
U,16,1,2,33,4,479.559213,207.85909,208.23730500000002,271.70012299999996,119.88980325,51.9647725,67.92503074999999,56.629384,14.157346,56.760857,93.421696,23.355424,93.522368,57.808009999999996,14.452002499999999,57.95408
U,16,1,2,34,4,443.511699,170.33730100000002,173.27712300000002,273.174398,110.87792475,42.584325250000006,68.2935995,55.54959900000001,13.887399750000002,55.545984000000004,55.849393,13.96234825,55.971204,58.938309000000004,14.734577250000001,61.759935000000006
U,16,1,2,35,4,398.606281,174.114995,175.65472400000002,224.49128600000003,99.65157025,43.52874875,56.12282150000001,61.711421,15.42785525,61.841901,59.053426,14.7633565,60.387968,53.350148,13.337537,53.424855
U,16,1,2,36,4,344.299742,207.76773500000002,208.56842899999998,136.53200699999996,86.0749355,51.941933750000004,34.13300174999999,52.942601999999994,13.235650499999998,53.045097999999996,88.457997,22.11449925,88.64611500000001,66.367136,16.591784,66.87721599999999
U,16,1,2,37,4,546.042365,263.769373,264.323838,282.27299200000004,136.51059125,65.94234325,70.56824800000001,60.048315,15.01207875,60.105981,87.879964,21.969991,87.99619100000001,115.841094,28.9602735,116.221666
U,16,1,2,38,4,408.432959,170.19460299999997,170.46507200000002,238.238356,102.10823975,42.54865074999999,59.559589,57.301089,14.32527225,57.375716000000004,61.235074999999995,15.308768749999999,61.336816,51.658439,12.91460975,51.75254
U,16,1,2,39,4,400.055146,188.049312,188.330129,212.005834,100.0137865,47.012328,53.0014585,54.061082,13.5152705,54.120607,77.379641,19.34491025,77.49100800000001,56.608588999999995,14.152147249999999,56.718514
U,16,1,2,40,4,445.122992,253.355757,254.120742,191.767235,111.280748,63.33893925,47.94180875,81.333848,20.333462,81.610055,90.891963,22.72299075,91.26989900000001,81.12994599999999,20.282486499999997,81.24078800000001
U,16,1,2,41,4,287.776049,166.658729,168.12332600000002,121.11732,71.94401225,41.66468225,30.27933,51.500629,12.87515725,52.639335,63.293576,15.823394,63.561886,51.864524,12.966131,51.922105
U,16,1,2,42,4,340.322965,222.206383,222.90888599999997,118.11658200000002,85.08074125,55.55159575,29.529145500000006,49.790068,12.447517,50.185404999999996,79.846168,19.961542,79.89893099999999,92.57014699999999,23.142536749999998,92.82454999999999
U,16,1,2,43,4,434.71085,212.041675,212.66871200000003,222.669175,108.6777125,53.01041875,55.66729375,59.039072,14.759768,59.069227000000005,53.449237,13.36230925,53.995146000000005,99.55336600000001,24.888341500000003,99.60433900000001
U,16,1,2,44,4,468.381011,223.898717,224.796631,244.482294,117.09525275,55.97467925,61.1205735,63.861768,15.965442,64.15259900000001,65.949916,16.487479,66.00666799999999,94.08703299999999,23.521758249999998,94.63736399999999
U,16,1,2,45,4,451.185005,254.980971,255.205818,196.20403399999998,112.79625125,63.74524275,49.051008499999995,57.338134,14.3345335,57.39031,107.92066700000001,26.980166750000002,107.94121799999999,89.72217,22.4305425,89.87429
U,16,1,2,46,4,329.590127,225.983686,227.433575,103.60644099999999,82.39753175,56.4959215,25.901610249999997,53.269367,13.31734175,54.621432999999996,86.41962000000001,21.604905000000002,86.431119,86.29469900000001,21.573674750000002,86.381023
U,16,1,2,47,4,298.014743,195.807863,196.028004,102.20688000000001,74.50368575,48.95196575,25.551720000000003,51.553304,12.888326,51.613631,74.14233,18.5355825,74.236635,70.11222899999999,17.528057249999996,70.177738
U,16,1,2,48,4,313.975197,211.518995,213.132349,102.45620199999999,78.49379925,52.87974875,25.614050499999998,50.586861999999996,12.646715499999999,50.724082,101.464012,25.366003,102.746558,59.468121,14.86703025,59.661709
U,16,1,2,49,4,307.72688,205.64360499999998,206.333913,102.08327500000001,76.93172,51.410901249999995,25.520818750000004,52.260563,13.06514075,52.266144999999995,84.15019699999999,21.037549249999998,84.69649100000001,69.232845,17.30821125,69.37127699999999
U,16,1,2,50,4,268.020289,161.823486,162.019722,106.19680299999999,67.00507225,40.4558715,26.549200749999997,64.73268300000001,16.183170750000002,64.791,45.926708,11.481677,45.991905,51.16409500000001,12.791023750000003,51.236817
U,16,1,2,51,4,285.439867,182.503372,183.813066,102.93649499999998,71.35996675,45.625843,25.734123749999995,53.55908,13.38977,54.347462,55.108274,13.7770685,55.221313,73.836018,18.4590045,74.244291
U,16,1,2,52,4,257.221565,154.829044,155.127458,102.39252099999999,64.30539125,38.707261,25.598130249999997,52.770388000000004,13.192597000000001,52.900743000000006,49.078392,12.269598,49.149452,52.980264,13.245066,53.077262999999995
U,16,1,2,53,4,282.751056,179.127682,179.345255,103.62337400000001,70.687764,44.7819205,25.905843500000003,53.974132000000004,13.493533000000001,53.970116000000004,49.462379,12.36559475,49.518913999999995,75.691171,18.92279275,75.856225
U,16,1,2,54,4,299.035165,194.221126,194.530055,104.81403900000001,74.75879125,48.5552815,26.203509750000002,49.122184,12.280546,49.155338,50.000151,12.50003775,50.197967000000006,95.098791,23.77469775,95.17675
U,16,1,2,55,4,327.891924,224.52893899999998,225.592342,103.36298500000004,81.972981,56.132234749999995,25.84074625000001,65.079702,16.2699255,65.99733699999999,78.431861,19.60796525,78.46868,81.017376,20.254344,81.12632500000001
U,16,1,2,56,4,293.919567,187.853847,189.788523,106.06571999999997,73.47989175,46.96346175,26.516429999999993,66.470022,16.6175055,67.73215,52.85162199999999,13.212905499999998,53.289582,68.53220300000001,17.133050750000002,68.766791
U,16,1,2,57,4,247.517383,145.549792,145.964604,101.967591,61.87934575,36.387448,25.49189775,45.696962,11.4242405,45.76853,52.884707000000006,13.221176750000001,53.230495,46.968123,11.74203075,46.965579000000005
U,16,1,2,58,4,267.043417,164.269484,164.56909000000002,102.77393299999997,66.76085425,41.067371,25.693483249999993,48.94506,12.236265,49.028458,66.074251,16.51856275,66.184101,49.250173000000004,12.312543250000001,49.356531000000004
U,16,1,2,59,4,253.692608,150.66082799999998,150.765129,103.03178000000003,63.423152,37.665206999999995,25.757945000000007,49.55829,12.3895725,49.617971000000004,50.210165999999994,12.552541499999998,50.227232,50.892371999999995,12.723092999999999,50.919926000000004
U,16,1,2,60,4,267.979833,166.72805799999998,167.89247,101.25177500000001,66.99495825,41.682014499999994,25.312943750000002,50.17227,12.5430675,51.059365,49.942814999999996,12.485703749999999,50.069275000000005,66.612973,16.65324325,66.76383
U,16,1,2,61,4,251.694569,149.529382,149.87063799999999,102.165187,62.92364225,37.3823455,25.54129675,49.024648,12.256162,49.13373,49.711577999999996,12.427894499999999,49.792007,50.793156,12.698289,50.944900999999994
U,16,1,2,62,4,388.375988,185.177733,186.791031,203.19825500000002,97.093997,46.29443325,50.799563750000004,58.82004,14.70501,58.910471,59.538725,14.88468125,61.032505,66.818968,16.704742,66.848055
U,16,1,2,63,4,448.091656,191.37661100000003,192.29925200000002,256.715045,112.022914,47.844152750000006,64.17876125,57.597183,14.39929575,58.197507,60.845774,15.2114435,61.066032,72.933654,18.2334135,73.035713
U,16,1,2,64,4,483.231899,234.753508,235.291418,248.478391,120.80797475,58.688377,62.11959775,110.449721,27.61243025,110.582192,71.692475,17.92311875,71.939916,52.611312,13.152828,52.76931
U,16,1,2,65,4,309.570996,205.768293,206.43856399999999,103.80270299999998,77.392749,51.44207325,25.950675749999995,74.55353600000001,18.638384000000002,74.663979,79.95056,19.98764,80.085057,51.264196999999996,12.816049249999999,51.689527999999996
U,16,1,2,66,4,268.975725,161.619915,162.675974,107.35581000000002,67.24393125,40.40497875,26.838952500000005,48.916250999999995,12.229062749999999,48.981359,64.930585,16.23264625,64.985398,47.77307900000001,11.943269750000002,48.709217
U,16,1,2,67,4,316.749681,213.99457700000002,214.347718,102.75510399999999,79.18742025,53.498644250000005,25.688775999999997,65.793679,16.44841975,65.84959,70.68933100000001,17.672332750000002,70.840081,77.51156700000001,19.377891750000003,77.658047
U,16,1,2,68,4,367.865125,265.73266,266.00582399999996,102.13246499999997,91.96628125,66.433165,25.533116249999992,94.26813,23.5670325,94.37964,104.74071,26.1851775,104.85626599999999,66.72382,16.680955,66.76991799999999
U,16,1,2,69,4,312.942867,210.065002,211.66930399999995,102.87786499999999,78.23571675,52.5162505,25.719466249999996,76.875871,19.21896775,77.293365,87.15205499999999,21.788013749999998,87.25365599999999,46.037076,11.509269,47.122282999999996
U,16,1,2,70,4,295.615062,193.524149,193.73300300000002,102.09091300000003,73.9037655,48.38103725,25.522728250000007,49.764601,12.44115025,49.792363,45.180462,11.2951155,45.208254,98.57908599999999,24.644771499999997,98.73238600000002
U,16,1,2,71,4,463.354065,248.095981,249.01624200000003,215.258084,115.83851625,62.02399525,53.814521,50.468018,12.6170045,50.503870000000006,104.477319,26.11932975,104.699357,93.15064400000001,23.287661000000003,93.81301500000001
U,16,1,2,72,4,509.715693,247.150482,247.82278100000002,262.565211,127.42892325,61.7876205,65.64130275,54.923302,13.7308255,55.344271,86.196107,21.54902675,86.29975900000001,106.031073,26.50776825,106.178751
U,16,1,2,73,4,502.722151,214.03207300000003,214.366344,288.69007799999997,125.68053775,53.508018250000006,72.17251949999999,60.221463,15.05536575,60.299803999999995,106.986405,26.74660125,107.186463,46.82420499999999,11.706051249999998,46.880077
U,16,1,2,74,4,387.276689,192.900164,193.44806999999997,194.376525,96.81917225,48.225041,48.59413125,95.36276699999999,23.840691749999998,95.64237299999999,45.697432,11.424358,45.789936,51.839965,12.95999125,52.015761000000005
U,16,1,2,75,4,291.585289,162.39161000000001,163.775221,129.19367899999997,72.89632225,40.597902500000004,32.298419749999994,60.99531999999999,15.248829999999998,61.091249,49.667425,12.41685625,50.841604,51.728865,12.93221625,51.842368
U,16,1,2,76,4,448.618075,238.258422,238.622551,210.35965299999998,112.15451875,59.5646055,52.589913249999995,110.397728,27.599432,110.561333,52.959655,13.23991375,52.987590999999995,74.901039,18.72525975,75.073627
U,16,1,2,77,4,425.521384,163.402985,163.762947,262.118399,106.380346,40.85074625,65.52959975,50.884434,12.7211085,50.927217,55.888877,13.97221925,56.095040999999995,56.629673999999994,14.157418499999999,56.740689
U,16,1,2,78,4,348.099649,175.70133099999998,176.604086,172.39831800000002,87.02491225,43.925332749999995,43.099579500000004,60.305792000000004,15.076448000000001,60.566877,58.609049999999996,14.652262499999999,59.213767,56.786489,14.19662225,56.823442
U,16,1,2,79,4,457.112765,221.125225,221.90852300000003,235.98754000000002,114.27819125,55.28130625,58.996885000000006,59.884812,14.971203,59.946189000000004,100.966136,25.241534,101.06867900000002,60.274277,15.06856925,60.893655
U,16,1,2,80,4,430.079174,237.75739900000002,238.658457,192.321775,107.5197935,59.439349750000005,48.08044375,55.674725,13.91868125,55.720493,86.778519,21.69462975,87.508272,95.304155,23.82603875,95.429692
U,16,1,2,81,4,324.111854,220.592422,224.306149,103.519432,81.0279635,55.1481055,25.879858,65.916392,16.479098,68.947239,86.976307,21.74407675,87.61217,67.69972299999999,16.924930749999998,67.74674
U,16,1,2,82,4,386.474092,212.12732,213.119329,174.346772,96.618523,53.03183,43.586693,70.305965,17.57649125,70.368289,47.32615199999999,11.831537999999998,47.376244,94.495203,23.62380075,95.374796
U,16,1,2,83,4,399.226754,174.320489,174.46351500000003,224.90626500000002,99.8066885,43.58012225,56.226566250000005,48.206811,12.05170275,48.249402,58.805668999999995,14.701417249999999,58.83384,67.308009,16.82700225,67.380273
U,16,1,2,84,4,439.766106,213.69291600000003,214.01637799999997,226.07318999999995,109.9415265,53.423229000000006,56.51829749999999,74.101803,18.52545075,74.31973199999999,83.179799,20.79494975,83.265526,56.411314,14.1028285,56.43112
U,16,1,2,85,4,373.788336,226.90286199999997,230.21965199999997,146.88547400000004,93.447084,56.72571549999999,36.72136850000001,77.457472,19.364368,77.83616599999999,83.662515,20.91562875,86.53398,65.78287499999999,16.445718749999997,65.84950599999999
U,16,1,2,86,4,302.920318,200.16718999999998,200.426313,102.75312800000003,75.7300795,50.041797499999994,25.688282000000008,52.07572,13.01893,52.182185,82.143182,20.5357955,82.24171299999999,65.94828799999999,16.487071999999998,66.00241500000001
U,16,1,2,87,4,255.124693,151.015689,152.283881,104.109004,63.78117325,37.75392225,26.027251,52.018527999999996,13.004631999999999,52.082054,45.696923,11.42423075,46.097864,53.300238,13.3250595,54.103963
U,16,1,2,88,4,288.513172,182.870283,183.26718599999998,105.642889,72.128293,45.71757075,26.41072225,67.082898,16.7707245,67.256738,49.088358,12.2720895,49.168081,66.699027,16.67475675,66.842367
U,16,1,2,89,4,325.151549,220.427755,220.662306,104.723794,81.28788725,55.10693875,26.1809485,71.779618,17.9449045,71.937792,96.134278,24.0335695,96.194636,52.513859,13.12846475,52.529878000000004
U,16,1,2,90,4,325.013805,216.81426499999998,217.455262,108.19954000000001,81.25345125,54.203566249999994,27.049885000000003,95.87469899999999,23.968674749999998,95.939815,47.162035,11.79050875,47.361506999999996,73.777531,18.44438275,74.15394
U,16,1,2,91,4,296.199818,192.91281899999998,193.33237100000002,103.28699900000001,74.0499545,48.228204749999996,25.821749750000002,54.272312,13.568078,54.420338,91.53857599999999,22.884643999999998,91.732621,47.101931,11.77548275,47.179412
U,16,1,2,92,4,270.673095,166.513058,167.515057,104.16003699999999,67.66827375,41.6282645,26.040009249999997,53.428915,13.35722875,53.690723,65.916633,16.47915825,66.072522,47.16750999999999,11.791877499999998,47.751812
U,16,1,2,93,4,304.861696,196.767302,198.324112,108.094394,76.215424,49.1918255,27.0235985,97.33845400000001,24.334613500000003,98.67504100000001,49.837226,12.4593065,50.026233000000005,49.591622,12.3979055,49.622838
U,16,1,2,94,4,288.995989,184.791174,185.571075,104.204815,72.24899725,46.1977935,26.05120375,48.713033,12.17825825,48.802538000000006,88.066619,22.01665475,88.704156,48.011522,12.0028805,48.064381
U,16,1,2,95,4,287.924843,186.035929,187.634929,101.888914,71.98121075,46.50898225,25.4722285,54.079304,13.519826,54.140972,83.61147300000002,20.902868250000004,85.039504,48.345152,12.086288,48.454453
U,16,1,2,96,4,289.053006,188.076777,188.673188,100.97622899999999,72.2632515,47.01919425,25.244057249999997,49.327968,12.331992,49.359191,90.494963,22.62374075,90.651949,48.253846,12.0634615,48.662048
U,16,1,2,97,4,300.636965,196.544319,198.077664,104.09264599999997,75.15924125,49.13607975,26.023161499999993,54.030008,13.507502,54.23532999999999,90.694564,22.673641,90.808769,51.819747,12.95493675,53.033565
U,16,1,2,98,4,269.990781,167.385308,167.82558899999998,102.60547300000002,67.49769525,41.846327,25.651368250000004,57.489001,14.37225025,57.48509,43.738427,10.93460675,43.942246999999995,66.15787999999999,16.539469999999998,66.398252
U,16,1,2,99,4,253.719677,151.418366,151.675533,102.301311,63.42991925,37.8545915,25.57532775,52.385848,13.096462,52.464733,49.106170999999996,12.276542749999999,49.183293,49.926347,12.48158675,50.027507
U,16,1,2,100,4,304.997351,204.129212,206.423386,100.86813899999999,76.24933775,51.032303,25.217034749999996,54.742212,13.685553,56.030330000000006,100.931072,25.232768,101.560495,48.455928,12.113982,48.832561
U,16,1,2,101,4,371.079676,238.67753599999998,239.622874,132.40214000000003,92.769919,59.669383999999994,33.10053500000001,49.548353,12.38708825,49.80941,89.685303,22.42132575,90.044064,99.44388,24.86097,99.76939999999999
U,16,1,2,102,4,509.534449,266.541836,267.131602,242.992613,127.38361225,66.635459,60.74815325,55.059277,13.76481925,55.213353000000005,117.642425,29.41060625,117.889888,93.840134,23.4600335,94.02836099999999
U,16,1,2,103,4,509.529975,220.5932,221.22722000000002,288.936775,127.38249375,55.1483,72.23419375,62.084376999999996,15.521094249999999,62.567018000000004,78.081534,19.5203835,78.164109,80.427289,20.10682225,80.496093
U,16,1,2,104,4,319.782312,166.196073,166.707174,153.58623899999998,79.945578,41.54901825,38.396559749999994,60.222491000000005,15.055622750000001,60.294185999999996,46.66102600000001,11.665256500000002,47.023221,59.312556,14.828139,59.389767000000006
U,16,1,2,105,4,278.084878,176.77291100000002,178.157555,101.31196699999998,69.5212195,44.193227750000005,25.327991749999995,49.207975000000005,12.301993750000001,50.447195,49.68431100000001,12.421077750000002,49.722182000000004,77.88062500000001,19.470156250000002,77.988178
U,16,1,2,106,4,308.296319,208.31749399999998,208.539322,99.978825,77.07407975,52.079373499999996,24.99470625,75.401349,18.85033725,75.528974,83.722039,20.93050975,83.772812,49.194106000000005,12.298526500000001,49.237536000000006
U,16,1,2,107,4,286.358434,185.99321299999997,187.568531,100.36522100000002,71.5896085,46.49830324999999,25.091305250000005,46.167795,11.54194875,46.270196,92.64840399999999,23.162100999999996,93.93496999999999,47.177014,11.7942535,47.363365
U,16,1,2,108,4,313.066753,209.08728100000002,209.536717,103.97947199999999,78.26668825,52.271820250000005,25.994867999999997,53.406127,13.35153175,53.432733999999996,75.776548,18.944137,76.051472,79.904606,19.9761515,80.05251100000001
U,16,1,2,109,4,333.476859,232.189677,234.56052499999998,101.287182,83.36921475,58.04741925,25.3217955,46.711158,11.6777895,46.769374,85.989696,21.497424,86.440878,99.488823,24.87220575,101.350273
U,16,1,2,110,4,362.514247,164.528218,164.694777,197.986029,90.62856175,41.1320545,49.49650725,47.848285000000004,11.962071250000001,47.915606,58.034257,14.50856425,58.080096,58.64567600000001,14.661419000000002,58.699075
U,16,1,2,111,4,426.185769,195.517535,196.185668,230.66823399999998,106.54644225,48.87938375,57.667058499999996,55.415976,13.853994,55.469210000000004,55.841616,13.960404,56.245059,84.259943,21.06498575,84.47139899999999
U,16,1,2,112,4,527.277457,268.712575,268.88528299999996,258.564882,131.81936425,67.17814375,64.6412205,99.382068,24.845517,99.413446,83.851434,20.9628585,83.916809,85.479073,21.36976825,85.555028
U,16,1,2,113,4,506.679023,223.88313399999998,224.842434,282.795889,126.66975575,55.970783499999996,70.69897225,53.544352,13.386088,53.578286,110.94547299999999,27.736368249999998,111.841552,59.393309,14.84832725,59.422596
U,16,1,2,114,4,269.196144,164.527988,164.79772,104.66815600000001,67.299036,41.131997,26.167039000000003,58.257007,14.56425175,58.315861,67.19898099999999,16.799745249999997,67.28341,39.072,9.768,39.198449000000004
U,16,1,2,115,4,300.277574,110.22826799999999,111.836563,190.04930600000003,75.0693935,27.557066999999996,47.51232650000001,41.792807999999994,10.448201999999998,41.842571,33.940523999999996,8.485130999999999,35.476787,34.494935999999996,8.623733999999999,34.517205000000004
U,16,1,2,116,4,457.802219,162.70466,163.029222,295.097559,114.45055475,40.676165,73.77438975,40.848787,10.21219675,40.887153999999995,41.894282000000004,10.473570500000001,41.973837,79.961591,19.99039775,80.168231
U,16,1,2,117,4,428.033725,226.246145,226.959143,201.78758,107.00843125,56.56153625,50.446895,52.01827900000001,13.004569750000002,52.065301000000005,105.145691,26.28642275,105.23082500000001,69.082175,17.27054375,69.663017
U,16,1,2,118,4,368.453342,148.837137,149.03247199999998,219.616205,92.1133355,37.20928425,54.90405125,40.858551,10.21463775,40.887977,63.297303,15.82432575,63.418582,44.681283,11.17032075,44.725913000000006
U,16,1,2,119,4,352.800174,174.41646,176.874199,178.38371400000003,88.2000435,43.604115,44.59592850000001,44.062951999999996,11.015737999999999,44.09555700000001,67.010085,16.75252125,67.282753,63.343423,15.83585575,65.495889
U,64,1,3,0,4,616.954597,502.257258,503.641715,114.69733900000006,154.23864925,125.5643145,28.674334750000014,161.73696,40.43424,161.877473,164.30531200000001,41.076328000000004,164.65806099999998,176.21498599999998,44.053746499999995,177.106181
U,64,1,3,1,4,1283.279245,986.267271,991.154305,297.0119739999999,320.81981125,246.56681775,74.25299349999997,284.23127,71.0578175,285.668207,382.30357,95.5758925,384.205453,319.732431,79.93310775,321.280645
U,64,1,3,2,4,880.63841,760.949191,763.233307,119.68921899999998,220.1596025,190.23729775,29.922304749999995,124.60227599999999,31.150568999999997,124.803508,318.166631,79.54165775,319.55436799999995,318.18028400000003,79.54507100000001,318.875431
U,64,1,3,3,4,948.031237,581.227121,582.6586080000001,366.804116,237.00780925,145.30678025,91.701029,137.278947,34.31973675,137.338344,319.364383,79.84109575,320.580726,124.58379099999999,31.145947749999998,124.739538
U,64,1,3,4,4,795.776631,503.50038400000005,504.830868,292.2762469999999,198.94415775,125.87509600000001,73.06906174999997,222.581792,55.645448,223.441507,137.21117800000002,34.302794500000005,137.36230700000002,143.707414,35.9268535,144.027054
U,64,1,3,5,4,994.30971,677.187447,679.3855450000001,317.122263,248.5774275,169.29686175,79.28056575,287.542195,71.88554875,289.021606,143.324334,35.8310835,143.448477,246.320918,61.5802295,246.915462
U,64,1,3,6,4,1174.238033,999.156893,1002.40886,175.08114000000012,293.55950825,249.78922325,43.77028500000003,282.89009799999997,70.72252449999999,284.183542,329.0738,82.26845,329.433532,387.192995,96.79824875,388.791786
U,64,1,3,7,4,1098.277137,809.3818289999999,811.8189179999999,288.8953080000001,274.56928425,202.34545724999998,72.22382700000003,161.857322,40.4643305,163.169289,380.56289,95.1407225,381.225455,266.961617,66.74040425,267.424174
U,64,1,3,8,4,825.948472,724.696625,725.881739,101.251847,206.487118,181.17415625,25.31296175,189.56960700000002,47.392401750000005,189.773177,236.49323499999997,59.12330874999999,236.87157100000002,298.633783,74.65844575,299.236991
U,64,1,3,9,4,589.602087,491.559449,493.23591999999996,98.04263800000001,147.40052175,122.88986225,24.510659500000003,130.274117,32.56852925,130.381917,231.700021,57.92500525,232.175153,129.585311,32.39632775,130.67885
U,64,1,3,10,4,500.941924,402.02297699999997,403.670902,98.918947,125.235481,100.50574424999999,24.72973675,136.620495,34.15512375,137.361131,135.395872,33.848968,136.19506,130.00661,32.5016525,130.114711
U,64,1,3,11,4,734.512894,632.4915940000001,635.426188,102.02129999999988,183.6282235,158.12289850000002,25.50532499999997,171.64576499999998,42.911441249999996,172.909439,130.357953,32.58948825,130.75811299999998,330.487876,82.621969,331.758636
U,64,1,3,12,4,786.748992,683.401109,686.020753,103.34788300000002,196.687248,170.85027725,25.836970750000006,136.597559,34.14938975,137.08178999999998,255.03621900000002,63.759054750000004,255.546603,291.767331,72.94183275,293.39236
U,64,1,3,13,4,1295.048356,903.243563,904.641752,391.804793,323.762089,225.81089075,97.95119825,165.09268200000002,41.273170500000006,165.41759100000002,381.055988,95.263997,381.418746,357.094893,89.27372325,357.80541500000004
U,64,1,3,14,4,881.139526,762.849097,765.683587,118.29042900000002,220.2848815,190.71227425,29.572607250000004,225.891394,56.4728485,227.033054,159.637094,39.9092735,159.755136,377.320609,94.33015225,378.895397
U,64,1,3,15,4,1181.051393,790.493717,793.3716019999999,390.557676,295.26284825,197.62342925,97.639419,354.184705,88.54617625,356.413715,159.945267,39.98631675,160.164906,276.363745,69.09093625,276.792981
U,64,1,3,16,4,1028.561893,705.960106,707.629284,322.60178700000006,257.14047325,176.4900265,80.65044675000001,135.09582,33.773955,136.179112,331.110319,82.77757975,331.416985,239.753967,59.93849175,240.033187
U,64,1,3,17,4,844.040834,569.422532,570.9021170000001,274.61830199999997,211.0102085,142.355633,68.65457549999999,135.116446,33.7791115,135.75574600000002,307.355358,76.8388395,308.048414,126.950728,31.737682,127.09795700000001
U,64,1,3,18,4,706.070238,456.151032,458.701191,249.91920600000003,176.5175595,114.037758,62.47980150000001,142.936343,35.73408575,143.114496,126.944445,31.73611125,127.09440799999999,186.270244,46.567561,188.492287
U,64,1,3,19,4,884.374065,655.32299,657.6539339999999,229.05107499999997,221.09351625,163.8307475,57.26276874999999,133.106732,33.276683,133.59516599999998,133.569489,33.39237225,134.88205499999998,388.646769,97.16169225,389.176713
U,64,1,3,20,4,1112.549459,935.978575,939.6537930000001,176.5708840000001,278.13736475,233.99464375,44.14272100000002,475.7220709999999,118.93051774999998,476.77214399999997,160.552625,40.13815625,161.85275000000001,299.70387900000003,74.92596975000001,301.028899
U,64,1,3,21,4,1214.721268,1107.86094,1112.500525,106.86032799999998,303.680317,276.965235,26.715081999999995,426.764864,106.691216,428.781788,326.63541799999996,81.65885449999999,327.74173099999996,354.46065799999997,88.61516449999999,355.977006
U,64,1,3,22,4,671.583492,568.054059,569.122579,103.52943299999993,167.895873,142.01351475,25.88235824999998,159.700511,39.92512775,160.335891,125.51817799999999,31.379544499999998,125.64538999999999,282.83537,70.7088425,283.141298
U,64,1,3,23,4,856.530082,753.0472500000001,755.575638,103.48283199999992,214.1325205,188.26181250000002,25.87070799999998,276.953191,69.23829775,277.713837,198.400261,49.60006525,199.558865,277.693798,69.4234495,278.302936
U,64,1,3,24,4,761.72428,605.293144,606.702365,156.43113600000004,190.43107,151.323286,39.10778400000001,200.072212,50.018053,200.292285,199.610408,49.902602,199.80543699999998,205.610524,51.402631,206.604643
U,64,1,3,25,4,1158.052146,909.239906,913.647127,248.81223999999997,289.5130365,227.3099765,62.203059999999994,340.090443,85.02261075,341.538914,403.37060399999996,100.84265099999999,405.363525,165.778859,41.44471475,166.744688
U,64,1,3,26,4,1089.500905,893.7172210000001,896.6228140000001,195.783684,272.37522625,223.42930525000003,48.945921,413.940259,103.48506475,414.527524,228.658334,57.1645835,230.005441,251.118628,62.779657,252.08984900000002
U,64,1,3,27,4,1092.4991,660.471012,663.4550690000001,432.028088,273.124775,165.117753,108.007022,160.830547,40.20763675,161.061104,338.87433599999997,84.71858399999999,340.934495,160.766129,40.19153225,161.45947
U,64,1,3,28,4,833.914443,598.756281,600.992213,235.15816200000006,208.47861075,149.68907025,58.789540500000015,164.63896400000002,41.159741000000004,164.879715,208.745771,52.18644275,210.329904,225.37154600000002,56.342886500000006,225.78259400000002
U,64,1,3,29,4,950.469535,735.0086759999999,738.959276,215.46085900000003,237.61738375,183.75216899999998,53.86521475000001,283.311511,70.82787775,284.71130700000003,316.944755,79.23618875,319.070912,134.75241,33.6881025,135.17705700000002
U,64,1,3,30,4,678.309887,513.1723979999999,513.866189,165.13748900000007,169.57747175,128.29309949999998,41.28437225000002,231.45588100000003,57.86397025000001,231.787553,146.33906,36.584765,146.476101,135.377457,33.84436425,135.602535
U,64,1,3,31,4,1103.847499,765.7550450000001,766.772064,338.09245399999986,275.96187475,191.43876125000003,84.52311349999997,216.439269,54.10981725,216.68667,346.449358,86.6123395,346.935141,202.866418,50.7166045,203.150253
U,64,1,3,32,4,732.283432,626.883109,629.5343459999999,105.40032299999996,183.070858,156.72077725,26.35008074999999,206.807908,51.701977,207.57790699999998,172.66511500000001,43.166278750000004,172.853653,247.410086,61.8525215,249.10278599999998
U,64,1,3,33,4,1050.082907,940.522171,944.473639,109.56073600000002,262.52072675,235.13054275,27.390184000000005,259.14407,64.7860175,259.757549,385.43546399999997,96.35886599999999,386.78621899999996,295.942637,73.98565925,297.929871
U,64,1,3,34,4,843.799174,741.1841469999999,745.992284,102.61502700000005,210.9497935,185.29603674999998,25.653756750000014,339.584189,84.89604725,340.54473900000005,260.295953,65.07398825,260.9507,141.304005,35.32600125,144.496845
U,64,1,3,35,4,576.265892,473.571966,475.344518,102.69392600000003,144.066473,118.3929915,25.67348150000001,124.32952699999998,31.082381749999996,124.54995399999999,125.220486,31.3051215,126.098983,224.021953,56.00548825,224.695581
U,64,1,3,36,4,719.345279,484.8596349999999,486.63248699999997,234.4856440000001,179.83631975,121.21490874999998,58.62141100000002,199.40721299999998,49.851803249999996,200.56079300000002,135.366758,33.8416895,135.779673,150.08566399999998,37.521415999999995,150.292021
U,64,1,3,37,4,1184.063507,904.48207,907.4101680000001,279.58143700000005,296.01587675,226.1205175,69.89535925000001,205.800795,51.45019875,206.618312,339.259517,84.81487925,340.727435,359.421758,89.8554395,360.064421
U,64,1,3,38,4,612.161402,446.56568899999996,449.688303,165.595713,153.0403505,111.64142224999999,41.39892825,124.688908,31.172227,126.396641,126.36707699999998,31.591769249999995,126.487749,195.509704,48.877426,196.80391300000002
U,64,1,3,39,4,1044.465224,623.908203,625.724248,420.5570210000001,261.116306,155.97705075,105.13925525000002,132.61254300000002,33.153135750000004,132.89807199999998,302.468349,75.61708725,302.7987,188.827311,47.20682775,190.02747599999998
U,64,1,3,40,4,903.48417,541.89245,544.142771,361.5917199999999,225.8710425,135.4731125,90.39792999999997,136.473656,34.118414,136.599646,272.575204,68.143801,273.005223,132.84359,33.2108975,134.537902
U,64,1,3,41,4,1054.422342,719.5333479999999,722.342167,334.88899400000014,263.6055855,179.88333699999998,83.72224850000003,147.257694,36.8144235,147.41541500000002,282.014417,70.50360425,282.627753,290.261237,72.56530925,292.298999
U,64,1,3,42,4,920.491846,761.504476,765.058993,158.98737000000006,230.1229615,190.376119,39.746842500000014,133.27588,33.31897,133.449753,289.583734,72.3959335,290.914798,338.644862,84.6612155,340.694442
U,64,1,3,43,4,1172.355669,822.8729189999999,826.10113,349.4827500000001,293.08891725,205.71822974999998,87.37068750000003,203.800634,50.9501585,204.04814599999997,358.626258,89.6565645,359.429755,260.446027,65.11150675,262.623229
U,64,1,3,44,4,771.442589,668.441219,670.3347309999999,103.00136999999995,192.86064725,167.11030475,25.750342499999988,213.905461,53.47636525,214.164968,127.50422600000002,31.876056500000004,128.060363,327.031532,81.757883,328.1094
U,64,1,3,45,4,970.738958,863.9830669999999,866.9736380000002,106.75589100000013,242.6847395,215.99576674999997,26.688972750000033,278.669634,69.6674085,280.37488,310.102222,77.5255555,310.91155000000003,275.211211,68.80280275,275.687208
U,64,1,3,46,4,812.912167,713.153262,715.366445,99.75890499999991,203.22804175,178.2883155,24.93972624999998,254.47504299999997,63.61876074999999,255.07179100000002,124.18707,31.0467675,125.39734299999999,334.491149,83.62278725,334.897311
U,64,1,3,47,4,898.960247,771.780323,773.2617710000001,127.17992400000003,224.74006175,192.94508075,31.794981000000007,274.253967,68.56349175,274.586611,193.458618,48.3646545,193.715831,304.067738,76.0169345,304.959329
U,64,1,3,48,4,1102.243541,791.008859,793.148295,311.234682,275.56088525,197.75221475,77.8086705,192.318416,48.079604,192.50829499999998,375.729959,93.93248975,377.54175399999997,222.960484,55.740121,223.09824600000002
U,64,1,3,49,4,623.477398,523.898986,525.012567,99.57841199999996,155.8693495,130.9747465,24.89460299999999,200.79560800000002,50.198902000000004,201.06703,124.50962999999999,31.127407499999997,125.00057299999999,198.593748,49.648437,198.94496399999997
U,64,1,3,50,4,791.159486,500.364506,501.998156,290.79498,197.7898715,125.0911265,72.698745,223.37332399999997,55.84333099999999,224.825468,131.755715,32.93892875,131.817047,145.235467,36.30886675,145.355641
U,64,1,3,51,4,811.099186,428.944558,430.298088,382.15462800000006,202.7747965,107.2361395,95.53865700000001,138.815409,34.70385225,139.331498,155.014861,38.75371525,155.20209,135.114288,33.778572,135.7645
U,64,1,3,52,4,765.293929,490.301377,491.839579,274.99255200000005,191.32348225,122.57534425,68.74813800000001,144.881341,36.22033525,145.198866,142.208438,35.5521095,142.83472500000002,203.21159799999998,50.802899499999995,203.805988
U,64,1,3,53,4,822.807841,475.00556800000004,475.870064,347.802273,205.70196025,118.75139200000001,86.95056825,135.965355,33.99133875,136.26435800000002,136.342189,34.08554725,136.469823,202.698024,50.674506,203.13588299999998
U,64,1,3,54,4,917.207306,625.660686,628.385549,291.54661999999996,229.3018265,156.4151715,72.88665499999999,136.3505,34.087625,138.243949,281.203956,70.300989,281.700262,208.10623,52.0265575,208.441338
U,64,1,3,55,4,892.35464,607.922973,609.695986,284.43166700000006,223.08866,151.98074325,71.10791675000002,145.33964600000002,36.334911500000004,146.50722100000002,263.513921,65.87848025,263.877255,199.06940600000001,49.767351500000004,199.31151
U,64,1,3,56,4,698.609994,490.476459,493.52154399999995,208.13353500000005,174.6524985,122.61911475,52.03338375000001,230.58194599999996,57.64548649999999,231.86969,130.751579,32.68789475,130.98012,129.142934,32.2857335,130.671734
U,64,1,3,57,4,651.689911,551.772883,553.223958,99.91702800000007,162.92247775,137.94322075,24.97925700000002,289.836028,72.459007,290.695459,128.125203,32.03130075,128.585369,133.81165199999998,33.452912999999995,133.94313
U,64,1,3,58,4,666.524214,564.920717,566.433671,101.60349700000006,166.6310535,141.23017925,25.400874250000015,193.76622,48.441555,194.23175500000002,132.98295199999998,33.245737999999996,133.123466,238.171545,59.54288625,239.07845
U,64,1,3,59,4,580.846569,477.655589,479.549535,103.19098000000002,145.21164225,119.41389725,25.797745000000006,137.768467,34.44211675,137.943083,138.932397,34.73309925,139.713958,200.954725,50.23868125,201.892494
U,64,1,3,60,4,713.442668,613.2534700000001,615.0646320000001,100.18919799999992,178.360667,153.31336750000003,25.04729949999998,289.74647000000004,72.43661750000001,290.78533500000003,124.357516,31.089379,125.001032,199.149484,49.787371,199.278265
U,64,1,3,61,4,759.458182,622.215736,623.7813860000001,137.24244599999997,189.8645455,155.553934,34.31061149999999,188.38961,47.0974025,188.60909800000002,293.726674,73.4316685,294.186657,140.09945199999999,35.024862999999996,140.985631
U,64,1,3,62,4,1140.807398,810.4747279999999,813.776413,330.33267,285.2018495,202.61868199999998,82.5831675,293.395221,73.34880525,294.765404,316.40041299999996,79.10010324999999,317.258011,200.67909399999996,50.16977349999999,201.75299800000002
U,64,1,3,63,4,864.124844,746.5963729999999,749.62134,117.5284710000002,216.031211,186.64909324999996,29.38211775000005,303.04794499999997,75.76198624999999,304.468431,238.67458399999998,59.668645999999995,239.70931800000002,204.87384400000002,51.218461000000005,205.443591
U,64,1,3,64,4,900.533412,549.702404,551.716579,350.831008,225.133353,137.425601,87.707752,138.596068,34.649017,140.008221,270.269668,67.567417,270.718289,140.836668,35.209167,140.990069
U,64,1,3,65,4,939.978508,637.019127,639.133617,302.959381,234.994627,159.25478175,75.73984525,208.227945,52.05698625,209.73816300000001,290.175124,72.543781,290.62426,138.616058,34.6540145,138.77119399999998
U,64,1,3,66,4,910.179348,520.793811,521.646731,389.385537,227.544837,130.19845275,97.34638425,239.101924,59.775481,239.468115,142.934183,35.73354575,143.309342,138.757704,34.689426,138.869274
U,64,1,3,67,4,952.067022,756.7285840000002,758.852264,195.33843799999977,238.0167555,189.18214600000005,48.83460949999994,297.48688500000003,74.37172125000001,298.145583,248.96772600000003,62.24193150000001,249.20430000000002,210.273973,52.56849325,211.502381
U,64,1,3,68,4,1172.532483,810.4080489999999,811.734674,362.12443400000006,293.13312075,202.60201224999997,90.53110850000002,299.47683299999994,74.86920824999999,299.918628,273.287331,68.32183275,273.642555,237.64388499999998,59.410971249999996,238.17349099999998
U,64,1,3,69,4,598.527307,496.69262000000003,497.846433,101.83468699999992,149.63182675,124.17315500000001,25.45867174999998,148.322952,37.080738,148.807038,165.22777000000002,41.306942500000005,165.8531,183.141898,45.7854745,183.18629499999997
U,64,1,3,70,4,917.966265,816.543118,819.128783,101.42314699999997,229.49156625,204.1357795,25.355786749999993,189.90489200000002,47.476223000000005,190.89344699999998,265.520078,66.3800195,266.77948,361.118148,90.279537,361.45585600000004
U,64,1,3,71,4,891.490615,787.951451,791.038732,103.53916400000003,222.87265375,196.98786275,25.884791000000007,218.790157,54.69753925,219.275774,295.72527,73.9313175,297.733052,273.436024,68.359006,274.029906
U,64,1,3,72,4,757.634637,640.942709,642.436058,116.69192799999996,189.40865925,160.23567725,29.17298199999999,255.85519499999998,63.963798749999995,256.107786,256.528992,64.132248,257.630512,128.558522,32.1396305,128.69776
U,64,1,3,73,4,843.80642,697.5204480000001,699.992656,146.2859719999999,210.951605,174.38011200000003,36.571492999999975,258.086088,64.521522,259.556369,302.07715800000005,75.51928950000001,302.771576,137.357202,34.3393005,137.664711
U,64,1,3,74,4,874.474399,562.1245759999999,563.215761,312.349823,218.61859975,140.53114399999998,78.08745575,139.369575,34.84239375,139.60625100000001,282.113826,70.5284565,282.85757,140.64117499999998,35.160293749999994,140.75194
U,64,1,3,75,4,746.780196,574.58371,576.462869,172.19648600000005,186.695049,143.6459275,43.04912150000001,139.875075,34.96876875,140.867398,241.246834,60.3117085,241.674791,193.46180099999998,48.365450249999995,193.92068
U,64,1,3,76,4,816.382622,638.585247,641.1686569999999,177.797375,204.0956555,159.64631175,44.44934375,196.96405199999998,49.241012999999995,197.35693,131.63424899999998,32.908562249999996,132.405681,309.986946,77.4967365,311.406046
U,64,1,3,77,4,1101.191759,661.217081,664.389315,439.97467800000004,275.29793975,165.30427025,109.99366950000001,136.646661,34.16166525,136.794439,274.753884,68.688471,276.563017,249.81653599999999,62.454133999999996,251.031859
U,64,1,3,78,4,710.284628,489.484001,490.71659,220.80062700000002,177.571157,122.37100025,55.200156750000005,132.919573,33.22989325,133.083678,131.49696799999998,32.874241999999995,132.14228,225.06745999999998,56.266864999999996,225.490632
U,64,1,3,79,4,1110.519845,836.066202,838.8612189999999,274.45364300000006,277.62996125,209.0165505,68.61341075000001,287.953566,71.9883915,288.99735699999997,271.50762499999996,67.87690624999999,272.901281,276.605011,69.15125275,276.962581
U,64,1,3,80,4,925.068292,692.095779,694.4079770000001,232.97251300000005,231.267073,173.02394475,58.24312825000001,284.038042,71.0095105,285.174063,179.144768,44.786192,179.413335,228.91296899999998,57.228242249999994,229.820579
U,64,1,3,81,4,971.164667,738.031138,740.505459,233.13352899999995,242.79116675,184.5077845,58.28338224999999,292.28533200000004,73.07133300000001,293.33696599999996,313.946215,78.48655375,315.242888,131.799591,32.94989775,131.92560500000002
U,64,1,3,82,4,930.872863,827.0295450000001,828.927874,103.84331799999995,232.71821575,206.75738625000002,25.96082949999999,305.118963,76.27974075,306.179551,215.64570600000002,53.911426500000005,216.099008,306.264876,76.566219,306.649315
U,64,1,3,83,4,639.365364,536.756401,538.905109,102.60896300000002,159.841341,134.18910025,25.652240750000004,278.213962,69.5534905,279.674906,127.76047200000001,31.940118000000002,127.932827,130.781967,32.69549175,131.297376
U,64,1,3,84,4,495.031096,393.480727,394.79968299999996,101.55036899999999,123.757774,98.37018175,25.387592249999997,127.574521,31.89363025,128.01880899999998,133.290222,33.3225555,133.987862,132.615984,33.153996,132.793012
U,64,1,3,85,4,753.059295,604.428286,605.337641,148.63100900000006,188.26482375,151.1070715,37.157752250000016,326.70165,81.6754125,327.000159,145.80030000000002,36.450075000000005,145.975168,131.926336,32.981584,132.362314
U,64,1,3,86,4,1010.486873,723.257505,726.511129,287.2293679999999,252.62171825,180.81437625,71.80734199999998,312.502995,78.12574875,314.29510700000003,199.799612,49.949903,200.43481500000001,210.95489800000001,52.738724500000004,211.781207
U,64,1,3,87,4,699.913023,418.63735899999995,421.71771,281.275664,174.97825575,104.65933974999999,70.318916,128.58762900000002,32.146907250000005,129.707269,134.50757199999998,33.626892999999995,135.152476,155.542158,38.8855395,156.857965
U,64,1,3,88,4,628.938575,515.2621260000001,516.586566,113.67644899999993,157.23464375,128.81553150000002,28.419112249999984,136.612621,34.15315525,136.75363399999998,139.846669,34.96166725,140.408424,238.802836,59.700709,239.424508
U,64,1,3,89,4,953.269941,688.897861,690.766235,264.37208,238.31748525,172.22446525,66.09302,193.392631,48.34815775,193.589611,208.92679,52.2316975,209.520251,286.57844,71.64461,287.656373
U,64,1,3,90,4,1147.981031,877.124402,880.811125,270.856629,286.99525775,219.2811005,67.71415725,145.289211,36.32230275,145.44624700000003,415.284176,103.821044,417.458702,316.551015,79.13775375,317.906176
U,64,1,3,91,4,1208.518059,895.4708209999999,900.335067,313.0472380000001,302.12951475,223.86770524999997,78.26180950000003,270.24966399999994,67.56241599999998,270.53049799999997,319.047415,79.76185375,321.57107,306.173742,76.5434355,308.233499
U,64,1,3,92,4,977.590398,747.5789030000001,750.347843,230.01149499999997,244.3975995,186.89472575000002,57.50287374999999,303.93640800000003,75.98410200000001,304.314116,312.115006,78.0287515,312.460584,131.527489,32.88187225,133.57314300000002
U,64,1,3,93,4,1093.983943,796.1321909999999,799.2257309999999,297.85175200000003,273.49598575,199.03304774999998,74.46293800000001,259.07164,64.76791,259.437553,283.340561,70.83514025,283.828061,253.71999,63.4299975,255.96011699999997
U,64,1,3,94,4,777.249016,671.988623,673.6909459999999,105.26039300000002,194.312254,167.99715575,26.315098250000005,199.252409,49.81310225,199.379394,269.743498,67.4358745,270.901652,202.99271599999997,50.74817899999999,203.4099
U,64,1,3,95,4,801.616705,698.9932309999999,701.160599,102.6234740000001,200.40417625,174.74830774999998,25.655868500000025,135.39471699999999,33.848679249999996,135.994588,229.14402800000002,57.286007000000005,230.178371,334.454486,83.6136215,334.98764
U,64,1,3,96,4,656.580357,555.6051669999999,556.798584,100.97519000000011,164.14508925,138.90129174999998,25.243797500000028,127.91560299999999,31.978900749999998,128.120819,133.934582,33.4836455,134.010447,293.754982,73.4387455,294.667318
U,64,1,3,97,4,584.013842,467.95921500000003,468.899419,116.05462699999993,146.0034605,116.98980375000001,29.01365674999998,204.96319599999998,51.240798999999996,205.175339,132.988171,33.24704275,133.501524,130.00784800000002,32.501962000000006,130.222556
U,64,1,3,98,4,913.782363,624.36763,625.8912849999999,289.41473300000007,228.44559075,156.0919075,72.35368325000002,129.789006,32.4472515,129.870497,289.045306,72.2613265,290.325361,205.533318,51.3833295,205.695427
U,64,1,3,99,4,796.195955,607.894799,609.884171,188.301156,199.04898875,151.97369975,47.075289,142.947084,35.736771,143.399874,313.972477,78.49311925,315.355053,150.975238,37.7438095,151.129244
U,64,1,3,100,4,927.652164,645.97883,648.0355500000001,281.67333399999995,231.913041,161.4947075,70.41833349999999,135.41521600000002,33.853804000000004,135.853858,301.249838,75.3124595,302.00879000000003,209.31377600000002,52.328444000000005,210.17290200000002
U,64,1,3,101,4,889.553311,556.046307,558.141516,333.50700400000005,222.38832775,139.01157675,83.37675100000001,296.885298,74.2213245,298.706236,128.547673,32.13691825,128.662077,130.613336,32.653334,130.773203
U,64,1,3,102,4,963.707937,672.231938,674.8363400000001,291.475999,240.92698425,168.0579845,72.86899975,307.801959,76.95048975,309.452015,158.225162,39.5562905,158.96362,206.204817,51.55120425,206.420705
U,64,1,3,103,4,962.848516,741.571229,744.011304,221.277287,240.712129,185.39280725,55.31932175,283.559337,70.88983425,285.565403,209.07908600000002,52.269771500000004,209.286994,248.932806,62.2332015,249.158907
U,64,1,3,104,4,959.274351,623.255747,626.017938,336.018604,239.81858775,155.81393675,84.004651,267.128216,66.782054,269.33329200000003,142.40436300000002,35.601090750000004,142.68210100000002,213.72316800000002,53.430792000000004,214.002545
U,64,1,3,105,4,681.188254,577.068896,580.302498,104.11935800000003,170.2970635,144.267224,26.02983950000001,277.87048799999997,69.46762199999999,279.186572,136.01439200000002,34.003598000000004,136.310063,163.184016,40.796004,164.805863
U,64,1,3,106,4,844.532235,741.6441550000001,742.821596,102.88807999999995,211.13305875,185.41103875000002,25.722019999999986,284.52525399999996,71.13131349999999,284.754118,332.228113,83.05702825,333.063395,124.890788,31.222697,125.00408300000001
U,64,1,3,107,4,806.888167,704.593607,707.403828,102.29455999999993,201.72204175,176.14840175,25.573639999999983,233.04493000000002,58.261232500000006,234.106505,335.30089,83.8252225,336.986877,136.24778700000002,34.061946750000004,136.310446
U,64,1,3,108,4,1015.214172,895.6942879999999,897.535095,119.51988400000005,253.803543,223.92357199999998,29.879971000000012,274.138242,68.5345605,274.423971,323.650713,80.91267825,324.945845,297.905333,74.47633325,298.165279
U,64,1,3,109,4,987.59634,726.6352089999999,728.2434430000001,260.96113100000014,246.899085,181.65880224999998,65.24028275000003,261.855961,65.46399025,262.301017,128.587314,32.1468285,128.725587,336.19193399999995,84.04798349999999,337.216839
U,64,1,3,110,4,806.712594,688.146479,690.1243300000001,118.56611499999997,201.6781485,172.03661975,29.641528749999992,270.387575,67.59689375,270.693322,127.59817400000001,31.899543500000004,127.869115,290.16073,72.5401825,291.561893
U,64,1,3,111,4,792.969559,455.91216099999997,457.908703,337.05739800000003,198.24238975,113.97804024999999,84.26434950000001,126.89108,31.72277,128.16362600000002,131.443376,32.860844,131.955871,197.57770499999998,49.394426249999995,197.78920599999998
U,64,1,3,112,4,862.470981,576.312671,578.380404,286.15831000000003,215.61774525,144.07816775,71.53957750000001,141.33138300000002,35.332845750000004,141.88765999999998,135.886833,33.97170825,135.981146,299.09445500000004,74.77361375000001,300.511598
U,64,1,3,113,4,838.515898,530.505472,531.616196,308.01042599999994,209.6289745,132.626368,77.00260649999998,141.81114499999998,35.452786249999996,141.859854,133.928178,33.4820445,134.193598,254.76614899999998,63.691537249999996,255.562744
U,64,1,3,114,4,1043.256358,849.788542,855.0622480000001,193.46781600000008,260.8140895,212.4471355,48.36695400000002,135.543035,33.88575875,135.65461100000002,369.313131,92.32828275,372.816003,344.932376,86.233094,346.591634
U,64,1,3,115,4,1000.275311,733.824717,736.7944130000001,266.450594,250.06882775,183.45617925,66.6126485,140.312927,35.07823175,140.771276,273.295108,68.323777,274.033278,320.216682,80.0541705,321.989859
U,64,1,3,116,4,738.396615,635.691255,638.265581,102.70536000000004,184.59915375,158.92281375,25.67634000000001,133.09329,33.2733225,133.244494,251.415476,62.853869,253.081446,251.18248899999998,62.795622249999994,251.939641
U,64,1,3,117,4,1032.19534,929.9717430000001,933.2707640000001,102.22359699999993,258.048835,232.49293575000002,25.55589924999998,306.07239400000003,76.51809850000001,307.01703200000003,308.408235,77.10205875,310.497367,315.491114,78.8727785,315.756365
U,64,1,3,118,4,853.600456,730.914082,732.1384509999999,122.686374,213.400114,182.7285205,30.6715935,123.628775,30.90719375,124.080591,286.87044,71.71761,287.231337,320.414867,80.10371675,320.82652299999995
U,64,1,3,119,4,931.751164,636.882208,637.980159,294.868956,232.937791,159.220552,73.717239,187.89793,46.9744825,188.09833400000002,131.07962,32.769905,131.331162,317.904658,79.4761645,318.550663
F,1,1,4,0,4,56.002301,20.988628,21.007458,35.013673000000004,14.00057525,5.247157,8.753418250000001,6.118023,1.52950575,6.122782,5.880041,1.47001025,5.8870059999999995,8.990564,2.247641,8.997670000000001
F,1,1,4,1,4,61.684047,25.002489,25.230114999999998,36.681557999999995,15.42101175,6.25062225,9.170389499999999,6.808021,1.70200525,6.832555999999999,6.7643320000000005,1.6910830000000001,6.916442,11.430136000000001,2.8575340000000002,11.481117
F,1,1,4,2,4,52.297095,12.226995,12.269044,40.0701,13.07427375,3.05674875,10.017525,4.639132,1.159783,4.645149,3.705877,0.92646925,3.713315,3.881986,0.9704965,3.91058
F,1,1,4,3,4,54.053328,21.461754,21.539355,32.591574,13.513332,5.3654385,8.1478935,6.005039,1.50125975,6.036837,6.489938,1.6224845,6.495852,8.966777,2.24169425,9.006666
F,1,1,4,4,4,44.881983,11.648957000000001,11.670872,33.233025999999995,11.22049575,2.9122392500000003,8.308256499999999,3.9491120000000004,0.9872780000000001,3.95531,3.93292,0.98323,3.940984,3.766925,0.94173125,3.774578
F,1,1,4,5,4,45.326067,11.922521999999999,12.01736,33.403545,11.33151675,2.9806304999999997,8.35088625,4.155088999999999,1.0387722499999998,4.179921,3.9464619999999995,0.9866154999999999,3.991218,3.820971,0.95524275,3.846221
F,1,1,4,6,4,48.609009,16.250133,16.271139,32.358875999999995,12.15225225,4.06253325,8.089718999999999,4.563286000000001,1.1408215000000002,4.569951,5.075108,1.268777,5.082121,6.611739,1.65293475,6.619067
F,1,1,4,7,4,45.238646,12.278235,12.299885,32.960411,11.3096615,3.06955875,8.24010275,3.218293,0.80457325,3.2249879999999997,4.7595790000000004,1.1898947500000001,4.766787000000001,4.300363,1.07509075,4.30811
F,1,1,4,8,4,48.359432,16.113132,16.133786999999998,32.2463,12.089858,4.028283,8.061575,4.534173,1.13354325,4.540747,4.805509,1.20137725,4.812547,6.77345,1.6933625,6.780493
F,1,1,4,9,4,45.01721,11.123415999999999,11.123329,33.893794,11.2543025,2.7808539999999997,8.4734485,3.002363,0.75059075,3.008962,2.868956,0.717239,2.876975,5.252097,1.31302425,5.237392
F,1,1,4,10,4,49.406852,14.895202999999999,14.930597,34.511649000000006,12.351713,3.7238007499999997,8.627912250000001,4.7759860000000005,1.1939965000000001,4.7993760000000005,4.352710999999999,1.0881777499999998,4.360277,5.766506,1.4416265,5.770944
F,1,1,4,11,4,48.166758,15.266069,15.309492,32.900689,12.0416895,3.81651725,8.22517225,5.022692,1.255673,5.029024,3.0105850000000003,0.7526462500000001,3.018349,7.232792,1.808198,7.262119
F,1,1,4,12,4,42.712922,9.419098,9.434041,33.293824,10.6782305,2.3547745,8.323456,3.615334,0.9038335,3.621683,2.9779869999999997,0.7444967499999999,2.97863,2.8257770000000004,0.7064442500000001,2.833728
F,1,1,4,13,4,41.758557,8.940342999999999,8.962481,32.818214000000005,10.43963925,2.2350857499999996,8.204553500000001,3.0264249999999997,0.7566062499999999,3.03327,2.827629,0.70690725,2.835106,3.086289,0.77157225,3.094105
F,1,1,4,14,4,41.831675,8.810579,9.442083,33.021096,10.45791875,2.20264475,8.255274,3.028645,0.75716125,3.0716829999999997,2.901687,0.72542175,2.943882,2.880247,0.72006175,3.426518
F,1,1,4,15,4,48.412294,11.247,11.267638999999999,37.165294,12.1030735,2.81175,9.2913235,3.017272,0.754318,3.0237560000000006,2.870333,0.71758325,2.877685,5.359395,1.33984875,5.366198
F,1,1,4,16,4,50.256306,13.849302,14.629242,36.407004,12.5640765,3.4623255,9.101751,5.169002000000001,1.2922505000000002,5.460438,3.225731,0.80643275,3.472726,5.454568999999999,1.3636422499999998,5.696078
F,1,1,4,17,4,46.274185,12.881903000000001,12.973676999999999,33.392282,11.56854625,3.2204757500000003,8.3480705,4.615845,1.15396125,4.623931,4.197756,1.049439,4.258588,4.068302,1.0170755,4.091158
F,1,1,4,18,4,52.506396,17.908421,18.317262,34.597975000000005,13.126599,4.47710525,8.649493750000001,7.720858,1.9302145,7.762403,6.10435,1.5260875,6.238237,4.083213000000001,1.0208032500000002,4.316622000000001
F,1,1,4,19,4,58.15274,22.586461,22.635098,35.566279,14.538185,5.64661525,8.89156975,8.078581,2.01964525,8.08651,4.168025,1.04200625,4.178012,10.339855,2.58496375,10.370576
F,1,1,4,20,4,50.657152,16.006666,16.094549,34.650486,12.664288,4.0016665,8.6626215,4.218591,1.05464775,4.227436,4.309723,1.07743075,4.364006,7.478352,1.869588,7.503107
F,1,1,4,21,4,57.413182,23.377271999999998,23.458941,34.03591,14.3532955,5.8443179999999995,8.5089775,7.063263000000001,1.7658157500000002,7.071802,7.092689,1.77317225,7.102847,9.221319999999999,2.3053299999999997,9.284292
F,1,1,4,22,4,53.789086,19.977631,20.035479,33.811454999999995,13.4472715,4.99440775,8.452863749999999,6.401952,1.600488,6.441152,7.513947,1.87848675,7.522973,6.061732,1.515433,6.0713539999999995
F,1,1,4,23,4,54.191355,19.414386999999998,19.440331,34.776968000000004,13.54783875,4.8535967499999995,8.694242000000001,5.442776,1.360694,5.44978,6.502279,1.62556975,6.511604999999999,7.469332,1.867333,7.4789460000000005
F,1,1,4,24,4,46.390248,13.199228999999999,13.332992999999998,33.191019,11.597562,3.2998072499999997,8.29775475,4.823079999999999,1.2057699999999998,4.93732,4.287457,1.07186425,4.2974239999999995,4.088692,1.022173,4.098249
F,1,1,4,25,4,44.191248,12.20852,12.235980000000001,31.982728,11.047812,3.05213,7.995682,4.132968,1.033242,4.14081,4.059718999999999,1.0149297499999999,4.069591,4.015833,1.00395825,4.025579
F,1,1,4,26,4,44.590269,12.392004,14.883975,32.198265,11.14756725,3.098001,8.04956625,4.205646,1.0514115,4.66428,4.066313,1.01657825,4.438537999999999,4.120045,1.03001125,5.781157
F,1,1,4,27,4,45.094318,12.379054,12.406515,32.715264000000005,11.2735795,3.0947635,8.178816000000001,4.209437,1.05235925,4.217294,4.131402,1.0328505,4.141287,4.038215,1.00955375,4.047934
F,1,1,4,28,4,51.794507,19.360393000000002,19.642695999999997,32.434114,12.94862675,4.8400982500000005,8.1085285,8.795448,2.198862,9.046835,6.473659,1.61841475,6.494927,4.091286,1.0228215,4.100934
F,1,1,4,29,4,61.332688,25.087821,25.115044,36.244867,15.333172,6.27195525,9.06121675,4.227952999999999,1.0569882499999999,4.236058,10.219169,2.55479225,10.227997,10.640699000000001,2.6601747500000004,10.650989000000001
F,1,1,4,30,4,55.985803,23.342399,23.573161,32.643404,13.99645075,5.83559975,8.160851,8.094085,2.02352125,8.101282,8.091663,2.02291575,8.102086,7.156650999999999,1.7891627499999998,7.3697930000000005
F,1,1,4,31,4,61.135555,25.907632,26.048547999999997,35.227923,15.28388875,6.476908,8.80698075,8.192117999999999,2.0480294999999997,8.227722,9.579899,2.39497475,9.59126,8.135615,2.03390375,8.229566
F,1,1,4,32,4,53.936902,19.464747000000003,19.500256,34.472155,13.4842255,4.866186750000001,8.61803875,8.368968,2.092242,8.379932,5.670609,1.41765225,5.682704,5.42517,1.3562925,5.43762
F,1,1,4,33,4,64.452209,27.163124999999997,27.336187000000002,37.289084,16.11305225,6.790781249999999,9.322271,5.571923999999999,1.3929809999999998,5.582789,12.406040999999998,3.1015102499999996,12.529596999999999,9.18516,2.29629,9.223801
F,1,1,4,34,4,51.146144,17.305012,17.369833,33.841132,12.786536,4.326253,8.460283,6.420330999999999,1.6050827499999998,6.459116,5.428916000000001,1.3572290000000002,5.442437,5.455765,1.36394125,5.46828
F,1,1,4,35,4,57.803957,23.150133,23.752505,34.653824,14.45098925,5.78753325,8.663456,5.489796,1.372449,5.546852,9.525179,2.38129475,9.563773,8.135158,2.0337895,8.64188
F,1,1,4,36,4,62.155,26.992987999999997,27.129576,35.162012000000004,15.53875,6.748246999999999,8.790503000000001,6.640877,1.66021925,6.650231,8.403777,2.10094425,8.415893,11.948334,2.9870835,12.063452000000002
F,1,1,4,37,4,65.171556,27.886642000000002,27.942536999999998,37.28491399999999,16.292889,6.9716605000000005,9.321228499999998,9.248866,2.3122165,9.280742,5.593056000000001,1.3982640000000002,5.606268999999999,13.04472,3.26118,13.055525999999999
F,1,1,4,38,4,67.54498,29.985939000000002,30.075673000000002,37.55904099999999,16.886245,7.4964847500000005,9.389760249999998,10.201795,2.55044875,10.211911,11.816856999999999,2.9542142499999997,11.873097999999999,7.967287000000001,1.9918217500000002,7.990664000000001
F,1,1,4,39,4,64.426948,23.13389,23.253633999999998,41.293057999999995,16.106737,5.7834725,10.323264499999999,5.541758999999999,1.3854397499999997,5.581428,9.481694,2.3704235,9.548976,8.110437000000001,2.0276092500000003,8.123230000000001
F,1,1,4,40,4,64.576353,27.056440000000002,27.089335999999996,37.519912999999995,16.14408825,6.7641100000000005,9.379978249999999,8.434535,2.10863375,8.444352,6.744726,1.6861815,6.756771,11.877179000000002,2.9692947500000004,11.888212999999999
F,1,1,4,41,4,79.348668,28.497191,28.554421000000005,50.851477,19.837167,7.12429775,12.71286925,10.642323,2.66058075,10.651472000000002,8.36717,2.0917925,8.373093,9.487698,2.3719245,9.529856
F,1,1,4,42,4,101.799078,31.141101,33.786919999999995,70.65797699999999,25.4497695,7.78527525,17.664494249999997,6.654314,1.6635785,6.6645769999999995,13.571179,3.39279475,14.566203,10.915607999999999,2.7289019999999997,12.55614
F,1,1,4,43,4,70.016979,19.819616000000003,19.854709999999997,50.197363,17.50424475,4.954904000000001,12.54934075,5.659804,1.414951,5.669843999999999,5.514028,1.378507,5.526752,8.645784,2.161446,8.658114
F,1,1,4,44,4,96.139982,39.56691,39.598532,56.573072,24.0349955,9.8917275,14.143268,8.889841,2.22246025,8.900257,17.641296999999998,4.4103242499999995,17.652064,13.035772000000001,3.2589430000000004,13.046211
F,1,1,4,45,4,75.681719,17.418917,17.453446,58.262802,18.92042975,4.35472925,14.5657005,6.084150999999999,1.5210377499999999,6.093583000000001,5.819666,1.4549165,5.832295,5.5150999999999994,1.3787749999999999,5.527568
F,1,1,4,46,4,58.137326,20.446013,20.531568,37.691313,14.5343315,5.11150325,9.42282825,5.4788,1.3697,5.512614,5.393828,1.348457,5.433351999999999,9.573385,2.39334625,9.585602000000002
F,1,1,4,47,4,63.430014,25.280929,25.306651000000002,38.149085,15.8575035,6.32023225,9.53727125,9.954771000000001,2.4886927500000002,9.966474000000002,7.915228,1.978807,7.927988,7.4109300000000005,1.8527325000000001,7.4121890000000015
F,1,1,4,48,4,61.73697,25.583728999999998,25.62997,36.153241,15.4342425,6.3959322499999995,9.03831025,9.621127999999999,2.4052819999999997,9.637914,7.009949000000001,1.7524872500000002,7.0185960000000005,8.952652,2.238163,8.973460000000001
F,1,1,4,49,4,53.822964,18.345685,18.369521,35.477278999999996,13.455741,4.58642125,8.869319749999999,5.691058,1.4227645,5.697255999999999,4.772738,1.1931845,4.781971,7.881889,1.97047225,7.890294
F,1,1,4,50,4,95.13361,23.702694,23.954968,71.430916,23.7834025,5.9256735,17.857729,7.027513,1.75687825,7.153855999999999,7.0698810000000005,1.7674702500000001,7.085552,9.6053,2.401325,9.71556
F,1,1,4,51,4,119.739329,28.080475999999997,28.131273999999998,91.658853,29.93483225,7.020118999999999,22.91471325,8.650921,2.16273025,8.658049,7.040069,1.76001725,7.047779,12.389486,3.0973715,12.425445999999999
F,1,1,4,52,4,110.109476,12.444932999999999,12.496281,97.66454300000001,27.527369,3.1112332499999997,24.416135750000002,4.628981,1.15724525,4.636081,3.943555,0.98588875,3.9789499999999998,3.872397,0.96809925,3.8812500000000005
F,1,1,4,53,4,120.940221,24.174471000000004,24.248575000000002,96.76575,30.23505525,6.043617750000001,24.1914375,8.863827,2.21595675,8.888403,8.118484,2.029621,8.162524,7.192159999999999,1.7980399999999999,7.197648
F,1,1,4,54,4,124.489006,28.947877999999996,28.997750000000003,95.54112800000001,31.1222515,7.236969499999999,23.885282000000004,8.30361,2.0759025,8.340382,10.627144999999999,2.6567862499999997,10.633593000000001,10.017123,2.50428075,10.023775
F,1,1,4,55,4,97.768382,17.960228,17.977034,79.808154,24.4420955,4.490057,19.9520385,5.172771,1.29319275,5.178044,7.139017999999999,1.7847544999999998,7.144258000000001,5.648439,1.41210975,5.654731999999999
F,1,1,4,56,4,84.091145,11.575736000000001,11.595734,72.51540899999999,21.02278625,2.8939340000000002,18.128852249999998,4.1003490000000005,1.0250872500000001,4.106896000000001,3.6669389999999997,0.9167347499999999,3.674126,3.8084480000000003,0.9521120000000001,3.814712
F,1,1,4,57,4,54.67435,20.944079000000002,21.114629,33.730270999999995,13.6685875,5.2360197500000005,8.432567749999999,6.495882,1.6239705,6.630171,8.853446000000002,2.2133615000000004,8.883276,5.5947510000000005,1.3986877500000001,5.6011820000000005
F,1,1,4,58,4,45.12972,11.138945,11.155541,33.990775,11.28243,2.78473625,8.49769375,3.8004170000000004,0.9501042500000001,3.8075409999999996,3.638818,0.9097045,3.646711,3.69971,0.9249275,3.7012889999999996
F,1,1,4,59,4,43.742679,11.277180999999999,11.296886,32.465498000000004,10.93566975,2.8192952499999997,8.116374500000001,3.787673,0.94691825,3.794051,3.759362,0.9398405,3.765305,3.730146,0.9325365,3.73753
F,1,1,4,60,4,56.835322,23.131514000000003,23.176447000000003,33.703807999999995,14.2088305,5.782878500000001,8.425951999999999,7.261240000000001,1.8153100000000002,7.292125,9.589216,2.397304,9.596236999999999,6.281058,1.5702645,6.288085000000001
F,1,1,4,61,4,49.509717,16.781313,16.825648,32.728404,12.37742925,4.19532825,8.182101,6.455359,1.61383975,6.461693,3.6932980000000004,0.9233245000000001,3.700735,6.632656000000001,1.6581640000000002,6.663220000000001
F,1,1,4,62,4,48.924732,16.099420000000002,16.145784,32.825312,12.231183,4.0248550000000005,8.206328,3.909648,0.977412,3.9411329999999998,6.672659,1.66816475,6.679416,5.517113,1.37927825,5.525235
F,1,1,4,63,4,57.842951,23.058488,23.147116,34.784463,14.46073775,5.764622,8.69611575,8.139573,2.03489325,8.145629,5.508919,1.37722975,5.585508,9.409996,2.352499,9.415979
F,1,1,4,64,4,55.391895,20.951766,20.971726999999998,34.440129,13.84797375,5.2379415,8.61003225,8.957408000000001,2.2393520000000002,8.962632,5.508148,1.377037,5.515192,6.48621,1.6215525,6.4939029999999995
F,1,1,4,65,4,44.584105,12.469713,13.032041,32.114392,11.14602625,3.11742825,8.028598,3.691671,0.92291775,3.697426,4.20559,1.0513975,4.723077,4.572452,1.143113,4.611538
F,1,1,4,66,4,47.049775,12.079664000000001,12.101109999999998,34.970110999999996,11.76244375,3.0199160000000003,8.742527749999999,4.264403,1.06610075,4.271443,2.821673,0.70541825,2.829284,4.993588,1.248397,5.000382999999999
F,1,1,4,67,4,45.866317,12.187427,12.240216,33.67889,11.46657925,3.04685675,8.4197225,5.166953,1.29173825,5.172798,4.210854,1.0527135,4.23055,2.80962,0.702405,2.836868
F,1,1,4,68,4,48.202281,15.490712000000002,15.530365000000002,32.711569,12.05057025,3.8726780000000005,8.17789225,7.172405,1.79310125,7.178009,5.532152000000001,1.3830380000000002,5.558597000000001,2.786155,0.69653875,2.7937589999999997
F,1,1,4,69,4,50.018826,15.245918,15.305191,34.772908,12.5047065,3.8114795,8.693227,4.316312,1.079078,4.322008,6.276397,1.56909925,6.323233,4.653209,1.16330225,4.65995
F,1,1,4,70,4,73.727866,21.147571,21.168604,52.58029500000001,18.4319665,5.28689275,13.145073750000002,6.383248,1.595812,6.389974,4.243371,1.06084275,4.250084,10.520952000000001,2.6302380000000003,10.528545999999999
F,1,1,4,71,4,96.553254,27.142076000000003,27.221155,69.41117799999999,24.1383135,6.785519000000001,17.352794499999998,9.05356,2.26339,9.11928,6.4446200000000005,1.6111550000000001,6.452424000000001,11.643896000000002,2.9109740000000004,11.649451
F,1,1,4,72,4,91.733906,13.029415,13.052697,78.704491,22.9334765,3.25735375,19.67612275,4.813898999999999,1.2034747499999998,4.820614,4.068843,1.01721075,4.076434,4.146673,1.03666825,4.155649
F,1,1,4,73,4,89.732716,11.277351,11.325131,78.455365,22.433179,2.81933775,19.61384125,3.6123890000000003,0.9030972500000001,3.644965,2.919703,0.72992575,2.927512,4.745259,1.18631475,4.752654000000001
F,1,1,4,74,4,112.705994,20.532952,20.588521,92.17304200000001,28.1764985,5.133238,23.043260500000002,9.045737,2.26143425,9.075714000000001,5.644267,1.41106675,5.656678,5.842948,1.460737,5.856128999999999
F,1,1,4,75,4,101.233983,16.98045,17.043794,84.25353299999999,25.30849575,4.2451125,21.063383249999998,5.849251,1.46231275,5.85997,5.616987,1.40424675,5.656411,5.514212,1.378553,5.527413000000001
F,1,1,4,76,4,103.249906,15.617085,15.645710000000001,87.63282099999999,25.8124765,3.90427125,21.908205249999998,5.4821979999999995,1.3705494999999999,5.490485,5.105454,1.2763635,5.11578,5.029433,1.25735825,5.039445000000001
F,1,1,4,77,4,106.831046,20.458267,20.48086,86.37277900000001,26.7077615,5.11456675,21.593194750000002,7.645254,1.9113135,7.651897999999999,5.8121730000000005,1.4530432500000001,5.820326,7.00084,1.75021,7.008636
F,1,1,4,78,4,108.393059,14.486412999999999,14.666619999999998,93.906646,27.09826475,3.6216032499999997,23.4766615,5.344386,1.3360965,5.397342999999999,4.60091,1.1502275,4.706394,4.541117,1.13527925,4.562882999999999
F,1,1,4,79,4,118.452422,27.182181,27.215018,91.270241,29.6131055,6.79554525,22.81756025,8.600976,2.150244,8.610551,5.625164,1.406291,5.6356850000000005,12.956040999999999,3.2390102499999998,12.968782000000001
F,1,1,4,80,4,119.660404,33.749174,38.53591,85.91123,29.915101,8.4372935,21.4778075,11.606925,2.90173125,11.704964,9.566364,2.391591,13.698833,12.575885,3.14397125,13.132113
F,1,1,4,81,4,73.945218,34.994459,35.027135,38.950759,18.4863045,8.74861475,9.73768975,9.169939,2.29248475,9.17887,15.255284999999999,3.8138212499999997,15.266509,10.569235,2.64230875,10.581755999999999
F,1,1,4,82,4,115.134451,38.187045,38.23594,76.947406,28.78361275,9.54676125,19.2368515,9.047312,2.261828,9.058406999999999,13.986483999999999,3.4966209999999998,13.997152,15.153249,3.78831225,15.180381
F,1,1,4,83,4,115.995907,17.184473,17.292981,98.811434,28.99897675,4.29611825,24.7028585,5.848902,1.4622255,5.873088000000001,5.802257,1.45056425,5.858236,5.533314000000001,1.3833285000000002,5.561656999999999
F,1,1,4,84,4,112.660234,16.880553,16.914841,95.77968100000001,28.1650585,4.22013825,23.944920250000003,5.827910999999999,1.4569777499999998,5.836836,5.574450000000001,1.3936125000000001,5.586707,5.478192,1.369548,5.491298
F,1,1,4,85,4,117.970406,22.769554,22.888879000000003,95.200852,29.4926015,5.6923885,23.800213,5.721454,1.4303635,5.7296,8.852198999999999,2.2130497499999997,8.863169000000001,8.195901,2.04897525,8.29611
F,1,1,4,86,4,105.375525,30.225236000000002,30.258368,75.15028899999999,26.34388125,7.556309000000001,18.787572249999997,12.208725000000001,3.0521812500000003,12.218478000000001,8.134432,2.033608,8.146279,9.882079,2.47051975,9.893611
F,1,1,4,87,4,66.350595,23.0761,23.203453000000003,43.274495,16.58764875,5.769025,10.81862375,5.565636,1.391409,5.591471,9.392579000000001,2.3481447500000003,9.438171,8.117885,2.02947125,8.173811
F,1,1,4,88,4,107.532391,33.9126,33.981154000000004,73.619791,26.88309775,8.47815,18.40494775,10.079149000000001,2.5197872500000003,10.074025,12.765399000000002,3.1913497500000005,12.800068,11.068051999999998,2.7670129999999995,11.107061
F,1,1,4,89,4,122.049137,21.514308,21.927694000000002,100.534829,30.51228425,5.378577,25.13370725,5.960138,1.4900345,6.201081,7.258386,1.8145965,7.270826,8.295784,2.073946,8.455787
F,1,1,4,90,4,96.330965,36.38111,37.738209999999995,59.94985500000001,24.08274125,9.0952775,14.987463750000002,10.441803,2.61045075,10.450598,15.093862000000001,3.7734655000000004,16.415074,10.845445,2.71136125,10.872537999999999
F,1,1,4,91,4,95.760361,30.393726,30.510407999999998,65.366635,23.94009025,7.5984315,16.34165875,5.785439,1.44635975,5.795421,13.753589,3.43839725,13.764365999999999,10.854697999999999,2.7136744999999998,10.950620999999998
F,1,1,4,92,4,106.647513,39.720012,39.829981000000004,66.927501,26.66187825,9.930003,16.73187525,14.784113999999999,3.6960284999999997,14.832785999999999,12.535834,3.1339585,12.562753,12.400064,3.100016,12.434442
F,1,1,4,93,4,70.42568,28.001514,28.062779,42.424166,17.60642,7.0003785,10.6060415,6.5092,1.6273,6.520315,9.699525999999999,2.4248814999999997,9.739442,11.792788000000002,2.9481970000000004,11.803022
F,1,1,4,94,4,67.182344,21.989066,22.045484000000002,45.193278,16.795586,5.4972665,11.2983195,6.602358000000001,1.6505895000000002,6.6127780000000005,5.72229,1.4305725,5.734619,9.664418000000001,2.4161045000000003,9.698087000000001
F,1,1,4,95,4,115.533706,38.065754000000005,38.119682999999995,77.467952,28.8834265,9.516438500000001,19.366988,13.902166000000001,3.4755415000000003,13.934107000000001,12.065758,3.0164395,12.077722,12.09783,3.0244575,12.107854
F,1,1,4,96,4,110.958901,17.271312,17.368257999999997,93.687589,27.73972525,4.317828,23.42189725,5.928808,1.482202,5.9414489999999995,5.598204,1.399551,5.6525099999999995,5.744300000000001,1.4360750000000002,5.774299
F,1,1,4,97,4,94.148378,22.029497000000003,22.090692,72.11888099999999,23.5370945,5.507374250000001,18.029720249999997,5.836411,1.45910275,5.847975,5.942092,1.485523,5.955038,10.250994000000002,2.5627485000000005,10.287679
F,1,1,4,98,4,117.749874,22.93575,23.191575999999998,94.814124,29.4374685,5.7339375,23.703531,6.970828,1.742707,7.120774000000001,5.8926039999999995,1.4731509999999999,5.9619029999999995,10.072318,2.5180795,10.108899
F,1,1,4,99,4,107.946659,23.100969,23.169908,84.84568999999999,26.98666475,5.77524225,21.211422499999998,7.068331,1.76708275,7.112623999999999,5.903643,1.47591075,5.915408000000001,10.128995,2.53224875,10.141876
F,1,1,4,100,4,109.402748,18.054875,18.053404,91.347873,27.350687,4.51371875,22.83696825,6.831431999999999,1.7078579999999997,6.84054,5.654156,1.413539,5.6310080000000005,5.569287,1.39232175,5.581856
F,1,1,4,101,4,110.304934,41.985789000000004,42.007725,68.31914499999999,27.5762335,10.496447250000001,17.079786249999998,12.942095,3.23552375,12.949128,17.25651,4.3141275,17.260672,11.787184000000002,2.9467960000000004,11.797925000000001
F,1,1,4,102,4,61.492647,26.369223000000005,26.567715999999997,35.12342399999999,15.37316175,6.592305750000001,8.780855999999998,11.664668000000002,2.9161670000000006,11.703494,6.528172,1.632043,6.539866,8.176383,2.04409575,8.324356
F,1,1,4,103,4,77.756495,39.964097,40.050353,37.792398,19.43912375,9.99102425,9.4480995,14.074631,3.51865775,14.114546,11.953401999999999,2.9883504999999997,11.988871,13.936064,3.484016,13.946936
F,1,1,4,104,4,66.140461,32.04231299999999,32.040404,34.09814800000001,16.53511525,8.010578249999998,8.524537000000002,9.026477,2.25661925,9.035539,8.872456999999999,2.2181142499999997,8.884055,14.143379,3.53584475,14.120810000000002
F,1,1,4,105,4,53.887916,19.646424,19.747557999999998,34.241491999999994,13.471979,4.911606,8.560372999999998,8.789703,2.19742575,8.811187,5.431841,1.35796025,5.467443,5.42488,1.35622,5.468928
F,1,1,4,106,4,50.628569,16.545275,16.593616,34.083293999999995,12.65714225,4.13631875,8.520823499999999,5.526465,1.38161625,5.550311000000001,5.6319740000000005,1.4079935000000001,5.6444980000000005,5.386836,1.346709,5.398807000000001
F,1,1,4,107,4,69.106082,32.337912,32.281981,36.76817,17.2765205,8.084478,9.1920425,11.176512,2.794128,11.186256,9.408290000000001,2.3520725000000002,9.315601000000001,11.75311,2.9382775,11.780124
F,1,1,4,108,4,73.629768,39.772594,39.853669999999994,33.857174,18.407442,9.9431485,8.4642935,14.191649,3.54791225,14.23149,11.178315,2.79457875,11.181447,14.40263,3.6006575,14.440732999999998
F,1,1,4,109,4,57.725143,20.872849000000002,20.906093999999996,36.852294,14.43128575,5.2182122500000006,9.2130735,5.87094,1.467735,5.881238,5.629232999999999,1.4073082499999998,5.6411999999999995,9.372676,2.343169,9.383655999999998
F,1,1,4,110,4,58.367769,21.259665,21.294303,37.108104000000004,14.59194225,5.31491625,9.277026000000001,6.2102379999999995,1.5525594999999999,6.221496,5.624711,1.40617775,5.636682,9.424716,2.356179,9.436125
F,1,1,4,111,4,51.183502,17.588973,17.646909,33.594528999999994,12.7958755,4.39724325,8.398632249999999,6.577418,1.6443545,6.586803,5.6337459999999995,1.4084364999999999,5.670102,5.377809,1.34445225,5.390004
F,1,1,4,112,4,68.508916,35.205693,35.238251,33.303223,17.127229,8.80142325,8.32580575,10.968281999999999,2.7420704999999996,10.979419,8.963306,2.2408265,8.974323,15.274105,3.81852625,15.284509
F,1,1,4,113,4,73.112235,39.38491,39.466961,33.727325,18.27805875,9.8462275,8.43183125,10.558070999999998,2.6395177499999996,10.590617,14.626975,3.65674375,14.637902,14.199864,3.549966,14.238442
F,1,1,4,114,4,50.400522,16.711149,16.758519,33.689373,12.6001305,4.17778725,8.42234325,5.715503,1.42887575,5.738325,5.6420639999999995,1.4105159999999999,5.654699000000001,5.353582,1.3383955,5.365495
F,1,1,4,115,4,61.703477,27.426378,29.057365,34.277099,15.42586925,6.8565945,8.56927475,8.259082,2.0647705,9.040081,5.483073,1.37076825,5.495123,13.684223000000001,3.4210557500000003,14.522161
F,1,1,4,116,4,71.721377,37.072480999999996,37.429304,34.64889600000001,17.93034425,9.268120249999999,8.662224000000002,11.614942000000001,2.9037355000000002,11.623904,17.072412,4.268103,17.098844,8.385127,2.09628175,8.706555999999999
F,1,1,4,117,4,56.122239,20.354494,20.389358,35.767745000000005,14.03055975,5.0886235,8.941936250000001,5.960560999999999,1.4901402499999998,5.970831,5.5608010000000005,1.3902002500000001,5.5734319999999995,8.833131999999999,2.2082829999999998,8.845095
F,1,1,4,118,4,81.278565,42.549067,42.977247000000006,38.729498,20.31964125,10.63726675,9.6823745,16.451369,4.11284225,16.488410000000002,15.039840000000002,3.7599600000000004,15.420337,11.057858,2.7644645,11.0685
F,1,1,4,119,4,66.191595,31.708441,31.946604,34.483154000000006,16.54789875,7.92711025,8.620788500000002,15.639053,3.90976325,15.735333,10.655599,2.66389975,10.785616,5.413789,1.35344725,5.425655
F,4,1,5,0,4,69.272623,35.754859999999994,35.834382,33.517763,17.31815575,8.938714999999998,8.37944075,12.235900999999998,3.0589752499999996,12.270097999999999,11.835849,2.95896225,11.844356,11.68311,2.9207775,11.719928
F,4,1,5,1,4,76.948991,43.935795999999996,44.039074,33.01319500000001,19.23724775,10.983948999999999,8.253298750000003,12.924239,3.23105975,12.93266,17.289122,4.3222805,17.380378,13.722435,3.43060875,13.726036
F,4,1,5,2,4,70.845007,37.958315,38.016546000000005,32.886692,17.71125175,9.48957875,8.221673,13.021288,3.255322,13.004315,12.722328,3.180582,12.788346999999998,12.214699,3.05367475,12.223884000000002
F,4,1,5,3,4,98.021752,61.46683099999999,61.916629,36.554921000000014,24.505438,15.366707749999998,9.138730250000004,24.417901999999998,6.1044754999999995,24.754165,21.444048,5.361012,21.477065000000003,15.604881,3.90122025,15.685399
F,4,1,5,4,4,70.655298,35.918928,36.022676000000004,34.73637,17.6638245,8.979732,8.6840925,12.432879,3.10821975,12.479267,11.86786,2.966965,11.916691,11.618189000000001,2.9045472500000002,11.626718
F,4,1,5,5,4,86.997799,48.842432,49.505656,38.155367,21.74944975,12.210608,9.53884175,15.706693,3.92667325,15.735648999999999,20.943029000000003,5.235757250000001,21.50993,12.19271,3.0481775,12.260077
F,4,1,5,6,4,93.913159,58.358725,58.435379,35.55443399999999,23.47828975,14.58968125,8.888608499999998,15.145114,3.7862785,15.152785999999999,21.950730999999998,5.487682749999999,21.973377,21.262880000000003,5.315720000000001,21.309216
F,4,1,5,7,4,100.873121,63.220839999999995,63.533384,37.652281,25.21828025,15.805209999999999,9.41307025,25.731354,6.4328385,25.771311,20.67725,5.1693125,20.722354,16.812236,4.203059,17.039719
F,4,1,5,8,4,68.671326,34.319707,34.467937,34.35161899999999,17.1678315,8.57992675,8.587904749999998,11.693534,2.9233835,11.700056,11.396825,2.84920625,11.405368000000001,11.229348,2.807337,11.362513
F,4,1,5,9,4,72.603394,37.925179,38.03807,34.678214999999994,18.1508485,9.48129475,8.669553749999999,12.89187,3.2229675,13.015694,12.637972999999999,3.1594932499999997,12.646633,12.395336000000002,3.0988340000000005,12.375743
F,4,1,5,10,4,74.781192,39.776229,39.876367,35.004963000000004,18.695298,9.94405725,8.751240750000001,13.586253000000001,3.3965632500000003,13.608522999999998,13.287856,3.321964,13.340142,12.90212,3.22553,12.927702
F,4,1,5,11,4,76.624978,41.883134999999996,41.999042,34.741843,19.1562445,10.470783749999999,8.68546075,14.249234999999999,3.5623087499999997,14.262722,13.90958,3.477395,13.976434,13.724320000000002,3.4310800000000006,13.759886
F,4,1,5,12,4,80.591255,43.683842,43.734454,36.907413000000005,20.14781375,10.9209605,9.226853250000001,14.824058,3.7060145,14.854652000000002,14.794129000000002,3.6985322500000004,14.804643,14.065655,3.51641375,14.075159000000001
F,4,1,5,13,4,93.158759,57.131861,57.177912000000006,36.026898,23.28968975,14.28296525,9.0067245,16.970582,4.2426455,17.000196,23.12637,5.7815925,23.134433,17.034909,4.25872725,17.043283000000002
F,4,1,5,14,4,93.147862,59.648295000000005,59.765769999999996,33.499567,23.2869655,14.912073750000001,8.37489175,18.896989,4.72424725,18.928856,21.508441,5.37711025,21.558886,19.242865,4.81071625,19.278028
F,4,1,5,15,4,81.483031,46.383508000000006,46.984401,35.09952299999999,20.37075775,11.595877000000002,8.774880749999998,17.656722000000002,4.4141805000000005,17.731178999999997,13.602775,3.40069375,14.091268,15.124011,3.78100275,15.161954
F,4,1,5,16,4,92.39564,57.95221600000001,58.32047,34.44342399999999,23.09891,14.488054000000002,8.610855999999998,19.458191000000003,4.864547750000001,19.463661,18.124749,4.53118725,18.444435,20.369276000000003,5.092319000000001,20.412374
F,4,1,5,17,4,100.92383,55.95862,56.120149999999995,44.96520999999999,25.2309575,13.989655,11.241302499999998,14.254407999999998,3.5636019999999995,14.290889,27.704472000000003,6.926118000000001,27.763166,13.999740000000001,3.4999350000000002,14.066095
F,4,1,5,18,4,101.853259,59.586861,59.662064,42.266397999999995,25.46331475,14.89671525,10.566599499999999,17.242156,4.310539,17.274946,21.933964,5.483491,21.968661,20.410741,5.10268525,20.418457
F,4,1,5,19,4,121.070946,50.130568999999994,52.247347999999995,70.94037700000001,30.2677365,12.532642249999999,17.735094250000003,17.745447,4.43636175,19.779456,16.683404,4.170851,16.757216,15.701718000000001,3.9254295000000003,15.710676000000001
F,4,1,5,20,4,103.713753,54.985154,55.357197,48.728598999999996,25.92843825,13.7462885,12.182149749999999,19.416944,4.854236,19.425154999999997,23.166983,5.79174575,23.520647999999998,12.401226999999999,3.1003067499999997,12.411393999999998
F,4,1,5,21,4,84.600524,50.162539,50.256806,34.43798499999999,21.150131,12.54063475,8.609496249999998,13.790163000000002,3.4475407500000004,13.826747,17.504919,4.37622975,17.553236,18.867457,4.71686425,18.876823
F,4,1,5,22,4,77.908644,43.268981,43.399407,34.639663,19.477161,10.81724525,8.65991575,14.824359999999999,3.7060899999999997,14.876546999999999,14.475603000000001,3.6189007500000003,14.504271000000001,13.969018,3.4922545,14.018589000000002
F,4,1,5,23,4,110.06256,54.688999,54.79052,55.373561,27.51564,13.67224975,13.84339025,19.880022,4.9700055,19.887882,18.736034000000004,4.684008500000001,18.786128,16.072943000000002,4.0182357500000006,16.116509999999998
F,4,1,5,24,4,162.695614,62.639419,62.869405,100.056195,40.6739035,15.65985475,25.01404875,23.88362,5.970905,23.931242,19.793204,4.948301,19.825975,18.962595,4.74064875,19.112188000000003
F,4,1,5,25,4,161.569678,67.37648,67.983965,94.19319800000001,40.3924195,16.84412,23.548299500000002,26.566259000000002,6.641564750000001,26.574647999999996,21.786398,5.4465995,21.973411,19.023823,4.75595575,19.435906
F,4,1,5,26,4,118.068246,60.788501,60.895430000000005,57.279745000000005,29.5170615,15.19712525,14.319936250000001,21.371123,5.34278075,21.379284000000002,24.130359999999996,6.032589999999999,24.219640000000002,15.287018000000002,3.8217545000000004,15.296506
F,4,1,5,27,4,92.237693,55.501649,55.725693,36.73604399999999,23.05942325,13.87541225,9.184010999999998,13.572295,3.39307375,13.763461,19.407230000000002,4.8518075000000005,19.416722000000004,22.522123999999998,5.6305309999999995,22.54551
F,4,1,5,28,4,79.410634,43.985327999999996,45.435365000000004,35.425306000000006,19.8526585,10.996331999999999,8.856326500000002,14.9909,3.747725,16.239061,14.666257,3.66656425,14.676366,14.328171,3.58204275,14.519938000000002
F,4,1,5,29,4,79.582865,44.086055,44.179191,35.496809999999996,19.89571625,11.02151375,8.874202499999999,15.041602000000001,3.7604005000000003,15.065411999999998,14.655463999999998,3.6638659999999996,14.721641000000002,14.388989,3.59724725,14.392138000000001
F,4,1,5,30,4,85.47163,44.412791,44.679985,41.058839000000006,21.3679075,11.10319775,10.264709750000002,15.286603,3.82165075,15.510538999999998,14.788143999999999,3.6970359999999998,14.798815000000001,14.338043999999998,3.5845109999999996,14.370631
F,4,1,5,31,4,120.62403,46.36969,46.513457,74.25434000000001,30.1560075,11.5924225,18.563585000000003,16.085539,4.02138475,16.150281,15.423081,3.85577025,15.490998000000001,14.861069999999998,3.7152674999999995,14.872177999999998
F,4,1,5,32,4,176.282903,76.41767899999999,76.487832,99.86522400000001,44.07072575,19.104419749999998,24.966306000000003,33.307983,8.32699575,33.345116,18.812076,4.703019,18.822657999999997,24.29762,6.074405,24.320058
F,4,1,5,33,4,165.793449,69.229187,69.478805,96.56426200000001,41.44836225,17.30729675,24.141065500000003,27.242240000000002,6.810560000000001,27.386332,27.390618,6.8476545,27.485883,14.596328999999999,3.6490822499999997,14.60659
F,4,1,5,34,4,165.474819,85.940742,86.597865,79.534077,41.36870475,21.4851855,19.88351925,32.277223,8.06930575,32.27576,28.597243,7.14931075,29.118816000000002,25.066276,6.266569,25.203288999999998
F,4,1,5,35,4,132.935152,74.334921,74.785203,58.600230999999994,33.233788,18.58373025,14.650057749999998,23.969496999999997,5.992374249999999,23.979210000000002,22.136461999999998,5.5341154999999995,22.147384000000002,28.228962,7.0572405,28.658609
F,4,1,5,36,4,147.369479,71.829616,72.00935199999999,75.53986300000001,36.84236975,17.957404,18.884965750000003,31.211627,7.80290675,31.273063999999998,14.560955000000002,3.6402387500000004,14.64664,26.057034,6.5142585,26.089648
F,4,1,5,37,4,139.202387,45.665972,45.718818,93.53641499999999,34.80059675,11.416493,23.384103749999998,13.879082,3.4697705,13.912042,16.869398999999998,4.2173497499999995,16.878936,14.917491,3.72937275,14.92784
F,4,1,5,38,4,93.5853,45.620242000000005,45.871725,47.965058,23.396325,11.405060500000001,11.9912645,15.759505,3.93987625,15.838705999999998,15.107749000000002,3.7769372500000005,15.269293000000001,14.752988,3.688247,14.763725999999998
F,4,1,5,39,4,127.034924,61.240925000000004,61.46944,65.793999,31.758731,15.310231250000001,16.44849975,18.332817,4.58320425,18.342072,16.234791,4.05869775,16.444108,26.673317,6.66832925,26.683259999999997
F,4,1,5,40,4,132.194563,69.18697800000001,69.365336,63.00758499999998,33.04864075,17.296744500000003,15.751896249999994,22.490444,5.622611,22.530119999999997,25.171422,6.2928555,25.214816000000003,21.525112,5.381278,21.6204
F,4,1,5,41,4,119.627301,58.078089999999996,58.190309,61.54921100000001,29.90682525,14.519522499999999,15.387302750000002,22.314918,5.5787295,22.323005000000002,15.821887,3.95547175,15.85571,19.941285,4.98532125,20.011594
F,4,1,5,42,4,109.508669,64.377741,64.597653,45.130928,27.37716725,16.09443525,11.282732,19.109348,4.777337,19.149845,23.167815,5.79195375,23.20808,22.100578000000002,5.525144500000001,22.239728000000003
F,4,1,5,43,4,122.276774,49.750319000000005,50.293907000000004,72.526455,30.5691935,12.437579750000001,18.13161375,14.783065,3.69576625,14.905667999999999,19.553117,4.88827925,19.963968,15.414137,3.85353425,15.424271000000001
F,4,1,5,44,4,144.094874,47.398618000000006,47.430218999999994,96.696256,36.0237185,11.849654500000002,24.174064,16.647985000000002,4.1619962500000005,16.657587,15.545145,3.88628625,15.556298,15.205488,3.801372,15.216334
F,4,1,5,45,4,148.367269,57.790984,58.01713600000001,90.57628499999998,37.09181725,14.447746,22.644071249999996,19.318705,4.82967625,19.482883,20.523179,5.13079475,20.557078999999998,17.9491,4.487275,17.977174
F,4,1,5,46,4,101.149017,65.97653199999999,66.087664,35.17248500000001,25.28725425,16.494132999999998,8.793121250000002,24.726437999999998,6.1816094999999995,24.818416000000003,19.797569,4.94939225,19.807420999999998,21.452525,5.36313125,21.461827
F,4,1,5,47,4,73.306754,39.094253,39.168188,34.212500999999996,18.3266885,9.77356325,8.553125249999999,13.426448,3.356612,13.434510999999999,12.928967,3.23224175,12.938843,12.738838000000001,3.1847095000000003,12.794834000000002
F,4,1,5,48,4,76.837885,42.639552,42.771132,34.198333,19.20947125,10.659888,8.54958325,14.574202,3.6435505,14.641277,14.333266,3.5833165,14.36642,13.732084,3.433021,13.763435000000001
F,4,1,5,49,4,88.416713,54.544112,54.714000999999996,33.872601,22.10417825,13.636028,8.46815025,17.629717,4.40742925,17.655462,15.357267,3.83931675,15.390394,21.557128,5.389282,21.668145
F,4,1,5,50,4,82.301187,47.265836,47.29377099999999,35.035351,20.57529675,11.816459,8.75883775,13.232107000000001,3.3080267500000002,13.240922,17.563532,4.390883,17.573580999999997,16.470197,4.11754925,16.479268
F,4,1,5,51,4,88.682286,49.735596,49.814154,38.946690000000004,22.1705715,12.433899,9.736672500000001,13.291521,3.32288025,13.29959,22.883370000000003,5.720842500000001,22.917644,13.560704999999999,3.3901762499999997,13.59692
F,4,1,5,52,4,78.320006,43.790347,43.842011,34.52965900000001,19.5800015,10.94758675,8.632414750000002,15.190192,3.797548,15.224104,12.627308,3.156827,12.63606,15.972846999999998,3.9932117499999995,15.981847
F,4,1,5,53,4,91.911729,56.148768000000004,56.247372,35.76296099999999,22.97793225,14.037192000000001,8.940740249999998,17.938415,4.48460375,17.985954,18.933621000000002,4.733405250000001,18.975858,19.276732,4.819183,19.28556
F,4,1,5,54,4,111.835074,77.089624,79.702266,34.745450000000005,27.9587685,19.272406,8.686362500000001,24.4713,6.117825,24.685349000000002,26.419084,6.604771,27.135425999999995,26.19924,6.54981,27.881491
F,4,1,5,55,4,95.142881,59.960246999999995,60.392528,35.18263400000001,23.78572025,14.990061749999999,8.795658500000002,13.841976,3.460494,14.058895,20.55568,5.13892,20.610539,25.562591,6.39064775,25.723094
F,4,1,5,56,4,67.780425,33.152213,33.247299999999996,34.62821199999999,16.94510625,8.28805325,8.657052999999998,11.565972,2.891493,11.573102,10.837693000000002,2.7094232500000004,10.886831,10.748548,2.687137,10.787367
F,4,1,5,57,4,78.661561,42.979455,43.065213,35.682106000000005,19.66539025,10.74486375,8.920526500000001,16.593583,4.14839575,16.600528,11.525768999999999,2.8814422499999996,11.534443000000001,14.860103,3.71502575,14.930242
F,4,1,5,58,4,71.605587,37.865065,37.891971,33.740522,17.90139675,9.46626625,8.4351305,13.023981,3.25599525,13.031941999999999,12.568026000000001,3.1420065000000004,12.577804,12.273057999999999,3.0682644999999997,12.282225
F,4,1,5,59,4,88.048208,51.67855,51.863839,36.369658,22.012052,12.9196375,9.0924145,18.733221999999998,4.6833054999999995,18.900879,16.288919,4.07222975,16.298019,16.656409,4.16410225,16.664941
F,4,1,5,60,4,96.487305,62.01259,62.183333000000005,34.474715,24.12182625,15.5031475,8.61867875,26.10374,6.525935,26.112281000000003,14.004401999999999,3.5011004999999997,14.083166,21.904448,5.476112,21.987886
F,4,1,5,61,4,83.339073,47.966517,48.04469,35.372555999999996,20.83476825,11.99162925,8.843138999999999,18.425992,4.606498,18.432252,12.049641,3.01241025,12.109673,17.490884,4.372721,17.502765
F,4,1,5,62,4,90.501732,54.241637,54.316209,36.26009500000001,22.625433,13.56040925,9.065023750000002,19.392447,4.84811175,19.432864,19.296786,4.8241965,19.322652,15.552404,3.888101,15.560693
F,4,1,5,63,4,84.649465,49.337357,49.502118,35.31210800000001,21.16236625,12.33433925,8.828027000000002,14.518335,3.62958375,14.552836000000001,17.017364,4.254341,17.139743,17.801658,4.4504145,17.809539
F,4,1,5,64,4,78.871187,44.440932000000004,44.4794,34.430255,19.71779675,11.110233000000001,8.60756375,12.382106,3.0955265,12.404008,11.981319,2.99532975,11.984234,20.077507,5.01937675,20.091158
F,4,1,5,65,4,87.828437,53.032213,53.055154,34.796223999999995,21.95710925,13.25805325,8.699055999999999,14.940824,3.735206,14.948336000000001,14.852748,3.713187,14.861162999999998,23.238640999999998,5.809660249999999,23.245655000000003
F,4,1,5,66,4,69.690219,35.389967,36.713839,34.300252,17.42255475,8.84749175,8.575063,12.054356,3.013589,13.313493000000001,11.787127,2.94678175,11.813682,11.548484,2.887121,11.586663999999999
F,4,1,5,67,4,75.595603,39.578536,40.189183,36.017067,18.89890075,9.894634,9.00426675,13.392684,3.348171,13.419944000000001,13.155505,3.28887625,13.239519000000001,13.030347,3.25758675,13.529720000000001
F,4,1,5,68,4,77.900461,43.492967,43.643919000000004,34.40749400000001,19.47511525,10.87324175,8.601873500000002,14.876447999999998,3.7191119999999995,14.884768000000001,14.557836,3.639459,14.567888000000002,14.058683,3.51467075,14.191263
F,4,1,5,69,4,76.18827,42.235105000000004,42.279356,33.953165,19.0470675,10.558776250000001,8.48829125,14.377251000000001,3.5943127500000003,14.380840000000001,14.020564,3.505141,14.030325999999999,13.83729,3.4593225,13.86819
F,4,1,5,70,4,79.085842,43.867351,43.896133000000006,35.218491,19.7714605,10.96683775,8.80462275,15.198324,3.799581,15.207014000000003,14.592985,3.64824625,14.603616,14.076042000000001,3.5190105000000003,14.085503000000001
F,4,1,5,71,4,77.843573,43.72047500000001,43.789449,34.123098,19.46089325,10.930118750000002,8.5307745,14.941704000000001,3.7354260000000004,14.963791999999998,14.594557,3.64863925,14.632183000000001,14.184214,3.5460535,14.193473999999998
F,4,1,5,72,4,86.564676,51.24659200000001,51.342064,35.318084,21.641169,12.811648000000002,8.829521,15.138139,3.78453475,15.153647,19.865899,4.96647475,19.912751,16.242554000000002,4.0606385000000005,16.275666
F,4,1,5,73,4,76.92742,42.932422,43.001093,33.994997999999995,19.231855,10.7331055,8.498749499999999,15.266105,3.81652625,15.295395000000001,13.845038,3.4612595,13.854241,13.821279,3.45531975,13.851457
F,4,1,5,74,4,84.689529,50.691568000000004,50.867954,33.99796099999999,21.17238225,12.672892000000001,8.499490249999997,17.814968,4.453742,17.815402,18.622297000000003,4.655574250000001,18.775344,14.254303,3.56357575,14.277207999999998
F,4,1,5,75,4,98.896513,47.37251800000001,47.432197,51.52399499999999,24.72412825,11.843129500000002,12.880998749999998,13.844138000000001,3.4610345000000002,13.851706,18.459106000000002,4.6147765000000005,18.467602,15.069274,3.7673185,15.112889
F,4,1,5,76,4,122.741116,64.739488,64.764077,58.00162800000001,30.685279,16.184872,14.500407000000003,22.640521,5.66013025,22.646065,26.997737,6.74943425,27.007090000000005,15.10123,3.7753075,15.110922
F,4,1,5,77,4,130.101355,70.231338,72.20169200000001,59.87001700000002,32.52533875,17.5578345,14.967504250000005,24.751343,6.18783575,24.92361,27.088163,6.77204075,27.724117,18.391832,4.597958,19.553965
F,4,1,5,78,4,104.950257,60.803838999999996,60.938626,44.146418,26.23756425,15.200959749999999,11.0366045,22.377998,5.5944995,22.459581,19.618104,4.904526,19.663782,18.807737,4.70193425,18.815263
F,4,1,5,79,4,129.651079,58.680894,59.597646,70.97018500000001,32.41276975,14.6702235,17.742546250000004,17.410002,4.3525005,17.856063,24.353388,6.088347,24.44153,16.917504,4.229376,17.300053000000002
F,4,1,5,80,4,150.008089,71.68670900000001,71.76204200000001,78.32138,37.50202225,17.921677250000002,19.580345,31.272806000000003,7.818201500000001,31.279331000000003,21.019963,5.25499075,21.078991000000002,19.39394,4.848485,19.40372
F,4,1,5,81,4,108.225389,74.55299500000001,74.667449,33.672394,27.05634725,18.638248750000002,8.4180985,23.571336,5.892834,23.547504000000004,24.008441,6.00211025,24.040152,26.973218000000003,6.743304500000001,27.079793
F,4,1,5,82,4,98.739729,64.656211,65.138418,34.083518,24.68493225,16.16405275,8.5208795,22.366196000000002,5.5915490000000005,22.572626,23.883417,5.97085425,23.960302,18.406598,4.6016495,18.60549
F,4,1,5,83,4,107.671096,63.062107,63.286242,44.60898900000001,26.917774,15.76552675,11.152247250000002,18.112961000000002,4.5282402500000005,18.120171,22.837777,5.70944425,22.967711,22.111369,5.52784225,22.19836
F,4,1,5,84,4,130.511681,55.729625999999996,55.860669,74.78205500000001,32.62792025,13.932406499999999,18.695513750000003,17.841074,4.4602685,17.875314,20.471001,5.11775025,20.560189,17.417551,4.35438775,17.425166
F,4,1,5,85,4,140.066153,50.406972999999994,50.489050000000006,89.65918000000002,35.01653825,12.601743249999998,22.414795000000005,15.406099,3.85152475,15.41389,19.118693,4.77967325,19.130169000000002,15.882181,3.97054525,15.944991
F,4,1,5,86,4,160.064216,75.58116,75.693501,84.48305599999999,40.016054,18.89529,21.120763999999998,20.516841,5.12921025,20.526076,32.222155,8.05553875,32.29855,22.842163999999997,5.710540999999999,22.868875000000003
F,4,1,5,87,4,106.565239,46.912565,46.92475900000001,59.652674000000005,26.64130975,11.72814125,14.913168500000001,16.337786,4.0844465,16.316389,15.530878999999999,3.8827197499999997,15.553518000000002,15.043899999999999,3.7609749999999997,15.054852000000002
F,4,1,5,88,4,125.656398,48.08448,48.135721,77.571918,31.4140995,12.02112,19.3929795,16.731764,4.182941,16.738202,15.888863999999998,3.9722159999999995,15.901692,15.463852,3.865963,15.495826999999998
F,4,1,5,89,4,152.578814,56.094791,56.367075,96.484023,38.1447035,14.02369775,24.12100575,16.675408,4.168852,16.874257,19.126343000000002,4.7815857500000005,19.175351,20.29304,5.07326,20.317467
F,4,1,5,90,4,112.960338,48.743964,48.90532399999999,64.216374,28.2400845,12.185991,16.0540935,17.761305999999998,4.440326499999999,17.785877999999997,15.833439,3.95835975,15.849309,15.149219,3.78730475,15.270137000000002
F,4,1,5,91,4,109.593114,47.347508999999995,47.38060899999999,62.245605000000005,27.3982785,11.836877249999999,15.561401250000001,16.426785,4.10669625,16.436905000000003,15.729624000000001,3.9324060000000003,15.741173,15.191099999999999,3.7977749999999997,15.202530999999997
F,4,1,5,92,4,103.195941,46.143267,46.171409,57.052674,25.79898525,11.53581675,14.2631685,15.729342,3.9323355,15.738392,15.512301999999998,3.8780754999999996,15.52201,14.901623,3.72540575,14.911007000000001
F,4,1,5,93,4,159.483913,79.60482999999999,81.97314999999999,79.87908300000001,39.87097825,19.901207499999998,19.969770750000002,25.150646000000002,6.2876615000000005,25.450371999999998,28.938861,7.23471525,29.815312,25.515323000000002,6.3788307500000005,26.707465999999997
F,4,1,5,94,4,141.368044,43.931402,43.980393,97.436642,35.342011,10.9828505,24.3591605,15.058519,3.76462975,15.067194,14.636763,3.65919075,14.648035,14.23612,3.55903,14.265164
F,4,1,5,95,4,82.606324,45.879248999999994,45.993590999999995,36.727075000000006,20.651581,11.469812249999999,9.181768750000002,15.723607999999999,3.9309019999999997,15.815739,15.213108999999998,3.8032772499999994,15.224582999999999,14.942532,3.735633,14.953268999999999
F,4,1,5,96,4,80.023249,44.817980999999996,44.924958000000004,35.20526800000001,20.00581225,11.204495249999999,8.801317000000003,15.441612,3.860403,15.485745000000001,14.912859,3.72821475,14.96538,14.463510000000001,3.6158775000000003,14.473833
F,4,1,5,97,4,79.178379,44.456764,45.052029000000005,34.72161500000001,19.79459475,11.114191,8.680403750000002,15.366615,3.84165375,15.429963,14.732842,3.6832105,14.839424000000001,14.357307,3.58932675,14.782642000000001
F,4,1,5,98,4,77.027221,43.72734,43.755924,33.299881,19.25680525,10.931835,8.32497025,14.951919999999998,3.7379799999999994,14.960077,14.694015,3.67350375,14.704023000000001,14.081405,3.52035125,14.091823999999999
F,4,1,5,99,4,79.682866,44.347805,44.421405,35.335061,19.9207165,11.08695125,8.83376525,15.357306,3.8393265,15.38587,14.642265000000002,3.6605662500000005,14.677843,14.348234,3.5870585,14.357691999999998
F,4,1,5,100,4,86.573563,51.46975,51.552763999999996,35.103812999999995,21.64339075,12.8674375,8.775953249999999,15.028096,3.757024,15.080892,20.042589,5.01064725,20.052647,16.399065,4.09976625,16.419225
F,4,1,5,101,4,83.105374,49.461892000000006,49.517815,33.64348199999999,20.7763435,12.365473000000001,8.410870499999998,17.698005000000002,4.4245012500000005,17.74886,17.404600000000002,4.3511500000000005,17.413742,14.359287,3.58982175,14.355213
F,4,1,5,102,4,99.063709,64.92153900000001,65.58358100000001,34.14216999999999,24.76592725,16.230384750000002,8.535542499999998,29.552482,7.3881205,30.093005,21.194954000000003,5.298738500000001,21.252116,14.174103000000002,3.5435257500000006,14.23846
F,4,1,5,103,4,88.242847,52.311805,52.384904000000006,35.931042,22.06071175,13.07795125,8.9827605,13.902116,3.475529,13.908884,22.25868,5.56467,22.307264,16.151009000000002,4.0377522500000005,16.168756000000002
F,4,1,5,104,4,76.166026,37.593845,37.765041,38.572181,19.0415065,9.39846125,9.64304525,13.351858000000002,3.3379645000000004,13.435076,12.320630999999999,3.0801577499999997,12.329764,11.921356,2.980339,12.000201
F,4,1,5,105,4,88.274989,51.355138,51.40606699999999,36.91985100000001,22.06874725,12.8387845,9.229962750000002,13.054103999999999,3.2635259999999997,13.087797,12.770584,3.192646,12.780207,25.53045,6.3826125,25.538062999999998
F,4,1,5,106,4,80.271279,46.002990999999994,46.139508,34.26828800000001,20.06781975,11.500747749999999,8.567072000000003,18.022357999999997,4.505589499999999,18.030037,12.203109,3.05077725,12.322764000000001,15.777524,3.944381,15.786707
F,4,1,5,107,4,83.418547,50.009749,50.013441,33.408798000000004,20.85463675,12.50243725,8.352199500000001,13.631478,3.4078695,13.648682999999998,17.169965,4.29249125,17.178594,19.208306,4.8020765,19.186164
F,4,1,5,108,4,74.749564,42.331855000000004,42.427051,32.417709,18.687391,10.582963750000001,8.10442725,12.943062999999999,3.2357657499999997,12.973919,15.36251,3.8406275,15.371115,14.026282000000002,3.5065705000000005,14.082017
F,4,1,5,109,4,72.40401,39.592726,39.619221,32.811284,18.1010025,9.8981815,8.202821,13.542569,3.38564225,13.551029999999999,13.211268,3.302817,13.220288,12.838889000000002,3.2097222500000004,12.847903
F,4,1,5,110,4,97.096479,62.284943000000005,62.308904,34.811536,24.27411975,15.571235750000001,8.702884,15.313266,3.8283165,15.321427,24.148343,6.03708575,24.155937,22.823334000000003,5.705833500000001,22.83154
F,4,1,5,111,4,68.998827,35.820840000000004,35.843759,33.177987,17.24970675,8.955210000000001,8.29449675,12.604303000000002,3.1510757500000004,12.610837,11.669937,2.91748425,11.678198,11.546600000000002,2.8866500000000004,11.554724
F,4,1,5,112,4,80.316239,46.167494000000005,46.618444,34.14874499999999,20.07905975,11.541873500000001,8.537186249999998,13.362675,3.34066875,13.423326,17.898389,4.47459725,17.889115,14.90643,3.7266075,15.306003
F,4,1,5,113,4,106.705191,73.524371,73.867006,33.18082,26.67629775,18.38109275,8.295205,24.163318999999998,6.040829749999999,24.200516999999998,27.76768,6.94192,27.78459,21.593372,5.398343,21.881899
F,4,1,5,114,4,67.376521,32.601352000000006,32.715862,34.77516899999999,16.84413025,8.150338000000001,8.693792249999998,10.889213000000002,2.7223032500000004,10.908318000000001,11.024923000000001,2.7562307500000003,11.053453000000001,10.687216,2.671804,10.754090999999999
F,4,1,5,115,4,104.840605,71.845695,71.939381,32.99490999999999,26.21015125,17.96142375,8.248727499999998,27.326271000000002,6.8315677500000005,27.332198,26.701979,6.67549475,26.783461,17.817445,4.45436125,17.823722000000004
F,4,1,5,116,4,92.189759,58.948468000000005,60.998385999999996,33.24129099999999,23.04743975,14.737117000000001,8.310322749999997,25.526088,6.381522,25.602939,19.077516,4.769379,20.57272,14.344864000000001,3.5862160000000003,14.822727
F,4,1,5,117,4,64.580427,32.027642,32.074536,32.552785,16.14510675,8.0069105,8.13819625,10.920562,2.7301405,10.927446999999999,10.634254,2.6585635,10.665954,10.472826,2.6182065,10.481135
F,4,1,5,118,4,69.999605,35.951606,35.9764,34.047999000000004,17.49990125,8.9879015,8.511999750000001,12.351513,3.08787825,12.359169,11.964823,2.99120575,11.973533,11.63527,2.9088175,11.643697999999999
F,4,1,5,119,4,71.865201,37.726909,37.971987,34.138292,17.96630025,9.43172725,8.534573,12.965923,3.24148075,12.97358,12.557759,3.13943975,12.566876,12.203227,3.05080675,12.431531
F,16,1,6,0,4,171.311274,137.89694500000002,138.01072800000003,33.41432899999998,42.8278185,34.474236250000004,8.353582249999995,34.840776,8.710194,34.845302,64.1911,16.047775,64.25887700000001,38.865069,9.71626725,38.906549
F,16,1,6,1,4,142.90051,108.96057400000001,109.040671,33.93993599999999,35.7251275,27.240143500000002,8.484983999999997,35.912487,8.97812175,35.916634,35.010665,8.75266625,35.081233,38.037422,9.5093555,38.042804
F,16,1,6,2,4,217.067053,183.995393,184.33286900000002,33.07165999999998,54.26676325,45.99884825,8.267914999999995,63.471918,15.8679795,63.677339999999994,53.19619,13.2990475,53.246370999999996,67.327285,16.83182125,67.409158
F,16,1,6,3,4,235.981075,202.33684599999998,203.239519,33.644229000000024,58.99526875,50.584211499999995,8.411057250000006,58.250057,14.56251425,59.030146,68.996264,17.249066,69.091832,75.090525,18.77263125,75.11754099999999
F,16,1,6,4,4,210.000397,174.66768100000002,180.23794600000002,35.33271599999998,52.50009925,43.666920250000004,8.833178999999994,49.160087999999995,12.290021999999999,49.191024999999996,55.997051,13.99926275,56.570861,69.510542,17.3776355,74.47606
F,16,1,6,5,4,283.116403,248.970869,249.60141099999998,34.145534,70.77910075,62.24271725,8.5363835,83.16444,20.79111,83.480447,101.64457399999999,25.411143499999998,101.718944,64.161855,16.04046375,64.40202
F,16,1,6,6,4,277.816835,231.46104999999997,231.98728899999998,46.355785000000054,69.45420875,57.86526249999999,11.588946250000014,69.804087,17.45102175,69.818276,73.931378,18.4828445,74.32280300000001,87.725585,21.93139625,87.84621
F,16,1,6,7,4,225.937988,153.366198,153.64310500000002,72.57179,56.484497,38.3415495,18.1429475,45.350848,11.337712,45.403647,64.847387,16.21184675,65.06413,43.167963,10.79199075,43.175328
F,16,1,6,8,4,146.625034,106.51557,107.295627,40.109464,36.6562585,26.6288925,10.027366,37.967804,9.491951,37.973759,32.358926000000004,8.089731500000001,32.542194,36.18884,9.04721,36.779674
F,16,1,6,9,4,131.704921,97.57443599999999,97.780014,34.13048500000002,32.92623025,24.393608999999998,8.532621250000005,33.789456,8.447364,33.841362000000004,31.897439,7.97435975,32.079657,31.887541,7.97188525,31.858995
F,16,1,6,10,4,128.570436,94.94502899999999,95.194876,33.62540700000001,32.142609,23.736257249999998,8.406351750000002,31.688550999999997,7.922137749999999,31.693319,31.687493,7.92187325,31.874749,31.568985,7.89224625,31.626808000000004
F,16,1,6,11,4,134.154749,100.075874,100.32556399999999,34.07887500000001,33.53868725,25.0189685,8.519718750000003,33.903388,8.475847,33.953385,33.231336999999996,8.307834249999999,33.425527,32.941149,8.23528725,32.94665199999999
F,16,1,6,12,4,133.589339,100.22403,100.48169299999999,33.365308999999996,33.39733475,25.0560075,8.341327249999999,34.012049000000005,8.503012250000001,34.080175999999994,33.137913999999995,8.284478499999999,33.219128,33.074067,8.26851675,33.182389
F,16,1,6,13,4,133.171546,99.887927,99.94860600000001,33.283619,33.2928865,24.97198175,8.32090475,33.746573999999995,8.436643499999999,33.751355000000004,33.139322,8.2848305,33.144993,33.002031,8.25050775,33.052258
F,16,1,6,14,4,130.217125,95.667593,95.76868499999999,34.54953200000001,32.55428125,23.91689825,8.637383000000003,32.007664,8.001916,32.0115,31.991881000000003,7.997970250000001,32.042159999999996,31.668048000000002,7.917012000000001,31.715025
F,16,1,6,15,4,133.473098,99.88843200000001,100.041145,33.584665999999984,33.3682745,24.972108000000002,8.396166499999996,33.664146,8.4160365,33.667068,33.161275,8.29031875,33.199935,33.063011,8.26575275,33.174141999999996
F,16,1,6,16,4,128.218054,95.64564100000001,97.805566,32.57241299999998,32.0545135,23.911410250000003,8.143103249999996,32.106293,8.02657325,33.934293,31.803956,7.950989,32.038926000000004,31.735392000000004,7.933848000000001,31.832347
F,16,1,6,17,4,127.427364,94.774348,95.26487399999999,32.653015999999994,31.856841,23.693587,8.163253999999998,31.735686,7.9339215,32.190517,31.533909,7.88347725,31.539260999999996,31.504753,7.87618825,31.535096000000003
F,16,1,6,18,4,246.073288,210.794911,211.189978,35.27837699999998,61.518322,52.69872775,8.819594249999994,84.581908,21.145477,84.80013600000001,66.62026,16.655065,66.727534,59.592743,14.89818575,59.662308
F,16,1,6,19,4,213.854648,178.943801,179.42329999999998,34.91084699999999,53.463662,44.73595025,8.727711749999997,60.803709999999995,15.200927499999999,60.953042999999994,68.601305,17.15032625,68.742824,49.538786,12.3846965,49.727433000000005
F,16,1,6,20,4,140.991905,106.251699,106.539274,34.740206,35.24797625,26.56292475,8.6850515,34.792338,8.6980845,35.005283000000006,32.108978,8.0272445,32.138916,39.350383,9.83759575,39.395075
F,16,1,6,21,4,182.076108,132.98179799999997,133.19354199999998,49.094310000000036,45.519027,33.24544949999999,12.273577500000009,36.796184999999994,9.199046249999999,36.926939,55.351627,13.83790675,55.427476999999996,40.833985999999996,10.208496499999999,40.839126
F,16,1,6,22,4,143.095214,96.171316,97.64115899999999,46.923897999999994,35.7738035,24.042829,11.730974499999999,32.618455,8.15461375,33.143423,31.762329,7.94058225,32.680674,31.790532,7.947633,31.817062
F,16,1,6,23,4,151.228024,107.996195,108.55590899999999,43.231829000000005,37.807006,26.99904875,10.807957250000001,35.572239,8.89305975,35.990994,38.32002,9.580005,38.455301999999996,34.103936,8.525984,34.109612999999996
F,16,1,6,24,4,160.359982,125.93320799999998,126.13416600000001,34.42677400000002,40.0899955,31.483301999999995,8.606693500000006,32.927316999999995,8.231829249999999,32.932567,55.001205999999996,13.750301499999999,55.033027000000004,38.004684999999995,9.501171249999999,38.168572
F,16,1,6,25,4,162.402739,128.544824,128.790979,33.85791499999999,40.60068475,32.136206,8.464478749999998,32.46385,8.1159625,32.532377,41.387963,10.34699075,41.435156,54.693011,13.67325275,54.823446
F,16,1,6,26,4,208.522782,173.494436,173.963168,35.028346,52.1306955,43.373609,8.7570865,57.429029,14.35725725,57.447076,57.74302,14.435755,57.89325,58.322387,14.58059675,58.622842
F,16,1,6,27,4,160.443256,127.121096,127.23302399999999,33.32216,40.110814,31.780274,8.33054,35.866219,8.96655475,35.870900999999996,54.31693,13.5792325,54.388965999999996,36.937947,9.23448675,36.973157
F,16,1,6,28,4,178.911283,143.90324800000002,145.473905,35.00803499999998,44.72782075,35.975812000000005,8.752008749999995,51.809382,12.9523455,51.882348,48.95779,12.2394475,49.177298,43.136076,10.784019,44.414259
F,16,1,6,29,4,136.517479,102.551713,103.43171600000001,33.965766,34.12936975,25.63792825,8.4914415,34.270362,8.5675905,34.802169,33.117613,8.27940325,33.378338,35.163738,8.7909345,35.251209
F,16,1,6,30,4,201.131675,164.399155,164.898584,36.732519999999994,50.28291875,41.09978875,9.183129999999998,44.604661,11.15116525,44.638547,69.259476,17.314869,69.689989,50.535018,12.6337545,50.570048
F,16,1,6,31,4,180.690601,146.861939,147.10530699999998,33.82866199999998,45.17265025,36.71548475,8.457165499999995,39.774471,9.94361775,39.868425,67.145791,16.78644775,67.267411,39.941677,9.98541925,39.969471
F,16,1,6,32,4,131.225429,97.954725,98.216803,33.270703999999995,32.80635725,24.48868125,8.317675999999999,33.544949,8.38623725,33.619532,32.387221999999994,8.096805499999999,32.425253,32.022554,8.0056385,32.172018
F,16,1,6,33,4,130.455182,97.63336100000001,97.86321600000001,32.821821,32.6137955,24.408340250000002,8.20545525,32.967534,8.2418835,33.124805,32.350538,8.0876345,32.355954,32.315289,8.07882225,32.382457
F,16,1,6,34,4,152.59806,119.64273,121.50814100000001,32.955330000000004,38.149515,29.9106825,8.238832500000001,38.66559,9.6663975,40.341299,47.779559,11.94488975,47.838655,33.197581,8.29939525,33.328187
F,16,1,6,35,4,193.832574,148.916213,149.43643500000002,44.916360999999995,48.4581435,37.22905325,11.229090249999999,42.436198,10.6090495,42.509046000000005,53.858563000000004,13.464640750000001,54.277770000000004,52.621452,13.155363,52.649619
F,16,1,6,36,4,240.423393,207.135144,208.208064,33.28824900000001,60.10584825,51.783786,8.322062250000002,71.740147,17.93503675,71.787583,69.907764,17.476941,70.54759700000001,65.487233,16.37180825,65.872884
F,16,1,6,37,4,296.315125,261.01559,261.468033,35.29953500000005,74.07878125,65.2538975,8.824883750000012,84.047,21.01175,84.146559,93.771715,23.44292875,94.03868000000001,83.196875,20.79921875,83.282794
F,16,1,6,38,4,251.725119,217.412433,218.80527,34.312686000000014,62.93127975,54.35310825,8.578171500000003,74.925747,18.73143675,74.99425000000001,79.939022,19.9847555,81.238512,62.547664,15.636916,62.57250799999999
F,16,1,6,39,4,296.66817,262.320914,262.965963,34.34725599999996,74.1670425,65.5802285,8.58681399999999,82.56790600000001,20.641976500000002,82.683853,93.012163,23.25304075,93.234219,86.74084500000001,21.685211250000002,87.04789099999999
F,16,1,6,40,4,218.825986,183.33501,184.534323,35.49097599999999,54.7064965,45.8337525,8.872743999999997,51.274795999999995,12.818698999999999,51.321724,55.639042,13.9097605,55.663394000000004,76.421172,19.105293,77.549205
F,16,1,6,41,4,135.604645,102.252264,102.498323,33.35238100000001,33.90116125,25.563066,8.338095250000002,34.633762000000004,8.658440500000001,34.639161,32.628057999999996,8.157014499999999,32.818768,34.990444000000004,8.747611000000001,35.040394
F,16,1,6,42,4,236.687386,202.99879800000002,203.357635,33.68858799999998,59.1718465,50.749699500000006,8.422146999999995,70.38069800000001,17.595174500000002,70.422869,67.791272,16.947818,68.02802899999999,64.82682799999999,16.206706999999998,64.90673699999999
F,16,1,6,43,4,283.496767,244.10073800000004,245.70400200000003,39.39602899999994,70.87419175,61.02518450000001,9.849007249999985,83.425048,20.856262,83.59187700000001,77.027392,19.256848,77.619072,83.648298,20.9120745,84.493053
F,16,1,6,44,4,149.605929,101.29396399999999,101.481604,48.311965000000015,37.40148225,25.323490999999997,12.077991250000004,35.717879,8.92946975,35.75542600000001,33.121763,8.28044075,33.15372,32.454322,8.1135805,32.572458
F,16,1,6,45,4,278.152382,240.926414,242.12590699999998,37.225967999999995,69.5380955,60.2316035,9.306491999999999,87.199923,21.79998075,87.28175300000001,92.727953,23.18198825,93.17897099999999,60.998538,15.2496345,61.665183
F,16,1,6,46,4,218.369933,183.718747,184.290513,34.651185999999996,54.59248325,45.92968675,8.662796499999999,55.541689,13.88542225,55.716324,72.005752,18.001438,72.17633000000001,56.171306,14.0428265,56.397859
F,16,1,6,47,4,235.173791,198.685411,200.22745,36.48838000000001,58.79344775,49.67135275,9.122095000000002,67.535193,16.88379825,67.614678,81.149025,20.28725625,81.443744,50.001192999999994,12.500298249999998,51.169028
F,16,1,6,48,4,186.157094,151.464482,151.743904,34.692612,46.5392735,37.8661205,8.673153,48.946651,12.23666275,49.009868,47.667247,11.91681175,47.698374,54.850584,13.712646,55.035662
F,16,1,6,49,4,251.835724,218.083567,218.307782,33.75215700000001,62.958931,54.52089175,8.438039250000003,66.891333,16.72283325,66.90719100000001,83.944785,20.98619625,83.97021699999999,67.24744899999999,16.811862249999997,67.430374
F,16,1,6,50,4,219.585498,182.855692,183.74032599999998,36.729805999999996,54.8963745,45.713923,9.182451499999999,61.781199,15.44529975,61.85971,69.422801,17.35570025,69.762738,51.651692,12.912923,52.117878000000005
F,16,1,6,51,4,212.979366,178.144386,178.542349,34.83498,53.2448415,44.5360965,8.708745,58.554704,14.638676,58.68204200000001,79.61721999999999,19.904304999999997,79.702526,39.97246200000001,9.993115500000002,40.157781
F,16,1,6,52,4,242.682589,202.98105800000002,204.43447600000002,39.70153099999999,60.67064725,50.745264500000005,9.925382749999997,64.275159,16.06878975,64.97637900000001,76.416143,19.10403575,77.140801,62.289756000000004,15.572439000000001,62.317296000000006
F,16,1,6,53,4,281.838389,243.53323600000002,244.301534,38.30515299999999,70.45959725,60.883309000000004,9.576288249999998,80.47694800000001,20.119237000000002,80.624258,72.237492,18.059373,72.461101,90.81879599999999,22.704698999999998,91.216175
F,16,1,6,54,4,151.104597,118.711664,118.848153,32.39293300000001,37.77614925,29.677916,8.098233250000003,37.681717,9.42042925,37.714033,47.498905,11.87472625,47.505540999999994,33.531042,8.3827605,33.628579
F,16,1,6,55,4,195.533822,160.710015,162.057962,34.82380699999999,48.8834555,40.17750375,8.705951749999997,64.290074,16.0725185,64.774054,42.705989,10.67649725,42.77424,53.713952,13.428488,54.509668000000005
F,16,1,6,56,4,131.643919,98.50790400000001,98.61357600000001,33.136015,32.91097975,24.626976000000003,8.28400375,33.560506000000004,8.390126500000001,33.565106,32.674631,8.16865775,32.726003999999996,32.272767,8.06819175,32.322466000000006
F,16,1,6,57,4,130.142627,97.52513299999998,100.83866799999998,32.61749400000002,32.53565675,24.381283249999996,8.154373500000005,33.020095999999995,8.255023999999999,33.391416,32.295852,8.073963,35.214563,32.209185,8.05229625,32.232689
F,16,1,6,58,4,217.792573,184.331505,184.62192399999998,33.46106800000001,54.44814325,46.08287625,8.365267000000003,73.687805,18.42195125,73.68940599999999,52.121279,13.03031975,52.177619,58.52242100000001,14.630605250000002,58.754898999999995
F,16,1,6,59,4,147.998134,116.011002,116.248817,31.98713199999999,36.9995335,29.0027505,7.996782999999997,41.573227,10.39330675,41.663686999999996,34.715629,8.67890725,34.857454000000004,39.722145999999995,9.930536499999999,39.727676
F,16,1,6,60,4,129.184799,97.842738,98.02987200000001,31.342061,32.29619975,24.4606845,7.83551525,33.346601,8.33665025,33.379659000000004,32.338975999999995,8.084743999999999,32.391105,32.157161,8.03929025,32.259108
F,16,1,6,61,4,196.817052,164.533963,164.845548,32.28308899999999,49.204263,41.13349075,8.070772249999997,70.01778999999999,17.504447499999998,70.20692500000001,44.140701,11.03517525,44.196851,50.375471999999995,12.593867999999999,50.441772
F,16,1,6,62,4,223.719838,190.129589,191.127139,33.590249,55.9299595,47.53239725,8.39756225,54.80391100000001,13.700977750000002,54.828331999999996,82.54232,20.63558,82.705853,52.783358,13.1958395,53.592954
F,16,1,6,63,4,197.029441,164.426643,164.953911,32.60279799999998,49.25736025,41.10666075,8.150699499999995,54.054208,13.513552,54.257287,59.886506999999995,14.971626749999999,60.026923,50.485928,12.621482,50.669700999999996
F,16,1,6,64,4,240.64947,207.715806,208.07504500000005,32.93366400000002,60.1623675,51.9289515,8.233416000000005,74.499691,18.62492275,74.648701,69.137138,17.2842845,69.15476100000001,64.07897700000001,16.019744250000002,64.271583
F,16,1,6,65,4,133.811551,101.18442300000001,101.314772,32.627128,33.45288775,25.296105750000002,8.156782,33.555994,8.3889985,33.603289000000004,31.835593,7.95889825,31.916204,35.792836,8.948209,35.795279
F,16,1,6,66,4,258.441558,224.398497,224.754526,34.043060999999994,64.6103895,56.09962425,8.510765249999999,78.124044,19.531011,78.38983,75.493876,18.873469,75.479873,70.780577,17.69514425,70.884823
F,16,1,6,67,4,131.682643,99.775483,100.27775100000001,31.90716000000002,32.92066075,24.94387075,7.976790000000005,33.777913999999996,8.444478499999999,33.817729,33.240736,8.310184,33.62346,32.756833,8.18920825,32.836562
F,16,1,6,68,4,129.259437,96.96369200000001,98.51256900000001,32.29574499999998,32.31485925,24.240923000000002,8.073936249999996,32.671402,8.1678505,33.077629,32.24867,8.0621675,33.385343999999996,32.043620000000004,8.010905000000001,32.049596
F,16,1,6,69,4,127.525242,95.33324300000001,95.430377,32.191998999999996,31.8813105,23.833310750000003,8.047999749999999,32.01231,8.0030775,32.083538,31.692123000000002,7.923030750000001,31.697984,31.62881,7.9072025,31.648855
F,16,1,6,70,4,126.395141,94.3344,94.520196,32.06074099999999,31.59878525,23.5836,8.015185249999998,31.529169000000003,7.882292250000001,31.618626,31.400664,7.850166,31.491692,31.404567,7.85114175,31.409878
F,16,1,6,71,4,127.372523,94.47224299999999,94.53748,32.90028000000001,31.84313075,23.618060749999998,8.225070000000002,31.570563,7.89264075,31.589480000000002,31.458298,7.8645745,31.454805000000004,31.443382,7.8608455,31.493195
F,16,1,6,72,4,126.382828,94.385847,94.748534,31.996981000000005,31.595707,23.59646175,7.999245250000001,31.509671,7.87741775,31.706808000000002,31.401157,7.85028925,31.555650999999997,31.475018999999996,7.868754749999999,31.486075
F,16,1,6,73,4,126.588192,94.257678,94.295187,32.33051400000001,31.647048,23.5644195,8.082628500000002,31.501896000000002,7.8754740000000005,31.517949,31.363964000000003,7.840991000000001,31.365769,31.391818,7.8479545,31.411469
F,16,1,6,74,4,127.054567,94.32341199999999,94.49392399999999,32.731155000000015,31.76364175,23.580852999999998,8.182788750000004,31.508632,7.877158,31.603679,31.461534999999998,7.8653837499999995,31.467548,31.353245,7.83831125,31.422697
F,16,1,6,75,4,128.592316,95.146218,95.330958,33.446098000000006,32.148079,23.7865545,8.361524500000002,31.900593000000004,7.975148250000001,31.907705,31.665886,7.9164715,31.725392,31.579739,7.89493475,31.697861
F,16,1,6,76,4,132.780158,100.262492,100.967707,32.517666000000006,33.1950395,25.065623,8.129416500000001,32.337075,8.08426875,32.398792,31.994118,7.9985295,32.235517,35.931298999999996,8.982824749999999,36.333398
F,16,1,6,77,4,186.22271,152.14101399999998,152.324776,34.08169600000002,46.5556775,38.035253499999996,8.520424000000006,49.254912,12.313728,49.361186000000004,68.213839,17.05345975,68.240407,34.672263,8.66806575,34.723183000000006
F,16,1,6,78,4,203.101521,169.776465,169.94923599999998,33.32505599999999,50.77538025,42.44411625,8.331263999999997,66.53329400000001,16.633323500000003,66.47414,54.705209999999994,13.676302499999998,54.725663,48.537961,12.13449025,48.749432999999996
F,16,1,6,79,4,251.239762,217.49286199999997,217.670489,33.74690000000004,62.8099405,54.37321549999999,8.43672500000001,66.98422,16.746055,67.102833,90.52349899999999,22.630874749999997,90.526558,59.985142999999994,14.996285749999998,60.041098
F,16,1,6,80,4,129.514192,95.83972700000001,95.93741700000001,33.674465,32.378548,23.959931750000003,8.41861625,32.652915,8.16322875,32.657824000000005,31.703744999999998,7.9259362499999995,31.762096,31.483067,7.87076675,31.517497
F,16,1,6,81,4,257.016483,223.32106600000003,225.25695000000002,33.69541699999996,64.25412075,55.83026650000001,8.42385424999999,78.322466,19.5806165,79.27427800000001,76.972132,19.243033,77.51746200000001,68.02646800000001,17.006617000000002,68.46521
F,16,1,6,82,4,131.179985,97.525106,97.932499,33.654878999999994,32.79499625,24.3812765,8.413719749999998,33.993981,8.49849525,34.243738,31.788431000000003,7.947107750000001,31.893327,31.742694,7.9356735,31.795434
F,16,1,6,83,4,197.009383,161.317819,161.74431099999998,35.69156400000003,49.25234575,40.32945475,8.922891000000007,53.796842999999996,13.449210749999999,53.933605,66.192475,16.54811875,66.43842699999999,41.328501,10.33212525,41.372279
F,16,1,6,84,4,204.868165,170.69051000000002,170.983525,34.17765499999999,51.21704125,42.672627500000004,8.544413749999997,58.123773,14.53094325,58.325493,69.758285,17.43957125,69.84470999999999,42.808452,10.702113,42.813322
F,16,1,6,85,4,132.427617,98.78949699999998,98.908095,33.638120000000015,33.10690425,24.697374249999996,8.409530000000004,33.966048,8.491512,33.994264,32.517497,8.12937425,32.547945,32.305952,8.076488,32.365885999999996
F,16,1,6,86,4,209.979132,175.163048,177.055198,34.81608399999999,52.494783,43.790762,8.704020999999997,53.812876,13.453219,53.841167,73.341737,18.33543425,74.14474299999999,48.008435,12.00210875,49.069288
F,16,1,6,87,4,210.232319,171.562149,172.213892,38.670169999999985,52.55807975,42.89053725,9.667542499999996,59.75903,14.9397575,59.818067,55.45859900000001,13.864649750000002,55.990821999999994,56.344519999999996,14.086129999999999,56.40500300000001
F,16,1,6,88,4,193.207328,158.351974,159.024499,34.85535399999998,48.301832,39.5879935,8.713838499999994,50.092728,12.523182,50.49682,62.1767,15.544175,62.396213,46.082546,11.5206365,46.131466
F,16,1,6,89,4,133.43073,95.971235,96.086205,37.45949500000002,33.3576825,23.99280875,9.364873750000005,32.448657000000004,8.112164250000001,32.471469000000006,31.912947999999997,7.978236999999999,31.918646000000003,31.60963,7.9024075,31.69609
F,16,1,6,90,4,261.974393,226.123016,226.445458,35.851377000000014,65.49359825,56.530754,8.962844250000003,74.185608,18.546402,74.368577,86.389204,21.597301,86.485751,65.548204,16.387051,65.59112999999999
F,16,1,6,91,4,236.989564,203.18277799999998,204.838742,33.80678600000002,59.247391,50.795694499999996,8.451696500000004,62.74419399999999,15.686048499999998,62.824784,69.555444,17.388861,69.709034,70.88314,17.720785,72.304924
F,16,1,6,92,4,251.034199,216.53833500000002,216.76888300000002,34.49586399999998,62.75854975,54.134583750000004,8.623965999999996,70.98265,17.7456625,71.117497,70.28021000000001,17.570052500000003,70.325514,75.275475,18.81886875,75.325872
F,16,1,6,93,4,220.923031,186.651234,187.307846,34.27179700000002,55.23075775,46.6628085,8.567949250000005,60.758652000000005,15.189663000000001,60.871432000000006,71.707082,17.9267705,72.229562,54.185500000000005,13.546375000000001,54.206852
F,16,1,6,94,4,136.883504,101.75776200000001,101.818449,35.125741999999974,34.220876,25.439440500000003,8.781435499999994,35.598301,8.89957525,35.603607,33.294359,8.32358975,33.328522,32.865102,8.2162755,32.88632
F,16,1,6,95,4,216.813925,182.791844,183.25779799999998,34.022081000000014,54.20348125,45.697961,8.505520250000004,56.064114000000004,14.016028500000001,56.120254,74.308548,18.577137,74.69157799999999,52.419182,13.1047955,52.445966
F,16,1,6,96,4,136.296522,100.99243899999999,102.314586,35.30408300000002,34.0741305,25.248109749999998,8.826020750000005,34.635785,8.65894625,34.719916,33.495602,8.3739005,33.898306,32.861052,8.215263,33.696364
F,16,1,6,97,4,179.628195,144.92887100000002,144.984422,34.69932399999999,44.90704875,36.232217750000004,8.674830999999998,44.121294,11.0303235,44.160684999999994,58.316136,14.579034,58.274625,42.491440999999995,10.622860249999999,42.549111999999994
F,16,1,6,98,4,222.062662,188.133857,188.877129,33.92880499999998,55.5156655,47.03346425,8.482201249999996,65.55063100000001,16.387657750000002,65.756841,62.278446,15.5696115,62.318694,60.304779999999994,15.076194999999998,60.801594
F,16,1,6,99,4,133.762081,99.792295,100.177805,33.969786,33.44052025,24.94807375,8.4924465,33.822395,8.45559875,34.125147000000005,33.261089,8.31527225,33.329834000000005,32.708811,8.17720275,32.722824
F,16,1,6,100,4,129.284869,96.938076,97.1662,32.34679299999999,32.32121725,24.234519,8.086698249999998,32.618598,8.1546495,32.623877,32.237959,8.05948975,32.352202,32.08151899999999,8.020379749999998,32.190121
F,16,1,6,101,4,138.148535,103.388588,103.853109,34.75994700000001,34.53713375,25.847147,8.689986750000003,37.208339,9.30208475,37.484014,31.753957,7.93848925,31.803854,34.426292,8.606573,34.565241
F,16,1,6,102,4,152.905983,120.304585,120.379421,32.60139799999999,38.22649575,30.07614625,8.150349499999997,35.601557,8.90038925,35.674747999999994,51.31491,12.8287275,51.311426,33.388118,8.3470295,33.393247
F,16,1,6,103,4,128.790643,95.369872,96.363526,33.42077099999999,32.19766075,23.842468,8.355192749999997,32.285189,8.07129725,33.249078999999995,31.545473,7.88636825,31.552155,31.53921,7.8848025,31.562292
F,16,1,6,104,4,129.207697,96.869229,96.933678,32.33846799999999,32.30192425,24.21730725,8.084616999999998,32.270269,8.06756725,32.289631,31.665698000000003,7.916424500000001,31.672690000000003,32.933262,8.2333155,32.971357
F,16,1,6,105,4,134.333257,100.127621,100.45270400000001,34.205636,33.58331425,25.03190525,8.551409,36.283033,9.07075825,36.292938,32.013158000000004,8.003289500000001,32.090717,31.83143,7.9578575,32.069049
F,16,1,6,106,4,241.199468,207.02009299999997,208.32380400000002,34.17937500000002,60.299867,51.755023249999994,8.544843750000005,58.130674,14.5326685,58.82758100000001,90.32288199999999,22.580720499999998,90.822132,58.566537,14.64163425,58.674091000000004
F,16,1,6,107,4,206.388963,171.95383800000002,172.46158400000002,34.43512499999997,51.59724075,42.988459500000005,8.608781249999993,46.963103000000004,11.740775750000001,47.168476,85.091869,21.27296725,85.306465,39.898866,9.9747165,39.986643
F,16,1,6,108,4,164.553513,130.84878700000002,130.89087899999998,33.704725999999994,41.13837825,32.712196750000004,8.426181499999998,35.296034,8.8240085,35.317893,41.64615,10.4115375,41.667373,53.906603000000004,13.476650750000001,53.905613
F,16,1,6,109,4,133.296359,100.022797,101.05037899999999,33.273562,33.32408975,25.00569925,8.3183905,33.95459099999999,8.488647749999998,34.892088,33.149879,8.28746975,33.155552,32.918327,8.22958175,33.002739
F,16,1,6,110,4,262.712676,229.358976,229.58570699999996,33.353699999999975,65.678169,57.339744,8.338424999999994,86.204032,21.551008,86.30659,75.193997,18.79849925,75.21080099999999,67.960947,16.99023675,68.068316
F,16,1,6,111,4,239.289898,205.25120600000002,205.88897300000002,34.03869199999997,59.8224745,51.312801500000006,8.509672999999992,67.056448,16.764112,67.376354,74.47894099999999,18.619735249999998,74.677919,63.715817,15.92895425,63.8347
F,16,1,6,112,4,226.935675,192.869507,193.35350799999998,34.066168000000005,56.73391875,48.21737675,8.516542000000001,64.682647,16.17066175,64.742978,67.202317,16.80057925,67.514366,60.984543,15.24613575,61.096164
F,16,1,6,113,4,245.603565,211.509728,214.71065,34.09383700000001,61.40089125,52.877432,8.523459250000002,78.124027,19.53100675,78.899584,69.17510300000001,17.293775750000002,71.540256,64.210598,16.0526495,64.27081
F,16,1,6,114,4,179.666517,143.612142,143.681764,36.05437499999999,44.91662925,35.9030355,9.013593749999998,47.448327,11.86208175,47.478162,39.346374,9.8365935,39.38174,56.817441,14.20436025,56.821861999999996
F,16,1,6,115,4,128.889089,96.361966,96.82296199999999,32.52712300000002,32.22227225,24.0904915,8.131780750000004,33.33089,8.3327225,33.392078,31.582991,7.89574775,31.785916,31.448085,7.86202125,31.644968
F,16,1,6,116,4,127.772923,94.45867700000001,94.611627,33.314246,31.94323075,23.614669250000002,8.3285615,31.542009,7.88550225,31.603129,31.47528,7.86882,31.521421,31.441388,7.860347,31.487077
F,16,1,6,117,4,229.617239,196.84208900000002,197.617783,32.77515,57.40430975,49.210522250000004,8.1937875,70.234021,17.55850525,70.25176099999999,63.37080100000001,15.842700250000002,63.874209,63.237267,15.80931675,63.49181300000001
F,16,1,6,118,4,130.532592,98.279915,98.69086499999999,32.25267699999999,32.633148,24.56997875,8.063169249999998,33.141458,8.2853645,33.421808999999996,32.746066,8.1865165,32.825437,32.392391,8.09809775,32.443619
F,16,1,6,119,4,190.491935,156.65391200000002,158.128267,33.83802299999999,47.62298375,39.163478000000005,8.459505749999998,61.922802000000004,15.480700500000001,62.049309,49.766631000000004,12.441657750000001,50.22207,44.964479000000004,11.241119750000001,45.856888
F,64,1,7,0,4,858.308059,786.572336,789.987348,71.73572300000001,214.57701475,196.643084,17.933930750000002,212.86600299999998,53.216500749999994,213.503719,268.080982,67.0202455,270.227143,305.625351,76.40633775,306.256486
F,64,1,7,1,4,415.926252,376.647774,377.46846700000003,39.27847799999995,103.981563,94.1619435,9.819619499999988,123.339613,30.83490325,123.59185,122.85785899999999,30.714464749999998,122.91752500000001,130.450302,32.6125755,130.959092
F,64,1,7,2,4,465.122156,413.916676,416.767964,51.20548000000002,116.280539,103.479169,12.801370000000006,127.338961,31.83474025,127.784021,140.679438,35.1698595,141.333407,145.898277,36.47456925,147.650536
F,64,1,7,3,4,717.484671,656.081931,657.428523,61.402739999999994,179.37116775,164.02048275,15.350684999999999,196.859376,49.214844,197.32932,260.12761700000004,65.03190425000001,260.591216,199.094938,49.7737345,199.507987
F,64,1,7,4,4,520.422843,485.152065,486.30881500000004,35.27077799999995,130.10571075,121.28801625,8.817694499999988,135.327429,33.83185725,135.464966,224.864444,56.216111,225.277054,124.960192,31.240048,125.56679500000001
F,64,1,7,5,4,513.984417,461.843033,464.175128,52.141384000000016,128.49610425,115.46075825,13.035346000000004,133.81392499999998,33.453481249999996,133.84532,193.936775,48.48419375,194.487214,134.092333,33.52308325,135.842594
F,64,1,7,6,4,1050.885978,986.8854879999999,990.3547760000001,64.00049000000013,262.7214945,246.72137199999997,16.000122500000032,318.28878,79.572195,319.112693,369.762183,92.44054575,371.80177000000003,298.834525,74.70863125,299.44031300000006
F,64,1,7,7,4,1029.351252,965.051509,968.256597,64.29974299999992,257.337813,241.26287725,16.07493574999998,305.955887,76.48897175,306.426094,313.725711,78.43142775,314.440199,345.369911,86.34247775,347.390304
F,64,1,7,8,4,541.813256,481.14263,482.614345,60.67062600000003,135.453314,120.2856575,15.167656500000007,136.126522,34.0316305,136.282237,140.010303,35.00257575,140.877103,205.005805,51.25145125,205.45500499999997
F,64,1,7,9,4,879.95199,798.5570230000001,802.0267,81.39496699999995,219.9879975,199.63925575000002,20.348741749999988,251.39004,62.84751,252.008677,416.548036,104.137009,417.693375,130.618947,32.65473675,132.324648
F,64,1,7,10,4,998.288644,952.4419919999999,955.23848,45.84665200000006,249.572161,238.11049799999998,11.461663000000016,309.844804,77.461201,310.319101,319.99470299999996,79.99867574999999,320.41096,322.602485,80.65062125,324.508419
F,64,1,7,11,4,967.432139,916.088751,920.407659,51.343388000000004,241.85803475,229.02218775,12.835847000000001,322.90443500000003,80.72610875000001,325.17506,348.740897,87.18522425,349.038922,244.44341899999998,61.110854749999994,246.19367699999998
F,64,1,7,12,4,1062.399288,967.066416,970.46313,95.33287200000007,265.599822,241.766604,23.833218000000016,302.509041,75.62726025,303.391635,310.86213899999996,77.71553474999999,311.624128,353.695236,88.423809,355.447367
F,64,1,7,13,4,911.968012,869.717175,872.8414339999999,42.25083700000005,227.992003,217.42929375,10.562709250000012,307.86713799999995,76.96678449999999,308.419213,292.63061600000003,73.15765400000001,293.34823299999994,269.21942099999995,67.30485524999999,271.073988
F,64,1,7,14,4,882.993859,837.4336069999999,841.069866,45.560252000000105,220.74846475,209.35840174999998,11.390063000000026,287.502752,71.875688,288.367249,254.50807899999998,63.627019749999995,256.63889000000006,295.422776,73.855694,296.06372700000003
F,64,1,7,15,4,867.057757,825.9655660000001,828.8997740000001,41.09219099999996,216.76443925,206.49139150000002,10.27304774999999,264.48911300000003,66.12227825000001,265.158733,285.08630300000004,71.27157575000001,285.776227,276.39015,69.0975375,277.96481400000005
F,64,1,7,16,4,503.983814,449.982658,450.68064100000004,54.00115599999998,125.9959535,112.4956645,13.500288999999995,151.509071,37.87726775,152.005554,152.58497699999998,38.146244249999995,152.65132899999998,145.88861,36.4721525,146.02375800000002
F,64,1,7,17,4,770.507202,687.796893,690.994604,82.71030900000005,192.6268005,171.94922325,20.677577250000013,228.392756,57.098189,230.171294,227.81128199999998,56.952820499999994,228.71340400000003,231.59285500000001,57.898213750000004,232.109906
F,64,1,7,18,4,821.085994,779.673487,782.9682640000001,41.412507000000005,205.2714985,194.91837175,10.353126750000001,289.44959600000004,72.36239900000001,290.392816,319.663598,79.9158995,321.81710000000004,170.56029299999997,42.64007324999999,170.758348
F,64,1,7,19,4,754.967035,704.9030319999999,706.957913,50.06400300000007,188.74175875,176.22575799999998,12.516000750000018,242.997606,60.7494015,243.21800599999997,245.258892,61.314723,245.626751,216.646534,54.1616335,218.113156
F,64,1,7,20,4,734.737075,663.6258150000001,665.1720089999999,71.1112599999999,183.68426875,165.90645375000003,17.777814999999975,226.959634,56.7399085,227.423768,196.58473600000002,49.146184000000005,197.349078,240.08144500000003,60.02036125000001,240.399163
F,64,1,7,21,4,578.923944,503.435363,506.423735,75.48858100000001,144.730986,125.85884075,18.872145250000003,144.554133,36.13853325,144.691247,232.831917,58.20797925,235.389824,126.049313,31.51232825,126.34266400000001
F,64,1,7,22,4,461.076715,384.326571,385.07441,76.75014399999998,115.26917875,96.08164275,19.187535999999994,128.267135,32.06678375,128.314624,123.73836200000001,30.934590500000002,123.89283599999999,132.321074,33.0802685,132.86695
F,64,1,7,23,4,847.994502,767.6625449999999,770.3688269999999,80.3319570000001,211.9986255,191.91563624999998,20.082989250000026,248.15261999999998,62.038154999999996,249.614805,300.666384,75.166596,301.292471,218.84354100000002,54.710885250000004,219.461551
F,64,1,7,24,4,980.168733,919.084161,924.35968,61.08457199999998,245.04218325,229.77104025,15.271142999999995,340.84223299999996,85.21055824999999,343.171056,329.396396,82.349099,331.43879400000003,248.845532,62.211383,249.74983
F,64,1,7,25,4,951.965588,905.7731390000001,908.36502,46.1924489999999,237.991397,226.44328475000003,11.548112249999974,292.463264,73.115816,292.91698499999995,359.27128300000004,89.81782075000001,361.041565,254.03859200000005,63.50964800000001,254.40647000000004
F,64,1,7,26,4,425.721389,371.084055,372.86713799999995,54.63733400000001,106.43034725,92.77101375,13.659333500000002,123.81743800000001,30.954359500000002,123.879637,123.73216099999999,30.933040249999998,124.39702399999999,123.53445599999999,30.883613999999998,124.59047699999999
F,64,1,7,27,4,423.028463,369.72106499999995,370.062599,53.307398000000035,105.75711575,92.43026624999999,13.326849500000009,123.594146,30.8985365,123.811665,123.024129,30.75603225,123.112825,123.10279,30.7756975,123.138109
F,64,1,7,28,4,628.358423,547.983154,550.6970140000001,80.375269,157.08960575,136.9957885,20.09381725,124.99224699999999,31.248061749999998,126.716695,197.711373,49.42784325,198.23015400000003,225.279534,56.3198835,225.75016499999998
F,64,1,7,29,4,437.099002,373.810546,374.67564400000003,63.288456,109.2747505,93.4526365,15.822114,125.837439,31.45935975,125.882045,124.15518599999999,31.038796499999997,124.310723,123.81792100000001,30.954480250000003,124.482876
F,64,1,7,30,4,878.229937,822.554408,825.945498,55.67552899999998,219.55748425,205.638602,13.918882249999996,365.44255300000003,91.36063825000001,366.347826,283.455777,70.86394425,284.133399,173.656078,43.4140195,175.464273
F,64,1,7,31,4,422.82669,372.538696,373.002259,50.28799399999997,105.7066725,93.134674,12.571998499999992,125.523503,31.38087575,125.60388499999999,123.663599,30.91589975,123.812319,123.351594,30.8378985,123.586055
F,64,1,7,32,4,970.149197,898.447858,901.913612,71.70133899999996,242.53729925,224.6119645,17.92533474999999,270.967285,67.74182125,271.84277099999997,370.942661,92.73566525,371.734151,256.537912,64.134478,258.33669
F,64,1,7,33,4,716.420194,661.197844,664.431664,55.222350000000006,179.1050485,165.299461,13.805587500000001,252.425638,63.1064095,252.888507,256.098063,64.02451575,258.34758,152.67414300000002,38.168535750000004,153.19557700000001
F,64,1,7,34,4,818.718455,766.99337,770.0888170000001,51.72508499999992,204.67961375,191.7483425,12.93127124999998,240.037549,60.00938725,241.61962400000002,281.002924,70.250731,281.652653,245.95289699999998,61.488224249999995,246.81654
F,64,1,7,35,4,897.585772,845.9086629999999,847.792096,51.67710900000009,224.396443,211.47716574999998,12.919277250000022,278.02888700000005,69.50722175000001,278.331161,267.803658,66.9509145,267.987139,300.07611799999995,75.01902949999999,301.473796
F,64,1,7,36,4,898.48137,843.795026,846.5209689999999,54.68634399999996,224.6203425,210.9487565,13.67158599999999,255.093466,63.7733665,255.86080900000002,376.678199,94.16954975,378.25798399999996,212.02336100000002,53.005840250000006,212.402176
F,64,1,7,37,4,604.886619,569.863192,571.757921,35.02342699999997,151.22165475,142.465798,8.755856749999992,196.12788999999998,49.031972499999995,196.331828,245.83274500000002,61.458186250000004,246.890504,127.902557,31.97563925,128.53558900000002
F,64,1,7,38,4,437.179774,387.755755,391.46252200000004,49.42401899999999,109.2949435,96.93893875,12.356004749999997,124.21845400000001,31.054613500000002,125.03680600000001,123.305894,30.8264735,124.56729200000001,140.231407,35.05785175,141.858424
F,64,1,7,39,4,562.711273,497.03896699999996,498.348791,65.67230600000005,140.67781825,124.25974174999999,16.418076500000012,133.090342,33.2725855,133.586254,146.66860699999998,36.667151749999995,146.838767,217.28001799999998,54.320004499999996,217.92377
F,64,1,7,40,4,437.593634,375.18881400000004,376.821498,62.40481999999997,109.3984085,93.79720350000001,15.601204999999993,125.12804200000001,31.282010500000002,126.380355,123.092501,30.77312525,123.257787,126.968271,31.74206775,127.183356
F,64,1,7,41,4,706.547055,626.633676,628.6103109999999,79.91337899999996,176.63676375,156.658419,19.97834474999999,201.81893200000002,50.454733000000004,202.40544,290.63131500000003,72.65782875000001,291.925349,134.183429,33.54585725,134.279522
F,64,1,7,42,4,525.847264,453.163075,455.310748,72.684189,131.461816,113.29076875,18.17104725,132.304476,33.076119,132.445271,191.642666,47.9106665,193.14273200000002,129.215933,32.30398325,129.722745
F,64,1,7,43,4,682.755791,647.73539,650.426779,35.02040099999999,170.68894775,161.9338475,8.755100249999998,191.230613,47.80765325,191.374584,297.89484600000003,74.47371150000001,299.751676,158.60993100000002,39.652482750000004,159.300519
F,64,1,7,44,4,643.104472,606.504322,607.513777,36.600149999999985,160.776118,151.6260805,9.150037499999996,193.30481400000002,48.326203500000005,193.53319399999998,285.570739,71.39268475,286.205462,127.62876899999999,31.907192249999998,127.775121
F,64,1,7,45,4,882.716365,834.4944619999999,836.7985289999999,48.22190300000011,220.67909125,208.62361549999997,12.055475750000028,272.423588,68.105897,274.021923,270.646395,67.66159875,271.265594,291.42447899999996,72.85611974999999,291.511012
F,64,1,7,46,4,578.466442,529.792222,532.9645579999999,48.67421999999999,144.6166105,132.4480555,12.168554999999998,129.762803,32.44070075,129.99015,197.622637,49.40565925,199.49419899999998,202.406782,50.6016955,203.480209
F,64,1,7,47,4,497.160355,443.31501399999996,444.120536,53.84534100000002,124.29008875,110.82875349999999,13.461335250000005,125.793623,31.44840575,126.11516300000001,124.375689,31.09392225,124.435818,193.14570199999997,48.28642549999999,193.56955499999998
F,64,1,7,48,4,429.961044,376.779501,378.929283,53.18154300000003,107.490261,94.19487525,13.295385750000008,125.126377,31.28159425,126.00285,128.15684900000002,32.039212250000006,128.307937,123.496275,30.87406875,124.618496
F,64,1,7,49,4,579.943589,515.0678869999999,515.5589560000001,64.87570200000005,144.98589725,128.76697174999998,16.21892550000001,125.228318,31.3070795,125.34254800000001,259.47948099999996,64.86987024999999,259.687289,130.36008800000002,32.590022000000005,130.529119
F,64,1,7,50,4,525.918657,462.99165199999993,465.374305,62.92700500000012,131.47966425,115.74791299999998,15.73175125000003,128.13091899999998,32.032729749999994,128.265721,209.92306299999998,52.480765749999996,211.591632,124.93767,31.2344175,125.516952
F,64,1,7,51,4,476.775723,427.10594799999996,427.65626499999996,49.66977500000007,119.19393075,106.77648699999999,12.417443750000018,131.95743099999999,32.989357749999996,132.024221,124.35953599999999,31.089883999999998,124.57678,170.78898099999998,42.697245249999995,171.055264
F,64,1,7,52,4,608.004557,562.7930759999999,566.109735,45.21148100000005,152.00113925,140.69826899999998,11.302870250000012,189.965942,47.4914855,191.11574000000002,192.83819,48.2095475,194.021205,179.988944,44.997236,180.97278999999997
F,64,1,7,53,4,543.342794,493.961552,494.894044,49.38124200000004,135.8356985,123.490388,12.34531050000001,124.452537,31.11313425,124.65702200000001,232.688642,58.1721605,233.043049,136.82037300000002,34.205093250000004,137.193973
F,64,1,7,54,4,461.864334,401.734087,403.72488,60.130247,115.4660835,100.43352175,15.03256175,128.948011,32.23700275,129.807304,131.479005,32.86975125,131.954112,141.307071,35.32676775,141.96346400000002
F,64,1,7,55,4,466.57976,414.84693500000003,415.14504999999997,51.73282499999999,116.64494,103.71173375000001,12.933206249999998,130.305724,32.576431,130.339793,155.64334499999998,38.910836249999996,155.848847,128.89786600000002,32.224466500000005,128.95641
F,64,1,7,56,4,500.674507,454.8401,458.242011,45.834407,125.16862675,113.710025,11.45860175,124.31812,31.07953,126.07644,193.807914,48.4519785,194.30616700000002,136.714066,34.1785165,137.85940399999998
F,64,1,7,57,4,446.302619,387.307915,388.38059799999996,58.99470400000001,111.57565475,96.82697875,14.748676000000003,125.592937,31.39823425,126.238359,124.823791,31.20594775,124.86674799999999,136.891187,34.22279675,137.27549100000002
F,64,1,7,58,4,704.756694,655.893829,658.455776,48.862865000000056,176.1891735,163.97345725,12.215716250000014,164.248911,41.06222775,165.602888,237.536443,59.38411075,238.12137600000003,254.108475,63.52711875,254.731512
F,64,1,7,59,4,586.736802,544.429162,546.5910920000001,42.30763999999999,146.6842005,136.1072905,10.576909999999998,131.298214,32.8245535,131.53534000000002,220.036826,55.0092065,220.52172900000002,193.094122,48.2735305,194.534023
F,64,1,7,60,4,660.678411,616.331839,617.9645290000001,44.34657200000004,165.16960275,154.08295975,11.08664300000001,149.63057299999997,37.40764324999999,149.774225,221.876403,55.46910075,222.54508800000002,244.824863,61.20621575,245.645216
F,64,1,7,61,4,723.290965,672.2955089999999,674.7115829999999,50.995456000000104,180.82274125,168.07387724999998,12.748864000000026,232.90256799999997,58.22564199999999,233.222319,294.16671799999995,73.54167949999999,296.08565799999997,145.226223,36.30655575,145.403606
F,64,1,7,62,4,590.328928,554.083795,555.664915,36.24513300000001,147.582232,138.52094875,9.061283250000002,150.402424,37.600606,151.002025,275.724118,68.9310295,276.30094799999995,127.957253,31.98931325,128.361942
F,64,1,7,63,4,796.310656,693.442159,695.044753,102.86849700000005,199.077664,173.36053975,25.717124250000012,225.434076,56.358519,225.553257,216.390344,54.097586,216.93336,251.61773899999997,62.90443474999999,252.558136
F,64,1,7,64,4,1022.840333,945.059757,947.542894,77.780576,255.71008325,236.26493925,19.445144,327.125831,81.78145775,327.40785,300.479302,75.1198255,301.552076,317.454624,79.363656,318.58296800000005
F,64,1,7,65,4,947.717517,900.053678,902.766073,47.66383900000005,236.92937925,225.0134195,11.915959750000013,300.364151,75.09103775,300.75912399999993,302.09621,75.5240525,303.3041,297.593317,74.39832925,298.702849
F,64,1,7,66,4,437.892318,375.804105,377.980673,62.088212999999996,109.4730795,93.95102625,15.522053249999999,126.20143099999999,31.550357749999996,127.26880399999999,124.842607,31.21065175,125.65831,124.760067,31.19001675,125.053559
F,64,1,7,67,4,1001.299208,954.628461,958.076798,46.670747000000006,250.324802,238.65711525,11.667686750000001,295.438448,73.859612,296.186597,350.987931,87.74698275,353.16183,308.202082,77.0505205,308.72837100000004
F,64,1,7,68,4,878.933392,829.307232,831.904961,49.62616000000003,219.733348,207.326808,12.406540000000007,261.114195,65.27854875,261.54414,282.842223,70.71055575,283.880758,285.350814,71.3377035,286.480063
F,64,1,7,69,4,456.203843,398.10053600000003,399.194221,58.10330699999997,114.05096075,99.52513400000001,14.525826749999993,128.08696600000002,32.021741500000005,128.77376,123.506351,30.87658775,123.754489,146.507219,36.62680475,146.665972
F,64,1,7,70,4,688.782171,630.867203,634.561741,57.91496799999993,172.19554275,157.71680075,14.478741999999983,213.188208,53.297052,213.81823300000002,198.27370200000001,49.568425500000004,201.115018,219.40529299999997,54.85132324999999,219.62849
F,64,1,7,71,4,890.679595,843.727655,846.102338,46.95193999999992,222.66989875,210.93191375,11.73798499999998,260.682173,65.17054325,261.083345,333.595015,83.39875375,335.16460800000004,249.450467,62.36261675,249.854385
F,64,1,7,72,4,850.506951,800.2648419999999,802.380048,50.24210900000003,212.62673775,200.06621049999998,12.560527250000007,234.27108799999996,58.56777199999999,234.517767,386.056778,96.5141945,387.399594,179.936976,44.984244,180.46268700000002
F,64,1,7,73,4,600.148433,541.09442,542.602691,59.05401299999994,150.03710825,135.273605,14.763503249999985,125.492752,31.373188,125.63166500000001,223.288668,55.822167,223.992458,192.31300000000002,48.078250000000004,192.978568
F,64,1,7,74,4,587.567733,535.6292100000001,537.282695,51.93852299999992,146.89193325,133.90730250000001,12.98463074999998,125.693378,31.4233445,126.19369499999999,214.531099,53.63277475,215.50403699999998,195.40473300000002,48.851183250000005,195.58496300000002
F,64,1,7,75,4,521.368321,470.487129,472.23044500000003,50.881192000000055,130.34208025,117.62178225,12.720298000000014,123.96274899999999,30.990687249999997,124.15556699999999,221.282633,55.32065825,222.517381,125.241747,31.31043675,125.557497
F,64,1,7,76,4,567.617725,501.74223100000006,503.34165400000006,65.87549399999989,141.90443125,125.43555775000002,16.468873499999972,131.61434100000002,32.903585250000006,131.794631,146.877807,36.71945175,147.667533,223.25008300000002,55.812520750000004,223.87949
F,64,1,7,77,4,768.173633,689.7535310000001,691.8775,78.42010199999993,192.04340825,172.43838275000002,19.605025499999982,229.67603000000003,57.419007500000006,230.35271,226.024156,56.506039,226.824227,234.053345,58.51333625,234.700563
F,64,1,7,78,4,440.41064,369.65756999999996,370.163205,70.75307000000004,110.10266,92.41439249999999,17.68826750000001,123.419381,30.85484525,123.66002599999999,123.043089,30.76077225,123.147791,123.1951,30.798775,123.355388
F,64,1,7,79,4,788.742099,727.515755,730.274557,61.22634400000004,197.18552475,181.87893875,15.30658600000001,190.614501,47.65362525,191.83161,357.05877999999996,89.26469499999999,357.70516999999995,179.842474,44.9606185,180.737777
F,64,1,7,80,4,455.011755,370.755754,371.16882000000004,84.25600099999997,113.75293875,92.6889385,21.064000249999992,124.402313,31.10057825,124.575003,123.162898,30.7907245,123.27999400000002,123.190543,30.79763575,123.313823
F,64,1,7,81,4,426.33722,375.865356,378.39068999999995,50.47186399999998,106.584305,93.966339,12.617965999999996,126.938476,31.734619,127.721922,125.18517899999999,31.296294749999998,125.739492,123.741701,30.93542525,124.92927599999999
F,64,1,7,82,4,438.303925,392.474879,392.87302999999997,45.829046000000005,109.57598125,98.11871975,11.457261500000001,127.90970800000001,31.977427000000002,127.98088200000001,125.77805699999999,31.444514249999997,125.96054699999999,138.787114,34.6967785,138.931601
F,64,1,7,83,4,493.390464,456.27009,458.298413,37.12037400000003,123.347616,114.0675225,9.280093500000007,123.53596300000001,30.883990750000002,123.618141,191.846621,47.96165525,193.055881,140.887506,35.2218765,141.624391
F,64,1,7,84,4,564.324037,515.50247,516.9764250000001,48.82156699999996,141.08100925,128.8756175,12.20539174999999,123.68739000000001,30.921847500000002,124.115937,258.831884,64.707971,259.74777900000004,132.98319600000002,33.245799000000005,133.112709
F,64,1,7,85,4,580.521203,527.025952,529.659367,53.49525100000005,145.13030075,131.756488,13.373812750000013,136.778416,34.194604,136.873648,257.252479,64.31311975,258.072262,132.99505699999997,33.248764249999994,134.713457
F,64,1,7,86,4,458.494913,404.001608,404.73592899999994,54.49330500000002,114.62372825,101.000402,13.623326250000005,130.415311,32.60382775,130.546629,145.65121599999998,36.412803999999994,146.008232,127.93508100000001,31.983770250000003,128.18106799999998
F,64,1,7,87,4,685.440402,611.494876,615.995164,73.94552599999997,171.3601005,152.873719,18.486381499999993,179.97938000000002,44.994845000000005,181.095449,229.81356500000004,57.45339125000001,231.68888300000003,201.701931,50.42548275,203.21083199999998
F,64,1,7,88,4,880.390483,818.350181,820.251744,62.040302,220.09762075,204.58754525,15.5100755,263.88888099999997,65.97222024999999,264.164493,274.004438,68.5011095,274.28384,280.456862,70.1142155,281.803411
F,64,1,7,89,4,804.535285,730.087525,732.290759,74.44776000000002,201.13382125,182.52188125,18.611940000000004,215.655698,53.9139245,215.992794,282.013948,70.503487,282.496216,232.417879,58.10446975,233.801749
F,64,1,7,90,4,1105.937549,1057.354086,1060.402191,48.58346299999994,276.48438725,264.3385215,12.145865749999984,316.92172100000005,79.23043025000001,317.590909,386.927701,96.73192525,388.47777,353.504664,88.376166,354.333512
F,64,1,7,91,4,851.321099,784.546145,787.095442,66.77495399999998,212.83027475,196.13653625,16.693738499999995,280.405868,70.101467,281.38682600000004,248.592144,62.148036,248.919359,255.54813299999998,63.887033249999995,256.789257
F,64,1,7,92,4,421.051393,372.718275,373.10978,48.33311800000001,105.26284825,93.17956875,12.083279500000003,124.220267,31.05506675,124.31349700000001,123.917785,30.97944625,124.125629,124.580223,31.14505575,124.67065400000001
F,64,1,7,93,4,655.206231,595.712808,598.388483,59.49342300000001,163.80155775,148.928202,14.873355750000002,134.258165,33.56454125,134.95252399999998,224.77828399999999,56.194570999999996,225.92274600000002,236.67635900000002,59.169089750000005,237.513213
F,64,1,7,94,4,651.721357,617.834068,619.013559,33.88728900000001,162.93033925,154.458517,8.471822250000002,195.109669,48.77741725,195.300188,239.61644,59.90411,239.801745,183.107959,45.77698975,183.91162599999998
F,64,1,7,95,4,884.391795,827.9064460000002,830.339013,56.485348999999815,221.09794875,206.97661150000005,14.121337249999954,270.908522,67.7271305,272.61861,312.83760700000005,78.20940175000001,313.319119,244.16031700000002,61.040079250000005,244.40128400000003
F,64,1,7,96,4,686.039859,607.019766,610.133031,79.02009299999997,171.50996475,151.7549415,19.755023249999994,222.789074,55.6972685,223.180735,208.883126,52.2207815,210.86936,175.347566,43.8368915,176.082936
F,64,1,7,97,4,452.766392,379.834219,380.251306,72.93217299999998,113.191598,94.95855475,18.233043249999994,126.41386800000001,31.603467000000002,126.62746400000002,128.700074,32.1750185,128.698562,124.720277,31.18006925,124.92528
F,64,1,7,98,4,509.516171,432.37411,434.76704000000007,77.14206100000001,127.37904275,108.0935275,19.285515250000003,145.16784,36.29196,145.86069700000002,128.117817,32.02945425,128.775723,159.088453,39.77211325,160.13062
F,64,1,7,99,4,506.966263,447.220264,448.314177,59.74599900000004,126.74156575,111.805066,14.93649975000001,146.962403,36.74060075,147.195279,139.275938,34.8189845,139.47588000000002,160.981923,40.24548075,161.643018
F,64,1,7,100,4,591.965879,523.365113,526.075969,68.60076600000002,147.99146975,130.84127825,17.150191500000005,170.72186299999998,42.680465749999996,171.99034799999998,175.65282000000002,43.913205000000005,175.92049599999999,176.99042999999998,44.247607499999994,178.165125
F,64,1,7,101,4,533.721358,487.58161299999995,488.37159999999994,46.13974500000006,133.4303395,121.89540324999999,11.534936250000015,124.218848,31.054712,124.34601099999999,223.73269299999998,55.933173249999996,224.038181,139.630072,34.907518,139.987408
F,64,1,7,102,4,922.494956,870.467472,875.530985,52.02748399999996,230.623739,217.616868,13.00687099999999,276.697045,69.17426125,277.357323,289.14157600000004,72.28539400000001,292.160238,304.628851,76.15721275,306.013424
F,64,1,7,103,4,825.631013,789.551608,792.566897,36.079405000000065,206.40775325,197.387902,9.019851250000016,291.103278,72.7758195,291.776811,247.790982,61.9477455,248.428472,250.657348,62.664337,252.361614
F,64,1,7,104,4,962.141972,882.403288,885.339844,79.73868400000003,240.535493,220.600822,19.93467100000001,290.86467799999997,72.71616949999999,291.369688,337.713527,84.42838175,339.67035699999997,253.825083,63.45627075,254.299799
F,64,1,7,105,4,925.230962,887.3849700000001,890.303521,37.84599199999991,231.3077405,221.84624250000002,9.461497999999978,272.640515,68.16012875,273.233394,331.401182,82.8502955,332.32270600000004,283.343273,70.83581825,284.747421
F,64,1,7,106,4,478.914357,400.998071,402.116559,77.91628600000001,119.72858925,100.24951775,19.479071500000003,134.863692,33.715923,135.18688099999997,132.395825,33.09895625,132.52444,133.738554,33.4346385,134.405238
F,64,1,7,107,4,869.915104,793.500311,795.659496,76.41479300000003,217.478776,198.37507775,19.103698250000008,259.939418,64.9848545,260.408484,324.959835,81.23995875,326.012599,208.601058,52.1502645,209.238413
F,64,1,7,108,4,903.77875,853.591076,856.579953,50.1876739999999,225.9446875,213.397769,12.546918499999975,265.081362,66.2703405,265.85222,314.101316,78.525329,315.930145,274.40839800000003,68.60209950000001,274.797588
F,64,1,7,109,4,558.953194,501.74142400000005,503.271869,57.21177,139.7382985,125.43535600000001,14.3029425,150.085126,37.5212815,150.221027,202.28085700000003,50.57021425000001,202.557209,149.37544100000002,37.343860250000006,150.493633
F,64,1,7,110,4,673.441256,608.718646,610.3937310000001,64.72260999999992,168.360314,152.1796615,16.18065249999998,128.34669499999998,32.086673749999996,128.691721,282.019436,70.504859,283.028501,198.352515,49.58812875,198.67350900000002
F,64,1,7,111,4,551.621241,504.93817099999995,505.632067,46.6830700000001,137.90531025,126.23454274999999,11.670767500000025,146.355249,36.58881225,146.648653,226.66304100000002,56.665760250000005,226.739913,131.91988099999998,32.979970249999994,132.243501
F,64,1,7,112,4,700.40543,629.7589039999999,632.206314,70.64652600000011,175.1013575,157.43972599999998,17.661631500000027,132.675453,33.16886325,132.818678,162.930104,40.732526,163.56565899999998,334.15334699999994,83.53833674999998,335.821977
F,64,1,7,113,4,700.944177,663.549438,665.6643290000001,37.39473899999996,175.23604425,165.8873595,9.34868474999999,208.582454,52.1456135,208.892193,304.83369200000004,76.20842300000001,306.020793,150.13329199999998,37.533322999999996,150.751343
F,64,1,7,114,4,939.945585,904.919037,906.871406,35.02654800000005,234.98639625,226.22975925,8.756637000000012,315.278523,78.81963075,316.577047,297.98182499999996,74.49545624999999,298.3563,291.658689,72.91467225,291.938059
F,64,1,7,115,4,911.460765,874.9862830000001,879.760309,36.474481999999966,227.86519125,218.74657075000002,9.118620499999992,277.70328,69.42582,278.641462,356.657834,89.1644585,358.12788,240.625169,60.15629225,242.99096699999998
F,64,1,7,116,4,849.097468,797.233967,800.1724889999999,51.86350100000004,212.274367,199.30849175,12.96587525000001,258.05321399999997,64.51330349999999,258.92609699999997,264.183331,66.04583275,265.04327,274.99742200000003,68.74935550000001,276.203122
F,64,1,7,117,4,571.596438,501.713522,503.812642,69.88291600000002,142.8991095,125.4283805,17.470729000000006,144.441322,36.1103305,145.674147,195.97320200000001,48.993300500000004,196.15907099999998,161.29899799999998,40.324749499999996,161.979424
F,64,1,7,118,4,898.749639,830.362285,832.917325,68.38735399999996,224.68740975,207.59057125,17.09683849999999,285.133997,71.28349925,285.599636,289.894953,72.47373825,291.53967900000004,255.33333500000003,63.83333375000001,255.77801
F,64,1,7,119,4,465.969185,408.507889,409.650451,57.461296000000004,116.49229625,102.12697225,14.365324000000001,128.441149,32.11028725,129.28139900000002,126.86764299999999,31.716910749999997,126.99139199999999,153.199097,38.29977425,153.37766
P,16,1,8,0,4,297.438799,220.999934,222.41334799999998,76.43886500000002,74.35969975,55.2499835,19.109716250000005,49.634265,12.40856625,49.996542999999996,73.405104,18.351276,73.719576,97.960565,24.49014125,98.697229
P,16,1,8,1,4,238.302063,133.90068399999998,135.540961,104.40137900000002,59.57551575,33.475170999999996,26.100344750000005,46.836681999999996,11.709170499999999,48.496815,41.619744000000004,10.404936000000001,41.623891,45.444258,11.3610645,45.420255000000004
P,16,1,8,2,4,325.396434,200.735368,201.15648199999998,124.661066,81.3491085,50.183842,31.1652665,44.817221,11.20430525,44.844036,38.267983,9.56699575,38.528188,117.65016399999999,29.412540999999997,117.784258
P,16,1,8,3,4,330.748976,220.583463,220.816391,110.16551300000003,82.687244,55.14586575,27.541378250000008,66.97942499999999,16.744856249999998,67.068177,59.584993999999995,14.896248499999999,59.588315,94.019044,23.504761,94.159899
P,16,1,8,4,4,284.581985,200.86045099999998,202.676882,83.72153399999999,71.14549625,50.215112749999996,20.930383499999998,46.63126199999999,11.657815499999998,46.700057,48.06048899999999,12.015122249999997,48.726623000000004,106.1687,26.542175,107.250202
P,16,1,8,5,4,268.24849,157.139689,157.553473,111.108801,67.0621225,39.28492225,27.77720025,44.259501,11.06487525,44.456083,69.270959,17.31773975,69.48075,43.609229,10.90230725,43.61664
P,16,1,8,6,4,284.098533,168.74265400000002,169.85306000000003,115.35587899999996,71.02463325,42.185663500000004,28.83896974999999,42.656799,10.66419975,43.291551999999996,57.846047999999996,14.461511999999999,58.193023000000004,68.239807,17.05995175,68.368485
P,16,1,8,7,4,230.559676,142.998562,143.22546899999998,87.561114,57.639919,35.7496405,21.8902785,48.123636999999995,12.030909249999999,48.198158,44.323882000000005,11.080970500000001,44.409701999999996,50.551043,12.63776075,50.617608999999995
P,16,1,8,8,4,266.133385,150.95437600000002,152.81285,115.17900899999995,66.53334625,37.738594000000006,28.794752249999988,39.236344,9.809086,39.393958,42.571207,10.64280175,43.785173,69.146825,17.28670625,69.633719
P,16,1,8,9,4,239.409389,170.275936,170.63485200000002,69.133453,59.85234725,42.568984,17.28336325,45.299699,11.32492475,45.572886000000004,53.739784,13.434946,53.797888,71.236453,17.80911325,71.264078
P,16,1,8,10,4,316.287948,192.609077,193.1371,123.67887099999996,79.071987,48.15226925,30.91971774999999,39.841628,9.960407,40.022011,64.63576900000001,16.158942250000003,64.858198,88.13168,22.03292,88.256891
P,16,1,8,11,4,240.035936,144.36287,144.840242,95.673066,60.008984,36.0907175,23.9182665,46.750978,11.6877445,46.932022,52.801355,13.20033875,52.899662,44.810537,11.20263425,45.008558
P,16,1,8,12,4,316.140928,221.639319,222.771856,94.50160899999997,79.035232,55.40982975,23.625402249999993,67.658721,16.91468025,67.897305,64.110464,16.027616,64.213689,89.87013400000001,22.467533500000002,90.66086200000001
P,16,1,8,13,4,361.949499,247.879021,248.353678,114.07047800000001,90.48737475,61.96975525,28.517619500000002,72.95963,18.2399075,72.985579,76.070337,19.01758425,76.296465,98.849054,24.7122635,99.071634
P,16,1,8,14,4,291.876456,172.473565,173.43732699999998,119.40289100000001,72.969114,43.11839125,29.850722750000003,46.292343,11.57308575,46.394819,81.3877,20.346925,81.901436,44.793521999999996,11.198380499999999,45.141071999999994
P,16,1,8,15,4,315.924718,228.918363,232.309817,87.00635499999999,78.9811795,57.22959075,21.751588749999996,65.99988400000001,16.499971000000002,68.845783,80.10169099999999,20.025422749999997,80.367586,82.816788,20.704197,83.09644800000001
P,16,1,8,16,4,246.310656,123.733432,124.103972,122.577224,61.577664,30.933358,30.644306,38.707644,9.676911,38.949115,36.689921,9.17248025,36.757959,48.335867,12.08396675,48.39689799999999
P,16,1,8,17,4,237.357342,134.54039,135.834031,102.81695199999999,59.3393355,33.6350975,25.704237999999997,40.907436000000004,10.226859000000001,40.923282,38.635115,9.65877875,38.737005,54.997839000000006,13.749459750000002,56.173744
P,16,1,8,18,4,337.990562,224.941722,226.30573900000002,113.04884000000001,84.4976405,56.2354305,28.262210000000003,80.114952,20.028738,80.71897100000001,91.75022299999999,22.937555749999998,92.318757,53.076547,13.26913675,53.268011
P,16,1,8,19,4,339.064428,230.42078000000004,230.86272800000003,108.64364799999998,84.766107,57.60519500000001,27.160911999999996,72.357543,18.08938575,72.45462400000001,66.826975,16.70674375,66.926083,91.23626200000001,22.809065500000003,91.482021
P,16,1,8,20,4,288.615845,160.751211,161.28488900000002,127.86463399999997,72.15396125,40.18780275,31.96615849999999,40.223619,10.05590475,40.296075,46.805454999999995,11.701363749999999,47.149961000000005,73.722137,18.43053425,73.838853
P,16,1,8,21,4,258.753558,181.70763900000003,182.059376,77.04591899999997,64.6883895,45.42690975000001,19.261479749999992,43.82401,10.9560025,43.87863900000001,57.221462,14.3053655,57.464448,80.66216700000001,20.165541750000003,80.716289
P,16,1,8,22,4,229.535255,127.78454,128.03348499999998,101.750715,57.38381375,31.946135,25.43767875,44.865746,11.2164365,44.899988,39.988732,9.997183,40.227287000000004,42.93006200000001,10.732515500000002,42.90621
P,16,1,8,23,4,233.145852,137.198531,137.32129700000002,95.94732099999999,58.286463,34.29963275,23.986830249999997,45.213978999999995,11.303494749999999,45.280685,41.594665,10.39866625,41.625001000000005,50.389887,12.59747175,50.415611
P,16,1,8,24,4,217.739228,139.76472099999998,140.033877,77.97450700000002,54.434807,34.941180249999995,19.493626750000004,37.337174,9.3342935,37.463725,51.355779,12.83894475,51.403227,51.071768,12.767942,51.166925
P,16,1,8,25,4,406.225158,291.941376,293.184614,114.28378200000003,101.5562895,72.985344,28.570945500000008,116.81397799999999,29.203494499999998,116.94878299999999,65.826284,16.456571,66.34930299999999,109.301114,27.3252785,109.88652800000001
P,16,1,8,26,4,367.541156,231.67148200000003,232.26644,135.86967399999997,91.885289,57.91787050000001,33.967418499999994,86.183081,21.54577025,86.657653,66.14643500000001,16.536608750000003,66.26433800000001,79.341966,19.8354915,79.344449
P,16,1,8,27,4,249.509269,124.245863,125.01327,125.26340599999999,62.37731725,31.06146575,31.315851499999997,37.457133,9.36428325,37.723726,35.937599999999996,8.984399999999999,35.968229,50.85113,12.7127825,51.321315
P,16,1,8,28,4,284.0328,178.47948300000002,178.912525,105.55331699999999,71.0082,44.619870750000004,26.388329249999998,45.715457,11.42886425,45.782402,79.52561800000001,19.881404500000002,79.885277,53.23840799999999,13.309601999999998,53.244845999999995
P,16,1,8,29,4,237.003276,136.718883,136.89717,100.284393,59.250819,34.17972075,25.07109825,46.933306,11.7333265,46.991466,39.201268,9.800317,39.281196,50.584309,12.64607725,50.624508
P,16,1,8,30,4,309.541039,195.49816900000002,195.86974700000002,114.04287,77.38525975,48.874542250000005,28.5107175,46.124404999999996,11.531101249999999,46.184642,77.47742500000001,19.369356250000003,77.631606,71.896339,17.97408475,72.053499
P,16,1,8,31,4,292.158953,204.854318,205.41572100000002,87.30463499999999,73.03973825,51.2135795,21.826158749999998,95.746261,23.93656525,95.779383,56.76506,14.191265,56.939053,52.342997,13.08574925,52.69728500000001
P,16,1,8,32,4,299.180637,184.39702300000002,184.63671599999998,114.78361399999997,74.79515925,46.099255750000005,28.695903499999993,59.195555,14.79888875,59.261523000000004,72.030662,18.0076655,72.09953,53.170806,13.2927015,53.275662999999994
P,16,1,8,33,4,278.238639,189.90474600000002,191.02963,88.33389299999996,69.55965975,47.476186500000004,22.08347324999999,62.031097,15.50777425,62.588313,78.5062,19.62655,78.95238900000001,49.367449,12.34186225,49.488928
P,16,1,8,34,4,303.297905,183.63707700000003,183.88675700000002,119.66082799999998,75.82447625,45.90926925000001,29.915206999999995,69.780315,17.44507875,69.889355,60.741113,15.18527825,60.795935,53.115649000000005,13.278912250000001,53.201467
P,16,1,8,35,4,269.066243,153.746448,153.86433399999999,115.319795,67.26656075,38.436612,28.82994875,38.862243,9.71556075,38.881581,35.466627,8.86665675,35.556484,79.41757799999999,19.854394499999998,79.426269
P,16,1,8,36,4,260.919181,160.503478,160.853629,100.41570299999998,65.22979525,40.1258695,25.103925749999995,41.339334,10.3348335,41.454058,54.43878,13.609695,54.563428,64.725364,16.181341,64.83614299999999
P,16,1,8,37,4,295.013939,181.94315799999998,182.59822199999996,113.07078100000001,73.75348475,45.485789499999996,28.267695250000003,55.972533999999996,13.993133499999999,56.107612,72.610238,18.1525595,73.12316999999999,53.360386000000005,13.340096500000001,53.36744
P,16,1,8,38,4,209.479939,120.352218,120.559384,89.12772100000001,52.36998475,30.0880545,22.281930250000002,38.03643,9.5091075,38.056127,36.294803,9.07370075,36.416545,46.020985,11.50524625,46.086712000000006
P,16,1,8,39,4,332.948449,223.94186,224.479943,109.00658899999999,83.23711225,55.985465,27.251647249999998,86.655915,21.66397875,86.758419,85.174385,21.29359625,85.51864,52.11156,13.02789,52.202884
P,16,1,8,40,4,275.473447,199.07139999999998,199.45871699999998,76.40204700000004,68.86836175,49.767849999999996,19.10051175000001,67.16117399999999,16.790293499999997,67.34487899999999,82.242593,20.56064825,82.414336,49.667633,12.41690825,49.699502
P,16,1,8,41,4,376.472802,255.194971,256.408323,121.27783099999999,94.1182005,63.79874275,30.319457749999998,73.13391,18.2834775,74.25268399999999,67.304835,16.82620875,67.322515,114.75622600000001,28.689056500000003,114.833124
P,16,1,8,42,4,374.441545,235.37035400000002,236.246693,139.071191,93.61038625,58.842588500000005,34.76779775,76.88898800000001,19.222247000000003,76.98517199999999,85.2025,21.300625,85.272132,73.278866,18.3197165,73.989389
P,16,1,8,43,4,260.14541,136.29742199999998,136.419657,123.84798800000004,65.0363525,34.074355499999996,30.96199700000001,40.777668999999996,10.194417249999999,40.828897000000005,38.067679999999996,9.516919999999999,38.107077,57.452073,14.36301825,57.483683
P,16,1,8,44,4,358.534259,229.374556,230.23005799999999,129.159703,89.63356475,57.343639,32.28992575,77.161794,19.2904485,77.792925,97.161598,24.2903995,97.316458,55.051164,13.762791,55.120675
P,16,1,8,45,4,335.234027,225.756638,226.1297,109.47738900000002,83.80850675,56.4391595,27.369347250000004,66.816092,16.704023,67.027158,100.509244,25.127311,100.584772,58.431302,14.6078255,58.51777
P,16,1,8,46,4,258.223836,143.72566999999998,144.336468,114.49816600000003,64.555959,35.931417499999995,28.624541500000007,44.581277,11.14531925,44.62419,40.300854,10.0752135,40.371132,58.84353899999999,14.710884749999998,59.341145999999995
P,16,1,8,47,4,259.422726,148.756181,149.119012,110.66654500000001,64.8556815,37.18904525,27.666636250000003,41.077113999999995,10.269278499999999,41.289809000000005,38.586116,9.646529,38.641159,69.092951,17.27323775,69.18804399999999
P,16,1,8,48,4,322.089761,202.899815,204.314108,119.18994600000002,80.52244025,50.72495375,29.797486500000005,63.301837,15.82545925,64.17340200000001,78.594464,19.648616,78.90366,61.003514,15.2508785,61.237046
P,16,1,8,49,4,263.280097,154.766393,158.636616,108.51370400000002,65.82002425,38.69159825,27.128426000000005,47.579787,11.89494675,50.274537,55.010526,13.7526315,56.105571,52.17608,13.04402,52.256508
P,16,1,8,50,4,223.805246,138.404377,138.48991999999998,85.400869,55.9513115,34.60109425,21.35021725,42.110533,10.52763325,42.106419,45.902186,11.4755465,45.950514,50.39165799999999,12.597914499999998,50.432987
P,16,1,8,51,4,274.792254,164.10562600000003,164.494656,110.68662799999998,68.6980635,41.02640650000001,27.671656999999996,42.69624400000001,10.674061000000002,42.723832,53.308666,13.3271665,53.43116,68.100716,17.025179,68.339664
P,16,1,8,52,4,274.901766,197.65489300000002,198.471132,77.246873,68.7254415,49.413723250000004,19.31171825,50.173675,12.54341875,50.332205,71.812782,17.9531955,72.32996499999999,75.668436,18.917109,75.80896200000001
P,16,1,8,53,4,327.568978,213.53000099999997,215.019342,114.03897700000005,81.8922445,53.38250024999999,28.50974425000001,83.939827,20.98495675,85.211744,84.456997,21.11424925,84.64261,45.133176999999996,11.283294249999999,45.164988
P,16,1,8,54,4,284.080789,190.95855799999998,191.815586,93.122231,71.02019725,47.739639499999996,23.28055775,52.023547,13.00588675,52.320409999999995,72.16615,18.0415375,72.266253,66.768861,16.69221525,67.228923
P,16,1,8,55,4,364.605968,236.36983200000003,236.95244800000003,128.236136,91.151492,59.09245800000001,32.059034,85.227951,21.30698775,85.304039,98.982012,24.745503,99.38678300000001,52.159869,13.03996725,52.261626
P,16,1,8,56,4,231.576471,138.60774,139.93204,92.96873099999999,57.89411775,34.651935,23.242182749999998,35.735145,8.93378625,36.173828,34.485065,8.62126625,35.261761,68.38753,17.0968825,68.49645100000001
P,16,1,8,57,4,349.569929,217.175575,217.762807,132.394354,87.39248225,54.29389375,33.0985885,82.57416500000001,20.643541250000002,82.65478999999999,62.935885999999996,15.733971499999999,63.229535000000006,71.665524,17.916381,71.878482
P,16,1,8,58,4,346.547149,207.214187,208.239526,139.33296199999998,86.63678725,51.80354675,34.833240499999995,76.386171,19.09654275,76.492995,75.82494299999999,18.956235749999998,75.99412799999999,55.003073,13.75076825,55.752403
P,16,1,8,59,4,269.420925,176.53932400000002,177.31692700000002,92.88160099999999,67.35523125,44.134831000000005,23.220400249999997,61.073245,15.26831125,61.191396999999995,65.91185200000001,16.477963000000003,66.45542400000001,49.554227,12.38855675,49.670106000000004
P,16,1,8,60,4,345.952947,227.670182,228.024654,118.28276499999998,86.48823675,56.9175455,29.570691249999996,97.20908899999999,24.302272249999998,97.38153299999999,72.081857,18.02046425,72.230382,58.379236000000006,14.594809000000001,58.412738999999995
P,16,1,8,61,4,249.871232,148.44950599999999,149.049076,101.421726,62.467808,37.112376499999996,25.3554315,44.296604,11.074151,44.390739999999994,36.89170899999999,9.222927249999998,36.952843,67.26119299999999,16.815298249999998,67.705493
P,16,1,8,62,4,238.341688,159.040441,159.22263700000002,79.30124700000002,59.585422,39.76011025,19.825311750000004,45.043583,11.26089575,45.04680100000001,37.328496,9.332124,37.397575,76.668362,19.1670905,76.778261
P,16,1,8,63,4,315.552791,189.350369,191.532075,126.20242200000001,78.88819775,47.33759225,31.550605500000003,77.239232,19.309808,78.783235,64.62119899999999,16.155299749999998,65.27837,47.489938,11.8724845,47.47047
P,16,1,8,64,4,367.843362,242.52592500000003,242.811553,125.31743699999998,91.9608405,60.63148125000001,31.329359249999996,89.181563,22.29539075,89.278165,98.70855800000001,24.677139500000003,98.82490000000001,54.635804,13.658951,54.708488
P,16,1,8,65,4,359.180608,242.94930100000002,243.39411099999998,116.23130699999999,89.795152,60.737325250000005,29.057826749999997,76.158851,19.03971275,76.233984,81.288798,20.3221995,81.592343,85.501652,21.375413,85.56778399999999
P,16,1,8,66,4,229.009585,124.278672,126.08747799999999,104.73091299999999,57.25239625,31.069668,26.182728249999997,39.99046800000001,9.997617000000002,41.147626,36.154005,9.03850125,36.730382999999996,48.134199,12.03354975,48.209469
P,16,1,8,67,4,360.674439,264.578369,265.25332000000003,96.09607,90.16860975,66.14459225,24.0240175,106.41503499999999,26.603758749999997,106.606353,93.62463500000001,23.406158750000003,93.85805099999999,64.53869900000001,16.134674750000002,64.788916
P,16,1,8,68,4,298.051302,206.98992500000003,207.844606,91.061377,74.5128255,51.74748125000001,22.76534425,79.270831,19.81770775,79.552395,66.574982,16.6437455,67.105279,61.144112,15.286028,61.186932000000006
P,16,1,8,69,4,353.031276,251.99458800000002,253.643428,101.03668799999997,88.257819,62.998647000000005,25.259171999999992,83.116649,20.77916225,84.46929599999999,72.845157,18.21128925,73.018913,96.03278200000001,24.008195500000003,96.15521900000002
P,16,1,8,70,4,285.471712,156.92649999999998,157.477265,128.54521200000005,71.367928,39.231624999999994,32.13630300000001,59.07166699999999,14.767916749999998,59.195814,51.543397,12.88584925,51.90953999999999,46.311436,11.577859,46.371911
P,16,1,8,71,4,236.986578,154.641021,155.088798,82.34555700000001,59.2466445,38.66025525,20.586389250000003,45.53805,11.3845125,45.576119,49.108504999999994,12.277126249999998,49.201116999999996,59.994466,14.9986165,60.311562
P,16,1,8,72,4,277.796416,178.864866,179.670663,98.93155000000002,69.449104,44.7162165,24.732887500000004,53.774858,13.4437145,53.963522999999995,72.32741299999999,18.081853249999998,72.414064,52.762595000000005,13.190648750000001,53.293076
P,16,1,8,73,4,211.488522,126.989256,127.112667,84.49926599999999,52.8721305,31.747314,21.124816499999998,37.897406000000004,9.474351500000001,37.926483,38.397173,9.59929325,38.487016999999994,50.694677,12.67366925,50.699167
P,16,1,8,74,4,304.450498,191.38257900000002,192.16022300000003,113.06791899999996,76.1126245,47.845644750000005,28.26697974999999,62.989194999999995,15.747298749999999,63.005309000000004,56.208510000000004,14.052127500000001,56.832978999999995,72.18487400000001,18.046218500000002,72.32193500000001
P,16,1,8,75,4,273.877389,158.810813,160.323613,115.066576,68.46934725,39.70270325,28.766644,37.90035,9.4750875,37.980787,35.870123,8.96753075,35.918156,85.04034,21.260085,86.42466999999999
P,16,1,8,76,4,342.543371,222.71659900000003,223.575781,119.82677199999995,85.63584275,55.67914975000001,29.956692999999987,83.31764700000001,20.829411750000002,83.63331000000001,51.429984,12.857496,51.561804,87.968968,21.992242,88.380667
P,16,1,8,77,4,310.116383,202.427733,202.923661,107.68865,77.52909575,50.60693325,26.9221625,61.708073,15.42701825,61.76648900000001,70.389221,17.59730525,70.579162,70.330439,17.58260975,70.57801
P,16,1,8,78,4,250.536946,133.139084,133.74771900000002,117.397862,62.6342365,33.284771,29.3494655,37.519172999999995,9.379793249999999,37.604737,43.72693700000001,10.931734250000002,44.154499,51.892973999999995,12.973243499999999,51.988483
P,16,1,8,79,4,297.735543,187.997978,188.390653,109.73756500000002,74.43388575,46.9994945,27.434391250000004,43.370008,10.842502,43.464165,48.89957700000001,12.224894250000002,48.94066,95.728393,23.93209825,95.985828
P,16,1,8,80,4,302.067929,189.129691,189.56176699999997,112.93823799999998,75.51698225,47.28242275,28.234559499999996,68.076846,17.0192115,68.18155,51.318686,12.8296715,51.344231,69.734159,17.43353975,70.035986
P,16,1,8,81,4,330.266194,225.37336499999998,225.59662500000002,104.892829,82.5665485,56.343341249999995,26.22320725,67.915886,16.9789715,68.02302399999999,88.02709899999999,22.006774749999998,88.10794,69.43038,17.357595,69.465661
P,16,1,8,82,4,369.906518,263.274119,263.53231800000003,106.63239900000002,92.4766295,65.81852975,26.658099750000005,87.57041100000001,21.892602750000002,87.73988200000001,99.35501,24.8387525,99.35751200000001,76.348698,19.0871745,76.434924
P,16,1,8,83,4,286.744141,196.011502,197.238159,90.732639,71.68603525,49.0028755,22.68315975,68.596734,17.1491835,68.745385,63.074262000000004,15.768565500000001,63.68953799999999,64.340506,16.0851265,64.803236
P,16,1,8,84,4,238.102346,149.254725,149.395119,88.847621,59.5255865,37.31368125,22.21190525,37.107292,9.276823,37.148141,35.26395,8.8159875,35.270506999999995,76.883483,19.22087075,76.976471
P,16,1,8,85,4,226.387099,138.555868,139.30783000000002,87.831231,56.59677475,34.638967,21.95780775,48.733380999999994,12.183345249999999,48.77361500000001,38.381475,9.59536875,39.021604999999994,51.441012,12.860253,51.51261000000001
P,16,1,8,86,4,293.781998,182.641439,182.991523,111.140559,73.4454995,45.66035975,27.78513975,39.156881,9.78922025,39.3975,73.64015400000001,18.410038500000002,73.65396899999999,69.844404,17.461101,69.940054
P,16,1,8,87,4,291.229044,206.35516299999998,206.827134,84.87388100000001,72.807261,51.588790749999994,21.218470250000003,75.77542199999999,18.943855499999998,75.866169,80.539944,20.134986,80.623989,50.039797,12.50994925,50.336976
P,16,1,8,88,4,358.455083,250.399583,250.710324,108.0555,89.61377075,62.59989575,27.013875,80.186336,20.046584,80.31032900000001,73.634799,18.40869975,73.738135,96.57844800000001,24.144612000000002,96.66185999999999
P,16,1,8,89,4,319.458885,231.46124899999998,232.236496,87.99763600000003,79.86472125,57.865312249999995,21.999409000000007,79.536723,19.88418075,79.571426,103.555714,25.8889285,104.215584,48.368812,12.092203,48.44948599999999
P,16,1,8,90,4,300.522583,211.043004,211.308808,89.479579,75.13064575,52.760751,22.36989475,86.467816,21.616954,86.512329,63.62968299999999,15.907420749999998,63.688035,60.945505,15.23637625,61.108444000000006
P,16,1,8,91,4,275.397652,177.41798699999998,177.774602,97.97966500000001,68.849413,44.354496749999996,24.494916250000003,66.019735,16.50493375,66.102479,60.117846,15.0294615,60.194678999999994,51.280406,12.8201015,51.477444
P,16,1,8,92,4,244.846604,132.568362,132.79004200000003,112.278242,61.211651,33.1420905,28.0695605,38.783735,9.69593375,38.928126000000006,36.478948,9.119737,36.516033,57.305679,14.32641975,57.345883
P,16,1,8,93,4,277.27348,192.05993700000002,193.964654,85.21354299999999,69.31837,48.014984250000005,21.303385749999997,54.958993,13.73974825,55.583934,86.54936500000001,21.637341250000002,87.746449,50.551579000000004,12.637894750000001,50.634271
P,16,1,8,94,4,349.533013,235.299169,235.71791399999998,114.23384399999998,87.38325325,58.82479225,28.558460999999994,75.824723,18.95618075,75.945339,87.17695800000001,21.794239500000003,87.39544599999999,72.297488,18.074372,72.377129
P,16,1,8,95,4,301.479188,191.479012,193.004496,110.00017600000001,75.369797,47.869753,27.500044000000003,60.708524000000004,15.177131000000001,60.793885,77.281227,19.32030675,77.375453,53.489261,13.37231525,54.835158
P,16,1,8,96,4,301.191906,198.36687800000004,199.16665700000001,102.82502799999997,75.2979765,49.59171950000001,25.706256999999994,74.417147,18.60428675,74.900148,70.709106,17.6772765,70.927457,53.24062500000001,13.310156250000002,53.339052
P,16,1,8,97,4,296.146308,198.519971,198.715181,97.62633699999998,74.036577,49.62999275,24.406584249999995,74.441944,18.610486,74.519169,71.603226,17.9008065,71.670965,52.474801,13.11870025,52.525047
P,16,1,8,98,4,317.933261,221.39197499999997,221.79158,96.54128600000004,79.48331525,55.34799374999999,24.13532150000001,94.58695399999999,23.646738499999998,94.684534,69.005395,17.25134875,69.163133,57.799625999999996,14.449906499999999,57.943912999999995
P,16,1,8,99,4,297.357941,205.08874200000002,205.51404300000002,92.26919899999996,74.33948525,51.272185500000006,23.06729974999999,72.365204,18.091301,72.652557,66.46692,16.61673,66.529962,66.256618,16.5641545,66.331524
P,16,1,8,100,4,295.464999,206.74579699999998,209.24743899999999,88.719202,73.86624975,51.686449249999995,22.1798005,69.942356,17.485589,71.667742,84.43361399999999,21.108403499999998,85.07202099999999,52.369827,13.09245675,52.507676000000004
P,16,1,8,101,4,278.731555,177.488881,177.678806,101.24267400000002,69.68288875,44.37222025,25.310668500000006,63.074554,15.7686385,63.077514,65.313518,16.3283795,65.41603300000001,49.100809,12.27520225,49.185259
P,16,1,8,102,4,302.414845,198.586976,198.76298,103.82786900000002,75.60371125,49.646744,25.956967250000005,68.14299499999998,17.035748749999996,68.215926,77.815089,19.45377225,77.90624,52.628892,13.157223,52.640814000000006
P,16,1,8,103,4,354.893142,252.900797,254.94223499999998,101.992345,88.7232855,63.22519925,25.49808625,78.860845,19.71521125,79.41730899999999,79.523809,19.88095225,80.693306,94.516143,23.62903575,94.83162
P,16,1,8,104,4,366.869467,240.14885700000002,240.686328,126.72060999999997,91.71736675,60.037214250000005,31.68015249999999,88.779154,22.1947885,88.917297,84.841351,21.21033775,85.003927,66.528352,16.632088,66.76510400000001
P,16,1,8,105,4,360.591386,216.282246,216.98114100000004,144.30914,90.1478465,54.0705615,36.077285,78.13564799999999,19.533911999999997,78.185791,64.97069,16.2426725,65.19911,73.17590799999999,18.293976999999998,73.59624000000001
P,16,1,8,106,4,301.110931,202.62678599999998,204.071226,98.48414500000001,75.27773275,50.656696499999995,24.621036250000003,83.147577,20.78689425,83.30658799999999,66.507775,16.62694375,67.787862,52.971434,13.2428585,52.976776
P,16,1,8,107,4,309.01147,196.900072,197.366173,112.11139799999998,77.2528675,49.225018,28.027849499999995,58.717779,14.67944475,58.849762,60.70965399999999,15.177413499999998,60.935103999999995,77.472639,19.36815975,77.58130700000001
P,16,1,8,108,4,320.738223,203.05458000000002,203.281092,117.68364299999999,80.18455575,50.763645000000004,29.420910749999997,75.987775,18.99694375,76.068816,58.367566000000004,14.591891500000001,58.467846,68.699239,17.17480975,68.74443
P,16,1,8,109,4,323.218135,213.402185,215.067587,109.81595000000002,80.80453375,53.35054625,27.453987500000004,63.585924999999996,15.896481249999999,64.42216300000001,78.416797,19.60419925,79.133649,71.399463,17.84986575,71.511775
P,16,1,8,110,4,296.735584,190.925953,191.63586800000002,105.80963100000002,74.183896,47.73148825,26.452407750000006,43.759961000000004,10.939990250000001,44.185672,78.380351,19.59508775,78.59089,68.785641,17.19641025,68.859306
P,16,1,8,111,4,326.050088,215.238236,216.639949,110.81185200000002,81.512522,53.809559,27.702963000000004,69.70307,17.4257675,69.793239,92.073224,23.018306,92.13626,53.46194199999999,13.365485499999998,54.710449999999994
P,16,1,8,112,4,261.817908,153.68253499999997,153.96616899999998,108.13537300000002,65.454477,38.42063374999999,27.033843250000004,40.257216,10.064304,40.28874,38.390538,9.5976345,38.464716,75.034781,18.75869525,75.212713
P,16,1,8,113,4,327.978123,215.563917,215.966389,112.41420599999998,81.99453075,53.89097925,28.103551499999995,85.57406300000001,21.393515750000002,85.850178,78.22234399999999,19.555585999999998,78.280788,51.76751,12.9418775,51.835423
P,16,1,8,114,4,313.131514,210.574613,211.21701799999997,102.55690099999998,78.2828785,52.64365325,25.639225249999996,79.638035,19.90950875,79.794338,81.101283,20.27532075,81.47627299999999,49.835295,12.45882375,49.946407
P,16,1,8,115,4,372.178358,243.416363,243.758012,128.761995,93.0445895,60.85409075,32.19049875,69.52071600000001,17.380179000000002,69.550018,103.73433399999999,25.933583499999997,103.927085,70.161313,17.54032825,70.28090900000001
P,16,1,8,116,4,391.372204,255.930907,256.566128,135.44129700000002,97.843051,63.98272675,33.860324250000005,89.33141499999999,22.332853749999998,89.714998,86.626311,21.65657775,86.787814,79.973181,19.99329525,80.063316
P,16,1,8,117,4,316.199922,215.27615300000002,217.511481,100.923769,79.0499805,53.819038250000006,25.23094225,73.293198,18.3232995,74.204119,90.173767,22.54344175,90.486064,51.809188000000006,12.952297000000002,52.821298
P,16,1,8,118,4,288.960686,197.51838800000002,197.76496300000002,91.442298,72.2401715,49.379597000000004,22.8605745,65.577829,16.39445725,65.621199,52.46043,13.1151075,52.499158,79.480129,19.87003225,79.644606
P,16,1,8,119,4,325.314094,240.648516,241.36836,84.66557800000001,81.3285235,60.162129,21.166394500000003,116.66866999999999,29.167167499999998,117.01487,57.044675,14.26116875,57.138357,66.935171,16.73379275,67.215133
U,4,2,0,0,4,266.093215,92.330915,92.496436,173.76229999999998,66.52330375,23.08272875,43.440574999999995,21.833376,5.458344,21.84158,41.362994,10.3407485,41.370107,29.134544999999996,7.283636249999999,29.284749
U,4,2,0,1,4,223.079554,84.875765,85.01588800000002,138.203789,55.7698885,21.21894125,34.55094725,22.077259,5.51931475,22.103667,30.465138,7.6162845,30.566483,32.333368,8.083342,32.345738000000004
U,4,2,0,2,4,272.212439,81.34899300000001,83.56129,190.863446,68.05310975,20.337248250000002,47.7158615,26.292755,6.57318875,26.331435,34.050386,8.5125965,34.152392,21.005851999999997,5.251462999999999,23.077463
U,4,2,0,3,4,222.76564,78.99578199999999,79.17242200000001,143.769858,55.69141,19.748945499999998,35.9424645,17.440407,4.36010175,17.476104999999997,20.321699000000002,5.080424750000001,20.427324000000002,41.233675999999996,10.308418999999999,41.268993
U,4,2,0,4,4,247.207955,91.57278299999999,91.70127,155.635172,61.80198875,22.893195749999997,38.908793,28.838098000000002,7.209524500000001,28.90182,37.284045,9.32101125,37.338595,25.45064,6.36266,25.460854999999995
U,4,2,0,5,4,276.644946,103.18569699999999,103.91949,173.459249,69.1612365,25.796424249999998,43.36481225,29.875284,7.468821,29.916060999999996,38.790751,9.69768775,39.38444,34.519662,8.6299155,34.618989
U,4,2,0,6,4,251.340667,99.32151000000002,100.856933,152.01915699999998,62.83516675,24.830377500000004,38.004789249999995,35.93556,8.98389,35.941991,44.594278,11.1485695,44.649516,18.791672,4.697918,20.265425999999998
U,4,2,0,7,4,224.469064,52.217203,52.258087,172.25186100000002,56.117266,13.05430075,43.062965250000005,17.086456,4.271614,17.097261000000003,18.02787,4.5069675,18.036006999999998,17.102877,4.27571925,17.124819000000002
U,4,2,0,8,4,205.358498,71.784333,71.873641,133.574165,51.3396245,17.94608325,33.39354125,24.794911000000003,6.198727750000001,24.834267999999998,29.857815000000002,7.4644537500000006,29.896037,17.131607000000002,4.282901750000001,17.143336
U,4,2,0,9,4,238.574563,88.87892399999998,89.181769,149.69563900000003,59.64364075,22.219730999999996,37.42390975000001,46.167269999999995,11.541817499999999,46.425004,25.069708999999996,6.267427249999999,25.107650000000003,17.641945,4.41048625,17.649115000000002
U,4,2,0,10,4,260.871532,92.676716,93.162025,168.194816,65.217883,23.169179,42.048704,45.563442,11.3908605,45.73856,29.696829,7.42420725,29.968392,17.416445,4.35411125,17.455073000000002
U,4,2,0,11,4,241.354363,101.06654300000001,101.314151,140.28782,60.33859075,25.266635750000003,35.071955,16.829739,4.20743475,16.930274,42.581562000000005,10.645390500000001,42.596965,41.655242,10.4138105,41.786912
U,4,2,0,12,4,244.615482,81.75325900000001,83.272118,162.86222299999997,61.1538705,20.438314750000004,40.71555574999999,17.456217000000002,4.364054250000001,17.515487,31.474030000000003,7.868507500000001,32.904457,32.823012000000006,8.205753000000001,32.852174
U,4,2,0,13,4,215.060637,86.90872399999999,87.11727,128.15191300000004,53.76515925,21.727180999999998,32.03797825000001,24.888641999999997,6.222160499999999,24.975512000000002,44.394579,11.09864475,44.492674,17.625503,4.40637575,17.649084
U,4,2,0,14,4,254.652708,86.38666900000001,87.63577,168.26603899999998,63.663177,21.596667250000003,42.066509749999994,41.47931,10.3698275,42.713249999999995,22.941054,5.7352635,22.948192,21.966305,5.49157625,21.974328
U,4,2,0,15,4,242.671346,68.67106899999999,69.10282699999999,174.000277,60.6678365,17.167767249999997,43.50006925,28.748874,7.1872185,28.965235999999997,21.488766000000002,5.3721915000000005,21.496477,18.433428999999997,4.608357249999999,18.641114
U,4,2,0,16,4,204.136049,66.054421,66.612855,138.08162800000002,51.03401225,16.51360525,34.520407000000006,29.054719000000002,7.2636797500000005,29.412670999999996,19.371769,4.84294225,19.559573,17.627933000000002,4.406983250000001,17.640611
U,4,2,0,17,4,293.624552,109.70356500000001,108.65906000000001,183.92098699999997,73.406138,27.425891250000003,45.98024674999999,51.059327,12.76483175,51.147270000000006,41.470446,10.3676115,40.328941,17.173792000000002,4.293448000000001,17.182849
U,4,2,0,18,4,228.111867,72.820868,73.131786,155.290999,57.02796675,18.205217,38.82274975,17.212961,4.30324025,17.221982,34.432286000000005,8.608071500000001,34.725688,21.175621,5.29390525,21.184116000000003
U,4,2,0,19,4,270.714755,70.567762,70.686486,200.146993,67.67868875,17.6419405,50.03674825,17.40072,4.35018,17.435432,23.382583000000004,5.845645750000001,23.435939,29.784459000000002,7.4461147500000004,29.815115
U,4,2,0,20,4,239.925763,79.496196,79.547012,160.429567,59.98144075,19.874049,40.10739175,17.440476999999998,4.3601192499999994,17.449659,32.822416,8.205604,32.833102999999994,29.233303,7.30832575,29.26425
U,4,2,0,21,4,242.318971,97.000066,97.125584,145.318905,60.57974275,24.2500165,36.32972625,30.304821,7.57620525,30.349016,41.577404,10.394351,41.584846999999996,25.117841,6.27946025,25.191721
U,4,2,0,22,4,247.847982,90.46002900000002,93.84677399999998,157.38795299999998,61.9619955,22.615007250000005,39.346988249999995,28.774718,7.1936795,32.082918,44.812363000000005,11.203090750000001,44.881626,16.872948,4.218237,16.88223
U,4,2,0,23,4,229.885877,95.421701,95.593305,134.464176,57.47146925,23.85542525,33.616044,32.404791,8.10119775,32.503218000000004,45.803106,11.4507765,45.867943,17.213804,4.303451,17.222144
U,4,2,0,24,4,276.882819,88.620249,88.92510300000001,188.26256999999998,69.22070475,22.15506225,47.065642499999996,17.205437,4.30135925,17.214651,32.188398,8.0470995,32.246573,39.226414,9.8066035,39.463879
U,4,2,0,25,4,248.991209,101.0084,101.54776399999999,147.982809,62.24780225,25.2521,36.99570225,30.599783000000002,7.6499457500000005,30.664229,34.872067,8.71801675,34.95357,35.53655,8.8841375,35.929964999999996
U,4,2,0,26,4,275.544917,92.21289999999999,93.73460800000001,183.332017,68.88622925,23.053224999999998,45.83300425,32.537532999999996,8.134383249999999,34.01156,31.723574,7.9308935,31.731688000000002,27.951793000000002,6.9879482500000005,27.99136
U,4,2,0,27,4,266.408745,82.763358,83.559428,183.64538700000003,66.60218625,20.6908395,45.91134675000001,19.717613,4.92940325,19.74288,21.957850999999998,5.4894627499999995,22.712913999999998,41.087894,10.2719735,41.103634
U,4,2,0,28,4,237.128063,84.748675,84.821837,152.379388,59.28201575,21.18716875,38.094847,30.058301,7.51457525,30.0935,29.250117000000003,7.312529250000001,29.253131999999997,25.440257,6.36006425,25.475205000000003
U,4,2,0,29,4,260.876632,81.412694,81.712084,179.46393799999998,65.219158,20.3531735,44.865984499999996,34.739661999999996,8.684915499999999,34.974756,22.522227,5.63055675,22.529346,24.150805000000002,6.0377012500000005,24.207981999999998
U,4,2,0,30,4,246.808806,99.97319,100.503383,146.83561600000002,61.7022015,24.9932975,36.708904000000004,35.168001000000004,8.792000250000001,35.175336,34.551426,8.6378565,34.984544,30.253763000000003,7.563440750000001,30.343503
U,4,2,0,31,4,260.91249,61.388841,61.416444000000006,199.52364899999998,65.2281225,15.34721025,49.880912249999994,18.375673,4.59391825,18.385721000000004,18.83747,4.7093675,18.845657,24.175697999999997,6.043924499999999,24.185066
U,4,2,0,32,4,230.191826,80.464844,82.16398800000002,149.726982,57.5479565,20.116211,37.4317455,34.522349,8.63058725,34.558773,28.706862,7.1767155,30.281686,17.235633,4.30890825,17.323529
U,4,2,0,33,4,263.623465,102.284426,102.413325,161.339039,65.90586625,25.5711065,40.33475975,41.266638,10.3166595,41.322448,38.621668,9.655417,38.643737,22.39612,5.59903,22.44714
U,4,2,0,34,4,281.426808,88.790662,89.11566099999999,192.636146,70.356702,22.1976655,48.1590365,33.185055999999996,8.296263999999999,33.199389,29.515825,7.37895625,29.789538,26.089781,6.52244525,26.126734
U,4,2,0,35,4,200.33868,59.63779600000001,59.704629,140.700884,50.08467,14.909449000000002,35.175221,23.967974,5.9919935,24.016562,18.463394,4.6158485,18.471473,17.206428,4.301607,17.216594
U,4,2,0,36,4,243.213554,60.870649,60.898078,182.34290499999997,60.8033885,15.21766225,45.58572624999999,17.160475,4.29011875,17.170775,21.816931,5.45423275,21.82523,21.893243000000002,5.4733107500000004,21.902073
U,4,2,0,37,4,238.590846,73.613376,73.683441,164.97746999999998,59.6477115,18.403344,41.244367499999996,23.804828,5.951207,23.860933000000003,31.379707,7.84492675,31.385702000000002,18.428841000000002,4.6072102500000005,18.436806
U,4,2,0,38,4,256.775683,69.41371899999999,70.061021,187.36196400000003,64.19392075,17.353429749999997,46.84049100000001,21.553231,5.38830775,22.182949999999998,30.821101,7.70527525,30.829239,17.039386999999998,4.2598467499999995,17.048832
U,4,2,0,39,4,254.537665,78.156136,78.51842400000001,176.381529,63.63441625,19.539034,44.09538225,25.281054,6.3202635,25.469234,24.45061,6.1126525,24.524455,28.424472,7.106118,28.524735
U,4,2,0,40,4,178.17056,60.771249999999995,60.979879999999994,117.39931,44.54264,15.192812499999999,29.3498275,21.135298,5.2838245,21.237499999999997,21.691384,5.422846,21.723867,17.944568,4.486142,18.018513
U,4,2,0,41,4,282.401387,89.40865600000001,89.515136,192.992731,70.60034675,22.352164000000002,48.24818275,32.933491000000004,8.233372750000001,32.990328,31.942554,7.9856385,31.94947,24.532611,6.13315275,24.575338000000002
U,4,2,0,42,4,254.242032,91.087413,92.24200400000001,163.154619,63.560508,22.77185325,40.78865475,34.155527,8.53888175,35.219319,36.718162,9.1795405,36.774607,20.213724,5.053431,20.248078
U,4,2,0,43,4,248.0591,68.369831,69.191021,179.689269,62.014775,17.09245775,44.92231725,17.860346,4.4650865,18.438655999999998,23.593957000000003,5.898489250000001,23.626266,26.915528000000002,6.7288820000000005,27.126099000000004
U,4,2,0,44,4,262.98444,86.10641999999999,86.372449,176.87802000000002,65.74611,21.526604999999996,44.219505000000005,23.955001999999997,5.988750499999999,23.991965999999998,38.060395,9.51509875,38.25237800000001,24.091023,6.02275575,24.128104999999998
U,4,2,0,45,4,178.245559,55.98011,56.031347000000004,122.26544899999999,44.56138975,13.9950275,30.566362249999997,16.999222999999997,4.249805749999999,17.007744000000002,17.038370999999998,4.2595927499999995,17.046791,21.942516000000005,5.485629000000001,21.976812000000002
U,4,2,0,46,4,256.045771,76.76758899999999,76.85328299999999,179.27818200000002,64.01144275,19.191897249999997,44.819545500000004,17.159343999999997,4.289835999999999,17.169301,34.409403,8.60235075,34.439175999999996,25.198842,6.2997105,25.244805999999997
U,4,2,0,47,4,238.533072,85.799401,85.886775,152.73367100000002,59.633268,21.44985025,38.183417750000004,23.746119,5.93652975,23.754719,31.872995000000003,7.968248750000001,31.905451999999997,30.180287,7.54507175,30.226604000000002
U,4,2,0,48,4,245.139944,70.118334,70.60734000000001,175.02161,61.284986,17.5295835,43.7554025,23.754125999999996,5.938531499999999,24.154414000000003,21.80269,5.4506725,21.833672,24.561518,6.1403795,24.619254
U,4,2,0,49,4,269.495247,73.586817,73.69018700000001,195.90843,67.37381175,18.39670425,48.9771075,34.0431,8.510775,34.103656,17.881123,4.47028075,17.889307,21.662594,5.4156485,21.697224
U,4,2,0,50,4,237.688784,88.15854,88.263052,149.53024399999998,59.422196,22.039635,37.382560999999995,35.037563,8.75939075,35.053835,23.813374,5.9533435,23.84787,29.307603,7.32690075,29.361347000000002
U,4,2,0,51,4,252.843294,70.554019,71.621658,182.28927499999998,63.2108235,17.63850475,45.572318749999994,17.723278,4.4308195,17.732494000000003,16.968844,4.242211,17.091207,35.861897,8.96547425,36.797957
U,4,2,0,52,4,213.739247,82.940595,83.54625100000001,130.798652,53.43481175,20.73514875,32.699663,21.533324,5.383331,22.045825,29.806807,7.45170175,29.842905000000002,31.600464,7.900116,31.657521000000003
U,4,2,0,53,4,265.414272,93.681699,94.00827600000001,171.732573,66.353568,23.42042475,42.93314325,17.653505000000003,4.413376250000001,17.827973,47.935798999999996,11.983949749999999,47.941745000000004,28.092395,7.02309875,28.238557999999998
U,4,2,0,54,4,246.358826,72.70031599999999,72.86576,173.65851,61.5897065,18.175078999999997,43.4146275,30.645359999999997,7.661339999999999,30.710811,16.896698999999998,4.2241747499999995,16.904411,25.158257,6.28956425,25.250538
U,4,2,0,55,4,244.985398,83.80426800000001,84.56472199999999,161.18113,61.2463495,20.951067000000002,40.2952825,39.190004,9.797501,39.133665,27.466295,6.86657375,27.473833999999997,17.147969,4.28699225,17.957223000000003
U,4,2,0,56,4,264.898001,78.737186,78.91674,186.160815,66.22450025,19.6842965,46.54020375,18.50338,4.625845,18.588248,38.252978999999996,9.563244749999999,38.320879999999995,21.980826999999998,5.4952067499999995,22.007612
U,4,2,0,57,4,198.861921,57.54967599999999,57.614151,141.31224500000002,49.71548025,14.387418999999998,35.328061250000005,17.749236,4.437309,17.796151000000002,16.893715999999998,4.223428999999999,16.90179,22.906723999999997,5.726680999999999,22.91621
U,4,2,0,58,4,250.692011,73.43474699999999,73.616234,177.25726400000002,62.67300275,18.358686749999997,44.314316000000005,32.705394,8.1763485,32.772369000000005,17.587618999999997,4.396904749999999,17.616411,23.141734,5.7854335,23.227454
U,4,2,0,59,4,270.749664,104.579782,105.358839,166.169882,67.687416,26.1449455,41.5424705,49.360536,12.340134,49.439088000000005,37.125406999999996,9.281351749999999,37.172501999999994,18.093839000000003,4.523459750000001,18.747249
U,4,2,0,60,4,193.766896,51.65399199999999,51.908387000000005,142.11290400000001,48.441724,12.913497999999997,35.528226000000004,17.169312,4.292328,17.377043999999998,17.287073999999997,4.321768499999999,17.323351000000002,17.197605999999997,4.299401499999999,17.207992
U,4,2,0,61,4,261.512662,57.16907,57.360276999999996,204.34359199999997,65.3781655,14.2922675,51.08589799999999,17.7197,4.429925,17.731031,15.008503000000001,3.7521257500000003,14.981167,24.440866999999997,6.110216749999999,24.648079
U,4,2,0,62,4,190.684814,56.402086000000004,56.437566,134.282728,47.6712035,14.100521500000001,33.570682,17.245392000000002,4.311348000000001,17.264556,14.976199000000001,3.7440497500000003,14.984707,24.180495,6.04512375,24.188302999999998
U,4,2,0,63,4,248.077549,72.443364,74.96213699999998,175.634185,62.01938725,18.110841,43.90854625,23.649203,5.91230075,26.149613,17.254112,4.313528,17.263117,31.540049,7.88501225,31.549406999999995
U,4,2,0,64,4,246.871825,80.876936,81.05329,165.994889,61.71795625,20.219234,41.49872225,28.385011,7.09625275,28.469314999999998,21.097637000000002,5.274409250000001,21.158678000000002,31.394288,7.848572,31.425296999999997
U,4,2,0,65,4,199.447898,64.398484,64.759477,135.049414,49.8619745,16.099621,33.7623535,24.815186,6.2037965,24.945649,22.544747,5.63618675,22.551497,17.038551000000002,4.2596377500000004,17.262331000000003
U,4,2,0,66,4,265.67506,81.86516,82.47833700000001,183.80989999999997,66.418765,20.46629,45.95247499999999,24.234273,6.05856825,24.697758,22.830035000000002,5.707508750000001,22.943002,34.800852,8.700213,34.837577
U,4,2,0,67,4,209.005447,60.879394,61.137158,148.126053,52.25136175,15.2198485,37.03151325,24.11191,6.0279775,24.270924,18.802204,4.700551,18.839297000000002,17.96528,4.49132,18.026937
U,4,2,0,68,4,211.658181,68.567093,69.77749800000001,143.091088,52.91454525,17.14177325,35.772772,16.895263,4.22381575,16.903479000000004,34.539393,8.63484825,34.640225,17.132437,4.28310925,18.233794
U,4,2,0,69,4,264.30978,92.926822,93.116681,171.38295799999997,66.077445,23.2317055,42.84573949999999,37.168963,9.29224075,37.232581,25.121872000000003,6.280468000000001,25.187567,30.635987,7.65899675,30.696533
U,4,2,0,70,4,212.935069,75.407484,75.545448,137.527585,53.23376725,18.851871,34.38189625,28.035600000000002,7.008900000000001,28.069074,16.879803,4.21995075,16.928458,30.492081,7.62302025,30.547916
U,4,2,0,71,4,235.940633,78.198042,78.287863,157.742591,58.98515825,19.5495105,39.43564775,43.768003,10.94200075,43.823557,17.200011,4.30000275,17.223519,17.230028,4.307507,17.240787
U,4,2,0,72,4,259.233817,85.66810899999999,85.917428,173.565708,64.80845425,21.417027249999997,43.391427,36.712362999999996,9.178090749999999,36.763834,24.112403999999998,6.0281009999999995,24.121002,24.843342,6.2108355,25.032592
U,4,2,0,73,4,231.253736,83.65245,83.764486,147.60128600000002,57.813434,20.9131125,36.900321500000004,38.167287,9.54182175,38.199283,21.339075,5.33476875,21.346127,24.146088,6.036522,24.219075999999998
U,4,2,0,74,4,250.836842,65.919423,66.11501799999999,184.917419,62.7092105,16.47985575,46.22935475,17.126938,4.2817345,17.280016999999997,31.732981,7.93324525,31.739768,17.059503999999997,4.264875999999999,17.095233
U,4,2,0,75,4,205.204743,71.624435,71.67031899999999,133.580308,51.30118575,17.90610875,33.395077,16.88173,4.2204325,16.891428,30.257496,7.564374,30.285221999999997,24.485209,6.12130225,24.493669
U,4,2,0,76,4,266.55535,91.279661,91.360187,175.27568899999997,66.6388375,22.81991525,43.81892224999999,20.692308,5.173077,20.647489,18.047587,4.51189675,18.079627000000002,52.539766,13.1349415,52.633071
U,4,2,0,77,4,243.578475,66.372602,66.440093,177.205873,60.89461875,16.5931505,44.30146825,25.183313000000002,6.2958282500000005,25.204135,16.969164999999997,4.242291249999999,17.006366,24.220124,6.055031,24.229592000000004
U,4,2,0,78,4,179.710334,62.131384999999995,62.134442,117.578949,44.9275835,15.532846249999999,29.39473725,17.202578,4.3006445,17.21289,27.930905000000003,6.982726250000001,27.877603,16.997902,4.2494755,17.043948999999998
U,4,2,0,79,4,265.557796,87.240228,87.47863000000001,178.317568,66.389449,21.810057,44.579392,24.780856,6.195214,24.830652,31.873269000000004,7.968317250000001,31.963469,30.586103,7.64652575,30.684509
U,4,2,0,80,4,217.076364,59.16480299999999,59.641998,157.911561,54.269091,14.791200749999998,39.47789025,16.871589999999998,4.217897499999999,17.333121000000002,20.445031999999998,5.111257999999999,20.454113,21.848180999999997,5.462045249999999,21.854764
U,4,2,0,81,4,196.257965,58.39360599999999,58.479854,137.86435900000004,49.06449125,14.598401499999998,34.46608975000001,16.830232,4.207558,16.851971,24.197373,6.04934325,24.235277,17.366000999999997,4.341500249999999,17.392606
U,4,2,0,82,4,236.768045,65.651816,65.710641,171.116229,59.19201125,16.412954,42.77905725,17.155783,4.28894575,17.165723999999997,26.523003000000003,6.630750750000001,26.533599000000002,21.97303,5.4932575,22.011318
U,4,2,0,83,4,202.17731,75.464728,75.667573,126.71258200000001,50.5443275,18.866182,31.678145500000003,24.645756,6.161439,24.658464000000002,32.28106,8.070265,32.348259,18.537912,4.634478,18.66085
U,4,2,0,84,4,233.540549,61.33930599999999,61.432295,172.201243,58.38513725,15.334826499999998,43.05031075,21.833259999999996,5.458314999999999,21.844243999999996,17.54627,4.3865675,17.555814,21.959775999999998,5.4899439999999995,22.032237000000002
U,4,2,0,85,4,225.473002,61.49756000000001,61.981551,163.975442,56.3682505,15.374390000000002,40.9938605,25.473471,6.36836775,25.931194,17.900892,4.475223,17.917263000000002,18.123197,4.53079925,18.133094
U,4,2,0,86,4,182.690752,58.24775,58.384809,124.443002,45.672688,14.5619375,31.1107505,17.215465000000002,4.3038662500000004,17.314948,16.877943000000002,4.2194857500000005,16.886276,24.154342,6.0385855,24.183585
U,4,2,0,87,4,270.521653,83.464165,84.20427199999999,187.05748800000003,67.63041325,20.86604125,46.76437200000001,17.10925,4.2773125,17.188209,49.16409999999999,12.291024999999998,49.707597,17.190815,4.29770375,17.308466
U,4,2,0,88,4,243.97308,95.13788400000001,95.45380599999999,148.835196,60.99327,23.784471000000003,37.208799,24.788375000000002,6.1970937500000005,24.857580000000002,34.37201,8.5930025,34.444255,35.977499,8.99437475,36.151970999999996
U,4,2,0,89,4,203.286019,61.177853000000006,62.07916899999999,142.108166,50.82150475,15.294463250000002,35.5270415,23.87137,5.9678425,24.75284,20.128217000000003,5.032054250000001,20.138012,17.178266,4.2945665,17.188316999999998
U,4,2,0,90,4,229.783829,74.401906,75.045467,155.381923,57.44595725,18.6004765,38.84548075,24.642844999999998,6.160711249999999,25.278314999999996,17.263468000000003,4.315867000000001,17.273909,32.495593,8.12389825,32.493243
U,4,2,0,91,4,194.704264,51.32246599999999,51.373132,143.381798,48.676066,12.830616499999998,35.8454495,17.146756,4.286689,17.156547,16.973124,4.243281,16.981758,17.202586,4.3006465,17.234827
U,4,2,0,92,4,250.880075,64.54416900000001,64.685388,186.335906,62.72001875,16.136042250000003,46.5839765,23.151165,5.78779125,23.160959,16.964631,4.24115775,17.000121,24.428373,6.10709325,24.524308
U,4,2,0,93,4,173.954694,52.135749999999994,52.31481,121.81894399999999,43.4886735,13.033937499999999,30.454735999999997,18.267471,4.56686775,18.340511,16.966016,4.241504,17.032471,16.902262999999998,4.2255657499999995,16.941828
U,4,2,0,94,4,177.79818,71.863751,72.212049,105.93442900000001,44.449545,17.96593775,26.483607250000002,23.739701,5.93492525,23.747982999999998,24.222149,6.05553725,24.235318,23.901901,5.97547525,24.228748
U,4,2,0,95,4,187.394349,85.084014,85.13546199999999,102.31033500000001,46.84858725,21.2710035,25.577583750000002,32.463102,8.1157755,32.500681,35.606761,8.90169025,35.612032,17.014151000000002,4.2535377500000005,17.022748999999997
U,4,2,0,96,4,178.382589,70.95052799999999,71.288855,107.432061,44.59564725,17.737631999999998,26.85801525,32.425807,8.10645175,32.748513,17.34649,4.3366225,17.355109,21.178231,5.29455775,21.185233
U,4,2,0,97,4,184.24974,78.761385,78.917359,105.488355,46.062435,19.69034625,26.37208875,38.91224,9.72806,38.991375000000005,17.341923,4.33548075,17.399246,22.507222000000002,5.626805500000001,22.526738
U,4,2,0,98,4,185.848873,81.049921,81.64863700000001,104.798952,46.46221825,20.26248025,26.199738,41.266729,10.31668225,41.327422,17.040033,4.26000825,17.586083,22.743159,5.68578975,22.735132
U,4,2,0,99,4,198.425395,89.704226,90.247431,108.721169,49.60634875,22.4260565,27.18029225,28.269779999999997,7.067444999999999,28.489006000000003,33.173077,8.29326925,33.259691000000004,28.261369000000002,7.0653422500000005,28.498734000000002
U,4,2,0,100,4,169.784841,65.981189,66.135226,103.803652,42.44621025,16.49529725,25.950913,17.157721000000002,4.2894302500000006,17.165312,31.047011999999995,7.761752999999999,31.078443,17.776456,4.444114,17.891471
U,4,2,0,101,4,181.786416,79.22671199999999,79.265828,102.55970400000001,45.446604,19.806677999999998,25.639926000000003,29.916423,7.47910575,29.926689,32.313252,8.078313,32.333749,16.997037,4.24925925,17.00539
U,4,2,0,102,4,164.955164,58.288622000000004,58.615258,106.66654199999999,41.238791,14.572155500000001,26.666635499999998,21.382384,5.345596,21.690925999999997,19.954515999999998,4.9886289999999995,19.962569,16.951722,4.2379305,16.961763
U,4,2,0,103,4,209.222182,100.685334,100.827005,108.536848,52.3055455,25.1713335,27.134212,39.87436999999999,9.968592499999998,39.935904,39.745868,9.936467,39.797621,21.065096,5.266274,21.09348
U,4,2,0,104,4,190.243427,82.009778,82.734664,108.233649,47.56085675,20.5024445,27.05841225,24.630004,6.157501,24.715632000000003,39.365811,9.84145275,39.996241999999995,18.013963,4.50349075,18.02279
U,4,2,0,105,4,203.392969,99.436748,99.669795,103.956221,50.84824225,24.859187,25.98905525,33.100448,8.275112,33.166340999999996,36.390074,9.0975185,36.494153999999995,29.946226000000003,7.486556500000001,30.0093
U,4,2,0,106,4,169.969647,66.38517999999999,66.560875,103.58446700000002,42.49241175,16.596294999999998,25.896116750000004,24.775442,6.1938605,24.842996,17.650057999999998,4.4125144999999995,17.70646,23.95968,5.98992,24.011419
U,4,2,0,107,4,169.969106,59.909746000000005,59.97154999999999,110.05936,42.4922765,14.977436500000001,27.51484,21.514318000000003,5.378579500000001,21.523,21.484564,5.371141,21.492114,16.910864000000004,4.227716000000001,16.956436
U,4,2,0,108,4,173.939391,64.687096,64.86022700000001,109.252295,43.48484775,16.171774,27.31307375,25.256038,6.3140095,25.387468000000002,17.798681000000002,4.4496702500000005,17.831512,21.632376999999998,5.4080942499999995,21.641247
U,4,2,0,109,4,162.515285,56.635919,56.83652000000001,105.879366,40.62882125,14.15897975,26.4698415,16.962205,4.24055125,17.041038000000004,17.083055,4.27076375,17.148157,22.590659000000002,5.647664750000001,22.647325
U,4,2,0,110,4,180.482864,74.013988,74.23604,106.46887600000001,45.120716,18.503497,26.617219000000002,24.576352,6.144088,24.695609,16.917327999999998,4.229331999999999,16.92566,32.520308,8.130077,32.614771
U,4,2,0,111,4,184.674023,75.184769,75.242727,109.489254,46.16850575,18.79619225,27.3723135,36.439212,9.109803,36.478222,21.783664,5.445916,21.793339,16.961893,4.24047325,16.971166
U,4,2,0,112,4,183.690743,79.929998,79.9635,103.760745,45.92268575,19.9824995,25.94018625,23.384304,5.846076,23.392894,39.645767,9.91144175,39.662014,16.899926999999998,4.2249817499999995,16.908592
U,4,2,0,113,4,198.944677,85.428252,85.48295999999999,113.51642500000001,49.73616925,21.357063,28.379106250000003,34.708593,8.67714825,34.749214,33.735055,8.43376375,33.74077,16.984604,4.246151,16.992976
U,4,2,0,114,4,192.953665,85.884161,86.286468,107.069504,48.23841625,21.47104025,26.767376,25.298871,6.32471775,25.638664,36.880689000000004,9.220172250000001,36.918535,23.704601,5.92615025,23.729269000000002
U,4,2,0,115,4,197.92308,93.7962,93.919873,104.12688,49.48077,23.44905,26.03172,40.822059,10.20551475,40.929185000000004,29.285808999999997,7.321452249999999,29.293922,23.688332,5.922083,23.696766
U,4,2,0,116,4,174.172055,67.699273,68.330214,106.472782,43.54301375,16.92481825,26.6181955,16.839342,4.2098355,16.90368,33.864755,8.46618875,34.39723,16.995176,4.248794,17.029304
U,4,2,0,117,4,181.443545,79.377158,79.587265,102.066387,45.36088625,19.8442895,25.51659675,40.447635,10.11190875,40.530354,17.928103,4.48202575,17.994254,21.00142,5.250355,21.062657
U,4,2,0,118,4,163.0861,59.127649,59.198159999999994,103.958451,40.771525,14.78191225,25.98961275,24.027198,6.0067995,24.057795999999996,17.110344,4.277586,17.11917,17.990107000000002,4.4975267500000005,18.021194
U,4,2,0,119,4,175.581212,68.241634,68.292332,107.33957799999999,43.895303,17.0604085,26.834894499999997,34.083447,8.52086175,34.097166,16.950176,4.237544,16.977442000000003,17.208011,4.30200275,17.217724
U,16,2,1,0,4,331.751381,227.29808400000002,227.61629599999998,104.45329699999996,82.93784525,56.824521000000004,26.11332424999999,85.618698,21.4046745,85.68834199999999,94.58507300000001,23.646268250000002,94.664335,47.094313,11.77357825,47.263619
U,16,2,1,1,4,310.867075,207.13630899999998,207.736765,103.73076600000002,77.71676875,51.784077249999996,25.932691500000004,77.368819,19.34220475,77.446879,62.654734000000005,15.663683500000001,63.085651,67.11275599999999,16.778188999999998,67.204235
U,16,2,1,2,4,304.183567,201.722933,202.75563400000001,102.46063399999997,76.04589175,50.43073325,25.615158499999993,67.264613,16.81615325,67.673619,49.039773,12.25994325,49.355225000000004,85.418547,21.35463675,85.72679000000001
U,16,2,1,3,4,331.254049,226.263252,226.859528,104.99079700000001,82.81351225,56.565813,26.247699250000004,83.588413,20.89710325,84.03752100000001,98.977356,24.744339,99.070521,43.697483,10.92437075,43.751486
U,16,2,1,4,4,368.518254,267.21287200000006,269.08831599999996,101.30538199999995,92.1295635,66.80321800000002,25.326345499999988,85.048494,21.2621235,86.68315199999999,69.599079,17.39976975,69.78761899999999,112.56529900000001,28.141324750000003,112.617545
U,16,2,1,5,4,317.089125,216.12203499999998,216.784003,100.96709000000004,79.27228125,54.030508749999996,25.24177250000001,79.78802999999999,19.947007499999998,79.949167,87.875597,21.96889925,88.30658000000001,48.458408,12.114602,48.528256
U,16,2,1,6,4,352.034888,246.355373,247.052161,105.67951500000004,88.008722,61.58884325,26.41987875000001,86.72125,21.6803125,87.16704899999999,72.39946699999999,18.099866749999997,72.54837,87.234656,21.808664,87.336742
U,16,2,1,7,4,327.642288,222.18462399999999,222.690603,105.45766400000002,81.910572,55.546155999999996,26.364416000000006,95.40082,23.850205,95.474658,47.633739,11.90843475,47.77838,79.150065,19.78751625,79.437565
U,16,2,1,8,4,334.202811,234.87577299999998,235.436391,99.32703800000002,83.55070275,58.718943249999995,24.831759500000004,98.374164,24.593541,98.639832,58.788658,14.6971645,58.899716999999995,77.71295099999999,19.428237749999997,77.89684199999999
U,16,2,1,9,4,281.851053,179.898862,179.95614,101.95219099999997,70.46276325,44.9747155,25.488047749999993,45.451646,11.3629115,45.537471000000004,87.269981,21.81749525,87.113697,47.177235,11.79430875,47.304972
U,16,2,1,10,4,356.318268,231.42005100000003,232.49385600000002,124.89821699999996,89.079567,57.85501275000001,31.22455424999999,94.49541300000001,23.623853250000003,95.64717200000001,86.763335,21.69083375,86.69628700000001,50.161303000000004,12.540325750000001,50.150397000000005
U,16,2,1,11,4,459.388831,278.21644299999997,278.790453,181.172388,114.84720775,69.55411074999999,45.293097,102.764673,25.69116825,102.811408,104.38766799999999,26.096916999999998,104.79487400000001,71.064102,17.7660255,71.18417099999999
U,16,2,1,12,4,302.961179,197.23326600000001,197.456365,105.727913,75.74029475,49.308316500000004,26.43197825,104.96223199999999,26.240557999999996,105.049797,43.486765000000005,10.871691250000001,43.602412,48.78426900000001,12.196067250000002,48.804156000000006
U,16,2,1,13,4,349.780942,246.877768,248.60192,102.90317399999998,87.4452355,61.719442,25.725793499999995,89.991685,22.49792125,90.23246499999999,100.24333299999999,25.060833249999998,100.49972500000001,56.64274999999999,14.160687499999998,57.869730000000004
U,16,2,1,14,4,345.371806,207.49002000000002,207.777378,137.88178599999998,86.3429515,51.872505000000004,34.470446499999994,47.909445000000005,11.977361250000001,47.98604400000001,62.720767,15.68019175,62.791698999999994,96.859808,24.214952,96.999635
U,16,2,1,15,4,437.652461,269.909381,271.288264,167.74308000000002,109.41311525,67.47734525,41.935770000000005,68.342113,17.08552825,68.43277,87.36470600000001,21.841176500000003,87.538656,114.202562,28.5506405,115.31683799999999
U,16,2,1,16,4,355.130252,236.881066,237.050459,118.24918599999998,88.782563,59.2202665,29.562296499999995,71.871387,17.96784675,71.94313600000001,79.860974,19.9652435,79.905613,85.148705,21.28717625,85.20171
U,16,2,1,17,4,468.925124,327.010051,327.604401,141.915073,117.231281,81.75251275,35.47876825,105.69465399999999,26.423663499999996,105.85324800000001,119.021388,29.755347,119.161023,102.29400899999999,25.573502249999997,102.59012999999999
U,16,2,1,18,4,384.94348,243.695683,246.030924,141.24779700000002,96.23587,60.92392075,35.311949250000005,103.154297,25.78857425,103.916988,76.474576,19.118644,76.801412,64.06681,16.0167025,65.312524
U,16,2,1,19,4,383.51146,226.79626699999997,227.229621,156.71519300000003,95.877865,56.69906674999999,39.17879825000001,89.801042,22.4502605,90.100746,84.856679,21.21416975,84.91686800000001,52.138546,13.0346365,52.212007
U,16,2,1,20,4,336.482546,201.30336699999998,201.585828,135.17917900000003,84.1206365,50.325841749999995,33.79479475000001,61.36513600000001,15.341284000000002,61.36283900000001,79.75602799999999,19.939006999999997,79.974298,60.182203,15.04555075,60.248690999999994
U,16,2,1,21,4,337.382093,220.19009599999998,222.032573,117.19199700000001,84.34552325,55.047523999999996,29.297999250000004,68.400255,17.10006375,68.86972200000001,78.061633,19.51540825,78.147749,73.728208,18.432052,75.015102
U,16,2,1,22,4,300.577959,177.77044899999999,178.28222100000002,122.80751000000004,75.14448975,44.442612249999996,30.70187750000001,49.966773,12.49169325,50.212671,78.405527,19.60138175,78.49764900000001,49.398149,12.34953725,49.571901000000004
U,16,2,1,23,4,299.402289,170.935674,171.809761,128.466615,74.85057225,42.7339185,32.11665375,68.96211,17.2405275,69.306715,54.12289,13.5307225,54.529863,47.850674,11.9626685,47.973183000000006
U,16,2,1,24,4,313.410878,166.446335,167.075806,146.96454300000002,78.3527195,41.61158375,36.741135750000005,55.897624,13.974406,55.976816,58.692097000000004,14.673024250000001,59.246488,51.856614,12.9641535,51.852502
U,16,2,1,25,4,326.237389,177.57686,178.243046,148.660529,81.55934725,44.394215,37.16513225,70.390037,17.59750925,70.462064,53.55261300000001,13.388153250000002,53.844412999999996,53.634209999999996,13.408552499999999,53.936569
U,16,2,1,26,4,311.282211,184.700198,185.02164900000002,126.58201300000002,77.82055275,46.1750495,31.645503250000004,83.30258500000001,20.825646250000002,83.45352,50.640133000000006,12.660033250000001,50.692818,50.75748,12.68937,50.875310999999996
U,16,2,1,27,4,324.555648,197.92728599999998,198.190292,126.62836200000004,81.138912,49.481821499999995,31.65709050000001,95.826788,23.956697,95.92119,48.713711999999994,12.178427999999998,48.805558000000005,53.386786,13.3466965,53.463544
U,16,2,1,28,4,328.130779,201.087757,201.801535,127.04302200000001,82.03269475,50.27193925,31.760755500000002,96.481321,24.12033025,96.99218400000001,52.328164,13.082041,52.475684,52.278272,13.069568,52.333667
U,16,2,1,29,4,271.932358,155.673635,154.915817,116.25872300000003,67.9830895,38.91840875,29.064680750000008,44.757117,11.18927925,44.873121,60.052146,15.0130365,58.930792999999994,50.864372,12.716093,51.111903
U,16,2,1,30,4,339.232882,173.889778,175.65303,165.343104,84.8082205,43.4724445,41.335776,65.911575,16.47789375,67.251949,54.934684,13.733671,55.334724,53.043519,13.26087975,53.066356999999996
U,16,2,1,31,4,344.133122,220.92695700000002,221.639731,123.206165,86.0332805,55.231739250000004,30.80154125,53.997533000000004,13.499383250000001,54.064943,82.254419,20.56360475,82.341997,84.675005,21.16875125,85.23279099999999
U,16,2,1,32,4,428.926943,293.93080199999997,294.21116499999994,134.99614100000002,107.23173575,73.48270049999999,33.749035250000006,102.54318,25.635795,102.689617,85.33236699999999,21.333091749999998,85.321761,106.05525500000002,26.513813750000004,106.19978699999999
U,16,2,1,33,4,409.875389,268.909176,270.49035100000003,140.96621299999998,102.46884725,67.227294,35.241553249999996,97.79257999999999,24.448144999999997,98.02427,93.929881,23.48247025,94.23678100000001,77.18671499999999,19.296678749999998,78.2293
U,16,2,1,34,4,438.737432,298.85670100000004,273.63089099999996,139.88073099999997,109.684358,74.71417525000001,34.97018274999999,108.308881,27.07722025,108.53732399999998,90.125302,22.5313255,91.578161,100.422518,25.1056295,73.515406
U,16,2,1,35,4,354.386342,178.90657299999998,179.12306999999998,175.47976900000003,88.5965855,44.726643249999995,43.86994225000001,42.730779,10.68269475,42.8016,52.665721,13.16643025,52.696177,83.51007299999999,20.877518249999998,83.625293
U,16,2,1,36,4,326.120409,201.66407299999997,202.078098,124.45633600000002,81.53010225,50.41601824999999,31.114084000000005,93.912775,23.47819375,94.220044,51.017478999999994,12.754369749999999,51.09758,56.733819,14.18345475,56.760474
U,16,2,1,37,4,378.936575,245.942972,247.12245400000003,132.993603,94.73414375,61.485743,33.24840075,104.63682299999999,26.159205749999998,105.26802700000002,73.737184,18.434296,73.85498,67.568965,16.89224125,67.999447
U,16,2,1,38,4,379.365977,245.910912,247.455262,133.455065,94.84149425,61.477728,33.36376625,89.446382,22.3615955,90.501625,65.932343,16.48308575,65.923532,90.532187,22.63304675,91.03010499999999
U,16,2,1,39,4,384.309296,176.824932,177.136274,207.48436400000003,96.077324,44.206233,51.87109100000001,67.225314,16.8063285,67.30998,56.344029,14.08600725,56.406354,53.255589,13.31389725,53.41994
U,16,2,1,40,4,399.209645,260.129053,261.086166,139.08059200000002,99.80241125,65.03226325,34.770148000000006,73.7589,18.439725,74.45522199999999,88.90985,22.2274625,89.113655,97.46030300000001,24.365075750000003,97.517289
U,16,2,1,41,4,275.115564,146.203824,147.807392,128.91174,68.778891,36.550956,32.227935,51.667222,12.9168055,51.892208,46.099398,11.5248495,46.104953,48.437204,12.109301,49.810231
U,16,2,1,42,4,285.961887,158.86901,159.257934,127.09287699999999,71.49047175,39.7172525,31.773219249999997,51.222077,12.80551925,51.209338,51.340557000000004,12.835139250000001,51.656059,56.306376,14.076594,56.392537000000004
U,16,2,1,43,4,317.035616,181.09818900000002,181.30791499999998,135.93742699999999,79.258904,45.274547250000005,33.984356749999996,52.228862,13.0572155,52.324317,52.415263,13.10381575,52.446106,76.45406400000002,19.113516000000004,76.53749199999999
U,16,2,1,44,4,376.663444,231.824493,232.42733,144.83895100000004,94.165861,57.95612325,36.20973775000001,82.47425299999999,20.618563249999998,82.636948,49.16889,12.2922225,49.159295,100.18135000000001,25.045337500000002,100.63108700000001
U,16,2,1,45,4,418.45609,245.869159,246.49075900000003,172.58693100000002,104.6140225,61.46728975,43.146732750000005,101.34527,25.3363175,101.407169,53.493384999999996,13.373346249999999,53.884816,91.03050400000001,22.757626000000002,91.198774
U,16,2,1,46,4,346.526099,228.553155,229.51077099999998,117.97294399999998,86.63152475,57.13828875,29.493235999999996,109.023967,27.25599175,109.311993,50.576755000000006,12.644188750000001,50.66266399999999,68.952433,17.23810825,69.536114
U,16,2,1,47,4,357.375482,231.12838900000003,231.601877,126.24709299999995,89.3438705,57.78209725000001,31.561773249999987,77.936363,19.48409075,78.21091899999999,69.228272,17.307068,69.345201,83.96375400000001,20.990938500000002,84.045757
U,16,2,1,48,4,286.524419,147.626641,148.030702,138.89777800000002,71.63110475,36.90666025,34.724444500000004,49.95425,12.4885625,49.971107,47.590365,11.89759125,47.923390999999995,50.082026000000006,12.520506500000002,50.136204
U,16,2,1,49,4,318.36638,201.65147100000002,201.83809200000002,116.71490899999998,79.591595,50.412867750000004,29.178727249999994,50.839356,12.709839,50.859222,50.656845000000004,12.664211250000001,50.737305,100.15526999999999,25.038817499999997,100.24156500000001
U,16,2,1,50,4,340.076133,193.462446,195.514169,146.61368700000003,85.01903325,48.3656115,36.65342175000001,50.794515000000004,12.698628750000001,50.830669,52.03214199999999,13.008035499999998,52.19149899999999,90.635789,22.65894725,92.49200100000002
U,16,2,1,51,4,335.17723,193.531995,193.91724599999998,141.645235,83.7943075,48.38299875,35.41130875,55.956805,13.98920125,56.090306999999996,53.502140999999995,13.375535249999999,53.55986,84.073049,21.01826225,84.267079
U,16,2,1,52,4,256.095095,150.22890600000002,150.525811,105.86618899999999,64.02377375,37.557226500000006,26.466547249999998,51.931814,12.9829535,52.011448,49.334943,12.33373575,49.400526,48.962149000000004,12.240537250000001,49.113837
U,16,2,1,53,4,410.914719,279.089649,282.76351900000003,131.82506999999998,102.72867975,69.77241225,32.956267499999996,114.409991,28.60249775,114.516889,49.506795,12.37669875,50.062132000000005,115.172863,28.79321575,118.184498
U,16,2,1,54,4,338.795011,197.689305,198.405869,141.105706,84.69875275,49.42232625,35.2764265,102.84501399999999,25.711253499999998,103.114694,51.129254,12.7823135,51.519475,43.715036999999995,10.928759249999999,43.771699999999996
U,16,2,1,55,4,355.5675,240.542098,240.99314500000003,115.02540199999999,88.891875,60.1355245,28.756350499999996,81.421074,20.3552685,81.457324,92.093456,23.023364,92.44368800000001,67.027568,16.756892,67.092133
U,16,2,1,56,4,318.827869,173.961428,174.879379,144.866441,79.70696725,43.490357,36.21661025,50.688133,12.67203325,50.748616999999996,71.139078,17.7847695,71.223022,52.134217,13.03355425,52.90774
U,16,2,1,57,4,352.286549,223.99701000000002,224.802915,128.28953899999996,88.07163725,55.999252500000004,32.07238474999999,79.174443,19.79361075,79.38547200000001,79.41729500000001,19.854323750000002,79.738935,65.405272,16.351318,65.678508
U,16,2,1,58,4,344.421139,228.382735,227.979469,116.03840399999999,86.10528475,57.09568375,29.009600999999996,94.89563799999999,23.723909499999998,94.98934600000001,85.12196,21.28049,84.58027799999999,48.365137,12.09128425,48.409845000000004
U,16,2,1,59,4,336.064816,163.87801000000002,164.15348300000002,172.186806,84.016204,40.969502500000004,43.0467015,63.369581,15.84239525,63.466108,47.453441000000005,11.863360250000001,47.483050000000006,53.05498800000001,13.263747000000002,53.204325000000004
U,16,2,1,60,4,367.451629,232.431309,233.83001900000002,135.02032000000003,91.86290725,58.10782725,33.75508000000001,54.265579,13.56639475,54.327659,118.68603999999999,29.671509999999998,120.018719,59.47969,14.8699225,59.483641
U,16,2,1,61,4,310.676722,200.193774,201.06912899999998,110.482948,77.6691805,50.0484435,27.620737,50.558029000000005,12.639507250000001,50.656088999999994,83.746278,20.9365695,84.382757,65.889467,16.47236675,66.030283
U,16,2,1,62,4,355.489894,189.073002,189.28756199999998,166.416892,88.8724735,47.2682505,41.604223,82.408549,20.60213725,82.52626599999999,46.598652,11.649663,46.629436,60.06580099999999,15.016450249999998,60.13186
U,16,2,1,63,4,379.065826,208.185539,209.003179,170.880287,94.7664565,52.04638475,42.72007175,78.386605,19.59665125,78.887303,59.984571,14.99614275,60.028564,69.814363,17.45359075,70.087312
U,16,2,1,64,4,313.445578,203.46295500000002,207.019308,109.98262299999999,78.3613945,50.865738750000006,27.495655749999997,92.45506800000001,23.113767000000003,95.72925399999998,49.325758,12.3314395,49.372503,61.682129,15.42053225,61.917550999999996
U,16,2,1,65,4,297.33955,160.579674,161.11388399999998,136.75987599999996,74.3348875,40.1449185,34.18996899999999,48.607482000000005,12.151870500000001,48.735449,54.010917000000006,13.502729250000002,54.249269,57.961275,14.49031875,58.129166
U,16,2,1,66,4,322.415323,167.38417399999997,169.324333,155.03114900000003,80.60383075,41.84604349999999,38.75778725000001,60.47924999999999,15.119812499999998,60.60881700000001,54.284094,13.5710235,55.65673099999999,52.62083,13.1552075,53.058785
U,16,2,1,67,4,337.632762,232.23478,232.553641,105.39798200000001,84.4081905,58.058695,26.349495500000003,56.289206,14.0723015,56.387131,99.309051,24.82726275,99.47460799999999,76.63652300000001,19.159130750000003,76.691902
U,16,2,1,68,4,393.357283,225.590795,226.17197299999998,167.76648799999998,98.33932075,56.39769875,41.941621999999995,65.247901,16.31197525,65.505353,91.921013,22.98025325,92.13401300000001,68.421881,17.10547025,68.532607
U,16,2,1,69,4,339.732658,221.502336,222.90712000000002,118.230322,84.9331645,55.375584,29.5575805,88.53377700000001,22.133444250000004,88.614619,84.140774,21.0351935,85.403386,48.827785,12.20694625,48.889115000000004
U,16,2,1,70,4,451.572663,239.846385,241.43285899999998,211.72627799999998,112.89316575,59.96159625,52.931569499999995,94.50884500000001,23.627211250000002,95.68981099999999,92.237987,23.05949675,92.579742,53.099553,13.27488825,53.163306000000006
U,16,2,1,71,4,370.536932,241.139319,241.41988399999997,129.39761299999998,92.634233,60.28482975,32.349403249999995,95.010563,23.75264075,95.11339299999999,94.2774,23.56935,94.35813999999999,51.85135600000001,12.962839000000002,51.948351
U,16,2,1,72,4,429.890923,244.714285,245.460318,185.176638,107.47273075,61.17857125,46.2941595,86.258031,21.56450775,86.827978,110.868327,27.71708175,111.037014,47.587927,11.89698175,47.595326
U,16,2,1,73,4,280.078298,159.246605,162.818058,120.83169300000003,70.0195745,39.81165125,30.207923250000007,44.734457,11.18361425,44.791706000000005,46.13215699999999,11.533039249999998,46.22139,68.37999099999999,17.094997749999997,71.80496199999999
U,16,2,1,74,4,280.043537,135.054802,135.295788,144.98873500000002,70.01088425,33.7637005,36.247183750000005,43.231743,10.80793575,43.271023,47.474665,11.86866625,47.556561,44.348394,11.0870985,44.46820399999999
U,16,2,1,75,4,383.322687,241.20493199999999,241.744121,142.117755,95.83067175,60.301232999999996,35.52943875,119.278616,29.819654,119.531621,77.478591,19.36964775,77.70228499999999,44.447725,11.11193125,44.510215
U,16,2,1,76,4,310.214653,183.607914,185.031681,126.606739,77.55366325,45.9019785,31.65168475,42.134418,10.5336045,42.136689,86.60393499999999,21.650983749999998,86.741487,54.869561000000004,13.717390250000001,56.153505
U,16,2,1,77,4,385.182093,237.16369300000002,237.79229899999999,148.01839999999999,96.29552325,59.290923250000006,37.004599999999996,94.277681,23.56942025,94.3944,80.27463300000001,20.068658250000002,80.68956499999999,62.611379,15.65284475,62.708334
U,16,2,1,78,4,360.763942,254.72164800000002,255.57363800000002,106.04229399999997,90.1909855,63.680412000000004,26.510573499999992,69.198025,17.29950625,69.17599,110.28925500000001,27.572313750000003,110.580509,75.234368,18.808592,75.817139
U,16,2,1,79,4,362.59755,198.881356,199.558263,163.716194,90.6493875,49.720339,40.9290485,57.621255000000005,14.405313750000001,57.871921,44.234824,11.058706,44.265775000000005,97.025277,24.25631925,97.420567
U,16,2,1,80,4,397.828238,265.730861,267.492259,132.097377,99.4570595,66.43271525,33.02434425,53.276067999999995,13.319016999999999,53.322186,107.46105899999999,26.865264749999998,109.075513,104.99373399999999,26.248433499999997,105.09456
U,16,2,1,81,4,379.284833,217.96713599999998,218.671986,161.317697,94.82120825,54.491783999999996,40.32942425,59.069750000000006,14.767437500000002,59.588288999999996,87.739599,21.93489975,87.840368,71.157787,17.78944675,71.243329
U,16,2,1,82,4,387.606584,264.920922,265.41937,122.68566199999998,96.901646,66.2302305,30.671415499999995,100.098557,25.02463925,100.355497,88.78114,22.195285,88.905489,76.041225,19.01030625,76.158384
U,16,2,1,83,4,391.69048,232.15103000000005,232.825193,159.53944999999993,97.92262,58.03775750000001,39.88486249999998,56.933138,14.2332845,57.010662999999994,96.72168200000002,24.180420500000004,97.017526,78.49621,19.6240525,78.797004
U,16,2,1,84,4,390.277234,278.815357,280.102726,111.46187700000002,97.5693085,69.70383925,27.865469250000004,115.855503,28.96387575,115.98184499999999,88.465636,22.116409,88.567749,74.49421799999999,18.623554499999997,75.553132
U,16,2,1,85,4,379.410362,241.223129,242.457333,138.18723300000002,94.8525905,60.30578225,34.546808250000005,84.915945,21.22898625,85.191856,79.622568,19.905642,80.191929,76.684616,19.171154,77.073548
U,16,2,1,86,4,331.239459,223.89317700000004,224.28157900000002,107.34628199999997,82.80986475,55.97329425000001,26.836570499999993,39.611651,9.90291275,39.738400999999996,103.11972100000001,25.779930250000003,103.277399,81.161805,20.29045125,81.265779
U,16,2,1,87,4,457.761321,310.47987,309.765891,147.281451,114.44033025,77.6199675,36.82036275,89.02243,22.2556075,88.064867,100.403333,25.10083325,100.444244,121.054107,30.26352675,121.25678
U,16,2,1,88,4,316.244759,193.253115,193.47057900000001,122.99164399999998,79.06118975,48.31327875,30.747910999999995,48.219885000000005,12.054971250000001,48.286357,102.251788,25.562947,102.322225,42.781442,10.6953605,42.861997
U,16,2,1,89,4,331.619224,191.316759,192.253727,140.30246499999998,82.904806,47.82918975,35.075616249999996,76.970734,19.2426835,77.883107,49.497406,12.3743515,49.51776,64.84861900000001,16.212154750000003,64.85285999999999
U,16,2,1,90,4,437.809487,283.223345,283.599286,154.586142,109.45237175,70.80583625,38.6465355,111.665957,27.91648925,111.737541,100.831717,25.20792925,100.960568,70.725671,17.68141775,70.901177
U,16,2,1,91,4,343.349589,232.910615,233.30321100000003,110.43897399999997,85.83739725,58.22765375,27.609743499999993,45.20446999999999,11.301117499999998,45.237782,85.678971,21.41974275,85.894902,102.027174,25.5067935,102.170527
U,16,2,1,92,4,273.723922,137.78513999999998,138.10516800000002,135.93878200000003,68.4309805,34.446284999999996,33.98469550000001,35.017743,8.75443575,35.099049,50.627286999999995,12.656821749999999,50.714493000000004,52.14010999999999,13.035027499999998,52.291626
U,16,2,1,93,4,343.709825,223.74387099999998,224.84144700000002,119.96595400000004,85.92745625,55.935967749999996,29.99148850000001,45.649041,11.41226025,45.727148,107.03114699999999,26.757786749999998,107.11697600000001,71.063683,17.76592075,71.997323
U,16,2,1,94,4,335.958874,221.347828,221.828965,114.61104599999999,83.9897185,55.336957,28.652761499999997,51.331358,12.8328395,51.440475,95.101409,23.77535225,95.372753,74.915061,18.72876525,75.015737
U,16,2,1,95,4,324.572995,212.067399,212.939963,112.505596,81.14324875,53.01684975,28.126399,49.499192,12.374798,49.540296000000005,84.689135,21.17228375,85.006371,77.87907200000001,19.469768000000002,78.39329599999999
U,16,2,1,96,4,309.170525,190.953513,191.22186399999998,118.21701200000001,77.29263125,47.73837825,29.554253000000003,65.249747,16.31243675,65.300728,62.792873,15.69821825,62.854333999999994,62.910892999999994,15.727723249999999,63.066801999999996
U,16,2,1,97,4,255.138633,147.338376,147.611826,107.80025699999999,63.78465825,36.834594,26.950064249999997,48.090070999999995,12.022517749999999,48.187315,48.888314,12.2220785,48.937285,50.359991,12.58999775,50.487226
U,16,2,1,98,4,289.438719,182.911348,183.145044,106.52737099999999,72.35967975,45.727837,26.631842749999997,51.491767,12.87294175,51.549091000000004,79.674835,19.91870875,79.746512,51.744746,12.9361865,51.849441000000006
U,16,2,1,99,4,278.978347,177.82049999999998,178.358903,101.157847,69.74458675,44.455124999999995,25.28946175,49.590969,12.39774225,49.69083800000001,81.597143,20.39928575,81.989036,46.632388,11.658097,46.679029
U,16,2,1,100,4,358.09301,196.941211,197.863178,161.15179899999998,89.5232525,49.23530275,40.287949749999996,44.34364,11.08591,44.490568,96.30182699999999,24.075456749999997,96.450399,56.295744,14.073936,56.922211
U,16,2,1,101,4,351.82483,228.62992899999998,229.06945199999998,123.19490100000004,87.9562075,57.157482249999994,30.79872525000001,109.298351,27.32458775,109.41508099999999,71.772937,17.94323425,71.817666,47.558641,11.88966025,47.836705
U,16,2,1,102,4,347.989867,183.237058,183.653005,164.752809,86.99746675,45.8092645,41.18820225,84.19145099999999,21.047862749999997,84.538984,46.065529,11.51638225,46.066358,52.980078000000006,13.245019500000001,53.047663
U,16,2,1,103,4,355.97757,202.985615,203.463171,152.99195500000002,88.9943925,50.74640375,38.247988750000005,94.907929,23.72698225,95.18456599999999,65.41884300000001,16.354710750000002,65.578248,42.658843,10.66471075,42.700357000000004
U,16,2,1,104,4,372.481692,186.583658,187.83155,185.898034,93.120423,46.6459145,46.4745085,88.65310099999999,22.163275249999998,89.803465,48.577393,12.14434825,48.630885000000006,49.35316400000001,12.338291000000002,49.3972
U,16,2,1,105,4,367.851472,212.019094,212.99419100000003,155.832378,91.962868,53.0047735,38.9580945,76.921234,19.2303085,77.143095,64.628492,16.157123,65.24619200000001,70.46936799999999,17.617341999999997,70.604904
U,16,2,1,106,4,338.497819,212.112767,212.26629000000003,126.385052,84.62445475,53.02819175,31.596263,81.676924,20.419231,81.77409300000001,88.50801,22.1270025,88.560681,41.927833,10.48195825,41.931516
U,16,2,1,107,4,378.464921,220.49796700000002,222.120071,157.966954,94.61623025,55.124491750000004,39.4917385,43.05573,10.7639325,44.423353,113.754305,28.43857625,113.928302,63.687932,15.921983,63.768415999999995
U,16,2,1,108,4,371.325166,241.488904,242.09884699999998,129.83626200000003,92.8312915,60.372226,32.45906550000001,104.629733,26.15743325,104.69008699999999,42.788858,10.6972145,43.228149,94.070313,23.51757825,94.180611
U,16,2,1,109,4,394.022254,221.264528,221.720026,172.75772599999996,98.5055635,55.316132,43.18943149999999,94.47662700000001,23.619156750000002,94.678936,47.960767,11.99019175,48.020680999999996,78.827134,19.7067835,79.020409
U,16,2,1,110,4,318.372388,159.10505,160.581033,159.267338,79.593097,39.7762625,39.8168345,53.283828,13.320957,53.59919,65.097943,16.27448575,65.125456,40.723279,10.18081975,41.856387
U,16,2,1,111,4,278.788939,136.430179,136.552367,142.35876000000002,69.69723475,34.10754475,35.589690000000004,32.657444999999996,8.164361249999999,32.687702,54.20245,13.5506125,54.230604,49.570284,12.392571,49.634061
U,16,2,1,112,4,306.658728,155.044904,155.17760199999998,151.613824,76.664682,38.761226,37.903456,41.722766,10.4306915,41.781107,50.036373,12.50909325,50.042255999999995,63.28576499999999,15.821441249999998,63.35423899999999
U,16,2,1,113,4,372.688162,188.967607,189.72794100000004,183.720555,93.1720405,47.24190175,45.93013875,65.21912900000001,16.304782250000002,65.78032300000001,73.39903899999999,18.349759749999997,73.46578400000001,50.349439,12.58735975,50.481834000000006
U,16,2,1,114,4,314.034669,127.30453099999998,127.49354100000001,186.730138,78.50866725,31.826132749999996,46.6825345,40.257754,10.0644385,40.294725,50.220873,12.55521825,50.229443,36.825903999999994,9.206475999999999,36.969373000000004
U,16,2,1,115,4,321.190636,162.549633,163.031633,158.64100299999998,80.297659,40.63740825,39.660250749999996,33.226924,8.306731,33.260281000000006,82.383579,20.59589475,82.770525,46.93913,11.7347825,47.000827
U,16,2,1,116,4,312.152096,163.357659,163.883853,148.79443699999996,78.038024,40.83941475,37.19860924999999,40.546816,10.136704,40.560251,65.415041,16.35376025,65.482346,57.395802,14.3489505,57.841256
U,16,2,1,117,4,298.820151,148.82094999999998,148.01603,149.99920100000003,74.70503775,37.205237499999996,37.49980025000001,52.654324,13.163581,52.720405,46.226688,11.556672,45.101561999999994,49.939938,12.4849845,50.19406300000001
U,16,2,1,118,4,358.69534,193.383637,194.155259,165.311703,89.673835,48.34590925,41.32792575,85.752479,21.43811975,85.85473499999999,48.985366,12.2463415,49.454789,58.645792,14.661448,58.845735000000005
U,16,2,1,119,4,390.990277,245.31613099999998,245.81323600000002,145.674146,97.74756925,61.329032749999996,36.4185365,75.47593,18.8689825,75.566493,85.95318499999999,21.488296249999998,86.103218,83.88701599999999,20.971753999999997,84.14352500000001
U,64,2,2,0,4,870.398135,696.768324,699.930105,173.62981100000002,217.59953375,174.192081,43.407452750000004,150.80284799999998,37.700711999999996,151.02022,294.545886,73.6364715,295.37031,251.41959000000003,62.85489750000001,253.53957499999999
U,64,2,2,1,4,1225.321903,1080.087195,1083.6790449999999,145.23470799999996,306.33047575,270.02179875,36.30867699999999,386.574577,96.64364425,388.36807699999997,316.61003400000004,79.15250850000001,317.455175,376.90258400000005,94.22564600000001,377.85579299999995
U,64,2,2,2,4,1157.630154,1005.0276919999999,1008.3959349999999,152.60246200000006,289.4075385,251.25692299999997,38.150615500000015,351.27847199999997,87.81961799999999,353.30972299999996,305.498169,76.37454225,306.48474600000003,348.25105099999996,87.06276274999999,348.60146599999996
U,64,2,2,3,4,905.877112,736.177844,737.8836550000001,169.69926799999996,226.469278,184.044461,42.42481699999999,142.728989,35.68224725,143.267897,285.674955,71.41873875,286.253728,307.7739,76.943475,308.36203
U,64,2,2,4,4,854.536208,680.922361,683.559778,173.61384699999996,213.634052,170.23059025,43.40346174999999,177.033801,44.25845025,178.981746,323.967046,80.9917615,324.424216,179.921514,44.9803785,180.153816
U,64,2,2,5,4,693.511273,555.705779,558.275514,137.80549399999995,173.37781825,138.92644475,34.45137349999999,133.65993,33.4149825,134.029501,277.847592,69.461898,278.332115,144.198257,36.04956425,145.913898
U,64,2,2,6,4,697.792626,569.794868,571.82785,127.99775800000009,174.4481565,142.448717,31.999439500000022,242.158648,60.539662,243.188517,130.966416,32.741604,131.554184,196.669804,49.167451,197.085149
U,64,2,2,7,4,975.382417,868.830246,872.211029,106.55217100000004,243.84560425,217.2075615,26.63804275000001,397.25536200000005,99.31384050000001,398.44202600000006,321.733448,80.433362,323.80618400000003,149.841436,37.460359,149.962819
U,64,2,2,8,4,995.507695,787.172457,790.1453660000001,208.335238,248.87692375,196.79311425,52.0838095,352.11354200000005,88.02838550000001,353.63511600000004,303.39266499999997,75.84816624999999,304.755289,131.66625,32.9165625,131.75496099999998
U,64,2,2,9,4,855.980813,632.0010520000001,631.790803,223.97976099999994,213.99520325,158.00026300000002,55.994940249999985,129.79616399999998,32.449040999999994,130.09552000000002,284.510819,71.12770475,284.802956,217.694069,54.42351725,216.892327
U,64,2,2,10,4,972.688314,762.217727,765.78421,210.47058700000002,243.1720785,190.55443175,52.617646750000006,138.311823,34.57795575,140.71027800000002,330.100299,82.52507475,330.64105500000005,293.805605,73.45140125,294.432877
U,64,2,2,11,4,967.570501,825.813261,829.224392,141.75724000000002,241.89262525,206.45331525,35.439310000000006,156.39452699999998,39.098631749999996,157.494831,318.190663,79.54766575,318.877522,351.228071,87.80701775,352.852039
U,64,2,2,12,4,1140.100212,966.944295,970.157608,173.15591700000004,285.025053,241.73607375,43.28897925000001,335.83723699999996,83.95930924999999,337.490703,311.711592,77.927898,312.02868399999994,319.395466,79.8488665,320.63822100000004
U,64,2,2,13,4,968.22725,821.796691,824.5953959999999,146.43055900000002,242.0568125,205.44917275,36.607639750000004,277.648779,69.41219475,277.962432,316.294801,79.07370025,318.025393,227.853111,56.96327775,228.607571
U,64,2,2,14,4,1039.831521,851.3013450000001,854.285807,188.53017599999998,259.95788025,212.82533625000002,47.132543999999996,330.444476,82.611119,330.746736,286.450306,71.6125765,288.29523400000005,234.406563,58.60164075,235.24383699999998
U,64,2,2,15,4,820.279396,657.982661,659.4456250000001,162.296735,205.069849,164.49566525,40.57418375,286.45869300000004,71.61467325000001,286.769638,127.591713,31.89792825,128.297992,243.932255,60.98306375,244.377995
U,64,2,2,16,4,651.443856,506.60644499999995,509.393229,144.83741100000003,162.860964,126.65161124999999,36.20935275000001,131.54849299999998,32.887123249999995,132.945017,135.558019,33.88950475,135.80200200000002,239.499933,59.87498325,240.64621
U,64,2,2,17,4,905.889352,763.9570409999999,767.6982909999999,141.93231100000014,226.472338,190.98926024999997,35.483077750000035,206.866727,51.71668175,207.437009,200.01454999999999,50.003637499999996,200.366793,357.075764,89.268941,359.89448899999996
U,64,2,2,18,4,850.00931,670.497513,671.951064,179.511797,212.5023275,167.62437825,44.87794925,198.865774,49.7164435,199.10940999999997,131.261283,32.81532075,132.129618,340.370456,85.092614,340.712036
U,64,2,2,19,4,801.757361,642.318806,643.392187,159.43855499999995,200.43934025,160.5797015,39.85963874999999,196.917281,49.22932025,197.42012,135.074855,33.76871375,135.405355,310.32667000000004,77.58166750000001,310.56671200000005
U,64,2,2,20,4,726.6785,531.011657,532.426855,195.66684299999997,181.669625,132.75291425,48.91671074999999,270.241135,67.56028375,271.174093,136.086433,34.02160825,136.266318,124.684089,31.17102225,124.986444
U,64,2,2,21,4,898.430227,745.36365,749.2419870000001,153.06657699999994,224.60755675,186.3409125,38.266644249999985,316.43373299999996,79.10843324999999,319.041896,134.335824,33.583956,134.42450399999998,294.594093,73.64852325,295.77558700000003
U,64,2,2,22,4,866.969763,760.328292,763.574343,106.64147099999991,216.74244075,190.082073,26.660367749999978,302.000805,75.50020125,303.289428,193.33739500000001,48.334348750000004,193.87570300000002,264.990092,66.247523,266.40921199999997
U,64,2,2,23,4,831.566655,731.068853,733.114899,100.49780199999998,207.89166375,182.76721325,25.124450499999995,233.970476,58.492619,235.001192,196.453989,49.11349725,196.607144,300.64438800000005,75.16109700000001,301.506563
U,64,2,2,24,4,668.391266,566.614094,568.144415,101.77717199999995,167.0978165,141.6535235,25.444292999999988,208.994925,52.24873125,209.231655,129.521075,32.38026875,130.471585,228.098094,57.0245235,228.441175
U,64,2,2,25,4,722.157369,617.304848,617.9442260000001,104.85252100000002,180.53934225,154.326212,26.213130250000006,256.177725,64.04443125,256.46344600000003,133.467954,33.3669885,133.641915,227.659169,56.91479225,227.838865
U,64,2,2,26,4,692.197044,591.922766,594.947079,100.27427799999998,173.049261,147.9806915,25.068569499999995,233.10372700000002,58.275931750000005,234.575788,133.014475,33.25361875,133.153052,225.804564,56.451141,227.21823899999998
U,64,2,2,27,4,843.666296,741.6723240000001,742.68999,101.99397199999987,210.916574,185.41808100000003,25.498492999999968,316.85062600000003,79.21265650000001,317.077923,124.22732,31.05683,124.328203,300.594378,75.1485945,301.283864
U,64,2,2,28,4,758.336215,654.987094,656.124315,103.34912100000008,189.58405375,163.7467735,25.83728025000002,335.72763699999996,83.93190924999999,335.98965,124.03448999999999,31.008622499999998,124.174761,195.224967,48.80624175,195.959904
U,64,2,2,29,4,752.186091,649.982922,651.193877,102.203169,188.04652275,162.4957305,25.55079225,233.88683400000002,58.471708500000005,234.25276000000002,130.537348,32.634337,130.69501400000001,285.55874,71.389685,286.246103
U,64,2,2,30,4,861.836792,757.997247,761.401081,103.83954499999993,215.459198,189.49931175,25.959886249999983,309.16316,77.29079,311.126011,140.227566,35.0568915,140.313548,308.60652100000004,77.15163025000001,309.961522
U,64,2,2,31,4,763.784313,660.157071,663.42128,103.62724200000002,190.94607825,165.03926775,25.906810500000006,347.937546,86.9843865,349.438331,124.066101,31.01652525,124.205069,188.153424,47.038356,189.77787999999998
U,64,2,2,32,4,752.423389,649.9701640000001,651.114323,102.45322499999997,188.10584725,162.49254100000002,25.613306249999994,235.10521599999998,58.776303999999996,235.443312,130.469812,32.617453,130.886571,284.39513600000004,71.09878400000001,284.78444
U,64,2,2,33,4,841.266715,738.110825,740.837205,103.15589,210.31667875,184.52770625,25.7889725,339.365865,84.84146625,340.633362,124.18338600000001,31.045846500000003,125.399625,274.561574,68.6403935,274.804218
U,64,2,2,34,4,924.884444,820.84933,821.772905,104.03511400000002,231.221111,205.2123325,26.008778500000005,385.967003,96.49175075,386.546146,124.739199,31.18479975,124.87435199999999,310.143128,77.535782,310.352407
U,64,2,2,35,4,598.497951,496.59684300000004,499.49109599999997,101.90110799999991,149.62448775,124.14921075000001,25.475276999999977,138.187298,34.5468245,139.246216,129.529092,32.382273,129.724389,228.88045300000002,57.220113250000004,230.52049100000002
U,64,2,2,36,4,853.152444,748.3419779999999,750.768851,104.81046600000002,213.288111,187.08549449999998,26.202616500000005,256.053829,64.01345725,256.85625400000004,139.28751,34.8218775,139.450524,353.000639,88.25015975,354.46207300000003
U,64,2,2,37,4,655.513437,551.069978,553.142821,104.44345899999996,163.87835925,137.7674945,26.11086474999999,177.57391,44.3934775,178.184605,135.810113,33.95252825,137.05740600000001,237.685955,59.42148875,237.90081
U,64,2,2,38,4,699.461788,597.6447430000001,598.519898,101.8170449999999,174.865447,149.41118575000002,25.454261249999973,227.320368,56.830092,227.479002,132.39455199999998,33.098637999999994,132.58922,237.929823,59.48245575,238.451676
U,64,2,2,39,4,568.706746,468.691993,469.09007599999995,100.01475299999993,142.1766865,117.17299825,25.003688249999982,130.430857,32.60771425,130.55781399999998,131.038546,32.7596365,131.140617,207.22259000000003,51.805647500000006,207.39164499999998
U,64,2,2,40,4,653.258564,549.120901,551.512076,104.13766299999997,163.314641,137.28022525,26.034415749999994,197.92499199999997,49.481247999999994,198.09015,132.511824,33.127956,133.595708,218.68408499999998,54.671021249999995,219.82621799999998
U,64,2,2,41,4,632.026516,530.4677369999999,531.231242,101.55877900000007,158.006629,132.61693424999999,25.389694750000018,235.99438800000001,58.998597000000004,236.229445,135.28932799999998,33.822331999999996,135.720763,159.18402099999997,39.79600524999999,159.28103399999998
U,64,2,2,42,4,744.769935,641.445105,642.521218,103.32483000000002,186.19248375,160.36127625,25.831207500000005,200.60637,50.1515925,201.241671,132.232217,33.05805425,132.414996,308.606518,77.1516295,308.864551
U,64,2,2,43,4,605.965968,506.260942,507.89533300000005,99.70502599999998,151.491492,126.5652355,24.926256499999994,125.497361,31.37434025,125.787617,130.286611,32.57165275,131.466857,250.47697,62.6192425,250.640859
U,64,2,2,44,4,624.427371,521.531235,523.8812939999999,102.89613599999996,156.10684275,130.38280875,25.72403399999999,131.70007400000003,32.92501850000001,132.656155,136.26965800000002,34.067414500000005,136.418331,253.56150300000002,63.390375750000004,254.80680799999996
U,64,2,2,45,4,653.832727,552.047755,553.742524,101.78497199999993,163.45818175,138.01193875,25.44624299999998,139.94322300000002,34.985805750000004,140.108018,131.944403,32.98610075,132.25525,280.160129,70.04003225,281.379256
U,64,2,2,46,4,720.843814,617.971751,619.842436,102.87206299999991,180.2109535,154.49293775,25.718015749999978,359.758962,89.9397405,360.11836700000003,125.600817,31.40020425,126.95469700000001,132.61197199999998,33.152992999999995,132.769372
U,64,2,2,47,4,624.246661,525.254463,526.9010509999999,98.99219800000003,156.06166525,131.31361575,24.748049500000008,270.58626399999997,67.64656599999999,272.113122,124.426876,31.106719,124.499981,130.24132300000002,32.560330750000006,130.287948
U,64,2,2,48,4,598.622927,499.30037500000003,499.94770500000004,99.32255199999997,149.65573175,124.82509375000001,24.830637999999993,235.271731,58.81793275,235.50563499999998,133.862807,33.46570175,134.142682,130.165837,32.54145925,130.29938800000002
U,64,2,2,49,4,574.139135,473.241399,472.89695199999994,100.89773600000001,143.53478375,118.31034975,25.224434000000002,128.63154,32.157885,129.20838,203.49103300000002,50.872758250000004,202.462014,141.118826,35.2797065,141.22655799999998
U,64,2,2,50,4,685.803574,577.850384,581.00483,107.95319000000006,171.4508935,144.462596,26.988297500000016,203.907683,50.97692075,204.65458,130.620566,32.6551415,130.93804799999998,243.322135,60.83053375,245.412202
U,64,2,2,51,4,564.535773,461.36620700000003,463.97922400000004,103.16956599999992,141.13394325,115.34155175000001,25.79239149999998,196.94337000000002,49.235842500000004,197.66164200000003,134.496803,33.62420075,136.293566,129.92603400000002,32.481508500000004,130.024016
U,64,2,2,52,4,850.198382,747.1015520000001,748.125178,103.09682999999995,212.5495955,186.77538800000002,25.77420749999999,257.17293800000004,64.29323450000001,257.393144,200.050929,50.01273225,200.375226,289.877685,72.46942125,290.356808
U,64,2,2,53,4,853.985562,748.9083499999999,750.969197,105.07721200000003,213.4963905,187.22708749999998,26.269303000000008,295.000471,73.75011775,296.211544,191.55280499999998,47.888201249999995,191.715733,262.355074,65.5887685,263.04192
U,64,2,2,54,4,706.702563,603.04532,604.980765,103.65724300000011,176.67564075,150.76133,25.914310750000027,193.810629,48.45265725,193.935182,200.21970199999998,50.054925499999996,200.827664,209.014989,52.25374725,210.217919
U,64,2,2,55,4,707.02727,607.532023,608.5924640000001,99.49524700000006,176.7568175,151.88300575,24.873811750000016,239.4458,59.86145,240.04956099999998,137.80640799999998,34.451601999999994,138.06295500000002,230.279815,57.56995375,230.479948
U,64,2,2,56,4,716.699075,613.102042,613.828225,103.59703300000001,179.17476875,153.2755105,25.899258250000003,294.198592,73.549648,294.386264,133.907776,33.476944,133.96955,184.995674,46.2489185,185.47241099999997
U,64,2,2,57,4,727.36974,624.04973,626.390801,103.32001000000002,181.842435,156.0124325,25.830002500000006,221.733746,55.4334365,222.840337,199.882651,49.97066275,199.959073,202.433333,50.60833325,203.591391
U,64,2,2,58,4,626.293703,512.842216,513.644465,113.45148700000004,156.57342575,128.210554,28.36287175000001,130.513424,32.628356,130.583777,129.904028,32.476007,129.972928,252.424764,63.106191,253.08776
U,64,2,2,59,4,801.910961,697.660098,699.5199799999999,104.2508630000001,200.47774025,174.4150245,26.062715750000024,306.197641,76.54941025,306.503702,125.030478,31.2576195,126.14252400000001,266.43197899999996,66.60799474999999,266.87375399999996
U,64,2,2,60,4,761.12493,659.799083,660.788069,101.32584699999995,190.2812325,164.94977075,25.33146174999999,226.53542699999997,56.63385674999999,227.252535,130.38281800000001,32.595704500000004,130.454906,302.88083800000004,75.72020950000001,303.080628
U,64,2,2,61,4,882.312205,780.045151,783.225428,102.26705399999992,220.57805125,195.01128775,25.56676349999998,357.227639,89.30690975,359.091495,136.119376,34.029844,136.247382,286.698136,71.674534,287.886551
U,64,2,2,62,4,598.093963,497.528232,498.237947,100.56573100000003,149.52349075,124.382058,25.141432750000007,125.48968100000002,31.372420250000005,125.55137400000001,130.42307100000002,32.605767750000005,130.445831,241.61548,60.40387,242.240742
U,64,2,2,63,4,597.646529,494.48502199999996,493.602263,103.16150700000003,149.41163225,123.62125549999999,25.790376750000007,145.016481,36.25412025,145.108418,130.011644,32.502911,130.084621,219.456897,54.86422425,218.409224
U,64,2,2,64,4,729.938416,628.407864,631.624535,101.53055199999994,182.484604,157.101966,25.382637999999986,248.759546,62.1898865,250.07316400000002,133.075913,33.26897825,133.074025,246.572405,61.64310125,248.477346
U,64,2,2,65,4,693.6105,591.225104,592.129019,102.38539600000001,173.402625,147.806276,25.596349000000004,134.343972,33.585993,134.371804,131.259403,32.81485075,131.657393,325.62172899999996,81.40543224999999,326.099822
U,64,2,2,66,4,792.633721,693.065936,695.768325,99.56778500000007,198.15843025,173.266484,24.891946250000018,272.70468999999997,68.17617249999999,273.843705,124.032111,31.00802775,125.31419500000001,296.329135,74.08228375,296.61042499999996
U,64,2,2,67,4,686.827616,584.33899,585.242692,102.48862600000007,171.706904,146.0847475,25.622156500000017,255.122982,63.7807455,255.38624700000003,205.555568,51.388892,205.76004799999998,123.66044000000001,30.915110000000002,124.09639700000001
U,64,2,2,68,4,576.177094,473.388948,474.623423,102.78814599999998,144.0442735,118.347237,25.697036499999996,129.963496,32.490874,130.234153,205.63745,51.4093625,206.44215200000002,137.788002,34.4470005,137.94711800000002
U,64,2,2,69,4,602.321258,501.524475,502.41699500000004,100.79678299999995,150.5803145,125.38111875,25.199195749999987,132.14396299999999,33.035990749999996,132.18616200000002,133.078794,33.2696985,133.357731,236.301718,59.0754295,236.87310200000002
U,64,2,2,70,4,898.006328,794.3799409999999,796.63699,103.62638700000014,224.501582,198.59498524999998,25.906596750000034,267.58914599999997,66.89728649999999,269.00628199999994,209.031905,52.25797625,209.17272400000002,317.75889,79.4397225,318.457984
U,64,2,2,71,4,861.045357,758.909577,760.9002800000001,102.13577999999995,215.26133925,189.72739425,25.53394499999999,134.42576200000002,33.606440500000005,134.522578,295.879047,73.96976175,296.453493,328.604768,82.151192,329.924209
U,64,2,2,72,4,662.509199,559.463744,561.491261,103.04545499999995,165.62729975,139.865936,25.761363749999987,293.77284,73.44321,295.604826,128.68640100000002,32.171600250000004,128.754012,137.004503,34.25112575,137.132423
U,64,2,2,73,4,585.128457,481.813042,483.384023,103.31541500000003,146.28211425,120.4532605,25.828853750000007,206.876894,51.7192235,207.270038,138.394135,34.59853375,139.50994400000002,136.542013,34.13550325,136.604041
U,64,2,2,74,4,497.086192,396.951448,399.891535,100.13474399999996,124.271548,99.237862,25.03368599999999,138.35539699999998,34.588849249999996,139.60201,129.624831,32.40620775,129.730842,128.97122000000002,32.242805000000004,130.558683
U,64,2,2,75,4,571.541914,469.42002199999996,471.04595800000004,102.12189200000006,142.8854785,117.35500549999999,25.530473000000015,133.883662,33.4709155,133.985375,137.8437,34.460925,139.172528,197.69266,49.423165,197.888055
U,64,2,2,76,4,788.783952,687.059037,688.608468,101.72491500000001,197.195988,171.76475925,25.431228750000002,275.285189,68.82129725,276.413601,133.11891500000002,33.279728750000004,133.190169,278.654933,69.66373325,279.00469799999996
U,64,2,2,77,4,830.407761,728.206774,732.8399079999999,102.20098700000005,207.60194025,182.0516935,25.550246750000014,245.29055300000002,61.322638250000004,248.559686,199.806344,49.951586,199.953164,283.109877,70.77746925,284.327058
U,64,2,2,78,4,895.632337,788.6564669999999,790.25028,106.9758700000001,223.90808425,197.16411674999998,26.743967500000025,372.92488799999995,93.23122199999999,372.891695,188.004984,47.001246,188.19816200000002,227.726595,56.93164875,229.16042299999998
U,64,2,2,79,4,642.321091,540.934754,543.926602,101.38633700000003,160.58027275,135.2336885,25.346584250000006,125.88736,31.47184,125.963534,135.793154,33.9482885,137.882668,279.25424,69.81356,280.0804
U,64,2,2,80,4,670.673848,568.708122,570.5693160000001,101.96572600000002,167.668462,142.1770305,25.491431500000004,124.85391200000001,31.213478000000002,125.413898,133.38637,33.3465925,134.186365,310.46784,77.61696,310.96905300000003
U,64,2,2,81,4,738.797177,637.916834,642.3678359999999,100.88034300000004,184.69929425,159.4792085,25.22008575000001,131.855289,32.96382225,132.15903899999998,203.62306,50.905765,203.85889699999998,302.438485,75.60962125,306.3499
U,64,2,2,82,4,607.891982,509.218892,509.96450699999997,98.67309,151.9729955,127.304723,24.6682725,136.915314,34.2288285,136.983187,128.306199,32.07654975,128.468591,243.997379,60.99934475,244.51272899999998
U,64,2,2,83,4,806.700962,705.248323,705.93204,101.45263899999998,201.6752405,176.31208075,25.363159749999994,133.56341700000002,33.390854250000004,133.705216,249.409536,62.352384,249.63640900000001,322.27537,80.5688425,322.590415
U,64,2,2,84,4,698.533696,596.217355,598.703022,102.31634099999997,174.633424,149.05433875,25.57908524999999,131.24214999999998,32.810537499999995,131.919667,133.42732999999998,33.356832499999996,133.568215,331.547875,82.88696875,333.21514
U,64,2,2,85,4,761.706646,659.915064,661.457003,101.79158199999995,190.4266615,164.978766,25.447895499999987,132.829047,33.20726175,132.993363,203.43056,50.85764,203.762674,323.65545700000007,80.91386425000002,324.700966
U,64,2,2,86,4,580.861976,480.4761040000001,482.33759999999995,100.38587199999995,145.215494,120.11902600000002,25.096467999999987,148.165334,37.0413335,148.345204,205.37607400000002,51.344018500000004,206.605414,126.934696,31.733674,127.386982
U,64,2,2,87,4,873.56229,768.2113730000001,770.048105,105.35091699999987,218.3905725,192.05284325000002,26.337729249999967,184.66650500000003,46.16662625000001,184.98907400000002,354.773502,88.6933755,355.383989,228.771366,57.1928415,229.675042
U,64,2,2,88,4,658.67861,556.047738,558.444451,102.63087200000007,164.6696525,139.0119345,25.657718000000017,168.91253,42.2281325,170.29485799999998,255.02997399999998,63.757493499999995,255.74499499999996,132.105234,33.0263085,132.404598
U,64,2,2,89,4,641.871236,540.1096640000001,540.850381,101.76157199999989,160.467809,135.02741600000002,25.440392999999972,274.35584900000003,68.58896225000001,274.908402,134.54816200000002,33.637040500000005,134.64455800000002,131.205653,32.80141325,131.29742099999999
U,64,2,2,90,4,782.100417,678.511823,680.214946,103.58859399999994,195.52510425,169.62795575,25.897148499999986,311.197921,77.79948025,311.483901,184.531652,46.132913,185.776834,182.78225,45.6955625,182.95421100000002
U,64,2,2,91,4,495.211886,393.386553,397.02961700000003,101.825333,123.8029715,98.34663825,25.45633325,129.375769,32.34394225,131.484702,128.048677,32.01216925,128.183922,135.962107,33.99052675,137.360993
U,64,2,2,92,4,521.262168,416.597389,417.76238200000006,104.66477899999995,130.315542,104.14934725,26.16619474999999,150.717752,37.679438,150.940966,130.022151,32.50553775,130.831351,135.857486,33.9643715,135.99006500000002
U,64,2,2,93,4,867.05701,760.997427,761.481721,106.05958299999998,216.7642525,190.24935675,26.514895749999994,234.272996,58.568249,234.09347100000002,206.77387599999997,51.69346899999999,206.93784499999998,319.950555,79.98763875,320.450405
U,64,2,2,94,4,606.452669,504.045774,507.487396,102.40689500000002,151.61316725,126.0114435,25.601723750000005,236.98152499999998,59.245381249999994,238.687438,135.19313400000001,33.798283500000004,135.448515,131.87111499999997,32.967778749999994,133.35144300000002
U,64,2,2,95,4,611.818374,508.76501399999995,510.679342,103.05336,152.9545935,127.19125349999999,25.76334,133.832616,33.458154,134.101616,134.834988,33.708747,136.31227,240.09741,60.0243525,240.265456
U,64,2,2,96,4,826.229213,724.408668,725.947731,101.82054499999992,206.55730325,181.102167,25.45513624999998,332.874224,83.218556,333.933568,124.421649,31.10541225,124.528065,267.112795,66.77819875,267.48609799999997
U,64,2,2,97,4,604.386585,504.543502,507.462476,99.84308299999998,151.09664625,126.1358755,24.960770749999995,124.95008,31.23752,125.943647,128.82063200000002,32.205158000000004,129.064256,250.77279000000001,62.693197500000004,252.45457299999998
U,64,2,2,98,4,670.5751,563.241282,563.7656159999999,107.33381800000006,167.643775,140.8103205,26.833454500000016,131.620868,32.905217,131.741148,133.83213700000002,33.458034250000004,133.984231,297.788277,74.44706925,298.040237
U,64,2,2,99,4,801.584048,699.67363,700.873607,101.91041800000005,200.396012,174.9184075,25.477604500000012,220.86739,55.2168475,221.064333,135.613041,33.90326025,135.719548,343.193199,85.79829975,344.089726
U,64,2,2,100,4,559.182106,455.210099,456.193652,103.97200699999996,139.7955265,113.80252475,25.99300174999999,132.347334,33.0868335,132.900983,198.55616600000002,49.639041500000005,198.818175,124.306599,31.07664975,124.47449399999999
U,64,2,2,101,4,678.021992,577.56263,579.3068920000001,100.45936199999994,169.505498,144.3906575,25.114840499999985,132.508307,33.12707675,133.22632900000002,133.164951,33.29123775,133.420598,311.889372,77.972343,312.659965
U,64,2,2,102,4,651.124742,547.4452940000001,548.4703219999999,103.67944799999987,162.7811855,136.86132350000003,25.919861999999966,134.307126,33.5767815,134.416067,136.880628,34.220157,136.98426899999998,276.25754,69.064385,277.069986
U,64,2,2,103,4,781.315179,679.246013,682.6950730000001,102.069166,195.32879475,169.81150325,25.5172915,154.892385,38.72309625,155.923397,199.824391,49.95609775,200.556863,324.52923699999997,81.13230924999999,326.21481300000005
U,64,2,2,104,4,578.730779,477.06583,478.249091,101.66494899999998,144.68269475,119.2664575,25.416237249999995,202.692522,50.6731305,203.57673699999998,145.554226,36.3885565,145.715552,128.81908199999998,32.204770499999995,128.956802
U,64,2,2,105,4,648.802242,550.6290329999999,552.0108660000001,98.17320900000004,162.2005605,137.65725824999998,24.54330225000001,280.94610900000004,70.23652725000001,281.306456,137.96748599999998,34.491871499999995,138.92535,131.715438,32.9288595,131.77906000000002
U,64,2,2,106,4,724.249691,624.2473890000001,628.98624,100.00230199999987,181.06242275,156.06184725000003,25.000575499999968,239.40789800000002,59.851974500000004,242.78454399999998,137.566103,34.39152575,137.675683,247.273388,61.818347,248.526013
U,64,2,2,107,4,747.040681,644.1815819999999,645.043506,102.85909900000001,186.76017025,161.04539549999998,25.714774750000004,310.130231,77.53255775,310.382644,138.670941,34.66773525,138.787846,195.38040999999998,48.845102499999996,195.873016
U,64,2,2,108,4,862.07671,758.684309,760.255717,103.39240100000006,215.5191775,189.67107725,25.848100250000016,300.635693,75.15892325,299.665141,124.42906,31.107265,125.87725700000001,333.619556,83.404889,334.713319
U,64,2,2,109,4,679.33852,572.767458,574.50866,106.57106199999998,169.83463,143.1918645,26.642765499999996,310.455337,77.61383425,310.68267099999997,135.29587800000002,33.823969500000004,136.750533,127.01624299999999,31.754060749999997,127.075456
U,64,2,2,110,4,492.955753,388.861714,391.919138,104.09403900000001,123.23893825,97.2154285,26.023509750000002,129.24165,32.3104125,130.280309,129.45852000000002,32.364630000000005,129.80912800000002,130.16154400000002,32.540386000000005,131.829701
U,64,2,2,111,4,606.08602,505.19012699999996,507.060656,100.895893,151.521505,126.29753174999999,25.22397325,234.549175,58.63729375,235.079781,135.936442,33.9841105,137.08402199999998,134.70451,33.6761275,134.896853
U,64,2,2,112,4,807.076494,705.802772,706.962463,101.27372200000002,201.7691235,176.450693,25.318430500000005,296.271387,74.06784675,297.01858699999997,124.14817599999999,31.037043999999998,124.28217800000002,285.383209,71.34580225,285.661698
U,64,2,2,113,4,739.460849,637.1022330000001,640.3931769999999,102.35861599999998,184.86521225,159.27555825000002,25.589653999999996,260.457724,65.114431,261.783302,123.855851,30.96396275,124.039858,252.788658,63.1971645,254.570017
U,64,2,2,114,4,834.634898,733.4967489999999,734.927271,101.13814900000011,208.6587245,183.37418724999998,25.284537250000028,262.650577,65.66264425,262.967623,144.65997,36.1649925,145.387452,326.186202,81.5465505,326.572196
U,64,2,2,115,4,493.149855,392.875188,394.92059,100.27466700000002,123.28746375,98.218797,25.068666750000006,125.390671,31.34766775,125.91548399999999,142.95818300000002,35.739545750000005,144.429369,124.52633399999999,31.131583499999998,124.575737
U,64,2,2,116,4,664.551938,562.979425,566.010896,101.57251299999996,166.1379845,140.74485625,25.39312824999999,134.77102,33.692755,135.71245399999998,129.829362,32.4573405,130.560361,298.379043,74.59476075,299.73808099999997
U,64,2,2,117,4,631.932251,529.429212,530.345235,102.50303899999994,157.98306275,132.357303,25.625759749999986,124.96708600000001,31.241771500000002,125.412435,131.89739,32.9743475,132.00777499999998,272.564736,68.141184,272.925025
U,64,2,2,118,4,635.941294,533.814523,534.856354,102.12677099999996,158.9853235,133.45363075,25.53169274999999,136.32260699999998,34.080651749999994,136.559192,136.873658,34.2184145,137.041108,260.618258,65.1545645,261.256054
U,64,2,2,119,4,830.205439,725.712476,729.1710840000001,104.49296299999992,207.55135975,181.428119,26.12324074999998,286.657321,71.66433025,287.962943,133.891348,33.472837,134.625765,305.163807,76.29095175,306.582376
F,1,2,3,0,4,56.935562,20.721094,20.753469000000003,36.214468,14.2338905,5.1802735,9.053617,5.641425,1.41035625,5.651415,5.543499000000001,1.3858747500000002,5.554615,9.53617,2.3840425,9.547439
F,1,2,3,1,4,59.365064,25.199063,25.231507,34.166000999999994,14.841266,6.29976575,8.541500249999999,11.380721,2.84518025,11.389597,8.260409000000001,2.0651022500000003,8.272385,5.557932999999999,1.3894832499999998,5.569525
F,1,2,3,2,4,59.640194,24.391130999999998,24.423322000000002,35.24906300000001,14.9100485,6.0977827499999995,8.812265750000002,6.0750779999999995,1.5187694999999999,6.084016,10.042901,2.51072525,10.054126,8.273152,2.068288,8.28518
F,1,2,3,3,4,67.352723,33.256918999999996,33.28769,34.095804,16.83818075,8.314229749999999,8.523951,9.062959,2.26573975,9.072581999999999,10.483419999999999,2.6208549999999997,10.493405000000001,13.710540000000002,3.4276350000000004,13.721702999999998
F,1,2,3,4,4,54.91747,20.156733000000003,20.212909,34.760737,13.7293675,5.039183250000001,8.69018425,9.069273,2.26731825,9.10108,5.608973,1.40224325,5.621793,5.478486999999999,1.3696217499999999,5.490036
F,1,2,3,5,4,57.922432,24.972155,25.032930999999998,32.950277,14.480608,6.24303875,8.23756925,7.757377,1.93934425,7.766348,8.21862,2.054655,8.25912,8.996158,2.2490395,9.007463
F,1,2,3,6,4,53.61831,17.126420999999997,17.189234,36.491889,13.4045775,4.281605249999999,9.12297225,5.998651,1.49966275,6.0377019999999995,5.6514489999999995,1.4128622499999999,5.662851,5.4763209999999996,1.3690802499999999,5.488681
F,1,2,3,7,4,51.635152,17.086092999999998,17.119210000000002,34.549059,12.908788,4.2715232499999995,8.63726475,5.991871,1.49796775,6.001595000000001,5.628352,1.407088,5.640365,5.465870000000001,1.3664675000000002,5.47725
F,1,2,3,8,4,51.999811,16.941432,16.974335,35.058379,12.99995275,4.235358,8.76459475,5.912362,1.4780905,5.921703,5.565204,1.391301,5.5768200000000006,5.4638659999999994,1.3659664999999999,5.475812
F,1,2,3,9,4,53.029176,17.238894000000002,17.271836,35.790282,13.257294,4.3097235000000005,8.9475705,6.0088,1.5022,6.018487,5.6697239999999995,1.4174309999999999,5.681506,5.560370000000001,1.3900925000000002,5.571843
F,1,2,3,10,4,59.127999,23.936981000000003,23.971369,35.191018,14.78199975,5.984245250000001,8.7977545,8.865078,2.2162695,8.875398,5.8233500000000005,1.4558375000000001,5.836211,9.248553,2.31213825,9.25976
F,1,2,3,11,4,57.086808,23.975852000000003,24.49093,33.110955999999995,14.271702,5.993963000000001,8.277738999999999,10.269914,2.5674785,10.278662,8.230285,2.05757125,8.268086,5.475653,1.36891325,5.944182
F,1,2,3,12,4,57.033371,20.667801,20.700954000000003,36.365570000000005,14.25834275,5.16695025,9.091392500000001,5.5808159999999996,1.3952039999999999,5.591092,5.451796,1.362949,5.4631050000000005,9.635189,2.40879725,9.646757000000001
F,1,2,3,13,4,64.632688,31.049874,31.437132,33.582814,16.158172,7.7624685,8.3957035,7.690642,1.9226605,7.714728999999999,13.006497,3.25162425,13.358944,10.352735,2.58818375,10.363458999999999
F,1,2,3,14,4,54.384,16.421454,16.456419,37.962546,13.596,4.1053635,9.4906365,5.517493,1.37937325,5.527450000000001,5.4710030000000005,1.3677507500000001,5.483809,5.432958,1.3582395,5.44516
F,1,2,3,15,4,56.683469,23.244811,23.304691999999996,33.438658000000004,14.17086725,5.81120275,8.359664500000001,8.161904,2.040476,8.172358,5.484574,1.3711435,5.522509,9.598332999999998,2.3995832499999996,9.609824999999999
F,1,2,3,16,4,50.62628,16.468586000000002,16.721657,34.157694,12.65657,4.1171465000000005,8.5394235,5.547227,1.38680675,5.557524000000001,5.462818,1.3657045,5.563474,5.458541,1.36463525,5.600658999999999
F,1,2,3,17,4,50.144935,16.406758,16.44231,33.73817699999999,12.53623375,4.1016895,8.434544249999998,5.50169,1.3754225,5.512996,5.500809,1.37520225,5.513196000000001,5.404259,1.35106475,5.416117999999999
F,1,2,3,18,4,57.391198,23.58522,23.618508,33.805978,14.3477995,5.896305,8.4514945,8.283354,2.0708385,8.293227,5.502236,1.375559,5.514513,9.79963,2.4499075,9.810768
F,1,2,3,19,4,49.755493,16.439799,16.473746000000002,33.315694,12.43887325,4.10994975,8.3289235,5.515972,1.378993,5.525466,5.479278,1.3698195,5.492223000000001,5.444549,1.36113725,5.456057
F,1,2,3,20,4,51.425371,16.379157999999997,16.424760999999997,35.046213,12.85634275,4.094789499999999,8.76155325,5.527216999999999,1.3818042499999998,5.53711,5.436365,1.35909125,5.44873,5.415576,1.353894,5.438920999999999
F,1,2,3,21,4,50.304249,16.516266,16.551684,33.787983,12.57606225,4.1290665,8.44699575,5.550781,1.38769525,5.561157,5.502071000000001,1.3755177500000002,5.5148470000000005,5.463414,1.3658535,5.4756800000000005
F,1,2,3,22,4,65.44875,29.890526,29.947244,35.558224,16.3621875,7.4726315,8.889556,8.189963,2.04749075,8.214568,9.256554000000001,2.3141385000000003,9.310591,12.444009000000001,3.1110022500000003,12.422085
F,1,2,3,23,4,58.728131,23.147897,23.180883,35.580234,14.68203275,5.78697425,8.8950585,8.192041999999999,2.0480104999999997,8.202107999999999,5.48971,1.3724275,5.501873,9.466145000000001,2.3665362500000002,9.476902
F,1,2,3,24,4,58.040762,23.469921999999997,25.446338,34.570840000000004,14.5101905,5.867480499999999,8.642710000000001,6.8501069999999995,1.7125267499999999,6.887391,8.082768999999999,2.0206922499999997,8.733063999999999,8.537046,2.1342615,9.825883000000001
F,1,2,3,25,4,50.923695,16.485861,16.626771,34.437834,12.73092375,4.12146525,8.6094585,5.566693,1.39167325,5.5767430000000004,5.472218,1.3680545,5.496435,5.446949999999999,1.3617374999999998,5.553593
F,1,2,3,26,4,49.872603,16.433332,16.466070000000002,33.439271,12.46815075,4.108333,8.35981775,5.52302,1.380755,5.532453,5.488635,1.37215875,5.5000860000000005,5.421677,1.35541925,5.433531
F,1,2,3,27,4,50.496642,16.373939999999997,16.493782000000003,34.122702000000004,12.6241605,4.093484999999999,8.530675500000001,5.51755,1.3793875,5.614266,5.447623,1.36190575,5.459156,5.408766999999999,1.3521917499999998,5.4203600000000005
F,1,2,3,28,4,58.195164,20.851586,20.885312,37.343577999999994,14.548791,5.2128965,9.335894499999998,5.508065,1.37701625,5.517934,5.480091000000001,1.3700227500000002,5.492538000000001,9.863430000000001,2.4658575000000003,9.874839999999999
F,1,2,3,29,4,53.108344,17.960459,18.021439,35.147885,13.277086,4.49011475,8.78697125,7.019759,1.75493975,7.05631,5.475899999999999,1.3689749999999998,5.487885,5.464799999999999,1.3661999999999999,5.477244
F,1,2,3,30,4,59.538632,23.503025,23.536269,36.035607,14.884658,5.87575625,9.00890175,8.23087,2.0577175,8.240566000000001,5.511868,1.377967,5.524072,9.760287000000002,2.4400717500000004,9.771631
F,1,2,3,31,4,52.265033,16.402222,16.464292,35.86281100000001,13.06625825,4.1005555,8.965702750000002,5.5255849999999995,1.3813962499999999,5.5487020000000005,5.4668339999999995,1.3667084999999999,5.493097000000001,5.409802999999999,1.3524507499999998,5.422493
F,1,2,3,32,4,50.567341,16.500321,16.549002,34.06702,12.64183525,4.12508025,8.516755,5.580215,1.39505375,5.589775,5.459587,1.36489675,5.471432,5.460519000000001,1.3651297500000001,5.487795
F,1,2,3,33,4,51.148717,16.432707,16.795287000000002,34.71601,12.78717925,4.10817675,8.6790025,5.517287,1.37932175,5.527685,5.453130999999999,1.3632827499999998,5.493568000000001,5.462289,1.36557225,5.774034
F,1,2,3,34,4,51.003402,16.432062000000002,16.499098,34.57134,12.7508505,4.1080155000000005,8.642835,5.536788,1.384197,5.546602,5.448259,1.36206475,5.4932609999999995,5.447015,1.36175375,5.459235
F,1,2,3,35,4,66.574436,32.914412,32.972343,33.66002400000001,16.643609,8.228603,8.415006000000002,12.466123000000001,3.1165307500000003,12.475793000000001,12.460078,3.1150195,12.496955,7.988211,1.99705275,7.999595
F,1,2,3,36,4,79.22535,40.702783,40.760301000000005,38.52256700000001,19.8063375,10.17569575,9.630641750000002,8.364878,2.0912195,8.374857,17.083581,4.27089525,17.092319,15.254324,3.813581,15.293125000000002
F,1,2,3,37,4,64.506178,27.300593,27.353298,37.205585000000006,16.1265445,6.82514825,9.301396250000002,6.4633959999999995,1.6158489999999999,6.4735629999999995,9.340383000000001,2.3350957500000002,9.351582,11.496814,2.8742035,11.528153
F,1,2,3,38,4,58.458131,21.517521000000002,21.574094000000002,36.94061,14.61453275,5.3793802500000005,9.2351525,6.483814,1.6209535,6.49388,5.657482,1.4143705,5.66865,9.376225,2.34405625,9.411564
F,1,2,3,39,4,58.432156,21.725645,21.758256,36.706511,14.608039,5.43141125,9.17662775,6.5990459999999995,1.6497614999999999,6.609023,5.69795,1.4244875,5.70987,9.428649,2.35716225,9.439363
F,1,2,3,40,4,53.229201,17.525843,17.554779,35.70335800000001,13.30730025,4.38146075,8.925839500000002,6.656529,1.66413225,6.666329,5.446272,1.361568,5.458185,5.423042,1.3557605,5.4302649999999995
F,1,2,3,41,4,64.766753,27.534708999999996,27.75068,37.232044,16.19168825,6.883677249999999,9.308011,10.029122,2.5072805,10.146346,8.322757,2.08068925,8.348652,9.18283,2.2957075,9.255682
F,1,2,3,42,4,52.141897,17.401006,17.435018,34.740891000000005,13.03547425,4.3502515,8.685222750000001,6.455734,1.6139335,6.466016,5.519577,1.37989425,5.531495,5.425695,1.35642375,5.437507
F,1,2,3,43,4,58.61818,23.396095000000003,23.638352,35.222085,14.654545,5.849023750000001,8.80552125,8.206288,2.051572,8.424879,5.509366,1.3773415,5.521719,9.680441000000002,2.4201102500000005,9.691754
F,1,2,3,44,4,63.502041,29.290476999999996,29.334666,34.211564,15.87551025,7.322619249999999,8.552891,11.948583,2.98714575,11.970935,7.996072,1.999018,8.007165,9.345822,2.3364555,9.356565999999999
F,1,2,3,45,4,52.832282,16.673618,16.708084,36.158664,13.2080705,4.1684045,9.039666,5.495563000000001,1.3738907500000002,5.5058810000000005,5.756148,1.439037,5.76867,5.421907,1.35547675,5.433533000000001
F,1,2,3,46,4,51.155961,16.25414,16.355407999999997,34.901821,12.78899025,4.063535,8.72545525,5.4905230000000005,1.3726307500000001,5.499445,5.37156,1.34289,5.383773,5.392057,1.34801425,5.472189999999999
F,1,2,3,47,4,56.380781,22.924514000000002,22.958004000000003,33.456267,14.09519525,5.7311285000000005,8.36406675,8.135705,2.03392625,8.145986,5.413742,1.3534355,5.425922,9.375067000000001,2.3437667500000003,9.386096
F,1,2,3,48,4,55.58788,16.390151,16.438843,39.197728999999995,13.89697,4.09753775,9.799432249999999,5.5491340000000005,1.3872835000000001,5.574714999999999,5.418772,1.354693,5.430541000000001,5.422245,1.35556125,5.433587
F,1,2,3,49,4,52.266699,16.162163999999997,16.196871,36.104535000000006,13.06667475,4.040540999999999,9.026133750000001,5.427576,1.356894,5.437803000000001,5.38146,1.345365,5.393815,5.353128,1.338282,5.365253000000001
F,1,2,3,50,4,63.52331,29.775286,30.396261,33.748024,15.8808275,7.4438215,8.437006,9.424968,2.356242,9.465876999999999,9.066813,2.26670325,9.078419,11.283505,2.82087625,11.851965
F,1,2,3,51,4,58.186844,23.010741000000003,23.044131,35.176103,14.546711,5.752685250000001,8.79402575,8.200266000000001,2.0500665000000002,8.210333,5.430387,1.35759675,5.442752,9.380088,2.345022,9.391046000000001
F,1,2,3,52,4,57.354738,23.472536999999996,24.055421000000003,33.882201,14.3386845,5.868134249999999,8.47055025,5.630313999999999,1.4075784999999998,5.855741,9.747876999999999,2.4369692499999998,10.093676,8.094346,2.0235865,8.106004
F,1,2,3,53,4,60.524471,25.936068000000002,25.999363,34.588403,15.13111775,6.484017000000001,8.64710075,9.726717,2.43167925,9.722366,8.094861,2.02371525,8.150614000000001,8.11449,2.0286225,8.126383
F,1,2,3,54,4,53.642846,19.741833999999997,19.776505999999998,33.901012,13.4107115,4.935458499999999,8.475253,5.584075,1.39601875,5.594684,8.743250999999999,2.1858127499999997,8.754903,5.414508,1.353627,5.426919
F,1,2,3,55,4,68.174876,32.590479,32.731473,35.584396999999996,17.043719,8.14761975,8.896099249999999,8.693924,2.173481,8.704043,13.608319999999999,3.4020799999999998,13.700785,10.288235,2.57205875,10.326645000000001
F,1,2,3,56,4,58.321508,22.863459999999996,22.897021,35.458048000000005,14.580377,5.715864999999999,8.864512000000001,5.506822999999999,1.3767057499999997,5.517469,9.386398,2.3465995,9.397283999999999,7.970238999999999,1.9925597499999999,7.9822679999999995
F,1,2,3,57,4,64.289961,26.664914,26.750799,37.62504700000001,16.07249025,6.6662285,9.406261750000002,8.145054,2.0362635,8.183577999999999,5.471931,1.36798275,5.483696999999999,13.047929,3.26198225,13.083524
F,1,2,3,58,4,52.730441,18.626476999999998,18.955999,34.103964000000005,13.18261025,4.656619249999999,8.525991000000001,7.7528109999999995,1.9382027499999999,8.059682,5.482807,1.37070175,5.494475,5.390859,1.34771475,5.401842
F,1,2,3,59,4,51.988183,16.418926,16.500929,35.569257,12.99704575,4.1047315,8.89231425,5.531534000000001,1.3828835000000002,5.541583999999999,5.458874,1.3647185,5.499107,5.428518,1.3571295,5.460238
F,1,2,3,60,4,50.965949,16.297252,16.319008,34.668697,12.74148725,4.074313,8.66717425,5.485748,1.371437,5.496046,5.428387,1.35709675,5.427681,5.383117,1.34577925,5.395281
F,1,2,3,61,4,51.095203,16.293124,16.327095999999997,34.802079,12.77380075,4.073281,8.70051975,5.5112,1.3778,5.521615,5.412713,1.35317825,5.4242859999999995,5.369211,1.34230275,5.381195
F,1,2,3,62,4,53.394572,16.192726,16.227755000000002,37.201845999999996,13.348643,4.0481815,9.300461499999999,5.4566,1.36415,5.466774,5.361662000000001,1.3404155000000002,5.374276999999999,5.374464000000001,1.3436160000000001,5.386704
F,1,2,3,63,4,55.604364,19.117206,19.151319,36.487157999999994,13.901091,4.7793015,9.121789499999998,5.451613,1.36290325,5.4620370000000005,5.340750999999999,1.3351877499999998,5.3527830000000005,8.324842,2.0812105,8.336499
F,1,2,3,64,4,51.99663,16.550245,16.607526,35.44638500000001,12.9991575,4.13756125,8.861596250000002,5.670196,1.417549,5.679658000000001,5.44895,1.3622375,5.460763,5.431099,1.35777475,5.467104999999999
F,1,2,3,65,4,54.271052,19.405242,19.438611,34.865809999999996,13.567763,4.8513105,8.716452499999999,8.525456,2.131364,8.535237,5.440129,1.36003225,5.4522379999999995,5.439657,1.35991425,5.451136
F,1,2,3,66,4,56.765242,23.045735999999998,23.134639,33.719506,14.1913105,5.7614339999999995,8.4298765,8.093331,2.02333275,8.114734,5.434833,1.35870825,5.4916659999999995,9.517572,2.379393,9.528239
F,1,2,3,67,4,52.378463,16.286957,16.321297,36.091506,13.09461575,4.07173925,9.0228765,5.473112,1.368278,5.483655,5.397727,1.34943175,5.409836,5.416118000000001,1.3540295000000002,5.427806
F,1,2,3,68,4,50.805098,16.217,16.312594999999998,34.588098,12.7012745,4.05425,8.6470245,5.435274,1.3588185,5.445717,5.368036,1.342009,5.392582,5.41369,1.3534225,5.474296
F,1,2,3,69,4,50.543335,16.277026,16.3097,34.266309,12.63583375,4.0692565,8.56657725,5.481461,1.37036525,5.491277,5.412129999999999,1.3530324999999999,5.423635,5.383435,1.34585875,5.394788
F,1,2,3,70,4,56.829613,23.279288,23.842883,33.550325,14.20740325,5.819822,8.38758125,8.119176000000001,2.0297940000000003,8.158617999999999,5.4799310000000006,1.3699827500000001,5.960942000000001,9.680181000000001,2.4200452500000003,9.723323
F,1,2,3,71,4,50.178848,16.322257,16.406252000000002,33.856591,12.544712,4.08056425,8.46414775,5.494268,1.373567,5.554871,5.430367,1.35759175,5.442042,5.397622,1.3494055,5.409339000000001
F,1,2,3,72,4,50.165114,16.343232,16.663901000000003,33.821882,12.5412785,4.085808,8.4554705,5.4802409999999995,1.3700602499999999,5.490601000000001,5.411302999999999,1.3528257499999998,5.694539,5.451688000000001,1.3629220000000002,5.478761
F,1,2,3,73,4,49.861396,16.336513,16.42713,33.524883,12.465349,4.08412825,8.38122075,5.485787,1.37144675,5.552827000000001,5.421547,1.35538675,5.432729,5.4291789999999995,1.3572947499999999,5.441573999999999
F,1,2,3,74,4,49.702724,16.29701,16.375245999999997,33.405714,12.425681,4.0742525,8.3514285,5.511915,1.37797875,5.534860999999999,5.4251570000000005,1.3562892500000001,5.436974,5.359938,1.3399845,5.403411
F,1,2,3,75,4,50.266921,16.311746,16.345269000000002,33.955175000000004,12.56673025,4.0779365,8.488793750000001,5.523021000000001,1.3807552500000002,5.5331790000000005,5.4401790000000005,1.3600447500000001,5.4514320000000005,5.348546,1.3371365,5.360658000000001
F,1,2,3,76,4,58.331527,23.396582,23.460031999999998,34.934945,14.58288175,5.8491455,8.73373625,5.510368,1.377592,5.520003,9.838128999999999,2.4595322499999996,9.849431,8.048085,2.01202125,8.090598
F,1,2,3,77,4,57.383499,21.134192000000002,21.175246,36.249307,14.34587475,5.283548000000001,9.06232675,9.816848,2.454212,9.835087,5.918617,1.47965425,5.930017,5.398727,1.34968175,5.4101420000000005
F,1,2,3,78,4,59.278327,24.210062999999998,24.292669,35.068264,14.81958175,6.0525157499999995,8.767066,8.180782,2.0451955,8.240654,5.487513,1.37187825,5.499265,10.541768,2.635442,10.55275
F,1,2,3,79,4,52.607241,18.369014999999997,18.392042,34.238226000000004,13.15181025,4.592253749999999,8.559556500000001,7.475584,1.868896,7.486148,5.484394999999999,1.3710987499999998,5.484891,5.409036,1.352259,5.421003
F,1,2,3,80,4,58.289062,23.183217,23.245846999999998,35.105845,14.5722655,5.79580425,8.77646125,6.574344999999999,1.6435862499999998,6.614256,8.11761,2.0294025,8.128731,8.491262,2.1228155,8.50286
F,1,2,3,81,4,56.779082,23.042873,23.245416,33.736209,14.1947705,5.76071825,8.43405225,8.186373,2.04659325,8.337413999999999,5.473242,1.3683105,5.484821,9.383258,2.3458145,9.423181
F,1,2,3,82,4,50.255714,16.388734,16.42116,33.86698,12.5639285,4.0971835,8.466745,5.521998,1.3804995,5.532222,5.463069,1.36576725,5.473867,5.4036669999999996,1.3509167499999999,5.415071
F,1,2,3,83,4,63.811005,29.440486,29.527526,34.370519,15.95275125,7.3601215,8.59262975,8.18211,2.0455275,8.221269,9.180702,2.2951755,9.191566,12.077674,3.0194185,12.114690999999999
F,1,2,3,84,4,50.796782,16.338178999999997,16.399401,34.458603000000004,12.6991955,4.084544749999999,8.614650750000001,5.500673999999999,1.3751684999999998,5.538993,5.428383999999999,1.3570959999999999,5.440053,5.409121,1.35228025,5.420355000000001
F,1,2,3,85,4,57.846248,23.034962,23.220455,34.811286,14.461562,5.7587405,8.7028215,8.141093,2.03527325,8.303663,5.4218649999999995,1.3554662499999999,5.4338940000000004,9.472004,2.368001,9.482898
F,1,2,3,86,4,50.20048,16.254212000000003,16.314194,33.946267999999996,12.55012,4.063553000000001,8.486566999999999,5.4424,1.3606,5.452703,5.386359,1.34658975,5.424839,5.425453000000001,1.3563632500000002,5.4366520000000005
F,1,2,3,87,4,50.026739,16.268845,16.330426,33.757894,12.50668475,4.06721125,8.4394735,5.487342,1.3718355,5.496188,5.404590000000001,1.3511475000000002,5.415913,5.376913,1.34422825,5.418325
F,1,2,3,88,4,51.199001,16.37235,16.404291,34.826651,12.79975025,4.0930875,8.70666275,5.5106340000000005,1.3776585000000001,5.519499,5.466574,1.3666435,5.478229000000001,5.395142,1.3487855,5.406563
F,1,2,3,89,4,49.691543,16.212219,16.24601,33.479324000000005,12.42288575,4.05305475,8.369831000000001,5.425771000000001,1.3564427500000003,5.436127,5.385592,1.346398,5.397158,5.400856000000001,1.3502140000000002,5.412725
F,1,2,3,90,4,59.650411,23.453316,23.485242,36.197095,14.91260275,5.863329,9.04927375,8.789931,2.19748275,8.799543,6.565442,1.6413605,6.575805,8.097942999999999,2.0244857499999998,8.109894
F,1,2,3,91,4,62.685491,29.194105,29.225413,33.491386,15.67137275,7.29852625,8.3728465,9.108864,2.277216,9.118521,10.601886,2.6504715,10.613296,9.483355000000001,2.3708387500000003,9.493596
F,1,2,3,92,4,59.983512,23.089193,23.49783,36.894318999999996,14.995878,5.77229825,9.223579749999999,8.161108,2.040277,8.228687,5.498139,1.37453475,5.802055,9.429946,2.3574865,9.467088
F,1,2,3,93,4,56.266991,16.318706000000002,16.350844,39.948285,14.06674775,4.079676500000001,9.98707125,5.53078,1.382695,5.540311,5.43025,1.3575625,5.441064,5.3576760000000005,1.3394190000000001,5.369469
F,1,2,3,94,4,69.786881,33.403592,33.440343,36.38328899999999,17.44672025,8.350898,9.095822249999998,9.407404,2.351851,9.423796,8.312416,2.078104,8.322771,15.683772000000001,3.9209430000000003,15.693776
F,1,2,3,95,4,58.628008,24.021932999999997,24.148221000000003,34.606075000000004,14.657002,6.005483249999999,8.651518750000001,9.117766,2.2794415,9.176867000000001,5.474175,1.36854375,5.496493,9.429991999999999,2.3574979999999996,9.474861
F,1,2,3,96,4,58.59417,20.496034,20.699056000000002,38.098136,14.6485425,5.1240085,9.524534,5.520338000000001,1.3800845000000002,5.530185,5.426103,1.35652575,5.455342000000001,9.549593,2.38739825,9.713529000000001
F,1,2,3,97,4,59.349713,25.498894,25.576527999999996,33.850819,14.83742825,6.3747235,8.46270475,10.399232,2.599808,10.424686,5.575940000000001,1.3939850000000003,5.588787,9.523722,2.3809305,9.563054999999999
F,1,2,3,98,4,52.394648,16.442962,16.504677,35.951685999999995,13.098662,4.1107405,8.987921499999999,5.644208,1.411052,5.653633,5.424443999999999,1.3561109999999998,5.436015,5.37431,1.3435775,5.415029
F,1,2,3,99,4,59.738738,23.527273,23.559966000000003,36.211465,14.9346845,5.88181825,9.05286625,8.38729,2.0968225,8.397507000000001,5.466669,1.36666725,5.477868000000001,9.673314,2.4183285,9.684591000000001
F,1,2,3,100,4,59.737308,23.572133,23.651726,36.165175,14.934327,5.89303325,9.04129375,8.34389,2.0859725,8.368397,5.461549,1.36538725,5.472207,9.766694,2.4416735,9.811122000000001
F,1,2,3,101,4,51.030887,16.257263000000002,16.374965,34.773624,12.75772175,4.0643157500000004,8.693406,5.476770999999999,1.3691927499999998,5.571966,5.397202,1.3493005,5.408851,5.383290000000001,1.3458225000000001,5.3941479999999995
F,1,2,3,102,4,51.516698,16.344019,16.390076,35.172679,12.8791745,4.08600475,8.79316975,5.519051,1.37976275,5.542717,5.418541,1.35463525,5.4294199999999995,5.406427,1.35160675,5.417939
F,1,2,3,103,4,50.93093,16.291504,16.323802,34.639426,12.7327325,4.072876,8.6598565,5.503654,1.3759135,5.512952,5.399275,1.34981875,5.410338,5.3885749999999994,1.3471437499999999,5.400512
F,1,2,3,104,4,60.660269,23.652435,23.825232,37.007834,15.16506725,5.91310875,9.2519585,10.035152,2.508788,10.195822999999999,8.153171,2.03829275,8.124323,5.464112,1.366028,5.505086
F,1,2,3,105,4,50.552477,16.348053999999998,16.431162999999998,34.204423000000006,12.63811925,4.087013499999999,8.551105750000001,5.534384,1.383596,5.544074,5.439968,1.359992,5.489961,5.373702,1.3434255,5.397128
F,1,2,3,106,4,50.935746,16.311388,16.417316,34.624358,12.7339365,4.077847,8.6560895,5.474542,1.3686355,5.48423,5.3986790000000004,1.3496697500000001,5.410006,5.438167,1.35954175,5.52308
F,1,2,3,107,4,51.927172,16.648853,16.721612,35.278318999999996,12.981793,4.16221325,8.819579749999999,5.765675,1.44141875,5.775136,5.484539,1.37113475,5.495899,5.398638999999999,1.3496597499999998,5.450577000000001
F,1,2,3,108,4,57.978134,23.915885000000003,23.976091,34.062248999999994,14.4945335,5.978971250000001,8.515562249999999,8.460805,2.11520125,8.4651,5.546309,1.38657725,5.590725,9.908771,2.47719275,9.920266000000002
F,1,2,3,109,4,53.628434,16.912288,16.931326,36.716145999999995,13.4071085,4.228072,9.179036499999999,5.924208,1.481052,5.933689,5.5389990000000004,1.3847497500000001,5.571235,5.449081,1.36227025,5.426402
F,1,2,3,110,4,52.748092,16.665352,17.304709,36.08274,13.187023,4.166338,9.020685,5.729257,1.43231425,6.321757,5.488553,1.37213825,5.555211,5.447542,1.3618855,5.427741
F,1,2,3,111,4,60.450127,24.257379,24.289993,36.192748,15.11253175,6.06434475,9.048187,8.712923,2.17823075,8.721877,5.589001,1.39725025,5.601085,9.955455,2.48886375,9.967030999999999
F,1,2,3,112,4,61.457747,24.2253,24.257452999999998,37.23244699999999,15.36443675,6.056325,9.308111749999998,7.101450000000001,1.7753625000000002,7.110620999999999,8.312692,2.078173,8.324483,8.811157999999999,2.2027894999999997,8.822348999999999
F,1,2,3,113,4,65.178874,27.737811,31.290755,37.44106299999999,16.2947185,6.93445275,9.360265749999998,8.514961,2.12874025,8.628726,5.695975,1.42399375,5.726564,13.526875,3.38171875,16.935465
F,1,2,3,114,4,52.608436,17.373447,17.406293,35.234989,13.152109,4.34336175,8.80874725,6.481194,1.6202985,6.4909300000000005,5.47746,1.369365,5.489033,5.4147929999999995,1.3536982499999999,5.42633
F,1,2,3,115,4,56.596111,20.434067999999996,20.525123999999998,36.162043000000004,14.14902775,5.108516999999999,9.040510750000001,5.462751,1.36568775,5.489448,5.403595999999999,1.3508989999999998,5.427716,9.567720999999999,2.3919302499999997,9.607959999999999
F,1,2,3,116,4,52.776065,18.58801,18.620392000000002,34.188055000000006,13.19401625,4.6470025,8.547013750000001,7.7004340000000004,1.9251085000000001,7.709803,5.461638,1.3654095,5.473078,5.425938,1.3564845,5.437511000000001
F,1,2,3,117,4,51.117456,16.227957,16.2613,34.889499,12.779364,4.05698925,8.72237475,5.449551,1.36238775,5.459192,5.414124,1.353531,5.425907,5.364282,1.3410705,5.376201
F,1,2,3,118,4,50.535287,16.204216000000002,16.264905999999996,34.331070999999994,12.63382175,4.051054000000001,8.582767749999999,5.426844,1.356711,5.436623,5.408166,1.3520415,5.447901,5.369206,1.3423015,5.380381999999999
F,1,2,3,119,4,57.352857,23.283164,23.313636000000002,34.069693,14.33821425,5.820791,8.51742325,8.135062000000001,2.0337655000000003,8.14394,5.418514,1.3546285,5.429441,9.729588,2.432397,9.740255000000001
F,4,2,4,0,4,61.480714,28.568219,28.607440000000004,32.912495,15.3701785,7.14205475,8.22812375,9.116982,2.2792455,9.12232,10.784333,2.69608325,10.790768,8.666903999999999,2.1667259999999997,8.694352
F,4,2,4,1,4,78.66505,45.227956,47.950675,33.437093999999995,19.6662625,11.306989,8.359273499999999,14.291104,3.572776,15.027518999999998,13.602237,3.40055925,15.447517999999999,17.334615,4.33365375,17.475638
F,4,2,4,2,4,62.107015,29.526615999999997,29.56709,32.580399,15.52675375,7.381653999999999,8.14509975,9.993349,2.49833725,9.999735999999999,9.816766,2.4541915,9.843696999999999,9.716501,2.42912525,9.723657000000001
F,4,2,4,3,4,78.957152,45.330229,45.354296000000005,33.62692299999999,19.739288,11.33255725,8.406730749999998,13.39092,3.34773,13.397949999999998,13.540417,3.38510425,13.549182000000002,18.398892000000004,4.599723000000001,18.407164
F,4,2,4,4,4,73.297231,41.307828,41.384326,31.989402999999996,18.32430775,10.326957,7.997350749999999,15.824402,3.9561005,15.860966000000001,13.383813,3.34595325,13.391679,12.099613000000002,3.0249032500000004,12.131680999999999
F,4,2,4,5,4,70.923406,38.726422,38.993435,32.196984,17.7308515,9.6816055,8.049246,11.515401,2.87885025,11.534922,16.06092,4.01523,16.240556,11.150101000000001,2.7875252500000003,11.217956999999998
F,4,2,4,6,4,77.691167,43.926868,43.952422,33.764298999999994,19.42279175,10.981717,8.441074749999999,18.981824,4.745456,18.988577999999997,13.939998,3.4849995,13.949777000000001,11.005046,2.7512615,11.014066999999999
F,4,2,4,7,4,80.646262,48.602090000000004,48.649105,32.04417199999999,20.1615655,12.150522500000001,8.011042999999997,11.653627,2.91340675,11.659879,19.464302,4.8660755,19.498618,17.484161,4.37104025,17.490607999999998
F,4,2,4,8,4,85.670104,50.35328,50.801953,35.316824,21.417526,12.58832,8.829206,13.226963,3.30674075,13.26969,16.118395999999997,4.029598999999999,16.206264,21.007921000000003,5.251980250000001,21.325999
F,4,2,4,9,4,94.624203,60.522636000000006,60.602602,34.10156699999999,23.65605075,15.130659000000001,8.525391749999997,24.056484,6.014121,24.097606,17.844186,4.4610465,17.850122,18.621966,4.6554915,18.654874
F,4,2,4,10,4,89.258617,55.842943000000005,56.02200099999999,33.415673999999996,22.31465425,13.960735750000001,8.353918499999999,19.532782,4.8831955,19.537221,20.668422,5.1671055,20.807826,15.641739000000001,3.9104347500000003,15.676953999999999
F,4,2,4,11,4,107.406902,73.098173,73.219262,34.308729,26.8517255,18.27454325,8.57718225,22.863884,5.715971,22.919686,29.282589,7.32064725,29.335349,20.9517,5.237925,20.964227
F,4,2,4,12,4,104.028112,69.530203,69.934375,34.49790899999999,26.007028,17.38255075,8.624477249999998,22.747662,5.6869155,22.773435,29.550064,7.387516,29.791979,17.232477,4.30811925,17.368961
F,4,2,4,13,4,90.952459,56.793186,58.978615000000005,34.159273000000006,22.73811475,14.1982965,8.539818250000001,18.581678999999998,4.645419749999999,18.586821,18.273222,4.5683055,18.470352000000002,19.938285,4.98457125,21.921442
F,4,2,4,14,4,68.210708,36.077212,36.096571,32.133495999999994,17.052677,9.019303,8.033373999999998,11.013107999999999,2.7532769999999998,11.018489,11.915883000000001,2.9789707500000002,11.922991,13.148221,3.28705525,13.155090999999999
F,4,2,4,15,4,62.432518,29.586167000000003,29.607189000000005,32.846351,15.6081295,7.396541750000001,8.21158775,10.088455,2.52211375,10.094456000000001,9.775031,2.44375775,9.782437,9.722681,2.43067025,9.730296000000001
F,4,2,4,16,4,65.958263,33.218873,33.291078999999996,32.73939,16.48956575,8.30471825,8.1848475,11.322273,2.83056825,11.356437,11.086126,2.7715315,11.116066,10.810474000000001,2.7026185000000003,10.818576
F,4,2,4,17,4,75.324608,41.708415,41.79181,33.616192999999996,18.831152,10.42710375,8.404048249999999,12.330732,3.082683,12.337658,12.063785,3.01594625,12.107968999999999,17.313898000000002,4.3284745000000004,17.346183
F,4,2,4,18,4,76.032442,42.134563,42.168105000000004,33.897879,19.0081105,10.53364075,8.47446975,12.738126999999999,3.1845317499999997,12.744481,12.423484,3.105871,12.432549000000002,16.972952,4.243238,16.991075000000002
F,4,2,4,19,4,84.790469,52.971563,53.020945,31.818906,21.19761725,13.24289075,7.9547265,17.280403,4.32010075,17.287185,18.253456,4.563364,18.288138,17.437704,4.359426,17.445622
F,4,2,4,20,4,82.324321,48.055324,48.838874,34.268997,20.58108025,12.013831,8.56724925,13.369721,3.34243025,13.437898,18.152749,4.53818725,18.709051,16.532854,4.1332135,16.691924999999998
F,4,2,4,21,4,75.499136,40.127036999999994,40.504827,35.372099,18.874784,10.031759249999999,8.84302475,13.637589,3.40939725,13.719012,13.378723999999998,3.3446809999999996,13.387928,13.110724,3.277681,13.397886999999999
F,4,2,4,22,4,84.742508,51.296808999999996,51.407255,33.445699000000005,21.185627,12.824202249999999,8.361424750000001,17.968142,4.4920355,18.034205,20.546248,5.136562,20.547837,12.782419,3.19560475,12.825213
F,4,2,4,23,4,92.397238,57.158761,57.533809,35.238477,23.0993095,14.28969025,8.80961925,21.236853,5.30921325,21.449818999999998,17.909837,4.47745925,18.064326,18.012071,4.50301775,18.019664
F,4,2,4,24,4,76.96674,42.698725,42.725858,34.268015,19.241685,10.67468125,8.56700375,17.72446,4.431115,17.731641,12.638794,3.1596985,12.648809,12.335471,3.08386775,12.345407999999999
F,4,2,4,25,4,86.688211,54.590628,54.776718,32.09758299999999,21.67205275,13.647657,8.024395749999998,19.148443,4.78711075,19.155378000000002,15.051399,3.76284975,15.060141,20.390786,5.0976965,20.561199
F,4,2,4,26,4,86.114152,52.690822,54.871708999999996,33.42333000000001,21.528538,13.1727055,8.355832500000002,19.415467999999997,4.853866999999999,19.540391,19.115232,4.778808,19.506664999999998,14.160122,3.5400305,15.824652999999998
F,4,2,4,27,4,106.474445,72.997786,73.082615,33.476659,26.61861125,18.2494465,8.36916475,24.989725000000004,6.247431250000001,25.034193000000002,19.945396,4.986349,19.952651,28.062665,7.01566625,28.095771
F,4,2,4,28,4,92.560466,58.39140400000001,58.472346,34.169062,23.1401165,14.597851000000002,8.5422655,22.363748,5.590937,22.385248999999998,15.232928000000001,3.8082320000000003,15.262591,20.794728000000003,5.198682000000001,20.824506
F,4,2,4,29,4,69.024432,35.32546,35.418124,33.698972000000005,17.256108,8.831365,8.424743000000001,13.159122,3.2897805,13.190635,11.225069000000001,2.8062672500000003,11.256121,10.941269,2.73531725,10.971368
F,4,2,4,30,4,70.743515,37.463392999999996,37.507791,33.280122000000006,17.68587875,9.365848249999999,8.320030500000001,12.951279999999999,3.2378199999999997,12.978989,12.337537,3.08438425,12.346063000000001,12.174576000000002,3.0436440000000005,12.182739
F,4,2,4,31,4,73.196786,39.674752999999995,39.722094,33.52203300000001,18.2991965,9.918688249999999,8.380508250000002,13.632089,3.40802225,13.640059999999998,13.217756999999999,3.3044392499999997,13.247667999999999,12.824907,3.20622675,12.834366
F,4,2,4,32,4,75.278141,42.343156,42.61031199999999,32.934985000000005,18.81953525,10.585789,8.233746250000001,15.152536000000001,3.7881340000000003,15.182474,13.961382,3.4903455,14.094494,13.229237999999999,3.3073094999999997,13.333344
F,4,2,4,33,4,96.048092,61.998004,63.080883,34.050087999999995,24.012023,15.499501,8.512521999999999,18.625166999999998,4.656291749999999,18.632869,24.237059000000002,6.0592647500000005,25.142536,19.135778000000002,4.7839445000000005,19.305478
F,4,2,4,34,4,99.056725,66.697002,67.237675,32.359723,24.76418125,16.6742505,8.08993075,25.455392,6.363848,25.461468000000004,20.538629,5.13465725,20.84033,20.702981,5.17574525,20.935876999999998
F,4,2,4,35,4,101.072212,66.757332,67.243057,34.31487999999999,25.268053,16.689333,8.578719999999997,25.802988,6.450747,25.894500999999998,20.280267000000002,5.0700667500000005,20.484937000000002,20.674077,5.16851925,20.863619
F,4,2,4,36,4,82.854844,49.643496,49.713606,33.211348,20.713711,12.410874,8.302837,13.416877000000001,3.3542192500000003,13.445987,21.553894,5.3884735,21.587781,14.672725,3.66818125,14.679838
F,4,2,4,37,4,76.428134,44.272471,44.320645999999996,32.155663,19.1070335,11.06811775,8.03891575,15.208609000000001,3.8021522500000002,15.214656,14.167749,3.54193725,14.17539,14.896113,3.72402825,14.9306
F,4,2,4,38,4,67.305419,32.334925999999996,32.403083,34.970493000000005,16.82635475,8.083731499999999,8.742623250000001,11.019366,2.7548415,11.071437000000001,10.751444,2.687861,10.7592,10.564116,2.641029,10.572446
F,4,2,4,39,4,78.603575,43.563731000000004,43.670711999999995,35.039844,19.65089375,10.890932750000001,8.759961,19.237684,4.809421,19.274562999999997,12.349702,3.0874255,12.410763,11.976345,2.99408625,11.985386
F,4,2,4,40,4,75.411773,41.951936,42.033401,33.45983699999999,18.85294325,10.487984,8.364959249999998,14.267685,3.56692125,14.303906999999999,14.037475,3.50936875,14.073061999999998,13.646776,3.411694,13.656431999999999
F,4,2,4,41,4,94.604746,61.056822000000004,61.335055,33.547924,23.6511865,15.264205500000001,8.386981,19.73693,4.9342325,19.794491999999998,21.100739000000004,5.275184750000001,21.141511,20.219153,5.05478825,20.399052
F,4,2,4,42,4,86.800763,54.491727,54.511213000000005,32.309036000000006,21.70019075,13.62293175,8.077259000000002,18.721825999999997,4.680456499999999,18.727884,18.366128000000003,4.591532000000001,18.373007,17.403773,4.35094325,17.410322
F,4,2,4,43,4,90.857978,56.594662,56.598019,34.263316,22.7144945,14.1486655,8.565829,17.534093,4.38352325,17.53231,23.181462,5.7953655,23.204862,15.879107000000001,3.9697767500000003,15.860847
F,4,2,4,44,4,93.045828,60.34949099999999,60.42805,32.69633700000001,23.261457,15.087372749999998,8.174084250000002,19.340068,4.835017,19.398568,22.848216999999998,5.7120542499999996,22.830687,18.161206,4.5403015,18.198794999999997
F,4,2,4,45,4,72.09096,38.514609,38.705756,33.576350999999995,18.02274,9.62865225,8.394087749999999,10.378813000000001,2.5947032500000002,10.385856,15.107989,3.77699725,15.284033,13.027807,3.25695175,13.035867000000001
F,4,2,4,46,4,84.947947,47.792407999999995,48.359515,37.155539000000005,21.23698675,11.948101999999999,9.288884750000001,18.906432,4.726608,18.950457999999998,16.343767999999997,4.085941999999999,16.832014,12.542207999999999,3.1355519999999997,12.577043
F,4,2,4,47,4,76.027655,40.473544000000004,40.945921999999996,35.55411099999999,19.00691375,10.118386000000001,8.888527749999998,14.495175,3.62379375,14.560044999999999,12.92087,3.2302175,13.216493,13.057499,3.26437475,13.169384
F,4,2,4,48,4,81.8793,48.487909,48.664440000000006,33.391391,20.469825,12.12197725,8.34784775,18.033401,4.50835025,18.034926000000002,16.530347,4.13258675,16.53807,13.924160999999998,3.4810402499999995,14.091444000000001
F,4,2,4,49,4,89.705456,56.012009000000006,55.95638100000001,33.69344699999999,22.426364,14.003002250000002,8.423361749999998,26.697107000000003,6.674276750000001,26.704092000000003,16.584478999999998,4.1461197499999995,16.51339,12.730423,3.18260575,12.738899
F,4,2,4,50,4,104.373719,70.932944,71.009704,33.44077499999999,26.09342975,17.733236,8.360193749999997,31.044438000000003,7.761109500000001,31.073211999999998,22.506527,5.62663175,22.546941,17.381979,4.34549475,17.389551
F,4,2,4,51,4,65.659926,32.337591,32.360636,33.322334999999995,16.4149815,8.08439775,8.330583749999999,10.990454,2.7476135,10.996804999999998,10.762221,2.69055525,10.770149000000002,10.584916,2.646229,10.593682
F,4,2,4,52,4,73.206661,41.554315,41.634848999999996,31.652345999999994,18.30166525,10.38857875,7.913086499999999,12.217327000000001,3.0543317500000002,12.219529999999999,17.789271,4.44731775,17.859223999999998,11.547716999999999,2.8869292499999997,11.556095000000001
F,4,2,4,53,4,73.769273,39.289314,39.386954,34.479959,18.44231825,9.8223285,8.61998975,13.519272999999998,3.3798182499999996,13.572960000000002,13.014726,3.2536815,13.023764,12.755315000000001,3.1888287500000003,12.790230000000001
F,4,2,4,54,4,81.698875,48.503909,48.502083,33.194966,20.42471875,12.12597725,8.2987415,19.415469,4.85386725,19.423951,12.619389000000002,3.1548472500000004,12.600723,16.469051,4.11726275,16.477409
F,4,2,4,55,4,76.241514,42.607378999999995,42.763239,33.634135,19.0603785,10.651844749999999,8.40853375,18.090173,4.52254325,18.097834,12.4229,3.105725,12.546332,12.094306,3.0235765,12.119073
F,4,2,4,56,4,86.773753,51.74182600000001,51.99565199999999,35.03192699999999,21.69343825,12.935456500000003,8.757981749999997,18.879140000000003,4.719785000000001,18.952379999999998,18.702747000000002,4.675686750000001,18.819792,14.159939,3.53998475,14.223479999999999
F,4,2,4,57,4,92.754042,57.88579300000001,57.977652,34.86824899999999,23.1885105,14.471448250000002,8.717062249999998,23.704961,5.92624025,23.758011999999997,19.488199,4.87204975,19.496759,14.692633,3.67315825,14.722881000000001
F,4,2,4,58,4,74.875249,41.734006,41.848875,33.141242999999996,18.71881225,10.4335015,8.285310749999999,12.469040000000001,3.1172600000000004,12.54486,17.52453,4.3811325,17.532922,11.740436,2.935109,11.771092999999999
F,4,2,4,59,4,86.64765,52.390676,52.61971899999999,34.256974,21.6619125,13.097669,8.5642435,20.32706,5.081765,20.322091,17.494647,4.37366175,17.542852999999997,14.568969,3.64224225,14.754774999999999
F,4,2,4,60,4,89.64476,56.82379,56.851116000000005,32.82097,22.41119,14.2059475,8.2052425,19.298090000000002,4.8245225000000005,19.300363,17.521834000000002,4.3804585000000005,17.537199,20.003866,5.0009665,20.013554
F,4,2,4,61,4,80.307391,47.133593999999995,47.333436,33.173797,20.07684775,11.783398499999999,8.29344925,18.443793,4.61094825,18.626733,16.639377,4.15984425,16.647802,12.050424,3.012606,12.058901
F,4,2,4,62,4,99.992995,66.96877,73.91550799999999,33.02422499999999,24.99824875,16.7421925,8.256056249999997,24.988124,6.247031,29.294742999999997,28.032747,7.00818675,29.278242999999996,13.947899,3.48697475,15.342522
F,4,2,4,63,4,86.350201,53.343947,53.46074399999999,33.006254,21.58755025,13.33598675,8.2515635,18.311264,4.577816,18.413453999999998,15.461953,3.86548825,15.469299,19.570729999999998,4.892682499999999,19.577991
F,4,2,4,64,4,67.773059,34.078973,34.145309,33.694086000000006,16.94326475,8.51974325,8.423521500000001,11.770981,2.94274525,11.776594,11.297284,2.824321,11.314224,11.010708,2.752677,11.054490999999999
F,4,2,4,65,4,72.259777,37.819430999999994,37.928647,34.440346000000005,18.06494425,9.454857749999999,8.610086500000001,12.957605,3.23940125,12.999241999999999,12.594432,3.148608,12.603978000000001,12.267394,3.0668485,12.325427000000001
F,4,2,4,66,4,73.524559,39.36403,39.390328,34.160529,18.38113975,9.8410075,8.54013225,13.36379,3.3409475,13.372007,13.155831,3.28895775,13.165077,12.844408999999999,3.2111022499999997,12.853244
F,4,2,4,67,4,86.183757,53.501678999999996,53.595449,32.682078000000004,21.54593925,13.375419749999999,8.170519500000001,19.612368,4.903092,19.669163,15.131453999999998,3.7828634999999995,15.159590999999999,18.757857,4.68946425,18.766695
F,4,2,4,68,4,93.180409,58.784752000000005,58.924478,34.39565699999999,23.29510225,14.696188000000001,8.598914249999998,19.876356,4.969089,19.934911999999997,19.277967,4.81949175,19.307697,19.630429,4.90760725,19.681869
F,4,2,4,69,4,91.752294,58.825899,58.995743999999995,32.92639500000001,22.9380735,14.70647475,8.231598750000002,15.870276,3.967569,15.876346999999999,20.915409999999998,5.2288524999999995,20.916533,22.040213,5.51005325,22.202863999999998
F,4,2,4,70,4,70.172104,35.44095,35.507807,34.731154000000004,17.543026,8.8602375,8.682788500000001,11.539281,2.88482025,11.547611,10.670352000000001,2.6675880000000003,10.681491000000001,13.231316999999999,3.3078292499999997,13.278705000000002
F,4,2,4,71,4,100.169395,68.05302,68.22101699999999,32.11637499999999,25.04234875,17.013255,8.029093749999998,18.397146,4.5992865,18.446884,28.822777,7.20569425,28.892867,20.833097000000002,5.2082742500000005,20.881265999999997
F,4,2,4,72,4,63.392105,31.05283,31.075681000000003,32.339275,15.84802625,7.7632075,8.08481875,10.387204,2.596801,10.393930000000001,10.457338,2.6143345,10.465222,10.208288,2.552072,10.216529000000001
F,4,2,4,73,4,82.343339,48.932254,49.552526,33.411085,20.58583475,12.2330635,8.35277125,11.777985999999999,2.9444964999999996,12.227941,24.280191000000002,6.0700477500000005,24.287174,12.874077,3.21851925,13.037411
F,4,2,4,74,4,82.834065,49.598834,51.886669,33.235231,20.70851625,12.3997085,8.30880775,15.754386,3.9385965,16.191527,12.988311,3.24707775,13.359295,20.856137,5.21403425,22.335847
F,4,2,4,75,4,94.228879,60.491378,60.588791,33.73750100000001,23.55721975,15.1228445,8.434375250000002,23.257910000000003,5.814477500000001,23.308980000000002,22.703553,5.67588825,22.72657,14.529914999999999,3.6324787499999998,14.553241
F,4,2,4,76,4,73.499332,40.719521,41.111556,32.779810999999995,18.374833,10.17988025,8.194952749999999,11.285578,2.8213945,11.292755000000001,15.884056999999999,3.9710142499999996,15.910884,13.549886,3.3874715,13.907917
F,4,2,4,77,4,74.821506,40.699082000000004,40.94021,34.122423999999995,18.7053765,10.174770500000001,8.530605999999999,11.675617,2.91890425,11.682507999999999,15.688859,3.92221475,15.806767,13.334605999999999,3.3336514999999998,13.450935000000001
F,4,2,4,78,4,95.008328,61.34447,61.340543,33.663858000000005,23.752082,15.3361175,8.415964500000001,21.673629000000002,5.4184072500000005,21.680274,16.968233,4.24205825,16.950619,22.702607999999998,5.6756519999999995,22.70965
F,4,2,4,79,4,76.00123,41.754923,41.794221,34.24630700000001,19.0003075,10.43873075,8.561576750000002,13.295653,3.32391325,13.301638,16.11257,4.0281425,16.138591,12.3467,3.086675,12.353992
F,4,2,4,80,4,89.150915,56.07868800000001,56.216581,33.07222699999999,22.28772875,14.019672000000002,8.268056749999998,20.164556,5.041139,20.213469999999997,16.776589,4.19414725,16.844056,19.137543,4.78438575,19.159055000000002
F,4,2,4,81,4,74.143129,39.777817,39.836940999999996,34.365312,18.53578225,9.94445425,8.591328,10.916848,2.729212,10.966764,14.706894,3.6767235,14.71517,14.154075000000002,3.5385187500000006,14.155007000000001
F,4,2,4,82,4,77.502403,43.911294,43.958313000000004,33.591109,19.37560075,10.9778235,8.39777725,13.061212,3.265303,13.068646,15.854021,3.96350525,15.884942000000002,14.996061,3.74901525,15.004725
F,4,2,4,83,4,99.505927,65.427784,65.487101,34.078143,24.87648175,16.356946,8.51953575,19.962453999999997,4.990613499999999,20.012397,21.66373,5.4159325,21.666575,23.8016,5.9504,23.808129
F,4,2,4,84,4,92.214302,59.119821,59.367249,33.094481,23.0535755,14.77995525,8.27362025,16.11057,4.0276425,16.116959,19.386168,4.846542,19.508979,23.623083,5.90577075,23.741311
F,4,2,4,85,4,76.522751,43.378947,43.425878,33.143804,19.13068775,10.84473675,8.285951,12.177502,3.0443755,12.184076000000001,16.779434,4.1948585,16.78657,14.422010999999998,3.6055027499999994,14.455231999999999
F,4,2,4,86,4,92.23173,58.218513,60.588823,34.013217,23.0579325,14.55462825,8.50330425,25.323118,6.3307795,26.804137,15.417794,3.8544485,15.579003,17.477601,4.36940025,18.205683
F,4,2,4,87,4,79.112472,45.811904,46.198149,33.300568,19.778118,11.452976,8.325142,11.586213,2.89655325,11.593015,11.915549,2.97888725,11.940577,22.310142,5.5775355,22.664557
F,4,2,4,88,4,76.710533,44.298159999999996,44.402885,32.412373,19.17763325,11.074539999999999,8.10309325,13.079768,3.269942,13.085374999999999,17.521559,4.38038975,17.560882,13.696833000000002,3.4242082500000004,13.756628
F,4,2,4,89,4,84.743982,51.429078000000004,51.663173,33.314904,21.1859955,12.857269500000001,8.328726,16.78662,4.196655,16.956786,17.273239,4.31830975,17.330251999999998,17.369219,4.34230475,17.376135
F,4,2,4,90,4,78.557801,44.327292,44.36704,34.230509,19.63945025,11.081823,8.55762725,12.857519,3.21437975,12.864270000000001,14.579023,3.64475575,14.60452,16.89075,4.2226875,16.89825
F,4,2,4,91,4,83.716763,50.027297000000004,50.07518,33.689465999999996,20.92919075,12.506824250000001,8.422366499999999,16.923876,4.230969,16.96933,15.116528,3.779132,15.142071999999999,17.986893,4.49672325,17.963778
F,4,2,4,92,4,85.480562,51.816002999999995,52.026304,33.66455900000001,21.3701405,12.954000749999999,8.416139750000003,13.552354000000001,3.3880885000000003,13.647936000000001,19.046232,4.761558,19.053947,19.217417,4.80435425,19.324421
F,4,2,4,93,4,78.807341,46.853703,46.953171999999995,31.95363799999999,19.70183525,11.71342575,7.988409499999998,15.613876000000001,3.9034690000000003,15.665456,17.449433,4.36235825,17.470326,13.790394,3.4475985,13.81739
F,4,2,4,94,4,101.069485,65.360919,65.580072,35.708566000000005,25.26737125,16.34022975,8.927141500000001,20.882167,5.22054175,21.094729,24.89445,6.2236125,24.876273,19.584302,4.8960755,19.60907
F,4,2,4,95,4,74.658552,38.602461000000005,38.696628000000004,36.056090999999995,18.664638,9.650615250000001,9.014022749999999,10.936311,2.73407775,10.94266,15.18618,3.796545,15.212759,12.479970000000002,3.1199925000000004,12.541208999999998
F,4,2,4,96,4,94.533671,60.87686099999999,60.91151000000001,33.65681000000001,23.63341775,15.219215249999998,8.414202500000002,19.245285,4.81132125,19.251432,24.707803,6.17695075,24.730701000000003,16.923773,4.23094325,16.929377
F,4,2,4,97,4,91.720129,57.87124,57.859034,33.848889,22.93003225,14.46781,8.46222225,15.061768999999998,3.7654422499999995,15.06896,25.266654,6.3166635,25.240748,17.542817,4.38570425,17.549326
F,4,2,4,98,4,71.845242,39.98219999999999,40.944985,31.863042000000007,17.9613105,9.995549999999998,7.965760500000002,13.612993999999999,3.4032484999999997,14.518611,13.304464,3.326116,13.312734,13.064741999999999,3.2661854999999997,13.11364
F,4,2,4,99,4,69.322591,35.672365,36.44791,33.650226,17.33064775,8.91809125,8.4125565,11.373879999999998,2.8434699999999995,11.86914,11.218554000000001,2.8046385000000003,11.269293,13.079931000000002,3.2699827500000005,13.309477
F,4,2,4,100,4,71.705375,38.303019,38.413945999999996,33.402356000000005,17.92634375,9.57575475,8.350589000000001,14.764465999999999,3.6911164999999997,14.764962999999998,11.875862999999999,2.9689657499999997,11.977996,11.66269,2.9156725,11.670987
F,4,2,4,101,4,82.316606,48.621933000000006,48.665442,33.69467299999999,20.5791515,12.155483250000001,8.423668249999997,12.895178000000001,3.2237945000000003,12.913909999999998,20.032059,5.00801475,20.048136,15.694695999999999,3.9236739999999997,15.703396000000001
F,4,2,4,102,4,85.376027,51.929434,51.981784,33.44659299999999,21.34400675,12.9823585,8.361648249999998,16.607186,4.1517965,16.631462,19.128363,4.78209075,19.135302,16.193884999999998,4.0484712499999995,16.215020000000003
F,4,2,4,103,4,87.888947,53.807874000000005,53.906670999999996,34.081072999999996,21.97223675,13.451968500000001,8.520268249999999,17.76545,4.4413625,17.828311,16.876124,4.219031,16.897658999999997,19.1663,4.791575,19.180701
F,4,2,4,104,4,89.408992,56.624291,57.013594000000005,32.784701,22.352248,14.15607275,8.19617525,18.877751,4.71943775,19.031203,17.395125,4.34878125,17.412892,20.351415,5.08785375,20.569499
F,4,2,4,105,4,75.697712,41.115649,41.200914999999995,34.582063,18.924428,10.27891225,8.64551575,11.390896999999999,2.8477242499999997,11.39877,13.544538,3.3861345,13.614412999999999,16.180214,4.0450535,16.187732
F,4,2,4,106,4,92.072373,59.133796,59.201753,32.938577,23.01809325,14.783449,8.23464425,20.555761,5.13894025,20.562036,18.774617,4.69365425,18.798056000000003,19.803418,4.9508545,19.841661
F,4,2,4,107,4,80.669524,46.670561,46.731221999999995,33.998962999999996,20.167381,11.66764025,8.499740749999999,14.821853,3.70546325,14.828959,17.119943,4.27998575,17.164679999999997,14.728765000000001,3.6821912500000002,14.737583
F,4,2,4,108,4,91.24179,58.784224,58.836826,32.45756599999999,22.8104475,14.696056,8.114391499999998,18.946164000000003,4.736541000000001,18.881287999999998,27.750848,6.937712,27.860508000000003,12.087212000000001,3.0218030000000002,12.095030000000001
F,4,2,4,109,4,87.991214,54.949727,54.96677699999999,33.041487,21.9978035,13.73743175,8.26037175,16.869257,4.21731425,16.875839,24.677679,6.16941975,24.684576999999997,13.402791,3.35069775,13.406361
F,4,2,4,110,4,71.67214,37.957567000000004,39.683682,33.714572999999994,17.918035,9.489391750000001,8.428643249999999,11.277362,2.8193405,11.366589,13.974644000000001,3.4936610000000003,15.429783,12.705561000000001,3.1763902500000003,12.88731
F,4,2,4,111,4,73.18998,39.308688000000004,39.47371,33.881292,18.297495,9.827172000000001,8.470323,13.532804,3.383201,13.594502,13.026038999999999,3.2565097499999998,13.120253,12.749845,3.18746125,12.758955
F,4,2,4,112,4,85.155703,51.044343,51.066595,34.111360000000005,21.28892575,12.76108575,8.527840000000001,14.20448,3.55112,14.207899,16.220762999999998,4.0551907499999995,16.230175,20.619100000000003,5.154775000000001,20.628521
F,4,2,4,113,4,87.877433,54.792125,54.866889,33.085308,21.96935825,13.69803125,8.271327,23.003448,5.750862,23.059528,16.25651,4.0641275,16.266134,15.532166999999998,3.8830417499999994,15.541227000000001
F,4,2,4,114,4,103.678114,69.216149,69.343853,34.46196499999999,25.9195285,17.30403725,8.615491249999998,22.393292000000002,5.598323000000001,22.399243999999996,26.609001000000003,6.652250250000001,26.723672,20.213856,5.053464,20.220937
F,4,2,4,115,4,99.109265,64.90674,65.05420699999999,34.202524999999994,24.77731625,16.226685,8.550631249999999,22.347995,5.58699875,22.355306,22.495407999999998,5.623851999999999,22.521575,20.063337,5.01583425,20.177325999999997
F,4,2,4,116,4,92.425376,58.358104,58.556721,34.067272,23.106344,14.589526,8.516818,16.981662999999998,4.245415749999999,17.008181,21.364190999999998,5.3410477499999995,21.510094,20.01225,5.0030625,20.038446
F,4,2,4,117,4,84.075097,51.108185,51.124922,32.966912,21.01877425,12.77704625,8.241728,19.08395,4.7709875,19.089934,18.109337,4.52733425,18.116887,13.914897999999999,3.4787244999999998,13.918101
F,4,2,4,118,4,99.446634,66.001276,66.058227,33.445358,24.8616585,16.500319,8.3613395,22.422141999999997,5.605535499999999,22.440443000000002,28.002074,7.0005185,28.032725,15.57706,3.894265,15.585059000000001
F,4,2,4,119,4,90.322338,56.944407999999996,57.030942,33.377930000000006,22.5805845,14.236101999999999,8.344482500000002,21.343877,5.33596925,21.328067,19.31575,4.8289375,19.386623999999998,16.284781,4.07119525,16.316251
F,16,2,5,0,4,225.626523,192.03392,192.78463,33.592603,56.40663075,48.00848,8.39815075,61.182783,15.29569575,61.218703999999995,68.079288,17.019822,68.629214,62.771849,15.69296225,62.93671200000001
F,16,2,5,1,4,204.073341,171.15438999999998,171.237628,32.91895100000002,51.01833525,42.788597499999995,8.229737750000005,63.051064999999994,15.762766249999999,63.093986,54.353476,13.588369,54.384942,53.749849,13.43746225,53.7587
F,16,2,5,2,4,177.779184,143.18359299999997,143.34294599999998,34.59559100000001,44.444796,35.79589824999999,8.648897750000003,38.906095,9.72652375,38.958209,60.90044499999999,15.225111249999998,60.940445999999994,43.377053,10.84426325,43.444291
F,16,2,5,3,4,227.038637,193.03112599999997,193.32552699999997,34.00751100000002,56.75965925,48.25778149999999,8.501877750000006,50.796415,12.69910375,50.869991999999996,78.279293,19.56982325,78.344284,63.955417999999995,15.988854499999999,64.111251
F,16,2,5,4,4,181.86563,149.582974,150.094346,32.282656,45.4664075,37.3957435,8.070664,43.402624,10.850656,43.840345,46.246171,11.56154275,46.287115,59.934179,14.98354475,59.966886
F,16,2,5,5,4,221.707482,188.30720299999996,189.05822700000002,33.40027900000004,55.4268705,47.07680074999999,8.35006975000001,69.63852899999999,17.409632249999998,70.12117699999999,66.656575,16.66414375,66.69436,52.01209899999999,13.003024749999998,52.24269
F,16,2,5,6,4,203.536791,168.307568,168.519694,35.22922299999999,50.88419775,42.076892,8.807305749999998,54.568764,13.642191,54.589526,59.46148899999999,14.865372249999998,59.648545,54.277315,13.56932875,54.281622999999996
F,16,2,5,7,4,239.319241,206.71572700000002,206.93388999999996,32.60351399999999,59.82981025,51.678931750000004,8.150878499999997,68.415762,17.1039405,68.491593,66.38104799999999,16.595261999999998,66.502298,71.91891700000001,17.979729250000002,71.93999899999999
F,16,2,5,8,4,223.357715,189.15592600000002,189.42994,34.20178899999999,55.83942875,47.288981500000006,8.550447249999998,68.755424,17.188856,68.757358,66.474489,16.61862225,66.533846,53.926013,13.48150325,54.138736
F,16,2,5,9,4,232.217535,195.755413,196.83149400000002,36.462121999999994,58.05438375,48.93885325,9.115530499999998,63.26616200000001,15.816540500000002,63.469677000000004,62.418099999999995,15.604524999999999,62.577319,70.071151,17.51778775,70.784498
F,16,2,5,10,4,271.879455,236.77102899999997,239.002039,35.10842600000004,67.96986375,59.19275724999999,8.77710650000001,89.80129499999998,22.450323749999995,90.37201999999999,66.974977,16.74374425,68.527916,79.99475699999999,19.998689249999998,80.102103
F,16,2,5,11,4,268.639166,234.95272,235.216283,33.68644599999999,67.1597915,58.73818,8.421611499999997,82.131283,20.53282075,82.182681,81.581874,20.3954685,81.663308,71.23956299999999,17.809890749999997,71.370294
F,16,2,5,12,4,411.067601,212.397022,212.61597,198.67057900000003,102.76690025,53.0992555,49.66764475000001,63.503274000000005,15.875818500000001,63.565669,71.146112,17.786528,71.226608,77.747636,19.436909,77.823693
F,16,2,5,13,4,231.730409,198.44254,200.61836699999998,33.287869,57.93260225,49.610635,8.32196725,65.489845,16.37246125,67.361417,61.767149999999994,15.441787499999998,61.84555600000001,71.185545,17.79638625,71.41139399999999
F,16,2,5,14,4,237.567818,204.28000500000002,205.13484900000003,33.28781299999997,59.3919545,51.070001250000004,8.321953249999993,69.958634,17.4896585,70.520921,58.134924999999996,14.533731249999999,58.320629000000004,76.186446,19.0466115,76.293299
F,16,2,5,15,4,240.149973,205.124742,205.57960400000002,35.02523099999999,60.03749325,51.2811855,8.756307749999998,64.505601,16.12640025,64.557972,70.812763,17.70319075,71.12299,69.806378,17.4515945,69.898642
F,16,2,5,16,4,225.316684,192.363454,192.506682,32.95323000000002,56.329171,48.0908635,8.238307500000005,69.188576,17.297144,69.22837200000001,69.970002,17.4925005,69.998859,53.204876000000006,13.301219000000001,53.279450999999995
F,16,2,5,17,4,245.282863,208.82676700000002,210.34111000000001,36.456095999999974,61.32071575,52.206691750000005,9.114023999999993,74.090778,18.5226945,74.148168,74.481806,18.6204515,75.799454,60.254183,15.06354575,60.393488000000005
F,16,2,5,18,4,229.375171,196.272485,197.50787100000002,33.102686000000006,57.34379275,49.06812125,8.275671500000001,73.026468,18.256617,73.35951800000001,54.939944,13.734986,54.966451,68.306073,17.07651825,69.181902
F,16,2,5,19,4,200.586008,165.168414,165.62737299999998,35.41759399999998,50.146502,41.2921035,8.854398499999995,66.104161,16.52604025,66.234178,50.784952,12.696238,50.879938,48.279301,12.06982525,48.513256999999996
F,16,2,5,20,4,212.235485,178.835972,179.23762299999999,33.39951300000001,53.05887125,44.708993,8.349878250000003,68.056697,17.01417425,68.058235,50.821890999999994,12.705472749999998,51.13014999999999,59.957384000000005,14.989346000000001,60.049238
F,16,2,5,21,4,224.648138,189.960562,190.15689700000001,34.68757599999998,56.1620345,47.4901405,8.671893999999995,65.63251600000001,16.408129000000002,65.706394,56.476936,14.119234,56.58845,67.85111,16.9627775,67.862053
F,16,2,5,22,4,178.53623,143.46920699999998,145.072466,35.067023000000006,44.6340575,35.867301749999996,8.766755750000002,53.909150999999994,13.477287749999999,54.497614,48.207496,12.051874,49.120816999999995,41.35256,10.33814,41.454035
F,16,2,5,23,4,163.837819,129.542556,130.458988,34.295263000000006,40.95945475,32.385639,8.573815750000001,39.597899,9.89947475,40.213075,44.077841,11.01946025,44.26613999999999,45.86681600000001,11.466704000000002,45.979773
F,16,2,5,24,4,241.677301,208.02653600000002,208.42258700000002,33.65076499999998,60.41932525,52.006634000000005,8.412691249999995,64.485511,16.12137775,64.513393,83.44502100000001,20.861255250000003,83.45386500000001,60.096004,15.024001,60.455329
F,16,2,5,25,4,242.198509,209.17280499999998,209.28938499999998,33.02570400000002,60.54962725,52.293201249999996,8.256426000000005,70.831277,17.70781925,70.942735,81.074231,20.26855775,81.04757699999999,57.267297,14.31682425,57.299073
F,16,2,5,26,4,246.052356,207.51194799999996,207.922474,38.54040800000004,61.513089,51.87798699999999,9.63510200000001,67.735312,16.933828,67.831595,77.05191699999999,19.262979249999997,77.23066600000001,62.72471900000001,15.681179750000002,62.860212999999995
F,16,2,5,27,4,273.106952,231.550734,233.118274,41.55621799999997,68.276738,57.8876835,10.389054499999993,76.52024899999999,19.130062249999998,77.619657,83.678353,20.91958825,83.8541,71.35213200000001,17.838033000000003,71.64451700000001
F,16,2,5,28,4,220.12372,186.11746799999997,187.240422,34.00625200000002,55.03093,46.52936699999999,8.501563000000004,67.520124,16.880031,67.80690299999999,51.827943,12.95698575,51.75641,66.769401,16.69235025,67.677109
F,16,2,5,29,4,217.086536,184.110356,184.139007,32.97618,54.271634,46.027589,8.244045,57.544727,14.38618175,57.540831,63.243123999999995,15.810780999999999,63.274043999999996,63.322505,15.83062625,63.324132000000006
F,16,2,5,30,4,248.280909,214.41572200000002,214.634637,33.86518699999999,62.07022725,53.603930500000004,8.466296749999998,66.050555,16.51263875,66.09712999999999,73.591096,18.397774,73.672463,74.774071,18.69351775,74.865044
F,16,2,5,31,4,247.109569,213.817637,215.330713,33.291932,61.77739225,53.45440925,8.322983,78.161466,19.5403665,78.318017,72.147114,18.0367785,73.315088,63.509057,15.87726425,63.697608
F,16,2,5,32,4,133.102829,99.682522,99.994022,33.42030700000001,33.27570725,24.9206305,8.355076750000002,35.116822,8.7792055,35.209995,32.244161,8.06104025,32.252789,32.321539,8.08038475,32.531238
F,16,2,5,33,4,132.059118,98.72169500000001,99.941264,33.337423,33.0147795,24.680423750000003,8.33435575,33.619834000000004,8.404958500000001,34.131433,32.642611,8.16065275,32.793713,32.45925,8.1148125,33.016118000000006
F,16,2,5,34,4,247.663412,210.25246000000004,211.65106200000002,37.41095199999995,61.915853,52.56311500000001,9.352737999999988,69.928244,17.482061,70.044333,79.347524,19.836881,79.586564,60.976692,15.244173,62.020165000000006
F,16,2,5,35,4,269.643266,236.64532499999999,236.882647,32.997941,67.4108165,59.161331249999996,8.24948525,72.260684,18.065171,72.361526,84.87515099999999,21.218787749999997,84.95891499999999,79.50949,19.8773725,79.562206
F,16,2,5,36,4,230.489467,196.722749,198.180386,33.766718,57.62236675,49.18068725,8.4416795,74.272736,18.568184,74.734739,62.177518,15.5443795,63.09646299999999,60.272495,15.06812375,60.349184
F,16,2,5,37,4,217.895722,182.691157,182.841005,35.204565,54.4739305,45.67278925,8.80114125,65.843439,16.46085975,65.955033,52.528084,13.132021,52.5399,64.31963400000001,16.079908500000002,64.34607199999999
F,16,2,5,38,4,199.233074,165.60963299999997,166.250365,33.623441000000014,49.8082685,41.40240824999999,8.405860250000003,42.854329,10.71358225,42.936474,62.38526099999999,15.596315249999998,62.431374,60.370042999999995,15.092510749999999,60.88251700000001
F,16,2,5,39,4,234.594781,202.43061899999998,202.85584599999999,32.16416200000003,58.64869525,50.607654749999995,8.041040500000008,73.176517,18.29412925,73.354679,66.73652,16.68413,66.910688,62.51758199999999,15.629395499999998,62.590479
F,16,2,5,40,4,228.15021,195.242207,197.077152,32.90800299999998,57.0375525,48.81055175,8.227000749999995,66.458817,16.61470425,66.611647,63.940574000000005,15.985143500000001,64.354431,64.842816,16.210704,66.111074
F,16,2,5,41,4,219.666084,189.820871,190.09121,29.845213,54.916521,47.45521775,7.46130325,51.093286000000006,12.773321500000002,51.10990700000001,69.25302099999999,17.313255249999997,69.45033099999999,69.474564,17.368641,69.53097199999999
F,16,2,5,42,4,218.312079,184.75786200000002,184.89169499999997,33.554216999999994,54.57801975,46.189465500000004,8.388554249999999,69.981992,17.495498,70.026493,60.358005000000006,15.089501250000001,60.415493,54.417865000000006,13.604466250000002,54.449709
F,16,2,5,43,4,262.151361,227.975278,228.92605300000002,34.176083000000006,65.53784025,56.9938195,8.544020750000001,77.917055,19.47926375,78.215174,77.605239,19.40130975,78.203793,72.452984,18.113246,72.507086
F,16,2,5,44,4,192.618668,159.596799,159.73665,33.02186900000001,48.154667,39.89919975,8.255467250000002,54.604331,13.65108275,54.607403000000005,50.638334,12.6595835,50.695902000000004,54.354134,13.5885335,54.433345
F,16,2,5,45,4,221.661582,187.17561999999998,188.754211,34.48596200000003,55.4153955,46.793904999999995,8.621490500000007,66.87472,16.71868,67.544308,59.975668999999996,14.993917249999999,60.80705499999999,60.325230999999995,15.081307749999999,60.402848000000006
F,16,2,5,46,4,221.903778,189.936055,190.151281,31.967722999999978,55.4759445,47.48401375,7.9919307499999945,60.384455,15.09611375,60.43077400000001,67.734342,16.9335855,67.883408,61.817257999999995,15.454314499999999,61.837098999999995
F,16,2,5,47,4,260.783708,227.681597,228.446412,33.10211099999998,65.195927,56.92039925,8.275527749999995,77.59055000000001,19.397637500000002,77.83588900000001,74.040808,18.510202,74.112027,76.05023899999999,19.012559749999998,76.498496
F,16,2,5,48,4,198.806868,166.30916100000002,167.47367300000002,32.49770699999999,49.701717,41.577290250000004,8.124426749999998,56.17412,14.04353,56.376044,44.799256,11.199814,45.348883,65.335785,16.33394625,65.748746
F,16,2,5,49,4,239.456707,204.632654,207.95119400000002,34.82405299999999,59.86417675,51.1581635,8.706013249999998,74.112164,18.528041,74.839705,59.592363,14.89809075,62.051185000000004,70.928127,17.73203175,71.060304
F,16,2,5,50,4,190.121182,157.399684,157.512732,32.721498,47.5302955,39.349921,8.1803745,54.063282,13.5158205,54.12150200000001,59.88838,14.972095,59.925012,43.448022,10.8620055,43.466218
F,16,2,5,51,4,133.729754,98.57493399999998,98.632565,35.15482000000003,33.4324385,24.643733499999996,8.788705000000007,34.489249,8.62231225,34.521977,32.114343,8.02858575,32.16199,31.971342,7.9928355,31.948598
F,16,2,5,52,4,224.762849,190.09747900000002,190.373585,34.66536999999997,56.19071225,47.524369750000005,8.666342499999992,72.293396,18.073349,72.361365,60.778985999999996,15.194746499999999,60.842769000000004,57.025097,14.25627425,57.169450999999995
F,16,2,5,53,4,242.832369,209.225844,209.943964,33.606525000000005,60.70809225,52.306461,8.401631250000001,73.602098,18.4005245,73.630517,77.863839,19.46595975,78.494292,57.759907,14.43997675,57.819154999999995
F,16,2,5,54,4,145.427215,112.76455999999999,114.14282299999999,32.662655,36.35680375,28.191139999999997,8.16566375,34.750777,8.68769425,35.614483,32.320868,8.080217,32.327631,45.692915000000006,11.423228750000002,46.200708999999996
F,16,2,5,55,4,272.13404,238.468982,239.14707399999998,33.665058000000016,68.03351,59.6172455,8.416264500000004,73.29535,18.3238375,73.785972,81.899305,20.47482625,82.05979099999999,83.274327,20.81858175,83.301311
F,16,2,5,56,4,251.296285,217.678461,218.34064700000002,33.61782400000001,62.82407125,54.41961525,8.404456000000003,74.96534700000001,18.741336750000002,75.21261200000001,76.738815,19.18470375,76.973076,65.974299,16.49357475,66.15495899999999
F,16,2,5,57,4,197.796097,164.143893,164.27831500000002,33.65220400000001,49.44902425,41.03597325,8.413051000000003,64.759186,16.1897965,64.844323,47.539534,11.8848835,47.594480000000004,51.845172999999996,12.961293249999999,51.839512
F,16,2,5,58,4,221.097948,187.115592,188.234439,33.98235600000001,55.274487,46.778898,8.495589000000002,75.088483,18.77212075,75.088339,57.572173,14.39304325,58.19281900000001,54.454936000000004,13.613734000000001,54.953281
F,16,2,5,59,4,252.177849,215.446616,216.89117299999998,36.731233,63.04446225,53.861654,9.18280825,81.92123000000001,20.480307500000002,83.19324099999999,68.806332,17.201583,68.86125899999999,64.719054,16.1797635,64.836673
F,16,2,5,60,4,225.894098,192.160255,192.397913,33.73384300000001,56.4735245,48.04006375,8.433460750000002,56.29082,14.072705,56.322443,76.145172,19.036293,76.29156599999999,59.72426299999999,14.931065749999998,59.78390400000001
F,16,2,5,61,4,179.450875,144.07342500000001,144.28429,35.37744999999998,44.86271875,36.018356250000004,8.844362499999995,42.491333,10.62283325,42.540897,63.084325,15.77108125,63.168618,38.497767,9.62444175,38.574775
F,16,2,5,62,4,204.890713,169.62788999999998,170.128718,35.262823000000026,51.22267825,42.406972499999995,8.815705750000006,55.905135,13.97628375,56.127695,59.81687099999999,14.954217749999998,60.065236,53.905884,13.476471,53.935787000000005
F,16,2,5,63,4,191.306154,157.271818,159.280777,34.034335999999996,47.8265385,39.3179545,8.508583999999999,54.426471,13.60661775,54.485479999999995,57.307997,14.32699925,58.680874,45.53735,11.3843375,46.114423
F,16,2,5,64,4,247.666101,214.36180099999999,215.388206,33.30430000000001,61.91652525,53.590450249999996,8.326075000000003,60.711608999999996,15.177902249999999,60.791754999999995,85.49942200000001,21.374855500000002,85.680082,68.15077,17.0376925,68.916369
F,16,2,5,65,4,253.755641,219.482032,219.72727799999998,34.27360899999999,63.43891025,54.870508,8.568402249999998,76.73575199999999,19.183937999999998,76.763775,77.84297000000001,19.460742500000002,77.912446,64.90331,16.2258275,65.05105699999999
F,16,2,5,66,4,253.30979,219.625196,219.906385,33.684594000000004,63.3274475,54.906299,8.421148500000001,62.091935,15.52298375,62.175809,81.884089,20.47102225,82.038662,75.649172,18.912293,75.69191400000001
F,16,2,5,67,4,241.123665,206.99327200000002,208.345162,34.13039299999997,60.28091625,51.748318000000005,8.532598249999992,78.696078,19.6740195,78.775368,72.963253,18.24081325,73.448251,55.333941,13.83348525,56.121543
F,16,2,5,68,4,226.685483,191.91542399999997,192.900395,34.77005900000003,56.67137075,47.97885599999999,8.692514750000008,71.718154,17.9295385,72.086013,62.122045,15.53051125,62.196778,58.075225,14.51880625,58.617604
F,16,2,5,69,4,175.366146,140.334739,140.623271,35.03140699999997,43.8415365,35.08368475,8.757851749999993,50.107876000000005,12.526969000000001,50.176460999999996,45.735967,11.43399175,45.916802000000004,44.490896,11.122724,44.530007999999995
F,16,2,5,70,4,232.499306,199.085312,199.223625,33.413994,58.1248265,49.771328,8.3534985,56.15155600000001,14.037889000000002,56.197083,89.49086299999999,22.372715749999998,89.58012500000001,53.442893,13.36072325,53.446417
F,16,2,5,71,4,229.633988,196.07554399999998,196.344564,33.55844400000001,57.408497,49.018885999999995,8.389611000000002,65.889371,16.47234275,65.959789,69.66633,17.4165825,69.865681,60.519842999999995,15.129960749999999,60.519094
F,16,2,5,72,4,183.708387,150.927478,152.900855,32.78090899999998,45.92709675,37.7318695,8.195227249999995,50.273523000000004,12.568380750000001,51.807765,49.88335,12.4708375,49.998101,50.770605,12.69265125,51.094989000000005
F,16,2,5,73,4,221.871118,188.095528,189.042684,33.775589999999994,55.4677795,47.023882,8.443897499999999,63.63782,15.909455,63.849759999999996,58.02715500000001,14.506788750000002,58.710451,66.430553,16.60763825,66.482473
F,16,2,5,74,4,131.689586,98.384514,98.44814099999999,33.305071999999996,32.9223965,24.5961285,8.326267999999999,34.006398000000004,8.501599500000001,33.99674,32.246308,8.061577,32.289581999999996,32.131808,8.032952,32.161819
F,16,2,5,75,4,218.547021,185.047071,185.197965,33.49995000000001,54.63675525,46.26176775,8.374987500000003,62.466484,15.616621,62.568202,58.115832,14.528958,58.173108,64.464755,16.11618875,64.456655
F,16,2,5,76,4,203.956908,171.154601,171.33239600000002,32.802306999999985,50.989227,42.78865025,8.200576749999996,51.688277,12.92206925,51.813151,52.996945,13.24923625,53.015139999999995,66.469379,16.61734475,66.50410500000001
F,16,2,5,77,4,276.678317,243.236346,244.5435,33.441970999999995,69.16957925,60.8090865,8.360492749999999,82.490227,20.62255675,83.63419999999999,87.985996,21.996499,87.972787,72.760123,18.19003075,72.936513
F,16,2,5,78,4,131.685468,98.749901,98.782664,32.93556699999999,32.921367,24.68747525,8.233891749999998,32.492084000000006,8.123021000000001,32.516605,32.184461999999996,8.046115499999999,32.189972,34.073355,8.51833875,34.076087
F,16,2,5,79,4,210.131215,177.328247,178.357857,32.80296799999999,52.53280375,44.33206175,8.200741999999998,63.31414,15.828535,63.356171,58.515449,14.62886225,58.582341,55.498658000000006,13.874664500000002,56.419345
F,16,2,5,80,4,206.776832,172.774285,173.031897,34.00254700000002,51.694208,43.19357125,8.500636750000005,58.797889000000005,14.699472250000001,58.847511,57.707865,14.42696625,57.782526,56.268530999999996,14.067132749999999,56.40186
F,16,2,5,81,4,134.270097,99.69492,99.92874599999999,34.575177,33.56752425,24.92373,8.64379425,35.075759000000005,8.768939750000001,35.15831,32.349993,8.08749825,32.466696999999996,32.269168,8.067292,32.303739
F,16,2,5,82,4,191.553615,155.70975900000002,156.22666099999998,35.84385599999999,47.88840375,38.927439750000005,8.960963999999997,39.664925000000004,9.916231250000001,39.672404,64.44091900000001,16.110229750000002,64.73500999999999,51.603915,12.90097875,51.819247
F,16,2,5,83,4,135.266311,102.14143899999999,102.721079,33.12487200000001,33.81657775,25.535359749999998,8.281218000000003,36.239094,9.0597735,36.638137,33.035021,8.25875525,33.043023,32.867323999999996,8.216830999999999,33.039919000000005
F,16,2,5,84,4,231.592835,197.486578,197.62447,34.106257,57.89820875,49.3716445,8.52656425,64.568881,16.14222025,64.669375,60.501092,15.125273,60.500704999999996,72.416605,18.10415125,72.45439
F,16,2,5,85,4,223.110764,190.700714,191.699233,32.410049999999984,55.777691,47.6751785,8.102512499999996,57.564033,14.39100825,57.631133999999996,71.991872,17.997968,72.866106,61.144808999999995,15.286202249999999,61.201993
F,16,2,5,86,4,172.186587,137.169181,137.25633399999998,35.017405999999994,43.04664675,34.29229525,8.754351499999999,41.706962000000004,10.426740500000001,41.731864,49.881585,12.47039625,49.908698,45.580633999999996,11.395158499999999,45.61577199999999
F,16,2,5,87,4,191.880006,158.968363,159.087455,32.911643,47.9700015,39.74209075,8.22791075,50.877573999999996,12.719393499999999,50.923964,63.98263,15.9956575,64.00928,44.108159,11.02703975,44.154211000000004
F,16,2,5,88,4,228.448066,194.74323700000002,196.228941,33.70482899999999,57.1120165,48.685809250000005,8.426207249999997,71.66427999999999,17.916069999999998,71.746648,57.65555500000001,14.413888750000002,58.177436,65.423402,16.3558505,66.304857
F,16,2,5,89,4,239.119207,203.927672,204.09173900000002,35.19153499999999,59.77980175,50.981918,8.797883749999997,72.894597,18.22364925,72.973577,69.744009,17.43600225,69.78707800000001,61.289066,15.3222665,61.331084000000004
F,16,2,5,90,4,200.111135,166.396785,167.074064,33.714349999999996,50.02778375,41.59919625,8.428587499999999,57.556187,14.38904675,58.112843,64.065279,16.01631975,64.078502,44.775318999999996,11.193829749999999,44.882719
F,16,2,5,91,4,219.381466,184.115968,184.47257199999999,35.26549799999998,54.8453665,46.028992,8.816374499999995,62.218948,15.554737,62.26075599999999,50.694493,12.67362325,50.738518,71.202527,17.80063175,71.473298
F,16,2,5,92,4,225.112752,191.69452,193.396172,33.41823199999999,56.278188,47.92363,8.354557999999997,69.339951,17.33498775,70.279684,59.055434,14.7638585,59.255863,63.299135,15.82478375,63.860625
F,16,2,5,93,4,219.13084,183.87795,184.334429,35.25289000000001,54.78271,45.9694875,8.813222500000002,56.430428000000006,14.107607000000002,56.597847,61.655006,15.4137515,61.71417099999999,65.792516,16.448129,66.022411
F,16,2,5,94,4,204.583497,170.42839700000002,170.569241,34.155099999999976,51.14587425,42.607099250000005,8.538774999999994,49.718332000000004,12.429583000000001,49.761638000000005,59.529858000000004,14.882464500000001,59.577872,61.180206999999996,15.295051749999999,61.229731
F,16,2,5,95,4,235.06198,199.43357600000002,200.30294800000001,35.62840399999999,58.765495,49.858394000000004,8.907100999999997,57.386877000000005,14.346719250000001,57.909636,65.255821,16.31395525,65.257297,76.790878,19.1977195,77.136015
F,16,2,5,96,4,215.292982,182.08263300000002,182.42604599999999,33.21034899999998,53.8232455,45.520658250000004,8.302587249999995,77.852185,19.46304625,78.05284900000001,55.289922000000004,13.822480500000001,55.385855,48.940526000000006,12.235131500000001,48.987342
F,16,2,5,97,4,137.962139,102.908887,106.177414,35.053252000000015,34.49053475,25.72722175,8.763313000000004,36.210419,9.05260475,36.718288,33.519186,8.3797965,36.045034,33.179282,8.2948205,33.414092
F,16,2,5,98,4,132.208545,97.27935100000002,97.34153899999998,34.92919399999997,33.05213625,24.319837750000005,8.732298499999992,32.828419000000004,8.207104750000001,32.880607,32.275175000000004,8.068793750000001,32.280533,32.175757000000004,8.043939250000001,32.180399
F,16,2,5,99,4,130.264944,95.68419800000001,95.786963,34.580746000000005,32.566236,23.921049500000002,8.645186500000001,32.069887,8.01747175,32.074801,31.862459,7.96561475,31.883587,31.751852,7.937963,31.828575
F,16,2,5,100,4,128.975903,96.95716599999999,97.00607699999998,32.018737,32.24397575,24.239291499999997,8.00468425,32.63827,8.1595675,32.64272,32.219556,8.054889,32.249722999999996,32.09934,8.024835,32.113634
F,16,2,5,101,4,130.206799,97.396995,97.485447,32.809803999999986,32.55169975,24.34924875,8.202450999999996,33.134888,8.283722,33.124652,32.211542,8.0528855,32.304581,32.050565000000006,8.012641250000001,32.056214000000004
F,16,2,5,102,4,127.758588,95.79423,96.25251399999999,31.964358000000004,31.939647,23.9485575,7.991089500000001,32.040921,8.01023025,32.023167,31.853137000000004,7.963284250000001,31.873244999999997,31.900172,7.975043,32.356102
F,16,2,5,103,4,129.619448,94.896316,95.384011,34.72313200000001,32.404862,23.724079,8.680783000000002,31.725482999999997,7.931370749999999,31.786507,31.61408,7.90352,31.970803,31.556753,7.88918825,31.626701
F,16,2,5,104,4,131.002492,99.327273,99.796885,31.675218999999984,32.750623,24.83181825,7.918804749999996,32.81619,8.2040475,32.900425,32.658479,8.16461975,32.774355,33.852604,8.463151,34.122105000000005
F,16,2,5,105,4,189.641595,156.215689,156.31957699999998,33.425906,47.41039875,39.05392225,8.3564765,65.530451,16.38261275,65.589164,47.55583300000001,11.888958250000002,47.596419,43.129405,10.78235125,43.133994
F,16,2,5,106,4,188.916497,154.81995999999998,155.170423,34.09653700000001,47.22912425,38.704989999999995,8.524134250000003,43.165355000000005,10.791338750000001,43.266495,43.183934,10.7959835,43.349562,68.470671,17.11766775,68.554366
F,16,2,5,107,4,176.004673,143.71839,143.82443,32.286283,44.00116825,35.9295975,8.07157075,34.669742,8.6674355,34.756808,48.206849999999996,12.051712499999999,48.254097,60.841798,15.2104495,60.813525
F,16,2,5,108,4,231.170427,195.450397,195.618131,35.72002999999998,57.79260675,48.86259925,8.930007499999995,59.013758,14.7534395,59.081581,61.540301,15.38507525,61.650857,74.896338,18.7240845,74.885693
F,16,2,5,109,4,128.920553,95.379477,95.98503400000001,33.54107600000002,32.23013825,23.84486925,8.385269000000005,32.185209,8.04630225,32.220244,31.664481,7.91612025,31.679181,31.529787,7.88244675,32.085609000000005
F,16,2,5,110,4,178.90759,145.152302,146.641807,33.75528800000001,44.7268975,36.2880755,8.438822000000002,53.55811,13.3895275,53.649898,54.693979999999996,13.673494999999999,55.18621,36.900211999999996,9.225052999999999,37.805699000000004
F,16,2,5,111,4,148.997123,115.302539,115.390581,33.69458399999999,37.24928075,28.82563475,8.423645999999998,37.613825,9.40345625,37.615415999999996,35.03718,8.759295,35.099591000000004,42.651534,10.6628835,42.675574
F,16,2,5,112,4,175.821274,141.81214,141.97769399999999,34.00913399999999,43.9553185,35.453035,8.502283499999997,45.981199999999994,11.495299999999999,46.086885,46.617178,11.6542945,46.667045,49.213761999999996,12.303440499999999,49.223764
F,16,2,5,113,4,197.058521,162.371733,162.511914,34.68678800000001,49.26463025,40.59293325,8.671697000000002,58.662764,14.665691,58.751343,56.664266999999995,14.166066749999999,56.695994,47.044702,11.7611755,47.064577
F,16,2,5,114,4,242.096881,207.66647999999998,207.811642,34.43040100000002,60.52422025,51.916619999999995,8.607600250000004,75.48634,18.871585,75.5157,59.083101,14.77077525,59.107569,73.097039,18.27425975,73.188373
F,16,2,5,115,4,268.484345,234.397923,236.979582,34.08642200000003,67.12108625,58.59948075,8.521605500000007,66.76133,16.6903325,67.901739,90.593485,22.64837125,91.92642,77.04310799999999,19.260776999999997,77.15142300000001
F,16,2,5,116,4,254.274295,220.015568,220.141618,34.25872699999999,63.56857375,55.003892,8.564681749999998,82.48629899999999,20.621574749999997,82.527348,69.296096,17.324024,69.33436999999999,68.233173,17.05829325,68.2799
F,16,2,5,117,4,236.213256,203.98719,204.438579,32.226066,59.053314,50.9967975,8.0565165,69.30788,17.32697,69.373586,65.071762,16.2679405,65.275103,69.607548,17.401887,69.78989
F,16,2,5,118,4,184.734768,149.97844500000002,150.286717,34.75632299999998,46.183692,37.494611250000005,8.689080749999995,35.492024,8.873006,35.49679,62.555159,15.63878975,62.624033,51.931262000000004,12.982815500000001,52.165894
F,16,2,5,119,4,143.235674,110.019498,110.146921,33.21617599999999,35.8089185,27.5048745,8.304043999999998,38.389675999999994,9.597418999999999,38.466415,35.868778999999996,8.967194749999999,35.886767,35.761043,8.94026075,35.793739
F,64,2,6,0,4,407.320045,372.038385,373.659393,35.28165999999999,101.83001125,93.00959625,8.820414999999997,125.21697,31.3042425,126.567157,123.440059,30.86001475,123.533795,123.381356,30.845339,123.55844099999999
F,64,2,6,1,4,699.354622,665.914156,667.228697,33.4404659999999,174.8386555,166.478539,8.360116499999975,247.278576,61.819644,247.44057199999997,210.901803,52.72545075,211.798737,207.733777,51.93344425,207.98938800000002
F,64,2,6,2,4,598.917556,563.909267,564.8654019999999,35.00828899999999,149.729389,140.97731675,8.752072249999998,202.014454,50.5036135,202.202744,179.850605,44.96265125,180.317037,182.044208,45.511052,182.345621
F,64,2,6,3,4,498.633542,463.808001,466.74618999999996,34.82554099999999,124.6583855,115.95200025,8.706385249999997,127.293253,31.82331325,128.50379,193.126846,48.2817115,194.779494,143.387902,35.8469755,143.462906
F,64,2,6,4,4,425.016823,391.781383,392.09767700000003,33.23543999999998,106.25420575,97.94534575,8.308859999999996,130.55499600000002,32.638749000000004,130.728021,131.285009,32.82125225,131.366102,129.94137800000001,32.485344500000004,130.003554
F,64,2,6,5,4,700.554642,665.480937,667.937938,35.073704999999904,175.1386605,166.37023425,8.768426249999976,196.367853,49.09196325,196.45058799999998,285.27792900000003,71.31948225000001,287.187607,183.835155,45.95878875,184.29974300000003
F,64,2,6,6,4,855.428527,820.887176,823.785808,34.54135100000008,213.85713175,205.221794,8.63533775000002,280.003741,70.00093525,280.526533,257.103653,64.27591325,257.483708,283.779782,70.9449455,285.775567
F,64,2,6,7,4,414.852639,380.48063099999996,381.83272400000004,34.37200800000005,103.71315975,95.12015774999999,8.593002000000013,128.68276899999998,32.170692249999995,129.493669,126.186281,31.54657025,126.71408200000002,125.611581,31.40289525,125.624973
F,64,2,6,8,4,872.718131,835.3306889999999,837.957178,37.38744200000008,218.17953275,208.83267224999997,9.34686050000002,280.001558,70.0003895,281.377992,273.012555,68.25313875,273.610308,282.316576,70.579144,282.968878
F,64,2,6,9,4,872.091333,837.223802,839.613387,34.867530999999985,218.02283325,209.3059505,8.716882749999996,263.30688299999997,65.82672074999999,264.980252,297.326033,74.33150825,297.723901,276.59088599999995,69.14772149999999,276.90923399999997
F,64,2,6,10,4,939.3929,903.8019730000001,907.227802,35.590926999999965,234.848225,225.95049325000002,8.897731749999991,299.55121,74.8878025,300.64457100000004,330.709335,82.67733375,332.133623,273.541428,68.385357,274.449608
F,64,2,6,11,4,771.573361,737.3529589999999,739.275306,34.220402000000036,192.89334025,184.33823974999999,8.555100500000009,228.540368,57.135092,229.693006,297.699198,74.4247995,297.950321,211.113393,52.77834825,211.63197900000003
F,64,2,6,12,4,802.247504,767.341852,770.375358,34.90565200000003,200.561876,191.835463,8.726413000000008,248.802003,62.20050075,250.247473,265.390937,66.34773425,265.998668,253.148912,63.287228,254.12921699999998
F,64,2,6,13,4,942.237787,906.2920270000001,911.0950220000001,35.94575999999995,235.55944675,226.57300675000002,8.986439999999988,291.910371,72.97759275,295.541034,322.290537,80.57263425,322.70674,292.09111900000005,73.02277975000001,292.84724800000004
F,64,2,6,14,4,858.892154,823.5829990000002,826.252453,35.309154999999805,214.7230385,205.89574975000005,8.827288749999951,304.20256400000005,76.05064100000001,304.882625,261.96677800000003,65.49169450000001,263.12724699999995,257.413657,64.35341425,258.242581
F,64,2,6,15,4,610.131356,575.1676709999999,577.732975,34.963685000000055,152.532839,143.79191774999998,8.740921250000014,199.57964299999998,49.894910749999994,200.50825600000002,191.781728,47.945432,191.96240999999998,183.80630000000002,45.951575000000005,185.26230900000002
F,64,2,6,16,4,819.111754,784.7031770000001,786.705992,34.40857699999992,204.7779385,196.17579425000002,8.60214424999998,222.67682299999998,55.669205749999996,223.077887,260.78010600000005,65.19502650000001,260.962489,301.24624800000004,75.31156200000001,302.665616
F,64,2,6,17,4,690.82837,655.994823,656.658864,34.83354699999995,172.7070925,163.99870575,8.708386749999988,243.68402600000002,60.921006500000004,243.814838,207.722043,51.93051075,207.961934,204.588754,51.1471885,204.882092
F,64,2,6,18,4,502.542107,468.961846,471.47659000000004,33.58026100000001,125.63552675,117.2404615,8.395065250000002,153.951867,38.48796675,155.010217,160.554489,40.13862225,160.602928,154.45549,38.6138725,155.863445
F,64,2,6,19,4,849.895146,816.978609,818.028773,32.91653699999995,212.4737865,204.24465225,8.229134249999987,289.80708,72.45177,290.01961400000005,264.849882,66.2124705,265.23294100000004,262.32164700000004,65.58041175000001,262.77621800000003
F,64,2,6,20,4,726.26328,690.80596,691.6995499999999,35.45731999999998,181.56582,172.70149,8.864329999999995,227.608311,56.90207775,227.83454899999998,232.378451,58.09461275,232.50863999999999,230.819198,57.7047995,231.356361
F,64,2,6,21,4,648.289055,614.264937,617.236712,34.02411799999993,162.07226375,153.56623425,8.506029499999983,130.04628399999999,32.511570999999996,130.727765,259.248957,64.81223925,261.06726000000003,224.969696,56.242424,225.441687
F,64,2,6,22,4,905.193855,870.088522,872.2726729999999,35.10533299999997,226.29846375,217.5221305,8.776333249999993,258.15891999999997,64.53972999999999,258.300412,327.603892,81.900973,327.877639,284.32571,71.0814275,286.094622
F,64,2,6,23,4,408.345035,375.709928,376.483761,32.635107000000005,102.08625875,93.927482,8.158776750000001,126.845748,31.711437,127.40896900000001,124.54872700000001,31.137181750000003,124.73957099999998,124.31545299999999,31.078863249999998,124.335221
F,64,2,6,24,4,406.973225,372.350633,374.119893,34.622592,101.74330625,93.08765825,8.655648,125.531436,31.382859,126.485786,123.516952,30.879238,124.012063,123.302245,30.82556125,123.622044
F,64,2,6,25,4,1015.012794,981.1493890000002,984.392339,33.86340499999983,253.7531985,245.28734725000004,8.465851249999957,305.252047,76.31301175,305.979198,354.911062,88.7277655,356.427861,320.98628,80.24657,321.98528
F,64,2,6,26,4,877.491535,841.543541,843.0926219999999,35.947993999999994,219.37288375,210.38588525,8.986998499999999,286.176381,71.54409525,286.904493,349.164003,87.29100075,349.88978799999995,206.20315699999998,51.550789249999994,206.298341
F,64,2,6,27,4,1013.32512,977.403171,980.867628,35.92194899999993,253.33128,244.35079275,8.980487249999982,320.215681,80.05392025,322.291355,387.377681,96.84442025,388.322319,269.809809,67.45245225,270.253954
F,64,2,6,28,4,957.536224,922.568219,924.726357,34.96800499999995,239.384056,230.64205475,8.742001249999987,301.183992,75.295998,301.803214,355.789932,88.947483,356.405802,265.594295,66.39857375,266.517341
F,64,2,6,29,4,826.571468,791.0068570000001,793.216412,35.5646109999999,206.642867,197.75171425000002,8.891152749999975,262.044782,65.5111955,263.426604,299.71788200000003,74.92947050000001,299.919899,229.244193,57.31104825,229.869909
F,64,2,6,30,4,541.633751,505.842878,507.952175,35.790872999999976,135.40843775,126.4607195,8.947718249999994,161.74852299999998,40.437130749999994,162.15972200000002,170.386419,42.59660475,171.806694,173.70793600000002,43.426984000000004,173.985759
F,64,2,6,31,4,406.335586,372.49694800000003,371.74346099999997,33.838637999999946,101.5838965,93.12423700000001,8.459659499999987,125.113012,31.278253,124.00937099999999,123.84276200000001,30.960690500000002,123.969388,123.541174,30.8852935,123.764702
F,64,2,6,32,4,782.454353,746.1107930000001,748.9983050000001,36.34355999999991,195.61358825,186.52769825000001,9.085889999999978,199.45489099999998,49.863722749999994,200.06523800000002,223.539012,55.884753,225.436431,323.11689,80.7792225,323.496636
F,64,2,6,33,4,812.327892,777.700942,780.464452,34.626949999999965,203.081973,194.4252355,8.656737499999991,285.794216,71.448554,286.28658,253.75727799999999,63.439319499999996,254.78735,238.149448,59.537362,239.390522
F,64,2,6,34,4,692.143071,656.129829,657.646004,36.01324199999999,173.03576775,164.03245725,9.003310499999998,192.80386799999997,48.20096699999999,193.01379500000002,260.6628,65.1657,260.776186,202.663161,50.66579025,203.856023
F,64,2,6,35,4,777.07601,741.980267,743.6341699999999,35.09574299999997,194.2690025,185.49506675,8.773935749999993,236.72796599999998,59.181991499999995,236.999097,325.972257,81.49306425,327.004167,179.280044,44.820011,179.63090599999998
F,64,2,6,36,4,406.025399,371.50451699999996,373.669931,34.52088200000003,101.50634975,92.87612924999999,8.630220500000007,124.320969,31.08024225,125.185682,123.60307399999999,30.900768499999998,123.73092700000001,123.58047400000001,30.895118500000002,124.753322
F,64,2,6,37,4,751.657541,716.693135,718.156707,34.964406000000054,187.91438525,179.17328375,8.741101500000013,213.56197,53.3904925,214.07637,290.440028,72.610007,291.08304,212.69113699999997,53.17278424999999,212.997297
F,64,2,6,38,4,405.666626,371.17888400000004,373.269039,34.48774199999997,101.4166565,92.79472100000001,8.621935499999992,124.28305399999999,31.070763499999998,125.323351,123.36536000000001,30.841340000000002,123.56995,123.53047000000001,30.882617500000002,124.375738
F,64,2,6,39,4,620.650963,586.4252389999999,586.9591049999999,34.22572400000013,155.16274075,146.60630974999998,8.556431000000032,192.05282999999997,48.01320749999999,192.19991499999998,225.28625399999999,56.321563499999996,225.55019099999998,169.086155,42.27153875,169.208999
F,64,2,6,40,4,1026.285421,990.662686,993.9317449999999,35.622735000000034,256.57135525,247.6656715,8.905683750000009,362.086726,90.5216815,362.666234,305.518644,76.379661,306.182009,323.057316,80.764329,325.08350199999995
F,64,2,6,41,4,941.802404,906.4536069999999,908.0438879999999,35.348797000000104,235.450601,226.61340174999998,8.837199250000026,292.150043,73.03751075,292.872932,348.244779,87.06119475,348.45083999999997,266.05878499999994,66.51469624999999,266.72011599999996
F,64,2,6,42,4,676.967179,641.215782,643.252714,35.751397,169.24179475,160.3039455,8.93784925,178.752026,44.6880065,180.390164,200.90839,50.2270975,201.02155299999998,261.555366,65.3888415,261.840997
F,64,2,6,43,4,875.782867,841.664828,843.857507,34.11803899999995,218.94571675,210.416207,8.529509749999988,253.668991,63.41724775,253.94297999999998,285.597338,71.3993345,286.34395300000006,302.398499,75.59962475,303.57057399999997
F,64,2,6,44,4,704.337592,669.236868,672.307843,35.100724000000014,176.084398,167.309217,8.775181000000003,228.520239,57.13005975,229.564965,199.019423,49.75485575,199.867644,241.697206,60.4243015,242.87523400000003
F,64,2,6,45,4,718.457202,683.504054,683.815456,34.953148000000056,179.6143005,170.8760135,8.738287000000014,236.00345499999997,59.00086374999999,235.317498,229.690296,57.422574,230.04414,217.810303,54.45257575,218.453818
F,64,2,6,46,4,577.875716,541.928972,543.376417,35.94674399999997,144.468929,135.482243,8.986685999999992,174.351343,43.58783575,174.90936599999998,233.413774,58.3534435,234.27248500000002,134.163855,33.54096375,134.194566
F,64,2,6,47,4,706.07295,669.478445,672.0141879999999,36.59450500000003,176.5182375,167.36961125,9.148626250000007,193.94795900000003,48.486989750000006,195.42939,326.200704,81.550176,326.776678,149.329782,37.3324455,149.80811999999997
F,64,2,6,48,4,577.896849,541.014718,541.8889869999999,36.88213099999996,144.47421225,135.2536795,9.22053274999999,127.52108999999999,31.880272499999997,127.617445,286.936408,71.734102,287.588845,126.55722,31.639305,126.68269699999999
F,64,2,6,49,4,404.558788,370.21655599999997,372.46452899999997,34.342232000000024,101.139697,92.55413899999999,8.585558000000006,124.001183,31.00029575,124.75312699999999,123.001701,30.75042525,123.93520299999999,123.213672,30.803418,123.776199
F,64,2,6,50,4,879.381161,844.852043,847.407864,34.52911800000004,219.84529025,211.21301075,8.63227950000001,323.620761,80.90519025,323.84199,357.691153,89.42278825,359.297877,163.540129,40.88503225,164.26799699999998
F,64,2,6,51,4,754.242293,719.5956610000001,720.687473,34.646631999999954,188.56057325,179.89891525000002,8.661657999999989,198.549657,49.63741425,199.08153099999998,242.61640400000002,60.654101000000004,242.77428,278.4296,69.6074,278.831662
F,64,2,6,52,4,962.98056,925.223102,928.775613,37.75745799999993,240.74514,231.3057755,9.439364499999982,318.34909,79.5872725,319.682745,336.691588,84.172897,337.611772,270.18242399999997,67.54560599999999,271.481096
F,64,2,6,53,4,730.767432,693.207638,695.728369,37.55979400000001,182.691858,173.3019095,9.389948500000003,213.601904,53.400476,214.659896,276.69997,69.1749925,277.32625,202.905764,50.726441,203.742223
F,64,2,6,54,4,978.524971,942.5497830000002,947.1398330000001,35.97518799999989,244.63124275,235.63744575000004,8.993796999999972,327.90808400000003,81.97702100000001,329.785074,363.534236,90.883559,365.901108,251.107463,62.77686575,251.453651
F,64,2,6,55,4,881.529523,846.7623990000001,848.4611460000001,34.76712399999997,220.38238075,211.69059975000002,8.691780999999992,274.34634400000004,68.58658600000001,274.488206,327.063018,81.7657545,328.399208,245.353037,61.33825925,245.573732
F,64,2,6,56,4,922.825064,887.970489,891.1550679999999,34.854574999999954,230.706266,221.99262225,8.713643749999989,285.712303,71.42807575,286.64730099999997,396.846173,99.21154325,398.01600099999996,205.412013,51.35300325,206.491766
F,64,2,6,57,4,931.90583,897.6159829999999,900.5690910000001,34.28984700000012,232.9764575,224.40399574999998,8.57246175000003,285.40898699999997,71.35224674999999,285.847048,295.056467,73.76411675,295.895075,317.150529,79.28763225,318.826968
F,64,2,6,58,4,506.976185,471.8404969999999,472.734218,35.13568800000007,126.74404625,117.96012424999998,8.783922000000018,124.51444799999999,31.128611999999997,124.55826599999999,222.64890099999997,55.66222524999999,223.338167,124.677148,31.169287,124.837785
F,64,2,6,59,4,765.648375,731.4059570000001,732.004786,34.24241799999993,191.41209375,182.85148925000001,8.560604499999982,225.92157600000002,56.480394000000004,226.153329,276.606461,69.15161525,277.89968799999997,228.87792,57.21948,227.95176899999998
F,64,2,6,60,4,690.263859,655.797544,658.767124,34.46631500000001,172.56596475,163.949386,8.616578750000002,218.77161,54.6929025,219.79659,201.65473,50.4136825,201.809889,235.37120400000003,58.84280100000001,237.160645
F,64,2,6,61,4,693.277044,658.748646,660.178215,34.52839800000004,173.319261,164.6871615,8.63209950000001,220.82196299999998,55.205490749999996,221.17811600000002,225.57309700000002,56.393274250000005,225.794944,212.353586,53.0883965,213.205155
F,64,2,6,62,4,684.518615,650.230447,652.174403,34.28816799999993,171.12965375,162.55761175,8.572041999999982,192.58505399999999,48.146263499999996,192.972435,266.780981,66.69524525,267.107441,190.864412,47.716103,192.094527
F,64,2,6,63,4,528.262633,493.861624,496.112629,34.401009000000045,132.06565825,123.465406,8.600252250000011,126.81379799999999,31.703449499999998,126.96128100000001,225.867182,56.4667955,227.889643,141.180644,35.295161,141.261705
F,64,2,6,64,4,930.020706,894.6813769999999,897.069147,35.339329000000134,232.5051765,223.67034424999997,8.834832250000034,336.325651,84.08141275,336.645718,318.199096,79.549774,318.71287800000005,240.15663,60.0391575,241.710551
F,64,2,6,65,4,909.643093,875.683379,877.465922,33.959714000000076,227.41077325,218.92084475,8.489928500000019,301.70503900000006,75.42625975000001,302.358825,289.54425699999996,72.38606424999999,290.206825,284.434083,71.10852075,284.900272
F,64,2,6,66,4,854.448082,818.0101549999999,820.690146,36.43792700000006,213.6120205,204.50253874999999,9.109481750000015,279.192475,69.79811875,280.37296,270.011155,67.50278875,270.56787199999997,268.806525,67.20163125,269.749314
F,64,2,6,67,4,919.293905,883.988292,888.548984,35.305612999999994,229.82347625,220.997073,8.826403249999998,318.964963,79.74124075,319.65372,289.967453,72.49186325,290.179106,275.055876,68.763969,278.716158
F,64,2,6,68,4,929.011569,893.895714,896.2358429999999,35.11585500000001,232.25289225,223.4739285,8.778963750000003,309.421744,77.355436,310.18872600000003,286.265399,71.56634975,287.203316,298.208571,74.55214275,298.843801
F,64,2,6,69,4,828.351074,792.85519,795.33291,35.495884000000046,207.0877685,198.2137975,8.873971000000012,256.702836,64.175709,257.07181,266.48125799999997,66.62031449999999,267.810001,269.671096,67.417774,270.451099
F,64,2,6,70,4,991.059091,955.56519,958.3903829999999,35.49390099999994,247.76477275,238.8912975,8.873475249999984,289.11357,72.2783925,291.105418,329.404543,82.35113575,330.093256,337.047077,84.26176925,337.191709
F,64,2,6,71,4,743.088746,705.1850509999999,707.840782,37.903695000000084,185.7721865,176.29626274999998,9.475923750000021,243.625494,60.9063735,244.889166,216.116288,54.029072,217.388319,245.443269,61.36081725,245.563297
F,64,2,6,72,4,803.985183,769.218974,770.037292,34.766209,200.99629575,192.3047435,8.69155225,231.21488499999998,57.803721249999995,230.441876,270.168276,67.542069,270.735208,267.83581300000003,66.95895325000001,268.86020799999994
F,64,2,6,73,4,629.759471,593.470669,594.299618,36.28880199999992,157.43986775,148.36766725,9.07220049999998,176.964356,44.241089,177.53648299999998,235.066722,58.7666805,235.253792,181.439591,45.35989775,181.509343
F,64,2,6,74,4,661.167403,623.770496,626.411149,37.396907000000056,165.29185075,155.942624,9.349226750000014,165.084231,41.27105775,165.195436,295.761305,73.94032625,297.576972,162.92496,40.73124,163.638741
F,64,2,6,75,4,405.71906,370.15891700000003,370.515576,35.56014299999998,101.429765,92.53972925000001,8.890035749999996,123.86382900000001,30.965957250000002,123.998132,123.343135,30.83578375,123.507316,122.95195299999999,30.737988249999997,123.010128
F,64,2,6,76,4,757.319082,719.200787,721.5872650000001,38.11829499999999,189.3297705,179.80019675,9.529573749999997,211.347867,52.83696675,211.537303,312.56212000000005,78.14053000000001,314.172137,195.2908,48.8227,195.87782500000003
F,64,2,6,77,4,755.344706,719.360161,722.1194869999999,35.984545000000026,188.8361765,179.84004025,8.996136250000006,237.369845,59.34246125,238.934306,317.054218,79.2635545,317.61448399999995,164.936098,41.2340245,165.570697
F,64,2,6,78,4,826.069286,790.718966,792.780497,35.35032000000001,206.5173215,197.6797415,8.837580000000003,249.652645,62.41316125,250.20224,297.651217,74.41280425,297.897226,243.415104,60.853776,244.68103100000002
F,64,2,6,79,4,779.033869,744.1178669999999,745.497381,34.91600200000005,194.75846725,186.02946674999998,8.729000500000012,219.93624599999998,54.984061499999996,220.272099,310.264899,77.56622475,311.130997,213.916722,53.4791805,214.09428499999999
F,64,2,6,80,4,447.905046,412.886635,416.923091,35.018411000000015,111.9762615,103.22165875,8.754602750000004,133.719136,33.429784,134.135411,149.49335200000002,37.373338000000004,150.967449,129.674147,32.41853675,131.820231
F,64,2,6,81,4,806.094431,771.4652920000001,773.6617860000001,34.629138999999896,201.52360775,192.86632300000002,8.657284749999974,234.91607000000002,58.729017500000005,235.72423100000003,255.26762399999998,63.816905999999996,255.99249200000003,281.28159800000003,70.32039950000001,281.945063
F,64,2,6,82,4,791.096714,756.208446,757.72297,34.88826800000004,197.7741785,189.0521115,8.72206700000001,243.79545599999997,60.94886399999999,244.05392799999998,300.251739,75.06293475,300.860697,212.161251,53.04031275,212.808345
F,64,2,6,83,4,404.256847,369.924798,371.268558,34.332048999999984,101.06421175,92.4811995,8.583012249999996,123.63292100000001,30.908230250000003,124.662033,123.380814,30.8452035,123.477305,122.911063,30.72776575,123.12921999999999
F,64,2,6,84,4,834.669919,800.600684,803.8948660000001,34.06923500000005,208.66747975,200.150171,8.517308750000012,293.63704600000005,73.40926150000001,293.977841,282.869425,70.71735625,284.182761,224.09421300000002,56.023553250000006,225.734264
F,64,2,6,85,4,407.511027,372.702018,373.97688,34.809009,101.87775675,93.1755045,8.70225225,124.225967,31.05649175,124.45687099999999,124.33837500000001,31.084593750000003,125.25195300000001,124.137676,31.034419,124.268056
F,64,2,6,86,4,406.786388,371.74456399999997,372.568975,35.04182400000002,101.696597,92.93614099999999,8.760456000000005,124.314146,31.0785365,124.76163000000001,123.78888500000001,30.947221250000002,123.90045,123.64153300000001,30.910383250000002,123.90689499999999
F,64,2,6,87,4,402.946048,368.359605,369.783412,34.58644300000003,100.736512,92.08990125,8.646610750000008,122.766171,30.69154275,122.98390800000001,122.729128,30.682282,123.14858799999999,122.864306,30.7160765,123.650916
F,64,2,6,88,4,673.338437,636.768726,637.424562,36.569710999999984,168.33460925,159.1921815,9.142427749999996,201.092378,50.2730945,200.469158,245.63120199999997,61.40780049999999,246.02708600000003,190.04514600000002,47.511286500000004,190.928318
F,64,2,6,89,4,712.48854,677.0513540000001,678.152764,35.43718599999988,178.122135,169.26283850000002,8.85929649999997,224.148137,56.03703425,224.349183,221.880038,55.4700095,222.132653,231.02317900000003,57.75579475000001,231.670928
F,64,2,6,90,4,861.182817,825.312032,827.8462420000001,35.870784999999955,215.29570425,206.328008,8.967696249999989,242.65142600000004,60.66285650000001,243.46657299999998,297.04815799999994,74.26203949999999,297.33821600000005,285.61244800000003,71.40311200000001,287.041453
F,64,2,6,91,4,944.786891,909.9788770000001,912.9107989999999,34.808013999999844,236.19672275,227.49471925000003,8.702003499999961,323.44949700000006,80.86237425000002,325.28979499999997,315.89785,78.9744625,316.73510899999997,270.63153,67.6578825,270.885895
F,64,2,6,92,4,405.010806,369.66461200000003,370.55865500000004,35.34619399999997,101.2527015,92.41615300000001,8.836548499999992,123.280253,30.82006325,123.39125200000001,123.139254,30.7848135,123.639127,123.24510500000001,30.811276250000002,123.528276
F,64,2,6,93,4,403.239236,369.102231,371.228412,34.13700499999999,100.809809,92.27555775,8.534251249999997,123.083387,30.77084675,123.580938,123.02344900000001,30.755862250000003,123.830589,122.995395,30.74884875,123.816885
F,64,2,6,94,4,917.968963,883.9636069999999,886.5942,34.00535600000012,229.49224075,220.99090174999998,8.50133900000003,328.04762099999994,82.01190524999998,330.227479,298.948739,74.73718475,299.167271,256.967247,64.24181175,257.19944999999996
F,64,2,6,95,4,925.067529,889.9110530000002,894.161942,35.156475999999884,231.26688225,222.47776325000004,8.789118999999971,315.65671800000007,78.91417950000002,316.572475,298.46152600000005,74.61538150000001,299.499842,275.79280900000003,68.94820225000001,278.089625
F,64,2,6,96,4,758.716244,721.009761,721.683905,37.706482999999935,189.679061,180.25244025,9.426620749999984,234.522872,58.630718,234.70027799999997,249.816903,62.45422575,250.036113,236.669986,59.1674965,236.947514
F,64,2,6,97,4,404.460151,369.469025,372.015241,34.99112600000001,101.11503775,92.36725625,8.747781500000002,123.20711399999999,30.801778499999998,123.574833,123.222682,30.8056705,124.28838,123.039229,30.75980725,124.152028
F,64,2,6,98,4,642.240099,607.676026,608.247944,34.56407300000001,160.56002475,151.9190065,8.641018250000002,195.08136299999998,48.770340749999995,195.312591,225.006215,56.25155375,225.143597,187.588448,46.897112,187.791756
F,64,2,6,99,4,820.199953,784.0606759999998,786.4403219999999,36.13927700000022,205.04998825,196.01516899999996,9.034819250000055,261.841824,65.460456,262.908619,324.048348,81.012087,324.611691,198.170504,49.542626,198.92001199999999
F,64,2,6,100,4,877.128298,841.1368709999999,844.2060839999999,35.991427000000044,219.2820745,210.28421774999998,8.997856750000011,275.757153,68.93928825,277.154797,350.947957,87.73698925,351.703569,214.431761,53.60794025,215.347718
F,64,2,6,101,4,599.969418,565.231226,566.987309,34.738192000000026,149.9923545,141.3078065,8.684548000000007,190.81693099999998,47.704232749999996,191.93075399999998,193.708212,48.427053,193.93771700000002,180.706083,45.17652075,181.118838
F,64,2,6,102,4,960.750847,926.4633249999999,928.3027559999998,34.28752200000008,240.18771175,231.61583124999999,8.57188050000002,334.758211,83.68955275,335.20314699999994,384.30450099999996,96.07612524999999,385.060452,207.400613,51.85015325,208.039157
F,64,2,6,103,4,780.831365,745.586331,747.77574,35.24503400000003,195.20784125,186.39658275,8.811258500000008,224.391122,56.0977805,224.743173,276.548947,69.13723675,277.079015,244.64626199999998,61.161565499999995,245.953552
F,64,2,6,104,4,415.404329,381.816628,382.201558,33.58770100000004,103.85108225,95.454157,8.39692525000001,127.64319599999999,31.910798999999997,127.775549,131.097985,32.77449625,131.204442,123.075447,30.76886175,123.22156700000001
F,64,2,6,105,4,726.744057,693.174366,695.74748,33.569691000000034,181.68601425,173.2935915,8.392422750000009,246.037732,61.509433,247.60138,239.152109,59.78802725,239.864366,207.98452500000002,51.996131250000005,208.281734
F,64,2,6,106,4,507.459043,473.884557,474.46898400000003,33.574486000000036,126.86476075,118.47113925,8.393621500000009,122.912568,30.728142,122.90192,222.43329999999997,55.608324999999994,222.944814,128.538689,32.13467225,128.62225
F,64,2,6,107,4,495.126985,460.254996,462.884721,34.871988999999985,123.78174625,115.063749,8.717997249999996,123.69971100000001,30.924927750000002,124.023036,170.886884,42.721721,172.074184,165.66840100000002,41.417100250000004,166.78750100000002
F,64,2,6,108,4,766.476469,731.1678449999999,732.375351,35.30862400000001,191.61911725,182.79196124999999,8.827156000000002,278.192213,69.54805325,278.370913,263.01335,65.7533375,263.83787,189.96228200000002,47.490570500000004,190.16656799999998
F,64,2,6,109,4,582.165747,547.145459,549.4194669999999,35.02028800000005,145.54143675,136.78636475,8.755072000000013,169.651703,42.41292575,170.304426,193.250992,48.312748,194.420698,184.242764,46.060691,184.694343
F,64,2,6,110,4,804.400422,768.1304170000001,772.326312,36.27000499999997,201.1001055,192.03260425000002,9.067501249999992,273.37234,68.343085,275.939337,244.10628700000004,61.02657175000001,244.49986299999998,250.65179,62.6629475,251.887112
F,64,2,6,111,4,785.69589,751.626497,753.722142,34.06939299999999,196.4239725,187.90662425,8.517348249999998,224.91246600000002,56.228116500000006,225.04247800000002,295.810997,73.95274925,297.178974,230.903034,57.7257585,231.50069
F,64,2,6,112,4,403.723973,369.461723,370.093295,34.262249999999995,100.93099325,92.36543075,8.565562499999999,123.403506,30.8508765,123.520054,123.102904,30.775726,123.519871,122.95531300000002,30.738828250000005,123.05337
F,64,2,6,113,4,598.744237,564.331536,566.0549980000001,34.41270099999997,149.68605925,141.082884,8.603175249999993,181.54873700000002,45.387184250000004,182.78403400000002,256.986003,64.24650075,257.315072,125.79679599999999,31.449198999999997,125.955892
F,64,2,6,114,4,724.190524,689.812709,691.289953,34.37781499999994,181.047631,172.45317725,8.594453749999985,234.807533,58.70188325,234.969821,306.505182,76.6262955,307.593884,148.49999400000002,37.124998500000004,148.726248
F,64,2,6,115,4,601.150841,567.08907,570.0996,34.06177100000002,150.28771025,141.7722675,8.515442750000005,189.647793,47.41194825,191.84227399999997,197.352684,49.338171,197.75665199999997,180.088593,45.02214825,180.500674
F,64,2,6,116,4,811.786363,775.0868030000001,777.429945,36.699559999999906,202.94659075,193.77170075000004,9.174889999999976,223.18706400000002,55.796766000000005,224.746847,370.691056,92.672764,371.310436,181.208683,45.30217075,181.372662
F,64,2,6,117,4,822.301516,787.6320509999999,788.914944,34.66946500000006,205.575379,196.90801274999998,8.667366250000015,291.03632500000003,72.75908125000001,291.24818400000004,291.74887599999994,72.93721899999998,292.429727,204.84685000000002,51.211712500000004,205.237033
F,64,2,6,118,4,846.291398,811.659347,813.247541,34.63205099999993,211.5728495,202.91483675,8.658012749999983,286.796264,71.699066,287.583881,270.281925,67.57048125,270.523006,254.58115800000002,63.645289500000004,255.14065399999998
F,64,2,6,119,4,689.419802,654.50616,656.3775850000001,34.91364199999998,172.3549505,163.62654,8.728410499999995,211.243091,52.81077275,211.54936300000003,198.746234,49.6865585,199.659455,244.516835,61.12920875,245.168767
P,16,2,7,0,4,215.258556,145.978392,146.486546,69.28016399999998,53.814639,36.494598,17.320040999999996,42.308581000000004,10.577145250000001,42.630925,38.687736,9.671934,38.849351,64.98207500000001,16.245518750000002,65.00627
P,16,2,7,1,4,228.485997,158.88934899999998,159.034822,69.59664800000002,57.12149925,39.722337249999995,17.399162000000004,41.073454999999996,10.268363749999999,41.127097,53.898675999999995,13.474668999999999,53.905451,63.917218000000005,15.979304500000001,64.002274
P,16,2,7,2,4,191.087019,124.22231900000001,124.304679,66.86469999999998,47.77175475,31.055579750000003,16.716174999999996,39.95591400000001,9.988978500000002,39.960536999999995,36.831725,9.20793125,36.88986,47.43468,11.85867,47.454282000000006
P,16,2,7,3,4,213.191451,145.761278,146.13055100000003,67.430173,53.29786275,36.4403195,16.85754325,42.237468,10.559367,42.487019000000004,38.858228999999994,9.714557249999999,38.858794,64.665581,16.16639525,64.784738
P,16,2,7,4,4,190.877623,124.967904,126.61283299999998,65.909719,47.71940575,31.241976,16.47742975,39.309836999999995,9.827459249999999,39.466097999999995,37.046521,9.26163025,38.439305999999995,48.611546,12.1528865,48.70742899999999
P,16,2,7,5,4,192.419975,124.418399,124.855749,68.001576,48.10499375,31.10459975,17.000394,39.69337,9.9233425,40.102128,37.367319,9.34182975,37.392413,47.35771,11.8394275,47.361208000000005
P,16,2,7,6,4,189.524474,123.686729,124.171481,65.837745,47.3811185,30.92168225,16.45943625,39.620505,9.90512625,39.724151,37.449008,9.362252,37.683013,46.617216,11.654304,46.764317
P,16,2,7,7,4,234.564185,165.31323600000002,166.173839,69.25094899999999,58.64104625,41.328309000000004,17.312737249999998,40.457218000000005,10.114304500000001,40.461738999999994,37.979175,9.49479375,38.038582,86.87684300000001,21.719210750000002,87.673518
P,16,2,7,8,4,234.338251,168.857715,168.993429,65.480536,58.58456275,42.21442875,16.370134,40.900245000000005,10.225061250000001,40.955754999999996,37.855157,9.46378925,37.889292,90.10231300000001,22.525578250000002,90.148382
P,16,2,7,9,4,221.01468,154.901698,155.360358,66.11298199999999,55.25367,38.7254245,16.528245499999997,40.627019,10.15675475,40.818168,36.987451,9.24686275,37.124376,77.287228,19.321807,77.41781399999999
P,16,2,7,10,4,223.706562,157.334822,158.131201,66.37173999999999,55.9266405,39.3337055,16.592934999999997,39.843552,9.960888,39.895374,74.71083399999999,18.677708499999998,75.41121799999999,42.780436,10.695109,42.824609
P,16,2,7,11,4,203.98829,136.976437,137.654271,67.011853,50.9970725,34.24410925,16.75296325,36.508292,9.127073,36.512447,55.374147,13.84353675,55.512996,45.093998,11.2734995,45.628828
P,16,2,7,12,4,293.701512,226.824811,228.15560900000003,66.87670099999997,73.425378,56.70620275,16.719175249999992,60.132148,15.033037,60.394227,61.402885999999995,15.350721499999999,61.528294,105.289777,26.32244425,106.23308800000001
P,16,2,7,13,4,187.113513,117.870331,118.89244500000001,69.24318200000002,46.77837825,29.46758275,17.310795500000005,35.92715,8.9817875,36.378562,39.135870000000004,9.783967500000001,39.72095099999999,42.807311,10.70182775,42.792932
P,16,2,7,14,4,242.044192,174.199727,174.297572,67.84446500000001,60.511048,43.54993175,16.961116250000003,46.21029,11.5525725,46.204480000000004,34.768972999999995,8.692243249999999,34.800004,93.22046399999999,23.305115999999998,93.293088
P,16,2,7,15,4,195.607182,127.74736899999999,128.454318,67.859813,48.9017955,31.936842249999998,16.96495325,41.049316,10.262329,41.420347,41.436875,10.35921875,41.698736,45.261178,11.3152945,45.335235000000004
P,16,2,7,16,4,245.978645,176.928091,177.61004200000002,69.050554,61.49466125,44.23202275,17.2626385,42.970015000000004,10.742503750000001,43.024776,39.964707,9.99117675,39.995495000000005,93.993369,23.49834225,94.589771
P,16,2,7,17,4,225.066823,157.244616,157.405508,67.82220699999999,56.26670575,39.311154,16.955551749999998,38.210657,9.55266425,38.254386000000004,40.257597000000004,10.064399250000001,40.274117000000004,78.77636199999999,19.694090499999998,78.877005
P,16,2,7,18,4,239.254105,169.503696,169.82441,69.75040900000002,59.81352625,42.375924,17.437602250000005,38.965075999999996,9.741268999999999,39.148569,36.938617,9.23465425,37.007247,93.600003,23.40000075,93.668594
P,16,2,7,19,4,263.004005,196.948851,197.311393,66.05515400000002,65.75100125,49.23721275,16.513788500000004,45.96817,11.4920425,46.066371000000004,75.53106600000001,18.882766500000002,75.56229400000001,75.449615,18.86240375,75.682728
P,16,2,7,20,4,218.074003,152.242414,152.741228,65.83158900000001,54.51850075,38.0606035,16.457897250000002,39.222656,9.805664,39.50698,36.39083,9.0977075,36.49187,76.628928,19.157232,76.742378
P,16,2,7,21,4,236.911109,166.59933099999998,166.88225599999998,70.31177800000003,59.22777725,41.649832749999995,17.577944500000008,39.130790999999995,9.782697749999999,39.156982,36.770995,9.19274875,36.809513,90.69754499999999,22.674386249999998,90.91576099999999
P,16,2,7,22,4,238.991391,170.079656,170.79207399999999,68.911735,59.74784775,42.519914,17.22793375,39.884882000000005,9.971220500000001,40.081174,36.905598,9.2263995,36.91839,93.28917600000001,23.322294000000003,93.79251
P,16,2,7,23,4,216.290844,147.564029,146.86351100000002,68.72681499999999,54.072711,36.89100725,17.181703749999997,39.396404,9.849101,39.417478,36.340659,9.08516475,36.468676,71.826966,17.9567415,70.977357
P,16,2,7,24,4,190.243969,120.915031,121.163213,69.328938,47.56099225,30.22875775,17.3322345,40.226034,10.0565085,40.279143000000005,36.81344,9.20336,36.898227,43.875557,10.96888925,43.985843
P,16,2,7,25,4,287.599322,220.19937299999998,221.047962,67.39994899999999,71.8998305,55.049843249999995,16.849987249999998,64.46424999999999,16.116062499999998,64.610183,67.62868900000001,16.907172250000002,68.152107,88.106434,22.0266085,88.285672
P,16,2,7,26,4,241.539073,173.35231000000002,175.506761,68.18676299999998,60.38476825,43.338077500000004,17.046690749999996,36.916198,9.2290495,37.413371,39.264737,9.81618425,40.242977,97.17137500000001,24.292843750000003,97.850413
P,16,2,7,27,4,217.261286,150.01637499999998,150.185014,67.24491100000003,54.3153215,37.504093749999996,16.811227750000008,39.723243,9.93081075,39.807525,37.137577,9.28439425,37.168939,73.15555499999999,18.288888749999998,73.20855
P,16,2,7,28,4,217.724014,150.608087,150.860617,67.115927,54.4310035,37.65202175,16.77898175,38.940816,9.735204,38.971036999999995,36.715746,9.1789365,36.873916,74.951525,18.73788125,75.015664
P,16,2,7,29,4,211.999781,142.79591,142.943381,69.20387100000002,52.99994525,35.6989775,17.300967750000005,38.771134,9.6927835,38.775862,36.66083999999999,9.165209999999998,36.711509,67.363936,16.840984,67.45600999999999
P,16,2,7,30,4,229.883724,162.34520200000003,162.438171,67.53852199999997,57.470931,40.58630050000001,16.884630499999993,44.964155,11.24103875,45.010609,70.704417,17.67610425,70.725267,46.67663,11.6691575,46.702295
P,16,2,7,31,4,224.390508,155.54960899999998,156.319572,68.84089900000004,56.097627,38.887402249999994,17.21022475000001,60.615399,15.15384975,60.685320000000004,48.930797,12.23269925,48.969899,46.003412999999995,11.500853249999999,46.664353000000006
P,16,2,7,32,4,252.223796,187.355522,187.593776,64.86827399999999,63.055949,46.8388805,16.217068499999996,36.769042999999996,9.192260749999999,36.879546,61.879795,15.46994875,61.911637,88.706684,22.176671,88.802593
P,16,2,7,33,4,229.923686,163.92197,164.27187800000002,66.00171600000002,57.4809215,40.9804925,16.500429000000004,37.074304999999995,9.268576249999999,37.130258000000005,35.077180999999996,8.769295249999999,35.109135,91.77048400000001,22.942621000000003,92.03248500000001
P,16,2,7,34,4,270.797225,205.50687700000003,206.256663,65.290348,67.69930625,51.37671925000001,16.322587,39.667605,9.91690125,39.749858,74.687377,18.67184425,75.19798800000001,91.15189500000001,22.787973750000003,91.308817
P,16,2,7,35,4,183.736932,117.15254399999999,117.29504600000001,66.584388,45.934233,29.288135999999998,16.646097,37.863749,9.46593725,37.923864,36.039457,9.00986425,36.085838,43.249337999999995,10.812334499999999,43.285344
P,16,2,7,36,4,193.896485,124.540979,125.17415799999999,69.35550600000002,48.47412125,31.13524475,17.338876500000005,38.957802,9.7394505,39.022634,36.706041,9.17651025,36.782328,48.877136,12.219284,49.369196
P,16,2,7,37,4,190.271249,122.75948299999999,122.98026999999999,67.51176600000002,47.56781225,30.689870749999997,16.877941500000006,39.128493,9.78212325,39.111804,36.872133,9.21803325,36.897802,46.758857,11.68971425,46.970664
P,16,2,7,38,4,237.495656,166.262505,166.454961,71.23315099999999,59.373914,41.56562625,17.808287749999998,40.503265999999996,10.125816499999999,40.507768,61.837229,15.45930725,61.911094999999996,63.92201,15.9805025,64.03609800000001
P,16,2,7,39,4,238.275329,170.05159600000002,170.599762,68.22373299999998,59.56883225,42.512899000000004,17.055933249999995,48.647265000000004,12.161816250000001,48.716069000000005,58.725975,14.68149375,59.191247000000004,62.678355999999994,15.669588999999998,62.692446000000004
P,16,2,7,40,4,184.935709,118.21274600000001,118.380534,66.722963,46.23392725,29.553186500000002,16.68074075,37.330827,9.33270675,37.335004,35.363685000000004,8.840921250000001,35.42371,45.518234,11.3795585,45.62182
P,16,2,7,41,4,197.679831,130.245608,130.491948,67.434223,49.41995775,32.561402,16.85855575,41.703877000000006,10.425969250000001,41.697613000000004,38.451679999999996,9.612919999999999,38.624831,50.090051,12.52251275,50.169504
P,16,2,7,42,4,208.663157,141.897199,143.257219,66.76595800000001,52.16578925,35.47429975,16.691489500000003,39.504687,9.87617175,39.590624,37.455435,9.36385875,37.447199,64.937077,16.23426925,66.21939599999999
P,16,2,7,43,4,214.825949,145.203018,145.594965,69.62293100000002,53.70648725,36.3007545,17.405732750000006,43.97053,10.9926325,44.003832,54.669217,13.66730425,54.929576,46.563271,11.64081775,46.661557
P,16,2,7,44,4,187.789174,119.483961,119.55963399999999,68.30521300000001,46.9472935,29.87099025,17.076303250000002,38.134383,9.53359575,38.131207,35.581561,8.89539025,35.579004999999995,45.76801699999999,11.442004249999998,45.849422
P,16,2,7,45,4,188.941203,121.51762999999998,122.261714,67.42357300000002,47.23530075,30.379407499999996,16.855893250000005,38.928287,9.73207175,39.430698,36.424057999999995,9.106014499999999,36.481262,46.165285,11.54132125,46.349754000000004
P,16,2,7,46,4,198.428426,130.245779,130.537949,68.182647,49.6071065,32.56144475,17.04566175,42.876697,10.71917425,42.954431,38.914244999999994,9.728561249999998,39.078544,48.454837,12.11370925,48.504974000000004
P,16,2,7,47,4,205.13745,135.240309,136.97950600000001,69.897141,51.2843625,33.81007725,17.47428525,42.755137000000005,10.688784250000001,43.053141000000004,39.033906,9.7584765,39.066529,53.451266,13.3628165,54.85983600000001
P,16,2,7,48,4,193.43755,125.13847899999999,125.205649,68.299071,48.3593875,31.284619749999997,17.07476775,40.134235,10.03355875,40.172512999999995,37.570581,9.39264525,37.606142,47.433662999999996,11.858415749999999,47.426994
P,16,2,7,49,4,190.14473,124.034819,124.07312000000002,66.10991100000001,47.5361825,31.00870475,16.527477750000003,39.720709,9.93017725,39.701351,37.462457,9.36561425,37.515617,46.851653,11.71291325,46.856152
P,16,2,7,50,4,195.401716,129.201029,129.92028800000003,66.20068699999999,48.850429,32.30025725,16.550171749999997,42.483484000000004,10.620871000000001,42.99512500000001,38.64667600000001,9.661669000000002,38.817619,48.070869,12.01771725,48.107544000000004
P,16,2,7,51,4,198.776082,130.98767800000002,131.15985500000002,67.78840399999999,49.6940205,32.746919500000004,16.947100999999996,41.636607999999995,10.409151999999999,41.687782000000006,38.889246,9.7223115,38.999228,50.46182400000001,12.615456000000002,50.472845
P,16,2,7,52,4,193.434434,127.349257,127.47995200000001,66.08517700000002,48.3586085,31.83731425,16.521294250000004,41.240168999999995,10.310042249999999,41.361281,38.129580000000004,9.532395000000001,38.134989000000004,47.979508,11.994877,47.983682
P,16,2,7,53,4,253.53457,186.829073,187.195397,66.70549700000001,63.3836425,46.70726825,16.676374250000002,42.534423000000004,10.633605750000001,42.588361,39.266863,9.81671575,39.284337,105.027787,26.25694675,105.322699
P,16,2,7,54,4,227.964186,160.887215,161.03644200000002,67.07697100000001,56.9910465,40.22180375,16.769242750000004,39.438367,9.85959175,39.463964000000004,41.04096,10.26024,41.102869,80.407888,20.101972,80.469609
P,16,2,7,55,4,208.285927,138.619226,138.694174,69.66670099999999,52.07148175,34.6548065,17.416675249999997,39.379852,9.844963,39.384446,36.419403,9.10485075,36.49145,62.819970999999995,15.704992749999999,62.818278
P,16,2,7,56,4,207.960206,139.242362,139.363759,68.71784399999999,51.9900515,34.8105905,17.179460999999996,39.260314,9.8150785,39.340433000000004,36.892466999999996,9.223116749999999,36.902555,63.089581,15.77239525,63.120771
P,16,2,7,57,4,189.537103,123.581911,123.70686200000002,65.955192,47.38427575,30.89547775,16.488798,40.010156,10.002539,40.048829000000005,37.615394,9.4038485,37.662217,45.956361,11.48909025,45.995816000000005
P,16,2,7,58,4,235.091526,167.41436900000002,167.610817,67.67715699999997,58.7728815,41.853592250000005,16.91928924999999,44.538156,11.134539,44.516204,76.249938,19.0624845,76.414743,46.62627500000001,11.656568750000002,46.679869999999994
P,16,2,7,59,4,232.14417,163.945707,165.975672,68.198463,58.0360425,40.98642675,17.04961575,36.942952999999996,9.235738249999999,37.425689000000006,35.365497,8.84137425,36.217517,91.637257,22.90931425,92.332466
P,16,2,7,60,4,250.450232,179.636952,180.327946,70.81327999999999,62.612558,44.909238,17.703319999999998,40.282892,10.070723,40.386643,53.47685,13.3692125,53.575630000000004,85.87721,21.4693025,86.365673
P,16,2,7,61,4,234.442859,166.602711,169.036046,67.840148,58.61071475,41.65067775,16.960037,38.269507000000004,9.567376750000001,38.49798,51.330947,12.83273675,51.41372,77.002257,19.25056425,79.124346
P,16,2,7,62,4,229.814468,163.66476600000001,164.355635,66.14970199999999,57.453617,40.916191500000004,16.537425499999998,39.185597,9.79639925,39.189802,36.063652000000005,9.015913000000001,36.14781,88.41551700000001,22.103879250000002,89.018023
P,16,2,7,63,4,247.049881,178.538725,179.81685499999998,68.511156,61.76247025,44.63468125,17.127789,38.672914999999996,9.668228749999999,38.678692,52.602754000000004,13.150688500000001,53.841881,87.263056,21.815764,87.29628199999999
P,16,2,7,64,4,185.303136,118.758114,119.032768,66.54502199999999,46.325784,29.6895285,16.636255499999997,38.776,9.694,38.880434,35.652588,8.913147,35.845604,44.329526,11.0823815,44.30673
P,16,2,7,65,4,221.563484,151.879538,152.447767,69.68394599999999,55.390871,37.9698845,17.420986499999998,38.465628,9.616407,38.519817,36.454404,9.113601,36.967740000000006,76.959506,19.2398765,76.96021
P,16,2,7,66,4,211.385178,144.879875,145.179291,66.505303,52.8462945,36.21996875,16.62632575,38.93143,9.7328575,38.999344,36.973131,9.24328275,37.007666,68.975314,17.2438285,69.172281
P,16,2,7,67,4,221.46314,156.468619,157.138616,64.99452100000002,55.365785,39.11715475,16.248630250000005,40.199741,10.04993525,40.230593999999996,36.962713,9.24067825,37.008336,79.306165,19.82654125,79.899686
P,16,2,7,68,4,238.876656,172.099876,173.027971,66.77678,59.719164,43.024969,16.694195,39.473659000000005,9.868414750000001,40.391225000000006,36.519664,9.129916,36.499599,96.106553,24.02663825,96.137147
P,16,2,7,69,4,223.038193,153.888234,154.02079600000002,69.149959,55.75954825,38.4720585,17.28748975,40.73446,10.183615,40.796099999999996,37.160837,9.29020925,37.222878,75.992937,18.99823425,76.001818
P,16,2,7,70,4,253.302227,181.232528,182.290032,72.06969899999999,63.32555675,45.308132,18.017424749999996,40.744572,10.186143,41.308807,36.345749,9.08643725,36.616319999999995,104.142207,26.03555175,104.364905
P,16,2,7,71,4,256.95646,185.60844100000003,185.879741,71.34801899999997,64.239115,46.40211025000001,17.83700474999999,41.219002,10.3047505,41.247548,38.112464,9.528116,38.175251,106.27697500000001,26.569243750000002,106.456942
P,16,2,7,72,4,238.559506,170.26091300000002,172.160054,68.29859299999998,59.6398765,42.565228250000004,17.074648249999996,39.095778,9.7739445,40.030577,36.961558000000004,9.240389500000001,37.417376999999995,94.203577,23.55089425,94.71209999999999
P,16,2,7,73,4,221.532173,154.15735899999999,154.574914,67.37481400000001,55.38304325,38.539339749999996,16.843703500000004,41.016985000000005,10.254246250000001,41.008347,37.234239,9.30855975,37.40112,75.90613499999999,18.976533749999998,76.165447
P,16,2,7,74,4,190.010425,120.99930499999999,121.15136700000001,69.01112,47.50260625,30.249826249999998,17.25278,38.753176999999994,9.688294249999998,38.820123,36.682175,9.17054375,36.750434,45.563953,11.39098825,45.58081
P,16,2,7,75,4,221.667088,151.87727800000002,152.151712,69.78980999999999,55.416772,37.969319500000005,17.447452499999997,39.250892,9.812723,39.256274000000005,36.939587,9.23489675,37.135791000000005,75.68679900000001,18.921699750000002,75.759647
P,16,2,7,76,4,195.110332,127.648912,127.71506,67.46142,48.777583,31.912228,16.865355,39.426409,9.85660225,39.409057,37.062632,9.265658,37.119294,51.159870999999995,12.789967749999999,51.186709
P,16,2,7,77,4,239.885151,171.68917800000003,172.277784,68.19597299999998,59.97128775,42.92229450000001,17.048993249999995,39.146342000000004,9.786585500000001,39.568602,52.715923000000004,13.178980750000001,52.795074,79.826913,19.95672825,79.914108
P,16,2,7,78,4,233.134694,167.171738,167.363458,65.96295599999999,58.2836735,41.7929345,16.490738999999998,38.24004,9.56001,38.287953,35.757668,8.939417,35.79426,93.17403,23.2935075,93.28124500000001
P,16,2,7,79,4,255.135458,188.00044499999998,188.35823399999998,67.13501300000001,63.7838645,47.000111249999996,16.783753250000004,39.849143,9.96228575,39.879059,74.953571,18.73839275,75.234461,73.19773099999999,18.299432749999998,73.244714
P,16,2,7,80,4,232.859614,164.14767799999998,164.628074,68.71193600000001,58.2149035,41.036919499999996,17.177984000000002,40.936993,10.23424825,41.227388000000005,75.270977,18.81774425,75.391693,47.939707999999996,11.984926999999999,48.008993
P,16,2,7,81,4,192.038876,122.652645,123.48191700000001,69.38623099999998,48.009719,30.66316125,17.346557749999995,38.91473,9.7286825,39.690411000000005,36.51165,9.1279125,36.517741,47.226265000000005,11.806566250000001,47.273765
P,16,2,7,82,4,238.523083,169.40119900000002,169.820406,69.121884,59.63077075,42.350299750000005,17.280471,41.800038,10.4500095,41.869241,55.748613000000006,13.937153250000001,55.768665,71.852548,17.963137,72.1825
P,16,2,7,83,4,208.194355,141.460994,141.599641,66.733361,52.04858875,35.3652485,16.68334025,37.512361,9.37809025,37.517329,35.032358,8.7580895,35.069488,68.916275,17.22906875,69.012824
P,16,2,7,84,4,225.643879,156.585267,156.81485599999996,69.05861200000001,56.41096975,39.14631675,17.264653000000003,38.942591,9.73564775,39.007889,36.362779,9.09069475,36.370312999999996,81.27989699999999,20.319974249999998,81.43665399999999
P,16,2,7,85,4,215.297092,148.683789,149.149666,66.613303,53.824273,37.17094725,16.65332575,39.359518,9.8398795,39.659687000000005,36.844181999999996,9.211045499999999,36.896868999999995,72.480089,18.12002225,72.59311
P,16,2,7,86,4,220.252845,153.175963,153.421385,67.07688200000001,55.06321125,38.29399075,16.769220500000003,32.570403999999996,8.142600999999999,32.624851,31.92909,7.9822725,31.986233,88.676469,22.16911725,88.810301
P,16,2,7,87,4,194.084105,124.61860999999999,125.09689800000001,69.465495,48.52102625,31.154652499999997,17.36637375,41.528983999999994,10.382245999999999,41.575948000000004,36.837082,9.2092705,36.877111,46.252544,11.563136,46.64383900000001
P,16,2,7,88,4,241.166463,173.625112,175.231589,67.54135099999999,60.29161575,43.406278,16.885337749999998,42.020232,10.505058,42.080468,37.960792,9.490198,37.978864,93.64408800000001,23.411022000000003,95.172257
P,16,2,7,89,4,273.773727,204.222012,204.780418,69.551715,68.44343175,51.055503,17.38792875,41.371258,10.3428145,41.37688000000001,76.987103,19.24677575,77.348818,85.863651,21.46591275,86.05472
P,16,2,7,90,4,225.420814,157.493558,157.87521900000002,67.927256,56.3552035,39.3733895,16.981814,37.65758,9.414395,37.938458000000004,35.862016999999994,8.965504249999999,35.886923,83.973961,20.99349025,84.04983800000001
P,16,2,7,91,4,273.680685,174.191642,174.998734,99.48904299999998,68.42017125,43.5479105,24.872260749999995,39.594091,9.89852275,39.646055,37.166119,9.29152975,37.236028,97.431432,24.357858,98.116651
P,16,2,7,92,4,253.723402,184.98229300000003,186.04024599999997,68.74110899999997,63.4308505,46.24557325000001,17.18527724999999,39.413746,9.8534365,39.479876,52.662001,13.16550025,52.667147,92.906546,23.2266365,93.89322299999999
P,16,2,7,93,4,233.636439,165.208807,165.552933,68.42763199999999,58.40910975,41.30220175,17.106907999999997,42.624864,10.656216,42.673001,53.791472,13.447868,53.980693,68.792471,17.19811775,68.89923900000001
P,16,2,7,94,4,219.415412,151.02133400000002,152.922616,68.39407799999998,54.853853,37.755333500000006,17.098519499999995,38.827952,9.706988,40.325393,53.013306,13.2533265,53.255016,59.18007600000001,14.795019000000002,59.34220700000001
P,16,2,7,95,4,225.172721,155.651497,155.861464,69.52122399999999,56.29318025,38.91287425,17.380305999999997,38.137888000000004,9.534472000000001,38.251137,52.235828,13.058957,52.27502,65.277781,16.31944525,65.335307
P,16,2,7,96,4,220.148952,152.132933,152.312908,68.016019,55.037238,38.03323325,17.00400475,42.515468,10.628867,42.629647,56.180896000000004,14.045224000000001,56.204027999999994,53.436569,13.35914225,53.479233
P,16,2,7,97,4,253.246752,186.179212,186.861892,67.06753999999998,63.311688,46.544803,16.766884999999995,43.752476,10.938119,43.78234500000001,59.713818,14.9284545,59.9638,82.712918,20.6782295,83.115747
P,16,2,7,98,4,264.902793,196.585188,198.689953,68.31760499999999,66.22569825,49.146297,17.079401249999997,43.550002,10.8875005,43.666987,55.594930999999995,13.898732749999999,57.532345,97.440255,24.36006375,97.490621
P,16,2,7,99,4,249.694017,182.47208999999998,183.038927,67.22192700000002,62.42350425,45.618022499999995,16.805481750000006,38.318792,9.579698,38.716016,73.731444,18.432861,73.821006,70.421854,17.6054635,70.50190500000001
P,16,2,7,100,4,233.930648,168.34874000000002,168.601623,65.58190799999997,58.482662,42.087185000000005,16.395476999999993,37.86058,9.465145,37.886296,36.135188,9.033797,36.131040999999996,94.35297200000001,23.588243000000002,94.58428599999999
P,16,2,7,101,4,274.591078,205.131849,205.414767,69.459229,68.6477695,51.28296225,17.36480725,43.731823000000006,10.932955750000001,43.736477,75.2556,18.8139,75.391502,86.144426,21.5361065,86.286788
P,16,2,7,102,4,230.693766,162.646754,163.913332,68.04701200000002,57.6734415,40.6616885,17.011753000000006,42.223347999999994,10.555836999999999,42.927960999999996,37.523765,9.38094125,38.056289,82.899641,20.72491025,82.929082
P,16,2,7,103,4,224.788585,156.093617,157.068326,68.69496800000002,56.19714625,39.02340425,17.173742000000004,38.691806,9.6729515,38.780595,36.528271,9.13206775,37.337979,80.87353999999999,20.218384999999998,80.949752
P,16,2,7,104,4,223.288615,154.920611,155.10618,68.36800399999998,55.82215375,38.73015275,17.092000999999996,41.53965,10.3849125,41.572046,37.440829,9.36020725,37.493703999999994,75.940132,18.985033,76.04043
P,16,2,7,105,4,238.434384,170.78754400000003,171.457629,67.64683999999997,59.608596,42.696886000000006,16.911709999999992,39.574585,9.89364625,39.579948,37.198238,9.2995595,37.247414,94.01472100000001,23.503680250000002,94.630267
P,16,2,7,106,4,273.856629,203.89962400000002,204.63800200000003,69.95700499999998,68.46415725,50.974906000000004,17.489251249999995,64.92167,16.2304175,65.020399,45.930034,11.4825085,46.314997,93.04792,23.26198,93.30260600000001
P,16,2,7,107,4,183.947216,117.35291899999999,117.386513,66.59429700000001,45.986804,29.338229749999996,16.648574250000003,37.801531999999995,9.450382999999999,37.835285,35.311301,8.82782525,35.311658,44.240086,11.0600215,44.23957
P,16,2,7,108,4,229.556103,158.17485,158.682983,71.38125300000002,57.38902575,39.5437125,17.845313250000004,41.771347,10.44283675,42.258793000000004,53.798891999999995,13.449722999999999,53.792888000000005,62.60461099999999,15.651152749999998,62.631302
P,16,2,7,109,4,293.630617,222.793272,222.867196,70.83734499999997,73.40765425,55.698318,17.709336249999993,45.935675,11.48391875,45.938801999999995,74.96460099999999,18.741150249999997,75.055912,101.892996,25.473249,101.872482
P,16,2,7,110,4,245.886752,178.67853499999998,178.763976,67.20821700000002,61.471688,44.669633749999996,16.802054250000005,40.133402,10.0333505,40.141076,68.539549,17.13488725,68.588592,70.005584,17.501396,70.03430800000001
P,16,2,7,111,4,229.867978,163.662993,163.784375,66.204985,57.4669945,40.91574825,16.55124625,38.605045000000004,9.651261250000001,38.601499,36.236378,9.0590945,36.288815,88.82157,22.2053925,88.89406100000001
P,16,2,7,112,4,255.698724,190.350327,191.12516,65.348397,63.924681,47.58758175,16.33709925,51.053563999999994,12.763390999999999,51.268695,63.04784,15.76196,63.486335999999994,76.248923,19.06223075,76.37012899999999
P,16,2,7,113,4,209.909541,143.582554,143.906666,66.326987,52.47738525,35.8956385,16.58174675,37.90509,9.4762725,37.932276,34.725801,8.68145025,34.776149000000004,70.951663,17.73791575,71.198241
P,16,2,7,114,4,252.615111,184.077762,183.541915,68.537349,63.15377775,46.0194405,17.13433725,42.509186,10.6272965,42.501453999999995,64.019378,16.0048445,62.927355,77.549198,19.3872995,78.11310599999999
P,16,2,7,115,4,235.473381,168.548179,168.797609,66.92520199999998,58.86834525,42.13704475,16.731300499999996,37.901275000000005,9.475318750000001,38.038811,43.712810000000005,10.928202500000001,43.769287,86.934094,21.7335235,86.989511
P,16,2,7,116,4,233.887255,164.717034,165.055279,69.170221,58.47181375,41.1792585,17.29255525,38.017453,9.50436325,38.033567,40.741899,10.18547475,40.806365,85.957682,21.4894205,86.21534700000001
P,16,2,7,117,4,238.522558,170.01869399999998,171.815411,68.50386400000002,59.6306395,42.504673499999996,17.125966000000005,38.408564,9.602141,39.114569,40.413023,10.10325575,40.51699,91.19710699999999,22.799276749999997,92.183852
P,16,2,7,118,4,190.902998,124.16439000000003,124.191943,66.73860799999997,47.7257495,31.041097500000006,16.684651999999993,42.24906,10.562265,42.23155,38.886585000000004,9.721646250000001,38.912313999999995,43.02874500000001,10.757186250000002,43.048079
P,16,2,7,119,4,223.723347,154.315168,156.83242,69.40817899999999,55.93083675,38.578792,17.352044749999997,38.119293,9.52982325,38.417158,50.497098,12.6242745,52.144422,65.698777,16.42469425,66.27084
U,1,2,8,0,4,143.031068,27.986933999999998,28.017789999999998,115.04413400000001,35.757767,6.9967334999999995,28.761033500000003,6.277438,1.5693595,6.287601,14.641783,3.66044575,14.653261999999998,7.0677129999999995,1.7669282499999999,7.0769269999999995
U,1,2,8,1,4,131.701625,18.732396,18.763752,112.96922900000001,32.92540625,4.683099,28.242307250000003,6.183840999999999,1.5459602499999998,6.193254,6.282183,1.57054575,6.2935490000000005,6.2663720000000005,1.5665930000000001,6.276948999999999
U,1,2,8,2,4,135.691294,19.066652,19.132054,116.624642,33.9228235,4.766663,29.1561605,6.252778,1.5631945,6.263484,6.174357,1.54358925,6.185121,6.639517000000001,1.6598792500000001,6.683449
U,1,2,8,3,4,138.804249,21.600040999999997,21.632344,117.204208,34.70106225,5.400010249999999,29.301052,6.210455,1.55261375,6.220905,9.167227,2.29180675,9.178510999999999,6.222358999999999,1.5555897499999998,6.232928
U,1,2,8,4,4,156.426671,30.352079999999997,30.566897,126.074591,39.10666775,7.588019999999999,31.51864775,6.317344,1.579336,6.486798,13.517375999999999,3.3793439999999997,13.553794,10.51736,2.62934,10.526305
U,1,2,8,5,4,142.540614,21.076626,21.110451,121.463988,35.6351535,5.2691565,30.365997,6.216715000000001,1.5541787500000002,6.226869000000001,7.452092,1.863023,7.463263999999999,7.407819,1.85195475,7.420318000000001
U,1,2,8,6,4,142.06133,22.158783,22.191847,119.902547,35.5153325,5.53969575,29.97563675,6.231861,1.55796525,6.24208,9.647669,2.41191725,9.659847,6.279253000000001,1.5698132500000002,6.2899199999999995
U,1,2,8,7,4,130.589836,22.000225,22.089373,108.58961099999999,32.647459,5.50005625,27.147402749999998,6.280487,1.57012175,6.347265999999999,9.545117,2.38627925,9.556620999999998,6.174621,1.54365525,6.185486
U,1,2,8,8,4,137.060811,23.357481,23.38809,113.70333,34.26520275,5.83937025,28.4258325,6.2076210000000005,1.5519052500000001,6.2173940000000005,10.906468,2.726617,10.916993,6.243391999999999,1.5608479999999998,6.253703
U,1,2,8,9,4,146.769182,28.498062,32.53841,118.27112,36.6922955,7.1245155,29.56778,6.3873549999999994,1.5968387499999999,6.397483,9.35342,2.338355,13.372659999999998,12.757287000000002,3.1893217500000004,12.768267
U,1,2,8,10,4,135.81946,18.865261999999998,18.925801,116.95419799999999,33.954865,4.716315499999999,29.238549499999998,6.248158999999999,1.5620397499999998,6.25967,6.270764999999999,1.5676912499999998,6.283270999999999,6.346337999999999,1.5865844999999998,6.38286
U,1,2,8,11,4,131.115056,18.646590000000003,18.679836,112.468466,32.778764,4.661647500000001,28.1171165,6.277594000000001,1.5693985000000001,6.288081,6.20678,1.551695,6.2192430000000005,6.162216000000001,1.5405540000000002,6.172512
U,1,2,8,12,4,139.27294,22.955032999999997,23.343806,116.317907,34.818235,5.738758249999999,29.07947675,6.317203,1.57930075,6.326759,10.448823999999998,2.6122059999999996,10.458758,6.189006,1.5472515,6.558289
U,1,2,8,13,4,142.96938,27.383851,27.595292,115.58552900000001,35.742345,6.84596275,28.896382250000002,6.218323,1.55458075,6.227954,14.787559,3.69688975,14.797788,6.377969,1.59449225,6.56955
U,1,2,8,14,4,144.921375,27.676079,27.707358,117.24529600000001,36.23034375,6.91901975,29.311324000000003,6.319386,1.5798465,6.330000999999999,10.794449,2.69861225,10.805404,10.562244,2.640561,10.571953
U,1,2,8,15,4,141.840314,28.019669,28.076275000000003,113.82064500000001,35.4600785,7.00491725,28.455161250000003,6.280031,1.57000775,6.3164180000000005,14.346202,3.5865505,14.356931000000001,7.393436000000001,1.8483590000000003,7.402926
U,1,2,8,16,4,138.724105,22.349855,22.382607,116.37425,34.68102625,5.58746375,29.0935625,6.275946,1.5689865,6.287418,6.891268,1.722817,6.9011320000000005,9.182641,2.29566025,9.194057
U,1,2,8,17,4,136.070884,22.852541999999996,23.009682,113.218342,34.017721,5.713135499999999,28.3045855,6.204934,1.5512335,6.214961,10.452046,2.6130115,10.561956,6.195561999999999,1.5488904999999997,6.232765
U,1,2,8,18,4,154.175213,25.982477,26.064025,128.19273600000002,38.54380325,6.49561925,32.048184000000006,6.131873,1.53296825,6.142332,10.827794,2.7069485,10.889568,9.02281,2.2557025,9.032124999999999
U,1,2,8,19,4,141.505977,24.579338,24.697037,116.926639,35.37649425,6.1448345,29.23165975,6.2899460000000005,1.5724865000000001,6.300382000000001,7.564512000000001,1.8911280000000001,7.633363,10.72488,2.68122,10.763292
U,1,2,8,20,4,133.268674,19.878172,19.936659,113.390502,33.3171685,4.969543,28.3476255,6.250458999999999,1.5626147499999998,6.26075,6.214022999999999,1.5535057499999998,6.251631,7.413690000000001,1.8534225000000002,7.424278
U,1,2,8,21,4,132.678558,19.036655000000003,19.112234,113.64190300000001,33.1696395,4.759163750000001,28.410475750000003,6.2304390000000005,1.5576097500000001,6.266808999999999,6.6385320000000005,1.6596330000000001,6.668668,6.167684,1.541921,6.176757
U,1,2,8,22,4,131.128227,18.871001,18.902134,112.257226,32.78205675,4.71775025,28.0643065,6.26285,1.5657125,6.272473,6.378349,1.59458725,6.38949,6.229802,1.5574505,6.240171
U,1,2,8,23,4,133.190763,18.703397,18.736423000000002,114.48736600000001,33.29769075,4.67584925,28.621841500000002,6.12252,1.53063,6.132274,6.384288000000001,1.5960720000000002,6.395607,6.196589,1.54914725,6.208542
U,1,2,8,24,4,135.938857,18.766284,18.81516,117.17257300000001,33.98471425,4.691571,29.293143250000004,6.293909,1.57347725,6.320647999999999,6.221126000000001,1.5552815000000002,6.233545,6.251249,1.56281225,6.260967
U,1,2,8,25,4,146.258945,32.072596,32.13969,114.186349,36.56473625,8.018149,28.54658725,6.2071179999999995,1.5517794999999999,6.217866,10.337481,2.58437025,10.34756,15.527997,3.88199925,15.574264000000001
U,1,2,8,26,4,137.057164,19.781917,19.81165,117.27524700000001,34.264291,4.94547925,29.318811750000002,6.307492000000001,1.5768730000000002,6.317162,7.3009189999999995,1.8252297499999999,7.310592,6.173506,1.5433765,6.183896
U,1,2,8,27,4,139.258998,25.682097,25.783486999999997,113.57690099999999,34.8147495,6.42052425,28.394225249999998,6.242871,1.56071775,6.252864,13.284367,3.32109175,13.345528999999999,6.154859,1.53871475,6.185094
U,1,2,8,28,4,137.806579,21.374762999999998,21.538755000000002,116.431816,34.45164475,5.3436907499999995,29.107954,6.2581109999999995,1.5645277499999999,6.290215999999999,6.563422,1.6408555,6.601203,8.55323,2.1383075,8.647336000000001
U,1,2,8,29,4,133.046273,20.386301000000003,20.417046999999997,112.65997200000001,33.26156825,5.096575250000001,28.164993000000003,6.304183000000001,1.5760457500000002,6.314265,6.299180000000001,1.5747950000000002,6.30931,7.782938,1.9457345,7.7934719999999995
U,1,2,8,30,4,136.338723,18.828854,18.928076,117.50986899999998,34.08468075,4.7072135,29.377467249999995,6.239706,1.5599265,6.2612380000000005,6.197729,1.54943225,6.245459,6.391418999999999,1.5978547499999998,6.421379
U,1,2,8,31,4,136.267338,18.842422,18.898706,117.424916,34.0668345,4.7106055,29.356229,6.313782,1.5784455,6.323106,6.358324,1.589581,6.394325,6.170316000000001,1.5425790000000001,6.181274999999999
U,1,2,8,32,4,140.224126,19.497197,19.526959,120.72692900000001,35.0560315,4.87429925,30.181732250000003,6.1948170000000005,1.5487042500000001,6.204922,6.847160000000001,1.7117900000000001,6.857032,6.455220000000001,1.6138050000000002,6.465005000000001
U,1,2,8,33,4,130.470875,18.585695,18.748738,111.88518,32.61771875,4.64642375,27.971295,6.206613,1.55165325,6.302798,6.166593000000001,1.5416482500000002,6.178987,6.212489,1.55312225,6.266953
U,1,2,8,34,4,140.742483,26.155240999999997,26.391524,114.587242,35.18562075,6.538810249999999,28.6468105,6.25807,1.5645175,6.269445999999999,6.460211999999999,1.6150529999999998,6.674194,13.436958999999998,3.3592397499999995,13.447884000000002
U,1,2,8,35,4,139.717053,25.822589999999998,25.897104,113.894463,34.92926325,6.4556474999999995,28.47361575,6.169935000000001,1.5424837500000002,6.180318,6.418047,1.60451175,6.429564,13.234607999999998,3.3086519999999995,13.287222
U,1,2,8,36,4,138.739457,22.024502000000002,22.449648000000003,116.71495499999999,34.68486425,5.5061255000000005,29.178738749999997,6.214168000000001,1.5535420000000002,6.6189469999999995,6.188809,1.54720225,6.199712,9.621525000000002,2.4053812500000005,9.630989000000001
U,1,2,8,37,4,137.162312,19.072056,19.132143999999997,118.09025599999998,34.290578,4.768014,29.522563999999996,6.217207,1.55430175,6.227920999999999,6.595447,1.64886175,6.606526,6.259402,1.5648505,6.297696999999999
U,1,2,8,38,4,138.778437,21.190558000000003,22.552455000000002,117.58787899999999,34.69460925,5.297639500000001,29.396969749999997,6.18975,1.5474375,6.199161,6.288293,1.57207325,7.319899000000001,8.712515000000002,2.1781287500000004,9.033394999999999
U,1,2,8,39,4,145.182167,29.546988000000002,29.535506000000005,115.635179,36.29554175,7.386747000000001,28.90879475,6.296361,1.57409025,6.3070520000000005,13.743497000000001,3.4358742500000004,13.710350000000002,9.50713,2.3767825,9.518104
U,1,2,8,40,4,143.500304,23.564016000000002,23.947128999999997,119.93628799999999,35.875076,5.891004000000001,29.984071999999998,6.194483,1.54862075,6.2041759999999995,6.193395,1.54834875,6.4227170000000005,11.176138,2.7940345,11.320236
U,1,2,8,41,4,132.111997,19.005386,19.037271,113.106611,33.02799925,4.7513465,28.27665275,6.290641000000001,1.5726602500000002,6.301311,6.261966,1.5654915,6.272743,6.452779,1.61319475,6.463217
U,1,2,8,42,4,138.577672,25.833539,25.863334000000002,112.744133,34.644418,6.45838475,28.18603325,6.263286999999999,1.5658217499999998,6.2733159999999994,13.427205,3.35680125,13.437812000000001,6.143046999999999,1.5357617499999998,6.152206
U,1,2,8,43,4,139.757325,22.638835999999998,22.718204,117.11848900000001,34.93933125,5.659708999999999,29.279622250000003,6.198643,1.54966075,6.207603000000001,6.158186,1.5395465,6.218083,10.282007,2.57050175,10.292518000000001
U,1,2,8,44,4,148.307514,33.241015,33.27671,115.066499,37.0768785,8.31025375,28.76662475,7.175752,1.793938,7.188136,17.371108999999997,4.342777249999999,17.38237,8.694154000000001,2.1735385000000003,8.706204
U,1,2,8,45,4,143.319639,22.540975,22.65881,120.77866399999999,35.82990975,5.63524375,30.194665999999998,6.936451,1.73411275,6.948348999999999,7.453434,1.8633585,7.565232999999999,8.15109,2.0377725,8.145228
U,1,2,8,46,4,135.241715,21.286728,21.321374,113.954987,33.81042875,5.321682,28.48874675,7.201218,1.8003045,7.199515999999999,7.167229000000001,1.7918072500000002,7.178492,6.918281,1.72957025,6.943366000000001
U,1,2,8,47,4,139.39418,22.002698,22.064913999999998,117.39148200000001,34.848545,5.5006745,29.347870500000003,7.583353,1.89583825,7.59502,7.401628,1.850407,7.440173999999999,7.017717,1.75442925,7.029719999999999
U,1,2,8,48,4,144.69188,22.173264,22.315426000000002,122.518616,36.17297,5.543316,30.629654,6.850846000000001,1.7127115000000002,6.86347,7.244183999999999,1.8110459999999997,7.278439,8.078234,2.0195585,8.173517
U,1,2,8,49,4,154.326382,38.030215,38.268902,116.296167,38.5815955,9.50755375,29.07404175,7.439714,1.8599285,7.451491,13.636270000000001,3.4090675000000004,13.854579000000001,16.954231,4.23855775,16.962832
U,1,2,8,50,4,148.769503,30.985664999999997,31.073862,117.78383799999999,37.19237575,7.746416249999999,29.445959499999997,6.8755500000000005,1.7188875000000001,6.886985,6.941715,1.73542875,6.954507,17.1684,4.2921,17.23237
U,1,2,8,51,4,155.384218,41.669972,41.780605,113.714246,38.8460545,10.417493,28.4285615,7.459871999999999,1.8649679999999997,7.498063,19.513209,4.87830225,19.524874,14.696890999999999,3.6742227499999998,14.757668
U,1,2,8,52,4,153.707848,36.640249,36.704088999999996,117.06759900000002,38.426962,9.16006225,29.266899750000004,7.398209,1.84955225,7.409084,13.568061,3.39201525,13.609202,15.673979,3.91849475,15.685803
U,1,2,8,53,4,142.9433,25.148446,25.183837999999998,117.79485399999999,35.735825,6.2871115,29.448713499999997,7.582917999999999,1.8957294999999998,7.596399,10.473383,2.61834575,10.483201999999999,7.092145,1.77303625,7.104237
U,1,2,8,54,4,145.430909,27.636338,27.714588,117.79457100000002,36.35772725,6.9090845,29.448642750000005,7.020328999999999,1.7550822499999998,7.030161,9.959012999999999,2.4897532499999997,9.971301,10.656996,2.664249,10.713126
U,1,2,8,55,4,148.949952,25.602525999999997,25.827170000000002,123.347426,37.237488,6.400631499999999,30.8368565,6.965823,1.74145575,7.167516,8.029415,2.00735375,8.041663999999999,10.607287999999999,2.6518219999999997,10.61799
U,1,2,8,56,4,147.716124,23.120973,23.935844000000003,124.59515100000002,36.929031,5.78024325,31.148787750000004,8.108037000000001,2.0270092500000003,8.161916,7.897411,1.97435275,7.909038000000001,7.115525,1.77888125,7.864890000000001
U,1,2,8,57,4,154.537061,36.443169,36.497825,118.093892,38.63426525,9.11079225,29.523473,7.0523940000000005,1.7630985000000001,7.062799,17.330928,4.332732,17.367084,12.059847000000001,3.0149617500000003,12.067942
U,1,2,8,58,4,144.648933,25.957694000000004,26.06095,118.691239,36.16223325,6.489423500000001,29.67280975,7.012205,1.75305125,7.024071,8.428589,2.10714725,8.455924,10.516900000000001,2.6292250000000004,10.580955
U,1,2,8,59,4,140.625454,21.87526,21.914997999999997,118.750194,35.1563635,5.468815,29.6875485,7.389722,1.8474305,7.404793,6.874285,1.71857125,6.886009,7.6112530000000005,1.9028132500000001,7.6241959999999995
U,1,2,8,60,4,152.537394,31.736735999999997,31.889336,120.80065800000001,38.1343485,7.934183999999999,30.200164500000003,8.114780999999999,2.0286952499999997,8.24349,7.419460999999999,1.8548652499999998,7.431326,16.202493999999998,4.0506234999999995,16.21452
U,1,2,8,61,4,150.393244,29.805371,29.8363,120.587873,37.598311,7.45134275,30.14696825,7.2241990000000005,1.8060497500000001,7.234567999999999,14.972299000000001,3.7430747500000003,14.983146,7.608872999999999,1.9022182499999998,7.618586
U,1,2,8,62,4,146.011984,26.526936999999997,26.718457,119.48504700000001,36.502996,6.631734249999999,29.871261750000002,7.391627,1.84790675,7.403047000000001,7.793299999999999,1.9483249999999996,7.975741,11.34201,2.8355025,11.339669
U,1,2,8,63,4,153.098904,31.24221,31.274752,121.856694,38.274726,7.8105525,30.4641735,7.280984,1.820246,7.291239,12.880658,3.2201645,12.891179999999999,11.080568,2.770142,11.092333
U,1,2,8,64,4,150.253102,33.180640000000004,33.270832,117.072462,37.5632755,8.295160000000001,29.2681155,7.077635,1.76940875,7.088227,18.786994,4.6967485,18.853098999999997,7.3160110000000005,1.8290027500000001,7.329506
U,1,2,8,65,4,160.675683,40.044281999999995,40.077551,120.631401,40.16892075,10.011070499999999,30.15785025,7.159233,1.78980825,7.1708750000000006,17.161524,4.290381,17.173023999999998,15.723524999999999,3.9308812499999997,15.733652
U,1,2,8,66,4,141.651032,25.595913,25.686312,116.05511899999999,35.412758,6.39897825,29.013779749999998,8.123998,2.0309995,8.139917,10.539705999999999,2.6349264999999997,10.602666,6.932209,1.73305225,6.943729000000001
U,1,2,8,67,4,138.541168,22.580339,22.613459000000002,115.960829,34.635292,5.64508475,28.99020725,6.231319,1.55782975,6.241291,8.493154,2.1232885,8.503405,7.855866,1.9639665,7.868763
U,1,2,8,68,4,154.06602,32.280399,32.465221,121.785621,38.516505,8.07009975,30.44640525,7.000729,1.75018225,7.011436999999999,12.640124,3.160031,12.651983999999999,12.639546,3.1598865,12.8018
U,1,2,8,69,4,160.169891,38.818444,38.854063,121.35144700000001,40.04247275,9.704611,30.337861750000002,7.636393,1.90909825,7.649953,19.071757,4.76793925,19.082662999999997,12.110294,3.0275735,12.121447
U,1,2,8,70,4,147.966025,30.047725999999997,30.141003,117.918299,36.99150625,7.511931499999999,29.47957475,6.198415,1.54960375,6.207931,13.961048,3.490262,14.034298,9.888263,2.47206575,9.898774
U,1,2,8,71,4,144.363735,29.451873,29.506631,114.91186199999999,36.09093375,7.36296825,28.727965499999996,6.322799999999999,1.5806999999999998,6.3330589999999995,9.579899000000001,2.3949747500000003,9.613104,13.549174,3.3872935,13.560468
U,1,2,8,72,4,152.95818,30.876662,30.990423999999997,122.081518,38.239545,7.7191655,30.5203795,6.24459,1.5611475,6.2536640000000006,8.17515,2.0437875,8.269267000000001,16.456922,4.1142305,16.467492999999997
U,1,2,8,73,4,140.447077,24.245797,24.309373,116.20128000000001,35.11176925,6.06144925,29.050320000000003,6.234841000000001,1.5587102500000003,6.277108,11.63278,2.908195,11.643622,6.378176000000001,1.5945440000000002,6.388643000000001
U,1,2,8,74,4,134.87025,19.735642,19.906315,115.134608,33.7175625,4.9339105,28.783652,6.135001,1.53375025,6.145486,7.479557,1.86988925,7.489996,6.121084,1.530271,6.2708330000000005
U,1,2,8,75,4,152.250375,33.694665,33.755421,118.55570999999999,38.06259375,8.42366625,29.638927499999998,6.140851,1.53521275,6.151293999999999,18.543545,4.63588625,18.554378,9.010269,2.25256725,9.049749
U,1,2,8,76,4,139.23257,22.504639,22.534508000000002,116.72793100000001,34.8081425,5.62615975,29.181982750000003,6.113825,1.52845625,6.123641,7.34079,1.8351975,7.350869,9.050024,2.262506,9.059998
U,1,2,8,77,4,143.497906,28.385806000000002,28.901326,115.1121,35.8744765,7.096451500000001,28.778025,6.026123,1.50653075,6.0356939999999994,16.244646,4.0611615,16.7296,6.115037,1.52875925,6.136031999999999
U,1,2,8,78,4,138.79675,24.224816,24.254311,114.571934,34.6991875,6.056204,28.6429835,6.10489,1.5262225,6.114032,9.143594,2.2858985,9.153845,8.976332,2.244083,8.986434
U,1,2,8,79,4,138.529433,18.603291,18.71427,119.92614200000001,34.63235825,4.65082275,29.981535500000003,6.193716,1.548429,6.202946,6.257498,1.5643745,6.362773,6.152077,1.53801925,6.148550999999999
U,1,2,8,80,4,137.393582,21.469281000000002,21.540768,115.92430100000001,34.3483955,5.367320250000001,28.981075250000004,6.1720109999999995,1.5430027499999999,6.222799,6.2789280000000005,1.5697320000000001,6.289795,9.018342,2.2545855,9.028174
U,1,2,8,81,4,132.357846,18.355771,18.555134,114.00207499999999,33.0894615,4.58894275,28.500518749999998,6.110943,1.52773575,6.120439999999999,6.1601230000000005,1.5400307500000001,6.183698,6.084705,1.52117625,6.250996000000001
U,1,2,8,82,4,144.134721,26.062706000000002,26.140248,118.07201500000001,36.03368025,6.5156765000000005,29.518003750000002,6.129748,1.532437,6.139858,9.490968,2.372742,9.549225999999999,10.44199,2.6104975,10.451164
U,1,2,8,83,4,139.900989,21.67276,21.704233000000002,118.22822900000001,34.97524725,5.41819,29.557057250000003,6.154777,1.53869425,6.16503,7.928368,1.982092,7.9390730000000005,7.589615,1.89740375,7.60013
U,1,2,8,84,4,142.128302,25.6179,25.695358,116.510402,35.5320755,6.404475,29.1276005,6.199085999999999,1.5497714999999999,6.209007,6.458439,1.61460975,6.486053,12.960374999999999,3.2400937499999998,13.000297999999999
U,1,2,8,85,4,147.824858,27.375998,27.478805,120.44886000000001,36.9562145,6.8439995,30.112215000000003,6.240226,1.5600565,6.283404,10.742525,2.68563125,10.793092999999999,10.393246999999999,2.5983117499999997,10.402308000000001
U,1,2,8,86,4,147.497783,28.500892,28.553835,118.996891,36.87444575,7.125223,29.74922275,6.122062,1.5305155,6.132019,7.752262,1.9380655,7.785069000000001,14.626567999999999,3.6566419999999997,14.636747000000002
U,1,2,8,87,4,130.632169,19.070788999999998,19.126623,111.56138000000001,32.65804225,4.767697249999999,27.890345000000003,6.232955,1.55823875,6.243347,6.214253,1.55356325,6.223495,6.623581,1.65589525,6.659781
U,1,2,8,88,4,138.00863,18.840934,18.872543,119.167696,34.5021575,4.7102335,29.791924,6.192515,1.54812875,6.202567,6.223781,1.55594525,6.234844000000001,6.424638000000001,1.6061595000000002,6.435132
U,1,2,8,89,4,133.643409,18.912363,18.944029999999998,114.73104599999999,33.41085225,4.72809075,28.682761499999998,6.190698,1.5476745,6.200476999999999,6.1516340000000005,1.5379085000000001,6.1624929999999996,6.570031,1.64250775,6.581059999999999
U,1,2,8,90,4,140.084955,25.442213000000002,25.498801999999998,114.642742,35.02123875,6.360553250000001,28.6606855,6.242323,1.56058075,6.277055,6.23604,1.55901,6.246473,12.96385,3.2409625,12.975273999999999
U,1,2,8,91,4,129.509315,18.556884,18.615654999999997,110.95243099999999,32.37732875,4.639221,27.738107749999998,6.143874,1.5359685,6.181794999999999,6.234551000000001,1.5586377500000002,6.244789,6.178459,1.54461475,6.189071
U,1,2,8,92,4,135.894986,18.454189,18.508977,117.44079699999999,33.9737465,4.61354725,29.360199249999997,6.1678120000000005,1.5419530000000001,6.178997,6.152263,1.53806575,6.186643999999999,6.134114,1.5335285,6.143336000000001
U,1,2,8,93,4,142.933931,25.490149000000002,25.603012,117.443782,35.73348275,6.372537250000001,29.3609455,6.1986989999999995,1.5496747499999999,6.270225,13.084363,3.27109075,13.115664,6.207087,1.55177175,6.217122999999999
U,1,2,8,94,4,140.963641,23.016716,23.065170000000002,117.946925,35.24091025,5.754179,29.48673125,6.245582,1.5613955,6.255619,10.614549,2.65363725,10.641936000000001,6.156585,1.53914625,6.167615
U,1,2,8,95,4,145.602083,27.623417000000003,27.708651,117.97866599999999,36.40052075,6.905854250000001,29.494666499999997,6.195323,1.54883075,6.204637999999999,7.9539670000000005,1.9884917500000001,7.964447,13.474127000000001,3.3685317500000003,13.539566
U,1,2,8,96,4,143.901876,29.457188000000002,29.499565999999998,114.44468799999999,35.975469,7.3642970000000005,28.611171999999996,6.29912,1.57478,6.309343999999999,16.318913000000002,4.0797282500000005,16.328463,6.839155,1.70978875,6.861759
U,1,2,8,97,4,137.014553,23.226588,23.319092999999995,113.78796500000001,34.25363825,5.806647,28.446991250000004,6.311878,1.5779695,6.333674,10.710562,2.6776405,10.771446999999998,6.204148,1.551037,6.213972
U,1,2,8,98,4,134.170964,21.77938,21.810361,112.391584,33.542741,5.444845,28.097896,6.34956,1.58739,6.359218,9.149023,2.28725575,9.160436,6.280797,1.57019925,6.290706999999999
U,1,2,8,99,4,131.056752,18.552155,18.590025999999998,112.50459699999999,32.764188,4.63803875,28.126149249999997,6.196248,1.549062,6.206018,6.168735,1.54218375,6.186247999999999,6.187172,1.546793,6.197759999999999
U,1,2,8,100,4,135.628091,18.514145,18.587113,117.11394600000001,33.90702275,4.62853625,29.278486500000003,6.226214000000001,1.5565535000000001,6.236323,6.130378,1.5325945,6.183262,6.157553,1.53938825,6.167528
U,1,2,8,101,4,136.416825,22.162766,22.193474000000002,114.25405899999998,34.10420625,5.5406915,28.563514749999996,6.267518,1.5668795,6.277452,6.234919,1.55872975,6.246522000000001,9.660329,2.41508225,9.6695
U,1,2,8,102,4,134.442665,20.581025000000004,20.613190000000003,113.86164,33.61066625,5.145256250000001,28.46541,6.2417370000000005,1.5604342500000001,6.251250000000001,6.2817810000000005,1.5704452500000001,6.293512000000001,8.057507000000001,2.0143767500000003,8.068428
U,1,2,8,103,4,141.909602,30.64855,30.792009999999998,111.261052,35.4774005,7.6621375,27.815263,6.243088,1.560772,6.287694,10.799816,2.699954,10.860164000000001,13.605646,3.4014115,13.644152
U,1,2,8,104,4,139.218215,25.995731999999997,26.02807,113.22248299999998,34.80455375,6.498932999999999,28.305620749999996,6.2278649999999995,1.5569662499999999,6.237971,13.435875999999999,3.3589689999999996,13.446451,6.331991,1.58299775,6.343648
U,1,2,8,105,4,140.821861,28.792146,28.847698,112.02971500000001,35.20546525,7.1980365,28.007428750000003,6.188803999999999,1.5472009999999998,6.199039,16.350279,4.08756975,16.385446,6.253063,1.56326575,6.263213
U,1,2,8,106,4,141.070776,25.717673,25.800485000000002,115.35310299999999,35.267694,6.42941825,28.838275749999998,6.200639000000001,1.5501597500000002,6.263496,9.207492,2.301873,9.218251,10.309542,2.5773855,10.318738
U,1,2,8,107,4,146.781052,28.216328,28.249430999999998,118.56472399999998,36.695263,7.054082,29.641180999999996,6.264428,1.566107,6.2754,13.460378,3.3650945,13.470674999999998,8.491522,2.1228805,8.503356
U,1,2,8,108,4,133.682603,21.778247,21.832437,111.904356,33.42065075,5.44456175,27.976089,6.271288,1.567822,6.281325999999999,9.359895,2.33997375,9.371233,6.147064,1.536766,6.179878
U,1,2,8,109,4,148.696486,29.228046,29.258744,119.46843999999999,37.1741215,7.3070115,29.867109999999997,6.208865,1.55221625,6.218638,9.400897,2.35022425,9.411251,13.618284,3.404571,13.628855
U,1,2,8,110,4,132.966649,18.672157000000002,18.76101,114.29449199999999,33.24166225,4.6680392500000005,28.573622999999998,6.185725000000001,1.5464312500000001,6.196871999999999,6.230425,1.55760625,6.298223999999999,6.256006999999999,1.5640017499999999,6.265914
U,1,2,8,111,4,135.270334,19.031828000000004,19.114227999999997,116.23850599999999,33.8175835,4.757957000000001,29.059626499999997,6.239975,1.55999375,6.267578,6.397984000000001,1.5994960000000003,6.4415629999999995,6.3938690000000005,1.5984672500000001,6.405086999999999
U,1,2,8,112,4,131.31273,26.190271,26.223679,105.12245899999999,32.8281825,6.54756775,26.280614749999998,6.381474,1.5953685,6.392615,6.288211,1.57205275,6.29866,13.520585999999998,3.3801464999999995,13.532404
U,1,2,8,113,4,126.480708,18.511401,18.541653,107.96930700000001,31.620177,4.62785025,26.992326750000004,6.202325999999999,1.5505814999999998,6.211772,6.157781,1.53944525,6.168306,6.151294,1.5378235,6.161575
U,1,2,8,114,4,136.646466,18.484074999999997,18.547229,118.16239100000001,34.1616165,4.621018749999999,29.540597750000003,6.219294,1.5548235,6.262916000000001,6.179946,1.5449865,6.189527,6.084835,1.52120875,6.094786
U,1,2,8,115,4,140.28075,23.513326999999997,23.542611,116.76742300000001,35.0701875,5.878331749999999,29.191855750000002,6.297071999999999,1.5742679999999998,6.306427,9.313414999999999,2.3283537499999998,9.323747,7.902839999999999,1.9757099999999999,7.912437000000001
U,1,2,8,116,4,153.442756,31.408376999999998,31.547221,122.034379,38.360689,7.8520942499999995,30.50859475,7.881207,1.97030175,7.916202999999999,12.084874,3.0212185,12.110251,11.442295999999999,2.8605739999999997,11.520767
U,1,2,8,117,4,153.379148,27.634100000000004,27.710808,125.74504799999998,38.344787,6.908525000000001,31.436261999999996,7.863038,1.9657595,7.872284000000001,7.827319000000001,1.9568297500000003,7.886545999999999,11.943743000000001,2.9859357500000003,11.951978
U,1,2,8,118,4,154.791828,32.835406,32.906857,121.956422,38.697957,8.2088515,30.4891055,7.799549,1.94988725,7.808008,7.766005000000001,1.9415012500000002,7.787768,17.269852,4.317463,17.311081
U,1,2,8,119,4,144.347483,23.515715,23.566738,120.83176800000001,36.08687075,5.87892875,30.207942000000003,8.178108,2.044527,8.184995,7.715597,1.92889925,7.726223,7.6220099999999995,1.9055024999999999,7.65552
U,16,3,0,0,4,308.04942,188.577819,191.184886,119.47160099999999,77.012355,47.14445475,29.867900249999998,69.04003499999999,17.260008749999997,69.88170600000001,69.027753,17.25693825,70.72207,50.510031000000005,12.627507750000001,50.581109999999995
U,16,3,0,1,4,385.342486,271.65547,272.108384,113.68701600000003,96.3356215,67.9138675,28.421754000000007,100.569443,25.14236075,100.728082,80.97044299999999,20.242610749999997,81.193863,90.115584,22.528896,90.18643900000001
U,16,3,0,2,4,294.896773,179.621428,180.05999699999998,115.27534499999999,73.72419325,44.905357,28.818836249999997,52.099368,13.024842,52.431096999999994,47.296621,11.82415525,47.30380699999999,80.22543900000001,20.056359750000002,80.325093
U,16,3,0,3,4,318.316377,202.043833,203.24077799999998,116.27254399999998,79.57909425,50.51095825,29.068135999999996,49.019619999999996,12.254904999999999,49.76805,50.713415000000005,12.678353750000001,51.071290999999995,102.310798,25.5776995,102.40143699999999
U,16,3,0,4,4,313.422545,196.11787900000002,196.246226,117.304666,78.35563625,49.029469750000004,29.3261665,54.073367,13.51834175,54.103539,50.495413000000006,12.623853250000002,50.524036,91.549099,22.88727475,91.618651
U,16,3,0,5,4,312.776749,199.670295,200.435733,113.10645399999999,78.19418725,49.91757375,28.276613499999996,47.134903,11.78372575,47.140135,103.36077900000001,25.840194750000002,103.68805800000001,49.174613,12.29365325,49.60754
U,16,3,0,6,4,368.749284,250.39725699999997,250.855681,118.35202700000002,92.187321,62.59931424999999,29.588006750000005,49.598242,12.3995605,49.787528,102.37551299999998,25.593878249999996,102.549147,98.423502,24.6058755,98.519006
U,16,3,0,7,4,400.541206,284.190417,284.69738099999995,116.35078899999996,100.1353015,71.04760425,29.08769724999999,88.18310100000001,22.045775250000002,88.241869,111.09418,27.773545,111.417786,84.913136,21.228284,85.03772599999999
U,16,3,0,8,4,357.247924,243.66008399999998,244.294718,113.58784000000003,89.311981,60.915020999999996,28.396960000000007,45.506948,11.376737,45.563102,106.501261,26.62531525,106.71181299999999,91.65187499999999,22.912968749999997,92.019803
U,16,3,0,9,4,351.162141,238.523829,239.88491600000003,112.63831200000001,87.79053525,59.63095725,28.159578000000003,100.70549299999999,25.176373249999997,100.86637400000001,91.02960100000001,22.757400250000003,91.170741,46.788735,11.69718375,47.847801
U,16,3,0,10,4,319.210458,203.79784,204.343301,115.41261800000001,79.8026145,50.94946,28.853154500000002,61.896699,15.47417475,62.231134999999995,92.877381,23.21934525,93.02070900000001,49.02376,12.25594,49.091457
U,16,3,0,11,4,370.777908,253.183704,253.71669099999997,117.59420400000002,92.694477,63.295926,29.398551000000005,59.216037,14.80400925,59.267061,108.380146,27.0950365,108.546122,85.58752100000001,21.396880250000002,85.903508
U,16,3,0,12,4,313.784006,205.90896800000002,207.238719,107.87503799999996,78.4460015,51.477242000000004,26.96875949999999,47.628583,11.90714575,47.653141000000005,48.422464,12.105616,48.451871999999995,109.857921,27.46448025,111.13370599999999
U,16,3,0,13,4,366.213791,247.47556400000002,247.96018700000002,118.738227,91.55344775,61.868891000000005,29.68455675,61.571132000000006,15.392783000000001,61.576919000000004,81.67978000000001,20.419945000000002,82.066968,104.22465199999999,26.056162999999998,104.31630000000001
U,16,3,0,14,4,323.583417,208.09033599999998,209.246043,115.49308100000002,80.89585425,52.022583999999995,28.873270250000004,40.303089,10.07577225,40.362852000000004,80.85434599999999,20.213586499999998,81.138911,86.932901,21.73322525,87.74428
U,16,3,0,15,4,296.013618,181.150105,182.052863,114.86351300000001,74.0034045,45.28752625,28.715878250000003,46.596996999999995,11.649249249999999,46.688969,82.24432300000001,20.561080750000002,82.323403,52.308785,13.07719625,53.040491
U,16,3,0,16,4,345.341991,233.069473,233.899159,112.27251800000002,86.33549775,58.26736825,28.068129500000005,114.256104,28.564026,114.410684,71.485897,17.87147425,72.103133,47.327472,11.831868,47.385341999999994
U,16,3,0,17,4,322.460316,205.963319,206.487087,116.49699699999996,80.615079,51.49082975,29.12424924999999,49.718819,12.42970475,49.860746,106.791787,26.69794675,107.154964,49.452713,12.36317825,49.471377
U,16,3,0,18,4,312.789541,184.584816,185.29390500000002,128.204725,78.19738525,46.146204,32.05118125,47.738153000000004,11.934538250000001,48.31163600000001,90.257187,22.56429675,90.389028,46.589476,11.647369,46.593241
U,16,3,0,19,4,327.258706,217.757027,218.244642,109.50167900000002,81.8146765,54.43925675,27.375419750000006,94.55547299999999,23.638868249999998,94.62787300000001,48.584282,12.1460705,48.69953,74.617272,18.654318,74.917239
U,16,3,0,20,4,319.202791,207.337175,207.878095,111.86561599999999,79.80069775,51.83429375,27.966403999999997,72.371107,18.09277675,72.80057500000001,94.049439,23.51235975,94.114326,40.916629,10.22915725,40.963193999999994
U,16,3,0,21,4,273.221097,156.018914,156.18961199999998,117.20218299999999,68.30527425,39.0047285,29.300545749999998,66.338481,16.58462025,66.365338,41.065555,10.26638875,41.134779,48.614878,12.1537195,48.689494999999994
U,16,3,0,22,4,285.076674,166.996352,167.673623,118.08032200000002,71.2691685,41.749088,29.520080500000006,61.961912999999996,15.490478249999999,62.389954,58.85149,14.7128725,59.086967,46.182949,11.54573725,46.196701999999995
U,16,3,0,23,4,301.742997,189.796472,189.97652300000001,111.94652500000001,75.43574925,47.449118,27.986631250000002,63.540369999999996,15.885092499999999,63.662349000000006,77.895616,19.473904,77.949061,48.360485999999995,12.090121499999999,48.365113
U,16,3,0,24,4,334.080136,214.21124700000001,214.50048199999998,119.86888899999997,83.520034,53.552811750000004,29.967222249999992,58.780581000000005,14.695145250000001,58.860032999999994,104.232349,26.05808725,104.359419,51.198317,12.79957925,51.28103
U,16,3,0,25,4,328.008841,211.44890199999998,212.394063,116.55993900000004,82.00221025,52.862225499999994,29.13998475000001,51.131416,12.782854,51.225014,109.45328699999999,27.363321749999997,109.841724,50.864199,12.71604975,51.327324999999995
U,16,3,0,26,4,318.637317,204.86671,207.130939,113.77060699999998,79.65932925,51.2166775,28.442651749999996,50.400163,12.60004075,50.620791,77.692462,19.4231155,79.636887,76.774085,19.19352125,76.873261
U,16,3,0,27,4,304.304661,193.84430799999998,194.709169,110.46035300000003,76.07616525,48.461076999999996,27.615088250000007,52.157581,13.03939525,52.232541000000005,90.015481,22.50387025,90.623762,51.671246000000004,12.917811500000001,51.852866000000006
U,16,3,0,28,4,375.778426,261.274002,262.081566,114.50442400000003,93.9446065,65.3185005,28.626106000000007,120.350287,30.08757175,120.51127500000001,51.472495,12.86812375,51.543976,89.45121999999999,22.362804999999998,90.026315
U,16,3,0,29,4,362.521352,243.307871,243.56208700000002,119.21348099999997,90.630338,60.82696775,29.803370249999993,113.636666,28.4091665,113.791103,52.839013,13.20975325,52.86689,76.83219199999999,19.208047999999998,76.904094
U,16,3,0,30,4,323.703785,210.66123,211.756496,113.042555,80.92594625,52.6653075,28.26063875,48.078022000000004,12.019505500000001,48.215888,90.407692,22.601923,91.083136,72.175516,18.043879,72.457472
U,16,3,0,31,4,368.426451,248.708069,249.548252,119.71838199999999,92.10661275,62.17701725,29.929595499999998,61.245729999999995,15.311432499999999,61.38802299999999,128.662455,32.16561375,129.093721,58.79988399999999,14.699970999999998,59.066508
U,16,3,0,32,4,336.105393,217.909918,218.548401,118.19547499999999,84.02634825,54.4774795,29.548868749999997,72.118555,18.02963875,72.498856,74.812899,18.70322475,74.981395,70.978464,17.744616,71.06815
U,16,3,0,33,4,299.253633,183.073461,185.148778,116.18017199999997,74.81340825,45.76836525,29.045042999999993,61.752759,15.43818975,63.194969,50.681563,12.67039075,51.211006999999995,70.639139,17.65978475,70.74280200000001
U,16,3,0,34,4,283.512859,173.03799999999998,173.514621,110.47485900000001,70.87821475,43.259499999999996,27.618714750000002,48.441383,12.11034575,48.529661,53.202183999999995,13.300545999999999,53.469246,71.39443299999999,17.848608249999998,71.515714
U,16,3,0,35,4,326.403412,211.74404200000004,213.684609,114.65936999999997,81.600853,52.93601050000001,28.664842499999992,54.291657,13.57291425,54.352447,88.87674200000001,22.219185500000002,90.306081,68.575643,17.14391075,69.026081
U,16,3,0,36,4,351.360486,240.112279,240.533097,111.24820699999998,87.8401215,60.02806975,27.812051749999995,83.232105,20.80802625,83.323829,98.37215800000001,24.593039500000003,98.622297,58.508016000000005,14.627004000000001,58.586971
U,16,3,0,37,4,268.22387,154.428875,154.595379,113.79499499999997,67.0559675,38.60721875,28.448748749999993,57.244842000000006,14.311210500000001,57.34923,47.322395,11.83059875,47.37376300000001,49.861638,12.4654095,49.872386
U,16,3,0,38,4,285.455788,169.52596900000003,170.119098,115.92981899999995,71.363947,42.38149225000001,28.982454749999988,50.281559,12.57038975,50.426704,68.63101900000001,17.157754750000002,68.728232,50.61339100000001,12.653347750000002,50.964162
U,16,3,0,39,4,288.876971,173.32827699999999,173.927536,115.54869400000004,72.21924275,43.332069249999996,28.88717350000001,68.743011,17.18575275,69.168071,54.033573,13.50839325,54.098471,50.551693,12.63792325,50.660994
U,16,3,0,40,4,274.035721,159.24402400000002,159.425237,114.791697,68.50893025,39.811006000000006,28.69792425,52.132129000000006,13.033032250000002,52.138563000000005,51.185881,12.79647025,51.267516,55.926014,13.9815035,56.019158
U,16,3,0,41,4,301.003002,191.37753899999998,191.890488,109.625463,75.2507505,47.844384749999996,27.40636575,79.194316,19.798579,79.380662,58.39853600000001,14.599634000000002,58.660821999999996,53.784687,13.44617175,53.849004
U,16,3,0,42,4,303.217853,194.421759,195.33424000000002,108.79609399999998,75.80446325,48.60543975,27.199023499999996,48.24226,12.060565,48.290959,60.552738000000005,15.138184500000001,60.560981,85.626761,21.40669025,86.48230000000001
U,16,3,0,43,4,331.183617,211.514447,211.759914,119.66917000000004,82.79590425,52.87861175,29.91729250000001,39.419095999999996,9.854773999999999,39.424126,77.802753,19.45068825,77.909479,94.292598,23.5731495,94.426309
U,16,3,0,44,4,383.437428,267.59511799999996,268.222996,115.84231000000005,95.859357,66.89877949999999,28.960577500000014,104.345396,26.086349,104.44629,75.708361,18.92709025,75.998393,87.541361,21.88534025,87.77831300000001
U,16,3,0,45,4,250.271718,137.247161,137.586095,113.02455699999999,62.5679295,34.31179025,28.256139249999997,43.64315800000001,10.910789500000002,43.649697,47.508871,11.87721775,47.531847000000006,46.09513199999999,11.523782999999998,46.404551000000005
U,16,3,0,46,4,345.856127,229.82165000000003,231.00053499999999,116.03447699999998,86.46403175,57.45541250000001,29.008619249999995,78.995997,19.74899925,79.559411,72.68055799999999,18.170139499999998,73.173262,78.14509500000001,19.536273750000003,78.26786200000001
U,16,3,0,47,4,284.001433,172.568626,172.74208099999998,111.43280700000003,71.00035825,43.1421565,27.858201750000006,51.404595,12.85114875,51.471281000000005,53.177886,13.2944715,53.178602999999995,67.986145,16.99653625,68.092197
U,16,3,0,48,4,284.802347,167.153643,167.45367800000002,117.64870400000001,71.20058675,41.78841075,29.412176000000002,53.875629999999994,13.468907499999998,53.928762,63.300366,15.8250915,63.464764,49.977647000000005,12.494411750000001,50.060152
U,16,3,0,49,4,274.0704,163.674019,163.941512,110.39638100000002,68.5176,40.91850475,27.599095250000005,51.080462999999995,12.770115749999999,51.13335,61.210113,15.30252825,61.263256,51.383443,12.84586075,51.544906
U,16,3,0,50,4,291.867451,180.27792699999998,181.02745199999998,111.58952400000004,72.96686275,45.069481749999994,27.89738100000001,56.884418,14.2211045,57.369996,51.526584,12.881646,51.681613999999996,71.866925,17.96673125,71.975842
U,16,3,0,51,4,331.703484,219.85219800000002,220.432546,111.85128599999999,82.925871,54.963049500000004,27.962821499999997,91.55946200000001,22.889865500000003,91.83538300000001,63.082027999999994,15.770506999999998,63.115106,65.21070800000001,16.302677000000003,65.482057
U,16,3,0,52,4,347.18962,230.04348399999998,230.657578,117.14613600000001,86.797405,57.510870999999995,29.286534000000003,63.251874,15.8129685,63.465367,100.770757,25.19268925,100.881811,66.020853,16.50521325,66.3104
U,16,3,0,53,4,343.540633,232.12041399999998,232.915598,111.42021900000003,85.88515825,58.030103499999996,27.855054750000008,50.554539999999996,12.638634999999999,50.559785000000005,89.801042,22.4502605,90.144733,91.764832,22.941208,92.21108
U,16,3,0,54,4,356.953695,243.819163,244.260468,113.13453199999998,89.23842375,60.95479075,28.283632999999995,48.425323000000006,12.106330750000001,48.447892,111.140511,27.78512775,111.483936,84.253329,21.06333225,84.32864000000001
U,16,3,0,55,4,322.219667,212.396393,212.676485,109.82327400000003,80.55491675,53.09909825,27.455818500000007,52.589468,13.147367,52.652434,79.912851,19.97821275,79.995909,79.894074,19.9735185,80.028142
U,16,3,0,56,4,267.994044,155.124516,155.95223900000002,112.86952799999997,66.998511,38.781129,28.217381999999994,46.382998,11.5957495,46.447041,47.361948,11.840487,47.507118,61.37957,15.3448925,61.99808
U,16,3,0,57,4,320.337409,204.486871,204.87564700000001,115.85053799999997,80.08435225,51.12171775,28.962634499999993,74.209419,18.55235475,74.31373500000001,81.47671100000001,20.369177750000002,81.67273,48.800741,12.20018525,48.889182
U,16,3,0,58,4,311.208966,200.293431,200.955091,110.91553499999998,77.8022415,50.07335775,27.728883749999994,57.242409,14.31060225,57.344668,89.721441,22.43036025,90.243178,53.329581,13.33239525,53.367245000000004
U,16,3,0,59,4,250.697276,140.619012,142.01843,110.07826399999999,62.674319,35.154753,27.519565999999998,50.816663999999996,12.704165999999999,51.971074,37.289808,9.322452,37.408637999999996,52.512539999999994,13.128134999999999,52.638718000000004
U,16,3,0,60,4,267.173301,151.39353499999999,151.512282,115.779766,66.79332525,37.848383749999996,28.9449415,49.94792699999999,12.486981749999998,50.011515,50.079611,12.51990275,50.127432,51.36599699999999,12.841499249999998,51.373335000000004
U,16,3,0,61,4,273.766254,159.46437899999998,159.83601299999998,114.30187500000002,68.4415635,39.866094749999995,28.575468750000006,55.868275,13.96706875,56.036487,51.851594999999996,12.962898749999999,51.973368,51.744509,12.93612725,51.82615799999999
U,16,3,0,62,4,338.393153,219.202317,219.99655900000002,119.19083599999999,84.59828825,54.80057925,29.797708999999998,74.258659,18.56466475,74.413931,89.946349,22.48658725,90.574017,54.997309,13.74932725,55.008611
U,16,3,0,63,4,291.542519,173.38674099999997,173.843117,118.15577800000005,72.88562975,43.34668524999999,29.538944500000014,51.784667,12.94616675,51.863183,63.53354999999999,15.883387499999998,63.620855000000006,58.068524,14.517131,58.359079
U,16,3,0,64,4,303.708188,196.74356,198.110671,106.964628,75.927047,49.18589,26.741157,49.88688499999999,12.471721249999998,50.485301,97.338566,24.3346415,97.743987,49.518108999999995,12.379527249999999,49.881383
U,16,3,0,65,4,287.887694,176.187339,176.496659,111.700355,71.9719235,44.04683475,27.92508875,50.610645999999996,12.652661499999999,50.673140000000004,75.792235,18.94805875,75.879615,49.784458,12.4461145,49.943903999999996
U,16,3,0,66,4,318.19533,200.744172,202.42163499999998,117.45115800000002,79.5488325,50.186043,29.362789500000005,50.948859999999996,12.737214999999999,52.129439999999995,67.10208399999999,16.775520999999998,67.512561,82.693228,20.673307,82.779634
U,16,3,0,67,4,300.830837,186.599812,186.928738,114.23102499999999,75.20770925,46.649953,28.557756249999997,49.81416,12.45354,49.865578,86.421218,21.6053045,86.68031100000002,50.364434,12.5911085,50.382849
U,16,3,0,68,4,272.581603,154.09097500000001,154.619173,118.49062799999996,68.14540075,38.522743750000004,29.62265699999999,51.415684,12.853921,51.81933,47.108048,11.777012,47.163284,55.567243000000005,13.891810750000001,55.636559
U,16,3,0,69,4,298.866053,181.072839,181.487301,117.79321400000003,74.71651325,45.26820975,29.44830350000001,78.73746,19.684365,78.869239,50.494035,12.62350875,50.707871000000004,51.84134400000001,12.960336000000002,51.910191
U,16,3,0,70,4,321.591966,208.89231500000002,209.080534,112.69965099999999,80.3979915,52.223078750000006,28.174912749999997,57.804576999999995,14.451144249999999,57.85975499999999,101.10278800000002,25.275697000000005,101.230455,49.98495,12.4962375,49.990324
U,16,3,0,71,4,339.498155,228.628224,229.40019900000001,110.86993100000001,84.87453875,57.157056,27.717482750000002,52.642891,13.16072275,52.811751,92.94396900000001,23.235992250000002,93.148169,83.041364,20.760341,83.440279
U,16,3,0,72,4,345.103776,231.66528499999998,232.009527,113.438491,86.275944,57.916321249999996,28.35962275,75.52618899999999,18.881547249999997,75.748977,98.79479,24.6986975,98.873616,57.344305999999996,14.336076499999999,57.386934
U,16,3,0,73,4,348.858256,237.50600699999998,238.298286,111.352249,87.214564,59.376501749999996,27.83806225,50.040310999999996,12.510077749999999,50.208476,95.289676,23.822419,95.75645899999999,92.17602,23.044005,92.333351
U,16,3,0,74,4,271.722737,162.420399,163.24708900000002,109.30233799999999,67.93068425,40.60509975,27.325584499999998,47.579961,11.89499025,47.578697999999996,71.67621700000001,17.919054250000002,72.449679,43.164221,10.79105525,43.218712000000004
U,16,3,0,75,4,305.319291,190.620583,191.32148,114.69870800000001,76.32982275,47.65514575,28.674677000000003,78.294266,19.5735665,78.797412,63.176185999999994,15.794046499999999,63.368382,49.150131,12.28753275,49.155686
U,16,3,0,76,4,368.324529,257.003028,258.240421,111.32150100000001,92.08113225,64.250757,27.830375250000003,104.43634899999999,26.109087249999998,104.638503,95.61980399999999,23.904950999999997,96.589792,56.946875,14.23671875,57.01212600000001
U,16,3,0,77,4,316.816627,205.32242300000001,205.56199800000002,111.49420399999997,79.20415675,51.330605750000004,27.873550999999992,81.58666199999999,20.396665499999997,81.735533,51.490991,12.87274775,51.556079000000004,72.24477,18.0611925,72.270386
U,16,3,0,78,4,314.174586,201.823013,203.02596,112.35157299999997,78.5436465,50.45575325,28.087893249999993,46.51515500000001,11.628788750000002,47.181758,74.470651,18.61766275,74.575497,80.837207,20.20930175,81.268705
U,16,3,0,79,4,316.446826,199.210578,200.839727,117.23624799999999,79.1117065,49.8026445,29.309061999999997,58.27466100000001,14.568665250000002,58.382977000000004,50.906591999999996,12.726647999999999,50.935027000000005,90.02932500000001,22.507331250000004,91.52172300000001
U,16,3,0,80,4,283.47812,170.85456499999998,171.14478300000002,112.62355500000001,70.86953,42.713641249999995,28.155888750000003,50.292342000000005,12.573085500000001,50.291261999999996,50.820961999999994,12.705240499999999,50.866079,69.741261,17.43531525,69.987442
U,16,3,0,81,4,328.231808,211.23516999999998,212.171558,116.99663800000002,82.057952,52.808792499999996,29.249159500000005,53.466192,13.366548,53.571653,106.251156,26.562789,106.541688,51.517822,12.8794555,52.058217
U,16,3,0,82,4,307.488077,192.698661,192.956028,114.78941599999999,76.87201925,48.17466525,28.697353999999997,50.523032,12.630758,50.55369,86.207319,21.55182975,86.338595,55.96831,13.9920775,56.063743
U,16,3,0,83,4,300.268833,189.39500299999997,190.084051,110.87383,75.06720825,47.348750749999994,27.7184575,67.11121,16.7778025,67.14130499999999,69.52248399999999,17.380620999999998,70.109612,52.761309,13.19032725,52.833134
U,16,3,0,84,4,283.552442,171.78846699999997,172.06360899999999,111.76397500000002,70.8881105,42.94711674999999,27.940993750000004,56.23433,14.0585825,56.398129,47.66411599999999,11.916028999999998,47.670443000000006,67.89002099999999,16.972505249999998,67.995037
U,16,3,0,85,4,292.92582,178.362291,178.950654,114.56352899999999,73.231455,44.59057275,28.640882249999997,58.407279,14.60181975,58.545761000000006,50.577443,12.64436075,50.677752,69.377569,17.34439225,69.727141
U,16,3,0,86,4,347.307606,239.884729,240.42539799999997,107.42287700000003,86.8269015,59.97118225,26.855719250000007,91.21635300000001,22.804088250000003,91.411812,67.455884,16.863971,67.76077599999999,81.212492,20.303123,81.25281
U,16,3,0,87,4,349.505988,235.97467799999998,237.112504,113.53131000000002,87.376497,58.993669499999996,28.382827500000005,86.48244399999999,21.620610999999997,86.557142,60.464725,15.11618125,61.468329000000004,89.027509,22.25687725,89.08703299999999
U,16,3,0,88,4,288.504334,177.731832,178.090566,110.77250199999997,72.1260835,44.432958,27.693125499999994,48.008618,12.0021545,48.064038,73.080991,18.27024775,73.181321,56.642223,14.16055575,56.845207
U,16,3,0,89,4,306.79844,195.794935,196.35836,111.00350500000002,76.69961,48.94873375,27.750876250000005,67.246088,16.811522,67.684586,49.01796100000001,12.254490250000002,49.07244299999999,79.530886,19.8827215,79.601331
U,16,3,0,90,4,312.279688,199.99120399999998,200.33169399999997,112.28848400000004,78.069922,49.997800999999995,28.07212100000001,70.42047099999999,17.605117749999998,70.522246,50.549535,12.63738375,50.672990999999996,79.021198,19.7552995,79.136457
U,16,3,0,91,4,312.928233,197.77470399999999,198.07023900000002,115.15352899999999,78.23205825,49.443675999999996,28.788382249999998,71.55096499999999,17.887741249999998,71.578337,53.529827,13.38245675,53.684771,72.693912,18.173478,72.807131
U,16,3,0,92,4,269.534313,156.674416,157.172846,112.85989699999999,67.38357825,39.168604,28.214974249999997,56.784506,14.1961265,56.80910599999999,50.330345,12.58258625,50.351051000000005,49.559565000000006,12.389891250000002,50.012689
U,16,3,0,93,4,285.075484,171.519949,171.94174099999998,113.55553500000002,71.268871,42.87998725,28.388883750000005,52.022493999999995,13.005623499999999,52.127931000000004,51.382851,12.84571275,51.407925,68.11460399999999,17.028650999999996,68.405885
U,16,3,0,94,4,281.719686,166.476322,167.410208,115.24336400000001,70.4299215,41.6190805,28.810841000000003,50.727914,12.6819785,50.810835,51.107324000000006,12.776831000000001,51.642838000000005,64.641084,16.160271,64.95653499999999
U,16,3,0,95,4,265.500687,158.281512,159.79607900000002,107.21917500000004,66.37517175,39.570378,26.80479375000001,51.096607000000006,12.774151750000001,52.332515,51.469879999999996,12.867469999999999,51.62319000000001,55.715025000000004,13.928756250000001,55.840374
U,16,3,0,96,4,324.231513,213.732496,214.39416100000003,110.49901700000001,81.05787825,53.433124,27.624754250000002,69.03754,17.259385,69.15237300000001,78.376194,19.5940485,78.486937,66.31876199999999,16.579690499999998,66.754851
U,16,3,0,97,4,287.348631,174.050308,175.71283899999997,113.29832300000001,71.83715775,43.512577,28.324580750000003,50.118492,12.529623,50.172337,56.269913,14.06747825,57.736329,67.661903,16.91547575,67.80417299999999
U,16,3,0,98,4,314.710281,199.928009,200.70645000000002,114.782272,78.67757025,49.98200225,28.695568,74.83805,18.7095125,74.911516,70.48665299999999,17.621663249999997,71.111189,54.603306,13.6508265,54.683745
U,16,3,0,99,4,384.375237,271.487947,272.29581299999995,112.88729000000001,96.09380925,67.87198675,28.221822500000002,107.648186,26.9120465,107.847277,67.399766,16.8499415,67.439966,96.43999500000001,24.109998750000003,97.00856999999999
U,16,3,0,100,4,288.978082,180.80805200000003,182.474998,108.17002999999994,72.2445205,45.20201300000001,27.042507499999985,66.56218100000001,16.640545250000002,66.640531,55.233805000000004,13.808451250000001,56.530789999999996,59.012066000000004,14.753016500000001,59.303677
U,16,3,0,101,4,256.357099,148.89719200000002,149.01862,107.45990699999999,64.08927475,37.224298000000005,26.864976749999997,48.391704000000004,12.097926000000001,48.423023,50.072575,12.51814375,50.100354,50.432913,12.60822825,50.495243
U,16,3,0,102,4,307.7366,193.35531600000002,193.86791599999998,114.381284,76.93415,48.338829000000004,28.595321,50.371123,12.59278075,50.465604,68.388046,17.0970115,68.57247699999999,74.596147,18.64903675,74.829835
U,16,3,0,103,4,339.927352,229.755814,230.27489,110.171538,84.981838,57.4389535,27.5428845,69.765728,17.441432,69.867716,67.025398,16.7563495,66.99662000000001,92.964688,23.241172,93.41055399999999
U,16,3,0,104,4,331.977379,217.520804,217.788288,114.45657499999999,82.99434475,54.380201,28.614143749999997,71.20636200000001,17.801590500000003,71.30326199999999,65.706759,16.42668975,65.78553,80.607683,20.15192075,80.69949600000001
U,16,3,0,105,4,258.335212,150.255396,150.78967300000002,108.07981600000002,64.583803,37.563849,27.019954000000006,55.963185,13.99079625,56.038001,47.223112,11.805778,47.545073,47.069099,11.76727475,47.206599000000004
U,16,3,0,106,4,302.954742,187.748558,187.976235,115.20618400000001,75.7386855,46.9371395,28.801546000000002,84.264861,21.06621525,84.35193699999999,48.663365999999996,12.165841499999999,48.723105000000004,54.820330999999996,13.705082749999999,54.901193
U,16,3,0,107,4,292.062166,179.475071,180.175188,112.58709499999998,73.0155415,44.86876775,28.146773749999994,51.011504,12.752876,51.333241,51.774325000000005,12.943581250000001,51.94172999999999,76.689242,19.1723105,76.900217
U,16,3,0,108,4,299.549921,188.764587,189.57548300000002,110.78533399999998,74.88748025,47.19114675,27.696333499999994,68.270272,17.067568,68.503676,50.420051,12.60501275,50.835389000000006,70.074264,17.518566,70.236418
U,16,3,0,109,4,306.415675,191.87937699999998,192.182209,114.53629800000004,76.60391875,47.969844249999994,28.63407450000001,49.70775999999999,12.426939999999998,49.787774999999996,50.77123,12.6928075,50.888842,91.400387,22.85009675,91.505592
U,16,3,0,110,4,295.295849,183.69656600000002,184.573733,111.59928299999996,73.82396225,45.924141500000005,27.89982074999999,70.94804500000001,17.737011250000002,70.950991,49.41636,12.35409,50.112247999999994,63.332161,15.83304025,63.510494
U,16,3,0,111,4,305.437185,195.47320499999998,195.97909099999998,109.96398000000002,76.35929625,48.868301249999995,27.490995000000005,84.249365,21.06234125,84.595962,48.544591999999994,12.136147999999999,48.579212999999996,62.679247999999994,15.669811999999999,62.803916
U,16,3,0,112,4,324.425882,213.129773,216.732252,111.296109,81.1064705,53.28244325,27.82402725,91.90927400000001,22.977318500000003,92.49211,49.195173,12.29879325,49.260709,72.025326,18.0063315,74.979433
U,16,3,0,113,4,323.285648,208.08506599999998,208.471558,115.200582,80.821412,52.021266499999996,28.8001455,67.771827,16.94295675,67.851123,65.20098,16.300245,65.320353,75.112259,18.77806475,75.300082
U,16,3,0,114,4,309.571016,197.866181,198.84029400000003,111.70483499999997,77.392754,49.46654525,27.926208749999994,74.637039,18.65925975,75.140953,50.368668,12.592167,50.524930000000005,72.86047400000001,18.215118500000003,73.174411
U,16,3,0,115,4,322.346573,212.059414,212.830752,110.28715899999997,80.58664325,53.0148535,27.571789749999994,53.875169,13.46879225,53.982625,73.32151499999999,18.330378749999998,73.421453,84.86273,21.2156825,85.42667399999999
U,16,3,0,116,4,318.490574,202.002857,202.23041999999998,116.48771699999998,79.6226435,50.50071425,29.121929249999994,66.954969,16.73874225,67.025033,77.426267,19.35656675,77.516245,57.621621,14.40540525,57.689142000000004
U,16,3,0,117,4,332.92722,225.47531499999997,226.348734,107.45190500000001,83.231805,56.36882874999999,26.862976250000003,50.332286,12.5830715,50.423279,86.300677,21.57516925,86.40613,88.84235199999999,22.210587999999998,89.51932500000001
U,16,3,0,118,4,313.091183,196.49343100000002,196.874664,116.59775199999999,78.27279575,49.123357750000004,29.149437999999996,82.267525,20.56688125,82.354405,61.757591000000005,15.439397750000001,61.839359,52.468315,13.11707875,52.6809
U,16,3,0,119,4,358.922974,248.15570300000002,249.325587,110.767271,89.7307435,62.038925750000004,27.69181775,49.077068000000004,12.269267000000001,49.161183,83.73466300000001,20.933665750000003,84.64161800000001,115.343972,28.835993,115.522786
U,64,3,1,0,4,797.356267,678.282492,680.203285,119.07377499999996,199.33906675,169.570623,29.76844374999999,303.275989,75.81899725,303.944019,198.306021,49.57650525,199.166288,176.70048200000002,44.175120500000006,177.09297800000002
U,64,3,1,1,4,644.130444,534.892415,535.674409,109.23802899999998,161.032611,133.72310375,27.309507249999996,171.72815200000002,42.932038000000006,172.04524700000002,154.237853,38.55946325,154.42115,208.92641,52.2316025,209.208012
U,64,3,1,2,4,655.292569,540.463144,545.261988,114.8294249999999,163.82314225,135.115786,28.707356249999975,163.638996,40.909749,166.67447099999998,132.020685,33.00517125,132.414765,244.80346300000002,61.200865750000006,246.172752
U,64,3,1,3,4,797.577959,680.050346,682.6860569999999,117.52761299999997,199.39448975,170.0125865,29.381903249999993,345.759895,86.43997375,347.056939,128.84492500000002,32.211231250000004,129.18537199999997,205.445526,51.3613815,206.44374599999998
U,64,3,1,4,4,958.047137,844.353336,846.551574,113.69380100000001,239.51178425,211.088334,28.423450250000002,334.057775,83.51444375,334.997146,307.37773400000003,76.84443350000001,308.262227,202.917827,50.72945675,203.29220099999998
U,64,3,1,5,4,667.579189,545.452345,548.429765,122.126844,166.89479725,136.36308625,30.531711,201.37098600000002,50.342746500000004,201.81457500000002,204.86987299999998,51.217468249999996,206.15197,139.211486,34.8028715,140.46322
U,64,3,1,6,4,583.80448,470.997701,473.983042,112.806779,145.95112,117.74942525,28.20169475,135.959461,33.98986525,136.24244199999998,134.51004300000002,33.627510750000006,134.793257,200.52819699999998,50.132049249999994,202.947343
U,64,3,1,7,4,706.4192,581.914493,583.112347,124.50470700000005,176.6048,145.47862325,31.126176750000013,137.739932,34.434983,138.038521,199.66094700000002,49.915236750000005,199.857059,244.513614,61.1284035,245.216767
U,64,3,1,8,4,701.171201,593.794741,595.373282,107.37645999999995,175.29280025,148.44868525,26.844114999999988,303.957189,75.98929725,304.327247,155.97565600000001,38.993914000000004,157.06589,133.86189599999997,33.46547399999999,133.980145
U,64,3,1,9,4,766.504775,648.956441,650.222113,117.54833399999995,191.62619375,162.23911025,29.38708349999999,202.889769,50.72244225,203.710737,305.270024,76.317506,305.706239,140.796648,35.199162,140.805137
U,64,3,1,10,4,746.255614,626.522303,629.5287209999999,119.73331100000007,186.5639035,156.63057575,29.933327750000018,233.526412,58.381603,235.07457699999998,243.011449,60.75286225,243.382712,149.984442,37.4961105,151.071432
U,64,3,1,11,4,759.415332,644.117302,644.952091,115.29803000000004,189.853833,161.0293255,28.82450750000001,279.321922,69.8304805,279.68739,147.190568,36.797642,147.35796299999998,217.604812,54.401203,217.906738
U,64,3,1,12,4,919.612978,801.6666540000001,805.5606059999999,117.94632399999989,229.9032445,200.41666350000003,29.486580999999973,305.248903,76.31222575,305.97588499999995,346.29541800000004,86.57385450000001,349.090386,150.122333,37.53058325,150.494335
U,64,3,1,13,4,811.23732,696.0286229999999,698.785794,115.20869700000003,202.80933,174.00715574999998,28.802174250000007,269.877999,67.46949975,271.171162,295.38556600000004,73.84639150000001,296.633906,130.765058,32.6912645,130.980726
U,64,3,1,14,4,669.337698,556.3624259999999,557.179474,112.97527200000013,167.3344245,139.09060649999998,28.243818000000033,143.735243,35.93381075,143.82951,279.944169,69.98604225,280.159211,132.68301400000001,33.170753500000004,133.190753
U,64,3,1,15,4,729.523613,611.2389890000001,615.1297870000001,118.2846239999999,182.38090325,152.80974725000002,29.571155999999974,311.624201,77.90605025,313.94766300000003,129.670364,32.417591,130.094758,169.94442400000003,42.48610600000001,171.08736599999997
U,64,3,1,16,4,788.812486,670.4547850000001,672.862049,118.3577009999999,197.2031215,167.61369625000003,29.589425249999977,209.371814,52.3429535,210.248978,328.826381,82.20659525,330.153543,132.25659000000002,33.064147500000004,132.45952799999998
U,64,3,1,17,4,642.665438,528.6886959999999,530.348347,113.97674200000006,160.6663595,132.17217399999998,28.494185500000015,129.07691499999999,32.269228749999996,129.181333,257.377298,64.3443245,258.006207,142.234483,35.55862075,143.16080699999998
U,64,3,1,18,4,762.540948,625.69116,628.112492,136.849788,190.635237,156.42279,34.212447,131.176367,32.79409175,131.330944,266.68134100000003,66.67033525000001,267.594515,227.833452,56.958363,229.18703299999999
U,64,3,1,19,4,514.267349,399.192415,400.947711,115.07493399999998,128.56683725,99.79810375,28.768733499999996,133.275395,33.31884875,133.992255,135.745383,33.93634575,136.358754,130.171637,32.54290925,130.59670200000002
U,64,3,1,20,4,623.528544,512.567974,514.191765,110.96056999999996,155.882136,128.1419935,27.74014249999999,142.203852,35.550963,142.380028,137.076468,34.269117,138.307949,233.28765399999997,58.321913499999994,233.503788
U,64,3,1,21,4,597.22798,487.97046,489.19384600000006,109.25752,149.306995,121.992615,27.31438,145.286832,36.321708,145.834382,136.011705,34.00292625,136.43536300000002,206.671923,51.66798075,206.924101
U,64,3,1,22,4,758.013746,650.5600340000001,651.5786139999999,107.45371199999988,189.5034365,162.64000850000002,26.86342799999997,391.76628900000003,97.94157225000001,392.05324899999994,129.246475,32.31161875,129.446748,129.54727000000003,32.38681750000001,130.078617
U,64,3,1,23,4,606.139731,487.31705,488.028673,118.82268099999999,151.53493275,121.8292625,29.705670249999997,125.563852,31.390963,125.67716999999999,208.232598,52.0581495,208.53547700000001,153.5206,38.38015,153.816026
U,64,3,1,24,4,548.441068,430.7963910000001,432.10425599999996,117.64467699999989,137.110267,107.69909775000002,29.411169249999972,136.19797400000002,34.049493500000004,136.349834,152.074434,38.0186085,152.259928,142.52398300000002,35.630995750000004,143.494494
U,64,3,1,25,4,709.761091,593.385352,596.3439109999999,116.37573899999995,177.44027275,148.346338,29.09393474999999,132.750641,33.18766025,132.81966999999997,326.775438,81.6938595,329.495111,133.859273,33.46481825,134.02913
U,64,3,1,26,4,665.598557,552.236046,554.0850720000001,113.36251100000004,166.39963925,138.0590115,28.34062775000001,132.25830200000001,33.064575500000004,133.37286699999999,278.196795,69.54919875,278.47999300000004,141.780949,35.44523725,142.232212
U,64,3,1,27,4,528.931073,412.365365,413.55820199999994,116.56570799999997,132.23276825,103.09134125,29.141426999999993,138.77144800000002,34.692862000000005,139.11384,138.192175,34.54804375,138.943404,135.401742,33.8504355,135.500958
U,64,3,1,28,4,667.651344,552.234103,553.68373,115.41724099999999,166.912836,138.05852575,28.854310249999997,132.885439,33.22135975,133.758611,203.71425499999998,50.928563749999995,204.031089,215.634409,53.90860225,215.89403
U,64,3,1,29,4,584.311289,466.43750300000005,468.558547,117.87378599999994,146.07782225,116.60937575000001,29.468446499999985,140.13868799999997,35.03467199999999,140.77407499999998,135.07924400000002,33.769811000000004,135.190739,191.21957100000003,47.80489275000001,192.593733
U,64,3,1,30,4,520.757763,411.845597,413.53802900000005,108.91216599999996,130.18944075,102.96139925,27.22804149999999,134.127457,33.53186425,134.56886100000003,147.050738,36.7626845,148.144839,130.667402,32.6668505,130.824329
U,64,3,1,31,4,593.099921,476.447947,481.660473,116.651974,148.27498025,119.11198675,29.1629935,133.019785,33.25494625,136.63279500000002,139.358389,34.83959725,139.613922,204.069773,51.01744325,205.413756
U,64,3,1,32,4,587.58655,473.416614,474.886607,114.169936,146.8966375,118.3541535,28.542484,133.687267,33.42181675,134.11184500000002,136.172124,34.043031,137.054279,203.557223,50.88930575,203.720483
U,64,3,1,33,4,513.944792,405.65732800000006,406.21569300000004,108.28746399999994,128.486198,101.41433200000002,27.071865999999986,133.494538,33.3736345,133.65692,133.688351,33.42208775,133.975,138.47443900000002,34.618609750000005,138.583773
U,64,3,1,34,4,510.671481,399.417203,400.45086100000003,111.25427800000006,127.66787025,99.85430075,27.813569500000014,133.47082,33.367705,134.123335,129.236909,32.30922725,129.481669,136.709474,34.1773685,136.845857
U,64,3,1,35,4,657.461034,539.245539,540.3113109999999,118.21549500000003,164.3652585,134.81138475,29.553873750000008,133.405993,33.35149825,133.531206,204.275685,51.06892125,204.547211,201.563861,50.39096525,202.232894
U,64,3,1,36,4,516.102588,401.53658700000005,402.285884,114.56600099999991,129.025647,100.38414675000001,28.64150024999998,134.27633400000002,33.569083500000005,134.66305,130.240367,32.56009175,130.504053,137.019886,34.2549715,137.118781
U,64,3,1,37,4,504.754716,396.770479,397.769931,107.98423699999995,126.188679,99.19261975,26.996059249999988,131.54998799999998,32.887496999999996,131.884322,131.670917,32.91772925,131.912102,133.549574,33.3873935,133.97350699999998
U,64,3,1,38,4,541.479323,429.788555,430.536791,111.69076800000005,135.36983075,107.44713875,27.922692000000012,131.212012,32.803003,131.60995,134.691919,33.67297975,134.840122,163.884624,40.971156,164.086719
U,64,3,1,39,4,622.77849,511.72712,512.6661,111.05137000000002,155.6946225,127.93178,27.762842500000005,131.486239,32.87155975,131.660686,140.90042499999998,35.225106249999996,140.974173,239.340456,59.835114,240.03124100000002
U,64,3,1,40,4,610.865599,500.1838450000001,502.51027300000004,110.6817539999999,152.71639975,125.04596125000002,27.670438499999975,132.49457500000003,33.12364375000001,133.474728,136.03529400000002,34.008823500000005,136.177456,231.653976,57.913494,232.858089
U,64,3,1,41,4,602.249102,489.090142,489.900611,113.15895999999998,150.5622755,122.2725355,28.289739999999995,140.079792,35.019948,140.180014,203.08315299999998,50.770788249999995,203.25960700000002,145.927197,36.48179925,146.46099
U,64,3,1,42,4,661.778829,549.206184,550.413211,112.57264499999997,165.44470725,137.301546,28.14316124999999,135.810107,33.95252675,136.007755,204.78431899999998,51.196079749999996,205.463683,208.611758,52.1529395,208.94177299999998
U,64,3,1,43,4,621.712352,512.021794,513.796889,109.69055800000001,155.428088,128.0054485,27.422639500000002,134.358074,33.5895185,134.511181,213.29015199999998,53.322537999999994,213.64225299999998,164.373568,41.093392,165.64345500000002
U,64,3,1,44,4,721.578625,608.7561969999999,611.3184550000001,112.82242800000006,180.39465625,152.18904924999998,28.205607000000015,133.428018,33.3570045,133.72765199999998,137.83506999999997,34.45876749999999,139.174949,337.493109,84.37327725,338.415854
U,64,3,1,45,4,809.088034,694.951097,696.360439,114.13693699999999,202.2720085,173.73777425,28.534234249999997,125.45191400000002,31.362978500000004,125.95636,315.688089,78.92202225,316.29165800000004,253.81109400000003,63.452773500000006,254.112421
U,64,3,1,46,4,613.05454,494.90927899999997,496.001879,118.145261,153.263635,123.72731974999999,29.53631525,132.652506,33.1631265,132.813729,229.372498,57.3431245,230.01701400000002,132.884275,33.22106875,133.171136
U,64,3,1,47,4,583.550986,469.777422,470.818497,113.77356399999996,145.8877465,117.4443555,28.44339099999999,201.238805,50.30970125,201.580099,130.022356,32.505589,130.496559,138.51626100000001,34.629065250000004,138.741839
U,64,3,1,48,4,646.605508,533.439378,534.7036449999999,113.16612999999995,161.651377,133.3598445,28.291532499999988,155.539892,38.884973,156.39999999999998,232.735619,58.18390475,232.989126,145.163867,36.29096675,145.314519
U,64,3,1,49,4,947.096678,833.4839549999999,835.6867460000001,113.61272300000007,236.7741695,208.37098874999998,28.40318075000002,315.03395,78.7584875,316.34985600000005,324.904814,81.2262035,325.3613,193.545191,48.38629775,193.97559
U,64,3,1,50,4,687.657519,578.708396,581.3687400000001,108.94912299999999,171.91437975,144.677099,27.237280749999996,320.190624,80.047656,321.46837500000004,128.964025,32.24100625,129.271149,129.553747,32.38843675,130.629216
U,64,3,1,51,4,712.441318,602.5051559999999,604.522201,109.93616200000008,178.1103295,150.62628899999999,27.48404050000002,339.98702299999997,84.99675574999999,341.270437,129.274629,32.31865725,129.84342,133.243504,33.310876,133.408344
U,64,3,1,52,4,510.684421,399.64610300000004,400.446406,111.03831799999995,127.67110525,99.91152575000001,27.759579499999987,126.04163,31.5104075,126.318827,137.360462,34.3401155,137.713824,136.244011,34.06100275,136.413755
U,64,3,1,53,4,528.145091,414.78403,416.025094,113.361061,132.03627275,103.6960075,28.34026525,134.151619,33.53790475,134.676502,144.563353,36.14083825,145.031207,136.06905799999998,34.017264499999996,136.317385
U,64,3,1,54,4,513.5374,408.117418,408.709341,105.41998200000006,128.38435,102.0293545,26.354995500000015,133.693397,33.42334925,133.797596,138.543912,34.635978,138.87762399999997,135.880109,33.97002725,136.034121
U,64,3,1,55,4,582.631931,463.540005,464.333659,119.091926,145.65798275,115.88500125,29.7729815,199.738431,49.93460775,200.27400899999998,132.160869,33.04021725,132.306532,131.64070500000003,32.910176250000006,131.753118
U,64,3,1,56,4,637.425432,519.7018149999999,520.550945,117.7236170000001,159.356358,129.92545374999997,29.430904250000026,130.991652,32.747913,131.031136,136.730264,34.182566,136.81023599999997,251.979899,62.99497475,252.70957300000003
U,64,3,1,57,4,814.1781,702.278641,704.528856,111.89945899999998,203.544525,175.56966025,27.974864749999995,259.476617,64.86915425,260.87930800000004,201.83220799999998,50.458051999999995,202.503279,240.969816,60.242454,241.146269
U,64,3,1,58,4,647.940296,533.867035,537.817489,114.073261,161.985074,133.46675875,28.51831525,246.925835,61.73145875,248.99402,131.886516,32.971629,132.326896,155.054684,38.763671,156.496573
U,64,3,1,59,4,723.457057,604.904973,605.8872630000001,118.55208399999992,180.86426425,151.22624325,29.63802099999998,279.56342700000005,69.89085675000001,279.903339,125.577371,31.39434275,125.64232800000002,199.764175,49.94104375,200.34159599999998
U,64,3,1,60,4,556.456138,445.13685999999996,445.86249300000003,111.31927800000005,139.1140345,111.28421499999999,27.829819500000013,178.073475,44.51836875,178.29648400000002,135.45397,33.8634925,135.711123,131.60941499999998,32.902353749999996,131.85488600000002
U,64,3,1,61,4,617.497725,504.568523,505.63447999999994,112.92920199999992,154.37443125,126.14213075,28.23230049999998,228.62068,57.15517,228.897851,139.616353,34.90408825,139.77063099999998,136.33149,34.0828725,136.96599799999998
U,64,3,1,62,4,596.670099,487.070671,488.869711,109.59942800000005,149.16752475,121.76766775,27.39985700000001,213.942109,53.48552725,214.41092700000002,141.102101,35.27552525,142.278662,132.02646099999998,33.006615249999996,132.18012199999998
U,64,3,1,63,4,589.037612,476.457266,481.550984,112.58034599999996,147.259403,119.1143165,28.14508649999999,136.755607,34.18890175,139.841,207.814782,51.9536955,208.005931,131.886877,32.97171925,133.704053
U,64,3,1,64,4,580.503224,464.725053,466.389492,115.77817100000004,145.125806,116.18126325,28.94454275000001,132.56255099999998,33.140637749999996,132.742875,129.596861,32.39921525,130.87869,202.565641,50.64141025,202.767927
U,64,3,1,65,4,602.10569,487.476077,488.250766,114.629613,150.5264225,121.86901925,28.65740325,142.648052,35.662013,142.771982,134.77659899999998,33.694149749999994,134.923045,210.051426,52.5128565,210.55573900000002
U,64,3,1,66,4,600.306249,487.366081,488.582936,112.94016799999997,150.07656225,121.84152025,28.235041999999993,134.071846,33.5179615,134.327536,147.68383400000002,36.920958500000005,148.24669799999998,205.61040100000002,51.402600250000006,206.008702
U,64,3,1,67,4,531.145009,423.0935390000001,423.55578699999995,108.05146999999988,132.78625225,105.77338475000002,27.01286749999997,143.65084000000002,35.912710000000004,143.798701,148.607384,37.151846,148.79344299999997,130.835315,32.70882875,130.963643
U,64,3,1,68,4,592.479424,473.579362,477.00303699999995,118.90006199999999,148.119856,118.3948405,29.725015499999998,192.12138700000003,48.03034675000001,193.756422,150.148397,37.53709925,150.618318,131.309578,32.8273945,132.628297
U,64,3,1,69,4,505.179917,396.88186900000005,398.810155,108.29804799999994,126.29497925,99.22046725000001,27.074511999999984,130.00584500000002,32.501461250000006,130.520443,135.18090300000003,33.79522575000001,136.353012,131.695121,32.92378025,131.93669999999997
U,64,3,1,70,4,531.790208,417.415563,420.789058,114.37464499999999,132.947552,104.35389075,28.593661249999997,134.654235,33.66355875,136.122334,146.446796,36.611699,147.097808,136.31453199999999,34.078632999999996,137.568916
U,64,3,1,71,4,674.656159,568.076161,569.797107,106.57999800000005,168.66403975,142.01904025,26.64499950000001,133.05911100000003,33.26477775000001,133.218227,292.88446,73.221115,294.344179,142.13259,35.5331475,142.234701
U,64,3,1,72,4,586.764691,474.537317,475.58603800000003,112.227374,146.69117275,118.63432925,28.0568435,132.867716,33.216929,133.000998,133.743518,33.4358795,134.199952,207.926083,51.98152075,208.385088
U,64,3,1,73,4,690.116112,577.922049,579.801696,112.19406300000003,172.529028,144.48051225,28.048515750000007,136.406847,34.10171175,137.41305,307.181901,76.79547525,307.50303499999995,134.333301,33.58332525,134.885611
U,64,3,1,74,4,562.984532,453.235316,455.598953,109.74921599999993,140.746133,113.308829,27.437303999999983,131.06101900000002,32.765254750000004,131.36796299999997,186.303368,46.575842,187.66927600000002,135.870929,33.96773225,136.561714
U,64,3,1,75,4,506.904787,397.13141700000006,399.66252799999995,109.77336999999994,126.72619675,99.28285425000001,27.443342499999986,132.76049700000002,33.190124250000004,133.837409,129.38327700000002,32.345819250000005,129.521342,134.98764300000002,33.746910750000005,136.303777
U,64,3,1,76,4,517.261771,403.515372,405.747478,113.74639899999994,129.31544275,100.878843,28.436599749999985,137.974971,34.49374275,138.409464,135.34814599999999,33.837036499999996,136.57572100000002,130.192255,32.54806375,130.762293
U,64,3,1,77,4,663.774777,556.2323919999999,557.887097,107.54238500000008,165.94369425,139.05809799999997,26.88559625000002,136.76456299999998,34.191140749999995,137.787003,286.99240299999997,71.74810074999999,287.469611,132.475426,33.1188565,132.630483
U,64,3,1,78,4,523.056532,413.808818,414.65602700000005,109.24771399999997,130.764133,103.4522045,27.311928499999993,133.558012,33.389503,133.64507600000002,147.560597,36.89014925,147.72880600000002,132.69020899999998,33.172552249999995,133.282145
U,64,3,1,79,4,543.026985,425.094784,425.661119,117.93220099999996,135.75674625,106.273696,29.48305024999999,135.283908,33.820977,135.459991,148.954027,37.23850675,149.088162,140.856849,35.21421225,141.112966
U,64,3,1,80,4,638.915804,520.879977,522.397968,118.03582699999993,159.728951,130.21999425,29.50895674999998,132.89679900000002,33.224199750000004,133.105103,248.031254,62.0078135,248.39543200000003,139.95192400000002,34.987981000000005,140.89743299999998
U,64,3,1,81,4,842.339072,728.457758,731.453741,113.88131399999997,210.584768,182.1144395,28.470328499999994,131.263539,32.81588475,131.51276000000001,279.113899,69.77847475,281.319544,318.08032,79.52008,318.621437
U,64,3,1,82,4,811.758614,695.204434,697.0286330000001,116.55417999999997,202.9396535,173.8011085,29.138544999999993,134.07312100000001,33.518280250000004,134.931881,276.056084,69.014021,276.653432,285.07522900000004,71.26880725000001,285.44332
U,64,3,1,83,4,641.143568,529.7564600000001,531.892015,111.3871079999999,160.285892,132.43911500000002,27.846776999999975,134.573715,33.64342875,134.761185,134.99445,33.7486125,135.20502,260.18829500000004,65.04707375000001,261.92581
U,64,3,1,84,4,783.779431,672.786146,675.9916860000001,110.99328500000001,195.94485775,168.1965365,27.748321250000004,133.078701,33.26967525,133.174341,279.230639,69.80765975,280.769197,260.476806,65.1192015,262.048148
U,64,3,1,85,4,818.893722,706.086829,708.6838440000001,112.80689300000006,204.7234305,176.52170725,28.201723250000015,133.292234,33.3230585,134.100308,284.853611,71.21340275,286.11814200000003,287.94098399999996,71.98524599999999,288.465394
U,64,3,1,86,4,514.192001,405.677964,406.898048,108.51403700000003,128.54800025,101.419491,27.128509250000008,148.399137,37.09978425,148.476598,129.105006,32.2762515,129.265334,128.173821,32.04345525,129.156116
U,64,3,1,87,4,509.946676,398.75014600000003,399.26308100000006,111.19653,127.486669,99.68753650000001,27.7991325,130.121003,32.53025075,130.26631400000002,134.230342,33.5575855,134.428354,134.398801,33.59970025,134.568413
U,64,3,1,88,4,519.546322,409.019278,409.84895500000005,110.52704400000005,129.8865805,102.2548195,27.63176100000001,131.314222,32.8285555,131.432859,138.601438,34.6503595,138.765978,139.103618,34.7759045,139.650118
U,64,3,1,89,4,628.644359,515.410587,517.006591,113.23377200000004,157.16108975,128.85264675,28.30844300000001,131.09656,32.77414,131.288341,135.079505,33.76987625,135.232549,249.23452199999997,62.30863049999999,250.48570099999998
U,64,3,1,90,4,637.485215,526.569538,528.724937,110.91567700000007,159.37130375,131.6423845,27.72891925000002,146.47228600000003,36.618071500000006,146.635834,198.001453,49.50036325,199.48684400000002,182.095799,45.52394975,182.602259
U,64,3,1,91,4,651.050753,531.838789,533.0351109999999,119.21196399999997,162.76268825,132.95969725,29.80299099999999,131.89771,32.9744275,132.005031,202.65321,50.6633025,203.52334100000002,197.287869,49.32196725,197.50673899999998
U,64,3,1,92,4,632.933933,518.281305,519.8403450000001,114.65262800000005,158.23348325,129.57032625,28.663157000000012,142.721849,35.68046225,143.265255,243.776642,60.9441605,244.662429,131.782814,32.9457035,131.912661
U,64,3,1,93,4,653.481478,543.6533380000001,545.531113,109.82813999999996,163.3703695,135.91333450000002,27.45703499999999,132.61994800000002,33.154987000000006,132.699806,210.70948800000002,52.677372000000005,212.264451,200.32390199999998,50.080975499999994,200.566856
U,64,3,1,94,4,590.165575,473.490749,475.35880900000006,116.674826,147.54139375,118.37268725,29.1687065,133.813001,33.45325025,134.418069,130.701293,32.67532325,130.857626,208.976455,52.24411375,210.083114
U,64,3,1,95,4,761.720311,647.0306909999999,648.42947,114.6896200000001,190.43007775,161.75767274999998,28.672405000000026,133.803874,33.4509685,133.913781,226.542008,56.635502,226.74543100000002,286.684809,71.67120225,287.770258
U,64,3,1,96,4,768.201957,656.2724360000001,659.098915,111.92952099999991,192.05048925,164.06810900000002,27.982380249999977,135.16171,33.7904275,135.280722,233.63244400000002,58.408111000000005,235.81820199999999,287.47828200000004,71.86957050000001,287.99999099999997
U,64,3,1,97,4,632.7687,522.960417,524.5751270000001,109.80828299999996,158.192175,130.74010425,27.45207074999999,142.41204100000002,35.603010250000004,143.317868,251.50925999999998,62.877314999999996,251.929558,129.039116,32.259779,129.32770100000002
U,64,3,1,98,4,578.409707,471.004481,471.796716,107.40522600000003,144.60242675,117.75112025,26.851306500000007,132.377074,33.0942685,132.636568,134.392329,33.59808225,134.666106,204.235078,51.0587695,204.49404199999998
U,64,3,1,99,4,527.369612,414.567856,415.36402200000003,112.80175599999995,131.842403,103.641964,28.20043899999999,132.334938,33.0837345,132.753648,136.642813,34.16070325,136.85440400000002,145.590105,36.39752625,145.75597
U,64,3,1,100,4,521.827793,406.88002500000005,409.010846,114.947768,130.45694825,101.72000625000001,28.736942,138.815876,34.703969,140.37039099999998,132.256326,33.0640815,132.385862,135.807823,33.95195575,136.254593
U,64,3,1,101,4,618.540093,507.2701129999999,509.138159,111.26998000000003,154.63502325,126.81752824999998,27.817495000000008,133.546637,33.38665925,134.020803,168.31149499999998,42.077873749999995,169.515493,205.411981,51.35299525,205.60186299999998
U,64,3,1,102,4,592.925374,474.191148,475.61131900000004,118.73422600000004,148.2313435,118.547787,29.68355650000001,129.767352,32.441838,129.92553800000002,145.161687,36.29042175,145.33174200000002,199.262109,49.81552725,200.354039
U,64,3,1,103,4,521.898557,413.97416599999997,414.460592,107.92439100000001,130.47463925,103.49354149999999,26.981097750000004,137.396219,34.34905475,137.514319,138.51447399999998,34.628618499999995,138.751065,138.063473,34.51586825,138.195208
U,64,3,1,104,4,547.722484,435.93752799999993,437.169599,111.78495600000008,136.930621,108.98438199999998,27.94623900000002,139.731276,34.932819,140.008428,159.487484,39.871871,159.695843,136.71876799999998,34.179691999999996,137.465328
U,64,3,1,105,4,532.737359,420.253748,420.81656599999997,112.483611,133.18433975,105.063437,28.12090275,142.68965999999998,35.672414999999994,142.90619099999998,141.80532399999998,35.451330999999996,141.965498,135.758764,33.939691,135.944877
U,64,3,1,106,4,526.427313,414.697365,415.27443500000004,111.72994800000004,131.60682825,103.67434125,27.93248700000001,132.55282799999998,33.138206999999994,132.730542,146.221805,36.55545125,146.444952,135.922732,33.980683,136.09894100000002
U,64,3,1,107,4,872.386869,753.0737770000001,755.574107,119.31309199999998,218.09671725,188.26844425000002,29.828272999999996,132.509289,33.12732225,133.193463,360.049776,90.012444,360.668082,260.51471200000003,65.12867800000001,261.712562
U,64,3,1,108,4,689.184843,575.542963,576.757177,113.64188000000001,172.29621075,143.88574075,28.410470000000004,134.572529,33.64313225,134.78542099999999,295.915368,73.978842,296.668364,145.055066,36.2637665,145.303392
U,64,3,1,109,4,521.879881,409.07210799999996,409.727438,112.807773,130.46997025,102.26802699999999,28.20194325,138.628404,34.657101,138.763813,130.143269,32.53581725,130.51729,140.300435,35.07510875,140.446335
U,64,3,1,110,4,617.225326,500.79842299999996,502.99278999999996,116.42690300000004,154.3063315,125.19960574999999,29.10672575000001,150.923701,37.73092525,151.637729,155.679842,38.9199605,155.876964,194.19487999999998,48.548719999999996,195.478097
U,64,3,1,111,4,677.133036,563.0687720000001,565.1270460000001,114.06426399999987,169.283259,140.76719300000002,28.516065999999967,149.26382500000003,37.315956250000006,149.40571200000002,282.551544,70.637886,283.984089,131.253403,32.81335075,131.737245
U,64,3,1,112,4,540.469317,425.454763,425.89580900000004,115.01455400000003,135.11732925,106.36369075,28.753638500000008,132.167728,33.041932,132.26334,149.209422,37.3023555,149.42229700000001,144.07761299999999,36.019403249999996,144.210172
U,64,3,1,113,4,577.337034,465.743372,467.05122700000004,111.593662,144.3342585,116.435843,27.8984155,138.875563,34.71889075,139.047073,194.063144,48.515786,194.42763200000002,132.80466499999997,33.20116624999999,133.57652199999998
U,64,3,1,114,4,601.106829,483.716835,484.33558,117.38999399999994,150.27670725,120.92920875,29.347498499999986,133.552966,33.3882415,133.725071,148.17919799999999,37.044799499999996,148.383009,201.984671,50.49616775,202.22750000000002
U,64,3,1,115,4,521.582871,405.82298099999997,406.766459,115.75988999999998,130.39571775,101.45574524999999,28.939972499999996,131.953026,32.9882565,132.094626,142.671219,35.66780475,142.839925,131.198736,32.799684,131.831908
U,64,3,1,116,4,513.145504,403.875019,404.27914699999997,109.27048499999995,128.286376,100.96875475,27.317621249999988,132.995128,33.248782,133.101887,139.583975,34.89599375,139.70737,131.29591599999998,32.823978999999994,131.46989
U,64,3,1,117,4,595.779894,480.682451,483.716361,115.097443,148.9449735,120.17061275,28.77436075,135.154054,33.7885135,135.88482000000002,208.406005,52.10150125,208.786233,137.122392,34.280598,139.045308
U,64,3,1,118,4,522.663707,410.08680699999996,411.63861799999995,112.57690000000008,130.66592675,102.52170174999999,28.14422500000002,133.58704699999998,33.396761749999996,133.73231199999998,138.530448,34.632612,139.7833,137.969312,34.492328,138.123006
U,64,3,1,119,4,517.443113,404.488226,407.56017399999996,112.95488700000004,129.36077825,101.1220565,28.23872175000001,137.556706,34.3891765,138.46564999999998,135.427291,33.85682275,135.72663,131.504229,32.87605725,133.367894
F,1,3,2,0,4,68.015563,28.685991,28.720104,39.329572,17.00389075,7.17149775,9.832393,9.102322000000001,2.2755805000000002,9.112228,11.789752,2.947438,11.80249,7.7939169999999995,1.9484792499999999,7.805386
F,1,3,2,1,4,82.608522,42.744327,42.934245000000004,39.864194999999995,20.6521305,10.68608175,9.966048749999999,13.810421000000002,3.4526052500000004,13.843526,18.066289,4.51657225,18.093414000000003,10.867617,2.71690425,10.997305
F,1,3,2,2,4,65.631112,27.538067999999996,27.599863,38.093044000000006,16.407778,6.884516999999999,9.523261000000002,10.208679,2.55216975,10.218497,11.738097999999999,2.9345244999999998,11.750127,5.591291,1.39782275,5.631239000000001
F,1,3,2,3,4,81.200558,43.973729999999996,44.096868,37.226828000000005,20.3001395,10.993432499999999,9.306707000000001,13.652366,3.4130915,13.691015,12.916227,3.22905675,12.926877,17.405136999999996,4.351284249999999,17.478976
F,1,3,2,4,4,55.684687,17.084018999999998,17.288516,38.600668,13.92117175,4.2710047499999995,9.650167,5.735295,1.43382375,5.915013,5.578226,1.3945565,5.589969,5.770498,1.4426245,5.783534
F,1,3,2,5,4,52.440497,16.994262,17.046891000000002,35.446235,13.11012425,4.2485655,8.86155875,5.627339000000001,1.4068347500000002,5.653676000000001,5.8597470000000005,1.4649367500000001,5.872342000000001,5.507175999999999,1.3767939999999999,5.520873
F,1,3,2,6,4,66.228041,24.879876,24.914741999999997,41.34816500000001,16.55701025,6.219969,10.337041250000002,9.831276,2.457819,9.840938999999999,6.747059999999999,1.6867649999999998,6.759711,8.30154,2.075385,8.314091999999999
F,1,3,2,7,4,71.599571,28.417569,28.589740999999997,43.182002,17.89989275,7.10439225,10.7955005,6.044949,1.51123725,6.117862000000001,10.04251,2.5106275,10.103731,12.330110000000001,3.0825275000000003,12.368148
F,1,3,2,8,4,82.167766,41.992453,42.210634,40.175313,20.5419415,10.49811325,10.04382825,15.090221,3.77255525,15.236804,14.760288,3.690072,14.79615,12.141944,3.035486,12.177679999999999
F,1,3,2,9,4,73.810891,35.817984,36.039491,37.992906999999995,18.45272275,8.954496,9.498226749999999,11.178238,2.7945595,11.18772,9.153005,2.28825125,9.164466000000001,15.486741,3.87168525,15.687304999999999
F,1,3,2,10,4,69.65481,28.041367,28.115788000000002,41.613443,17.4137025,7.01034175,10.40336075,6.035997,1.50899925,6.045893,9.813680000000002,2.4534200000000004,9.866569,12.191690000000001,3.0479225000000003,12.203326
F,1,3,2,11,4,71.26059,29.344001999999996,29.424692999999998,41.916588,17.8151475,7.336000499999999,10.479147,11.50363,2.8759075,11.560179999999999,8.340062,2.0850155,8.352929999999999,9.500309999999999,2.3750774999999997,9.511583
F,1,3,2,12,4,58.332102,18.583071,18.721788,39.749031,14.5830255,4.64576775,9.93725775,7.070625,1.76765625,7.185294,6.019825,1.50495625,6.031876,5.492621,1.37315525,5.504618000000001
F,1,3,2,13,4,67.239545,27.895519,27.957737,39.34402600000001,16.80988625,6.97387975,9.836006500000002,8.465836,2.116459,8.476203000000002,5.829286000000001,1.4573215000000002,5.869771999999999,13.600397000000001,3.4000992500000002,13.611761999999999
F,1,3,2,14,4,55.623655,18.141891,19.262177,37.481764,13.90591375,4.53547275,9.370441,6.926188,1.731547,6.958898,5.678016,1.419504,6.062759,5.537687,1.38442175,6.24052
F,1,3,2,15,4,63.216701,24.076277,24.331452,39.140423999999996,15.80417525,6.01906925,9.785105999999999,9.96376,2.49094,9.989851999999999,8.412119,2.10302975,8.628409999999999,5.700398,1.4250995,5.713190000000001
F,1,3,2,16,4,64.75139,24.213188000000002,24.247919,40.538202,16.1878475,6.053297000000001,10.1345505,8.579082,2.1447705,8.588868000000002,8.939987,2.23499675,8.951986999999999,6.694119000000001,1.6735297500000001,6.707064
F,1,3,2,17,4,66.728043,24.342679,24.376306999999997,42.385363999999996,16.68201075,6.08566975,10.596340999999999,5.9490870000000005,1.4872717500000001,5.958909,10.147252,2.536813,10.158344,8.24634,2.061585,8.259053999999999
F,1,3,2,18,4,67.574871,27.444804,27.531284999999997,40.130067,16.89371775,6.861201,10.03251675,9.662763,2.41569075,9.673251999999998,11.181132999999999,2.7952832499999998,11.212108999999998,6.600908,1.650227,6.645924
F,1,3,2,19,4,64.610084,25.687594000000004,25.746177000000003,38.922489999999996,16.152521,6.421898500000001,9.730622499999999,10.667213,2.66680325,10.676322,5.6330100000000005,1.4082525000000001,5.669937000000001,9.387371,2.34684275,9.399918
F,1,3,2,20,4,62.172064,23.784865,23.897769,38.387198999999995,15.543016,5.94621625,9.596799749999999,9.949289,2.48732225,9.958882,8.242908,2.060727,8.27336,5.592668,1.398167,5.665527
F,1,3,2,21,4,51.914484,16.786348,16.843168,35.128136,12.978621,4.196587,8.782034,5.721735000000001,1.4304337500000002,5.732119000000001,5.541488999999999,1.3853722499999999,5.575487,5.523124,1.380781,5.535562
F,1,3,2,22,4,76.696014,33.76688,34.249893,42.929134000000005,19.1740035,8.44172,10.732283500000001,10.648816,2.662204,10.691536,11.033873999999999,2.7584684999999998,11.111539,12.08419,3.0210475,12.446818
F,1,3,2,23,4,57.48275,18.699728,18.732632,38.783022,14.3706875,4.674932,9.6957555,7.586912999999999,1.8967282499999998,7.594881,5.597334999999999,1.3993337499999998,5.609478,5.51548,1.37887,5.5282729999999995
F,1,3,2,24,4,69.693843,30.306716,30.334172,39.387127,17.42346075,7.576679,9.84678175,5.710903,1.42772575,5.722226,13.666088,3.416522,13.676592,10.929725000000001,2.7324312500000003,10.935354
F,1,3,2,25,4,67.182569,27.116065,27.213708,40.066504,16.79564225,6.77901625,10.016626,13.297101,3.32427525,13.307822999999999,8.252301,2.06307525,8.299198,5.566663,1.39166575,5.606687
F,1,3,2,26,4,68.829708,24.499968,24.60402,44.32974,17.207427,6.124992,11.082435,8.729014,2.1822535,8.78207,5.771375,1.44284375,5.783134,9.999579,2.49989475,10.038816
F,1,3,2,27,4,76.820282,34.292229,34.322895,42.52805300000001,19.2050705,8.57305725,10.632013250000002,13.473521,3.36838025,13.482183,9.388092,2.347023,9.398744,11.430616,2.857654,11.441968
F,1,3,2,28,4,62.599829,24.276449,24.349400000000003,38.32338,15.64995725,6.06911225,9.580845,9.222491,2.30562275,9.251179,5.5379190000000005,1.3844797500000001,5.571016,9.516039,2.37900975,9.527205
F,1,3,2,29,4,59.23295,17.385484,17.598354,41.847466,14.8082375,4.346371,10.4618665,6.155774,1.5389435,6.345446,5.769745,1.44243625,5.781063,5.4599649999999995,1.3649912499999999,5.471845
F,1,3,2,30,4,61.611454,23.476768,23.557938999999998,38.134686,15.4028635,5.869192,9.5336715,8.34399,2.0859975,8.35253,5.573615,1.39340375,5.586008,9.559163,2.38979075,9.619401
F,1,3,2,31,4,61.873484,23.789485,23.901987,38.083999,15.468371,5.94737125,9.52099975,8.350496,2.087624,8.389097,5.5692829999999995,1.3923207499999999,5.63145,9.869705999999999,2.4674264999999997,9.88144
F,1,3,2,32,4,61.467515,23.729321,23.762051,37.738194,15.36687875,5.93233025,9.4345485,8.387993999999999,2.0969984999999998,8.397569,5.561064,1.390266,5.572315999999999,9.780263,2.44506575,9.792166
F,1,3,2,33,4,52.191102,16.606103,16.805243,35.584998999999996,13.0477755,4.15152575,8.896249749999999,5.615814,1.4039535,5.7901430000000005,5.548509999999999,1.3871274999999998,5.56079,5.4417789999999995,1.3604447499999999,5.4543099999999995
F,1,3,2,34,4,64.668452,23.801826,23.887971,40.866626000000004,16.167113,5.9504565,10.216656500000001,8.394295,2.09857375,8.403231,5.541129,1.38528225,5.553578,9.866401999999999,2.4666004999999998,9.931162
F,1,3,2,35,4,70.876449,29.998238999999998,30.031058,40.878209999999996,17.71911225,7.4995597499999995,10.219552499999999,10.93093,2.7327325,10.940554,5.551855,1.38796375,5.564218,13.515454,3.3788635,13.526285999999999
F,1,3,2,36,4,58.235944,16.694588,16.811086,41.54135600000001,14.558986,4.173647,10.385339000000002,5.686511,1.42162775,5.754872,5.522648,1.380662,5.559498,5.485429,1.37135725,5.496715999999999
F,1,3,2,37,4,63.986272,23.60993,23.641976,40.376342,15.996568,5.9024825,10.0940855,9.901055,2.47526375,9.909867000000002,8.235428,2.058857,8.247805,5.473447,1.36836175,5.484304
F,1,3,2,38,4,53.329213,16.567237,16.679739,36.761976000000004,13.33230325,4.14180925,9.190494000000001,5.632541000000001,1.4081352500000002,5.688551,5.497183,1.37429575,5.508513,5.437513,1.35937825,5.482675
F,1,3,2,39,4,72.810656,30.306690000000003,30.425838,42.50396599999999,18.202664,7.576672500000001,10.625991499999998,12.757638,3.1894095,12.796718,8.222743000000001,2.0556857500000003,8.261694,9.326309,2.33157725,9.367425999999998
F,1,3,2,40,4,53.809209,16.575099,16.655555,37.23411,13.45230225,4.14377475,9.3085275,5.6493,1.412325,5.659304,5.486695000000001,1.3716737500000002,5.499287,5.4391039999999995,1.3597759999999999,5.496964
F,1,3,2,41,4,56.997273,16.554754,16.663476000000003,40.442519000000004,14.24931825,4.1386885,10.110629750000001,5.631016,1.407754,5.679344,5.491721999999999,1.3729304999999998,5.540163,5.432016,1.358004,5.443969000000001
F,1,3,2,42,4,64.302564,21.288208,21.400531,43.01435600000001,16.075641,5.322052,10.753589000000002,5.631114999999999,1.4077787499999999,5.640104000000001,5.709397,1.42734925,5.801408,9.947696,2.486924,9.959019
F,1,3,2,43,4,69.71269,31.321154,31.351167,38.391535999999995,17.4281725,7.8302885,9.597883999999999,9.41845,2.3546125,9.426832000000001,9.481561,2.37039025,9.492423,12.421142999999999,3.1052857499999997,12.431912
F,1,3,2,44,4,75.480263,33.780256,33.890859999999996,41.70000699999999,18.87006575,8.445064,10.425001749999998,8.544161,2.13604025,8.58385,9.527937000000001,2.3819842500000004,9.564141,15.708158,3.9270395,15.742868999999999
F,1,3,2,45,4,64.350145,24.848033,24.911739,39.502112,16.08753625,6.21200825,9.875528,9.804604999999999,2.4511512499999997,9.814999,6.929170999999999,1.7322927499999998,6.940987,8.114257,2.02856425,8.155753
F,1,3,2,46,4,65.591596,23.601007,23.805523,41.990589,16.397899,5.90025175,10.49764725,5.685378000000001,1.4213445000000002,5.695308000000001,9.760931,2.44023275,9.9433,8.154698,2.0386745,8.166915
F,1,3,2,47,4,68.608317,27.424716,27.616014,41.183600999999996,17.15207925,6.856179,10.295900249999999,8.350722999999999,2.0876807499999996,8.389841,5.518864,1.379716,5.629355,13.555129,3.38878225,13.596817999999999
F,1,3,2,48,4,67.878509,26.414856,26.44886,41.463652999999994,16.96962725,6.603714,10.365913249999998,11.171528,2.792882,11.181073000000001,5.586310999999999,1.3965777499999998,5.599379,9.657017,2.41425425,9.668408
F,1,3,2,49,4,65.350336,23.621904,23.681582,41.728432,16.337584,5.905476,10.432108,8.368361,2.09209025,8.378019,5.535005,1.38375125,5.547138,9.718538,2.4296345,9.756425
F,1,3,2,50,4,72.186707,32.984016000000004,33.073401000000004,39.202690999999994,18.04667675,8.246004000000001,9.800672749999999,8.471554000000001,2.1178885000000003,8.481779,12.654362,3.1635905,12.696538,11.8581,2.964525,11.895084
F,1,3,2,51,4,60.954676,20.266155,20.365306,40.688520999999994,15.238669,5.06653875,10.172130249999999,5.839186,1.4597965,5.816444000000001,5.572301,1.39307525,5.682927,8.854668,2.213667,8.865935
F,1,3,2,52,4,71.065279,33.022189,33.05476,38.04309000000001,17.76631975,8.25554725,9.510772500000002,11.434219,2.85855475,11.444166,9.859366999999999,2.4648417499999997,9.871037000000001,11.728603000000001,2.9321507500000004,11.739557000000001
F,1,3,2,53,4,81.250666,38.905102,39.081463,42.345563999999996,20.3126665,9.7262755,10.586390999999999,9.539187,2.38479675,9.583286000000001,16.256428,4.064107,16.365662,13.109487000000001,3.2773717500000004,13.132514999999998
F,1,3,2,54,4,58.006797,20.580939,20.639310000000002,37.425858,14.50169925,5.14523475,9.3564645,6.047932,1.511983,6.0570770000000005,8.934538,2.2336345,8.959129,5.598469,1.39961725,5.623104
F,1,3,2,55,4,78.141334,35.57416,35.657838,42.567174,19.5353335,8.89354,10.6417935,10.492093,2.62302325,10.500383,12.754032,3.188508,12.765460000000001,12.328035,3.08200875,12.391995000000001
F,1,3,2,56,4,64.354339,24.213329,24.248311,40.141009999999994,16.08858475,6.05333225,10.035252499999999,10.334096,2.583524,10.343197,8.322437999999998,2.0806094999999996,8.335731000000001,5.556795,1.38919875,5.569383
F,1,3,2,57,4,73.905227,37.322334,37.439002,36.582893,18.47630675,9.3305835,9.14572325,8.795206,2.1988015,8.827228000000002,13.55307,3.3882675,13.589704000000001,14.974058000000001,3.7435145000000003,15.02207
F,1,3,2,58,4,84.420056,39.794455,39.823197,44.625601,21.105014,9.94861375,11.15640025,12.406886,3.1017215,12.415122,11.805547,2.95138675,11.816108,15.582022,3.8955055,15.591967
F,1,3,2,59,4,54.606303,17.823048,17.858193999999997,36.783255,13.65157575,4.455762,9.19581375,6.780839,1.69520975,6.790138,5.572098,1.3930245,5.584716,5.470110999999999,1.3675277499999998,5.48334
F,1,3,2,60,4,69.293026,30.64783,33.232138,38.645196,17.3232565,7.6619575,9.661299,9.652602000000002,2.4131505000000004,10.264173,8.244019999999999,2.0610049999999998,9.677328,12.751208,3.187802,13.290637
F,1,3,2,61,4,61.023238,16.663926,16.825573,44.359312,15.2558095,4.1659815,11.089828,5.766536,1.441634,5.8009070000000005,5.502618,1.3756545,5.617317999999999,5.394772,1.348693,5.407348
F,1,3,2,62,4,65.972924,23.488895999999997,23.544435,42.48402800000001,16.493231,5.872223999999999,10.621007000000002,5.786988,1.446747,5.796247,9.574366,2.3935915,9.58626,8.127542,2.0318855,8.161928
F,1,3,2,63,4,61.684075,23.770201,23.881127999999997,37.913874,15.42101875,5.94255025,9.4784685,5.653276999999999,1.4133192499999998,5.719135,9.912316,2.478079,9.924391,8.204608,2.051152,8.237601999999999
F,1,3,2,64,4,52.702669,16.54859,16.58101,36.154078999999996,13.17566725,4.1371475,9.038519749999999,5.621074,1.4052685,5.631060999999999,5.481605,1.37040125,5.492585000000001,5.445911000000001,1.3614777500000002,5.457364
F,1,3,2,65,4,61.881315,23.3632,23.395668,38.518115,15.47032875,5.8408,9.62952875,8.373652,2.093413,8.382621,5.491738,1.3729345,5.504536000000001,9.497810000000001,2.3744525000000003,9.508510999999999
F,1,3,2,66,4,63.86054,23.536960999999998,23.570402,40.323579,15.965135,5.8842402499999995,10.08089475,8.31062,2.077655,8.320517,5.500424000000001,1.3751060000000002,5.513126,9.725916999999999,2.4314792499999998,9.736759
F,1,3,2,67,4,63.592301,23.638638999999998,23.67046,39.953662,15.89807525,5.909659749999999,9.9884155,9.952064,2.488016,9.960643,8.179761000000001,2.0449402500000002,8.191456,5.506814,1.3767035,5.5183610000000005
F,1,3,2,68,4,53.952466,16.506664999999998,16.584563000000003,37.445801,13.4881165,4.1266662499999995,9.36145025,5.603275999999999,1.4008189999999998,5.612204,5.478307,1.36957675,5.535360000000001,5.425082,1.3562705,5.436999
F,1,3,2,69,4,68.601781,27.787232000000003,27.81874,40.814549,17.15044525,6.946808000000001,10.20363725,5.674051,1.41851275,5.684363,6.785902,1.6964755,6.7968470000000005,15.327279,3.83181975,15.33753
F,1,3,2,70,4,61.975181,24.532622,24.585649,37.442559,15.49379525,6.1331555,9.36063975,10.918903,2.72972575,10.927902,8.147163,2.03679075,8.160148,5.466556,1.366639,5.497599
F,1,3,2,71,4,57.992005,16.742885,16.777369,41.24912,14.49800125,4.18572125,10.31228,5.841871,1.46046775,5.851585,5.450968,1.362742,5.463873,5.4500459999999995,1.3625114999999999,5.461911000000001
F,1,3,2,72,4,52.123025,16.542803,16.576678,35.580222,13.03075625,4.13570075,8.8950555,5.632477,1.40811925,5.642509,5.479294,1.3698235,5.49117,5.431031999999999,1.3577579999999998,5.442999
F,1,3,2,73,4,57.098421,16.716763,17.132164,40.381658,14.27460525,4.17919075,10.0954145,5.850236000000001,1.4625590000000002,5.921324,5.453052,1.363263,5.483371999999999,5.413474999999999,1.3533687499999998,5.727468
F,1,3,2,74,4,63.650522,23.955804999999998,23.99019,39.694717000000004,15.9126305,5.9889512499999995,9.923679250000001,8.544008999999999,2.1360022499999998,8.554176,5.539521000000001,1.3848802500000001,5.551299,9.872275,2.46806875,9.884715
F,1,3,2,75,4,68.231157,27.534045000000003,27.565277000000002,40.69711199999999,17.05778925,6.883511250000001,10.174277999999997,8.506505,2.12662625,8.515817,5.49098,1.372745,5.502485,13.536560000000001,3.3841400000000004,13.546975
F,1,3,2,76,4,73.822118,35.430564,37.131851,38.391554000000006,18.4555295,8.857641,9.597888500000002,9.948578,2.4871445,10.138997999999999,9.914873,2.47871825,9.953880999999999,15.567112999999999,3.8917782499999998,17.038972
F,1,3,2,77,4,58.780587,18.875624000000002,18.909153,39.904962999999995,14.69514675,4.7189060000000005,9.976240749999999,7.922516,1.980629,7.932301000000001,5.521535,1.38038375,5.532716999999999,5.431573,1.35789325,5.444135
F,1,3,2,78,4,55.204955,16.645978,16.832670999999998,38.558977,13.80123875,4.1614945,9.63974425,5.72241,1.4306025,5.884876,5.479422,1.3698555,5.4921,5.444146,1.3610365,5.455695
F,1,3,2,79,4,56.524139,16.603981,16.637802,39.920158,14.13103475,4.15099525,9.9800395,5.680706,1.4201765,5.690988000000001,5.5036249999999995,1.3759062499999999,5.515196,5.41965,1.3549125,5.431618
F,1,3,2,80,4,61.417004,22.871478,22.993471999999997,38.545525999999995,15.354251,5.7178695,9.636381499999999,8.457046,2.1142615,8.466431,5.563801,1.39095025,5.575438999999999,8.850631,2.21265775,8.951602
F,1,3,2,81,4,53.022931,16.738488,16.795461,36.284442999999996,13.25573275,4.184622,9.071110749999999,5.739453999999999,1.4348634999999998,5.749032,5.529905,1.38247625,5.565078,5.469129000000001,1.3672822500000001,5.481351
F,1,3,2,82,4,55.614705,16.60348,16.637150000000002,39.011224999999996,13.90367625,4.15087,9.752806249999999,5.652658,1.4131645,5.662266000000001,5.469979,1.36749475,5.482546,5.480842999999999,1.3702107499999998,5.492338
F,1,3,2,83,4,53.158044,16.849712,16.947497,36.30833199999999,13.289511,4.212428,9.077082999999998,5.755152000000001,1.4387880000000002,5.794118999999999,5.553614,1.3884035,5.600038,5.540946,1.3852365,5.55334
F,1,3,2,84,4,56.103698,16.687838,16.746765,39.41586,14.0259245,4.1719595,9.853965,5.738453,1.43461325,5.747987,5.519517,1.37987925,5.531047999999999,5.429867999999999,1.3574669999999998,5.46773
F,1,3,2,85,4,64.798392,23.994152,24.084735000000002,40.80424000000001,16.199598,5.998538,10.201060000000002,8.493876,2.123469,8.534769,5.51706,1.379265,5.554133,9.983216,2.495804,9.995833
F,1,3,2,86,4,56.081598,16.658170999999996,16.692337000000002,39.423427000000004,14.0203995,4.164542749999999,9.855856750000001,5.642828,1.410707,5.653665,5.542927999999999,1.3857319999999997,5.5550250000000005,5.472415,1.36810375,5.4836469999999995
F,1,3,2,87,4,68.94913,30.628106000000002,30.684699000000002,38.321023999999994,17.2372825,7.657026500000001,9.580255999999999,5.753152,1.438288,5.763704,14.026265,3.50656625,14.037964,10.848689,2.71217225,10.883031
F,1,3,2,88,4,51.855478,16.635627,16.718846,35.219851,12.9638695,4.15890675,8.80496275,5.656612,1.414153,5.652538,5.480579,1.37014475,5.537809,5.498436,1.374609,5.528499
F,1,3,2,89,4,65.048728,23.770045,23.851778000000003,41.278683,16.262182,5.94251125,10.31967075,5.736439,1.43410975,5.771375,9.865017,2.46625425,9.877006,8.168589,2.04214725,8.203397
F,1,3,2,90,4,69.34969,28.202848,28.281197,41.14684199999999,17.3374225,7.050712,10.286710499999998,10.443571,2.61089275,10.453041999999998,8.389275,2.09731875,8.446729,9.370002,2.3425005,9.381426000000001
F,1,3,2,91,4,69.007202,31.268989,31.669394,37.738213,17.2518005,7.81724725,9.43455325,13.712632000000003,3.4281580000000007,14.012121,8.362957,2.09073925,8.451891,9.1934,2.29835,9.205382
F,1,3,2,92,4,69.925797,32.918628,32.949997,37.007169000000005,17.48144925,8.229657,9.251792250000001,15.788377,3.94709425,15.797640000000001,9.153464999999999,2.2883662499999997,9.165908,7.976786,1.9941965,7.986449
F,1,3,2,93,4,74.094917,32.698409,32.792994,41.396508,18.52372925,8.17460225,10.349127,13.783942,3.4459855,13.793607999999999,5.515609,1.37890225,5.577237,13.398857999999999,3.3497144999999997,13.422149000000001
F,1,3,2,94,4,57.067795,16.789823,16.907741,40.277972,14.26694875,4.19745575,10.069493,5.741235,1.43530875,5.809055,5.5450740000000005,1.3862685000000001,5.556274999999999,5.503514,1.3758785,5.542411
F,1,3,2,95,4,64.823115,24.070241000000003,24.105086,40.752874,16.20577875,6.017560250000001,10.1882185,8.477707,2.11942675,8.487534,5.639419,1.40985475,5.651985,9.953115,2.48827875,9.965567000000002
F,1,3,2,96,4,61.593677,23.802737999999998,23.859282999999998,37.790939,15.39841925,5.9506844999999995,9.44773475,10.003274,2.5008185,10.014425999999998,8.246601,2.06165025,8.279456999999999,5.552863,1.38821575,5.5654
F,1,3,2,97,4,57.740726,16.916196,16.951641,40.82453,14.4351815,4.229049,10.2061325,5.789626,1.4474065,5.799911,5.599492,1.399873,5.612197999999999,5.527078,1.3817695,5.539532
F,1,3,2,98,4,53.64989,16.975995000000005,17.010058,36.673894999999995,13.4124725,4.243998750000001,9.168473749999999,5.845953000000001,1.4614882500000002,5.856243,5.592237000000001,1.3980592500000002,5.60418,5.5378050000000005,1.3844512500000001,5.549635
F,1,3,2,99,4,61.943822,24.002191000000003,24.099845,37.941630999999994,15.4859555,6.000547750000001,9.485407749999998,8.440638,2.1101595,8.468783,5.574809,1.39370225,5.601593,9.986744000000002,2.4966860000000004,10.029468999999999
F,1,3,2,100,4,57.357065,16.657421,16.690848,40.699644,14.33926625,4.16435525,10.174911,5.695349,1.42383725,5.705263,5.518407,1.37960175,5.530341999999999,5.443664999999999,1.3609162499999998,5.455243
F,1,3,2,101,4,67.36015,30.336206000000004,30.475361999999997,37.023944,16.8400375,7.584051500000001,9.255986,12.382976,3.095744,12.444337999999998,8.174207000000001,2.0435517500000002,8.212152,9.779023,2.44475575,9.818871999999999
F,1,3,2,102,4,66.737901,30.087112000000005,30.119526000000004,36.65078899999999,16.68447525,7.521778000000001,9.162697249999997,5.701744,1.425436,5.711989000000001,13.657132,3.414283,13.666767,10.728236,2.682059,10.740770000000001
F,1,3,2,103,4,65.506961,27.617818999999997,27.657261,37.88914200000001,16.37674025,6.904454749999999,9.472285500000002,8.41339,2.1033475,8.440809999999999,8.73294,2.183235,8.733509,10.471489,2.61787225,10.482942000000001
F,1,3,2,104,4,65.027934,25.933362000000002,25.983768999999995,39.094572,16.2569835,6.483340500000001,9.773643,10.629650000000002,2.6574125000000004,10.656412,5.626631,1.40665775,5.639079000000001,9.677081,2.41927025,9.688277999999999
F,1,3,2,105,4,63.321944,23.834770999999996,23.898791000000003,39.487173000000006,15.830486,5.958692749999999,9.871793250000001,5.795965,1.44899125,5.805953000000001,9.863989,2.46599725,9.875845000000002,8.174817,2.04370425,8.216993
F,1,3,2,106,4,66.299794,30.287162,30.318828999999997,36.01263200000001,16.5749485,7.5717905,9.003158000000003,10.014737,2.50368425,10.023631,9.331401,2.33285025,9.342918999999998,10.941023999999999,2.7352559999999997,10.952279
F,1,3,2,107,4,68.798316,29.861393999999997,30.373623000000002,38.936922,17.199579,7.465348499999999,9.7342305,8.36547,2.0913675,8.766476,9.274441,2.31861025,9.355053999999999,12.221483,3.05537075,12.252093
F,1,3,2,108,4,76.348221,35.923418999999996,36.605228,40.424802,19.08705525,8.980854749999999,10.1062005,11.971136,2.992784,12.044834,14.787322,3.6968305,15.275778,9.164961,2.29124025,9.284616
F,1,3,2,109,4,63.417559,23.791579,23.826729,39.62598,15.85438975,5.94789475,9.906495,10.028957,2.50723925,10.039038,8.258032,2.064508,8.270668,5.50459,1.3761475,5.517023
F,1,3,2,110,4,58.747143,16.700769,16.736002,42.046374,14.68678575,4.17519225,10.5115935,5.727460000000001,1.4318650000000002,5.738131,5.528491000000001,1.3821227500000002,5.5405750000000005,5.444818,1.3612045,5.4572959999999995
F,1,3,2,111,4,62.803001,24.04264,24.077073000000002,38.760361,15.70075025,6.01066,9.69009025,5.861156,1.465289,5.870576,10.022747,2.50568675,10.035713000000001,8.158737,2.03968425,8.170784000000001
F,1,3,2,112,4,52.131608,16.931556999999998,16.987675,35.200051,13.032902,4.2328892499999995,8.80001275,5.795897999999999,1.4489744999999998,5.8271239999999995,5.545802,1.3864505,5.557788,5.589856999999999,1.3974642499999999,5.6027629999999995
F,1,3,2,113,4,66.142091,27.751556,27.913890000000002,38.39053499999999,16.53552275,6.937889,9.597633749999998,10.06757,2.5168925,10.123865,8.255258999999999,2.0638147499999997,8.310411,9.428727,2.35718175,9.479614
F,1,3,2,114,4,79.745104,37.673796,37.718897999999996,42.071307999999995,19.936276,9.418449,10.517826999999999,16.625478,4.1563695,16.634818,7.7909500000000005,1.9477375000000001,7.816184,13.257368000000001,3.3143420000000003,13.267896
F,1,3,2,115,4,64.678831,26.982219999999998,27.014797,37.696611000000004,16.16970775,6.7455549999999995,9.424152750000001,8.778754,2.1946885,8.787678999999999,10.034876,2.508719,10.046026000000001,8.168589999999998,2.0421474999999996,8.181092000000001
F,1,3,2,116,4,65.731529,26.465531,26.590572,39.265997999999996,16.43288225,6.61638275,9.816499499999999,11.080725999999999,2.7701814999999996,11.13024,8.785055,2.19626375,8.850638,6.59975,1.6499375,6.609693999999999
F,1,3,2,117,4,54.995952,16.47057,16.524276999999998,38.52538200000001,13.748988,4.1176425,9.631345500000002,5.63407,1.4085175,5.643276,5.431222,1.3578055,5.442442,5.405278,1.3513195,5.438559
F,1,3,2,118,4,70.788448,35.382852,35.56899,35.405596,17.697112,8.845713,8.851399,5.650269,1.41256725,5.659180000000001,16.966972,4.241743,17.110663000000002,12.765611,3.19140275,12.799147000000001
F,1,3,2,119,4,78.2154,37.955290000000005,38.150445,40.26011,19.55385,9.488822500000001,10.0650275,13.252222,3.3130555,13.261192,9.601287000000001,2.4003217500000003,9.61173,15.101780999999999,3.7754452499999998,15.277523
F,4,3,3,0,4,75.985998,40.707667,40.811429999999994,35.278330999999994,18.9964995,10.17691675,8.819582749999999,13.907777,3.47694425,13.94214,15.729538999999999,3.9323847499999998,15.751999999999999,11.070351,2.76758775,11.117289999999999
F,4,3,3,1,4,82.279992,43.995902,44.060075,38.28408999999999,20.569998,10.9989755,9.571022499999998,14.483315000000001,3.6208287500000003,14.491850000000001,11.906178,2.9765445,11.916027,17.606409,4.40160225,17.652198
F,4,3,3,2,4,81.141279,46.287217000000005,46.383744,34.85406199999999,20.28531975,11.571804250000001,8.713515499999998,18.935152000000002,4.7337880000000006,18.969506,11.929037,2.98225925,11.938057,15.423028,3.855757,15.476181
F,4,3,3,3,4,90.502998,52.861541,53.01530100000001,37.641457,22.6257495,13.21538525,9.41036425,20.062246,5.0155615,20.069901,16.978942,4.2447355,17.116685,15.820353,3.95508825,15.828715
F,4,3,3,4,4,82.117775,44.227169,44.404692999999995,37.89060599999999,20.52944375,11.05679225,9.472651499999998,11.910715,2.97767875,11.948759,13.516031,3.37900775,13.525476999999999,18.800423,4.70010575,18.930456999999997
F,4,3,3,5,4,82.733579,43.194966,43.685008999999994,39.538613000000005,20.68339475,10.7987415,9.884653250000001,18.078077,4.51951925,18.167089999999998,12.662434000000001,3.1656085000000003,12.671689999999998,12.454455,3.11361375,12.846229000000001
F,4,3,3,6,4,94.745222,56.441821000000004,56.710722000000004,38.303400999999994,23.6863055,14.110455250000001,9.575850249999998,21.379269,5.34481725,21.602189000000003,19.313424,4.828356,19.322779,15.749128,3.937282,15.785754
F,4,3,3,7,4,98.812778,61.43107499999999,61.620514,37.381703,24.7031945,15.357768749999998,9.34542575,17.22788,4.30697,17.259209,26.502861,6.62571525,26.511488,17.700333999999998,4.4250834999999995,17.849817
F,4,3,3,8,4,101.932562,63.456143999999995,63.59776,38.47641800000001,25.4831405,15.864035999999999,9.619104500000002,15.930601,3.98265025,15.957602000000001,30.231369,7.55784225,30.309292,17.294173999999998,4.3235434999999995,17.330866
F,4,3,3,9,4,96.659942,59.004652,59.563277,37.65529,24.1649855,14.751163,9.4138225,22.465072,5.616268,22.499806,18.062345,4.51558625,18.070647,18.477235,4.61930875,18.992824
F,4,3,3,10,4,98.856415,61.173052,63.282565999999996,37.683363,24.71410375,15.293263,9.42084075,18.840785999999998,4.7101964999999995,20.449513,23.927236,5.981809,24.006545000000003,18.40503,4.6012575,18.826507999999997
F,4,3,3,11,4,102.779664,65.151376,65.22936,37.628288,25.694916,16.287844,9.407072,19.367529,4.84188225,19.37328,25.223328000000002,6.3058320000000005,25.257804999999998,20.560519,5.14012975,20.598275
F,4,3,3,12,4,102.96968,65.441277,65.866856,37.528403,25.74242,16.36031925,9.38210075,21.488533,5.37213325,21.691961,24.420320999999998,6.105080249999999,24.470901,19.532422999999998,4.8831057499999995,19.703993999999998
F,4,3,3,13,4,68.781933,31.664468999999997,31.761272000000005,37.117464,17.19548325,7.916117249999999,9.279366,10.879831,2.71995775,10.92514,10.519654,2.6299135,10.555710000000001,10.264984,2.566246,10.280422
F,4,3,3,14,4,87.965996,50.272182,50.295796,37.693814,21.991499,12.5680455,9.4234535,18.09637,4.5240925,18.103773,13.938803,3.48470075,13.947508000000001,18.237008999999997,4.559252249999999,18.244515
F,4,3,3,15,4,97.856214,58.837588999999994,59.093042999999994,39.018625,24.4640535,14.709397249999999,9.75465625,17.269962,4.3174905,17.276799,22.567332999999998,5.6418332499999995,22.783856999999998,19.000294,4.7500735,19.032387
F,4,3,3,16,4,84.266434,43.369479,43.414241000000004,40.896955000000005,21.0666085,10.84236975,10.224238750000001,13.989538,3.4973845,13.996789000000001,16.157379,4.03934475,16.187604,13.222562,3.3056405,13.229848
F,4,3,3,17,4,80.268455,45.88089,46.084059,34.387565,20.06711375,11.4702225,8.59689125,13.161430000000001,3.2903575000000003,13.150732,19.850488,4.962622,19.858546,12.868972,3.217243,13.074781
F,4,3,3,18,4,82.282837,41.560649999999995,41.617,40.722187000000005,20.57070925,10.390162499999999,10.180546750000001,11.701812,2.925453,11.709069,11.345925000000001,2.8364812500000003,11.386871,18.512912999999998,4.628228249999999,18.52106
F,4,3,3,19,4,93.499128,55.395038,55.502531000000005,38.10409,23.374782,13.8487595,9.5260225,18.744135,4.68603375,18.751739,17.240198,4.3100495,17.301161,19.410705,4.85267625,19.449631
F,4,3,3,20,4,94.95202,59.043580999999996,59.111924,35.90843900000001,23.738005,14.760895249999999,8.977109750000002,22.687088,5.671772,22.693502000000002,18.244802,4.5612005,18.279709,18.111691,4.52792275,18.138713
F,4,3,3,21,4,84.71566,48.296251,50.382264000000006,36.419409,21.178915,12.07406275,9.10485225,14.442626999999998,3.6106567499999995,14.483768,20.952045,5.23801125,21.503471,12.901578999999998,3.2253947499999995,14.395025
F,4,3,3,22,4,80.020733,42.184045,42.210792,37.83668800000001,20.00518325,10.54601125,9.459172000000002,13.695043000000002,3.4237607500000005,13.703197,11.867311,2.96682775,11.876947999999999,16.621691,4.15542275,16.630647
F,4,3,3,23,4,84.723607,50.263619000000006,50.402832999999994,34.459987999999996,21.18090175,12.565904750000001,8.614996999999999,15.309897,3.82747425,15.419321,17.568569,4.39214225,17.588662,17.385153,4.34628825,17.394849999999998
F,4,3,3,24,4,77.5096,37.722424,37.878779,39.78717600000001,19.3774,9.430606,9.946794000000002,13.117541999999998,3.2793854999999996,13.126773,12.425499,3.10637475,12.563649999999999,12.179383,3.04484575,12.188356
F,4,3,3,25,4,92.822384,54.37801800000001,54.465171999999995,38.44436599999999,23.205596,13.594504500000003,9.611091499999997,18.310737,4.57768425,18.320597,15.598269000000002,3.8995672500000005,15.664162999999999,20.469012000000003,5.117253000000001,20.480412
F,4,3,3,26,4,90.694232,52.759575,52.981638,37.934657,22.673558,13.18989375,9.48366425,16.504446,4.1261115,16.630046,24.195230000000002,6.048807500000001,24.231441,12.059898999999998,3.0149747499999995,12.120151
F,4,3,3,27,4,77.542919,38.556488,38.693102,38.986430999999996,19.38572975,9.639122,9.746607749999999,13.455971000000002,3.3639927500000004,13.488161000000002,12.776107,3.19402675,12.839182000000001,12.32441,3.0811025,12.365759
F,4,3,3,28,4,96.71284,52.548851,53.177186,44.163989,24.17821,13.13721275,11.04099725,14.657855,3.66446375,14.695453999999998,16.558546,4.1396365,16.601777,21.332449999999998,5.3331124999999995,21.879955000000002
F,4,3,3,29,4,95.936028,53.615335,53.73712,42.32069299999999,23.984007,13.40383375,10.580173249999998,19.334560000000003,4.833640000000001,19.382727,22.197907999999998,5.5494769999999995,22.235708,12.082867,3.02071675,12.118685
F,4,3,3,30,4,81.808073,43.946974000000004,44.053349999999995,37.86109899999999,20.45201825,10.986743500000001,9.465274749999997,15.196052000000002,3.7990130000000004,15.205777999999999,14.524419,3.63110475,14.610994999999999,14.226503,3.55662575,14.236577
F,4,3,3,31,4,82.889609,44.304876,44.358779999999996,38.58473299999999,20.72240225,11.076219,9.646183249999998,15.226804000000001,3.8067010000000003,15.235587,14.576457,3.64411425,14.588078,14.501615,3.62540375,14.535115000000001
F,4,3,3,32,4,85.941775,49.521621999999994,49.583044,36.42015300000001,21.48544375,12.380405499999998,9.105038250000003,14.601254999999998,3.6503137499999996,14.610313,18.759123,4.68978075,18.801711,16.161244,4.040311,16.17102
F,4,3,3,33,4,79.477847,42.897527,44.9766,36.58032,19.86946175,10.72438175,9.14508,14.839075000000001,3.7097687500000003,15.942036,14.203444,3.550861,14.738199999999999,13.855008,3.463752,14.296363999999999
F,4,3,3,34,4,97.519967,57.71555,57.808659,39.804416999999994,24.37999175,14.4288875,9.951104249999998,22.770003000000003,5.692500750000001,22.777983,16.622062,4.1555155,16.658305,18.323484999999998,4.5808712499999995,18.372371
F,4,3,3,35,4,124.703341,86.163661,86.341385,38.53967999999999,31.17583525,21.54091525,9.634919999999997,29.701912,7.425478,29.708861000000002,29.797322,7.4493305,29.804599000000003,26.664427,6.66610675,26.827925
F,4,3,3,36,4,79.922163,42.064464,42.231773000000004,37.857699,19.98054075,10.516116,9.46442475,15.763544,3.940886,15.794087000000001,15.613314,3.9033285,15.741492999999998,10.687605999999999,2.6719014999999997,10.696193000000001
F,4,3,3,37,4,88.159627,49.09731599999999,49.358235,39.06231100000001,22.03990675,12.274328999999998,9.765577750000002,14.284223999999998,3.5710559999999996,14.503539,16.169524,4.042381,16.178245,18.643568,4.660892,18.676451
F,4,3,3,38,4,92.461074,55.72382700000001,55.807218,36.73724699999999,23.1152685,13.930956750000002,9.184311749999997,20.297009000000003,5.074252250000001,20.335690999999997,21.455127,5.36378175,21.490695000000002,13.971691,3.49292275,13.980832000000001
F,4,3,3,39,4,86.873734,50.539756,50.625426000000004,36.333978,21.7184335,12.634939,9.0834945,21.601455,5.40036375,21.609357,16.242757,4.06068925,16.271473,12.695544000000002,3.1738860000000004,12.744596
F,4,3,3,40,4,86.988681,48.366776,48.362856,38.621905,21.74717025,12.091694,9.65547625,19.801177,4.95029425,19.808747,11.784882,2.9462205,11.794833,16.780717,4.19517925,16.759276
F,4,3,3,41,4,105.730006,63.577283,63.695187000000004,42.152723,26.4325015,15.89432075,10.53818075,19.467778,4.8669445,19.505016,25.249592,6.312398,25.322191,18.859913,4.71497825,18.86798
F,4,3,3,42,4,97.622716,61.765725,61.787789,35.856990999999994,24.405679,15.44143125,8.964247749999998,23.067218,5.7668045,23.073684999999998,20.231276,5.057819,20.239202,18.467230999999998,4.6168077499999995,18.474902
F,4,3,3,43,4,86.179651,44.208961,44.377155,41.970690000000005,21.54491275,11.05224025,10.492672500000001,14.27795,3.5694875,14.285795,16.428993,4.10724825,16.437615,13.502018,3.3755045,13.653745
F,4,3,3,44,4,99.587782,63.004323,63.076908,36.583459000000005,24.8969455,15.75108075,9.145864750000001,23.471702,5.8679255,23.478589000000003,20.588445,5.14711125,20.623389,18.944176000000002,4.736044000000001,18.97493
F,4,3,3,45,4,70.07643,34.817029,34.953304,35.259401000000004,17.5191075,8.70425725,8.814850250000001,11.807065,2.95176625,11.815413,11.798008,2.949502,11.80743,11.211955999999999,2.8029889999999997,11.330461
F,4,3,3,46,4,88.083732,47.036309,47.187169,41.047422999999995,22.020933,11.75907725,10.261855749999999,18.389811,4.59745275,18.430598,17.122316,4.280579,17.223565,11.524182,2.8810455,11.533006
F,4,3,3,47,4,81.62504,47.314038000000004,47.482822,34.311001999999995,20.40626,11.828509500000001,8.577750499999999,17.792385,4.44809625,17.859375,17.859371000000003,4.464842750000001,17.951557,11.662282,2.9155705,11.67189
F,4,3,3,48,4,97.992375,61.119466,61.507593,36.87290899999999,24.49809375,15.2798665,9.218227249999998,20.766593,5.19164825,20.967107,21.813482,5.4533705,21.821956,18.539391000000002,4.6348477500000005,18.71853
F,4,3,3,49,4,74.369391,35.711469,35.737969,38.65792199999999,18.59234775,8.92786725,9.664480499999998,12.235293,3.05882325,12.243543,11.835371,2.95884275,11.844269,11.640805,2.91020125,11.650156999999998
F,4,3,3,50,4,87.184287,50.30958699999999,50.566494,36.874700000000004,21.79607175,12.577396749999998,9.218675000000001,18.092703999999998,4.523175999999999,18.101492,13.230581,3.30764525,13.468907000000002,18.986302,4.7465755,18.996094999999997
F,4,3,3,51,4,96.148315,55.277195000000006,55.307121,40.87111999999999,24.03707875,13.819298750000002,10.217779999999998,20.581712,5.145428,20.591058,13.451321,3.36283025,13.461465,21.244162,5.3110405,21.254598
F,4,3,3,52,4,92.697817,51.862922999999995,52.106313,40.834894000000006,23.17445425,12.965730749999999,10.208723500000001,17.657552999999997,4.414388249999999,17.858238999999998,12.012936,3.003234,12.046348,22.192434,5.5481085,22.201726
F,4,3,3,53,4,91.853503,52.148774,52.245306,39.704729,22.96337575,13.0371935,9.92618225,22.825031999999997,5.706257999999999,22.903596999999998,17.590212,4.397553,17.599064000000002,11.73353,2.9333825,11.742645
F,4,3,3,54,4,97.85783,60.165628999999996,60.52712,37.69220100000001,24.4644575,15.041407249999999,9.423050250000003,25.495725999999998,6.373931499999999,25.522973999999998,17.742865,4.43571625,18.068729,16.927038,4.2317595,16.935417
F,4,3,3,55,4,91.644913,50.314077999999995,56.63127,41.33083500000001,22.91122825,12.578519499999999,10.332708750000002,19.567256999999998,4.8918142499999995,25.824187,16.024839,4.00620975,16.052972,14.721981999999999,3.6804954999999997,14.754111000000002
F,4,3,3,56,4,90.850029,52.047636,52.176613,38.80239300000001,22.71250725,13.011909,9.700598250000002,18.956643,4.73916075,18.965189,16.161004,4.040251,16.198647,16.929989,4.23249725,17.012777
F,4,3,3,57,4,94.594075,59.249973000000004,59.33374,35.344102,23.64851875,14.812493250000001,8.8360255,16.407525,4.10188125,16.415805,23.769768000000003,5.942442000000001,23.836394,19.07268,4.76817,19.081541
F,4,3,3,58,4,80.756532,44.666599000000005,44.797955,36.089933,20.189133,11.166649750000001,9.02248325,13.467997,3.36699925,13.513047,15.717741,3.92943525,15.753471000000001,15.480861,3.87021525,15.531437
F,4,3,3,59,4,86.378842,48.143426000000005,48.201834000000005,38.235416,21.5947105,12.035856500000001,9.558854,14.52534,3.631335,14.534110000000002,20.436575,5.10914375,20.461296,13.181511,3.29537775,13.206428
F,4,3,3,60,4,90.929906,51.600487,51.596956000000006,39.329419,22.7324765,12.90012175,9.83235475,14.978593,3.74464825,14.987825,17.42773,4.3569325,17.40518,19.194164,4.798541,19.203951
F,4,3,3,61,4,82.357325,48.446729,48.60340600000001,33.910596000000005,20.58933125,12.11168225,8.477649000000001,14.512915,3.62822875,14.649615,18.95708,4.73927,18.967091000000003,14.976734,3.7441835,14.9867
F,4,3,3,62,4,86.852463,47.142566,47.170278,39.709897,21.71311575,11.7856415,9.92747425,19.568393,4.89209825,19.577122000000003,15.211539999999998,3.8028849999999994,15.220545,12.362633,3.09065825,12.372611
F,4,3,3,63,4,90.042555,48.44717800000001,48.708611999999995,41.595376999999985,22.51063875,12.111794500000002,10.398844249999996,14.230304,3.557576,14.462247,18.866517,4.71662925,18.876371,15.350357,3.83758925,15.369994
F,4,3,3,64,4,100.523365,65.207616,65.29985500000001,35.315749,25.13084125,16.301904,8.82893725,16.189183,4.04729575,16.196626000000002,27.275102,6.8187755,27.326853999999997,21.743331,5.43583275,21.776375
F,4,3,3,65,4,99.336212,62.905069,63.957239,36.431143000000006,24.834053,15.72626725,9.107785750000001,30.588586999999997,7.647146749999999,31.144918000000004,12.99609,3.2490225,13.036895000000001,19.320392,4.830098,19.775426
F,4,3,3,66,4,118.20132,78.82998,81.270844,39.37133999999999,29.55033,19.707495,9.842834999999997,36.000531,9.00013275,36.519239,26.910954,6.7277385,27.372493,15.918495,3.97962375,17.379112
F,4,3,3,67,4,71.968925,33.585407000000004,33.765321,38.383517999999995,17.99223125,8.396351750000001,9.595879499999999,11.761334000000002,2.9403335000000004,11.923041999999999,11.017975,2.75449375,11.02741,10.806098,2.7015245,10.814869
F,4,3,3,68,4,102.486034,61.433205,61.541825,41.052829,25.6215085,15.35830125,10.26320725,25.794647,6.44866175,25.839921000000004,19.446942,4.8617355,19.460067,16.191616,4.047904,16.241837
F,4,3,3,69,4,76.365831,36.133201,36.268112,40.23263,19.09145775,9.03330025,10.0581575,12.300698999999998,3.0751747499999995,12.308072,11.956115,2.98902875,11.979537,11.876387,2.96909675,11.980502999999999
F,4,3,3,70,4,91.212328,51.065106,51.159611000000005,40.147222,22.803082,12.7662765,10.0368055,20.62986,5.157465,20.691959,13.438127999999999,3.3595319999999997,13.447756,16.997118,4.2492795,17.019896000000003
F,4,3,3,71,4,84.143438,42.564647,42.596179,41.578791,21.0358595,10.64116175,10.39469775,14.687235,3.67180875,14.707799999999999,13.983367000000001,3.4958417500000003,13.994494,13.894044999999998,3.4735112499999996,13.893885
F,4,3,3,72,4,84.149705,47.704325,47.76452799999999,36.44538,21.03742625,11.92608125,9.111345,14.205943999999999,3.5514859999999997,14.214677,20.215332,5.053833,20.255898999999996,13.283048999999998,3.3207622499999996,13.293951999999999
F,4,3,3,73,4,86.041773,47.505859,47.621411,38.535914000000005,21.51044325,11.87646475,9.633978500000001,14.733172,3.683293,14.828940000000001,19.183077,4.79576925,19.192577,13.58961,3.3974025,13.599893999999999
F,4,3,3,74,4,92.391438,51.815161,51.843373,40.57627699999999,23.0978595,12.95379025,10.144069249999998,21.155472,5.288868,21.163867,13.558345,3.38958625,13.569263,17.101344,4.275336,17.110242999999997
F,4,3,3,75,4,95.689265,55.674136000000004,55.917677,40.015129,23.92231625,13.918534000000001,10.00378225,21.054403,5.26360075,21.125045999999998,19.730572,4.932643,19.846604,14.889161,3.72229025,14.946026999999999
F,4,3,3,76,4,90.12667,54.379324999999994,54.457953,35.74734500000001,22.5316675,13.594831249999999,8.936836250000002,17.557223999999998,4.3893059999999995,17.564294,15.747736,3.936934,15.810040999999998,21.074365,5.26859125,21.083618
F,4,3,3,77,4,104.869485,66.031665,68.724683,38.837819999999994,26.21737125,16.50791625,9.709454999999998,21.88703,5.4717575,22.385469,18.789901,4.69747525,20.358788,25.354734,6.3386835,25.980425999999998
F,4,3,3,78,4,118.282102,81.906432,82.28139999999999,36.37567,29.5705255,20.476608,9.0939175,30.066639000000002,7.5166597500000005,30.097268999999997,29.590416,7.397604,29.656019999999998,22.249377000000003,5.562344250000001,22.528111000000003
F,4,3,3,79,4,93.221615,56.142782999999994,56.222888,37.078832000000006,23.30540375,14.035695749999999,9.269708000000001,18.353893999999997,4.588473499999999,18.360404,18.783985,4.69599625,18.791491999999998,19.004904,4.751226,19.070992
F,4,3,3,80,4,112.604159,72.848501,72.91101800000001,39.755658,28.15103975,18.21212525,9.9389145,26.421561999999998,6.6053904999999995,26.440795,26.969303,6.74232575,26.987934000000003,19.457635999999997,4.864408999999999,19.482289
F,4,3,3,81,4,81.410685,48.323555,48.370734000000006,33.08713,20.35267125,12.08088875,8.2717825,19.532353,4.88308825,19.530148,13.37136,3.34284,13.413496000000002,15.419842000000001,3.8549605000000002,15.427090000000002
F,4,3,3,82,4,93.371709,53.920823999999996,54.045553999999996,39.450885,23.34292725,13.480205999999999,9.86272125,18.690742999999998,4.672685749999999,18.697827,19.709081,4.92727025,19.782433,15.520999999999999,3.8802499999999998,15.565293999999998
F,4,3,3,83,4,107.740688,68.788373,68.896353,38.952315,26.935172,17.19709325,9.73807875,23.163629999999998,5.790907499999999,23.256563,26.441432000000002,6.610358000000001,26.448591,19.183311000000003,4.795827750000001,19.191199
F,4,3,3,84,4,79.89733,41.236914,41.309694,38.660416,19.9743325,10.3092285,9.665104,17.172007999999998,4.2930019999999995,17.179097,10.231916,2.557979,10.25402,13.83299,3.4582475,13.876577000000001
F,4,3,3,85,4,99.20165,58.65905599999999,58.867316,40.54259400000001,24.8004125,14.664763999999998,10.135648500000002,22.173331,5.54333275,22.180894000000002,19.476532,4.869133,19.632012,17.009193,4.25229825,17.05441
F,4,3,3,86,4,94.497038,55.908559,55.980502,38.58847900000001,23.6242595,13.97713975,9.647119750000002,19.845729,4.96143225,19.852249,15.544117,3.88602925,15.552141999999998,20.518712999999998,5.1296782499999996,20.576111
F,4,3,3,87,4,89.61089,50.31820200000001,52.244305000000004,39.29268799999999,22.4027225,12.579550500000002,9.823171999999998,19.302354,4.8255885,19.569322,18.117324,4.529331,19.435135,12.898524000000002,3.2246310000000005,13.239848
F,4,3,3,88,4,74.105069,36.126059,36.157135999999994,37.97901,18.52626725,9.03151475,9.4947525,12.672748000000002,3.1681870000000005,12.68221,11.917572,2.979393,11.928818999999999,11.535739,2.88393475,11.546107
F,4,3,3,89,4,81.905396,44.063808,44.305754,37.841587999999994,20.476349,11.015952,9.460396999999999,13.448007,3.36200175,13.535221,18.520888,4.630222,18.530419000000002,12.094913,3.02372825,12.240114
F,4,3,3,90,4,87.895292,49.787559,49.834535,38.107732999999996,21.973823,12.44688975,9.526933249999999,17.537161,4.38429025,17.546965999999998,18.224347,4.55608675,18.235989,14.026050999999999,3.5065127499999997,14.05158
F,4,3,3,91,4,95.484006,52.106789000000006,52.159056,43.37721699999999,23.8710015,13.026697250000002,10.844304249999997,15.007748,3.751937,15.015706,20.215918000000002,5.0539795000000005,20.251936999999998,16.883123,4.22078075,16.891413
F,4,3,3,92,4,97.562862,59.394774000000005,59.501678000000005,38.16808799999999,24.3907155,14.848693500000001,9.542021999999998,23.578582,5.8946455,23.628272000000003,18.084449,4.52111225,18.140638000000003,17.731743,4.43293575,17.732768
F,4,3,3,93,4,87.928832,47.878159999999994,48.004573,40.050672000000006,21.982208,11.969539999999999,10.012668000000001,11.68463,2.9211575,11.717366,15.350859999999999,3.8377149999999998,15.403316,20.84267,5.2106675,20.883891
F,4,3,3,94,4,88.68145,51.01388700000001,51.08699200000001,37.66756299999999,22.1703625,12.753471750000003,9.416890749999997,22.175403,5.54385075,22.23176,17.609126000000003,4.402281500000001,17.617616,11.229358000000001,2.8073395000000003,11.237616
F,4,3,3,95,4,82.388766,45.977694,46.234646999999995,36.411072000000004,20.5971915,11.4944235,9.102768000000001,16.995851000000002,4.2489627500000005,17.056976,11.812726000000001,2.9531815000000003,11.999243,17.169117,4.29227925,17.178428
F,4,3,3,96,4,91.974986,49.505742999999995,49.6696,42.469243000000006,22.9937465,12.376435749999999,10.617310750000001,19.661936999999998,4.9154842499999996,19.693675,15.926891000000001,3.9817227500000003,16.004863,13.916915,3.47922875,13.971062
F,4,3,3,97,4,98.487502,57.276253999999994,57.34775199999999,41.21124800000001,24.6218755,14.319063499999999,10.302812000000003,16.963155,4.24078875,16.970983,18.140819,4.53520475,18.149290999999998,22.172279999999997,5.543069999999999,22.227477999999998
F,4,3,3,98,4,101.092722,63.616985,64.216549,37.475736999999995,25.2731805,15.90424625,9.368934249999999,24.270929,6.06773225,24.325668,20.224402,5.0561005,20.666776,19.121654,4.7804135,19.224105
F,4,3,3,99,4,84.143549,43.285478999999995,43.364447,40.85807,21.03588725,10.821369749999999,10.2145175,19.086591,4.77164775,19.120997,12.258925999999999,3.0647314999999997,12.268820999999999,11.939962000000001,2.9849905000000003,11.974629
F,4,3,3,100,4,78.082251,40.396205,40.526382999999996,37.686046,19.52056275,10.09905125,9.4215115,13.850363000000002,3.4625907500000004,13.860588,13.4667,3.366675,13.576926,13.079142000000001,3.2697855000000002,13.088868999999999
F,4,3,3,101,4,100.558539,62.542106000000004,63.084889000000004,38.01643299999999,25.13963475,15.635526500000001,9.504108249999998,20.090381,5.02259525,20.538493,21.740162,5.4350405,21.776651,20.711562999999998,5.1778907499999995,20.769745
F,4,3,3,102,4,79.055604,42.100924,42.4296,36.95468,19.763901,10.525231,9.23867,17.911368,4.477842,18.221696,12.162277,3.04056925,12.171564,12.027279,3.00681975,12.03634
F,4,3,3,103,4,84.939795,45.149059,45.218694,39.790736,21.23494875,11.28726475,9.947684,19.584717,4.89617925,19.59481,12.995370999999999,3.2488427499999997,13.044407,12.568971,3.14224275,12.579477
F,4,3,3,104,4,88.824864,53.174674,53.291533,35.65019,22.206216,13.2936685,8.9125475,17.375572,4.343893,17.411027,16.635374000000002,4.158843500000001,16.708365999999998,19.163728,4.790932,19.17214
F,4,3,3,105,4,86.804,48.23048,48.42728100000001,38.57352,21.701,12.05762,9.64338,13.179525,3.29488125,13.188289000000001,21.195563,5.29889075,21.374092,13.855391999999998,3.4638479999999996,13.864900000000002
F,4,3,3,106,4,76.092486,38.968826,39.001754000000005,37.123659999999994,19.0231215,9.7422065,9.280914999999998,13.393793,3.34844825,13.406168000000001,12.919563,3.22989075,12.929389,12.65547,3.1638675,12.666197
F,4,3,3,107,4,85.463692,47.060781000000006,47.113813,38.40291099999999,21.365923,11.765195250000001,9.600727749999997,13.93114,3.482785,13.940951,20.223736,5.055934,20.2571,12.905905,3.22647625,12.915762
F,4,3,3,108,4,93.992102,55.908241000000004,56.186710000000005,38.083861,23.4980255,13.977060250000001,9.52096525,18.78641,4.6966025,18.822806999999997,23.038563,5.75964075,23.172667,14.083268,3.520817,14.191236
F,4,3,3,109,4,112.712426,76.046472,76.239583,36.665954,28.1781065,19.011618,9.1664885,28.001716000000002,7.0004290000000005,28.182105,20.254026,5.0635065,20.260327,27.79073,6.9476825,27.797151
F,4,3,3,110,4,124.434302,86.897775,87.261345,37.53652700000001,31.1085755,21.72444375,9.384131750000002,28.16155,7.0403875,28.190454000000003,32.357356,8.089339,32.414972,26.378868999999998,6.5947172499999995,26.655919
F,4,3,3,111,4,98.387936,60.660868,60.727824999999996,37.727067999999996,24.596984,15.165217,9.431766999999999,21.009942000000002,5.252485500000001,21.015406,22.620568,5.655142,22.654223,17.030358,4.2575895,17.058196
F,4,3,3,112,4,82.781017,40.179586,40.383704,42.601431000000005,20.69525425,10.0448965,10.650357750000001,20.523294,5.1308235,20.710646,10.027838000000001,2.5069595000000002,10.036534,9.628454,2.4071135,9.636524
F,4,3,3,113,4,93.90713,55.930578999999994,55.977577000000004,37.976551,23.4767825,13.982644749999999,9.49413775,19.14842,4.787105,19.154877000000003,14.659201,3.66480025,14.667422,22.122958,5.5307395,22.155278000000003
F,4,3,3,114,4,78.29545,42.211033,42.557666,36.084417,19.5738625,10.55275825,9.02110425,13.248650999999999,3.3121627499999997,13.248286,11.825638,2.9564095,11.8353,17.136744,4.284186,17.47408
F,4,3,3,115,4,88.646775,50.935981000000005,51.174358,37.710794,22.16169375,12.733995250000001,9.4276985,14.979780000000002,3.7449450000000004,15.009487,18.163178000000002,4.5407945000000005,18.171703,17.793022999999998,4.4482557499999995,17.993168
F,4,3,3,116,4,95.146653,55.23936500000001,55.316838000000004,39.907287999999994,23.78666325,13.809841250000002,9.976821999999999,21.080372999999998,5.2700932499999995,21.141957,21.186056,5.296514,21.194079,12.972936,3.243234,12.980802
F,4,3,3,117,4,85.62609,47.782209,47.993945,37.843881,21.4065225,11.94555225,9.46097025,20.952526,5.2381315,20.969555999999997,14.621814,3.6554535,14.657977,12.207869,3.05196725,12.366412
F,4,3,3,118,4,97.432967,58.579769,58.76103,38.853198000000006,24.35824175,14.64494225,9.713299500000002,17.962081,4.49052025,18.055118999999998,25.310319,6.32757975,25.390565,15.307368999999998,3.8268422499999994,15.315346
F,4,3,3,119,4,99.983318,59.882426,59.912592000000004,40.100891999999995,24.9958295,14.9706065,10.025222999999999,14.937428,3.734357,14.959738000000002,20.261664,5.065416,20.268743999999998,24.683334000000002,6.1708335000000005,24.68411
F,16,3,4,0,4,174.965748,137.002255,138.08337,37.963493,43.741437,34.25056375,9.49087325,39.699792,9.924948,40.324085000000004,39.55314800000001,9.888287000000002,39.558893999999995,57.749314999999996,14.437328749999999,58.200391
F,16,3,4,1,4,243.35677,207.71347799999998,209.69207200000002,35.64329200000003,60.8391925,51.928369499999995,8.910823000000008,79.922652,19.980663,80.017349,67.40985599999999,16.852463999999998,67.660058,60.38097,15.0952425,62.014665
F,16,3,4,2,4,138.141695,102.88359200000001,103.22148200000001,35.25810299999999,34.53542375,25.720898000000002,8.814525749999998,36.312063,9.07801575,36.316291,33.46208,8.36552,33.698678,33.109449,8.27736225,33.206513
F,16,3,4,3,4,260.073464,223.557973,224.02480400000002,36.515491,65.018366,55.88949325,9.12887275,80.803186,20.2007965,81.02042700000001,75.279543,18.81988575,75.41738600000001,67.475244,16.868811,67.586991
F,16,3,4,4,4,143.726385,103.46483700000002,104.24169599999999,40.261547999999976,35.93159625,25.866209250000004,10.065386999999994,37.126374,9.2815935,37.13171,32.564601,8.14115025,32.817524,33.773862,8.4434655,34.292462
F,16,3,4,5,4,247.045404,209.806885,210.56073600000002,37.238519,61.761351,52.45172125,9.30962975,73.74535700000001,18.436339250000003,73.845952,75.44370699999999,18.860926749999997,75.534808,60.617821,15.15445525,61.179976
F,16,3,4,6,4,241.138609,204.174821,210.934544,36.963787999999994,60.28465225,51.04370525,9.240946999999998,71.142211,17.78555275,71.256205,74.704035,18.67600875,77.43741499999999,58.328575,14.58214375,62.24092400000001
F,16,3,4,7,4,299.373045,259.040794,259.697672,40.332250999999985,74.84326125,64.7601985,10.083062749999996,84.719972,21.179993,84.758306,98.403344,24.600836,98.741074,75.91747799999999,18.979369499999997,76.19829200000001
F,16,3,4,8,4,142.460312,107.40098999999998,108.03420799999999,35.05932200000001,35.615078,26.850247499999995,8.764830500000002,39.043991999999996,9.760997999999999,39.12481699999999,32.992238,8.2480595,33.055234,35.36476,8.84119,35.854157
F,16,3,4,9,4,178.420742,136.122524,136.50841499999999,42.29821799999999,44.6051855,34.030631,10.574554499999998,41.239429,10.30985725,41.286218999999996,37.217538,9.3043845,37.550140999999996,57.66555699999999,14.416389249999998,57.672055
F,16,3,4,10,4,282.007979,244.95319999999998,245.769371,37.054778999999996,70.50199475,61.238299999999995,9.263694749999999,91.354357,22.83858925,91.93159,83.949479,20.98736975,84.008362,69.64936399999999,17.412340999999998,69.829419
F,16,3,4,11,4,275.96473,235.36456299999998,235.95778,40.600167,68.9911825,58.841140749999994,10.15004175,82.171415,20.54285375,82.31493,88.649475,22.16236875,89.01084700000001,64.543673,16.13591825,64.632003
F,16,3,4,12,4,137.882219,98.456902,98.578289,39.42531699999999,34.47055475,24.6142255,9.856329249999998,33.184367,8.29609175,33.230226,32.831796999999995,8.207949249999999,32.898989,32.440737999999996,8.110184499999999,32.449073999999996
F,16,3,4,13,4,140.104095,103.12925200000001,103.41313199999999,36.97484299999999,35.02602375,25.782313000000002,9.243710749999998,38.733088,9.683272,38.8454,32.232662000000005,8.058165500000001,32.326535,32.163502,8.0408755,32.241197
F,16,3,4,14,4,148.977169,113.54585499999999,113.91474500000001,35.431314000000015,37.24429225,28.386463749999997,8.857828500000004,36.556906999999995,9.139226749999999,36.604499000000004,37.112403,9.27810075,37.426182,39.876545,9.96913625,39.884064
F,16,3,4,15,4,214.868283,179.59201199999998,180.02608800000002,35.27627100000001,53.71707075,44.898002999999996,8.819067750000002,56.869885,14.21747125,56.93062400000001,58.363448999999996,14.590862249999999,58.369386,64.358678,16.0896695,64.726078
F,16,3,4,16,4,236.987176,196.17626,198.67607600000002,40.81091599999999,59.246794,49.044065,10.202728999999998,59.273172,14.818293,59.338589,64.22332800000001,16.055832000000002,64.792827,72.67976,18.16994,74.54466000000001
F,16,3,4,17,4,158.693548,119.688006,119.89946699999999,39.00554199999999,39.673387,29.9220015,9.751385499999998,35.525189,8.88129725,35.611245,44.276528,11.069132,44.308639,39.886289,9.97157225,39.979583
F,16,3,4,18,4,138.609313,102.53768400000001,102.646822,36.07162899999997,34.65232825,25.634421000000003,9.017907249999993,35.292471000000006,8.823117750000002,35.299721,33.790265,8.44756625,33.839121999999996,33.454948,8.363737,33.507979000000006
F,16,3,4,19,4,142.124316,103.61831000000001,103.74639599999999,38.506005999999985,35.531079,25.904577500000002,9.626501499999996,35.692924,8.923231,35.765513,33.958383,8.48959575,33.985108,33.967003,8.49175075,33.995774999999995
F,16,3,4,20,4,147.913693,110.946742,111.19723100000002,36.966950999999995,36.97842325,27.7366855,9.241737749999999,39.412749000000005,9.853187250000001,39.514909,37.697587,9.42439675,37.81553,33.836406,8.4591015,33.866792000000004
F,16,3,4,21,4,148.413906,113.922003,114.108688,34.49190299999999,37.1034765,28.48050075,8.622975749999998,34.978032,8.744508,35.06052700000001,33.65945,8.4148625,33.732531,45.284521,11.32113025,45.31563
F,16,3,4,22,4,143.674667,105.192794,106.854206,38.48187299999999,35.91866675,26.2981985,9.620468249999998,32.496102,8.1240255,32.625174,36.181957000000004,9.045489250000001,36.371854,36.514735,9.12868375,37.857178
F,16,3,4,23,4,260.727847,226.05211300000002,227.689373,34.67573399999998,65.18196175,56.513028250000005,8.668933499999994,65.58068,16.39517,65.917155,92.598691,23.14967275,92.843223,67.872742,16.9681855,68.928995
F,16,3,4,24,4,260.639609,218.659953,219.11467199999998,41.979656000000006,65.15990225,54.66498825,10.494914000000001,69.184044,17.296011,69.23872300000001,74.955992,18.738998,75.269426,74.51991699999999,18.629979249999998,74.606523
F,16,3,4,25,4,143.747471,107.520956,107.729327,36.22651499999999,35.93686775,26.880239,9.056628749999998,36.53186,9.132965,36.573423,36.39765,9.0994125,36.41465,34.591446000000005,8.647861500000001,34.741254
F,16,3,4,26,4,141.380991,98.907093,99.09480499999998,42.47389799999999,35.34524775,24.72677325,10.618474499999998,33.826087,8.45652175,33.914874,32.642448,8.160612,32.735020999999996,32.438558,8.1096395,32.44491
F,16,3,4,27,4,133.054898,97.00644399999999,97.121839,36.04845400000002,33.2637245,24.251610999999997,9.012113500000005,32.650929,8.16273225,32.68085,32.193555,8.04838875,32.212286,32.16196,8.04049,32.228703
F,16,3,4,28,4,216.227737,176.22878300000002,177.773128,39.99895399999997,54.05693425,44.057195750000005,9.999738499999992,62.516276,15.629069,63.014297,56.828787000000005,14.207196750000001,57.790473000000006,56.88372,14.22093,56.968358
F,16,3,4,29,4,242.23934,203.300998,204.45277099999998,38.938342000000006,60.559835,50.8252495,9.734585500000001,61.056657,15.26416425,61.899082,71.833777,17.95844425,71.863426,70.410564,17.602641,70.690263
F,16,3,4,30,4,213.933336,173.928058,174.915997,40.005278000000004,53.483334,43.4820145,10.001319500000001,60.990387,15.24759675,61.645847,54.392354999999995,13.598088749999999,54.559858000000006,58.54531599999999,14.636328999999998,58.710292
F,16,3,4,31,4,157.979906,116.98123800000002,117.20657299999999,40.99866799999998,39.4949765,29.245309500000005,10.249666999999995,37.994199,9.49854975,37.996793,46.759252000000004,11.689813000000001,46.947682,32.227787,8.05694675,32.262097999999995
F,16,3,4,32,4,149.477604,108.53544199999999,108.642334,40.942162000000025,37.369401,27.133860499999997,10.235540500000006,32.801936000000005,8.200484000000001,32.853984,36.408463,9.10211575,36.415204,39.325043,9.83126075,39.373146000000006
F,16,3,4,33,4,131.133799,96.40997899999999,98.21510799999999,34.72382000000002,32.78344975,24.102494749999998,8.680955000000004,32.29168,8.07292,32.429432,32.070632,8.017658,33.440642,32.047667,8.01191675,32.345034
F,16,3,4,34,4,131.320705,96.41713200000001,96.71143500000001,34.903572999999994,32.83017625,24.104283000000002,8.725893249999999,32.341298,8.0853245,32.42879,32.059004,8.014751,32.064611,32.01683,8.0042075,32.218034
F,16,3,4,35,4,131.495366,96.088015,96.861922,35.40735099999999,32.8738415,24.02200375,8.851837749999998,32.252223,8.06305575,32.96913,31.899074,7.9747685,31.936798,31.936718000000003,7.984179500000001,31.955994
F,16,3,4,36,4,130.140144,96.18534100000001,96.664429,33.954802999999984,32.535036,24.046335250000002,8.488700749999996,32.274848,8.068712,32.672466,31.980823,7.99520575,31.987163,31.929669999999998,7.9824174999999995,32.0048
F,16,3,4,37,4,136.32581,101.153125,101.28309899999999,35.17268499999999,34.0814525,25.28828125,8.793171249999997,34.692646,8.6731615,34.711867999999996,33.419587,8.35489675,33.524480999999994,33.040892,8.260223,33.04675
F,16,3,4,38,4,175.271337,131.931403,132.102963,43.339934,43.81783425,32.98285075,10.8349835,50.996458000000004,12.749114500000001,51.120242000000005,47.406369,11.85159225,47.388031,33.528575999999994,8.382143999999998,33.59469
F,16,3,4,39,4,153.520156,114.662958,115.08564199999999,38.85719799999998,38.380039,28.6657395,9.714299499999996,36.744443000000004,9.186110750000001,36.989992,45.670733000000006,11.417683250000001,45.691803,32.247782,8.0619455,32.403847
F,16,3,4,40,4,135.363477,97.376067,99.104407,37.98740999999998,33.84086925,24.34401675,9.496852499999996,32.774343,8.19358575,33.116622,32.308597000000006,8.077149250000002,32.533106,32.293127,8.07328175,33.454679
F,16,3,4,41,4,136.187924,99.643776,99.903311,36.54414800000001,34.046981,24.910944,9.136037000000002,32.742132,8.185533,32.907561,32.236841999999996,8.059210499999999,32.289684,34.664802,8.6662005,34.706066
F,16,3,4,42,4,169.074105,127.89445400000001,128.012404,41.17965099999999,42.26852625,31.973613500000003,10.294912749999998,34.053323,8.51333075,34.058651,33.206063,8.30151575,33.188449,60.635068000000004,15.158767000000001,60.765304
F,16,3,4,43,4,131.587607,96.571324,97.209989,35.01628299999999,32.89690175,24.142831,8.754070749999997,32.448798,8.1121995,32.5132,32.105641,8.02641025,32.655322999999996,32.016885,8.00422125,32.041466
F,16,3,4,44,4,133.325515,96.075377,96.45632899999998,37.25013799999999,33.33137875,24.01884425,9.312534499999998,32.259439,8.06485975,32.549808,31.948779,7.98719475,31.981326,31.867159,7.96678975,31.925194999999995
F,16,3,4,45,4,132.417634,96.66789999999999,97.089907,35.749734000000004,33.1044085,24.166974999999997,8.937433500000001,32.424403999999996,8.106100999999999,32.430130999999996,32.285895,8.07147375,32.653600999999995,31.957601,7.98940025,32.006175
F,16,3,4,46,4,137.381556,96.478935,96.60630399999998,40.90262099999998,34.345389,24.11973375,10.225655249999996,32.441163,8.11029075,32.502069999999996,32.075552,8.018888,32.082015999999996,31.962220000000002,7.9905550000000005,32.022217999999995
F,16,3,4,47,4,131.676317,96.064798,97.766176,35.611519000000015,32.91907925,24.0161995,8.902879750000004,32.187033,8.04675825,33.221222999999995,31.981453,7.99536325,32.091355,31.896312,7.974078,32.453598
F,16,3,4,48,4,129.532702,95.64584099999999,95.79060100000001,33.88686100000001,32.3831755,23.911460249999998,8.471715250000003,32.033661,8.00841525,32.061358000000006,31.846828,7.961707,31.894652999999998,31.765352,7.941338,31.83459
F,16,3,4,49,4,132.609743,96.36497400000002,96.528343,36.24476899999999,33.15243575,24.091243500000004,9.061192249999998,32.342702,8.0856755,32.39593,32.008789,8.00219725,32.090828,32.013483,8.00337075,32.041585
F,16,3,4,50,4,133.493483,96.11225199999998,96.424128,37.381231000000014,33.37337075,24.028062999999996,9.345307750000003,32.285554,8.0713885,32.363281,32.013588,8.003397,32.24190299999999,31.813109999999998,7.9532774999999996,31.818944000000002
F,16,3,4,51,4,135.29875,97.940594,98.68517200000001,37.35815600000001,33.8246875,24.4851485,9.339539000000002,33.045778999999996,8.261444749999999,33.522551,32.415282,8.1038205,32.569675000000004,32.479533,8.11988325,32.592946
F,16,3,4,52,4,190.977212,154.35591399999998,155.106515,36.621298000000024,47.744303,38.588978499999996,9.155324500000006,54.198901,13.54972525,54.449697,59.784049,14.94601225,60.169098,40.372963999999996,10.093240999999999,40.48772
F,16,3,4,53,4,139.508484,99.84253,99.983066,39.66595400000001,34.877121,24.9606325,9.916488500000003,34.310164,8.577541,34.369662999999996,32.886264,8.221566,32.962517000000005,32.646102,8.1615255,32.650886
F,16,3,4,54,4,139.974802,100.64456,102.28229099999999,39.33024200000001,34.9937005,25.16114,9.832560500000003,34.297379,8.57434475,35.292173,33.209163000000004,8.302290750000001,33.309954999999995,33.138018,8.2845045,33.680163
F,16,3,4,55,4,134.234996,100.143414,100.68541000000002,34.09158199999999,33.558749,25.0358535,8.522895499999997,34.145751000000004,8.536437750000001,34.16857,33.086592,8.271648,33.461672,32.911071,8.22776775,33.055168
F,16,3,4,56,4,140.410985,102.51756800000001,102.64684,37.893417,35.10274625,25.629392000000003,9.47335425,35.233272,8.808318,35.330077,33.863910000000004,8.465977500000001,33.897194,33.420386,8.3550965,33.419568999999996
F,16,3,4,57,4,133.137358,100.877803,100.947321,32.259555000000006,33.2843395,25.21945075,8.064888750000001,34.307922999999995,8.576980749999999,34.277508,33.451118,8.3627795,33.544671,33.118762000000004,8.279690500000001,33.125142
F,16,3,4,58,4,135.29288,97.131596,97.34165899999999,38.161283999999995,33.82322,24.282899,9.540320999999999,32.711564,8.177891,32.808778000000004,32.247018999999995,8.061754749999999,32.328257,32.173013,8.04325325,32.204624
F,16,3,4,59,4,172.757561,136.630076,137.59675199999998,36.12748500000001,43.18939025,34.157519,9.031871250000002,37.119674,9.2799185,37.629543999999996,64.578427,16.14460675,64.976586,34.931974999999994,8.732993749999999,34.990621999999995
F,16,3,4,60,4,140.004563,101.003941,101.12063699999999,39.00062199999999,35.00114075,25.25098525,9.750155499999998,32.898019,8.22450475,32.904343,36.162107000000006,9.040526750000001,36.195381,31.943815,7.98595375,32.020913
F,16,3,4,61,4,132.126483,98.66514199999999,100.43025499999999,33.46134100000002,33.03162075,24.666285499999997,8.365335250000005,33.472243999999996,8.368060999999999,33.988051,32.672695000000004,8.168173750000001,33.794868,32.520202999999995,8.130050749999999,32.647336
F,16,3,4,62,4,134.39205,97.12121199999999,97.37544299999999,37.270838000000026,33.5980125,24.280302999999996,9.317709500000007,32.702165,8.17554125,32.770331,32.277247,8.06931175,32.415307,32.141799999999996,8.035449999999999,32.189805
F,16,3,4,63,4,140.203551,101.809797,102.007649,38.393754,35.05088775,25.45244925,9.5984385,34.752817,8.68820425,34.760339,33.617905,8.40447625,33.7278,33.439075,8.35976875,33.51951
F,16,3,4,64,4,179.45835,143.248406,143.73346899999999,36.20994400000001,44.8645875,35.8121015,9.052486000000002,37.669017,9.41725425,37.681627,62.344164,15.586041,62.463751,43.235225,10.80880625,43.588091
F,16,3,4,65,4,135.549856,98.83552,99.221837,36.714336,33.887464,24.70888,9.178584,33.582389,8.39559725,33.622462,32.6984,8.1746,32.710413,32.554731000000004,8.138682750000001,32.888962
F,16,3,4,66,4,139.715174,100.208529,101.226594,39.50664499999999,34.9287935,25.05213225,9.876661249999998,34.220502,8.5551255,34.366279999999996,33.130587,8.28264675,33.933456,32.85744,8.21436,32.926858
F,16,3,4,67,4,133.256066,97.230603,97.64107299999999,36.025463,33.3140165,24.30765075,9.00636575,32.879208999999996,8.219802249999999,33.201291,32.227013,8.05675325,32.233807999999996,32.124381,8.03109525,32.205974
F,16,3,4,68,4,139.376671,100.998255,104.67466300000001,38.37841599999999,34.84416775,25.24956375,9.594603999999997,34.155468,8.538867,34.874286,33.338737,8.33468425,36.166256000000004,33.50405,8.3760125,33.634121
F,16,3,4,69,4,176.102959,140.311843,140.498774,35.79111599999999,44.02573975,35.07796075,8.947778999999997,37.477323,9.36933075,37.511611,56.375696,14.093924,56.381922,46.45882400000001,11.614706000000002,46.605241
F,16,3,4,70,4,143.74357,103.68373899999999,103.91213900000001,40.05983100000002,35.9358925,25.920934749999997,10.014957750000004,35.517004,8.879251,35.521363,34.416357,8.60408925,34.519148,33.750378,8.4375945,33.871628
F,16,3,4,71,4,199.626322,163.384505,163.77164900000002,36.241817,49.9065805,40.84612625,9.06045425,53.782753,13.44568825,53.847547,73.103741,18.27593525,73.396204,36.498011,9.12450275,36.52789800000001
F,16,3,4,72,4,171.975719,134.719128,135.055286,37.256590999999986,42.99392975,33.679782,9.314147749999997,33.004737999999996,8.251184499999999,33.121815999999995,63.622319000000005,15.905579750000001,63.771825,38.092071000000004,9.523017750000001,38.161645
F,16,3,4,73,4,183.596737,145.470681,146.387381,38.12605599999998,45.89918425,36.36767025,9.531513999999994,38.437109,9.60927725,38.723743,64.65692299999999,16.164230749999998,65.28070199999999,42.376649,10.59416225,42.382936
F,16,3,4,74,4,135.278963,97.32576800000001,98.97079300000001,37.953194999999994,33.81974075,24.331442000000003,9.488298749999998,32.873728,8.218432,33.926783,32.308206,8.0770515,32.452887,32.143834000000005,8.035958500000001,32.591123
F,16,3,4,75,4,136.665137,96.171749,96.270329,40.49338799999998,34.16628425,24.04293725,10.123346999999995,32.470267,8.11756675,32.473104,31.874132,7.968533,31.963471,31.827350000000003,7.956837500000001,31.833754
F,16,3,4,76,4,130.776427,97.179811,97.422833,33.59661600000001,32.69410675,24.29495275,8.399154000000003,32.708494,8.1771235,32.875009,32.282296,8.070574,32.352393,32.189021000000004,8.047255250000001,32.195431
F,16,3,4,77,4,172.278152,129.920451,130.18457899999999,42.35770099999999,43.069538,32.48011275,10.589425249999998,38.207699000000005,9.551924750000001,38.21244899999999,56.846189,14.21154725,56.942358999999996,34.866563,8.71664075,35.029771
F,16,3,4,78,4,159.629676,124.220626,124.42169999999999,35.40904999999999,39.907419,31.0551565,8.852262499999998,36.244671,9.06116775,36.356297,47.634294000000004,11.908573500000001,47.694656,40.341661,10.08541525,40.370747
F,16,3,4,79,4,132.294109,96.254219,96.343628,36.039889999999986,33.07352725,24.06355475,9.009972499999996,32.353355,8.08833875,32.358171999999996,32.027508999999995,8.006877249999999,32.09269,31.873355,7.96833875,31.892766
F,16,3,4,80,4,134.949636,95.988067,96.099923,38.961569,33.737409,23.99701675,9.74039225,32.186086,8.0465215,32.271709,31.939469,7.98486725,31.95983,31.862512,7.965628,31.868384000000002
F,16,3,4,81,4,132.568543,96.460618,98.27515700000001,36.10792500000001,33.14213575,24.1151545,9.026981250000002,32.307037,8.07675925,33.068584,32.112239,8.02805975,32.739797,32.041342,8.0103355,32.466776
F,16,3,4,82,4,132.723927,96.38520400000002,96.545711,36.33872299999999,33.18098175,24.096301000000004,9.084680749999997,32.344791,8.08619775,32.349086,32.082315,8.02057875,32.135742,31.958098,7.9895245,32.060883000000004
F,16,3,4,83,4,137.31714,97.948984,98.126959,39.368156,34.329285,24.487246,9.842039,33.059829,8.26495725,33.124174,32.466770999999994,8.116692749999999,32.544354,32.422384,8.105596,32.458431000000004
F,16,3,4,84,4,193.923663,159.773305,160.088256,34.15035800000001,48.48091575,39.94332625,8.537589500000003,47.974053,11.99351325,48.030398,72.06287699999999,18.015719249999997,72.314994,39.736374999999995,9.934093749999999,39.742864
F,16,3,4,85,4,221.182121,183.531477,184.111744,37.650644,55.29553025,45.88286925,9.412661,56.842839,14.21070975,57.06639500000001,52.141233,13.03530825,52.32764,74.547405,18.63685125,74.717709
F,16,3,4,86,4,165.904434,132.607053,132.880676,33.297381,41.4761085,33.15176325,8.32434525,42.708543000000006,10.677135750000001,42.825179999999996,51.440169999999995,12.860042499999999,51.470043000000004,38.45834000000001,9.614585000000002,38.585453
F,16,3,4,87,4,149.180192,110.54521199999999,112.72636999999999,38.63498000000001,37.295048,27.636302999999998,9.658745000000003,35.731539999999995,8.932884999999999,36.685973,35.706178,8.9265445,36.424139,39.107494,9.7768735,39.616258
F,16,3,4,88,4,133.497021,96.356076,96.92091299999998,37.14094499999999,33.37425525,24.089019,9.285236249999997,32.40635,8.1015875,32.450078,32.010888,8.002722,32.223827,31.938838000000004,7.984709500000001,32.247008
F,16,3,4,89,4,137.243977,97.311402,97.463191,39.932575,34.31099425,24.3278505,9.98314375,32.726368,8.181592,32.784335,32.257284,8.064321,32.322521,32.327749999999995,8.081937499999999,32.356335
F,16,3,4,90,4,133.394132,100.961207,101.07746499999999,32.43292500000001,33.348533,25.24030175,8.108231250000003,32.697362,8.1743405,32.731049,32.337317999999996,8.084329499999999,32.344138,35.926527,8.98163175,36.002278
F,16,3,4,91,4,136.375015,96.146563,96.32275299999998,40.22845199999999,34.09375375,24.03664075,10.057112999999998,32.299457000000004,8.074864250000001,32.350035,31.993318,7.9983295,32.065439999999995,31.853787999999998,7.9634469999999995,31.907277999999998
F,16,3,4,92,4,134.712072,97.60001499999998,97.63881200000002,37.11205700000002,33.678018,24.400003749999996,9.278014250000005,32.782289999999996,8.195572499999999,32.812309,32.421504,8.105376,32.451477000000004,32.396221,8.09905525,32.375026000000005
F,16,3,4,93,4,133.444349,96.83379799999999,97.067638,36.610551,33.36108725,24.208449499999997,9.15263775,32.635482999999994,8.158870749999998,32.764038,32.17495,8.0437375,32.241341,32.023365,8.00584125,32.062259
F,16,3,4,94,4,131.675873,96.619677,96.733119,35.056196,32.91896825,24.15491925,8.764049,32.057832,8.014458,32.063124,31.96173,7.9904325,32.03308,32.600115,8.15002875,32.636915
F,16,3,4,95,4,131.621891,96.525364,97.705827,35.09652700000001,32.90547275,24.131341,8.774131750000002,32.307698,8.0769245,32.784532,32.264313,8.06607825,32.909829,31.953353,7.98833825,32.011466
F,16,3,4,96,4,133.924495,96.319028,96.914638,37.605467000000004,33.48112375,24.079757,9.401366750000001,32.223772,8.055943,32.560824999999994,32.043976,8.010994,32.235348,32.05128,8.01282,32.118465
F,16,3,4,97,4,133.19126,98.18690600000001,98.30745700000001,35.00435399999999,33.297815,24.546726500000002,8.751088499999998,33.157858,8.2894645,33.219861,32.49530300000001,8.123825750000002,32.523267000000004,32.533744999999996,8.133436249999999,32.564329
F,16,3,4,98,4,137.029341,97.24051800000001,97.325132,39.78882299999998,34.25733525,24.310129500000002,9.947205749999995,32.805843,8.20146075,32.836949000000004,32.259820000000005,8.064955000000001,32.286353,32.174855,8.04371375,32.20183
F,16,3,4,99,4,133.633905,97.13553199999998,97.399219,36.498373000000015,33.40847625,24.283882999999996,9.124593250000004,32.664651,8.16616275,32.862534000000004,32.355672999999996,8.088918249999999,32.390032000000005,32.115207999999996,8.028801999999999,32.146653
F,16,3,4,100,4,132.60121,97.035921,97.62467500000001,35.56528900000001,33.1503025,24.25898025,8.891322250000002,32.6445,8.161125,33.053265,32.22475,8.0561875,32.419113,32.166671,8.04166775,32.152297000000004
F,16,3,4,101,4,135.669059,97.181523,97.508455,38.487536000000006,33.91726475,24.29538075,9.621884000000001,32.771953,8.19298825,32.788564,32.271144,8.067786,32.304661,32.138426,8.0346065,32.41523
F,16,3,4,102,4,135.581991,97.31762199999999,99.398246,38.264369,33.89549775,24.329405499999996,9.56609225,32.737916999999996,8.184479249999999,32.971092,32.350536,8.087634,33.011455,32.229169,8.05729225,33.415699
F,16,3,4,103,4,169.186435,132.781871,132.999466,36.40456399999999,42.29660875,33.19546775,9.101140999999998,37.337175,9.33429375,37.384277,56.666753,14.16668825,56.700161,38.77794299999999,9.694485749999998,38.915028
F,16,3,4,104,4,137.389648,99.32615799999999,99.81805100000001,38.06349,34.347412,24.831539499999998,9.5158725,33.23549799999999,8.308874499999998,33.305114,32.457936000000004,8.114484000000001,32.518725,33.632724,8.408181,33.994212000000005
F,16,3,4,105,4,160.991308,123.54949299999998,123.788912,37.44181500000002,40.247827,30.887373249999996,9.360453750000005,33.811713,8.45292825,33.882784,52.359291999999996,13.089822999999999,52.38794,37.378488,9.344622,37.518187999999995
F,16,3,4,106,4,201.312548,164.48278,164.757196,36.829768,50.328137,41.120695,9.207442,33.562045,8.39051125,33.567409999999995,69.096907,17.27422675,69.275953,61.823828,15.455957,61.913833
F,16,3,4,107,4,153.767484,112.989595,113.349755,40.777889,38.441871,28.24739875,10.19447225,38.726800999999995,9.681700249999999,38.731561,40.774529,10.19363225,40.82947,33.488265,8.37206625,33.788724
F,16,3,4,108,4,146.305278,107.558299,108.22288700000001,38.74697899999998,36.5763195,26.88957475,9.686744749999995,32.509114,8.1272785,32.564555000000006,43.045129,10.76128225,43.205422,32.004056000000006,8.001014000000001,32.45291
F,16,3,4,109,4,135.355213,100.52171499999999,100.697439,34.833498000000006,33.83880325,25.130428749999997,8.708374500000001,36.581923999999994,9.145480999999998,36.697453,32.05311,8.0132775,32.088837000000005,31.886680999999996,7.971670249999999,31.911149
F,16,3,4,110,4,139.503789,98.85316499999999,99.120508,40.65062400000002,34.87594725,24.713291249999997,10.162656000000005,33.598642999999996,8.399660749999999,33.629112,32.609294,8.1523235,32.748851,32.645228,8.161307,32.742545
F,16,3,4,111,4,159.64899,124.93289899999999,125.536307,34.716091000000006,39.9122475,31.233224749999998,8.679022750000001,40.679348,10.169837,40.81177399999999,50.901975,12.72549375,51.341735,33.351575999999994,8.337893999999999,33.382798
F,16,3,4,112,4,136.6499,98.532814,98.81312599999998,38.117086,34.162475,24.6332035,9.5292715,33.563030999999995,8.390757749999999,33.583666,32.555767,8.13894175,32.727228999999994,32.414016000000004,8.103504000000001,32.502231
F,16,3,4,113,4,164.639785,128.247437,128.403742,36.392348,41.15994625,32.06185925,9.098087,33.283251,8.32081275,33.330344,60.484636,15.121159,60.587627999999995,34.47955,8.6198875,34.48577
F,16,3,4,114,4,171.019029,131.97571399999998,132.41979,39.04331500000001,42.75475725,32.993928499999996,9.760828750000002,37.630945,9.40773625,37.658905,55.624211,13.90605275,55.692205,38.720558,9.6801395,39.06868
F,16,3,4,115,4,143.707935,105.27689000000001,106.925176,38.43104499999998,35.92698375,26.319222500000002,9.607761249999996,35.373791999999995,8.843447999999999,36.546275,33.063234,8.2658085,33.145325,36.839864,9.209966,37.233576
F,16,3,4,116,4,147.649244,107.57129499999999,107.73611,40.07794900000002,36.912311,26.892823749999998,10.019487250000005,38.223877,9.55596925,38.298926,36.549122,9.1372805,36.594592,32.798296,8.199574,32.842591999999996
F,16,3,4,117,4,138.584565,104.870764,104.986683,33.713801000000004,34.64614125,26.217691,8.428450250000001,34.380235,8.59505875,34.384659,37.35993,9.3399825,37.446679,33.130599000000004,8.282649750000001,33.155345000000004
F,16,3,4,118,4,179.79298,139.552612,140.523032,40.24036799999999,44.948245,34.888153,10.060091999999997,40.129968,10.032492,40.171874,61.276971,15.31924275,61.394362,38.145673,9.53641825,38.956796
F,16,3,4,119,4,141.288822,107.341898,107.483493,33.94692400000001,35.3222055,26.8354745,8.486731000000002,36.548505999999996,9.137126499999999,36.56698,31.784664999999997,7.946166249999999,31.848969,39.00872700000001,9.752181750000002,39.067544
F,64,3,5,0,4,533.243689,497.321317,499.82606499999997,35.922371999999996,133.31092225,124.33032925,8.980592999999999,162.296936,40.574234,162.460485,165.78099600000002,41.445249000000004,165.85855899999999,169.243385,42.31084625,171.507021
F,64,3,5,1,4,444.820355,405.628303,406.045955,39.19205199999999,111.20508875,101.40707575,9.798012999999997,125.121047,31.28026175,125.226671,135.733859,33.93346475,135.81318100000001,144.773397,36.19334925,145.006103
F,64,3,5,2,4,482.538848,444.350914,447.177673,38.187933999999984,120.634712,111.0877285,9.546983499999996,137.079171,34.26979275,137.627283,158.78715499999998,39.696788749999996,159.699071,148.484588,37.121147,149.85131900000002
F,64,3,5,3,4,536.709739,497.453839,498.74078699999995,39.2559,134.17743475,124.36345975,9.813975,133.036122,33.2590305,133.314585,224.428269,56.10706725,225.27256599999998,139.989448,34.997362,140.153636
F,64,3,5,4,4,652.487349,609.94424,612.80788,42.54310899999996,163.12183725,152.48606,10.63577724999999,171.77331700000002,42.943329250000005,173.61211600000001,309.415817,77.35395425,310.12485799999996,128.75510599999998,32.188776499999996,129.070906
F,64,3,5,5,4,438.43849,402.830245,403.320941,35.60824500000001,109.6096225,100.70756125,8.902061250000003,125.361375,31.34034375,125.457794,138.97997800000002,34.744994500000004,139.25199600000002,138.488892,34.622223,138.611151
F,64,3,5,6,4,434.300036,392.48995,394.45341299999995,41.810085999999956,108.575009,98.1224875,10.452521499999989,132.234713,33.05867825,134.013737,128.154729,32.03868225,128.248346,132.100508,33.025127,132.19133
F,64,3,5,7,4,412.52774,375.501035,376.068246,37.02670499999999,103.131935,93.87525875,9.256676249999998,125.401354,31.3503385,125.505822,124.987592,31.246898,125.065398,125.112089,31.27802225,125.49702599999999
F,64,3,5,8,4,685.49044,649.604822,652.721584,35.88561800000002,171.37261,162.4012055,8.971404500000006,163.355473,40.83886825,165.278959,231.496829,57.87420725,231.985252,254.75252,63.68813,255.457373
F,64,3,5,9,4,414.638674,373.67154,374.065659,40.96713399999999,103.6596685,93.417885,10.241783499999997,124.621076,31.155269,124.73764,124.509983,31.12749575,124.609468,124.540481,31.13512025,124.71855099999999
F,64,3,5,10,4,414.306857,373.63190299999997,375.048955,40.674954000000014,103.57671425,93.40797574999999,10.168738500000003,124.613995,31.15349875,124.664985,124.52665400000001,31.131663500000002,124.61121999999999,124.491254,31.1228135,125.77275
F,64,3,5,11,4,411.879419,376.642835,377.99877799999996,35.23658399999999,102.96985475,94.16070875,8.809145999999998,126.029608,31.507402,126.260822,125.327037,31.33175925,125.49846199999999,125.28618999999999,31.321547499999998,126.239494
F,64,3,5,12,4,528.024021,485.61549,487.23629700000004,42.408530999999925,132.00600525,121.4038725,10.602132749999981,130.201878,32.5504695,130.292475,131.992952,32.998238,132.623907,223.42065999999997,55.85516499999999,224.319915
F,64,3,5,13,4,492.23623,453.03733099999994,455.529079,39.19889900000004,123.0590575,113.25933274999998,9.79972475000001,126.773963,31.69349075,128.137833,200.64631299999996,50.16157824999999,201.393777,125.617055,31.40426375,125.997469
F,64,3,5,14,4,440.4765,394.0207,394.405069,46.45580000000001,110.119125,98.505175,11.613950000000003,128.95099199999999,32.237747999999996,129.26028,132.780427,33.19510675,132.835203,132.28928100000002,33.072320250000004,132.309586
F,64,3,5,15,4,412.850597,374.49825699999997,375.89049,38.35234000000003,103.21264925,93.62456424999999,9.588085000000007,125.066344,31.266586,125.13931699999999,124.854907,31.21372675,124.942111,124.57700599999998,31.144251499999996,125.80906200000001
F,64,3,5,16,4,413.795109,375.287198,376.698486,38.507911000000036,103.44877725,93.8217995,9.626977750000009,125.269681,31.31742025,125.555343,124.997588,31.249397,125.06434899999999,125.019929,31.25498225,126.078794
F,64,3,5,17,4,416.928854,375.053805,376.663356,41.87504899999999,104.2322135,93.76345125,10.468762249999997,125.099364,31.274841,125.27266999999999,125.02559600000001,31.256399000000002,126.384637,124.928845,31.23221125,125.00604899999999
F,64,3,5,18,4,906.512609,868.5266519999999,872.352369,37.9859570000001,226.62815225,217.13166299999997,9.496489250000025,285.460701,71.36517525,286.51666800000004,282.015612,70.503903,282.583913,301.050339,75.26258475,303.251788
F,64,3,5,19,4,747.620295,705.57522,707.203952,42.04507500000011,186.90507375,176.393805,10.511268750000028,242.58019099999999,60.645047749999996,242.90125199999997,221.87098899999998,55.467747249999995,222.443044,241.12404,60.28101,241.859656
F,64,3,5,20,4,420.319184,379.26169000000004,381.19251499999996,41.05749399999996,105.079796,94.81542250000001,10.26437349999999,129.695432,32.423858,129.929486,125.058672,31.264668,125.468821,124.507586,31.1268965,125.794208
F,64,3,5,21,4,828.499934,792.215534,795.4470980000001,36.284400000000005,207.1249835,198.0538835,9.071100000000001,245.629394,61.4073485,246.49714600000001,322.321346,80.5803365,323.839299,224.26479400000002,56.066198500000006,225.110653
F,64,3,5,22,4,827.743595,788.862995,790.4894029999999,38.88060000000007,206.93589875,197.21574875,9.720150000000018,258.081134,64.5202835,258.38644899999997,266.419,66.60475,267.205878,264.362861,66.09071525,264.89707599999997
F,64,3,5,23,4,1027.036634,988.6987939999999,991.377482,38.33784000000014,256.7591585,247.17469849999998,9.584460000000036,288.897166,72.2242915,289.663142,352.100829,88.02520725,353.775754,347.700799,86.92519975,347.938586
F,64,3,5,24,4,929.653015,891.137289,894.1823139999999,38.51572599999997,232.41325375,222.78432225,9.628931499999993,266.81856700000003,66.70464175000001,267.987299,302.293667,75.57341675,303.71921499999996,322.025055,80.50626375,322.4758
F,64,3,5,25,4,790.989515,752.1217730000001,755.383902,38.86774199999991,197.74737875,188.03044325000002,9.716935499999977,255.45567699999998,63.863919249999995,255.671551,212.92376800000002,53.230942000000006,213.50967,283.742328,70.935582,286.202681
F,64,3,5,26,4,974.210702,933.4914279999999,936.4378409999999,40.71927400000004,243.5526755,233.37285699999998,10.17981850000001,300.942855,75.23571375,301.573633,336.030044,84.007511,337.95517,296.51852899999994,74.12963224999999,296.909038
F,64,3,5,27,4,406.189559,371.955698,372.588475,34.23386099999999,101.54738975,92.9889245,8.558465249999998,124.705958,31.1764895,125.057871,123.481547,30.87038675,123.52917199999999,123.76819300000001,30.942048250000003,124.001432
F,64,3,5,28,4,1017.874988,979.9514549999999,983.4016899999999,37.923533000000134,254.468747,244.98786374999997,9.480883250000034,343.456568,85.864142,344.07317,318.741905,79.68547625,319.25244599999996,317.752982,79.4382455,320.076074
F,64,3,5,29,4,1025.325876,986.747261,989.832273,38.57861500000013,256.331469,246.68681525,9.644653750000032,321.577699,80.39442475,322.336807,331.374798,82.8436995,332.17379800000003,333.79476400000004,83.44869100000001,335.321668
F,64,3,5,30,4,810.954791,771.6657009999999,772.842533,39.2890900000001,202.73869775,192.91642524999997,9.822272500000025,237.597104,59.399276,238.170955,302.850829,75.71270725,303.909111,231.217768,57.804442,230.76246700000002
F,64,3,5,31,4,620.034668,577.147172,580.837297,42.887496000000056,155.008667,144.286793,10.721874000000014,164.83675699999998,41.209189249999994,164.940467,253.981822,63.4954555,254.39393099999998,158.328593,39.58214825,161.502899
F,64,3,5,32,4,736.436908,697.8493729999999,700.861804,38.587535000000116,184.109227,174.46234324999998,9.646883750000029,201.421225,50.35530625,203.621905,314.886038,78.7215095,315.198194,181.54211,45.3855275,182.041705
F,64,3,5,33,4,411.457901,374.23796,374.598613,37.219941000000006,102.86447525,93.55949,9.304985250000001,125.128671,31.28216775,125.262654,124.49747500000001,31.124368750000002,124.51536200000001,124.611814,31.1529535,124.820597
F,64,3,5,34,4,869.06906,827.6830630000001,830.7571270000001,41.385996999999975,217.267265,206.92076575000002,10.346499249999994,263.646225,65.91155625,265.40081000000004,405.949882,101.4874705,406.439052,158.08695600000001,39.521739000000004,158.917265
F,64,3,5,35,4,759.008206,724.0928780000002,726.815336,34.91532799999982,189.7520515,181.02321950000004,8.728831999999954,252.04596800000002,63.011492000000004,252.911348,260.94049800000005,65.23512450000001,262.371069,211.10641200000003,52.77660300000001,211.532919
F,64,3,5,36,4,866.899473,827.086098,829.7688410000001,39.81337499999995,216.72486825,206.7715245,9.953343749999988,254.386025,63.59650625,255.15562,345.64079599999997,86.41019899999999,347.01773000000003,227.059277,56.76481925,227.59549099999998
F,64,3,5,37,4,895.151003,853.1537,855.590107,41.99730299999999,223.78775075,213.288425,10.499325749999997,284.309098,71.0772745,284.759833,332.83849299999997,83.20962324999999,333.676825,236.006109,59.00152725,237.15344899999997
F,64,3,5,38,4,407.81555,370.789581,371.224699,37.025968999999975,101.9538875,92.69739525,9.256492249999994,124.155136,31.038784,124.261,123.44344899999999,30.860862249999997,123.47835,123.19099599999998,30.797748999999996,123.485349
F,64,3,5,39,4,480.584626,442.594372,443.170447,37.99025399999999,120.1461565,110.648593,9.497563499999998,134.77245,33.6931125,134.926384,162.186056,40.546514,162.33036599999997,145.635866,36.4089665,145.913697
F,64,3,5,40,4,745.846011,704.291081,706.917909,41.55493000000001,186.46150275,176.07277025,10.388732500000003,256.763444,64.190861,257.142763,295.253655,73.81341375,296.18654200000003,152.27398200000002,38.068495500000004,153.588604
F,64,3,5,41,4,672.670366,637.613666,640.376943,35.05669999999998,168.1675915,159.4034165,8.764174999999994,222.264856,55.566214,222.871892,250.967441,62.74186025,252.945176,164.38136899999998,41.095342249999995,164.55987499999998
F,64,3,5,42,4,767.935633,727.927584,730.2436299999999,40.00804900000003,191.98390825,181.981896,10.002012250000007,220.005988,55.001497,221.396165,232.976462,58.2441155,233.629258,274.945134,68.7362835,275.218207
F,64,3,5,43,4,813.194213,775.222909,777.249337,37.97130400000003,203.29855325,193.80572725,9.492826000000008,264.177816,66.044454,264.695413,255.12865699999998,63.782164249999994,255.788197,255.916436,63.979109,256.76572699999997
F,64,3,5,44,4,545.600056,506.62597999999997,508.798018,38.974076000000025,136.400014,126.65649499999999,9.743519000000006,142.209833,35.55245825,142.319344,132.923415,33.23085375,133.629886,231.492732,57.873183,232.848788
F,64,3,5,45,4,917.937785,881.054386,883.969034,36.88339899999994,229.48444625,220.2635965,9.220849749999985,303.78702300000003,75.94675575000001,304.674483,318.582085,79.64552125,320.49775,258.685278,64.6713195,258.796801
F,64,3,5,46,4,822.057945,783.6836,786.9259219999999,38.37434500000006,205.51448625,195.9209,9.593586250000016,235.391265,58.84781625,237.543153,295.84790999999996,73.96197749999999,296.235014,252.44442500000002,63.111106250000006,253.14775500000002
F,64,3,5,47,4,417.111656,379.323567,380.41061,37.78808899999996,104.277914,94.83089175,9.44702224999999,125.688704,31.422176,126.098056,129.019002,32.2547505,129.591215,124.615861,31.15396525,124.721339
F,64,3,5,48,4,849.136878,806.440307,809.424894,42.69657100000006,212.2842195,201.61007675,10.674142750000016,256.706764,64.176691,259.267634,335.82805199999996,83.95701299999999,336.10345099999995,213.905491,53.47637275,214.053809
F,64,3,5,49,4,572.921987,537.985948,540.3483689999999,34.93603899999994,143.23049675,134.496487,8.734009749999984,176.493821,44.12345525,177.128,190.02564999999998,47.506412499999996,190.24946899999998,171.466477,42.86661925,172.9709
F,64,3,5,50,4,769.217924,730.2477220000001,731.818656,38.97020199999997,192.304481,182.56193050000002,9.742550499999993,264.74426800000003,66.18606700000001,265.172957,230.14493499999998,57.536233749999994,230.31884399999998,235.358519,58.83962975,236.326855
F,64,3,5,51,4,411.778166,374.744731,376.48765000000003,37.033435,102.9445415,93.68618275,9.25835875,125.263986,31.3159965,126.452393,124.875676,31.218919,124.89832899999999,124.60506900000001,31.151267250000004,125.13692800000001
F,64,3,5,52,4,598.01256,554.69473,555.484049,43.31782999999996,149.50314,138.6736825,10.82945749999999,128.772528,32.193132,128.88478,193.687297,48.42182425,193.99759799999998,232.234905,58.05872625,232.601671
F,64,3,5,53,4,535.37391,496.98494999999997,499.72909100000004,38.388960000000054,133.8434775,124.24623749999999,9.597240000000014,134.515921,33.62898025,135.433055,235.063044,58.765761,235.56586099999998,127.40598499999999,31.851496249999997,128.730175
F,64,3,5,54,4,442.854999,402.696262,403.14883299999997,40.15873700000003,110.71374975,100.6740655,10.039684250000008,131.18077,32.7951925,131.246714,132.372879,33.09321975,132.644584,139.14261299999998,34.785653249999996,139.257535
F,64,3,5,55,4,738.135699,698.342532,701.094423,39.79316700000004,184.53392475,174.585633,9.94829175000001,235.313331,58.82833275,235.868062,206.109041,51.52726025,206.737644,256.92016,64.23004,258.488717
F,64,3,5,56,4,767.15528,730.8939230000001,734.372492,36.26135699999986,191.78882,182.72348075000002,9.065339249999965,266.426039,66.60650975,266.886439,228.144389,57.03609725,229.00432999999998,236.32349500000004,59.08087375000001,238.481723
F,64,3,5,57,4,414.033136,375.346659,375.85378,38.686477000000025,103.508284,93.83666475,9.671619250000006,125.315622,31.3289055,125.519535,125.35027399999998,31.337568499999996,125.58493899999999,124.68076300000001,31.170190750000003,124.749306
F,64,3,5,58,4,446.97239,407.752826,409.473136,39.21956399999999,111.7430975,101.9382065,9.804890999999998,133.213901,33.30347525,133.526728,125.105131,31.27628275,125.33314800000001,149.433794,37.3584485,150.61326000000003
F,64,3,5,59,4,551.239454,508.800154,509.69860099999994,42.4393,137.8098635,127.2000385,10.609825,140.052228,35.013057,140.274351,221.98841299999998,55.497103249999995,222.283157,146.759513,36.68987825,147.14109299999998
F,64,3,5,60,4,541.686469,501.03471299999995,502.639992,40.651756000000034,135.42161725,125.25867824999999,10.162939000000009,133.49118099999998,33.372795249999996,133.59555,238.056716,59.514179,239.38779399999999,129.48681599999998,32.371703999999994,129.65664800000002
F,64,3,5,61,4,512.938513,475.431655,476.385673,37.506857999999966,128.23462825,118.85791375,9.376714499999991,125.17631,31.2940775,125.234489,223.443869,55.86096725,223.921805,126.811476,31.702869,127.229379
F,64,3,5,62,4,754.661029,718.315732,721.877043,36.34529699999996,188.66525725,179.578933,9.08632424999999,232.47834,58.119585,234.050632,236.68496199999998,59.171240499999996,238.210445,249.15243,62.2881075,249.615966
F,64,3,5,63,4,417.57027,378.888005,379.373188,38.68226499999997,104.3925675,94.72200125,9.670566249999993,129.372204,32.343051,129.456366,124.915675,31.22891875,124.9757,124.600126,31.1500315,124.94112200000001
F,64,3,5,64,4,495.558072,455.6195140000001,457.47387799999996,39.93855799999989,123.889518,113.90487850000002,9.984639499999972,129.132145,32.28303625,129.28542099999999,190.35639300000003,47.589098250000006,191.750408,136.130976,34.032744,136.43804899999998
F,64,3,5,65,4,703.883358,666.193478,668.8296580000001,37.68988000000002,175.9708395,166.5483695,9.422470000000004,192.99061799999998,48.247654499999996,193.598544,280.90283,70.2257075,282.42127700000003,192.30003000000002,48.075007500000005,192.80983700000002
F,64,3,5,66,4,912.798973,873.1967749999999,876.7456990000001,39.60219800000016,228.19974325,218.29919374999997,9.90054950000004,277.862301,69.46557525,278.135902,236.781852,59.195463,237.77961399999998,358.552622,89.6381555,360.830183
F,64,3,5,67,4,410.441721,374.73598300000003,375.604336,35.70573799999994,102.61043025,93.68399575000001,8.926434499999985,125.414211,31.35355275,125.479758,124.503185,31.12579625,124.73420699999998,124.81858700000001,31.204646750000002,125.39037099999999
F,64,3,5,68,4,683.567872,643.572048,646.2044269999999,39.99582399999997,170.891968,160.893012,9.998955999999993,234.231068,58.557767,234.56642699999998,209.77136099999998,52.442840249999996,210.200888,199.569619,49.89240475,201.43711199999998
F,64,3,5,69,4,482.501811,443.665292,444.314654,38.83651899999995,120.62545275,110.916323,9.709129749999988,124.876051,31.21901275,125.022041,192.851449,48.21286225,193.259352,125.937792,31.484448,126.03326100000001
F,64,3,5,70,4,516.115605,478.005502,480.530943,38.11010299999998,129.02890125,119.5013755,9.527525749999995,125.038467,31.25961675,125.80516499999999,226.392461,56.59811525,227.985386,126.57457400000001,31.643643500000003,126.74039200000001
F,64,3,5,71,4,954.424959,916.2510849999999,919.10045,38.17387400000007,238.60623975,229.06277124999997,9.543468500000017,328.048828,82.012207,328.737884,355.44633999999996,88.86158499999999,357.29699700000003,232.755917,58.18897925,233.06556899999998
F,64,3,5,72,4,776.206331,737.419325,738.728057,38.78700600000002,194.05158275,184.35483125,9.696751500000005,243.49978,60.874945,243.914465,280.29742,70.074355,280.802649,213.622125,53.40553125,214.010943
F,64,3,5,73,4,706.292675,664.063114,667.247423,42.22956099999999,176.57316875,166.0157785,10.557390249999997,165.451955,41.36298875,166.672486,207.213663,51.80341575,208.054993,291.39749600000005,72.84937400000001,292.519944
F,64,3,5,74,4,415.179915,376.522493,376.969112,38.657422,103.79497875,94.13062325,9.6643555,125.79874099999999,31.449685249999998,126.103929,125.461754,31.3654385,125.569116,125.261998,31.3154995,125.296067
F,64,3,5,75,4,874.582202,835.2709580000001,837.976077,39.31124399999999,218.6455505,208.81773950000002,9.827810999999997,277.673405,69.41835125,279.251068,331.28938500000004,82.82234625000001,332.19518500000004,226.30816800000002,56.577042000000006,226.529824
F,64,3,5,76,4,907.942547,864.629922,867.6747849999999,43.312625000000025,226.98563675,216.1574805,10.828156250000006,271.986989,67.99674725,272.77540899999997,290.702414,72.6756035,292.22197900000003,301.940519,75.48512975,302.677397
F,64,3,5,77,4,934.377556,892.444218,896.389218,41.93333800000005,233.594389,223.1110545,10.483334500000012,325.251615,81.31290375,329.11062400000003,274.44237,68.6105925,274.072739,292.750233,73.18755825,293.205855
F,64,3,5,78,4,852.150931,813.944719,816.8288809999999,38.20621200000005,213.03773275,203.48617975,9.551553000000013,293.324966,73.3312415,295.38883799999996,290.33561799999995,72.58390449999999,290.464565,230.284135,57.57103375,230.975478
F,64,3,5,79,4,914.778566,874.914362,877.38375,39.86420399999997,228.6946415,218.7285905,9.966050999999993,292.604011,73.15100275,294.465558,336.319844,84.079961,336.550885,245.99050699999998,61.497626749999995,246.36730699999998
F,64,3,5,80,4,826.45132,786.479306,789.1993680000002,39.97201400000006,206.61283,196.6198265,9.993003500000015,265.995103,66.49877575,266.67896,256.380035,64.09500875,258.09481300000004,264.104168,66.026042,264.42559500000004
F,64,3,5,81,4,808.49792,766.567006,769.9089899999999,41.93091400000003,202.12448,191.6417515,10.482728500000007,255.060749,63.76518725,256.024049,246.32967,61.5824175,248.00471299999998,265.176587,66.29414675,265.880228
F,64,3,5,82,4,523.333508,485.74907099999996,486.369935,37.584437000000094,130.833377,121.43726774999999,9.396109250000023,124.975236,31.243809,125.111107,226.66873,56.6671825,226.81099799999998,134.105105,33.52627625,134.44783
F,64,3,5,83,4,622.204245,582.94812,585.67318,39.256125,155.55106125,145.73703,9.81403125,127.087652,31.771913,127.93533099999999,227.798708,56.949677,228.88543199999998,228.06176,57.01544,228.852417
F,64,3,5,84,4,713.910269,674.207431,675.690128,39.70283799999993,178.47756725,168.55185775,9.925709499999982,223.923081,55.98077025,224.64826699999998,278.230918,69.5577295,278.869652,172.05343200000002,43.013358000000004,172.172209
F,64,3,5,85,4,453.942951,416.675877,418.176741,37.26707399999998,113.48573775,104.16896925,9.316768499999995,130.431182,32.6077955,131.511619,159.062667,39.76566675,159.297418,127.182028,31.795507,127.367704
F,64,3,5,86,4,604.149941,566.0038519999999,567.883454,38.146089000000075,151.03748525,141.50096299999998,9.536522250000019,126.32978,31.582445,126.45708499999999,204.69401299999998,51.173503249999996,205.34335599999997,234.98005899999998,58.745014749999996,236.083013
F,64,3,5,87,4,620.365936,581.737755,583.302693,38.62818100000004,155.091484,145.43443875,9.65704525000001,131.872602,32.9681505,132.407541,222.608137,55.65203425,223.308565,227.25701600000002,56.814254000000005,227.58658700000004
F,64,3,5,88,4,593.649185,557.278889,559.807088,36.37029599999994,148.41229625,139.31972225,9.092573999999985,128.51288399999999,32.128220999999996,128.937662,292.57009200000005,73.14252300000001,293.805011,136.195913,34.04897825,137.064415
F,64,3,5,89,4,716.288925,678.1514460000001,679.0586010000001,38.13747899999987,179.07223125,169.53786150000002,9.534369749999968,224.0774,56.01935,224.438885,228.16511,57.0412775,228.365589,225.908936,56.477234,226.254127
F,64,3,5,90,4,982.71891,944.315226,947.817969,38.403684,245.6797275,236.0788065,9.600921,295.843522,73.9608805,297.947114,321.603924,80.400981,322.486309,326.86778000000004,81.71694500000001,327.384546
F,64,3,5,91,4,959.837908,922.2719629999999,926.2424639999999,37.565945000000056,239.959477,230.56799074999998,9.391486250000014,332.604518,83.1511295,333.46007599999996,296.297193,74.07429825,298.294305,293.370252,73.342563,294.488083
F,64,3,5,92,4,928.912619,888.293022,891.191053,40.619597,232.22815475,222.0732555,10.15489925,290.007838,72.5019595,290.368281,326.733706,81.6834265,328.70542,271.551478,67.8878695,272.117352
F,64,3,5,93,4,801.78064,762.2112010000001,765.40069,39.569438999999875,200.44516,190.55280025000002,9.892359749999969,288.290731,72.07268275,289.30822500000005,231.902663,57.97566575,232.68169,242.017807,60.50445175,243.41077499999997
F,64,3,5,94,4,867.210416,828.543531,831.1086650000001,38.66688499999998,216.802604,207.13588275,9.666721249999995,298.050248,74.512562,298.88722600000006,299.41117800000006,74.85279450000002,300.319054,231.082105,57.77052625,231.902385
F,64,3,5,95,4,535.434465,497.410139,498.726249,38.02432600000003,133.85861625,124.35253475,9.506081500000008,132.537597,33.13439925,132.718672,235.96576,58.99144,236.41506099999998,128.90678200000002,32.226695500000005,129.592516
F,64,3,5,96,4,717.850211,680.165385,681.997538,37.68482599999993,179.46255275,170.04134625,9.421206499999982,226.989736,56.747434,227.695568,227.941609,56.98540225,228.39880900000003,225.23404,56.30851,225.90316099999998
F,64,3,5,97,4,631.648203,592.0134969999999,594.3862260000001,39.63470600000005,157.91205075,148.00337424999998,9.908676500000013,144.48253499999998,36.120633749999996,144.988504,209.95972,52.48993,211.472717,237.57124199999998,59.392810499999996,237.925005
F,64,3,5,98,4,435.463227,395.02960500000006,396.19299699999993,40.43362199999996,108.86580675,98.75740125000002,10.10840549999999,129.538171,32.38454275,129.779587,127.49844400000002,31.874611000000005,128.24209499999998,137.99299,34.4982475,138.171315
F,64,3,5,99,4,932.42905,892.968599,895.017886,39.46045099999992,233.1072625,223.24214975,9.86511274999998,324.579228,81.144807,325.0768,285.942219,71.48555475,286.200006,282.44715199999996,70.61178799999999,283.74108
F,64,3,5,100,4,571.803091,529.967748,532.1953209999999,41.835342999999966,142.95077275,132.491937,10.458835749999992,177.866788,44.466697,178.098625,166.818079,41.70451975,167.789312,185.28288100000003,46.32072025000001,186.307384
F,64,3,5,101,4,424.550258,383.776547,384.159083,40.77371099999999,106.1375645,95.94413675,10.193427749999998,127.951324,31.987831,128.144141,128.03737999999998,32.009344999999996,128.06373000000002,127.78784300000001,31.946960750000002,127.951212
F,64,3,5,102,4,540.632012,498.45023899999995,500.768857,42.18177300000008,135.158003,124.61255974999999,10.54544325000002,133.06552200000002,33.266380500000004,133.559751,230.62095499999998,57.655238749999995,231.62080400000002,134.76376199999999,33.690940499999996,135.588302
F,64,3,5,103,4,459.047413,422.710691,423.43276299999997,36.33672200000001,114.76185325,105.67767275,9.084180500000002,130.672933,32.66823325,130.88567,156.459054,39.1147635,156.594574,135.578704,33.894676,135.952519
F,64,3,5,104,4,558.865838,516.254913,519.0275310000001,42.610925000000066,139.7164595,129.06372825,10.652731250000016,128.59310799999997,32.14827699999999,129.537038,250.501445,62.62536125,251.842994,137.16036,34.29009,137.647499
F,64,3,5,105,4,512.416591,475.335888,475.777563,37.08070300000003,128.10414775,118.833972,9.270175750000007,129.097755,32.27443875,129.270326,219.76120500000002,54.940301250000005,219.914043,126.476928,31.619232,126.59319400000001
F,64,3,5,106,4,526.763198,491.351845,495.50519299999996,35.41135299999996,131.6907995,122.83796125,8.85283824999999,129.428854,32.3572135,131.06419799999998,231.09820100000002,57.774550250000004,232.44123100000002,130.82479,32.7061975,131.999764
F,64,3,5,107,4,553.389934,516.615258,516.2466079999999,36.774676,138.3474835,129.1538145,9.193669,129.62438,32.406095,129.69381,255.891279,63.97281975,255.118649,131.09959899999998,32.774899749999996,131.434149
F,64,3,5,108,4,867.283411,825.470505,828.2419749999999,41.812906,216.82085275,206.36762625,10.4532265,336.876805,84.21920125,337.878183,305.747166,76.4367915,306.5772999999999,182.846534,45.7116335,183.78649199999998
F,64,3,5,109,4,417.250133,375.65195,377.13325599999996,41.598183000000006,104.31253325,93.9129875,10.399545750000001,125.780572,31.445143,126.426118,125.064878,31.2662195,125.751283,124.8065,31.201625,124.95585499999999
F,64,3,5,110,4,687.161828,651.484316,653.6913509999999,35.67751199999998,171.790457,162.871079,8.919377999999995,200.74897099999998,50.187242749999996,201.27957400000003,247.340031,61.83500775,248.13225699999998,203.395314,50.8488285,204.27952
F,64,3,5,111,4,422.924668,382.558748,384.22673599999996,40.36592000000002,105.731167,95.639687,10.091480000000004,129.025896,32.256474,129.599314,128.529406,32.1323515,129.191871,125.003446,31.2508615,125.435551
F,64,3,5,112,4,525.025533,486.568804,487.96566499999994,38.456728999999996,131.25638325,121.642201,9.614182249999999,126.664309,31.66607725,126.910852,231.302063,57.82551575,231.69218899999998,128.602432,32.150608,129.36262399999998
F,64,3,5,113,4,620.817223,579.4304529999999,581.6079300000001,41.38677000000007,155.20430575,144.85761324999999,10.346692500000017,193.359937,48.33998425,193.861263,201.00575,50.2514375,201.410872,185.064766,46.2661915,186.33579500000002
F,64,3,5,114,4,909.45888,874.8208950000002,877.8554889999999,34.637984999999844,227.36472,218.70522375000004,8.659496249999961,328.70009100000004,82.17502275000001,329.764682,230.34037900000004,57.58509475000001,230.65888,315.78042500000004,78.94510625000001,317.431927
F,64,3,5,115,4,534.605263,493.42261499999995,494.818608,41.182648000000086,133.65131575,123.35565374999999,10.295662000000021,136.755864,34.188966,137.537802,229.99379299999998,57.498448249999996,230.434823,126.672958,31.6682395,126.845983
F,64,3,5,116,4,922.45109,882.123406,885.5458110000001,40.32768399999998,230.6127725,220.5308515,10.081920999999994,286.584671,71.64616775,286.946557,358.45697,89.6142425,360.70332,237.081765,59.27044125,237.895934
F,64,3,5,117,4,612.515036,576.718809,579.020618,35.796227000000044,153.128759,144.17970225,8.949056750000011,205.174166,51.2935415,205.911806,183.159354,45.7898385,183.859978,188.385289,47.09632225,189.24883400000002
F,64,3,5,118,4,596.434752,555.787945,557.086494,40.64680699999997,149.108688,138.94698625,10.161701749999992,187.54053199999998,46.885132999999996,187.99712000000002,190.134007,47.53350175,190.772338,178.113406,44.5283515,178.317036
F,64,3,5,119,4,419.195775,382.21049800000003,382.928679,36.985276999999996,104.79894375,95.55262450000001,9.246319249999999,125.598296,31.399574,125.808693,131.63475300000002,32.908688250000004,131.884141,124.97744900000001,31.244362250000002,125.235845
P,16,3,6,0,4,336.181367,254.27391500000002,254.97027,81.907452,84.04534175,63.568478750000004,20.476863,110.003372,27.500843,110.520825,80.613831,20.15345775,80.695381,63.656712,15.914178,63.754064
P,16,3,6,1,4,300.377692,225.59012,227.688958,74.78757200000001,75.094423,56.39753,18.696893000000003,72.490335,18.12258375,72.5509,73.48496399999999,18.371240999999998,75.054375,79.614821,19.90370525,80.08368300000001
P,16,3,6,2,4,245.121863,165.33612699999998,166.51082200000002,79.78573600000001,61.28046575,41.334031749999994,19.946434000000004,41.608844999999995,10.402211249999999,42.539102,40.940174,10.2350435,41.073099,82.787108,20.696777,82.898621
P,16,3,6,3,4,372.797447,296.47323500000005,297.90524999999997,76.32421199999993,93.19936175,74.11830875000001,19.081052999999983,98.572907,24.64322675,98.72403899999999,101.10109700000001,25.275274250000002,101.35779199999999,96.79923099999999,24.199807749999998,97.823419
P,16,3,6,4,4,311.839411,233.780205,234.316823,78.05920599999999,77.95985275,58.44505125,19.514801499999997,80.894814,20.2237035,81.265652,89.728685,22.43217125,89.784262,63.15670600000001,15.789176500000002,63.266909
P,16,3,6,5,4,286.903903,207.095372,207.554112,79.80853100000002,71.72597575,51.773843,19.952132750000004,75.895002,18.9737505,76.006696,75.016167,18.75404175,75.082109,56.184203,14.04605075,56.465306999999996
P,16,3,6,6,4,199.627299,124.89798700000001,125.34952800000002,74.72931199999998,49.90682475,31.224496750000004,18.682327999999995,34.755691,8.68892275,35.142976000000004,41.334092000000005,10.333523000000001,41.340230000000005,48.808204,12.202051,48.866322000000004
P,16,3,6,7,4,202.554186,128.24091099999998,128.60452700000002,74.313275,50.6385465,32.060227749999996,18.57831875,40.037919,10.00947975,40.260162,40.053548,10.013387,40.178381,48.149444,12.037361,48.165983999999995
P,16,3,6,8,4,224.39644,147.642561,147.68089299999997,76.75387900000001,56.09911,36.91064025,19.188469750000003,40.812092,10.203023,40.846869999999996,47.065732,11.766433,47.07158,59.764737,14.94118425,59.76244299999999
P,16,3,6,9,4,204.32725,131.408583,132.011892,72.918667,51.0818125,32.85214575,18.22966675,40.477529,10.11938225,40.762802,42.658228,10.664557,42.638624,48.272826,12.0682065,48.610465999999995
P,16,3,6,10,4,212.85855,134.24030399999998,134.62821,78.61824600000003,53.2146375,33.560075999999995,19.654561500000007,44.993677999999996,11.248419499999999,45.244749999999996,40.592307000000005,10.148076750000001,40.674921999999995,48.654319,12.16357975,48.708538000000004
P,16,3,6,11,4,217.571529,143.39801599999998,145.511237,74.17351300000001,54.39288225,35.849503999999996,18.543378250000004,44.824374000000006,11.206093500000001,44.881627,38.282179,9.57054475,38.689547999999995,60.29146299999999,15.072865749999998,61.940062
P,16,3,6,12,4,193.738422,120.59566,120.706599,73.14276200000002,48.4346055,30.148915,18.285690500000005,39.811195,9.95279875,39.883502,34.508549,8.62713725,34.514503,46.275915999999995,11.568978999999999,46.308594
P,16,3,6,13,4,211.423249,132.508342,133.32783,78.914907,52.85581225,33.1270855,19.72872675,39.879247,9.96981175,39.877629,36.539892,9.134973,36.810531,56.089203000000005,14.022300750000001,56.639669999999995
P,16,3,6,14,4,285.649786,209.184401,209.764648,76.465385,71.4124465,52.29610025,19.11634625,86.50783299999999,21.626958249999998,86.875387,67.593885,16.89847125,67.781339,55.082682999999996,13.770670749999999,55.107922
P,16,3,6,15,4,246.40195,171.273217,171.497336,75.12873300000001,61.6004875,42.81830425,18.782183250000003,46.613288999999995,11.653322249999999,46.650717,76.754636,19.188659,76.86603199999999,47.905292,11.976323,47.980587
P,16,3,6,16,4,297.34498,225.03756600000003,226.226902,72.307414,74.336245,56.25939150000001,18.0768535,75.066265,18.76656625,75.48282,99.929359,24.98233975,100.277401,50.041942,12.5104855,50.466681
P,16,3,6,17,4,292.032977,218.598543,220.685785,73.43443400000001,73.00824425,54.64963575,18.358608500000003,90.53681800000001,22.634204500000003,90.730746,92.15414899999999,23.038537249999997,93.345551,35.907576000000006,8.976894000000001,36.609488
P,16,3,6,18,4,198.442661,115.840339,116.004342,82.60232199999999,49.61066525,28.96008475,20.650580499999997,37.1289,9.282225,37.134409,33.831542,8.4578855,33.925464,44.879897,11.21997425,44.944469
P,16,3,6,19,4,293.989525,215.040641,217.041926,78.94888400000002,73.49738125,53.76016025,19.737221000000005,77.183482,19.2958705,77.44675600000001,96.37692299999999,24.094230749999998,96.948515,41.480236000000005,10.370059000000001,42.646654999999996
P,16,3,6,20,4,200.172854,123.845488,124.61176999999999,76.327366,50.0432135,30.961372,19.0818415,41.386049,10.34651225,41.971018,40.735415,10.18385375,40.775417,41.724024,10.431006,41.865335
P,16,3,6,21,4,314.727723,238.77462500000001,241.070875,75.95309800000001,78.68193075,59.693656250000004,18.988274500000003,83.22228799999999,20.805571999999998,83.567978,82.263193,20.56579825,83.712774,73.28914400000001,18.322286000000002,73.79012300000001
P,16,3,6,22,4,322.008442,243.450334,243.99627900000002,78.558108,80.5021105,60.8625835,19.639527,62.084091,15.52102275,62.385401,90.400692,22.600173,90.497543,90.965551,22.74138775,91.113335
P,16,3,6,23,4,270.168752,197.584388,198.12509,72.584364,67.542188,49.396097,18.146091,57.929401000000006,14.482350250000001,57.964939,72.537627,18.13440675,72.89004,67.11736,16.77934,67.270111
P,16,3,6,24,4,227.593902,150.557468,151.172962,77.03643400000001,56.8984755,37.639367,19.259108500000004,37.428135999999995,9.357033999999999,37.772239,39.910270999999995,9.977567749999999,40.054399000000004,73.21906100000001,18.304765250000003,73.34632400000001
P,16,3,6,25,4,255.110044,176.66468099999997,177.386429,78.44536300000001,63.777511,44.16617024999999,19.611340750000004,39.238954,9.8097385,39.243658,37.032697,9.25817425,37.092111,100.39303,25.0982575,101.05066
P,16,3,6,26,4,237.178402,161.220082,161.839271,75.95832000000001,59.2946005,40.3050205,18.989580000000004,41.72153,10.4303825,42.015417,38.785897,9.69647425,38.862284,80.712655,20.17816375,80.96157000000001
P,16,3,6,27,4,330.632521,254.43167699999998,255.02731599999998,76.20084400000002,82.65813025,63.607919249999995,19.050211000000004,89.619865,22.40496625,89.93427899999999,84.889546,21.2223865,85.106074,79.922266,19.9805665,79.986963
P,16,3,6,28,4,238.851656,166.84265399999998,167.147445,72.00900200000001,59.712914,41.710663499999995,18.002250500000002,38.863412,9.715853,39.067918,36.450622,9.1126555,36.481208,91.52862,22.882155,91.598319
P,16,3,6,29,4,202.918042,128.73244899999997,129.39648400000002,74.18559300000004,50.7295105,32.18311224999999,18.54639825000001,42.433395,10.60834875,42.637359000000004,41.307063,10.32676575,41.336013,44.991991,11.24799775,45.423112
P,16,3,6,30,4,200.85537,123.345981,123.91364599999999,77.509389,50.2138425,30.83649525,19.37734725,36.724312,9.181078,36.77756899999999,35.139657,8.78491425,35.194860999999996,51.482012,12.870503,51.941216
P,16,3,6,31,4,217.768024,144.761976,148.915627,73.00604799999999,54.442006,36.190494,18.251511999999998,40.987221999999996,10.246805499999999,41.227621,38.534752,9.633688,38.723456,65.240002,16.3100005,68.96455
P,16,3,6,32,4,201.632095,127.26871000000001,127.56131900000001,74.36338499999998,50.40802375,31.817177500000003,18.590846249999995,40.147403000000004,10.036850750000001,40.215209,37.692930000000004,9.423232500000001,37.848604,49.428377,12.35709425,49.497506
P,16,3,6,33,4,210.638737,133.84554,134.545506,76.79319699999999,52.65968425,33.461385,19.198299249999998,43.557108,10.889277,44.163004,39.896277,9.97406925,39.879254,50.392155,12.59803875,50.503248
P,16,3,6,34,4,198.133922,127.06417,127.38311,71.06975200000001,49.5334805,31.7660425,17.767438000000002,40.543110000000006,10.135777500000001,40.66613,37.914218,9.4785545,38.088847,48.606842,12.1517105,48.628133000000005
P,16,3,6,35,4,216.628884,143.176839,143.38574599999998,73.452045,54.157221,35.79420975,18.36301125,48.118876,12.029719,48.138142,41.389798,10.3474495,41.426945,53.668165,13.41704125,53.82065899999999
P,16,3,6,36,4,249.394231,177.86040200000002,177.091802,71.53382899999997,62.34855775,44.465100500000005,17.883457249999992,60.224327,15.05608175,60.282354,61.97088,15.49272,61.015114,55.665195,13.91629875,55.794334000000006
P,16,3,6,37,4,231.876055,160.33489,160.55925200000001,71.541165,57.96901375,40.0837225,17.88529125,37.355914,9.3389785,37.38854,35.528757,8.88218925,35.622841,87.450219,21.86255475,87.547871
P,16,3,6,38,4,215.414656,137.086893,137.639362,78.327763,53.853664,34.27172325,19.58194075,41.014244999999995,10.253561249999999,41.467943,41.992013,10.49800325,42.05645,54.080635,13.52015875,54.114969
P,16,3,6,39,4,243.960499,167.46367899999998,167.672339,76.49682000000001,60.99012475,41.865919749999996,19.124205000000003,43.876521,10.96913025,43.88248,37.578632999999996,9.394658249999999,37.658488,86.00852499999999,21.502131249999998,86.131371
P,16,3,6,40,4,205.885452,127.68649300000001,130.073357,78.19895899999997,51.471363,31.921623250000003,19.549739749999993,40.88744200000001,10.221860500000002,41.449483,38.286813,9.57170325,38.400572,48.512237999999996,12.128059499999999,50.223302000000004
P,16,3,6,41,4,226.637493,148.269121,148.60494,78.368372,56.65937325,37.06728025,19.592093,42.391995,10.59799875,42.477891,52.438997,13.10974925,52.618294000000006,53.438128999999996,13.359532249999999,53.50875500000001
P,16,3,6,42,4,201.857354,126.51729199999998,126.679706,75.340062,50.4643385,31.629322999999996,18.8350155,40.462987,10.11574675,40.53288499999999,37.775692,9.443923,37.794565,48.27861299999999,12.069653249999998,48.352256
P,16,3,6,43,4,216.461362,137.767293,138.470393,78.69406900000001,54.1153405,34.44182325,19.673517250000003,45.831767000000006,11.457941750000002,45.93685,37.989983,9.49749575,38.47305,53.945543,13.48638575,54.060492999999994
P,16,3,6,44,4,217.490619,134.69728600000002,135.378515,82.79333299999999,54.37265475,33.674321500000005,20.698333249999997,43.713186,10.9282965,43.900053,40.299103,10.07477575,40.322558,50.684997,12.67124925,51.155904
P,16,3,6,45,4,211.912364,128.948644,129.331092,82.96372,52.978091,32.237161,20.74093,40.979763,10.24494075,41.039359,38.497714,9.6244285,38.636484,49.471167,12.36779175,49.655249000000005
P,16,3,6,46,4,200.450977,128.30474400000003,128.589827,72.14623299999997,50.11274425,32.07618600000001,18.03655824999999,41.126547,10.28163675,41.146603,38.142283000000006,9.535570750000002,38.359674999999996,49.035914000000005,12.258978500000001,49.083549000000005
P,16,3,6,47,4,240.448551,160.294138,162.16358400000001,80.154413,60.11213775,40.0735345,20.03860325,47.821754,11.9554385,48.971284000000004,41.707167,10.42679175,42.196253,70.765217,17.69130425,70.996047
P,16,3,6,48,4,248.837901,165.817319,166.455079,83.02058199999999,62.20947525,41.45432975,20.755145499999998,39.443109,9.86077725,39.908736000000005,37.045649,9.26141225,37.137207,89.328561,22.33214025,89.409136
P,16,3,6,49,4,202.445205,125.29230999999999,125.521867,77.152895,50.61130125,31.323077499999997,19.28822375,40.730509,10.18262725,40.911276,37.867535,9.46688375,37.921684,46.694266,11.6735665,46.688907
P,16,3,6,50,4,225.923999,150.307362,150.484076,75.616637,56.48099975,37.5768405,18.90415925,40.595434999999995,10.148858749999999,40.652688999999995,37.898724,9.474681,37.960249,71.813203,17.95330075,71.871138
P,16,3,6,51,4,204.205005,134.31037,134.527086,69.894635,51.05125125,33.5775925,17.47365875,45.460579,11.36514475,45.475624999999994,42.358857,10.58971425,42.38491499999999,46.490934,11.6227335,46.666546
P,16,3,6,52,4,222.029496,145.62537099999997,146.006863,76.40412500000002,55.507374,36.40634274999999,19.101031250000005,43.511554999999994,10.877888749999999,43.547633000000005,37.022348,9.255587,37.098392000000004,65.09146799999999,16.272866999999998,65.360838
P,16,3,6,53,4,237.10143,159.596875,160.310811,77.50455499999998,59.2753575,39.89921875,19.376138749999996,47.109722,11.7774305,47.201969,40.577618,10.1444045,41.103298,71.909535,17.97738375,72.005544
P,16,3,6,54,4,214.594779,138.880001,139.018278,75.714778,53.64869475,34.72000025,18.9286945,46.951697,11.73792425,46.980057,36.652725,9.16318125,36.755588,55.27557899999999,13.818894749999998,55.28263299999999
P,16,3,6,55,4,212.908865,133.19647600000002,133.59124300000002,79.71238899999997,53.22721625,33.299119000000005,19.928097249999993,40.00824,10.00206,40.207629000000004,43.57096800000001,10.892742000000002,43.695325000000004,49.617268,12.404317,49.688289
P,16,3,6,56,4,218.387955,146.852889,148.342005,71.535066,54.59698875,36.71322225,17.8837665,55.872217,13.96805425,56.401525,41.888661,10.47216525,42.724637,49.092011,12.27300275,49.21584300000001
P,16,3,6,57,4,199.331463,122.97438600000001,123.259057,76.357077,49.83286575,30.743596500000002,19.08926925,38.497365,9.62434125,38.669854,36.335906,9.0839765,36.368015,48.141115000000006,12.035278750000002,48.221188
P,16,3,6,58,4,224.731113,148.10127699999998,148.84612900000002,76.62983600000001,56.18277825,37.025319249999995,19.157459000000003,39.442642,9.8606605,39.521349,43.159622999999996,10.789905749999999,43.707053,65.499012,16.374753,65.617727
P,16,3,6,59,4,206.088595,130.52151299999997,130.695995,75.56708200000003,51.52214875,32.63037824999999,18.891770500000007,40.273568,10.068392,40.323961,37.697786,9.4244465,37.72579,52.550158999999994,13.137539749999998,52.64624400000001
P,16,3,6,60,4,236.549519,164.29385200000002,164.94863600000002,72.25566699999999,59.13737975,41.073463000000004,18.063916749999997,40.060417,10.01510425,40.139030000000005,37.716394,9.4290985,37.757779,86.51704099999999,21.629260249999998,87.051827
P,16,3,6,61,4,245.541833,166.12906,166.545613,79.41277299999999,61.38545825,41.532265,19.853193249999997,43.993771,10.99844275,44.084116,37.645788,9.411447,37.688173,84.489501,21.12237525,84.773324
P,16,3,6,62,4,231.650694,153.733875,154.014773,77.91681899999998,57.9126735,38.43346875,19.479204749999994,39.553057,9.88826425,39.570079,37.266547,9.31663675,37.373773,76.914271,19.22856775,77.070921
P,16,3,6,63,4,207.804207,133.942465,135.110994,73.86174199999999,51.95105175,33.48561625,18.465435499999998,39.84728199999999,9.961820499999998,40.887056,37.430265999999996,9.357566499999999,37.437191999999996,56.664917,14.16622925,56.786745999999994
P,16,3,6,64,4,258.728522,183.35768000000002,183.62228599999997,75.37084199999998,64.6821305,45.839420000000004,18.842710499999995,41.211014000000006,10.302753500000001,41.235346,38.330483,9.58262075,38.39038,103.816183,25.95404575,103.99655999999999
P,16,3,6,65,4,192.437595,119.75973100000002,121.55472900000001,72.67786399999997,48.10939875,29.939932750000004,18.169465999999993,40.107421,10.02685525,40.925116,37.498265,9.37456625,37.999885,42.154045,10.53851125,42.629728
P,16,3,6,66,4,204.180955,126.227114,126.63637800000001,77.95384100000001,51.04523875,31.5567785,19.488460250000003,39.916178,9.9790445,40.282866,37.583045,9.39576125,37.591182,48.72789100000001,12.181972750000002,48.76233
P,16,3,6,67,4,262.332976,187.422678,187.71164900000002,74.91029799999998,65.583244,46.8556695,18.727574499999996,41.612111999999996,10.403027999999999,41.740975,38.808078,9.7020195,38.850275,107.002488,26.750622,107.120399
P,16,3,6,68,4,264.802311,186.19315899999998,186.71853900000002,78.609152,66.20057775,46.548289749999995,19.652288,55.436265999999996,13.859066499999999,55.811193,63.451335,15.86283375,63.514157,67.30555799999999,16.826389499999998,67.393189
P,16,3,6,69,4,224.132857,144.956517,146.011215,79.17634000000001,56.03321425,36.23912925,19.794085000000003,44.172484000000004,11.043121000000001,44.505765,55.402345,13.85058625,55.932134999999995,45.381688,11.345422,45.573315
P,16,3,6,70,4,204.897289,127.59863599999998,127.920791,77.29865300000002,51.22432225,31.899658999999996,19.324663250000004,39.831534,9.9578835,39.923142,35.744558,8.9361395,35.811719999999994,52.022543999999996,13.005635999999999,52.185929
P,16,3,6,71,4,221.754172,145.861885,146.03190999999998,75.89228700000001,55.438543,36.46547125,18.973071750000003,41.122754,10.2806885,41.190498,38.708366999999996,9.677091749999999,38.778731,66.030764,16.507691,66.062681
P,16,3,6,72,4,208.214331,132.5118,132.780597,75.702531,52.05358275,33.12795,18.92563275,40.116405,10.02910125,40.220063,45.075799,11.26894975,45.147958,47.319596000000004,11.829899000000001,47.412576
P,16,3,6,73,4,200.846434,128.520367,129.069946,72.326067,50.2116085,32.13009175,18.08151675,41.892559000000006,10.473139750000001,41.955369,38.456582,9.6141455,38.850843999999995,48.171226,12.0428065,48.263733
P,16,3,6,74,4,264.315312,187.036293,188.644365,77.279019,66.078828,46.75907325,19.31975475,68.775767,17.19394175,69.286975,68.397756,17.099439,69.43768,49.86277,12.4656925,49.919709999999995
P,16,3,6,75,4,295.307627,223.77944399999998,223.973974,71.52818300000004,73.82690675,55.944860999999996,17.88204575000001,82.00437799999999,20.501094499999997,82.029683,79.551809,19.88795225,79.66196500000001,62.223257,15.55581425,62.282326
P,16,3,6,76,4,294.165872,216.974267,217.35735599999998,77.19160499999998,73.541468,54.24356675,19.297901249999995,94.13861299999999,23.534653249999998,94.16773099999999,72.436418,18.1091045,72.568701,50.399236,12.599809,50.620924
P,16,3,6,77,4,197.572444,120.91456600000001,121.613967,76.65787799999998,49.393111,30.228641500000002,19.164469499999996,39.925224,9.981306,40.364951,34.315853000000004,8.578963250000001,34.375498,46.673489,11.66837225,46.873518
P,16,3,6,78,4,203.441194,126.123521,126.198444,77.317673,50.8602985,31.53088025,19.32941825,39.599627,9.89990675,39.631656,37.079105,9.26977625,37.085555,49.444789,12.36119725,49.481233
P,16,3,6,79,4,223.302453,147.523677,147.808763,75.77877600000002,55.82561325,36.88091925,18.944694000000005,45.226618,11.3066545,45.258265,41.795348,10.448837,41.86548,60.501711,15.12542775,60.685018
P,16,3,6,80,4,212.708896,138.239177,139.217316,74.469719,53.177224,34.55979425,18.61742975,45.793638,11.4484095,46.080235,37.721602000000004,9.430400500000001,37.840565,54.723937,13.68098425,55.296516000000004
P,16,3,6,81,4,228.272535,151.24580099999997,150.17344,77.02673400000003,57.06813375,37.81145024999999,19.25668350000001,43.432599999999994,10.858149999999998,43.459571,43.764538,10.9411345,43.803928,64.04866299999999,16.012165749999998,62.909940999999996
P,16,3,6,82,4,232.351515,152.834387,153.466242,79.51712800000001,58.08787875,38.20859675,19.879282000000003,38.421096,9.605274,38.477496,65.650408,16.412602,66.199485,48.762883,12.19072075,48.789261
P,16,3,6,83,4,252.380677,176.193423,176.464859,76.187254,63.09516925,44.04835575,19.0468135,42.159744,10.539936,42.18552999999999,35.411257000000006,8.852814250000002,35.533149,98.622422,24.6556055,98.74618000000001
P,16,3,6,84,4,225.37477,152.794249,153.470283,72.580521,56.3436925,38.19856225,18.14513025,42.775836999999996,10.693959249999999,42.884831000000005,43.90661300000001,10.976653250000002,43.962551,66.111799,16.52794975,66.622901
P,16,3,6,85,4,201.445052,126.418889,126.6307,75.02616300000001,50.361263,31.60472225,18.756540750000003,40.371352,10.092838,40.431031,37.853319,9.46332975,37.888178,48.19421799999999,12.048554499999998,48.311491000000004
P,16,3,6,86,4,211.829361,133.187064,133.289336,78.64229700000001,52.95734025,33.296766,19.660574250000003,41.092327999999995,10.273081999999999,41.129576,38.598417,9.64960425,38.631804,53.49631899999999,13.374079749999998,53.527955999999996
P,16,3,6,87,4,220.480361,139.24624,140.58383500000002,81.23412099999999,55.12009025,34.81156,20.308530249999997,39.265027,9.81625675,40.171154,46.442221,11.61055525,46.869829,53.53899199999999,13.384747999999998,53.542851999999996
P,16,3,6,88,4,209.169604,128.57251100000002,128.75071499999999,80.59709299999997,52.292401,32.143127750000005,20.149273249999993,44.531668,11.132917,44.648264,36.4183,9.104575,36.455912,47.622543,11.90563575,47.646539
P,16,3,6,89,4,204.998704,133.19971900000002,133.679239,71.79898499999999,51.249676,33.299929750000004,17.949746249999997,43.66176600000001,10.915441500000002,43.70519900000001,37.057465,9.26436625,37.164014,52.480488,13.120122,52.81002599999999
P,16,3,6,90,4,211.910167,133.14608500000003,133.39898399999998,78.76408199999997,52.97754175,33.28652125000001,19.691020499999993,41.006432000000004,10.251608000000001,40.998296999999994,38.261328,9.565332,38.326913000000005,53.878325000000004,13.469581250000001,54.073774
P,16,3,6,91,4,213.766774,140.820428,141.04875099999998,72.946346,53.4416935,35.205107,18.2365865,53.771477,13.44286925,53.818762,37.500036,9.375009,37.572576,49.548914999999994,12.387228749999998,49.657413000000005
P,16,3,6,92,4,223.320828,146.517142,147.212044,76.803686,55.830207,36.6292855,19.2009215,39.9164,9.9791,39.959215,54.06716300000001,13.516790750000002,54.613168,52.533579,13.13339475,52.639661
P,16,3,6,93,4,197.441627,127.49873600000001,127.659998,69.942891,49.36040675,31.874684000000002,17.48572275,39.636926,9.9092315,39.642254,36.50779,9.1269475,36.571687,51.354020000000006,12.838505000000001,51.446056999999996
P,16,3,6,94,4,208.272537,131.997121,133.75989900000002,76.275416,52.06813425,32.99928025,19.068854,39.22106,9.805265,39.297357,40.680147,10.17003675,40.732327999999995,52.095914,13.0239785,53.730214000000004
P,16,3,6,95,4,202.209569,129.68740300000002,129.877916,72.52216599999997,50.55239225,32.421850750000004,18.130541499999993,43.397519,10.84937975,43.485306,36.914192,9.228548,36.952524,49.375692,12.343923,49.440086
P,16,3,6,96,4,252.547202,173.31569,174.77580700000001,79.23151200000001,63.1368005,43.3289225,19.807878000000002,56.929227000000004,14.232306750000001,57.416645,66.510931,16.62773275,67.452552,49.87553199999999,12.468882999999998,49.90661000000001
P,16,3,6,97,4,253.690106,179.944867,180.683602,73.745239,63.4225265,44.98621675,18.43630975,54.787976,13.696994,55.271784,75.839627,18.95990675,75.977224,49.317264,12.329316,49.434594
P,16,3,6,98,4,255.364001,183.17305599999997,184.376482,72.19094500000003,63.84100025,45.79326399999999,18.047736250000007,41.776118999999994,10.444029749999999,41.834183,74.28316,18.57079,74.738944,67.113777,16.77844425,67.803355
P,16,3,6,99,4,229.532966,156.880511,157.89761700000003,72.65245499999997,57.3832415,39.22012775,18.163113749999994,44.905221999999995,11.226305499999999,45.141534,64.270752,16.067688,64.411159,47.704537,11.92613425,48.344924000000006
P,16,3,6,100,4,229.77492,150.972069,151.414231,78.802851,57.44373,37.74301725,19.70071275,41.569089,10.39227225,41.643449,61.429738,15.3574345,61.62688300000001,47.973242000000006,11.993310500000002,48.143899000000005
P,16,3,6,101,4,218.679432,141.847728,142.024017,76.831704,54.669858,35.461932,19.207926,40.065291,10.01632275,40.09973800000001,52.79925299999999,13.199813249999998,52.858397,48.983184,12.245796,49.065881999999995
P,16,3,6,102,4,201.00549,127.981955,128.118762,73.02353500000001,50.2513725,31.99548875,18.255883750000002,44.14707,11.0367675,44.216224000000004,35.808506,8.9521265,35.868754,48.026379,12.00659475,48.033784
P,16,3,6,103,4,238.534119,158.615407,158.839632,79.918712,59.63352975,39.65385175,19.979678,39.475164,9.868791,39.57723,36.959187,9.23979675,36.995298,82.181056,20.545264,82.267104
P,16,3,6,104,4,253.062185,180.198904,180.878307,72.863281,63.26554625,45.049726,18.21582025,39.523206,9.8808015,39.570629000000004,37.233126,9.3082815,37.306442000000004,103.442572,25.860643,104.001236
P,16,3,6,105,4,248.556812,175.231143,175.427213,73.325669,62.139203,43.80778575,18.33141725,39.60038,9.900095,39.656305,37.322101,9.33052525,37.378177,98.308662,24.5771655,98.392731
P,16,3,6,106,4,192.872178,118.94214399999998,119.119874,73.930034,48.2180445,29.735535999999996,18.4825085,39.515705000000004,9.878926250000001,39.589271,37.052899,9.26322475,37.09366,42.37354,10.593385,42.436943
P,16,3,6,107,4,211.431342,137.265832,139.17129,74.16551000000001,52.8578355,34.316458,18.541377500000003,44.465211,11.11630275,44.897085000000004,40.591289,10.14782225,40.698847,52.209332,13.052333,53.575357999999994
P,16,3,6,108,4,250.572933,173.566154,173.952858,77.006779,62.64323325,43.3915385,19.25169475,42.437758,10.6094395,42.460567,65.430158,16.3575395,65.722101,65.698238,16.4245595,65.77019
P,16,3,6,109,4,221.338464,146.914223,148.620501,74.424241,55.334616,36.72855575,18.60606025,42.128399,10.53209975,42.714457,42.522642,10.6306605,43.637980999999996,62.263182,15.5657955,62.268063
P,16,3,6,110,4,214.702256,138.349733,138.73966000000001,76.35252300000002,53.675564,34.58743325,19.088130750000005,38.389604,9.597401,38.642997,36.095293,9.02382325,36.114689,63.864836,15.966209,63.981974
P,16,3,6,111,4,209.055993,130.011636,130.254309,79.04435699999999,52.26399825,32.502909,19.761089249999998,44.109123999999994,11.027280999999999,44.2059,37.767825,9.44195625,37.790499000000004,48.134687,12.03367175,48.25791
P,16,3,6,112,4,194.071894,120.65776000000001,121.093526,73.41413399999998,48.5179735,30.164440000000003,18.353533499999994,37.210625,9.30265625,37.275442999999996,37.012142,9.2530355,37.333412,46.434993000000006,11.608748250000001,46.484671
P,16,3,6,113,4,206.010076,131.356948,131.604926,74.65312800000001,51.502519,32.839237,18.663282000000002,42.777010000000004,10.694252500000001,42.811419,39.219534,9.8048835,39.303573,49.360403999999996,12.340100999999999,49.489934
P,16,3,6,114,4,222.590446,150.715769,154.603793,71.87467699999999,55.6476115,37.67894225,17.968669249999998,43.628729,10.90718225,44.827659000000004,39.900839,9.97520975,42.186614,67.186201,16.79655025,67.58952
P,16,3,6,115,4,199.804619,126.097211,126.33137799999999,73.707408,49.95115475,31.52430275,18.426852,40.268504,10.067126,40.41585,37.789695,9.44742375,37.809501,48.039012,12.009753,48.106027
P,16,3,6,116,4,261.796277,186.835423,187.650804,74.96085399999998,65.44906925,46.70885575,18.740213499999996,39.17859,9.7946475,39.303519,46.807696,11.701924,46.874442,100.84913699999998,25.212284249999996,101.47284299999998
P,16,3,6,117,4,253.566796,178.02604599999998,179.02728000000002,75.54075000000003,63.391699,44.506511499999995,18.885187500000008,39.825043,9.95626075,40.257368,41.345789999999994,10.336447499999998,41.444148,96.85521299999999,24.213803249999998,97.325764
P,16,3,6,118,4,266.144239,192.349181,194.42455,73.79505800000004,66.53605975,48.08729525,18.44876450000001,87.181326,21.7953315,88.01222,59.480362,14.8700905,60.186395000000005,45.687492999999996,11.421873249999999,46.225935
P,16,3,6,119,4,206.16936,132.61403,133.164677,73.55533,51.54234,33.1535075,18.3888325,44.940659999999994,11.235164999999999,45.167524,38.318381,9.57959525,38.548892,49.354989,12.33874725,49.448261
U,1,3,7,0,4,151.633866,34.001289,34.147099999999995,117.63257700000001,37.9084665,8.50032225,29.408144250000003,6.26154,1.565385,6.271661,10.439612,2.609903,10.505323,17.300137,4.32503425,17.370116
U,1,3,7,1,4,150.047334,31.281390999999996,31.370551000000003,118.76594300000001,37.5118335,7.820347749999999,29.691485750000002,16.229127,4.05728175,16.296853000000002,7.461107,1.86527675,7.471481000000001,7.591157,1.89778925,7.6022170000000004
U,1,3,7,2,4,129.607109,18.845041000000002,18.878745000000002,110.762068,32.40177725,4.7112602500000005,27.690517,6.238916999999999,1.5597292499999997,6.249757,6.355825,1.58895625,6.3676010000000005,6.250299,1.56257475,6.261387000000001
U,1,3,7,3,4,148.524883,29.100866999999997,30.965301000000004,119.424016,37.13122075,7.275216749999999,29.856004,16.516097,4.12902425,18.358324000000003,6.282089,1.57052225,6.294424,6.302681,1.57567025,6.312553
U,1,3,7,4,4,138.188836,23.34834,23.378968,114.840496,34.547209,5.837085,28.710124,10.81298,2.703245,10.822629999999998,6.312194,1.5780485,6.32343,6.223166000000001,1.5557915000000002,6.232908
U,1,3,7,5,4,139.008643,19.757438,19.96033,119.251205,34.75216075,4.9393595,29.81280125,7.257481,1.81437025,7.267918999999999,6.278273,1.56956825,6.314993,6.221684,1.555421,6.3774180000000005
U,1,3,7,6,4,144.207563,24.044974,24.076503,120.162589,36.05189075,6.0112435,30.04064725,6.426502,1.6066255,6.4365,11.393991,2.84849775,11.404850999999999,6.224481,1.55612025,6.235151999999999
U,1,3,7,7,4,143.047685,27.055602,27.233007999999998,115.99208300000001,35.76192125,6.7639005,28.998020750000002,5.884831,1.47120775,5.89095,14.567590000000001,3.6418975000000002,14.695435,6.603181,1.65079525,6.646622999999999
U,1,3,7,8,4,134.799441,19.298624,19.330181,115.500817,33.69986025,4.824656,28.87520425,6.835625,1.70890625,6.844748,6.303792,1.575948,6.315155000000001,6.159207,1.53980175,6.170278
U,1,3,7,9,4,131.981552,18.735487,18.765876000000002,113.24606499999999,32.995388,4.68387175,28.311516249999997,6.168119999999999,1.5420299999999998,6.178548,6.300193,1.57504825,6.312115,6.267174,1.5667935,6.275213
U,1,3,7,10,4,146.74604,25.876319,25.970132,120.869721,36.68651,6.46907975,30.21743025,6.466243,1.61656075,6.482195,13.187818,3.2969545,13.255824,6.222258,1.5555645,6.232113
U,1,3,7,11,4,135.7107,22.015004,22.06615,113.695696,33.927675,5.503751,28.423924,6.237036000000001,1.5592590000000002,6.247361,6.228528,1.557132,6.259983999999999,9.54944,2.38736,9.558805
U,1,3,7,12,4,136.3977,18.723958999999997,18.831622000000003,117.67374099999999,34.099425,4.680989749999999,29.418435249999998,6.240731,1.56018275,6.2894190000000005,6.22648,1.55662,6.275360000000001,6.256747999999999,1.5641869999999998,6.266843
U,1,3,7,13,4,146.28419,32.161566,32.329627,114.122624,36.5710475,8.0403915,28.530656,8.768367,2.19209175,8.842267000000001,16.833362,4.2083405,16.930683000000002,6.559837,1.63995925,6.5566770000000005
U,1,3,7,14,4,147.926513,31.619625,31.717793999999998,116.306888,36.98162825,7.90490625,29.076722,9.261595,2.31539875,9.294965999999999,9.142598,2.2856495,9.153188,13.215432,3.303858,13.269639999999999
U,1,3,7,15,4,233.949273,22.198249000000004,22.30536,211.751024,58.48731825,5.549562250000001,52.937756,6.483849,1.62096225,6.5123180000000005,6.358119,1.58952975,6.405619000000001,9.356281000000001,2.3390702500000002,9.387423
U,1,3,7,16,4,136.827899,18.876217,18.906378,117.951682,34.20697475,4.71905425,29.4879205,6.201199,1.55029975,6.211466000000001,6.2151250000000005,1.5537812500000001,6.225422999999999,6.459893,1.61497325,6.469489
U,1,3,7,17,4,144.174901,25.963057,26.02334,118.21184400000001,36.04372525,6.49076425,29.552961000000003,6.2558430000000005,1.5639607500000001,6.266856,6.184502,1.5461255,6.224461000000001,13.522711999999999,3.3806779999999996,13.532023
U,1,3,7,18,4,137.706153,19.448528,19.479822,118.257625,34.42653825,4.862132,29.56440625,6.248031000000001,1.5620077500000003,6.259046,6.279638,1.5699095,6.289511,6.920858999999999,1.7302147499999998,6.931265
U,1,3,7,19,4,141.450198,22.841312,22.926493,118.608886,35.3625495,5.710328,29.6522215,6.256381,1.56409525,6.26572,6.251778,1.5629445,6.318754,10.333153,2.58328825,10.342019
U,1,3,7,20,4,141.754656,26.981061000000004,27.055953,114.773595,35.438664,6.745265250000001,28.69339875,6.246550000000001,1.5616375000000002,6.256493,6.205717,1.55142925,6.245778,14.528794000000001,3.6321985000000003,14.553681999999998
U,1,3,7,21,4,143.723084,23.003315999999998,23.071097,120.719768,35.930771,5.7508289999999995,30.179942,10.451896999999999,2.6129742499999997,10.460139999999999,6.32244,1.58061,6.372229,6.228979,1.55724475,6.238728000000001
U,1,3,7,22,4,144.54904,24.19704,24.379811,120.35199999999999,36.13726,6.04926,30.087999999999997,7.2140439999999995,1.8035109999999999,7.2232650000000005,6.301171,1.57529275,6.448226,10.681825,2.67045625,10.70832
U,1,3,7,23,4,138.727838,20.288053,20.350353000000002,118.43978499999999,34.6819595,5.07201325,29.609946249999997,6.493328,1.623332,6.533366000000001,6.3222700000000005,1.5805675000000001,6.334111,7.472455,1.86811375,7.482876
U,1,3,7,24,4,143.691152,23.406382999999998,23.463385000000002,120.28476899999998,35.922788,5.8515957499999995,30.071192249999996,6.479424,1.619856,6.516191000000001,6.266036,1.566509,6.277495,10.660923,2.66523075,10.669699
U,1,3,7,25,4,146.277633,27.508571,27.722436000000002,118.769062,36.56940825,6.87714275,29.6922655,6.268006000000001,1.5670015000000002,6.461331,6.311392,1.577848,6.322647,14.929172999999999,3.7322932499999997,14.938457999999999
U,1,3,7,26,4,144.595494,25.97584,26.058028999999998,118.619654,36.1488735,6.49396,29.6549135,6.2750900000000005,1.5687725000000001,6.286393,6.330868,1.582717,6.391844,13.369882,3.3424705,13.379792
U,1,3,7,27,4,136.216692,18.74706,18.790545,117.46963199999999,34.054173,4.686765,29.367407999999998,6.229093000000001,1.5572732500000002,6.2391559999999995,6.239459,1.55986475,6.261521,6.278508,1.569627,6.289868
U,1,3,7,28,4,136.867808,23.084514,23.141513000000003,113.783294,34.216952,5.7711285,28.4458235,6.307524,1.576881,6.318069000000001,6.295475,1.57386875,6.305642000000001,10.481515,2.62037875,10.517802
U,1,3,7,29,4,134.995514,20.314650999999998,20.348523,114.68086299999999,33.7488785,5.0786627499999994,28.670215749999997,6.3164,1.5791,6.326247,6.244491999999999,1.5611229999999998,6.257232999999999,7.7537590000000005,1.9384397500000001,7.765043
U,1,3,7,30,4,137.659129,18.874688,18.935418,118.78444100000002,34.41478225,4.718672,29.696110250000004,6.429010999999999,1.6072527499999998,6.468839,6.193803,1.54845075,6.205533,6.251874,1.5629685,6.261046
U,1,3,7,31,4,140.776223,25.343258,25.543433000000004,115.432965,35.19405575,6.3358145,28.85824125,12.777179,3.19429475,12.926419000000001,6.2865,1.571625,6.297142000000001,6.279579,1.56989475,6.319872
U,1,3,7,32,4,140.204899,21.958907999999997,22.003732,118.24599100000002,35.05122475,5.489726999999999,29.561497750000004,9.300968,2.325242,9.31062,6.353648999999999,1.5884122499999997,6.3643659999999995,6.304291,1.57607275,6.328745999999999
U,1,3,7,33,4,162.015696,37.954704,37.987629,124.060992,40.503924,9.488676,31.015248,6.189673,1.54741825,6.2001230000000005,17.460713,4.36517825,17.471827,14.304318,3.5760795,14.315679
U,1,3,7,34,4,145.030733,24.283402000000002,24.424978000000003,120.747331,36.25768325,6.070850500000001,30.18683275,6.420717,1.60517925,6.43138,6.227928,1.556982,6.237803,11.634757000000002,2.9086892500000006,11.755795
U,1,3,7,35,4,161.870141,34.594398,34.651253999999994,127.27574299999999,40.46753525,8.6485995,31.818935749999998,17.571941,4.39298525,17.580291,6.523598,1.6308995,6.562583,10.498859,2.62471475,10.508379999999999
U,1,3,7,36,4,141.729514,20.282596,20.378622,121.446918,35.4323785,5.070649,30.3617295,6.456105000000001,1.6140262500000002,6.4666950000000005,6.237884000000001,1.5594710000000003,6.286701,7.588607,1.89715175,7.625226
U,1,3,7,37,4,142.298681,23.92619,24.001957,118.372491,35.57467025,5.9815475,29.59312275,6.491118999999999,1.6227797499999999,6.499293,6.405929,1.60148225,6.414975,11.029142,2.7572855,11.087689000000001
U,1,3,7,38,4,139.773101,27.488766,27.734636,112.284335,34.94327525,6.8721915,28.07108375,13.908818,3.4772045,14.132059,6.4448739999999995,1.6112184999999999,6.456454,7.135074,1.7837685,7.146122999999999
U,1,3,7,39,4,141.165507,22.285795999999998,22.314299999999996,118.87971099999999,35.29137675,5.571448999999999,29.719927749999997,7.831856999999999,1.9579642499999999,7.848144,9.566013,2.39150325,9.571368,4.887926,1.2219815,4.894788
U,1,3,7,40,4,115.650782,12.806170999999999,12.827042000000002,102.84461100000001,28.9126955,3.2015427499999998,25.711152750000004,5.612608999999999,1.4031522499999998,5.6192910000000005,3.617275,0.90431875,3.624717,3.576287,0.89407175,3.5830340000000005
U,1,3,7,41,4,137.113478,18.504831,18.698116000000002,118.60864699999999,34.2783695,4.62620775,29.652161749999998,6.146941,1.53673525,6.15854,6.183161999999999,1.5457904999999998,6.226349,6.174728,1.543682,6.313227
U,1,3,7,42,4,124.961764,15.270874000000001,15.300730999999999,109.69089,31.240441,3.8177185000000002,27.4227225,6.119056,1.529764,6.137842999999999,4.589285,1.14732125,4.595534,4.562533,1.14063325,4.567354
U,1,3,7,43,4,128.085922,13.871667,13.902963999999999,114.21425500000001,32.0214805,3.46791675,28.553563750000002,4.702901,1.17572525,4.708295,4.536527,1.13413175,4.541915,4.632239,1.15805975,4.652754
U,1,3,7,44,4,135.694918,23.979315999999997,24.152229,111.715602,33.9237295,5.994828999999999,27.9289005,13.161321999999998,3.2903304999999996,13.318195,6.177086,1.5442715,6.189549,4.640908,1.160227,4.644485
U,1,3,7,45,4,130.057117,19.274439,19.411809,110.782678,32.51427925,4.81860975,27.6956695,4.699492,1.174873,4.7794929999999995,4.612547,1.15313675,4.635643,9.9624,2.4906,9.996673000000001
U,1,3,7,46,4,129.373577,24.154154,24.225545,105.219423,32.34339425,6.0385385,26.30485575,4.610843,1.15271075,4.635366,9.890386,2.4725965,9.89564,9.652925,2.41323125,9.694538999999999
U,1,3,7,47,4,121.235543,13.860527999999999,13.877056000000001,107.375015,30.30888575,3.4651319999999997,26.84375375,4.56841,1.1421025,4.573099000000001,4.627076,1.156769,4.633418,4.665042000000001,1.1662605000000001,4.670539
U,1,3,7,48,4,134.939667,23.072965000000003,23.155459,111.86670199999998,33.73491675,5.768241250000001,27.966675499999994,4.88654,1.221635,4.89253,10.677858,2.6694645,10.747947,7.508567000000001,1.8771417500000003,7.514982
U,1,3,7,49,4,127.858671,14.614753,15.27345,113.24391800000001,31.96466775,3.65368825,28.310979500000002,4.877509999999999,1.2193774999999998,5.391089,4.899112,1.224778,4.905942,4.838131000000001,1.2095327500000002,4.976419
U,1,3,7,50,4,130.80586,17.03087,17.0764,113.77499,32.701465,4.2577175,28.4437475,4.951494,1.2378735,4.958525,4.875658,1.2189145,4.881012,7.203718,1.8009295,7.2368630000000005
U,1,3,7,51,4,125.324278,14.672816000000001,14.724518,110.65146200000001,31.3310695,3.6682040000000002,27.662865500000002,4.836634,1.2091585,4.876648,4.980079,1.24501975,4.9861819999999994,4.856103,1.21402575,4.861688
U,1,3,7,52,4,123.956098,14.768955000000002,14.84721,109.18714299999999,30.9890245,3.6922387500000005,27.296785749999998,4.996838,1.2492095,5.0012490000000005,4.891527,1.22288175,4.9308950000000005,4.880590000000001,1.2201475000000002,4.915066
U,1,3,7,53,4,129.997913,18.557525,18.591735999999997,111.44038800000001,32.49947825,4.63938125,27.860097000000003,8.745739,2.18643475,8.776552,4.98865,1.2471625,4.995519999999999,4.823136,1.205784,4.8196639999999995
U,1,3,7,54,4,140.678634,24.946555999999998,25.028253,115.73207799999999,35.1696585,6.236638999999999,28.933019499999997,14.601184,3.650296,14.605924,5.049092,1.262273,5.020852,5.29628,1.32407,5.401477
U,1,3,7,55,4,137.307487,24.456158,26.106285999999997,112.851329,34.32687175,6.1140395,28.21283225,5.74136,1.43534,5.746533,4.913386,1.2283465,4.920972,13.801412,3.450353,15.438780999999999
U,1,3,7,56,4,137.618636,27.99898,28.050863,109.619656,34.404659,6.999745,27.404914,10.516286,2.6290715,10.522053,9.914572,2.478643,9.920598,7.568122,1.8920305,7.608212
U,1,3,7,57,4,135.63262,18.951227,18.9833,116.681393,33.908155,4.73780675,29.17034825,6.271751,1.56793775,6.281904,6.391074,1.5977685,6.403433,6.288402,1.5721005,6.297962999999999
U,1,3,7,58,4,139.100409,19.324272,19.353361,119.776137,34.77510225,4.831068,29.94403425,6.915195,1.72879875,6.925013,6.271999,1.56799975,6.282442,6.137078000000001,1.5342695000000002,6.145906
U,1,3,7,59,4,138.494961,19.359429,19.39035,119.13553199999998,34.62374025,4.83985725,29.783882999999996,6.460135,1.61503375,6.470056,6.288085,1.57202125,6.299905000000001,6.611209000000001,1.6528022500000001,6.620389
U,1,3,7,60,4,139.019202,25.650804,25.681906999999995,113.36839800000001,34.7548005,6.412701,28.342099500000003,6.279018000000001,1.5697545000000002,6.288759,6.253279000000001,1.5633197500000002,6.2643629999999995,13.118507000000001,3.2796267500000003,13.128784999999999
U,1,3,7,61,4,141.231136,30.221661,30.280328,111.009475,35.307784,7.55541525,27.75236875,6.157065,1.53926625,6.167276,6.2321670000000005,1.5580417500000001,6.241275,17.832429,4.45810725,17.871777
U,1,3,7,62,4,147.835852,30.712483,30.769150999999997,117.123369,36.958963,7.67812075,29.28084225,17.009224,4.252306,17.043635,6.305426,1.5763565,6.316276,7.397832999999999,1.8494582499999999,7.40924
U,1,3,7,63,4,148.632502,30.291938,30.352452,118.34056399999999,37.1581255,7.5729845,29.585140999999997,14.538286,3.6345715,14.576412999999999,6.286773,1.57169325,6.298718,9.466878999999999,2.3667197499999997,9.477321
U,1,3,7,64,4,138.079911,22.186172,22.218577000000003,115.89373900000001,34.51997775,5.546543,28.973434750000003,6.2243829999999996,1.5560957499999999,6.236366,6.232439,1.55810975,6.24283,9.72935,2.4323375,9.739381000000002
U,1,3,7,65,4,138.901499,22.069561999999998,22.697774000000003,116.83193700000001,34.72537475,5.517390499999999,29.207984250000003,6.459663,1.61491575,6.469828000000001,6.373411,1.59335275,6.4153910000000005,9.236488,2.309122,9.812555
U,1,3,7,66,4,140.20607,25.983104,26.037136999999998,114.22296600000001,35.0515175,6.495776,28.555741500000003,13.486359,3.37158975,13.495282999999999,6.271695,1.56792375,6.307271999999999,6.22505,1.5562625,6.234582
U,1,3,7,67,4,138.07094,19.202179,19.257306,118.868761,34.517735,4.80054475,29.71719025,6.482946999999999,1.6207367499999998,6.4941439999999995,6.282714,1.5706785,6.327405000000001,6.436518,1.6091295,6.435756999999999
U,1,3,7,68,4,138.681791,26.427409,26.50393,112.254382,34.67044775,6.60685225,28.0635955,13.635239,3.40880975,13.690062000000001,6.3298890000000005,1.5824722500000001,6.341170999999999,6.462281000000001,1.6155702500000002,6.472697
U,1,3,7,69,4,133.839528,18.679575,18.825241,115.159953,33.459882,4.66989375,28.78998825,6.192178,1.5480445,6.2020159999999995,6.294754,1.5736885,6.419796000000001,6.192643,1.54816075,6.203429
U,1,3,7,70,4,134.327627,18.742261,18.772143999999997,115.58536600000001,33.58190675,4.68556525,28.896341500000002,6.156552,1.539138,6.166639999999999,6.247967,1.56199175,6.259062,6.337742,1.5844355,6.346442
U,1,3,7,71,4,129.559208,18.482751,18.542458,111.076457,32.389802,4.62068775,27.76911425,6.1619839999999995,1.5404959999999999,6.20159,6.204624000000001,1.5511560000000002,6.21575,6.116143000000001,1.5290357500000002,6.1251180000000005
U,1,3,7,72,4,140.362115,25.694991,25.723105,114.66712399999999,35.09052875,6.42374775,28.666780999999997,6.156746000000001,1.5391865000000002,6.165681,8.940623,2.23515575,8.951193,10.597622000000001,2.6494055000000003,10.606231000000001
U,1,3,7,73,4,138.115289,23.066019999999998,23.156339000000003,115.049269,34.52882225,5.7665049999999995,28.76231725,6.187338,1.5468345,6.197207,9.134793,2.28369825,9.160254,7.743889,1.93597225,7.798878
U,1,3,7,74,4,144.417941,31.267933,31.297846999999997,113.15000800000001,36.10448525,7.81698325,28.287502000000003,15.521628,3.880407,15.531706999999999,6.240891,1.56022275,6.251517,9.505414,2.3763535,9.514623
U,1,3,7,75,4,135.421515,21.506221,21.609774,113.915294,33.85537875,5.37655525,28.4788235,9.081911,2.27047775,9.091142,6.282929,1.57073225,6.365526,6.141381,1.53534525,6.153106
U,1,3,7,76,4,140.565927,21.932069,22.010736,118.63385799999999,35.14148175,5.48301725,29.658464499999997,6.472446,1.6181115,6.499962999999999,6.21523,1.5538075,6.2265809999999995,9.244393,2.31109825,9.284192000000001
U,1,3,7,77,4,143.036847,26.379908999999998,26.435542,116.656938,35.75921175,6.5949772499999995,29.1642345,6.456452,1.614113,6.4651499999999995,13.594943,3.39873575,13.630848,6.328514,1.5821285,6.339544
U,1,3,7,78,4,131.103426,19.481232999999996,19.511277,111.62219300000001,32.7758565,4.870308249999999,27.905548250000002,6.345317999999999,1.5863294999999997,6.355734000000001,6.966672,1.741668,6.976334,6.169243,1.54231075,6.179209
U,1,3,7,79,4,141.02408,26.311313000000002,26.401363000000003,114.712767,35.25602,6.5778282500000005,28.67819175,13.875734000000001,3.4689335000000003,13.913953000000001,6.1571110000000004,1.5392777500000001,6.167567999999999,6.278468,1.569617,6.319842
U,1,3,7,80,4,141.845588,28.889269,28.920767,112.956319,35.461397,7.22231725,28.23907975,6.468551,1.61713775,6.477936,12.935023999999999,3.2337559999999996,12.946615,9.485694,2.3714235,9.496216
U,1,3,7,81,4,137.386332,18.895412999999998,18.968338,118.49091900000002,34.346583,4.7238532499999994,29.622729750000005,6.496477,1.62411925,6.523951,6.1980070000000005,1.5495017500000001,6.23491,6.200929,1.55023225,6.209477
U,1,3,7,82,4,159.66661,39.713982,39.745343,119.95262799999999,39.9166525,9.9284955,29.988156999999998,10.825648000000001,2.7064120000000003,10.835811,19.892984,4.973246,19.90399,8.99535,2.2488375,9.005542
U,1,3,7,83,4,167.904262,48.223932000000005,48.318718,119.68032999999998,41.9760655,12.055983000000001,29.920082499999996,15.749854000000001,3.9374635000000002,15.792150000000001,16.202206,4.0505515,16.21232,16.271872,4.067968,16.314248
U,1,3,7,84,4,152.666061,33.152807,33.184020000000004,119.51325400000002,38.16651525,8.28820175,29.878313500000004,17.384997,4.34624925,17.395319,6.207872,1.551968,6.218928999999999,9.559938,2.3899845,9.569772
U,1,3,7,85,4,140.977011,23.949405,24.077675,117.027606,35.24425275,5.98735125,29.2569015,8.556115,2.13902875,8.639671,6.20068,1.55017,6.210913,9.19261,2.2981525,9.227091
U,1,3,7,86,4,147.728046,26.113546,26.146580999999998,121.6145,36.9320115,6.5283865,30.403625,6.543346999999999,1.6358367499999997,6.5553170000000005,6.180814,1.5452035,6.191134,13.389385,3.34734625,13.400129999999999
U,1,3,7,87,4,136.182629,18.622098,18.841385,117.560531,34.04565725,4.6555245,29.39013275,6.2187719999999995,1.5546929999999999,6.258719999999999,6.249682,1.5624205,6.261018,6.153644,1.538411,6.321647
U,1,3,7,88,4,156.105747,36.330055,36.384352,119.775692,39.02643675,9.08251375,29.943923,9.577818,2.3944545,9.586829,6.186183,1.54654575,6.196743000000001,20.566054,5.1415135,20.60078
U,1,3,7,89,4,135.783479,21.665665999999998,21.774725,114.117813,33.94586975,5.4164164999999995,28.52945325,9.290168999999999,2.3225422499999997,9.324677,6.269496,1.567374,6.334253,6.106001,1.52650025,6.115795
U,1,3,7,90,4,132.85927,19.006782,19.035871,113.85248800000001,33.2148175,4.7516955,28.463122000000002,6.167146000000001,1.5417865000000002,6.1760150000000005,6.445076,1.611269,6.4543040000000005,6.39456,1.59864,6.405552
U,1,3,7,91,4,145.503392,27.741262999999996,27.804923000000002,117.76212899999999,36.375848,6.935315749999999,29.440532249999997,6.152585,1.53814625,6.1631659999999995,11.094807,2.77370175,11.138086000000001,10.493871,2.62346775,10.503671
U,1,3,7,92,4,156.040636,36.666077,36.769113,119.374559,39.010159,9.16651925,29.84363975,6.2968980000000006,1.5742245000000001,6.354054,14.813414,3.7033535,14.823920000000001,15.555765000000001,3.8889412500000002,15.591139
U,1,3,7,93,4,149.570859,31.781343,31.804351,117.78951600000002,37.39271475,7.94533575,29.447379000000005,13.077736999999999,3.2694342499999998,13.087689000000001,12.516354,3.1290885,12.555871,6.187251999999999,1.5468129999999998,6.160791
U,1,3,7,94,4,145.103719,26.326808,26.413739,118.77691100000001,36.27592975,6.581702,29.694227750000003,9.261572,2.315393,9.296487,6.277805000000001,1.5694512500000002,6.288327000000001,10.787431000000002,2.6968577500000004,10.828925
U,1,3,7,95,4,151.572584,33.443892,33.504220000000004,118.128692,37.893146,8.360973,29.532173,9.278444,2.319611,9.287182999999999,9.27798,2.319495,9.319512,14.887467999999998,3.7218669999999996,14.897525000000002
U,1,3,7,96,4,138.276773,23.282676000000002,23.793917999999998,114.99409699999998,34.56919325,5.8206690000000005,28.748524249999996,10.479666000000002,2.6199165000000004,10.970717,6.332801,1.58320025,6.343005,6.4702090000000005,1.6175522500000001,6.480196
U,1,3,7,97,4,144.47536,27.258620999999998,27.290875,117.21673899999999,36.11884,6.8146552499999995,29.304184749999997,7.625919,1.90647975,7.636601,13.413006000000001,3.3532515000000003,13.423208,6.219696000000001,1.5549240000000002,6.231066
U,1,3,7,98,4,148.008141,29.976455,30.044834,118.031686,37.00203525,7.49411375,29.5079215,6.174115,1.54352875,6.171595,17.553727000000002,4.3884317500000005,17.625162,6.248613,1.56215325,6.248077
U,1,3,7,99,4,148.749395,30.301475999999997,30.332299000000003,118.447919,37.18734875,7.575368999999999,29.61197975,6.217719,1.55442975,6.226409,17.850611999999998,4.4626529999999995,17.861553,6.233145,1.55828625,6.244337000000001
U,1,3,7,100,4,144.783774,28.971257,29.267736,115.81251699999999,36.1959435,7.24281425,28.953129249999996,12.995139,3.24878475,13.004571,9.696238000000001,2.4240595000000003,9.971519999999998,6.2798799999999995,1.5699699999999999,6.291645000000001
U,1,3,7,101,4,137.966686,22.407795999999998,22.439787,115.55889000000002,34.4916715,5.601948999999999,28.889722500000005,6.982519999999999,1.7456299999999998,6.99183,9.156915,2.28922875,9.168826,6.268361,1.56709025,6.2791310000000005
U,1,3,7,102,4,141.379794,26.006262,26.083795,115.37353200000001,35.3449485,6.5015655,28.843383000000003,6.19155,1.5478875,6.264279999999999,6.205279,1.55131975,6.215903999999999,13.609433,3.40235825,13.603611
U,1,3,7,103,4,152.387299,34.123256,34.143528,118.26404300000002,38.09682475,8.530814,29.566010750000004,13.148039999999998,3.2870099999999995,13.148367,10.601320000000001,2.6503300000000003,10.612667,10.373896,2.593474,10.382494
U,1,3,7,104,4,145.789612,32.868418,33.102540999999995,112.92119400000001,36.447403,8.2171045,28.230298500000004,6.518232,1.629558,6.528836999999999,14.556776,3.639194,14.610215999999998,11.79341,2.9483525,11.963488
U,1,3,7,105,4,142.765781,26.464681000000002,26.556355999999997,116.3011,35.69144525,6.616170250000001,29.075275,13.240117000000001,3.3100292500000004,13.282449,6.373517999999999,1.5933794999999997,6.3838349999999995,6.851045999999999,1.7127614999999998,6.890072
U,1,3,7,106,4,144.626001,26.187711,26.218342,118.43829,36.15650025,6.54692775,29.6095725,10.65406,2.663515,10.663868,6.252902000000001,1.5632255000000002,6.26304,9.280749,2.32018725,9.291433999999999
U,1,3,7,107,4,143.856713,27.39994,27.815444,116.45677300000001,35.96417825,6.849985,29.114193250000003,7.808763000000001,1.9521907500000002,7.8343560000000005,13.382537,3.34563425,13.762107,6.208640000000001,1.5521600000000002,6.218981000000001
U,1,3,7,108,4,149.598509,31.885400000000004,32.013201,117.713109,37.39962725,7.971350000000001,29.42827725,9.27289,2.3182225,9.303337,13.423328000000001,3.3558320000000004,13.511133000000001,9.189182,2.2972955,9.198731
U,1,3,7,109,4,139.109533,21.850817000000003,22.330819,117.25871599999999,34.77738325,5.462704250000001,29.314678999999998,9.241484000000002,2.3103710000000004,9.682199,6.219944,1.554986,6.249426000000001,6.389389,1.59734725,6.3991940000000005
U,1,3,7,110,4,144.817147,29.751815,29.781563,115.06533200000001,36.20428675,7.43795375,28.766333000000003,17.425794,4.3564485,17.43546,6.190874,1.5477185,6.201296,6.135147000000001,1.5337867500000002,6.144807
U,1,3,7,111,4,137.605623,19.841476,20.41707,117.76414700000001,34.40140575,4.960369,29.441036750000002,7.173959999999999,1.7934899999999998,7.219567,6.203613000000001,1.5509032500000002,6.214715,6.463903,1.61597575,6.982787999999999
U,1,3,7,112,4,133.712652,19.133274,19.678210999999997,114.57937799999999,33.428163,4.7833185,28.644844499999998,6.473225,1.61830625,6.848248,6.279316000000001,1.5698290000000001,6.439139,6.380733,1.59518325,6.390824
U,1,3,7,113,4,141.068145,23.987043,24.017229,117.08110199999999,35.26703625,5.99676075,29.270275499999997,6.312077,1.57801925,6.322914,11.378150999999999,2.8445377499999998,11.38869,6.2968150000000005,1.5742037500000001,6.305625
U,1,3,7,114,4,134.820436,20.303305,20.383262000000002,114.517131,33.705109,5.07582625,28.62928275,6.411428,1.602857,6.420177,7.494749,1.87368725,7.519256,6.397128,1.599282,6.443829
U,1,3,7,115,4,131.808084,18.965195,19.026220000000002,112.84288900000001,32.952021,4.74129875,28.210722250000003,6.196362,1.5490905,6.207247000000001,6.4215610000000005,1.6053902500000001,6.432157,6.347271999999999,1.5868179999999998,6.386816
U,1,3,7,116,4,141.164058,27.25616,27.271452,113.90789800000002,35.2910145,6.81404,28.476974500000004,14.030959000000001,3.5077397500000003,14.03924,6.519944000000001,1.6299860000000002,6.529598,6.705257,1.67631425,6.7026140000000005
U,1,3,7,117,4,134.836061,19.360125,19.42262,115.475936,33.70901525,4.84003125,28.868984,6.334790000000001,1.5836975000000002,6.344083,6.143493,1.53587325,6.185257999999999,6.881842,1.7204605,6.893279
U,1,3,7,118,4,141.819146,21.598067,21.629116,120.22107899999999,35.4547865,5.39951675,30.055269749999997,6.172833,1.54320825,6.184106,6.208531,1.55213275,6.219164,9.216703,2.30417575,9.225846
U,1,3,7,119,4,149.641086,35.885553,36.138393,113.755533,37.4102715,8.97138825,28.43888325,13.267499,3.31687475,13.299408,13.426689,3.35667225,13.603756,9.191365000000001,2.2978412500000003,9.235229
U,4,3,8,0,4,209.654339,92.886896,92.91498,116.767443,52.41358475,23.221724,29.19186075,24.220144,6.055036,24.230902,17.537042999999997,4.384260749999999,17.54699,51.12970899999999,12.782427249999998,51.137088
U,4,3,8,1,4,194.643888,78.74361400000001,78.81146,115.900274,48.660972,19.685903500000002,28.9750685,17.287014,4.3217535,17.298717,28.469693,7.11742325,28.497374999999998,32.986907,8.24672675,33.015367999999995
U,4,3,8,2,4,195.591706,70.003611,70.098707,125.58809499999998,48.8979265,17.50090275,31.397023749999995,24.061478,6.0153695,24.083412,26.084149,6.52103725,26.149002000000003,19.857984000000002,4.9644960000000005,19.866293
U,4,3,8,3,4,176.323025,61.422266,61.669133,114.900759,44.08075625,15.3555665,28.72518975,17.196121,4.29903025,17.255617,24.206887000000002,6.0517217500000005,24.216583,20.019258,5.0048145,20.196932999999998
U,4,3,8,4,4,189.842927,73.59115,73.75989799999999,116.251777,47.46073175,18.3977875,29.06294425,18.012613,4.50315325,18.021323,24.680944,6.170236,24.709856000000002,30.897593,7.72439825,31.028719000000002
U,4,3,8,5,4,212.638669,98.11725799999999,98.20133000000001,114.521411,53.15966725,24.529314499999998,28.63035275,43.2089,10.802225,43.217544000000004,21.891661,5.47291525,21.901454,33.016697,8.25417425,33.082332
U,4,3,8,6,4,217.323104,97.88560799999999,98.345507,119.43749600000001,54.330776,24.471401999999998,29.859374000000003,20.354219999999998,5.0885549999999995,20.546357,44.378085,11.09452125,44.412058,33.153303,8.28832575,33.387091999999996
U,4,3,8,7,4,198.579909,81.785751,82.090587,116.79415799999998,49.64497725,20.44643775,29.198539499999995,24.036399000000003,6.009099750000001,24.047392000000002,36.370332000000005,9.092583000000001,36.457907000000006,21.37902,5.344755,21.585288
U,4,3,8,8,4,191.30253,73.48638199999999,73.787725,117.816148,47.8256325,18.371595499999998,29.454037,17.192665,4.29816625,17.223372,21.059925,5.26498125,21.252022,35.233792,8.808448,35.312331
U,4,3,8,9,4,196.122729,79.924298,80.22777099999999,116.198431,49.03068225,19.9810745,29.04960775,30.470699,7.61767475,30.535411,17.287887,4.32197175,17.394334,32.165712,8.041428,32.298026
U,4,3,8,10,4,209.618559,91.637934,91.739464,117.980625,52.40463975,22.9094835,29.49515625,17.120658,4.2801645,17.130344,34.043510000000005,8.510877500000001,34.055307,40.473766,10.1184415,40.553813
U,4,3,8,11,4,226.842006,106.559717,106.670643,120.28228899999999,56.7105015,26.63992925,30.070572249999998,24.69343,6.1733575,24.704396,46.214441,11.55361025,46.260352,35.651846,8.9129615,35.705895
U,4,3,8,12,4,198.563676,86.36035000000001,86.726621,112.20332599999998,49.640919,21.590087500000003,28.050831499999994,24.517257,6.12931425,24.529643,18.920853,4.73021325,18.998486999999997,42.92224,10.73056,43.198491
U,4,3,8,13,4,188.935581,72.037459,72.06446100000001,116.89812200000001,47.23389525,18.00936475,29.224530500000004,17.159932,4.289983,17.170366,33.999888999999996,8.499972249999999,34.007501000000005,20.877638,5.2194095,20.886594000000002
U,4,3,8,14,4,207.720818,89.901982,90.11161799999999,117.818836,51.9302045,22.4754955,29.454709,24.167085,6.04177125,24.227538,33.62874,8.407185,33.653553,32.106156999999996,8.026539249999999,32.230527
U,4,3,8,15,4,171.081923,55.638041,55.907728000000006,115.44388199999999,42.77048075,13.90951025,28.860970499999997,17.101986,4.2754965,17.111668,20.596297999999997,5.149074499999999,20.754792,17.939757,4.48493925,18.041268
U,4,3,8,16,4,213.517008,92.958223,93.05887700000001,120.558785,53.379252,23.23955575,30.13969625,17.103762,4.2759405,17.13614,36.694303999999995,9.173575999999999,36.730804,39.160157000000005,9.790039250000001,39.191933000000006
U,4,3,8,17,4,207.727985,92.66325,92.72163499999999,115.06473499999998,51.93199625,23.1658125,28.766183749999996,30.709127000000002,7.677281750000001,30.717083000000002,25.229089,6.30727225,25.282653,36.725034,9.1812585,36.721899
U,4,3,8,18,4,189.650987,61.861747,61.913241000000006,127.78923999999998,47.41274675,15.46543675,31.947309999999995,16.9979,4.249475,17.029917,17.104211,4.27605275,17.113836,27.759636,6.939909,27.769488000000003
U,4,3,8,19,4,198.681675,79.40146800000001,79.745895,119.280207,49.67041875,19.850367000000002,29.82005175,27.084816,6.771204,27.143171000000002,17.206457,4.30161425,17.240881,35.110195000000004,8.777548750000001,35.361843
U,4,3,8,20,4,221.560106,103.31589199999999,103.364069,118.244214,55.3900265,25.828972999999998,29.5610535,30.344492,7.586123,30.35341,30.963001,7.74075025,30.972482,42.008399000000004,10.502099750000001,42.038177
U,4,3,8,21,4,167.383235,51.95782700000001,52.00169600000001,115.425408,41.84580875,12.989456750000002,28.856352,17.669915,4.41747875,17.673799,16.969447000000002,4.242361750000001,16.998947,17.318465000000003,4.329616250000001,17.328950000000003
U,4,3,8,22,4,189.051732,71.683295,71.800388,117.36843699999999,47.262933,17.92082375,29.342109249999996,17.319551999999998,4.3298879999999995,17.329769,24.451664,6.112916,24.461505000000002,29.912079000000002,7.4780197500000005,30.009114000000004
U,4,3,8,23,4,174.751248,58.008756000000005,58.165479,116.742492,43.687812,14.502189000000001,29.185623,17.072437,4.26810925,17.120805,24.064038,6.0160095,24.163626999999998,16.872280999999997,4.218070249999999,16.881047000000002
U,4,3,8,24,4,190.839609,76.862566,77.15703,113.977043,47.70990225,19.2156415,28.49426075,31.043363,7.76084075,31.113431000000002,23.938451,5.98461275,24.153041,21.880752,5.470188,21.890558
U,4,3,8,25,4,214.617352,94.96552299999999,95.209326,119.65182900000002,53.654338,23.741380749999998,29.912957250000005,21.371648,5.342912,21.446243,32.104141999999996,8.026035499999999,32.22813,41.489733,10.37243325,41.534953
U,4,3,8,26,4,173.385493,58.713441,58.927848,114.672052,43.34637325,14.67836025,28.668013,17.770315,4.44257875,17.874913,24.010015,6.00250375,24.110383,16.933111,4.23327775,16.942552
U,4,3,8,27,4,189.69305,72.422657,72.7097,117.270393,47.4232625,18.10566425,29.31759825,16.982626,4.2456565,17.019751,27.954237,6.98855925,28.144242999999996,27.485794,6.8714485,27.545706
U,4,3,8,28,4,175.455085,60.16461699999999,60.179506,115.290468,43.86377125,15.041154249999998,28.822617,16.913415,4.22835375,16.922353,18.115185,4.52879625,18.125190999999997,25.136017,6.28400425,25.131962
U,4,3,8,29,4,177.573108,64.185672,64.75442199999999,113.387436,44.393277,16.046418,28.346859,16.900758,4.2251895,16.910004,17.006978,4.2517445,17.044912999999998,30.277936,7.569484,30.799505
U,4,3,8,30,4,166.177373,51.257451,51.357226999999995,114.91992199999999,41.54434325,12.81436275,28.729980499999996,16.869776,4.217444,16.902518999999998,17.142916,4.285729,17.199965,17.244759000000002,4.3111897500000005,17.254742999999998
U,4,3,8,31,4,187.11333,70.981469,72.418234,116.13186099999999,46.7783325,17.74536725,29.032965249999997,24.338413000000003,6.084603250000001,25.710848000000002,17.176768,4.294192,17.203988,29.466288,7.366572,29.503397999999997
U,4,3,8,32,4,195.327743,76.444972,76.515332,118.88277099999999,48.83193575,19.111243,29.720692749999998,23.894844,5.973711,23.905365,17.22724,4.30681,17.279020000000003,35.322888,8.830722,35.330947
U,4,3,8,33,4,233.877879,110.261311,110.36099300000001,123.616568,58.46946975,27.56532775,30.904142,30.418461,7.60461525,30.427212,38.478471000000006,9.619617750000002,38.562547,41.36437900000001,10.341094750000002,41.371234
U,4,3,8,34,4,186.025055,70.17167800000001,71.792039,115.853377,46.50626375,17.542919500000004,28.96334425,22.169682,5.5424205,22.243824,20.659853000000002,5.1649632500000004,22.103015,27.342143,6.83553575,27.4452
U,4,3,8,35,4,214.906431,93.894195,94.102131,121.012236,53.72660775,23.47354875,30.253059,18.231460000000002,4.5578650000000005,18.342809000000003,33.638442,8.4096105,33.704459,42.024293,10.50607325,42.054863
U,4,3,8,36,4,175.117414,60.515572000000006,63.193506,114.60184199999999,43.7793535,15.128893000000001,28.650460499999998,17.381373,4.34534325,19.95215,24.534923,6.13373075,24.604300000000002,18.599276,4.649819,18.637056
U,4,3,8,37,4,194.134241,80.81966299999999,80.87503699999999,113.31457800000001,48.53356025,20.204915749999998,28.328644500000003,16.964337,4.24108425,16.97365,24.619847,6.15496175,24.657376,39.235479,9.80886975,39.244011
U,4,3,8,38,4,185.591672,66.991726,67.281014,118.59994599999999,46.397918,16.7479315,29.649986499999997,24.320636,6.080159,24.354343,17.089744999999997,4.272436249999999,17.342987,25.581345,6.39533625,25.583684
U,4,3,8,39,4,172.915415,58.506715,58.668514,114.4087,43.22885375,14.62667875,28.602175,17.052602999999998,4.263150749999999,17.076372999999997,17.413204,4.353301,17.445631,24.040908,6.010227,24.146510000000003
U,4,3,8,40,4,176.401693,59.094638,59.125007,117.30705499999999,44.10042325,14.7736595,29.326763749999998,17.338824,4.334706,17.34876,24.449500999999998,6.1123752499999995,24.460143,17.306313,4.32657825,17.316104
U,4,3,8,41,4,174.129422,59.049071999999995,59.437776,115.08035000000001,43.5323555,14.762267999999999,28.770087500000002,17.218840999999998,4.304710249999999,17.55031,17.518599000000002,4.3796497500000005,17.565712,24.311632,6.077908,24.321754
U,4,3,8,42,4,170.274064,55.316382,55.391116000000004,114.957682,42.568516,13.8290955,28.7394205,21.081337,5.27033425,21.113480000000003,17.189463999999997,4.297365999999999,17.221953,17.045581,4.26139525,17.055683000000002
U,4,3,8,43,4,172.738188,59.85321,61.367635,112.88497800000002,43.184547,14.9633025,28.221244500000005,18.138493999999998,4.5346234999999995,18.205337,17.249011999999997,4.312252999999999,17.259218999999998,24.465704000000002,6.116426000000001,25.903078999999998
U,4,3,8,44,4,192.141288,76.21341000000001,76.709306,115.92787799999999,48.035322,19.053352500000003,28.981969499999998,22.020463,5.50511575,22.189504,17.330001,4.33250025,17.420672,36.862946,9.2157365,37.09913
U,4,3,8,45,4,188.762614,73.568297,75.906762,115.19431700000001,47.1906535,18.39207425,28.798579250000003,25.378031,6.34450775,25.411552999999998,17.21915,4.3047875,19.532877,30.971116,7.742779,30.962332
U,4,3,8,46,4,198.395643,80.343672,80.507686,118.05197100000001,49.59891075,20.085918,29.512992750000002,28.306669999999997,7.076667499999999,28.370843999999998,21.056291,5.26407275,21.127474,30.980711,7.74517775,31.009368000000002
U,4,3,8,47,4,193.204581,76.77400800000001,78.289653,116.43057299999998,48.30114525,19.193502000000002,29.107643249999995,36.401927,9.10048175,37.788703,18.079659,4.51991475,18.152366,22.292422000000002,5.5731055000000005,22.348584000000002
U,4,3,8,48,4,197.275284,83.376713,83.614547,113.898571,49.318821,20.84417825,28.47464275,47.596599999999995,11.899149999999999,47.686046999999995,17.287988000000002,4.3219970000000005,17.308729,18.492125,4.62303125,18.619771
U,4,3,8,49,4,181.874504,69.01185100000001,69.210228,112.862653,45.468626,17.252962750000002,28.21566325,34.61284,8.65321,34.653245,17.22215,4.3055375,17.287743,17.176861000000002,4.294215250000001,17.26924
U,4,3,8,50,4,204.388684,88.15089800000001,88.248974,116.237786,51.097171,22.037724500000003,29.0594465,29.214894,7.3037235,29.296939000000002,17.35416,4.33854,17.362372999999998,41.581844000000004,10.395461000000001,41.589662
U,4,3,8,51,4,181.951264,69.25516300000001,69.32199800000001,112.696101,45.487816,17.313790750000003,28.17402525,18.033774,4.5084435,18.044154,17.248783000000003,4.312195750000001,17.256396000000002,33.972606,8.4931515,34.021448
U,4,3,8,52,4,199.990048,86.22345199999998,86.85317199999999,113.76659600000002,49.997512,21.555862999999995,28.441649000000005,41.761866999999995,10.440466749999999,42.371742999999995,24.588912,6.147228,24.598025,19.872673,4.96816825,19.883404
U,4,3,8,53,4,170.647807,56.288982999999995,56.375254999999996,114.358824,42.66195175,14.072245749999999,28.589706,17.024735,4.25618375,17.034805999999996,17.168496,4.292124,17.177794,22.095751999999997,5.523937999999999,22.162655
U,4,3,8,54,4,177.67948,59.413159,59.480245999999994,118.266321,44.41987,14.85328975,29.56658025,17.23088,4.30772,17.263196999999998,24.720858,6.1802145,24.745129,17.461421,4.36535525,17.47192
U,4,3,8,55,4,209.312868,89.78474,90.499432,119.52812800000001,52.328217,22.446185,29.882032000000002,28.729237,7.18230925,28.78156,17.295149000000002,4.3237872500000005,17.841875,43.760354,10.9400885,43.875997
U,4,3,8,56,4,208.03133,86.043079,86.154323,121.98825099999999,52.0078325,21.51076975,30.497062749999998,23.128698,5.7821745,23.102327,24.074757,6.01868925,24.083635,38.839624,9.709906,38.968361
U,4,3,8,57,4,207.042763,87.202702,87.33980299999999,119.840061,51.76069075,21.8006755,29.96001525,25.406278,6.3515695,25.415535999999996,30.931632999999998,7.7329082499999995,30.969969,30.864791,7.71619775,30.954298
U,4,3,8,58,4,186.635022,67.129423,67.395497,119.50559899999999,46.6587555,16.78235575,29.876399749999997,17.175707,4.29392675,17.195715,28.303321,7.07583025,28.335096999999998,21.650395000000003,5.412598750000001,21.864685
U,4,3,8,59,4,199.375994,86.24433400000001,86.42038600000001,113.13165999999998,49.8439985,21.561083500000002,28.282914999999996,17.212819,4.30320475,17.242825,37.604001000000004,9.401000250000001,37.670797,31.427514000000002,7.8568785000000005,31.506763999999997
U,4,3,8,60,4,193.752182,72.946678,73.24239600000001,120.805504,48.4380455,18.2366695,30.201376,25.0666,6.26665,25.203786,30.724594,7.6811485,30.819976,17.155484,4.288871,17.218634
U,4,3,8,61,4,196.117143,79.092213,79.655646,117.02493,49.02928575,19.77305325,29.2562325,29.655233,7.41380825,29.663579,17.151581,4.28789525,17.542833,32.285399,8.07134975,32.449234000000004
U,4,3,8,62,4,192.876323,73.850939,73.946754,119.02538400000002,48.21908075,18.46273475,29.756346000000004,22.58018,5.645045,22.588785,17.903778,4.4759445,17.989692,33.366980999999996,8.341745249999999,33.368277
U,4,3,8,63,4,186.59835,74.530868,74.658816,112.06748200000001,46.6495875,18.632717,28.016870500000003,22.670364999999997,5.667591249999999,22.729685,17.296965,4.32424125,17.363865,34.563538,8.6408845,34.565266
U,4,3,8,64,4,192.21981,71.730062,71.876026,120.48974799999999,48.0549525,17.9325155,30.122436999999998,17.794251,4.44856275,17.857369,17.261268,4.315317,17.271285,36.674543,9.16863575,36.747372
U,4,3,8,65,4,172.473351,56.849635,56.87696,115.623716,43.11833775,14.21240875,28.905929,22.534671,5.63366775,22.5443,17.115433,4.27885825,17.124232,17.199531,4.29988275,17.208428
U,4,3,8,66,4,172.604846,56.087376,56.175056999999995,116.51747,43.1512115,14.021844,29.1293675,18.279943,4.56998575,18.290892,17.0964,4.2741,17.106213,20.711033,5.17775825,20.777952
U,4,3,8,67,4,169.083171,57.552648,57.987404000000005,111.53052299999999,42.27079275,14.388162,27.882630749999997,17.930396,4.482599,17.940587,17.080986999999997,4.270246749999999,17.471892,22.541265000000003,5.635316250000001,22.574925
U,4,3,8,68,4,177.899516,66.398447,67.877004,111.501069,44.474879,16.59961175,27.87526725,23.61833,5.9045825,25.042486,24.737141,6.18428525,24.747341,18.042976,4.510744,18.087177
U,4,3,8,69,4,177.074268,67.512824,67.66050800000001,109.561444,44.268567,16.878206,27.390361,24.355048,6.088762,24.482074,25.811937,6.45298425,25.821202000000003,17.345838999999998,4.3364597499999995,17.357232
U,4,3,8,70,4,197.448882,81.601158,82.04246400000001,115.847724,49.3622205,20.4002895,28.961931,17.243347,4.31083675,17.255909000000003,24.037909,6.00947725,24.048787,40.319902,10.0799755,40.737768
U,4,3,8,71,4,188.403241,69.587817,69.65802000000001,118.81542400000001,47.10081025,17.39695425,29.703856000000002,17.354184,4.338546,17.375872,29.23734,7.309335,29.246374000000003,22.996293,5.74907325,23.035774
U,4,3,8,72,4,203.173655,89.61030099999999,90.018193,113.563354,50.79341375,22.402575249999998,28.3908385,28.687184000000002,7.1717960000000005,28.723796,18.285218999999998,4.5713047499999995,18.294867,42.637898,10.6594745,42.99953
U,4,3,8,73,4,203.09344,89.631292,89.76742499999999,113.46214799999998,50.77336,22.407823,28.365536999999996,32.447623,8.11190575,32.480506,17.277977,4.31949425,17.323891,39.905692,9.976423,39.963027999999994
U,4,3,8,74,4,177.823318,64.437668,64.538303,113.38565,44.4558295,16.109417,28.3464125,21.824929,5.45623225,21.834594,17.312015,4.32800375,17.339272,25.300724000000002,6.325181000000001,25.364437
U,4,3,8,75,4,186.305351,66.845804,66.92840699999999,119.459547,46.57633775,16.711451,29.86488675,25.393973,6.34849325,25.403983,24.276783,6.06919575,24.285384999999998,17.175048,4.293762,17.239039
U,4,3,8,76,4,181.047695,60.266349000000005,60.79467699999999,120.781346,45.26192375,15.066587250000001,30.1953365,17.00767,4.2519175,17.414075,21.530372999999997,5.382593249999999,21.55668,21.728306,5.4320765,21.823921999999996
U,4,3,8,77,4,200.304365,87.132315,87.202618,113.17204999999998,50.07609125,21.78307875,28.293012499999996,17.110549999999996,4.277637499999999,17.132317,37.964709,9.49117725,38.003348,32.057056,8.014264,32.066953
U,4,3,8,78,4,185.354925,68.222575,68.292073,117.13235,46.33873125,17.05564375,29.2830875,22.061909999999997,5.515477499999999,22.095136,24.47896,6.11974,24.513607,21.681705,5.42042625,21.68333
U,4,3,8,79,4,217.065332,101.989451,102.403168,115.07588100000001,54.266333,25.49736275,28.768970250000002,46.216544000000006,11.554136000000002,46.564488999999995,23.851326999999998,5.962831749999999,23.883474,31.92158,7.980395,31.955205
U,4,3,8,80,4,206.117156,89.162822,89.476065,116.95433399999999,51.529289,22.2907055,29.238583499999997,35.530872,8.882718,35.625167000000005,17.070731,4.26768275,17.278741,36.561219,9.14030475,36.572157
U,4,3,8,81,4,200.814056,84.112107,84.79153299999999,116.701949,50.203514,21.02802675,29.17548725,38.80302,9.700755,39.427391,24.718157,6.17953925,24.741526,20.59093,5.1477325,20.622616
U,4,3,8,82,4,174.069995,55.91148899999999,56.048967999999995,118.15850600000002,43.51749875,13.977872249999997,29.539626500000004,20.758815999999996,5.189703999999999,20.849845,17.637097,4.40927425,17.646639,17.515576,4.378894,17.552484
U,4,3,8,83,4,211.789709,88.884602,88.93843199999999,122.90510699999999,52.94742725,22.2211505,30.726276749999997,33.221353,8.30533825,33.231269,28.020659,7.00516475,28.05586,27.64259,6.9106475,27.651303
U,4,3,8,84,4,177.656577,57.37874599999999,57.44031199999999,120.277831,44.41414425,14.344686499999998,30.06945775,17.127018,4.2817545,17.138060999999997,23.141982,5.7854955,23.151285,17.109745999999998,4.277436499999999,17.150966
U,4,3,8,85,4,195.440455,81.910992,82.12430900000001,113.52946299999999,48.86011375,20.477748,28.382365749999998,17.18438,4.296095,17.228678,47.495211999999995,11.873802999999999,47.522429,17.2314,4.30785,17.373202
U,4,3,8,86,4,224.000784,103.512126,103.924399,120.48865800000002,56.000196,25.8780315,30.122164500000004,36.724540000000005,9.181135000000001,37.088593,31.005951,7.75148775,31.014847999999997,35.781635,8.94540875,35.820958
U,4,3,8,87,4,199.524833,86.470226,87.002523,113.054607,49.88120825,21.6175565,28.26365175,38.647404,9.661851,39.08073,30.479546,7.6198865,30.568635,17.343276000000003,4.335819000000001,17.353158
U,4,3,8,88,4,210.580753,94.157836,94.24359100000001,116.42291699999998,52.64518825,23.539459,29.105729249999996,19.908338,4.9770845,19.918506,43.68598300000001,10.921495750000002,43.751028000000005,30.563515,7.64087875,30.574057
U,4,3,8,89,4,169.815439,54.66074999999999,54.730757,115.154689,42.45385975,13.665187499999998,28.78867225,17.221438,4.3053595,17.240382999999998,19.996995,4.99924875,20.006011,17.442317,4.36057925,17.484363
U,4,3,8,90,4,176.357904,59.057043,59.114632,117.300861,44.089476,14.76426075,29.32521525,17.305249000000003,4.326312250000001,17.340583,24.617998,6.1544995,24.628723,17.133795999999997,4.283448999999999,17.145326
U,4,3,8,91,4,172.472397,58.986476999999994,59.18910700000001,113.48592000000001,43.11809925,14.746619249999998,28.371480000000002,17.302168,4.325542,17.469825,17.287694,4.3219235,17.311193,24.396614999999997,6.099153749999999,24.408089
U,4,3,8,92,4,191.903367,72.40885300000001,73.358596,119.494514,47.97584175,18.102213250000002,29.8736285,30.966994,7.7417485,31.031415000000003,17.165738,4.2914345,18.0422,24.276121,6.06903025,24.284981
U,4,3,8,93,4,162.104817,51.892758,51.977057,110.212059,40.52620425,12.9731895,27.55301475,17.293782999999998,4.323445749999999,17.356946,17.406397000000002,4.3515992500000005,17.417111,17.192577999999997,4.298144499999999,17.203
U,4,3,8,94,4,194.642423,73.943048,74.147795,120.699375,48.66060575,18.485762,30.17484375,31.545219,7.88630475,31.68605,17.128964,4.282241,17.182538,25.268865,6.31721625,25.279207
U,4,3,8,95,4,172.318699,58.95828899999999,59.317355000000006,113.36041000000002,43.07967475,14.739572249999998,28.340102500000004,17.211553,4.30288825,17.387217000000003,24.481796000000003,6.120449000000001,24.624588000000003,17.26494,4.316235,17.30555
U,4,3,8,96,4,181.164814,67.900037,68.000582,113.26477700000001,45.2912035,16.97500925,28.316194250000002,26.662447,6.66561175,26.671689999999998,17.155230000000003,4.288807500000001,17.214028,24.08236,6.02059,24.114864
U,4,3,8,97,4,215.103165,104.38297700000001,104.612278,110.72018799999998,53.77579125,26.095744250000003,27.680046999999995,44.265784000000004,11.066446000000001,44.350792,18.448291,4.61207275,18.457293999999997,41.668902,10.4172255,41.804192
U,4,3,8,98,4,207.231645,94.57926900000001,95.033806,112.65237599999998,51.80791125,23.644817250000003,28.163093999999994,40.92430400000001,10.231076000000002,40.927168,17.157372000000002,4.289343000000001,17.166713,36.497593,9.12439825,36.939925
U,4,3,8,99,4,194.681915,82.20921200000001,82.363483,112.472703,48.67047875,20.552303000000002,28.11817575,27.706702,6.9266755,27.729756000000002,17.120784999999998,4.2801962499999995,17.130772999999998,37.381725,9.34543125,37.502954
U,4,3,8,100,4,182.833899,66.54198299999999,66.912733,116.29191600000001,45.70847475,16.635495749999997,29.072979000000004,17.856332000000002,4.4640830000000005,17.869461,17.429365999999998,4.3573414999999995,17.539215,31.256285,7.81407125,31.504057
U,4,3,8,101,4,198.483145,79.079989,79.167261,119.40315600000001,49.62078625,19.76999725,29.850789000000002,18.445280999999998,4.6113202499999995,18.473616,17.37912,4.34478,17.426755,43.255588,10.813897,43.266890000000004
U,4,3,8,102,4,188.449027,68.183356,68.44627499999999,120.265671,47.11225675,17.045839,30.06641775,20.358048,5.089512,20.541370999999998,23.795734000000003,5.948933500000001,23.838321999999998,24.029574,6.0073935,24.066581999999997
U,4,3,8,103,4,211.121377,92.06445000000001,92.235315,119.05692699999999,52.78034425,23.016112500000002,29.764231749999997,17.065993,4.26649825,17.131827,51.01040400000001,12.752601000000002,51.105823,23.988052999999997,5.997013249999999,23.997665
U,4,3,8,104,4,192.313235,81.381032,82.170997,110.93220299999999,48.07830875,20.345258,27.733050749999997,17.468697,4.36717425,18.010422000000002,36.808082999999996,9.202020749999999,37.046859999999995,27.104252000000002,6.776063000000001,27.113715000000003
U,4,3,8,105,4,227.850284,110.558783,110.83708,117.29150099999998,56.962571,27.63969575,29.322875249999996,36.402602,9.1006505,36.483712000000004,35.968811,8.99220275,36.108135000000004,38.18737,9.5468425,38.245233
U,4,3,8,106,4,236.012023,122.710217,122.87346600000001,113.301806,59.00300575,30.67755425,28.3254515,43.592477,10.89811925,43.59826100000001,43.407751,10.85193775,43.55738100000001,35.709989,8.92749725,35.717824
U,4,3,8,107,4,200.083806,81.707993,81.73612299999999,118.37581300000001,50.0209515,20.42699825,29.593953250000002,21.84923,5.4623075,21.859354000000003,20.497341,5.12433525,20.507106999999998,39.361422000000005,9.840355500000001,39.369662
U,4,3,8,108,4,216.461244,95.706066,95.813487,120.75517799999999,54.115311,23.9265165,30.188794499999997,33.97518,8.493795,34.026749,30.559861000000005,7.639965250000001,30.566921999999998,31.171025,7.79275625,31.219815999999998
U,4,3,8,109,4,193.489578,80.68535899999999,82.051734,112.804219,48.3723945,20.171339749999998,28.20105475,31.783334999999997,7.945833749999999,33.045956,31.221469999999997,7.805367499999999,31.287756,17.680554,4.4201385,17.718022
U,4,3,8,110,4,185.473732,60.675377,60.704362,124.79835500000002,46.368433,15.16884425,31.199588750000004,21.971125999999998,5.4927814999999995,21.980795,21.366349,5.34158725,21.375714000000002,17.337902,4.3344755,17.347853
U,4,3,8,111,4,185.544038,72.109015,72.36048000000001,113.435023,46.3860095,18.02725375,28.35875575,23.035787,5.75894675,23.064846000000003,25.252609,6.31315225,25.432618,23.820618999999997,5.955154749999999,23.863016000000002
U,4,3,8,112,4,205.78209,91.108779,91.21533199999999,114.67331100000001,51.4455225,22.77719475,28.668327750000003,37.268672,9.317168,37.278541,17.156429,4.28910725,17.166681999999998,36.683678,9.1709195,36.770109
U,4,3,8,113,4,189.168744,72.008474,72.348559,117.16027,47.292186,18.0021185,29.2900675,30.530358,7.6325895,30.755497000000002,17.167305999999996,4.291826499999999,17.176844,24.310810000000004,6.077702500000001,24.416218
U,4,3,8,114,4,178.26492,65.597036,65.674002,112.66788399999999,44.56623,16.399259,28.166970999999997,30.922345,7.73058625,30.950964000000003,17.292054,4.3230135,17.301842,17.382637000000003,4.345659250000001,17.421196
U,4,3,8,115,4,223.202448,105.665449,106.590159,117.53699900000001,55.800612,26.41636225,29.384249750000002,49.091935,12.27298375,49.573998,21.985325000000003,5.496331250000001,22.013379,34.588189,8.64704725,35.002781999999996
U,4,3,8,116,4,195.374577,76.791033,76.999851,118.58354399999999,48.84364425,19.19775825,29.645885999999997,18.030658000000003,4.507664500000001,18.039517,29.721148,7.430287,29.728482999999997,29.039226999999997,7.259806749999999,29.231851
U,4,3,8,117,4,206.874037,91.9022,92.12984900000001,114.971837,51.71850925,22.97555,28.74295925,37.191068,9.297767,37.199918,23.049224000000002,5.762306000000001,23.230589000000002,31.661907999999997,7.915476999999999,31.699342
U,4,3,8,118,4,200.652352,83.27470100000001,83.41201000000001,117.377651,50.163088,20.818675250000002,29.34441275,17.939885,4.48497125,17.949455,29.282059000000004,7.320514750000001,29.311284,36.052757,9.01318925,36.151271
U,4,3,8,119,4,185.742042,62.556153,62.62110299999999,123.185889,46.4355105,15.63903825,30.79647225,22.040570000000002,5.510142500000001,22.071106999999998,22.910553,5.72763825,22.920892,17.60503,4.4012575,17.629103999999998
