instrument,round,order_index,organisation,batch_id,source_records,service_ms,service_ms_per_record,stage_T_ms_per_record,stage_C_ms_per_record,stages
off,0,0,U,0,4,260.5150891467929,65.12877228669822,"[25.953438715077937, 18.347920035012066, 17.88230158854276]",[],"[[""jitter""], [""grayscale""], [""blur""]]"
off,0,0,U,1,4,260.0357150658965,65.00892876647413,"[29.34167010243982, 16.61335804965347, 16.20183454360813]",[],"[[""jitter""], [""grayscale""], [""blur""]]"
off,0,0,U,2,4,265.10827289894223,66.27706822473556,"[30.116737470962107, 15.363855054602027, 17.971740453504026]",[],"[[""jitter""], [""grayscale""], [""blur""]]"
off,0,0,U,3,4,244.29827835410833,61.07456958852708,"[28.33352203015238, 12.17866176739335, 17.8186857374385]",[],"[[""jitter""], [""grayscale""], [""blur""]]"
off,0,0,U,4,4,260.63370797783136,65.15842699445784,"[31.29116422496736, 15.516076004132628, 15.71171241812408]",[],"[[""jitter""], [""grayscale""], [""blur""]]"
off,0,0,U,5,4,254.19773114845157,63.54943278711289,"[27.30777848046273, 13.388606021180749, 17.17556396033615]",[],"[[""jitter""], [""grayscale""], [""blur""]]"
off,0,0,U,6,4,261.5693314000964,65.3923328500241,"[28.35841872729361, 15.91391395777464, 17.852077959105372]",[],"[[""jitter""], [""grayscale""], [""blur""]]"
off,0,0,U,7,4,285.81996401771903,71.45499100442976,"[26.992141036316752, 16.012651845812798, 25.237030698917806]",[],"[[""jitter""], [""grayscale""], [""blur""]]"
off,0,0,U,8,4,250.61415880918503,62.65353970229626,"[28.302175225690007, 15.676049166359007, 15.538130421191454]",[],"[[""jitter""], [""grayscale""], [""blur""]]"
off,0,0,U,9,4,284.44695519283414,71.11173879820853,"[28.361436328850687, 20.69030422717333, 18.92388821579516]",[],"[[""jitter""], [""grayscale""], [""blur""]]"
off,0,0,U,10,4,235.78535672277212,58.94633918069303,"[27.242845157161355, 13.916524476371706, 14.595632790587842]",[],"[[""jitter""], [""grayscale""], [""blur""]]"
off,0,0,U,11,4,260.1861581206322,65.04653953015804,"[30.64908378291875, 15.752307721413672, 15.93501353636384]",[],"[[""jitter""], [""grayscale""], [""blur""]]"
off,0,0,U,12,4,252.14818818494678,63.037047046236694,"[28.35580299142748, 13.348876964300871, 18.194995471276343]",[],"[[""jitter""], [""grayscale""], [""blur""]]"
off,0,0,U,13,4,266.5018714033067,66.62546785082668,"[30.73290770407766, 16.257293289527297, 16.513837152160704]",[],"[[""jitter""], [""grayscale""], [""blur""]]"
off,0,0,U,14,4,288.20768697187304,72.05192174296826,"[28.950873529538512, 20.871727261692286, 19.073588075116277]",[],"[[""jitter""], [""grayscale""], [""blur""]]"
off,0,0,U,15,4,257.61255575343966,64.40313893835992,"[28.256881283596158, 16.578497947193682, 16.336136031895876]",[],"[[""jitter""], [""grayscale""], [""blur""]]"
off,0,0,U,16,4,261.8458201177418,65.46145502943546,"[30.29132925439626, 15.376252471469343, 16.642049769870937]",[],"[[""jitter""], [""grayscale""], [""blur""]]"
off,0,0,U,17,4,265.86849614977837,66.46712403744459,"[31.896871980279684, 15.744184725917876, 15.086351311765611]",[],"[[""jitter""], [""grayscale""], [""blur""]]"
off,0,0,U,18,4,243.20315197110176,60.80078799277544,"[28.06577004957944, 13.126360485330224, 16.586979501880705]",[],"[[""jitter""], [""grayscale""], [""blur""]]"
off,0,0,U,19,4,241.63271393626928,60.40817848406732,"[28.95656367763877, 13.639952521771193, 14.508242718875408]",[],"[[""jitter""], [""grayscale""], [""blur""]]"
off,0,0,U,20,4,256.3523459248245,64.08808648120612,"[29.663022491149604, 13.465802185237408, 17.96071627177298]",[],"[[""jitter""], [""grayscale""], [""blur""]]"
off,0,0,U,21,4,236.90583417192101,59.226458542980254,"[29.374627745710313, 12.004130752757192, 14.65914596337825]",[],"[[""jitter""], [""grayscale""], [""blur""]]"
off,0,0,U,22,4,260.0296698510647,65.00741746276617,"[29.856726177968085, 14.446546323597431, 17.393892514519393]",[],"[[""jitter""], [""grayscale""], [""blur""]]"
off,0,0,U,23,4,242.4861742183566,60.62154355458915,"[29.373821336776018, 12.421501334756613, 15.680619282647967]",[],"[[""jitter""], [""grayscale""], [""blur""]]"
off,0,0,U,24,4,259.5392791554332,64.8848197888583,"[29.564801719971, 14.255730318836868, 17.856666236184537]",[],"[[""jitter""], [""grayscale""], [""blur""]]"
off,0,0,U,25,4,262.6000759191811,65.65001897979528,"[28.39381597004831, 13.273525284603238, 20.729372510686517]",[],"[[""jitter""], [""grayscale""], [""blur""]]"
off,0,0,U,26,4,232.04656597226858,58.011641493067145,"[23.13591947313398, 15.03527129534632, 16.701418324373662]",[],"[[""jitter""], [""grayscale""], [""blur""]]"
off,0,0,U,27,4,261.7621491663158,65.44053729157895,"[28.292775503359735, 14.100973960012197, 20.087630720809102]",[],"[[""jitter""], [""grayscale""], [""blur""]]"
off,0,0,U,28,4,250.1234281808138,62.53085704520345,"[27.527590980753303, 15.576128265820444, 16.069639823399484]",[],"[[""jitter""], [""grayscale""], [""blur""]]"
off,0,0,U,29,4,274.3243188597262,68.58107971493155,"[27.408697176724672, 17.584509449079633, 20.506606553681195]",[],"[[""jitter""], [""grayscale""], [""blur""]]"
off,0,0,U,30,4,259.541945066303,64.88548626657575,"[28.358590323477983, 15.405316255055368, 18.108841264620423]",[],"[[""jitter""], [""grayscale""], [""blur""]]"
off,0,0,U,31,4,277.3950598202646,69.34876495506614,"[35.46097420621663, 13.795581180602312, 17.152253887616098]",[],"[[""jitter""], [""grayscale""], [""blur""]]"
off,0,0,U,32,4,262.1365240775049,65.53413101937622,"[28.982119052670896, 15.414611902087927, 17.92188419494778]",[],"[[""jitter""], [""grayscale""], [""blur""]]"
off,0,0,U,33,4,251.92895904183388,62.98223976045847,"[29.05056718736887, 13.360334560275078, 17.67592050600797]",[],"[[""jitter""], [""grayscale""], [""blur""]]"
off,0,0,U,34,4,240.75024295598269,60.18756073899567,"[27.597575797699392, 15.027412795461714, 14.665958238765597]",[],"[[""jitter""], [""grayscale""], [""blur""]]"
off,0,0,U,35,4,256.2695103697479,64.06737759243697,"[28.951376909390092, 14.933355851098895, 17.398240510374308]",[],"[[""jitter""], [""grayscale""], [""blur""]]"
off,0,0,U,36,4,244.6075058542192,61.1518764635548,"[28.114060405641794, 13.529438409022987, 17.190453712828457]",[],"[[""jitter""], [""grayscale""], [""blur""]]"
off,0,0,U,37,4,259.15624434128404,64.78906108532101,"[31.567599973641336, 14.715097262524068, 15.919836005195975]",[],"[[""jitter""], [""grayscale""], [""blur""]]"
off,0,0,U,38,4,256.772605702281,64.19315142557025,"[28.452253784053028, 13.170619029551744, 20.073712221346796]",[],"[[""jitter""], [""grayscale""], [""blur""]]"
off,0,0,U,39,4,262.7294510602951,65.68236276507378,"[31.84106177650392, 15.371708082966506, 15.748284640721977]",[],"[[""jitter""], [""grayscale""], [""blur""]]"
off,0,0,U,40,4,258.3768730983138,64.59421827457845,"[28.23232428636402, 15.565195470117033, 18.06057256180793]",[],"[[""jitter""], [""grayscale""], [""blur""]]"
off,0,0,U,41,4,249.2946949787438,62.32367374468595,"[27.82259078230709, 15.810691518709064, 15.87658142670989]",[],"[[""jitter""], [""grayscale""], [""blur""]]"
off,0,0,U,42,4,267.9297151044011,66.98242877610028,"[26.589682209305465, 19.948312430642545, 17.270606476813555]",[],"[[""jitter""], [""grayscale""], [""blur""]]"
off,0,0,U,43,4,252.6088901795447,63.15222254488617,"[27.61890704277903, 16.139275510795414, 16.707794042304158]",[],"[[""jitter""], [""grayscale""], [""blur""]]"
off,0,0,U,44,4,283.5962218232453,70.89905545581132,"[33.1944179488346, 16.21961034834385, 18.90376047231257]",[],"[[""jitter""], [""grayscale""], [""blur""]]"
off,0,0,U,45,4,273.18834885954857,68.29708721488714,"[34.44966801907867, 14.62902792263776, 16.62646501790732]",[],"[[""jitter""], [""grayscale""], [""blur""]]"
off,0,0,U,46,4,260.0514208897948,65.0128552224487,"[29.96683306992054, 14.750813483260572, 17.59592047892511]",[],"[[""jitter""], [""grayscale""], [""blur""]]"
off,0,0,U,47,4,233.23235381394625,58.30808845348656,"[26.824726723134518, 11.95219624787569, 17.12657429743558]",[],"[[""jitter""], [""grayscale""], [""blur""]]"
off,0,0,U,48,4,269.15978314355016,67.28994578588754,"[29.90733052138239, 15.327842789702117, 19.307818030938506]",[],"[[""jitter""], [""grayscale""], [""blur""]]"
off,0,0,U,49,4,268.6354028992355,67.15885072480887,"[31.21217922307551, 12.785095837898552, 20.732449716888368]",[],"[[""jitter""], [""grayscale""], [""blur""]]"
off,0,0,U,50,4,242.16533917933702,60.541334794834256,"[28.480357257649302, 14.241421013139188, 15.332962037064135]",[],"[[""jitter""], [""grayscale""], [""blur""]]"
off,0,0,U,51,4,290.4052548110485,72.60131370276213,"[30.058381031267345, 18.6016975203529, 21.239781519398093]",[],"[[""jitter""], [""grayscale""], [""blur""]]"
off,0,0,U,52,4,261.6907078772783,65.42267696931958,"[29.42361601162702, 15.870099538005888, 17.594166682101786]",[],"[[""jitter""], [""grayscale""], [""blur""]]"
off,0,0,U,53,4,263.34940223023295,65.83735055755824,"[29.94876797311008, 16.324597992934287, 16.763500054366887]",[],"[[""jitter""], [""grayscale""], [""blur""]]"
off,0,0,U,54,4,243.41338500380516,60.85334625095129,"[28.450514539144933, 14.630979509092867, 15.17409272491932]",[],"[[""jitter""], [""grayscale""], [""blur""]]"
off,0,0,U,55,4,247.49315669760108,61.87328917440027,"[28.781315544620156, 13.131212908774614, 17.546282266266644]",[],"[[""jitter""], [""grayscale""], [""blur""]]"
off,0,0,U,56,4,242.7090317942202,60.67725794855505,"[27.17118477448821, 14.569866936653852, 16.3787086494267]",[],"[[""jitter""], [""grayscale""], [""blur""]]"
off,0,0,U,57,4,251.2693670578301,62.817341764457524,"[29.379221028648317, 14.191567781381309, 16.57158846501261]",[],"[[""jitter""], [""grayscale""], [""blur""]]"
off,0,0,U,58,4,250.43213507160544,62.60803376790136,"[30.72093043010682, 14.34852252714336, 14.953690813854337]",[],"[[""jitter""], [""grayscale""], [""blur""]]"
off,0,0,U,59,4,246.27947388216853,61.56986847054213,"[29.591043014079332, 13.331625261344016, 16.08227496035397]",[],"[[""jitter""], [""grayscale""], [""blur""]]"
off,0,0,U,60,4,239.71462482586503,59.92865620646626,"[27.83551625907421, 14.961414271965623, 14.144136221148074]",[],"[[""jitter""], [""grayscale""], [""blur""]]"
off,0,0,U,61,4,254.80050314217806,63.700125785544515,"[29.524993966333568, 14.949597185477614, 16.309914528392255]",[],"[[""jitter""], [""grayscale""], [""blur""]]"
off,0,0,U,62,4,231.4081657677889,57.85204144194722,"[27.095106313936412, 13.876915560103953, 14.19710973277688]",[],"[[""jitter""], [""grayscale""], [""blur""]]"
off,0,0,U,63,4,244.25978306680918,61.064945766702294,"[28.71670771855861, 13.192478334531188, 16.58288878388703]",[],"[[""jitter""], [""grayscale""], [""blur""]]"
off,0,0,U,64,4,247.15653713792562,61.789134284481406,"[27.84596069250256, 15.629702829755843, 15.845883986912668]",[],"[[""jitter""], [""grayscale""], [""blur""]]"
off,0,0,U,65,4,250.9390227496624,62.7347556874156,"[29.499915195629, 13.793770456686616, 16.78919477853924]",[],"[[""jitter""], [""grayscale""], [""blur""]]"
off,0,0,U,66,4,242.0987030491233,60.52467576228082,"[29.35371780768037, 14.312427956610918, 14.13279096595943]",[],"[[""jitter""], [""grayscale""], [""blur""]]"
off,0,0,U,67,4,243.6028840020299,60.900721000507474,"[30.104504083283246, 11.875802068971097, 16.225797939114273]",[],"[[""jitter""], [""grayscale""], [""blur""]]"
off,0,0,U,68,4,242.25029489025474,60.562573722563684,"[27.127567445859313, 16.15338819101453, 14.593433239497244]",[],"[[""jitter""], [""grayscale""], [""blur""]]"
off,0,0,U,69,4,262.47131219133735,65.61782804783434,"[32.17138641048223, 14.965530252084136, 15.681183780543506]",[],"[[""jitter""], [""grayscale""], [""blur""]]"
off,0,0,U,70,4,237.4068656936288,59.3517164234072,"[27.326150215230882, 14.648057520389557, 14.777249307371676]",[],"[[""jitter""], [""grayscale""], [""blur""]]"
off,0,0,U,71,4,253.68661107495427,63.42165276873857,"[29.78242444805801, 14.671885292045772, 16.2679732311517]",[],"[[""jitter""], [""grayscale""], [""blur""]]"
off,0,0,U,72,4,249.43778198212385,62.35944549553096,"[28.637964744120836, 15.374489477835596, 15.58065926656127]",[],"[[""jitter""], [""grayscale""], [""blur""]]"
off,0,0,U,73,4,245.109586045146,61.2773965112865,"[29.067881987430155, 13.748168246820569, 15.87165123783052]",[],"[[""jitter""], [""grayscale""], [""blur""]]"
off,0,0,U,74,4,240.90351723134518,60.225879307836294,"[28.692410560324788, 13.775183935649693, 15.33416728489101]",[],"[[""jitter""], [""grayscale""], [""blur""]]"
off,0,0,U,75,4,241.15984234958887,60.28996058739722,"[29.038892476819456, 12.652854551561177, 15.976731199771166]",[],"[[""jitter""], [""grayscale""], [""blur""]]"
off,0,0,U,76,4,236.77960084751248,59.19490021187812,"[28.176355292089283, 13.977881986647844, 14.523295452818274]",[],"[[""jitter""], [""grayscale""], [""blur""]]"
off,0,0,U,77,4,249.87704819068313,62.46926204767078,"[30.162685899995267, 13.89552396722138, 15.91148052830249]",[],"[[""jitter""], [""grayscale""], [""blur""]]"
off,0,0,U,78,4,242.00629023835063,60.50157255958766,"[27.728599729016423, 14.21593117993325, 15.779120032675564]",[],"[[""jitter""], [""grayscale""], [""blur""]]"
off,0,0,U,79,4,235.047010704875,58.76175267621875,"[28.13818398863077, 12.69892428535968, 15.239367261528969]",[],"[[""jitter""], [""grayscale""], [""blur""]]"
off,0,0,U,80,4,236.27306381240487,59.06826595310122,"[26.663754717446864, 14.89815628156066, 14.827130478806794]",[],"[[""jitter""], [""grayscale""], [""blur""]]"
off,0,0,U,81,4,259.3291001394391,64.83227503485978,"[29.548925696872175, 15.121074160560966, 16.904557240195572]",[],"[[""jitter""], [""grayscale""], [""blur""]]"
off,0,0,U,82,4,250.20078290253878,62.550195725634694,"[28.57795776799321, 15.624183462932706, 15.640323050320148]",[],"[[""jitter""], [""grayscale""], [""blur""]]"
off,0,0,U,83,4,249.23211988061666,62.308029970154166,"[28.854645206592977, 14.669668744318187, 16.191114555113018]",[],"[[""jitter""], [""grayscale""], [""blur""]]"
off,0,0,U,84,4,250.303465873003,62.57586646825075,"[28.033800423145294, 14.410778763704002, 17.500768997706473]",[],"[[""jitter""], [""grayscale""], [""blur""]]"
off,0,0,U,85,4,244.12026163190603,61.03006540797651,"[30.26589599903673, 12.01031671371311, 16.057929722592235]",[],"[[""jitter""], [""grayscale""], [""blur""]]"
off,0,0,U,86,4,248.236701823771,62.05917545594275,"[27.46549097355455, 15.75217372737825, 16.456458950415254]",[],"[[""jitter""], [""grayscale""], [""blur""]]"
off,0,0,U,87,4,255.6932382285595,63.92330955713987,"[29.292832827195525, 15.141884563490748, 16.779174678958952]",[],"[[""jitter""], [""grayscale""], [""blur""]]"
off,0,0,U,88,4,245.53537089377642,61.383842723444104,"[28.939362266100943, 14.855220331810415, 15.144770848564804]",[],"[[""jitter""], [""grayscale""], [""blur""]]"
off,0,0,U,89,4,257.8268963843584,64.4567240960896,"[29.80275044683367, 12.898326851427555, 19.084208994172513]",[],"[[""jitter""], [""grayscale""], [""blur""]]"
off,0,0,U,90,4,247.13161308318377,61.78290327079594,"[28.717623557895422, 14.415225246921182, 16.13185927271843]",[],"[[""jitter""], [""grayscale""], [""blur""]]"
off,0,0,U,91,4,270.7241238094866,67.68103095237166,"[30.66317003685981, 15.87657060008496, 18.35633849259466]",[],"[[""jitter""], [""grayscale""], [""blur""]]"
off,0,0,U,92,4,249.84254082664847,62.46063520666212,"[27.88671408779919, 13.72215908486396, 18.11903202906251]",[],"[[""jitter""], [""grayscale""], [""blur""]]"
off,0,0,U,93,4,266.1217600107193,66.53044000267982,"[31.834919238463044, 14.689714414998889, 17.281515523791313]",[],"[[""jitter""], [""grayscale""], [""blur""]]"
off,0,0,U,94,4,274.45091493427753,68.61272873356938,"[29.28994968533516, 16.977859428152442, 19.912246498279274]",[],"[[""jitter""], [""grayscale""], [""blur""]]"
off,0,0,U,95,4,247.1792921423912,61.7948230355978,"[27.983244275674224, 14.926301199011505, 16.221213969402015]",[],"[[""jitter""], [""grayscale""], [""blur""]]"
off,0,0,U,96,4,261.11206598579884,65.27801649644971,"[25.39056574460119, 19.659409997984767, 18.035198911093175]",[],"[[""jitter""], [""grayscale""], [""blur""]]"
off,0,0,U,97,4,250.34161331132054,62.585403327830136,"[28.01046404056251, 16.31035131867975, 15.74984600301832]",[],"[[""jitter""], [""grayscale""], [""blur""]]"
off,0,0,U,98,4,260.40706504136324,65.10176626034081,"[28.462658752687275, 17.48642069287598, 16.493976581841707]",[],"[[""jitter""], [""grayscale""], [""blur""]]"
off,0,0,U,99,4,238.95129933953285,59.73782483488321,"[28.148267534561455, 13.998568756505847, 14.948475756682456]",[],"[[""jitter""], [""grayscale""], [""blur""]]"
off,0,1,P,0,4,198.72370222583413,49.68092555645853,"[32.90845756419003, 15.152150765061378]",[],"[[""jitter"", ""grayscale""], [""blur""]]"
off,0,1,P,1,4,201.11630577594042,50.279076443985105,"[32.028465531766415, 16.655549756251276]",[],"[[""jitter"", ""grayscale""], [""blur""]]"
off,0,1,P,2,4,205.05500491708517,51.26375122927129,"[29.537584981881082, 19.84313945285976]",[],"[[""jitter"", ""grayscale""], [""blur""]]"
off,0,1,P,3,4,193.59437888488173,48.398594721220434,"[31.01334918756038, 15.82760619930923]",[],"[[""jitter"", ""grayscale""], [""blur""]]"
off,0,1,P,4,4,187.4973508529365,46.87433771323413,"[28.432071791030467, 16.81521290447563]",[],"[[""jitter"", ""grayscale""], [""blur""]]"
off,0,1,P,5,4,221.7244510538876,55.4311127634719,"[37.762189749628305, 16.11291046719998]",[],"[[""jitter"", ""grayscale""], [""blur""]]"
off,0,1,P,6,4,182.766605168581,45.69165129214525,"[30.011755996383727, 14.002031763084233]",[],"[[""jitter"", ""grayscale""], [""blur""]]"
off,0,1,P,7,4,182.9831968061626,45.74579920154065,"[28.721332782879472, 15.605021500959992]",[],"[[""jitter"", ""grayscale""], [""blur""]]"
off,0,1,P,8,4,196.7266951687634,49.18167379219085,"[31.38741326984018, 16.326922457665205]",[],"[[""jitter"", ""grayscale""], [""blur""]]"
off,0,1,P,9,4,201.32637256756425,50.33159314189106,"[32.328730914741755, 16.2413272773847]",[],"[[""jitter"", ""grayscale""], [""blur""]]"
off,0,1,P,10,4,193.8365437090397,48.45913592725992,"[29.116330319084227, 17.761265975423157]",[],"[[""jitter"", ""grayscale""], [""blur""]]"
off,0,1,P,11,4,199.4944680482149,49.87361701205373,"[30.72067047469318, 17.544824513606727]",[],"[[""jitter"", ""grayscale""], [""blur""]]"
off,0,1,P,12,4,210.38789814338088,52.59697453584522,"[32.45234175119549, 18.669388024136424]",[],"[[""jitter"", ""grayscale""], [""blur""]]"
off,0,1,P,13,4,194.72023798152804,48.68005949538201,"[30.82490444649011, 16.118163242936134]",[],"[[""jitter"", ""grayscale""], [""blur""]]"
off,0,1,P,14,4,214.23435769975185,53.55858942493796,"[33.879533293657005, 18.057157518342137]",[],"[[""jitter"", ""grayscale""], [""blur""]]"
off,0,1,P,15,4,188.23878280818462,47.059695702046156,"[30.306548695079982, 15.130063286051154]",[],"[[""jitter"", ""grayscale""], [""blur""]]"
off,0,1,P,16,4,189.39683120697737,47.34920780174434,"[30.65538522787392, 15.032268012873828]",[],"[[""jitter"", ""grayscale""], [""blur""]]"
off,0,1,P,17,4,196.36542908847332,49.09135727211833,"[32.45598392095417, 14.906339230947196]",[],"[[""jitter"", ""grayscale""], [""blur""]]"
off,0,1,P,18,4,202.33133481815457,50.58283370453864,"[30.425267294049263, 18.606773228384554]",[],"[[""jitter"", ""grayscale""], [""blur""]]"
off,0,1,P,19,4,197.96920893713832,49.49230223428458,"[32.05361950676888, 15.738118207082152]",[],"[[""jitter"", ""grayscale""], [""blur""]]"
off,0,1,P,20,4,200.51317941397429,50.12829485349357,"[31.21110249776393, 17.3870122525841]",[],"[[""jitter"", ""grayscale""], [""blur""]]"
off,0,1,P,21,4,215.95261804759502,53.988154511898756,"[35.96349817235023, 16.31711609661579]",[],"[[""jitter"", ""grayscale""], [""blur""]]"
off,0,1,P,22,4,195.16127603128552,48.79031900782138,"[31.596220564097166, 15.586992027238011]",[],"[[""jitter"", ""grayscale""], [""blur""]]"
off,0,1,P,23,4,213.8988822698593,53.47472056746483,"[35.59731901623309, 16.2006092723459]",[],"[[""jitter"", ""grayscale""], [""blur""]]"
off,0,1,P,24,4,187.8054211847484,46.9513552961871,"[31.228897511027753, 14.232790796086192]",[],"[[""jitter"", ""grayscale""], [""blur""]]"
off,0,1,P,25,4,190.68350084125996,47.67087521031499,"[30.362568446435034, 15.481728594750166]",[],"[[""jitter"", ""grayscale""], [""blur""]]"
off,0,1,P,26,4,203.74732511118054,50.936831277795136,"[32.282565254718065, 17.03747478313744]",[],"[[""jitter"", ""grayscale""], [""blur""]]"
off,0,1,P,27,4,209.10624600946903,52.27656150236726,"[31.316357431933284, 19.293931196443737]",[],"[[""jitter"", ""grayscale""], [""blur""]]"
off,0,1,P,28,4,189.22412116080523,47.306030290201306,"[29.850019025616348, 15.798426582477987]",[],"[[""jitter"", ""grayscale""], [""blur""]]"
off,0,1,P,29,4,163.8228828087449,40.95572070218623,"[26.73033915925771, 12.57709099445492]",[],"[[""jitter"", ""grayscale""], [""blur""]]"
off,0,1,P,30,4,205.3515356965363,51.337883924134076,"[33.962995978072286, 15.666098217479885]",[],"[[""jitter"", ""grayscale""], [""blur""]]"
off,0,1,P,31,4,193.24969919398427,48.31242479849607,"[34.45393196307123, 12.15558429248631]",[],"[[""jitter"", ""grayscale""], [""blur""]]"
off,0,1,P,32,4,199.56397218629718,49.890993046574295,"[30.659440788440406, 17.745215678587556]",[],"[[""jitter"", ""grayscale""], [""blur""]]"
off,0,1,P,33,4,190.74759958311915,47.68689989577979,"[30.015816329978406, 15.886846813373268]",[],"[[""jitter"", ""grayscale""], [""blur""]]"
off,0,1,P,34,4,196.69671589508653,49.17417897377163,"[27.591894729994237, 19.90899199154228]",[],"[[""jitter"", ""grayscale""], [""blur""]]"
off,0,1,P,35,4,188.14288917928934,47.035722294822335,"[29.657887294888496, 15.59249754063785]",[],"[[""jitter"", ""grayscale""], [""blur""]]"
off,0,1,P,36,4,202.62596802785993,50.65649200696498,"[32.04320452641696, 16.885442775674164]",[],"[[""jitter"", ""grayscale""], [""blur""]]"
off,0,1,P,37,4,221.75427107140422,55.438567767851055,"[36.67033021338284, 17.270566779188812]",[],"[[""jitter"", ""grayscale""], [""blur""]]"
off,0,1,P,38,4,182.73084424436092,45.68271106109023,"[30.00946552492678, 14.19155322946608]",[],"[[""jitter"", ""grayscale""], [""blur""]]"
off,0,1,P,39,4,203.84575286880136,50.96143821720034,"[33.683849731460214, 15.547898248769343]",[],"[[""jitter"", ""grayscale""], [""blur""]]"
off,0,1,P,40,4,189.33132896199822,47.332832240499556,"[30.015783268027008, 15.798684093169868]",[],"[[""jitter"", ""grayscale""], [""blur""]]"
off,0,1,P,41,4,202.88146194070578,50.720365485176444,"[29.54322739969939, 19.570373464375734]",[],"[[""jitter"", ""grayscale""], [""blur""]]"
off,0,1,P,42,4,192.6700919866562,48.16752299666405,"[30.702412012033165, 15.757094719447196]",[],"[[""jitter"", ""grayscale""], [""blur""]]"
off,0,1,P,43,4,213.0611571483314,53.26528928708285,"[30.6621550116688, 20.65068343654275]",[],"[[""jitter"", ""grayscale""], [""blur""]]"
off,0,1,P,44,4,192.82978912815452,48.20744728203863,"[29.57611996680498, 16.937137814238667]",[],"[[""jitter"", ""grayscale""], [""blur""]]"
off,0,1,P,45,4,209.31277237832546,52.328193094581366,"[31.587118981406093, 19.0307762240991]",[],"[[""jitter"", ""grayscale""], [""blur""]]"
off,0,1,P,46,4,212.65204483643174,53.163011209107935,"[34.243981004692614, 17.353427247144282]",[],"[[""jitter"", ""grayscale""], [""blur""]]"
off,0,1,P,47,4,205.60088800266385,51.40022200066596,"[31.985214445739985, 17.717325245030224]",[],"[[""jitter"", ""grayscale""], [""blur""]]"
off,0,1,P,48,4,221.96678584441543,55.49169646110386,"[37.23485395312309, 16.659093787893653]",[],"[[""jitter"", ""grayscale""], [""blur""]]"
off,0,1,P,49,4,191.6093872860074,47.90234682150185,"[31.96968650445342, 14.155294513329864]",[],"[[""jitter"", ""grayscale""], [""blur""]]"
off,0,1,P,50,4,196.51391124352813,49.12847781088203,"[31.10678296070546, 16.428728587925434]",[],"[[""jitter"", ""grayscale""], [""blur""]]"
off,0,1,P,51,4,197.06664979457855,49.26666244864464,"[31.736254110001028, 16.05745078995824]",[],"[[""jitter"", ""grayscale""], [""blur""]]"
off,0,1,P,52,4,207.44866877794266,51.862167194485664,"[32.218904816545546, 18.18668399937451]",[],"[[""jitter"", ""grayscale""], [""blur""]]"
off,0,1,P,53,4,193.93933517858386,48.484833794645965,"[31.088656513020396, 15.623744227923453]",[],"[[""jitter"", ""grayscale""], [""blur""]]"
off,0,1,P,54,4,201.38881681486964,50.34720420371741,"[29.671182273887098, 19.139842479489744]",[],"[[""jitter"", ""grayscale""], [""blur""]]"
off,0,1,P,55,4,199.47309186682105,49.86827296670526,"[31.33327409159392, 16.518573043867946]",[],"[[""jitter"", ""grayscale""], [""blur""]]"
off,0,1,P,56,4,184.1202788054943,46.03006970137358,"[29.61385832168162, 14.830310712568462]",[],"[[""jitter"", ""grayscale""], [""blur""]]"
off,0,1,P,57,4,214.9624195881188,53.7406048970297,"[35.41614720597863, 16.28647488541901]",[],"[[""jitter"", ""grayscale""], [""blur""]]"
off,0,1,P,58,4,197.23595213145018,49.308988032862544,"[31.68767027091235, 16.045822529122233]",[],"[[""jitter"", ""grayscale""], [""blur""]]"
off,0,1,P,59,4,192.1207932755351,48.03019831888378,"[29.545640689320862, 16.912581282667816]",[],"[[""jitter"", ""grayscale""], [""blur""]]"
off,0,1,P,60,4,190.88454823940992,47.72113705985248,"[29.534776229411364, 16.539668547920883]",[],"[[""jitter"", ""grayscale""], [""blur""]]"
off,0,1,P,61,4,211.26990858465433,52.81747714616358,"[30.72020097170025, 20.482942229136825]",[],"[[""jitter"", ""grayscale""], [""blur""]]"
off,0,1,P,62,4,206.82088006287813,51.70522001571953,"[32.493299222551286, 17.54105172585696]",[],"[[""jitter"", ""grayscale""], [""blur""]]"
off,0,1,P,63,4,208.77683581784368,52.19420895446092,"[30.384951271116734, 19.84251628164202]",[],"[[""jitter"", ""grayscale""], [""blur""]]"
off,0,1,P,64,4,184.1834569349885,46.045864233747125,"[28.81937602069229, 15.748591045849025]",[],"[[""jitter"", ""grayscale""], [""blur""]]"
off,0,1,P,65,4,205.2052109502256,51.3013027375564,"[32.04589174129069, 17.627814784646034]",[],"[[""jitter"", ""grayscale""], [""blur""]]"
off,0,1,P,66,4,192.4521941691637,48.113048542290926,"[32.68444922287017, 13.751065474934876]",[],"[[""jitter"", ""grayscale""], [""blur""]]"
off,0,1,P,67,4,175.20062206313014,43.800155515782535,"[29.158433550037444, 12.842855765484273]",[],"[[""jitter"", ""grayscale""], [""blur""]]"
off,0,1,P,68,4,174.92287699133158,43.730719247832894,"[24.79792491067201, 16.736703808419406]",[],"[[""jitter"", ""grayscale""], [""blur""]]"
off,0,1,P,69,4,189.6792920306325,47.419823007658124,"[30.812427052296698, 15.048196772113442]",[],"[[""jitter"", ""grayscale""], [""blur""]]"
off,0,1,P,70,4,197.9361092671752,49.4840273167938,"[30.541326035745442, 17.438400769606233]",[],"[[""jitter"", ""grayscale""], [""blur""]]"
off,0,1,P,71,4,208.83903233334422,52.209758083336055,"[33.65077299531549, 16.874292166903615]",[],"[[""jitter"", ""grayscale""], [""blur""]]"
off,0,1,P,72,4,188.43356287106872,47.10839071776718,"[31.16856375709176, 14.355246792547405]",[],"[[""jitter"", ""grayscale""], [""blur""]]"
off,0,1,P,73,4,226.74612840637565,56.68653210159391,"[37.187805282883346, 17.825324553996325]",[],"[[""jitter"", ""grayscale""], [""blur""]]"
off,0,1,P,74,4,181.4590310677886,45.36475776694715,"[29.339193017221987, 14.312978251837194]",[],"[[""jitter"", ""grayscale""], [""blur""]]"
off,0,1,P,75,4,194.22489497810602,48.556223744526505,"[30.194450984708965, 16.681402223184705]",[],"[[""jitter"", ""grayscale""], [""blur""]]"
off,0,1,P,76,4,191.53958465903997,47.884896164759994,"[30.82686976995319, 15.45442151837051]",[],"[[""jitter"", ""grayscale""], [""blur""]]"
off,0,1,P,77,4,197.59096018970013,49.39774004742503,"[28.663598699495196, 19.263084745034575]",[],"[[""jitter"", ""grayscale""], [""blur""]]"
off,0,1,P,78,4,183.05336870253086,45.763342175632715,"[28.36351504083723, 15.752515522763133]",[],"[[""jitter"", ""grayscale""], [""blur""]]"
off,0,1,P,79,4,209.76154459640384,52.44038614910096,"[32.55092306062579, 18.27689167112112]",[],"[[""jitter"", ""grayscale""], [""blur""]]"
off,0,1,P,80,4,204.3802458792925,51.09506146982312,"[33.72594399843365, 15.775403007864952]",[],"[[""jitter"", ""grayscale""], [""blur""]]"
off,0,1,P,81,4,187.8237477503717,46.955936937592924,"[29.97008292004466, 15.277573955245316]",[],"[[""jitter"", ""grayscale""], [""blur""]]"
off,0,1,P,82,4,192.35763512551785,48.08940878137946,"[30.92571918386966, 15.478561050258577]",[],"[[""jitter"", ""grayscale""], [""blur""]]"
off,0,1,P,83,4,199.96902719140053,49.99225679785013,"[33.162623760290444, 15.100043267011642]",[],"[[""jitter"", ""grayscale""], [""blur""]]"
off,0,1,P,84,4,199.91129403933883,49.97782350983471,"[32.612865790724754, 15.677647083066404]",[],"[[""jitter"", ""grayscale""], [""blur""]]"
off,0,1,P,85,4,201.66681101545691,50.41670275386423,"[32.669971347786486, 16.03635645005852]",[],"[[""jitter"", ""grayscale""], [""blur""]]"
off,0,1,P,86,4,204.8329273238778,51.20823183096945,"[30.358415213413537, 19.22914676833898]",[],"[[""jitter"", ""grayscale""], [""blur""]]"
off,0,1,P,87,4,188.80390003323555,47.20097500830889,"[30.31844273209572, 15.348237007856369]",[],"[[""jitter"", ""grayscale""], [""blur""]]"
off,0,1,P,88,4,213.018543086946,53.2546357717365,"[32.57533046416938, 18.948471755720675]",[],"[[""jitter"", ""grayscale""], [""blur""]]"
off,0,1,P,89,4,228.69296604767442,57.173241511918604,"[37.0463402941823, 18.463220330886543]",[],"[[""jitter"", ""grayscale""], [""blur""]]"
off,0,1,P,90,4,207.47544756159186,51.868861890397966,"[32.026305445469916, 18.28050904441625]",[],"[[""jitter"", ""grayscale""], [""blur""]]"
off,0,1,P,91,4,240.20342901349068,60.05085725337267,"[40.890063042752445, 17.46132760308683]",[],"[[""jitter"", ""grayscale""], [""blur""]]"
off,0,1,P,92,4,204.89088492468,51.22272123117,"[31.21280192863196, 18.307293416000903]",[],"[[""jitter"", ""grayscale""], [""blur""]]"
off,0,1,P,93,4,236.37779895216227,59.094449738040566,"[40.20881874021143, 17.281537177041173]",[],"[[""jitter"", ""grayscale""], [""blur""]]"
off,0,1,P,94,4,216.93530399352312,54.23382599838078,"[33.07419526390731, 19.571654498577118]",[],"[[""jitter"", ""grayscale""], [""blur""]]"
off,0,1,P,95,4,243.95492626354098,60.988731565885246,"[40.52015650086105, 18.783906707540154]",[],"[[""jitter"", ""grayscale""], [""blur""]]"
off,0,1,P,96,4,215.0622559711337,53.76556399278343,"[31.29104129038751, 20.764729473739862]",[],"[[""jitter"", ""grayscale""], [""blur""]]"
off,0,1,P,97,4,224.26520893350244,56.06630223337561,"[37.242748541757464, 17.361130798235536]",[],"[[""jitter"", ""grayscale""], [""blur""]]"
off,0,1,P,98,4,217.2230640426278,54.30576601065695,"[35.50352179445326, 17.18484959565103]",[],"[[""jitter"", ""grayscale""], [""blur""]]"
off,0,1,P,99,4,246.39016203582287,61.59754050895572,"[40.80026317387819, 19.234975683502853]",[],"[[""jitter"", ""grayscale""], [""blur""]]"
off,0,2,F,0,4,162.52930229529738,40.632325573824346,[39.589268737472594],[],"[[""jitter"", ""grayscale"", ""blur""]]"
off,0,2,F,1,4,172.27276973426342,43.068192433565855,[42.19618521165103],[],"[[""jitter"", ""grayscale"", ""blur""]]"
off,0,2,F,2,4,147.1832860261202,36.79582150653005,[35.94167693518102],[],"[[""jitter"", ""grayscale"", ""blur""]]"
off,0,2,F,3,4,125.84404926747084,31.46101231686771,[30.602973769418895],[],"[[""jitter"", ""grayscale"", ""blur""]]"
off,0,2,F,4,4,127.0919144153595,31.772978603839874,[30.9030954958871],[],"[[""jitter"", ""grayscale"", ""blur""]]"
off,0,2,F,5,4,114.86292397603393,28.71573099400848,[27.731067850254476],[],"[[""jitter"", ""grayscale"", ""blur""]]"
off,0,2,F,6,4,112.77250805869699,28.193127014674246,[27.337817708030343],[],"[[""jitter"", ""grayscale"", ""blur""]]"
off,0,2,F,7,4,109.75595423951745,27.438988559879363,[26.573073002509773],[],"[[""jitter"", ""grayscale"", ""blur""]]"
off,0,2,F,8,4,136.78253022953868,34.19563255738467,[33.3174787228927],[],"[[""jitter"", ""grayscale"", ""blur""]]"
off,0,2,F,9,4,132.10198795422912,33.02549698855728,[32.083994476124644],[],"[[""jitter"", ""grayscale"", ""blur""]]"
off,0,2,F,10,4,137.52504996955395,34.38126249238849,[33.52041740436107],[],"[[""jitter"", ""grayscale"", ""blur""]]"
off,0,2,F,11,4,132.66239734366536,33.16559933591634,[32.27333293762058],[],"[[""jitter"", ""grayscale"", ""blur""]]"
off,0,2,F,12,4,120.57565618306398,30.143914045765996,[29.27912725135684],[],"[[""jitter"", ""grayscale"", ""blur""]]"
off,0,2,F,13,4,129.41629206761718,32.354073016904294,[31.48321050684899],[],"[[""jitter"", ""grayscale"", ""blur""]]"
off,0,2,F,14,4,125.55041769519448,31.38760442379862,[30.49377945717424],[],"[[""jitter"", ""grayscale"", ""blur""]]"
off,0,2,F,15,4,144.65189492329955,36.16297373082489,[35.20328598096967],[],"[[""jitter"", ""grayscale"", ""blur""]]"
off,0,2,F,16,4,119.97247999534011,29.993119998835027,[29.128761729225516],[],"[[""jitter"", ""grayscale"", ""blur""]]"
off,0,2,F,17,4,133.79504438489676,33.44876109622419,[32.59414527565241],[],"[[""jitter"", ""grayscale"", ""blur""]]"
off,0,2,F,18,4,129.0831221267581,32.270780531689525,[31.311245053075254],[],"[[""jitter"", ""grayscale"", ""blur""]]"
off,0,2,F,19,4,131.45599933341146,32.863999833352864,[31.99825552292168],[],"[[""jitter"", ""grayscale"", ""blur""]]"
off,0,2,F,20,4,115.93909515067935,28.984773787669837,[27.974792756140232],[],"[[""jitter"", ""grayscale"", ""blur""]]"
off,0,2,F,21,4,128.63984797149897,32.15996199287474,[31.184388673864305],[],"[[""jitter"", ""grayscale"", ""blur""]]"
off,0,2,F,22,4,142.05932896584272,35.51483224146068,[34.66116124764085],[],"[[""jitter"", ""grayscale"", ""blur""]]"
off,0,2,F,23,4,128.6542061716318,32.16355154290795,[31.309913960285485],[],"[[""jitter"", ""grayscale"", ""blur""]]"
off,0,2,F,24,4,118.39786171913147,29.599465429782867,[28.706259559839964],[],"[[""jitter"", ""grayscale"", ""blur""]]"
off,0,2,F,25,4,121.69850803911686,30.424627009779215,[29.557352070696652],[],"[[""jitter"", ""grayscale"", ""blur""]]"
off,0,2,F,26,4,141.526629216969,35.38165730424225,[34.524601651355624],[],"[[""jitter"", ""grayscale"", ""blur""]]"
off,0,2,F,27,4,131.10729400068521,32.776823500171304,[31.866412493400276],[],"[[""jitter"", ""grayscale"", ""blur""]]"
off,0,2,F,28,4,120.9330027922988,30.2332506980747,[29.35688232537359],[],"[[""jitter"", ""grayscale"", ""blur""]]"
off,0,2,F,29,4,139.99557169154286,34.998892922885716,[34.13245000410825],[],"[[""jitter"", ""grayscale"", ""blur""]]"
off,0,2,F,30,4,132.43217673152685,33.10804418288171,[32.24683355074376],[],"[[""jitter"", ""grayscale"", ""blur""]]"
off,0,2,F,31,4,132.57361389696598,33.143403474241495,[32.29847957845777],[],"[[""jitter"", ""grayscale"", ""blur""]]"
off,0,2,F,32,4,139.68692580237985,34.92173145059496,[34.05815735459328],[],"[[""jitter"", ""grayscale"", ""blur""]]"
off,0,2,F,33,4,137.27569207549095,34.31892301887274,[33.45548175275326],[],"[[""jitter"", ""grayscale"", ""blur""]]"
off,0,2,F,34,4,126.23217608779669,31.558044021949172,[30.689957784488797],[],"[[""jitter"", ""grayscale"", ""blur""]]"
off,0,2,F,35,4,128.24354087933898,32.060885219834745,[31.17686475161463],[],"[[""jitter"", ""grayscale"", ""blur""]]"
off,0,2,F,36,4,134.71920602023602,33.679801505059004,[32.79189846944064],[],"[[""jitter"", ""grayscale"", ""blur""]]"
off,0,2,F,37,4,136.4449388347566,34.11123470868915,[33.15881849266589],[],"[[""jitter"", ""grayscale"", ""blur""]]"
off,0,2,F,38,4,134.41846380010247,33.60461595002562,[32.73405076470226],[],"[[""jitter"", ""grayscale"", ""blur""]]"
off,0,2,F,39,4,148.19285087287426,37.048212718218565,[36.19465127121657],[],"[[""jitter"", ""grayscale"", ""blur""]]"
off,0,2,F,40,4,142.68118981271982,35.670297453179955,[34.72063899971545],[],"[[""jitter"", ""grayscale"", ""blur""]]"
off,0,2,F,41,4,118.3104170486331,29.577604262158275,[28.59413344413042],[],"[[""jitter"", ""grayscale"", ""blur""]]"
off,0,2,F,42,4,125.35639526322484,31.33909881580621,[30.468849930912256],[],"[[""jitter"", ""grayscale"", ""blur""]]"
off,0,2,F,43,4,116.64143670350313,29.160359175875783,[28.2943663187325],[],"[[""jitter"", ""grayscale"", ""blur""]]"
off,0,2,F,44,4,126.93239329382777,31.733098323456943,[30.77595599461347],[],"[[""jitter"", ""grayscale"", ""blur""]]"
off,0,2,F,45,4,127.02790601179004,31.75697650294751,[30.865885433740914],[],"[[""jitter"", ""grayscale"", ""blur""]]"
off,0,2,F,46,4,143.92258180305362,35.980645450763404,[35.14260274823755],[],"[[""jitter"", ""grayscale"", ""blur""]]"
off,0,2,F,47,4,134.1628418304026,33.54071045760065,[32.58053842000663],[],"[[""jitter"", ""grayscale"", ""blur""]]"
off,0,2,F,48,4,128.93906701356173,32.23476675339043,[31.379603780806065],[],"[[""jitter"", ""grayscale"", ""blur""]]"
off,0,2,F,49,4,135.19518775865436,33.79879693966359,[32.92762173805386],[],"[[""jitter"", ""grayscale"", ""blur""]]"
off,0,2,F,50,4,111.80949304252863,27.952373260632157,[27.070792042650282],[],"[[""jitter"", ""grayscale"", ""blur""]]"
off,0,2,F,51,4,120.84071058779955,30.210177646949887,[29.26474146079272],[],"[[""jitter"", ""grayscale"", ""blur""]]"
off,0,2,F,52,4,121.0334007628262,30.25835019070655,[29.305477743037045],[],"[[""jitter"", ""grayscale"", ""blur""]]"
off,0,2,F,53,4,113.28496504575014,28.321241261437535,[27.4566215230152],[],"[[""jitter"", ""grayscale"", ""blur""]]"
off,0,2,F,54,4,113.95971290767193,28.489928226917982,[27.63767004944384],[],"[[""jitter"", ""grayscale"", ""blur""]]"
off,0,2,F,55,4,119.03734784573317,29.75933696143329,[28.82685570511967],[],"[[""jitter"", ""grayscale"", ""blur""]]"
off,0,2,F,56,4,106.92145302891731,26.730363257229328,[25.87939752265811],[],"[[""jitter"", ""grayscale"", ""blur""]]"
off,0,2,F,57,4,117.22126184031367,29.30531546007842,[28.44510553404689],[],"[[""jitter"", ""grayscale"", ""blur""]]"
off,0,2,F,58,4,121.62712123245001,30.406780308112502,[29.54635419882834],[],"[[""jitter"", ""grayscale"", ""blur""]]"
off,0,2,F,59,4,126.5882053412497,31.647051335312426,[30.766198527999222],[],"[[""jitter"", ""grayscale"", ""blur""]]"
off,0,2,F,60,4,117.46704112738371,29.366760281845927,[28.455451014451683],[],"[[""jitter"", ""grayscale"", ""blur""]]"
off,0,2,F,61,4,144.03793402016163,36.00948350504041,[35.049703787080944],[],"[[""jitter"", ""grayscale"", ""blur""]]"
off,0,2,F,62,4,123.33635613322258,30.834089033305645,[29.972128686495125],[],"[[""jitter"", ""grayscale"", ""blur""]]"
off,0,2,F,63,4,124.82904503121972,31.20726125780493,[30.344119062647223],[],"[[""jitter"", ""grayscale"", ""blur""]]"
off,0,2,F,64,4,128.5215588286519,32.130389707162976,[31.27774817403406],[],"[[""jitter"", ""grayscale"", ""blur""]]"
off,0,2,F,65,4,126.2998036108911,31.574950902722776,[30.713916989043355],[],"[[""jitter"", ""grayscale"", ""blur""]]"
off,0,2,F,66,4,130.3965779952705,32.59914449881762,[31.749019166454673],[],"[[""jitter"", ""grayscale"", ""blur""]]"
off,0,2,F,67,4,127.32366379350424,31.83091594837606,[30.901346472091973],[],"[[""jitter"", ""grayscale"", ""blur""]]"
off,0,2,F,68,4,149.98400211334229,37.49600052833557,[36.60891950130463],[],"[[""jitter"", ""grayscale"", ""blur""]]"
off,0,2,F,69,4,130.92024018988013,32.73006004747003,[31.868259771727026],[],"[[""jitter"", ""grayscale"", ""blur""]]"
off,0,2,F,70,4,125.07860781624913,31.269651954062283,[30.39655403699726],[],"[[""jitter"", ""grayscale"", ""blur""]]"
off,0,2,F,71,4,129.56046499311924,32.39011624827981,[31.51906270068139],[],"[[""jitter"", ""grayscale"", ""blur""]]"
off,0,2,F,72,4,124.52960107475519,31.132400268688798,[30.27312201447785],[],"[[""jitter"", ""grayscale"", ""blur""]]"
off,0,2,F,73,4,120.76048273593187,30.19012068398297,[29.305031057447195],[],"[[""jitter"", ""grayscale"", ""blur""]]"
off,0,2,F,74,4,114.03346294537187,28.508365736342967,[27.545075281523168],[],"[[""jitter"", ""grayscale"", ""blur""]]"
off,0,2,F,75,4,137.14902009814978,34.287255024537444,[33.427177695557475],[],"[[""jitter"", ""grayscale"", ""blur""]]"
off,0,2,F,76,4,142.39065116271377,35.59766279067844,[34.61643250193447],[],"[[""jitter"", ""grayscale"", ""blur""]]"
off,0,2,F,77,4,124.47590101510286,31.118975253775716,[30.24671773891896],[],"[[""jitter"", ""grayscale"", ""blur""]]"
off,0,2,F,78,4,124.96230378746986,31.240575946867466,[30.37363779731095],[],"[[""jitter"", ""grayscale"", ""blur""]]"
off,0,2,F,79,4,125.31042890623212,31.32760722655803,[30.42008774355054],[],"[[""jitter"", ""grayscale"", ""blur""]]"
off,0,2,F,80,4,131.20093988254666,32.800234970636666,[31.82004054542631],[],"[[""jitter"", ""grayscale"", ""blur""]]"
off,0,2,F,81,4,129.40778257325292,32.35194564331323,[31.490062014199793],[],"[[""jitter"", ""grayscale"", ""blur""]]"
off,0,2,F,82,4,149.25225218757987,37.31306304689497,[36.44392569549382],[],"[[""jitter"", ""grayscale"", ""blur""]]"
off,0,2,F,83,4,134.68561274930835,33.67140318732709,[32.79304725583643],[],"[[""jitter"", ""grayscale"", ""blur""]]"
off,0,2,F,84,4,131.76448829472065,32.94112207368016,[31.983571243472397],[],"[[""jitter"", ""grayscale"", ""blur""]]"
off,0,2,F,85,4,120.07930595427752,30.01982648856938,[29.138332698494196],[],"[[""jitter"", ""grayscale"", ""blur""]]"
off,0,2,F,86,4,112.19204496592283,28.048011241480708,[27.102576568722725],[],"[[""jitter"", ""grayscale"", ""blur""]]"
off,0,2,F,87,4,123.48298029974103,30.870745074935257,[30.01396614126861],[],"[[""jitter"", ""grayscale"", ""blur""]]"
off,0,2,F,88,4,116.24914687126875,29.062286717817187,[28.186021256260574],[],"[[""jitter"", ""grayscale"", ""blur""]]"
off,0,2,F,89,4,167.30086784809828,41.82521696202457,[40.96468864008784],[],"[[""jitter"", ""grayscale"", ""blur""]]"
off,0,2,F,90,4,128.53326415643096,32.13331603910774,[31.260253279469907],[],"[[""jitter"", ""grayscale"", ""blur""]]"
off,0,2,F,91,4,132.12596904486418,33.031492261216044,[32.1718625491485],[],"[[""jitter"", ""grayscale"", ""blur""]]"
off,0,2,F,92,4,109.28203398361802,27.320508495904505,[26.366824517026544],[],"[[""jitter"", ""grayscale"", ""blur""]]"
off,0,2,F,93,4,117.93759418651462,29.484398546628654,[28.615309740416706],[],"[[""jitter"", ""grayscale"", ""blur""]]"
off,0,2,F,94,4,132.74191180244088,33.18547795061022,[32.31113706715405],[],"[[""jitter"", ""grayscale"", ""blur""]]"
off,0,2,F,95,4,124.85890416428447,31.214726041071117,[30.367545085027814],[],"[[""jitter"", ""grayscale"", ""blur""]]"
off,0,2,F,96,4,147.05596631392837,36.76399157848209,[35.80813726875931],[],"[[""jitter"", ""grayscale"", ""blur""]]"
off,0,2,F,97,4,132.72919366136193,33.18229841534048,[32.32958319131285],[],"[[""jitter"", ""grayscale"", ""blur""]]"
off,0,2,F,98,4,130.1763951778412,32.5440987944603,[31.674336991272867],[],"[[""jitter"", ""grayscale"", ""blur""]]"
off,0,2,F,99,4,131.79010711610317,32.94752677902579,[32.08063915371895],[],"[[""jitter"", ""grayscale"", ""blur""]]"
off,1,0,P,0,4,178.45497792586684,44.61374448146671,"[27.43037324398756, 15.70216496475041]",[],"[[""jitter"", ""grayscale""], [""blur""]]"
off,1,0,P,1,4,188.60226962715387,47.15056740678847,"[30.815052799880505, 14.698910526931286]",[],"[[""jitter"", ""grayscale""], [""blur""]]"
off,1,0,P,2,4,212.44956692680717,53.11239173170179,"[34.44303816650063, 16.92683098372072]",[],"[[""jitter"", ""grayscale""], [""blur""]]"
off,1,0,P,3,4,184.4302248209715,46.10755620524287,"[31.030939077027142, 13.289769762195647]",[],"[[""jitter"", ""grayscale""], [""blur""]]"
off,1,0,P,4,4,172.0209871418774,43.00524678546935,"[29.208222054876387, 12.318887980654836]",[],"[[""jitter"", ""grayscale""], [""blur""]]"
off,1,0,P,5,4,190.91495778411627,47.72873944602907,"[28.540769475512207, 17.58856966625899]",[],"[[""jitter"", ""grayscale""], [""blur""]]"
off,1,0,P,6,4,192.95443687587976,48.23860921896994,"[29.636950348503888, 16.819786513224244]",[],"[[""jitter"", ""grayscale""], [""blur""]]"
off,1,0,P,7,4,211.9621029123664,52.9905257280916,"[35.86406400427222, 15.575493569485843]",[],"[[""jitter"", ""grayscale""], [""blur""]]"
off,1,0,P,8,4,197.6947207003832,49.4236801750958,"[32.36206155270338, 15.288022230379283]",[],"[[""jitter"", ""grayscale""], [""blur""]]"
off,1,0,P,9,4,193.54363065212965,48.38590766303241,"[31.257899245247245, 15.679694944992661]",[],"[[""jitter"", ""grayscale""], [""blur""]]"
off,1,0,P,10,4,184.611429926008,46.152857481502,"[29.852560837753117, 14.726329012773931]",[],"[[""jitter"", ""grayscale""], [""blur""]]"
off,1,0,P,11,4,203.35653610527515,50.83913402631879,"[30.92536050826311, 18.2428132975474]",[],"[[""jitter"", ""grayscale""], [""blur""]]"
off,1,0,P,12,4,198.08217696845531,49.52054424211383,"[31.785315950401127, 16.129951807670295]",[],"[[""jitter"", ""grayscale""], [""blur""]]"
off,1,0,P,13,4,201.60227688029408,50.40056922007352,"[30.443680938333273, 17.703393707051873]",[],"[[""jitter"", ""grayscale""], [""blur""]]"
off,1,0,P,14,4,201.19490008801222,50.298725022003055,"[31.21463826391846, 17.259227228350937]",[],"[[""jitter"", ""grayscale""], [""blur""]]"
off,1,0,P,15,4,195.75507333502173,48.938768333755434,"[33.055525505915284, 14.270477229729295]",[],"[[""jitter"", ""grayscale""], [""blur""]]"
off,1,0,P,16,4,214.19660095125437,53.54915023781359,"[35.10161046870053, 16.974699799902737]",[],"[[""jitter"", ""grayscale""], [""blur""]]"
off,1,0,P,17,4,190.4639252461493,47.615981311537325,"[31.780657940544188, 14.362150803208351]",[],"[[""jitter"", ""grayscale""], [""blur""]]"
off,1,0,P,18,4,193.53149784728885,48.38287446182221,"[31.806273735128343, 14.952825498767197]",[],"[[""jitter"", ""grayscale""], [""blur""]]"
off,1,0,P,19,4,196.0618062876165,49.01545157190412,"[31.7306665237993, 15.570458956062794]",[],"[[""jitter"", ""grayscale""], [""blur""]]"
off,1,0,P,20,4,193.70735390111804,48.42683847527951,"[30.786869814619422, 15.92458097729832]",[],"[[""jitter"", ""grayscale""], [""blur""]]"
off,1,0,P,21,4,143.20549415424466,35.801373538561165,"[20.75341751333326, 13.348846463486552]",[],"[[""jitter"", ""grayscale""], [""blur""]]"
off,1,0,P,22,4,190.90242683887482,47.725606709718704,"[29.8843759810552, 16.145569505169988]",[],"[[""jitter"", ""grayscale""], [""blur""]]"
off,1,0,P,23,4,189.8141368292272,47.4535342073068,"[29.967845766805112, 15.758832450956106]",[],"[[""jitter"", ""grayscale""], [""blur""]]"
off,1,0,P,24,4,200.71764197200537,50.17941049300134,"[33.09249156154692, 15.619796002283692]",[],"[[""jitter"", ""grayscale""], [""blur""]]"
off,1,0,P,25,4,196.915733627975,49.22893340699375,"[28.98950851522386, 18.7765242299065]",[],"[[""jitter"", ""grayscale""], [""blur""]]"
off,1,0,P,26,4,205.8222070336342,51.45555175840855,"[32.09224995225668, 17.472435487434268]",[],"[[""jitter"", ""grayscale""], [""blur""]]"
off,1,0,P,27,4,204.77949501946568,51.19487375486642,"[30.266491579823196, 19.454999244771898]",[],"[[""jitter"", ""grayscale""], [""blur""]]"
off,1,0,P,28,4,191.91550789400935,47.97887697350234,"[30.361598823219538, 16.107341274619102]",[],"[[""jitter"", ""grayscale""], [""blur""]]"
off,1,0,P,29,4,189.472499769181,47.36812494229525,"[29.82038678601384, 15.64791426062584]",[],"[[""jitter"", ""grayscale""], [""blur""]]"
off,1,0,P,30,4,215.38633108139038,53.846582770347595,"[35.89504968840629, 16.07357000466436]",[],"[[""jitter"", ""grayscale""], [""blur""]]"
off,1,0,P,31,4,172.877776902169,43.21944422554225,"[28.018800192512572, 13.721253257244825]",[],"[[""jitter"", ""grayscale""], [""blur""]]"
off,1,0,P,32,4,192.02353805303574,48.005884513258934,"[30.08300845976919, 16.432068776339293]",[],"[[""jitter"", ""grayscale""], [""blur""]]"
off,1,0,P,33,4,195.38416201248765,48.84604050312191,"[30.608252971433103, 16.2703525274992]",[],"[[""jitter"", ""grayscale""], [""blur""]]"
off,1,0,P,34,4,201.60913420841098,50.402283552102745,"[30.82511224783957, 18.096772488206625]",[],"[[""jitter"", ""grayscale""], [""blur""]]"
off,1,0,P,35,4,194.1802971996367,48.545074299909174,"[31.11242048908025, 15.862765838392079]",[],"[[""jitter"", ""grayscale""], [""blur""]]"
off,1,0,P,36,4,199.62977012619376,49.90744253154844,"[30.300546204671264, 18.004505895078182]",[],"[[""jitter"", ""grayscale""], [""blur""]]"
off,1,0,P,37,4,215.54383914917707,53.88595978729427,"[37.060503964312375, 15.277518308721483]",[],"[[""jitter"", ""grayscale""], [""blur""]]"
off,1,0,P,38,4,190.13823103159666,47.534557757899165,"[31.56912699341774, 14.34214401524514]",[],"[[""jitter"", ""grayscale""], [""blur""]]"
off,1,0,P,39,4,189.8079621605575,47.45199054013938,"[30.461722053587437, 15.370067674666643]",[],"[[""jitter"", ""grayscale""], [""blur""]]"
off,1,0,P,40,4,198.92955431714654,49.732388579286635,"[31.888477969914675, 16.34084025863558]",[],"[[""jitter"", ""grayscale""], [""blur""]]"
off,1,0,P,41,4,207.66393886879086,51.915984717197716,"[30.72096372488886, 19.615860073827207]",[],"[[""jitter"", ""grayscale""], [""blur""]]"
off,1,0,P,42,4,200.31656371429563,50.079140928573906,"[31.50306874886155, 17.105945735238492]",[],"[[""jitter"", ""grayscale""], [""blur""]]"
off,1,0,P,43,4,205.23355389013886,51.308388472534716,"[29.594122781418264, 20.061517949216068]",[],"[[""jitter"", ""grayscale""], [""blur""]]"
off,1,0,P,44,4,194.77330008521676,48.69332502130419,"[30.42372700292617, 16.689107520505786]",[],"[[""jitter"", ""grayscale""], [""blur""]]"
off,1,0,P,45,4,202.91975606232882,50.729939015582204,"[31.12412814516574, 17.936897347681224]",[],"[[""jitter"", ""grayscale""], [""blur""]]"
off,1,0,P,46,4,212.393072899431,53.09826822485775,"[35.655795712955296, 15.87685476988554]",[],"[[""jitter"", ""grayscale""], [""blur""]]"
off,1,0,P,47,4,188.00540687516332,47.00135171879083,"[30.18571122083813, 15.22359298542142]",[],"[[""jitter"", ""grayscale""], [""blur""]]"
off,1,0,P,48,4,191.2675672210753,47.816891805268824,"[28.937735012732446, 17.132143257185817]",[],"[[""jitter"", ""grayscale""], [""blur""]]"
off,1,0,P,49,4,196.20414078235626,49.051035195589066,"[31.594313448294997, 15.847795060835779]",[],"[[""jitter"", ""grayscale""], [""blur""]]"
off,1,0,P,50,4,206.10569091513753,51.52642272878438,"[31.47116769105196, 18.305021221749485]",[],"[[""jitter"", ""grayscale""], [""blur""]]"
off,1,0,P,51,4,193.55470035225153,48.38867508806288,"[29.627398820593953, 17.296417499892414]",[],"[[""jitter"", ""grayscale""], [""blur""]]"
off,1,0,P,52,4,206.93744998425245,51.73436249606311,"[28.56435568537563, 21.55246597249061]",[],"[[""jitter"", ""grayscale""], [""blur""]]"
off,1,0,P,53,4,192.6692039705813,48.16730099264532,"[29.995058779604733, 16.702799941413105]",[],"[[""jitter"", ""grayscale""], [""blur""]]"
off,1,0,P,54,4,204.86065419390798,51.215163548476994,"[31.764784711413085, 17.975146300159395]",[],"[[""jitter"", ""grayscale""], [""blur""]]"
off,1,0,P,55,4,208.30231998115778,52.075579995289445,"[34.610622795298696, 15.776242944411933]",[],"[[""jitter"", ""grayscale""], [""blur""]]"
off,1,0,P,56,4,187.9792669788003,46.994816744700074,"[30.495921499095857, 14.781104982830584]",[],"[[""jitter"", ""grayscale""], [""blur""]]"
off,1,0,P,57,4,191.09594635665417,47.77398658916354,"[31.028451048769057, 15.073083224706352]",[],"[[""jitter"", ""grayscale""], [""blur""]]"
off,1,0,P,58,4,196.1917681619525,49.047942040488124,"[30.976877780631185, 16.43567346036434]",[],"[[""jitter"", ""grayscale""], [""blur""]]"
off,1,0,P,59,4,210.9238370321691,52.730959258042276,"[30.701199313625693, 20.439790678210557]",[],"[[""jitter"", ""grayscale""], [""blur""]]"
off,1,0,P,60,4,205.1478112116456,51.2869528029114,"[33.509834320284426, 16.166778281331062]",[],"[[""jitter"", ""grayscale""], [""blur""]]"
off,1,0,P,61,4,198.70674470439553,49.67668617609888,"[27.813155320473015, 20.220709731802344]",[],"[[""jitter"", ""grayscale""], [""blur""]]"
off,1,0,P,62,4,189.06322307884693,47.26580576971173,"[29.929709271527827, 15.765667078085244]",[],"[[""jitter"", ""grayscale""], [""blur""]]"
off,1,0,P,63,4,190.91535406187177,47.72883851546794,"[29.02086323592812, 17.060873098671436]",[],"[[""jitter"", ""grayscale""], [""blur""]]"
off,1,0,P,64,4,217.55176922306418,54.387942305766046,"[36.96368646342307, 15.812129015102983]",[],"[[""jitter"", ""grayscale""], [""blur""]]"
off,1,0,P,65,4,189.650550018996,47.412637504749,"[29.286440229043365, 16.562742996029556]",[],"[[""jitter"", ""grayscale""], [""blur""]]"
off,1,0,P,66,4,191.02552998811007,47.756382497027516,"[30.476003768853843, 15.621632453985512]",[],"[[""jitter"", ""grayscale""], [""blur""]]"
off,1,0,P,67,4,189.8778397589922,47.46945993974805,"[30.852727708406746, 15.024288673885167]",[],"[[""jitter"", ""grayscale""], [""blur""]]"
off,1,0,P,68,4,209.1162190772593,52.279054769314826,"[31.768885790370405, 19.005696172825992]",[],"[[""jitter"", ""grayscale""], [""blur""]]"
off,1,0,P,69,4,197.7268559858203,49.43171399645507,"[31.10305906739086, 16.72281906940043]",[],"[[""jitter"", ""grayscale""], [""blur""]]"
off,1,0,P,70,4,218.2385860942304,54.5596465235576,"[30.709630926139653, 22.16179808601737]",[],"[[""jitter"", ""grayscale""], [""blur""]]"
off,1,0,P,71,4,195.31125389039516,48.82781347259879,"[30.272445059381425, 17.082012724131346]",[],"[[""jitter"", ""grayscale""], [""blur""]]"
off,1,0,P,72,4,219.41999811679125,54.85499952919781,"[32.62566030025482, 20.715287304483354]",[],"[[""jitter"", ""grayscale""], [""blur""]]"
off,1,0,P,73,4,200.24577109143138,50.061442772857845,"[30.755808227695525, 17.78178324457258]",[],"[[""jitter"", ""grayscale""], [""blur""]]"
off,1,0,P,74,4,190.31789200380445,47.57947300095111,"[31.327223288826644, 14.484749990515411]",[],"[[""jitter"", ""grayscale""], [""blur""]]"
off,1,0,P,75,4,200.2211851067841,50.055296276696026,"[31.87480103224516, 16.509606270119548]",[],"[[""jitter"", ""grayscale""], [""blur""]]"
off,1,0,P,76,4,196.60517806187272,49.15129451546818,"[32.84400701522827, 14.84280196018517]",[],"[[""jitter"", ""grayscale""], [""blur""]]"
off,1,0,P,77,4,200.00435272231698,50.001088180579245,"[31.21014346834272, 17.214772407896817]",[],"[[""jitter"", ""grayscale""], [""blur""]]"
off,1,0,P,78,4,198.5794329084456,49.6448582271114,"[30.2825637627393, 17.59354944806546]",[],"[[""jitter"", ""grayscale""], [""blur""]]"
off,1,0,P,79,4,208.02823593840003,52.00705898460001,"[29.647071729414165, 20.767158828675747]",[],"[[""jitter"", ""grayscale""], [""blur""]]"
off,1,0,P,80,4,189.8660520091653,47.46651300229132,"[28.714121785014868, 17.001519678160548]",[],"[[""jitter"", ""grayscale""], [""blur""]]"
off,1,0,P,81,4,192.8704553283751,48.217613832093775,"[28.03246770054102, 18.46191950608045]",[],"[[""jitter"", ""grayscale""], [""blur""]]"
off,1,0,P,82,4,218.78471411764622,54.696178529411554,"[35.56481981649995, 17.630974063649774]",[],"[[""jitter"", ""grayscale""], [""blur""]]"
off,1,0,P,83,4,189.29616082459688,47.32404020614922,"[29.56956101115793, 16.124154208227992]",[],"[[""jitter"", ""grayscale""], [""blur""]]"
off,1,0,P,84,4,194.58210794255137,48.645526985637844,"[31.58141497988254, 15.468776575289667]",[],"[[""jitter"", ""grayscale""], [""blur""]]"
off,1,0,P,85,4,186.4870428107679,46.62176070269197,"[29.17508443351835, 15.692895976826549]",[],"[[""jitter"", ""grayscale""], [""blur""]]"
off,1,0,P,86,4,201.4185250736773,50.354631268419325,"[29.03997094836086, 19.618671154603362]",[],"[[""jitter"", ""grayscale""], [""blur""]]"
off,1,0,P,87,4,191.75672996789217,47.93918249197304,"[30.747003271244466, 15.585070475935936]",[],"[[""jitter"", ""grayscale""], [""blur""]]"
off,1,0,P,88,4,201.8046542070806,50.45116355177015,"[31.935387523844838, 16.940684407018125]",[],"[[""jitter"", ""grayscale""], [""blur""]]"
off,1,0,P,89,4,203.92822660505772,50.98205665126443,"[30.898086493834853, 18.51238450035453]",[],"[[""jitter"", ""grayscale""], [""blur""]]"
off,1,0,P,90,4,194.21019637957215,48.55254909489304,"[30.702981748618186, 16.24875352717936]",[],"[[""jitter"", ""grayscale""], [""blur""]]"
off,1,0,P,91,4,205.00339614227414,51.250849035568535,"[33.45741797238588, 16.21513324789703]",[],"[[""jitter"", ""grayscale""], [""blur""]]"
off,1,0,P,92,4,200.41890256106853,50.104725640267134,"[33.11156400013715, 15.496996929869056]",[],"[[""jitter"", ""grayscale""], [""blur""]]"
off,1,0,P,93,4,190.91200083494186,47.728000208735466,"[31.219708966091275, 14.799676253460348]",[],"[[""jitter"", ""grayscale""], [""blur""]]"
off,1,0,P,94,4,191.63710810244083,47.90927702561021,"[30.373723013326526, 15.911639435216784]",[],"[[""jitter"", ""grayscale""], [""blur""]]"
off,1,0,P,95,4,197.1025480888784,49.2756370222196,"[27.040040935389698, 20.599905168637633]",[],"[[""jitter"", ""grayscale""], [""blur""]]"
off,1,0,P,96,4,180.33671705052257,45.08417926263064,"[28.02651922684163, 15.585906221531332]",[],"[[""jitter"", ""grayscale""], [""blur""]]"
off,1,0,P,97,4,182.80398286879063,45.70099571719766,"[29.34886794537306, 14.880114002153277]",[],"[[""jitter"", ""grayscale""], [""blur""]]"
off,1,0,P,98,4,217.41177001968026,54.352942504920065,"[36.60916199441999, 15.708796330727637]",[],"[[""jitter"", ""grayscale""], [""blur""]]"
off,1,0,P,99,4,193.27818136662245,48.31954534165561,"[30.61820555012673, 16.034712200053036]",[],"[[""jitter"", ""grayscale""], [""blur""]]"
off,1,1,U,0,4,257.6762503013015,64.41906257532537,"[31.0390597442165, 13.489194214344025, 17.36548449844122]",[],"[[""jitter""], [""grayscale""], [""blur""]]"
off,1,1,U,1,4,253.17967403680086,63.294918509200215,"[29.533611494116485, 14.82762978412211, 16.204225015826523]",[],"[[""jitter""], [""grayscale""], [""blur""]]"
off,1,1,U,2,4,283.7409540079534,70.93523850198835,"[32.18921704683453, 15.887855435721576, 19.95567826088518]",[],"[[""jitter""], [""grayscale""], [""blur""]]"
off,1,1,U,3,4,260.16494911164045,65.04123727791011,"[29.135488788597286, 13.794593047350645, 19.660920253954828]",[],"[[""jitter""], [""grayscale""], [""blur""]]"
off,1,1,U,4,4,262.5304921530187,65.63262303825468,"[30.398332281038165, 15.790198929607868, 16.70243951957673]",[],"[[""jitter""], [""grayscale""], [""blur""]]"
off,1,1,U,5,4,270.5438700504601,67.63596751261503,"[27.230140287429094, 17.220795270986855, 20.570438005961478]",[],"[[""jitter""], [""grayscale""], [""blur""]]"
off,1,1,U,6,4,254.18530963361263,63.54632740840316,"[28.499087202362716, 15.856429585255682, 16.754187759943306]",[],"[[""jitter""], [""grayscale""], [""blur""]]"
off,1,1,U,7,4,265.3431468643248,66.3357867160812,"[26.10925049521029, 20.076440763659775, 17.449597013182938]",[],"[[""jitter""], [""grayscale""], [""blur""]]"
off,1,1,U,8,4,245.15221314504743,61.28805328626186,"[29.13855796214193, 14.343776158057153, 15.18828677944839]",[],"[[""jitter""], [""grayscale""], [""blur""]]"
off,1,1,U,9,4,270.1108050532639,67.52770126331598,"[29.07288947608322, 17.80740451067686, 18.01965746562928]",[],"[[""jitter""], [""grayscale""], [""blur""]]"
off,1,1,U,10,4,242.25411005318165,60.56352751329541,"[27.097683283500373, 14.937092550098896, 16.071497811935842]",[],"[[""jitter""], [""grayscale""], [""blur""]]"
off,1,1,U,11,4,245.3173161484301,61.32932903710753,"[29.290113830938935, 13.280898216180503, 16.245301463641226]",[],"[[""jitter""], [""grayscale""], [""blur""]]"
off,1,1,U,12,4,247.5653039291501,61.891325982287526,"[27.780622011050582, 15.571463736705482, 15.747256227768958]",[],"[[""jitter""], [""grayscale""], [""blur""]]"
off,1,1,U,13,4,261.1438608728349,65.28596521820873,"[29.624293791130185, 14.224260812625289, 18.92630651127547]",[],"[[""jitter""], [""grayscale""], [""blur""]]"
off,1,1,U,14,4,241.69658729806542,60.424146824516356,"[27.076538768596947, 14.484919956885278, 16.20845217257738]",[],"[[""jitter""], [""grayscale""], [""blur""]]"
off,1,1,U,15,4,250.24168472737074,62.560421181842685,"[29.3656752910465, 12.530633015558124, 18.17934901919216]",[],"[[""jitter""], [""grayscale""], [""blur""]]"
off,1,1,U,16,4,239.1985496506095,59.79963741265237,"[27.41837000939995, 13.910793233662844, 15.961724566295743]",[],"[[""jitter""], [""grayscale""], [""blur""]]"
off,1,1,U,17,4,257.7536008320749,64.43840020801872,"[28.690706007182598, 16.051905695348978, 17.07308553159237]",[],"[[""jitter""], [""grayscale""], [""blur""]]"
off,1,1,U,18,4,235.929352696985,58.98233817424625,"[27.476328425109386, 14.10426979418844, 14.687045942991972]",[],"[[""jitter""], [""grayscale""], [""blur""]]"
off,1,1,U,19,4,243.13440266996622,60.783600667491555,"[28.527785907499492, 13.067186810076237, 16.450406285002828]",[],"[[""jitter""], [""grayscale""], [""blur""]]"
off,1,1,U,20,4,256.4638745971024,64.1159686492756,"[28.316354262642562, 14.787872205488384, 18.454395700246096]",[],"[[""jitter""], [""grayscale""], [""blur""]]"
off,1,1,U,21,4,266.92950213328004,66.73237553332001,"[32.18815056607127, 16.261650249361992, 15.850935480557382]",[],"[[""jitter""], [""grayscale""], [""blur""]]"
off,1,1,U,22,4,269.09807370975614,67.27451842743903,"[33.85427803732455, 13.434825232252479, 17.282878747209907]",[],"[[""jitter""], [""grayscale""], [""blur""]]"
off,1,1,U,23,4,277.62502897530794,69.40625724382699,"[31.180978752672672, 16.705006710253656, 18.813451286405325]",[],"[[""jitter""], [""grayscale""], [""blur""]]"
off,1,1,U,24,4,295.5795843154192,73.8948960788548,"[31.643385533243418, 21.553445723839104, 17.84132025204599]",[],"[[""jitter""], [""grayscale""], [""blur""]]"
off,1,1,U,25,4,270.6554620526731,67.66386551316828,"[29.533121269196272, 16.37307577766478, 19.22719378490001]",[],"[[""jitter""], [""grayscale""], [""blur""]]"
off,1,1,U,26,4,267.0498308725655,66.76245771814138,"[32.992063206620514, 13.999348040670156, 17.02838682103902]",[],"[[""jitter""], [""grayscale""], [""blur""]]"
off,1,1,U,27,4,290.85665522143245,72.71416380535811,"[33.22586580179632, 15.409957733936608, 21.45719772670418]",[],"[[""jitter""], [""grayscale""], [""blur""]]"
off,1,1,U,28,4,282.62275690212846,70.65568922553211,"[36.68652742635459, 14.8191835032776, 16.343103139661252]",[],"[[""jitter""], [""grayscale""], [""blur""]]"
off,1,1,U,29,4,270.125525072217,67.53138126805425,"[27.342950808815658, 16.16396615281701, 21.396352676674724]",[],"[[""jitter""], [""grayscale""], [""blur""]]"
off,1,1,U,30,4,250.26777992025018,62.566944980062544,"[27.916193823330104, 14.600169495679438, 17.27018121164292]",[],"[[""jitter""], [""grayscale""], [""blur""]]"
off,1,1,U,31,4,268.64606607705355,67.16151651926339,"[25.074312463402748, 20.922260941006243, 18.665711977519095]",[],"[[""jitter""], [""grayscale""], [""blur""]]"
off,1,1,U,32,4,252.7916501276195,63.197912531904876,"[28.963788296096027, 15.412679174914956, 16.130203497596085]",[],"[[""jitter""], [""grayscale""], [""blur""]]"
off,1,1,U,33,4,255.78641891479492,63.94660472869873,"[30.12118034530431, 14.413148746825755, 16.877608955837786]",[],"[[""jitter""], [""grayscale""], [""blur""]]"
off,1,1,U,34,4,238.46100689843297,59.61525172460824,"[28.54624844621867, 14.257701463066041, 14.26973077468574]",[],"[[""jitter""], [""grayscale""], [""blur""]]"
off,1,1,U,35,4,248.2736329548061,62.06840823870152,"[28.10926816891879, 13.57728778384626, 17.882376560010016]",[],"[[""jitter""], [""grayscale""], [""blur""]]"
off,1,1,U,36,4,250.90059405192733,62.72514851298183,"[27.599962544627488, 16.804581508040428, 15.829854761250317]",[],"[[""jitter""], [""grayscale""], [""blur""]]"
off,1,1,U,37,4,251.0366248898208,62.7591562224552,"[30.06251296028495, 14.230728847905993, 15.54019225295633]",[],"[[""jitter""], [""grayscale""], [""blur""]]"
off,1,1,U,38,4,246.7023222707212,61.6755805676803,"[28.379236813634634, 14.003314427100122, 16.532684676349163]",[],"[[""jitter""], [""grayscale""], [""blur""]]"
off,1,1,U,39,4,256.99637085199356,64.24909271299839,"[30.31818917952478, 13.427121215499938, 17.839563777670264]",[],"[[""jitter""], [""grayscale""], [""blur""]]"
off,1,1,U,40,4,253.6012241616845,63.40030604042113,"[28.70139351580292, 14.712525065988302, 17.368999542668462]",[],"[[""jitter""], [""grayscale""], [""blur""]]"
off,1,1,U,41,4,239.85053459182382,59.962633647955954,"[28.219888103194535, 13.239667750895023, 15.862200758419931]",[],"[[""jitter""], [""grayscale""], [""blur""]]"
off,1,1,U,42,4,243.3307869359851,60.83269673399627,"[28.408896178007126, 13.250767020508647, 16.342968912795186]",[],"[[""jitter""], [""grayscale""], [""blur""]]"
off,1,1,U,43,4,238.8015571050346,59.70038927625865,"[27.7919095242396, 13.764279545284808, 15.494302031584084]",[],"[[""jitter""], [""grayscale""], [""blur""]]"
off,1,1,U,44,4,247.27784795686603,61.81946198921651,"[28.709521517157555, 14.608243713155389, 16.04823605157435]",[],"[[""jitter""], [""grayscale""], [""blur""]]"
off,1,1,U,45,4,249.7625108808279,62.440627720206976,"[29.767664964310825, 14.315895270556211, 16.005168319679797]",[],"[[""jitter""], [""grayscale""], [""blur""]]"
off,1,1,U,46,4,244.60222432389855,61.15055608097464,"[28.59798353165388, 15.521649736911058, 14.24397574737668]",[],"[[""jitter""], [""grayscale""], [""blur""]]"
off,1,1,U,47,4,243.70628595352173,60.92657148838043,"[28.914279188029468, 13.903745566494763, 15.642064274288714]",[],"[[""jitter""], [""grayscale""], [""blur""]]"
off,1,1,U,48,4,239.88863406702876,59.97215851675719,"[27.913722791709006, 14.54336871393025, 15.03419375512749]",[],"[[""jitter""], [""grayscale""], [""blur""]]"
off,1,1,U,49,4,256.4711212180555,64.11778030451387,"[29.257386224344373, 13.726566918194294, 18.612557207234204]",[],"[[""jitter""], [""grayscale""], [""blur""]]"
off,1,1,U,50,4,237.38133860751987,59.345334651879966,"[27.220633230172098, 14.15770873427391, 15.334129799157381]",[],"[[""jitter""], [""grayscale""], [""blur""]]"
off,1,1,U,51,4,246.58332904800773,61.64583226200193,"[29.76457355543971, 12.917067273519933, 16.11584529746324]",[],"[[""jitter""], [""grayscale""], [""blur""]]"
off,1,1,U,52,4,227.82348468899727,56.95587117224932,"[27.408938040025532, 14.138742466457188, 12.751649948768318]",[],"[[""jitter""], [""grayscale""], [""blur""]]"
off,1,1,U,53,4,251.66696310043335,62.91674077510834,"[29.037988279014826, 13.693048269487917, 17.427581711672246]",[],"[[""jitter""], [""grayscale""], [""blur""]]"
off,1,1,U,54,4,238.93720982596278,59.734302456490695,"[27.672349009662867, 15.198471955955029, 14.159125508740544]",[],"[[""jitter""], [""grayscale""], [""blur""]]"
off,1,1,U,55,4,249.17082162573934,62.292705406434834,"[30.385417747311294, 12.666724505834281, 16.782718244940042]",[],"[[""jitter""], [""grayscale""], [""blur""]]"
off,1,1,U,56,4,237.01178096234798,59.252945240586996,"[27.86886354442686, 14.69102781265974, 14.06767254229635]",[],"[[""jitter""], [""grayscale""], [""blur""]]"
off,1,1,U,57,4,237.35358333215117,59.338395833037794,"[28.164388029836118, 12.525991071015596, 16.0766412736848]",[],"[[""jitter""], [""grayscale""], [""blur""]]"
off,1,1,U,58,4,246.19624204933643,61.54906051233411,"[28.304923325777054, 16.6601367527619, 13.98296095430851]",[],"[[""jitter""], [""grayscale""], [""blur""]]"
off,1,1,U,59,4,250.19349390640855,62.54837347660214,"[28.656900976784527, 13.892035000026226, 17.24700804334134]",[],"[[""jitter""], [""grayscale""], [""blur""]]"
off,1,1,U,60,4,239.97449595481157,59.99362398870289,"[27.30654727201909, 14.888549223542213, 14.764670981094241]",[],"[[""jitter""], [""grayscale""], [""blur""]]"
off,1,1,U,61,4,249.59640996530652,62.39910249132663,"[28.725274256430566, 13.351246947422624, 17.550888238474727]",[],"[[""jitter""], [""grayscale""], [""blur""]]"
off,1,1,U,62,4,235.76603829860687,58.94150957465172,"[28.232628828845918, 15.641057980246842, 12.489651679061353]",[],"[[""jitter""], [""grayscale""], [""blur""]]"
off,1,1,U,63,4,254.93983458727598,63.734958646818995,"[28.649375308305025, 14.995917794294655, 17.511459765955806]",[],"[[""jitter""], [""grayscale""], [""blur""]]"
off,1,1,U,64,4,247.80536396428943,61.95134099107236,"[28.21414021309465, 15.159946167841554, 16.029286314733326]",[],"[[""jitter""], [""grayscale""], [""blur""]]"
off,1,1,U,65,4,248.39734518900514,62.099336297251284,"[30.822099186480045, 12.688030255958438, 15.90667967684567]",[],"[[""jitter""], [""grayscale""], [""blur""]]"
off,1,1,U,66,4,246.3368009775877,61.584200244396925,"[27.731053764000535, 17.053615185432136, 14.387028175406158]",[],"[[""jitter""], [""grayscale""], [""blur""]]"
off,1,1,U,67,4,251.8008081242442,62.95020203106105,"[29.199584270827472, 14.712664182297885, 16.290577012114227]",[],"[[""jitter""], [""grayscale""], [""blur""]]"
off,1,1,U,68,4,237.5568370334804,59.3892092583701,"[28.233562712557614, 14.266622485592961, 14.299810747615993]",[],"[[""jitter""], [""grayscale""], [""blur""]]"
off,1,1,U,69,4,249.24764642491937,62.31191160622984,"[29.985598754137754, 13.493016944266856, 16.31263899616897]",[],"[[""jitter""], [""grayscale""], [""blur""]]"
off,1,1,U,70,4,236.5663261152804,59.1415815288201,"[27.100808452814817, 14.013925450854003, 15.199562534689903]",[],"[[""jitter""], [""grayscale""], [""blur""]]"
off,1,1,U,71,4,244.2949851974845,61.07374629937112,"[30.372922075912356, 12.12872879114002, 16.182015766389668]",[],"[[""jitter""], [""grayscale""], [""blur""]]"
off,1,1,U,72,4,253.0667521059513,63.26668802648783,"[28.64219795446843, 17.01597881037742, 14.984781970269978]",[],"[[""jitter""], [""grayscale""], [""blur""]]"
off,1,1,U,73,4,246.19360826909542,61.548402067273855,"[28.848489047959447, 12.482822057791054, 17.565789981745183]",[],"[[""jitter""], [""grayscale""], [""blur""]]"
off,1,1,U,74,4,234.85971987247467,58.71492996811867,"[27.611790574155748, 13.91077321022749, 14.415369252674282]",[],"[[""jitter""], [""grayscale""], [""blur""]]"
off,1,1,U,75,4,263.5623151436448,65.8905787859112,"[30.096473987214267, 14.541653217747808, 18.685952993109822]",[],"[[""jitter""], [""grayscale""], [""blur""]]"
off,1,1,U,76,4,241.08094908297062,60.270237270742655,"[28.8814976811409, 13.606693246401846, 15.063972445204854]",[],"[[""jitter""], [""grayscale""], [""blur""]]"
off,1,1,U,77,4,247.38783622160554,61.846959055401385,"[29.76404200308025, 13.466116040945053, 16.075634979642928]",[],"[[""jitter""], [""grayscale""], [""blur""]]"
off,1,1,U,78,4,241.47595977410674,60.368989943526685,"[27.68031123559922, 13.877990189939737, 15.809232834726572]",[],"[[""jitter""], [""grayscale""], [""blur""]]"
off,1,1,U,79,4,254.92466986179352,63.73116746544838,"[30.635984032414854, 12.842938536778092, 17.39641698077321]",[],"[[""jitter""], [""grayscale""], [""blur""]]"
off,1,1,U,80,4,240.85618229582906,60.214045573957264,"[28.796130674891174, 14.475109055638313, 14.37316695228219]",[],"[[""jitter""], [""grayscale""], [""blur""]]"
off,1,1,U,81,4,246.46387435495853,61.615968588739634,"[28.671183274127543, 13.21850751992315, 17.09367020521313]",[],"[[""jitter""], [""grayscale""], [""blur""]]"
off,1,1,U,82,4,217.88853826001287,54.472134565003216,"[26.8430570140481, 14.125600806437433, 11.338126263581216]",[],"[[""jitter""], [""grayscale""], [""blur""]]"
off,1,1,U,83,4,260.4471491649747,65.11178729124367,"[30.506114242598414, 14.83025448396802, 17.2033179551363]",[],"[[""jitter""], [""grayscale""], [""blur""]]"
off,1,1,U,84,4,235.50840001553297,58.87710000388324,"[28.029815293848515, 14.305367483757436, 14.042149996384978]",[],"[[""jitter""], [""grayscale""], [""blur""]]"
off,1,1,U,85,4,245.62244769185781,61.405611922964454,"[28.28441804740578, 14.503924292512238, 16.044433345086873]",[],"[[""jitter""], [""grayscale""], [""blur""]]"
off,1,1,U,86,4,228.5679578781128,57.1419894695282,"[28.245448716916144, 12.287614517845213, 13.886798289604485]",[],"[[""jitter""], [""grayscale""], [""blur""]]"
off,1,1,U,87,4,253.3819149248302,63.34547873120755,"[30.07656999398023, 14.17616626713425, 16.631634440273046]",[],"[[""jitter""], [""grayscale""], [""blur""]]"
off,1,1,U,88,4,243.73169988393784,60.93292497098446,"[29.44538905285299, 13.954911730252206, 15.096635674126446]",[],"[[""jitter""], [""grayscale""], [""blur""]]"
off,1,1,U,89,4,262.1844639070332,65.5461159767583,"[30.502297799102962, 15.213102800771594, 17.260456224903464]",[],"[[""jitter""], [""grayscale""], [""blur""]]"
off,1,1,U,90,4,234.73266419023275,58.68316604755819,"[27.039543725550175, 12.245276593603194, 16.632541548460722]",[],"[[""jitter""], [""grayscale""], [""blur""]]"
off,1,1,U,91,4,269.8812601156533,67.47031502891332,"[31.892872066237032, 14.663112699054182, 18.327332683838904]",[],"[[""jitter""], [""grayscale""], [""blur""]]"
off,1,1,U,92,4,235.353522002697,58.83838050067425,"[27.179965749382973, 12.090216507203877, 17.11860322393477]",[],"[[""jitter""], [""grayscale""], [""blur""]]"
off,1,1,U,93,4,252.6465579867363,63.161639496684074,"[29.77776131592691, 15.345192281529307, 15.511538251303136]",[],"[[""jitter""], [""grayscale""], [""blur""]]"
off,1,1,U,94,4,256.4285141415894,64.10712853539735,"[27.58021524641663, 13.011829811148345, 20.87685326114297]",[],"[[""jitter""], [""grayscale""], [""blur""]]"
off,1,1,U,95,4,252.2821268066764,63.0705317016691,"[26.937460992485285, 15.977127011865377, 17.659913282841444]",[],"[[""jitter""], [""grayscale""], [""blur""]]"
off,1,1,U,96,4,265.0875891558826,66.27189728897065,"[26.846388005651534, 20.591890905052423, 15.946594066917896]",[],"[[""jitter""], [""grayscale""], [""blur""]]"
off,1,1,U,97,4,242.32844775542617,60.58211193885654,"[28.204953763633966, 13.877697754651308, 15.897343982942402]",[],"[[""jitter""], [""grayscale""], [""blur""]]"
off,1,1,U,98,4,262.59511616081,65.6487790402025,"[28.191300574690104, 18.966340576298535, 15.813018777407706]",[],"[[""jitter""], [""grayscale""], [""blur""]]"
off,1,1,U,99,4,245.8565440028906,61.46413600072265,"[27.698970749042928, 14.653780031949282, 16.48354227654636]",[],"[[""jitter""], [""grayscale""], [""blur""]]"
off,1,2,F,0,4,143.92129611223936,35.98032402805984,[35.084900446236134],[],"[[""jitter"", ""grayscale"", ""blur""]]"
off,1,2,F,1,4,133.4988558664918,33.37471396662295,[32.49948448501527],[],"[[""jitter"", ""grayscale"", ""blur""]]"
off,1,2,F,2,4,117.00757965445518,29.251894913613796,[28.37099868338555],[],"[[""jitter"", ""grayscale"", ""blur""]]"
off,1,2,F,3,4,124.16654918342829,31.041637295857072,[30.15254996716976],[],"[[""jitter"", ""grayscale"", ""blur""]]"
off,1,2,F,4,4,140.14712302014232,35.03678075503558,[34.16575095616281],[],"[[""jitter"", ""grayscale"", ""blur""]]"
off,1,2,F,5,4,125.5031069740653,31.375776743516326,[30.517944716848433],[],"[[""jitter"", ""grayscale"", ""blur""]]"
off,1,2,F,6,4,127.6595531962812,31.9148882990703,[31.057683750987053],[],"[[""jitter"", ""grayscale"", ""blur""]]"
off,1,2,F,7,4,130.77151868492365,32.69287967123091,[31.82917123194784],[],"[[""jitter"", ""grayscale"", ""blur""]]"
off,1,2,F,8,4,123.10937326401472,30.77734331600368,[29.902246897108853],[],"[[""jitter"", ""grayscale"", ""blur""]]"
off,1,2,F,9,4,135.80175209790468,33.95043802447617,[33.06886134669185],[],"[[""jitter"", ""grayscale"", ""blur""]]"
off,1,2,F,10,4,118.67486825212836,29.66871706303209,[28.798246756196022],[],"[[""jitter"", ""grayscale"", ""blur""]]"
off,1,2,F,11,4,161.11606312915683,40.27901578228921,[39.3961543450132],[],"[[""jitter"", ""grayscale"", ""blur""]]"
off,1,2,F,12,4,132.25663406774402,33.064158516936004,[32.11448504589498],[],"[[""jitter"", ""grayscale"", ""blur""]]"
off,1,2,F,13,4,129.9901967868209,32.49754919670522,[31.64395352359861],[],"[[""jitter"", ""grayscale"", ""blur""]]"
off,1,2,F,14,4,143.39054096490145,35.84763524122536,[34.981287783011794],[],"[[""jitter"", ""grayscale"", ""blur""]]"
off,1,2,F,15,4,140.85882110521197,35.21470527630299,[34.354547038674355],[],"[[""jitter"", ""grayscale"", ""blur""]]"
off,1,2,F,16,4,121.15640379488468,30.28910094872117,[29.38193327281624],[],"[[""jitter"", ""grayscale"", ""blur""]]"
off,1,2,F,17,4,133.1430897116661,33.28577242791653,[32.42386772762984],[],"[[""jitter"", ""grayscale"", ""blur""]]"
off,1,2,F,18,4,108.46593417227268,27.11648354306817,[26.257935678586364],[],"[[""jitter"", ""grayscale"", ""blur""]]"
off,1,2,F,19,4,132.5971931219101,33.149298280477524,[32.27759839501232],[],"[[""jitter"", ""grayscale"", ""blur""]]"
off,1,2,F,20,4,133.67942068725824,33.41985517181456,[32.55388396792114],[],"[[""jitter"", ""grayscale"", ""blur""]]"
off,1,2,F,21,4,143.34264677017927,35.83566169254482,[34.95880251284689],[],"[[""jitter"", ""grayscale"", ""blur""]]"
off,1,2,F,22,4,118.72923281043768,29.68230820260942,[28.691805666312575],[],"[[""jitter"", ""grayscale"", ""blur""]]"
off,1,2,F,23,4,127.08019930869341,31.770049827173352,[30.79741750843823],[],"[[""jitter"", ""grayscale"", ""blur""]]"
off,1,2,F,24,4,122.56140541285276,30.64035135321319,[29.76233442313969],[],"[[""jitter"", ""grayscale"", ""blur""]]"
off,1,2,F,25,4,156.29606507718563,39.07401626929641,[38.19783264771104],[],"[[""jitter"", ""grayscale"", ""blur""]]"
off,1,2,F,26,4,137.33305828645825,34.33326457161456,[33.25304854661226],[],"[[""jitter"", ""grayscale"", ""blur""]]"
off,1,2,F,27,4,122.49757582321763,30.624393955804408,[29.74751079455018],[],"[[""jitter"", ""grayscale"", ""blur""]]"
off,1,2,F,28,4,156.53873281553388,39.13468320388347,[38.17118355073035],[],"[[""jitter"", ""grayscale"", ""blur""]]"
off,1,2,F,29,4,124.90381905809045,31.225954764522612,[30.348405241966248],[],"[[""jitter"", ""grayscale"", ""blur""]]"
off,1,2,F,30,4,121.0452588275075,30.261314706876874,[29.25801381934434],[],"[[""jitter"", ""grayscale"", ""blur""]]"
off,1,2,F,31,4,119.95075875893235,29.987689689733088,[29.123897315002978],[],"[[""jitter"", ""grayscale"", ""blur""]]"
off,1,2,F,32,4,129.4744210317731,32.36860525794327,[31.508542015217245],[],"[[""jitter"", ""grayscale"", ""blur""]]"
off,1,2,F,33,4,142.60612800717354,35.651532001793385,[34.77961185853928],[],"[[""jitter"", ""grayscale"", ""blur""]]"
off,1,2,F,34,4,138.52776819840074,34.631942049600184,[33.77199254464358],[],"[[""jitter"", ""grayscale"", ""blur""]]"
off,1,2,F,35,4,150.6499256938696,37.6624814234674,[36.7935438407585],[],"[[""jitter"", ""grayscale"", ""blur""]]"
off,1,2,F,36,4,138.8067528605461,34.70168821513653,[33.84971874766052],[],"[[""jitter"", ""grayscale"", ""blur""]]"
off,1,2,F,37,4,125.96118124201894,31.490295310504735,[30.61603952664882],[],"[[""jitter"", ""grayscale"", ""blur""]]"
off,1,2,F,38,4,119.54339826479554,29.885849566198885,[28.997711022384465],[],"[[""jitter"", ""grayscale"", ""blur""]]"
off,1,2,F,39,4,124.20777510851622,31.051943777129054,[30.154483974911273],[],"[[""jitter"", ""grayscale"", ""blur""]]"
off,1,2,F,40,4,109.57576800137758,27.393942000344396,[26.513077318668365],[],"[[""jitter"", ""grayscale"", ""blur""]]"
off,1,2,F,41,4,117.30426223948598,29.326065559871495,[28.467044234275818],[],"[[""jitter"", ""grayscale"", ""blur""]]"
off,1,2,F,42,4,151.04484092444181,37.761210231110454,[36.84350324328989],[],"[[""jitter"", ""grayscale"", ""blur""]]"
off,1,2,F,43,4,124.25152398645878,31.062880996614695,[30.104043311439455],[],"[[""jitter"", ""grayscale"", ""blur""]]"
off,1,2,F,44,4,138.052296359092,34.513074089773,[33.54263468645513],[],"[[""jitter"", ""grayscale"", ""blur""]]"
off,1,2,F,45,4,129.17084991931915,32.29271247982979,[31.433516182005405],[],"[[""jitter"", ""grayscale"", ""blur""]]"
off,1,2,F,46,4,118.7829552218318,29.69573880545795,[28.83354655932635],[],"[[""jitter"", ""grayscale"", ""blur""]]"
off,1,2,F,47,4,128.47193190827966,32.117982977069914,[31.244475743733346],[],"[[""jitter"", ""grayscale"", ""blur""]]"
off,1,2,F,48,4,127.8244941495359,31.956123537383974,[31.082987668924034],[],"[[""jitter"", ""grayscale"", ""blur""]]"
off,1,2,F,49,4,155.48991179093719,38.872477947734296,[37.90290956385434],[],"[[""jitter"", ""grayscale"", ""blur""]]"
off,1,2,F,50,4,140.17234463244677,35.04308615811169,[34.063310944475234],[],"[[""jitter"", ""grayscale"", ""blur""]]"
off,1,2,F,51,4,119.46666426956654,29.866666067391634,[28.883654973469675],[],"[[""jitter"", ""grayscale"", ""blur""]]"
off,1,2,F,52,4,149.35536310076714,37.338840775191784,[36.4839049289003],[],"[[""jitter"", ""grayscale"", ""blur""]]"
off,1,2,F,53,4,130.63807785511017,32.65951946377754,[31.66919096838683],[],"[[""jitter"", ""grayscale"", ""blur""]]"
off,1,2,F,54,4,117.7835469134152,29.4458867283538,[28.395008062943816],[],"[[""jitter"", ""grayscale"", ""blur""]]"
off,1,2,F,55,4,130.71023067459464,32.67755766864866,[31.807625549845397],[],"[[""jitter"", ""grayscale"", ""blur""]]"
off,1,2,F,56,4,131.63592712953687,32.90898178238422,[31.93899756297469],[],"[[""jitter"", ""grayscale"", ""blur""]]"
off,1,2,F,57,4,123.23744688183069,30.809361720457673,[29.946495196782053],[],"[[""jitter"", ""grayscale"", ""blur""]]"
off,1,2,F,58,4,118.6872641555965,29.671816038899124,[28.691584710031748],[],"[[""jitter"", ""grayscale"", ""blur""]]"
off,1,2,F,59,4,115.20316684618592,28.80079171154648,[27.954144752584398],[],"[[""jitter"", ""grayscale"", ""blur""]]"
off,1,2,F,60,4,112.8228516317904,28.2057129079476,[27.32547151390463],[],"[[""jitter"", ""grayscale"", ""blur""]]"
off,1,2,F,61,4,123.95397387444973,30.988493468612432,[30.11779999360442],[],"[[""jitter"", ""grayscale"", ""blur""]]"
off,1,2,F,62,4,134.3009569682181,33.57523924205452,[32.702664262615144],[],"[[""jitter"", ""grayscale"", ""blur""]]"
off,1,2,F,63,4,144.23749083653092,36.05937270913273,[35.1950564654544],[],"[[""jitter"", ""grayscale"", ""blur""]]"
off,1,2,F,64,4,151.04954596608877,37.76238649152219,[36.86486976221204],[],"[[""jitter"", ""grayscale"", ""blur""]]"
off,1,2,F,65,4,124.14329685270786,31.035824213176966,[30.14096280094236],[],"[[""jitter"", ""grayscale"", ""blur""]]"
off,1,2,F,66,4,119.30566094815731,29.826415237039328,[28.87704351451248],[],"[[""jitter"", ""grayscale"", ""blur""]]"
off,1,2,F,67,4,108.57078013941646,27.142695034854114,[26.16704604588449],[],"[[""jitter"", ""grayscale"", ""blur""]]"
off,1,2,F,68,4,121.81279296055436,30.45319824013859,[29.513922054320574],[],"[[""jitter"", ""grayscale"", ""blur""]]"
off,1,2,F,69,4,135.73989877477288,33.93497469369322,[32.984704012051225],[],"[[""jitter"", ""grayscale"", ""blur""]]"
off,1,2,F,70,4,139.08449420705438,34.771123551763594,[33.888282836414874],[],"[[""jitter"", ""grayscale"", ""blur""]]"
off,1,2,F,71,4,113.40166116133332,28.35041529033333,[27.487403247505426],[],"[[""jitter"", ""grayscale"", ""blur""]]"
off,1,2,F,72,4,125.73521584272385,31.43380396068096,[30.57834319770336],[],"[[""jitter"", ""grayscale"", ""blur""]]"
off,1,2,F,73,4,126.25607382506132,31.56401845626533,[30.702832737006247],[],"[[""jitter"", ""grayscale"", ""blur""]]"
off,1,2,F,74,4,146.4274381287396,36.6068595321849,[35.725518013350666],[],"[[""jitter"", ""grayscale"", ""blur""]]"
off,1,2,F,75,4,133.28710990026593,33.32177747506648,[32.46136277448386],[],"[[""jitter"", ""grayscale"", ""blur""]]"
off,1,2,F,76,4,121.4100169017911,30.352504225447774,[29.4095145072788],[],"[[""jitter"", ""grayscale"", ""blur""]]"
off,1,2,F,77,4,139.02793312445283,34.75698328111321,[33.88727828860283],[],"[[""jitter"", ""grayscale"", ""blur""]]"
off,1,2,F,78,4,127.76605319231749,31.94151329807937,[31.2241290230304],[],"[[""jitter"", ""grayscale"", ""blur""]]"
off,1,2,F,79,4,118.36144421249628,29.59036105312407,[28.928239713422954],[],"[[""jitter"", ""grayscale"", ""blur""]]"
off,1,2,F,80,4,114.93878997862339,28.734697494655848,[27.879802510142326],[],"[[""jitter"", ""grayscale"", ""blur""]]"
off,1,2,F,81,4,143.4585298411548,35.8646324602887,[34.9873584927991],[],"[[""jitter"", ""grayscale"", ""blur""]]"
off,1,2,F,82,4,117.85971792414784,29.46492948103696,[28.602598002180457],[],"[[""jitter"", ""grayscale"", ""blur""]]"
off,1,2,F,83,4,149.37587920576334,37.343969801440835,[36.47068853024393],[],"[[""jitter"", ""grayscale"", ""blur""]]"
off,1,2,F,84,4,133.03035218268633,33.25758804567158,[32.26304880809039],[],"[[""jitter"", ""grayscale"", ""blur""]]"
off,1,2,F,85,4,128.78045998513699,32.195114996284246,[31.3348047202453],[],"[[""jitter"", ""grayscale"", ""blur""]]"
off,1,2,F,86,4,119.35176094993949,29.837940237484872,[28.967793215997517],[],"[[""jitter"", ""grayscale"", ""blur""]]"
off,1,2,F,87,4,128.81046626716852,32.20261656679213,[31.234517926350236],[],"[[""jitter"", ""grayscale"", ""blur""]]"
off,1,2,F,88,4,133.16465402022004,33.29116350505501,[32.33949444256723],[],"[[""jitter"", ""grayscale"", ""blur""]]"
off,1,2,F,89,4,112.53277119249105,28.133192798122764,[27.280299342237413],[],"[[""jitter"", ""grayscale"", ""blur""]]"
off,1,2,F,90,4,111.12755769863725,27.78188942465931,[26.898114243522286],[],"[[""jitter"", ""grayscale"", ""blur""]]"
off,1,2,F,91,4,121.13105179741979,30.282762949354947,[29.39428959507495],[],"[[""jitter"", ""grayscale"", ""blur""]]"
off,1,2,F,92,4,128.73587477952242,32.183968694880605,[31.318899244070053],[],"[[""jitter"", ""grayscale"", ""blur""]]"
off,1,2,F,93,4,130.06780575960875,32.516951439902186,[31.664651236496866],[],"[[""jitter"", ""grayscale"", ""blur""]]"
off,1,2,F,94,4,115.93436729162931,28.98359182290733,[28.133237501606345],[],"[[""jitter"", ""grayscale"", ""blur""]]"
off,1,2,F,95,4,118.21725079789758,29.554312699474394,[28.69849349372089],[],"[[""jitter"", ""grayscale"", ""blur""]]"
off,1,2,F,96,4,120.58600736781955,30.146501841954887,[29.270885745063424],[],"[[""jitter"", ""grayscale"", ""blur""]]"
off,1,2,F,97,4,120.24917080998421,30.062292702496052,[29.1976029984653],[],"[[""jitter"", ""grayscale"", ""blur""]]"
off,1,2,F,98,4,111.13930586725473,27.784826466813684,[26.92664449568838],[],"[[""jitter"", ""grayscale"", ""blur""]]"
off,1,2,F,99,4,127.31886561959982,31.829716404899955,[30.969624291174114],[],"[[""jitter"", ""grayscale"", ""blur""]]"
off,2,0,F,0,4,143.21053493767977,35.80263373441994,[34.90672877524048],[],"[[""jitter"", ""grayscale"", ""blur""]]"
off,2,0,F,1,4,134.5963068306446,33.64907670766115,[32.77545573655516],[],"[[""jitter"", ""grayscale"", ""blur""]]"
off,2,0,F,2,4,122.3079850897193,30.576996272429824,[29.611323261633515],[],"[[""jitter"", ""grayscale"", ""blur""]]"
off,2,0,F,3,4,125.27268007397652,31.31817001849413,[30.374611960723996],[],"[[""jitter"", ""grayscale"", ""blur""]]"
off,2,0,F,4,4,121.19348486885428,30.29837121721357,[29.361052787862718],[],"[[""jitter"", ""grayscale"", ""blur""]]"
off,2,0,F,5,4,126.14866439253092,31.53716609813273,[30.687536345794797],[],"[[""jitter"", ""grayscale"", ""blur""]]"
off,2,0,F,6,4,120.57775817811489,30.144439544528723,[29.188182204961777],[],"[[""jitter"", ""grayscale"", ""blur""]]"
off,2,0,F,7,4,103.56064839288592,25.89016209822148,[25.035419035702944],[],"[[""jitter"", ""grayscale"", ""blur""]]"
off,2,0,F,8,4,112.21766704693437,28.05441676173359,[27.19180367421359],[],"[[""jitter"", ""grayscale"", ""blur""]]"
off,2,0,F,9,4,125.31786412000656,31.32946603000164,[30.464550713077188],[],"[[""jitter"", ""grayscale"", ""blur""]]"
off,2,0,F,10,4,118.96318709477782,29.740796773694456,[28.864734224043787],[],"[[""jitter"", ""grayscale"", ""blur""]]"
off,2,0,F,11,4,111.54189519584179,27.885473798960447,[27.033588499762118],[],"[[""jitter"", ""grayscale"", ""blur""]]"
off,2,0,F,12,4,126.34549289941788,31.58637322485447,[30.73838003911078],[],"[[""jitter"", ""grayscale"", ""blur""]]"
off,2,0,F,13,4,121.37299217283726,30.343248043209314,[29.493633192032576],[],"[[""jitter"", ""grayscale"", ""blur""]]"
off,2,0,F,14,4,138.1225110962987,34.530627774074674,[33.67121855262667],[],"[[""jitter"", ""grayscale"", ""blur""]]"
off,2,0,F,15,4,138.65551492199302,34.663878730498254,[33.805227489210665],[],"[[""jitter"", ""grayscale"", ""blur""]]"
off,2,0,F,16,4,121.48280907422304,30.37070226855576,[29.5053250156343],[],"[[""jitter"", ""grayscale"", ""blur""]]"
off,2,0,F,17,4,131.03666668757796,32.75916667189449,[31.908371252939105],[],"[[""jitter"", ""grayscale"", ""blur""]]"
off,2,0,F,18,4,136.25558279454708,34.06389569863677,[33.21748424787074],[],"[[""jitter"", ""grayscale"", ""blur""]]"
off,2,0,F,19,4,133.41860566288233,33.35465141572058,[32.50360826496035],[],"[[""jitter"", ""grayscale"", ""blur""]]"
off,2,0,F,20,4,120.78683124855161,30.196707812137902,[29.356179642491043],[],"[[""jitter"", ""grayscale"", ""blur""]]"
off,2,0,F,21,4,153.07153295725584,38.26788323931396,[37.417595740407705],[],"[[""jitter"", ""grayscale"", ""blur""]]"
off,2,0,F,22,4,122.64547403901815,30.66136850975454,[29.813018743880093],[],"[[""jitter"", ""grayscale"", ""blur""]]"
off,2,0,F,23,4,138.56888189911842,34.642220474779606,[33.781928243115544],[],"[[""jitter"", ""grayscale"", ""blur""]]"
off,2,0,F,24,4,125.74000377207994,31.435000943019986,[30.57095326948911],[],"[[""jitter"", ""grayscale"", ""blur""]]"
off,2,0,F,25,4,128.58188711106777,32.14547177776694,[31.298738438636065],[],"[[""jitter"", ""grayscale"", ""blur""]]"
off,2,0,F,26,4,104.08368241041899,26.020920602604747,[25.173282949253917],[],"[[""jitter"", ""grayscale"", ""blur""]]"
off,2,0,F,27,4,113.7995203025639,28.449880075640976,[27.503039687871933],[],"[[""jitter"", ""grayscale"", ""blur""]]"
off,2,0,F,28,4,128.50040383636951,32.12510095909238,[31.278290320187807],[],"[[""jitter"", ""grayscale"", ""blur""]]"
off,2,0,F,29,4,116.6677582077682,29.16693955194205,[28.315642732195556],[],"[[""jitter"", ""grayscale"", ""blur""]]"
off,2,0,F,30,4,141.4788980036974,35.36972450092435,[34.50304316356778],[],"[[""jitter"", ""grayscale"", ""blur""]]"
off,2,0,F,31,4,135.22840617224574,33.807101543061435,[32.96284703537822],[],"[[""jitter"", ""grayscale"", ""blur""]]"
off,2,0,F,32,4,131.85335602611303,32.96333900652826,[32.087863655760884],[],"[[""jitter"", ""grayscale"", ""blur""]]"
off,2,0,F,33,4,117.61656124144793,29.40414031036198,[28.527569957077503],[],"[[""jitter"", ""grayscale"", ""blur""]]"
off,2,0,F,34,4,108.16607717424631,27.041519293561578,[26.2053090846166],[],"[[""jitter"", ""grayscale"", ""blur""]]"
off,2,0,F,35,4,120.86623767390847,30.216559418477118,[29.360141255892813],[],"[[""jitter"", ""grayscale"", ""blur""]]"
off,2,0,F,36,4,151.41530288383365,37.85382572095841,[37.011351669207215],[],"[[""jitter"", ""grayscale"", ""blur""]]"
off,2,0,F,37,4,125.02351682633162,31.255879206582904,[30.404817429371178],[],"[[""jitter"", ""grayscale"", ""blur""]]"
off,2,0,F,38,4,125.64343912526965,31.410859781317413,[30.538315302692354],[],"[[""jitter"", ""grayscale"", ""blur""]]"
off,2,0,F,39,4,140.4945100657642,35.12362751644105,[34.26037298049778],[],"[[""jitter"", ""grayscale"", ""blur""]]"
off,2,0,F,40,4,138.92940618097782,34.732351545244455,[33.869366510771215],[],"[[""jitter"", ""grayscale"", ""blur""]]"
off,2,0,F,41,4,124.34856500476599,31.087141251191497,[30.230596312321723],[],"[[""jitter"", ""grayscale"", ""blur""]]"
off,2,0,F,42,4,119.99812629073858,29.999531572684646,[29.054780257865787],[],"[[""jitter"", ""grayscale"", ""blur""]]"
off,2,0,F,43,4,136.08899479731917,34.02224869932979,[33.179551479406655],[],"[[""jitter"", ""grayscale"", ""blur""]]"
off,2,0,F,44,4,101.37350996956229,25.343377492390573,[24.490427458658814],[],"[[""jitter"", ""grayscale"", ""blur""]]"
off,2,0,F,45,4,103.79715682938695,25.949289207346737,[25.00923874322325],[],"[[""jitter"", ""grayscale"", ""blur""]]"
off,2,0,F,46,4,136.0185220837593,34.00463052093983,[33.15898578148335],[],"[[""jitter"", ""grayscale"", ""blur""]]"
off,2,0,F,47,4,96.93161584436893,24.232903961092234,[23.356910794973373],[],"[[""jitter"", ""grayscale"", ""blur""]]"
off,2,0,F,48,4,112.01809905469418,28.004524763673544,[27.017636224627495],[],"[[""jitter"", ""grayscale"", ""blur""]]"
off,2,0,F,49,4,101.117551792413,25.27938794810325,[24.42041493486613],[],"[[""jitter"", ""grayscale"", ""blur""]]"
off,2,0,F,50,4,118.40575002133846,29.601437505334616,[28.752643964253366],[],"[[""jitter"", ""grayscale"", ""blur""]]"
off,2,0,F,51,4,139.18610801920295,34.79652700480074,[33.925382304005325],[],"[[""jitter"", ""grayscale"", ""blur""]]"
off,2,0,F,52,4,118.7427663244307,29.685691581107676,[28.83314318023622],[],"[[""jitter"", ""grayscale"", ""blur""]]"
off,2,0,F,53,4,127.0589828491211,31.764745712280273,[30.813799472525716],[],"[[""jitter"", ""grayscale"", ""blur""]]"
off,2,0,F,54,4,112.49977676197886,28.124944190494716,[27.26397372316569],[],"[[""jitter"", ""grayscale"", ""blur""]]"
off,2,0,F,55,4,121.90218409523368,30.47554602380842,[29.612073092721403],[],"[[""jitter"", ""grayscale"", ""blur""]]"
off,2,0,F,56,4,127.20858305692673,31.802145764231682,[30.931709450669587],[],"[[""jitter"", ""grayscale"", ""blur""]]"
off,2,0,F,57,4,130.29602961614728,32.57400740403682,[31.723875552415848],[],"[[""jitter"", ""grayscale"", ""blur""]]"
off,2,0,F,58,4,160.49319598823786,40.123298997059464,[39.266152190975845],[],"[[""jitter"", ""grayscale"", ""blur""]]"
off,2,0,F,59,4,138.2516399025917,34.562909975647926,[33.71266776230186],[],"[[""jitter"", ""grayscale"", ""blur""]]"
off,2,0,F,60,4,132.8230369836092,33.2057592459023,[32.34536573290825],[],"[[""jitter"", ""grayscale"", ""blur""]]"
off,2,0,F,61,4,169.28206896409392,42.32051724102348,[41.43866105005145],[],"[[""jitter"", ""grayscale"", ""blur""]]"
off,2,0,F,62,4,135.02667704597116,33.75666926149279,[32.88886044174433],[],"[[""jitter"", ""grayscale"", ""blur""]]"
off,2,0,F,63,4,122.39612825214863,30.599032063037157,[29.738116776570678],[],"[[""jitter"", ""grayscale"", ""blur""]]"
off,2,0,F,64,4,137.02514208853245,34.25628552213311,[33.3959338022396],[],"[[""jitter"", ""grayscale"", ""blur""]]"
off,2,0,F,65,4,158.69627613574266,39.674069033935666,[38.81745075341314],[],"[[""jitter"", ""grayscale"", ""blur""]]"
off,2,0,F,66,4,121.99610518291593,30.49902629572898,[29.644057736732066],[],"[[""jitter"", ""grayscale"", ""blur""]]"
off,2,0,F,67,4,120.14438211917877,30.036095529794693,[29.176275013014674],[],"[[""jitter"", ""grayscale"", ""blur""]]"
off,2,0,F,68,4,118.10927698388696,29.52731924597174,[28.653076849877834],[],"[[""jitter"", ""grayscale"", ""blur""]]"
off,2,0,F,69,4,114.26609707996249,28.566524269990623,[27.71293045952916],[],"[[""jitter"", ""grayscale"", ""blur""]]"
off,2,0,F,70,4,142.6935470663011,35.67338676657528,[34.82157876715064],[],"[[""jitter"", ""grayscale"", ""blur""]]"
off,2,0,F,71,4,128.6866469308734,32.17166173271835,[31.3073443248868],[],"[[""jitter"", ""grayscale"", ""blur""]]"
off,2,0,F,72,4,131.8361978046596,32.9590494511649,[32.108723535202444],[],"[[""jitter"", ""grayscale"", ""blur""]]"
off,2,0,F,73,4,121.83064687997103,30.457661719992757,[29.603483504615724],[],"[[""jitter"", ""grayscale"", ""blur""]]"
off,2,0,F,74,4,126.53786689043045,31.634466722607613,[30.77964868862182],[],"[[""jitter"", ""grayscale"", ""blur""]]"
off,2,0,F,75,4,141.64407178759575,35.41101794689894,[34.43062852602452],[],"[[""jitter"", ""grayscale"", ""blur""]]"
off,2,0,F,76,4,123.67753498256207,30.919383745640516,[29.980375082232058],[],"[[""jitter"", ""grayscale"", ""blur""]]"
off,2,0,F,77,4,125.17880601808429,31.294701504521072,[30.448256176896393],[],"[[""jitter"", ""grayscale"", ""blur""]]"
off,2,0,F,78,4,125.7051657885313,31.426291447132826,[30.560112791135907],[],"[[""jitter"", ""grayscale"", ""blur""]]"
off,2,0,F,79,4,115.84073537960649,28.96018384490162,[28.001382248476148],[],"[[""jitter"", ""grayscale"", ""blur""]]"
off,2,0,F,80,4,120.95127254724503,30.237818136811256,[29.35686381533742],[],"[[""jitter"", ""grayscale"", ""blur""]]"
off,2,0,F,81,4,122.8662389330566,30.71655973326415,[29.85559171065688],[],"[[""jitter"", ""grayscale"", ""blur""]]"
off,2,0,F,82,4,136.360676959157,34.09016923978925,[33.22694473899901],[],"[[""jitter"", ""grayscale"", ""blur""]]"
off,2,0,F,83,4,132.27996695786715,33.069991739466786,[32.20896248240024],[],"[[""jitter"", ""grayscale"", ""blur""]]"
off,2,0,F,84,4,119.7329880669713,29.933247016742826,[28.979351744055748],[],"[[""jitter"", ""grayscale"", ""blur""]]"
off,2,0,F,85,4,121.75644794479012,30.43911198619753,[29.56607728265226],[],"[[""jitter"", ""grayscale"", ""blur""]]"
off,2,0,F,86,4,113.40000294148922,28.350000735372305,[27.477810974232852],[],"[[""jitter"", ""grayscale"", ""blur""]]"
off,2,0,F,87,4,122.88616504520178,30.721541261300445,[29.850668273866177],[],"[[""jitter"", ""grayscale"", ""blur""]]"
off,2,0,F,88,4,122.3100139759481,30.577503493987024,[29.710253467783332],[],"[[""jitter"", ""grayscale"", ""blur""]]"
off,2,0,F,89,4,125.25634188205004,31.31408547051251,[30.365764745511115],[],"[[""jitter"", ""grayscale"", ""blur""]]"
off,2,0,F,90,4,122.6092572323978,30.65231430809945,[29.71217653248459],[],"[[""jitter"", ""grayscale"", ""blur""]]"
off,2,0,F,91,4,128.76864802092314,32.192162005230784,[31.33464732673019],[],"[[""jitter"", ""grayscale"", ""blur""]]"
off,2,0,F,92,4,121.70086521655321,30.425216304138303,[29.563100426457822],[],"[[""jitter"", ""grayscale"", ""blur""]]"
off,2,0,F,93,4,151.43158799037337,37.85789699759334,[36.92652774043381],[],"[[""jitter"", ""grayscale"", ""blur""]]"
off,2,0,F,94,4,116.35586712509394,29.088966781273484,[28.212532750330865],[],"[[""jitter"", ""grayscale"", ""blur""]]"
off,2,0,F,95,4,125.90525858104229,31.476314645260572,[30.61463951598853],[],"[[""jitter"", ""grayscale"", ""blur""]]"
off,2,0,F,96,4,115.77999405562878,28.944998513907194,[28.0760444002226],[],"[[""jitter"", ""grayscale"", ""blur""]]"
off,2,0,F,97,4,131.15676725283265,32.78919181320816,[31.928091775625944],[],"[[""jitter"", ""grayscale"", ""blur""]]"
off,2,0,F,98,4,114.47100900113583,28.617752250283957,[27.675764984451234],[],"[[""jitter"", ""grayscale"", ""blur""]]"
off,2,0,F,99,4,115.26430817320943,28.816077043302357,[27.821937575936317],[],"[[""jitter"", ""grayscale"", ""blur""]]"
off,2,1,U,0,4,222.14711783453822,55.536779458634555,"[25.086077977903187, 15.225363313220441, 12.613777536898851]",[],"[[""jitter""], [""grayscale""], [""blur""]]"
off,2,1,U,1,4,245.44913694262505,61.36228423565626,"[26.22029569465667, 16.79302495904267, 15.834344550967216]",[],"[[""jitter""], [""grayscale""], [""blur""]]"
off,2,1,U,2,4,261.2730609253049,65.31826523132622,"[30.49862675834447, 16.465775668621063, 15.63574280589819]",[],"[[""jitter""], [""grayscale""], [""blur""]]"
off,2,1,U,3,4,238.26039815321565,59.56509953830391,"[27.834641048684716, 14.684631954878569, 14.631161815486848]",[],"[[""jitter""], [""grayscale""], [""blur""]]"
off,2,1,U,4,4,258.47816513851285,64.61954128462821,"[28.5865810001269, 15.175507520325482, 18.333904328756034]",[],"[[""jitter""], [""grayscale""], [""blur""]]"
off,2,1,U,5,4,241.48102896288037,60.37025724072009,"[27.945402427576482, 15.03740029875189, 14.54346685204655]",[],"[[""jitter""], [""grayscale""], [""blur""]]"
off,2,1,U,6,4,244.089316111058,61.0223290277645,"[28.561984188854694, 13.667924795299768, 15.878107747994363]",[],"[[""jitter""], [""grayscale""], [""blur""]]"
off,2,1,U,7,4,236.65686883032322,59.164217207580805,"[27.491297340020537, 14.216706505976617, 14.917669352144003]",[],"[[""jitter""], [""grayscale""], [""blur""]]"
off,2,1,U,8,4,242.24886810407043,60.562217026017606,"[29.288124525919557, 12.77352380566299, 15.84992918651551]",[],"[[""jitter""], [""grayscale""], [""blur""]]"
off,2,1,U,9,4,246.34223012253642,61.585557530634105,"[27.76536054443568, 15.754535212181509, 15.547015005722642]",[],"[[""jitter""], [""grayscale""], [""blur""]]"
off,2,1,U,10,4,250.38372166454792,62.59593041613698,"[28.98565970826894, 13.498569489456713, 17.820644308812916]",[],"[[""jitter""], [""grayscale""], [""blur""]]"
off,2,1,U,11,4,238.74285304918885,59.68571326229721,"[27.510870480909944, 14.743902953341603, 14.93607775773853]",[],"[[""jitter""], [""grayscale""], [""blur""]]"
off,2,1,U,12,4,246.03586178272963,61.508965445682406,"[28.97499979007989, 13.018104014918208, 16.947119496762753]",[],"[[""jitter""], [""grayscale""], [""blur""]]"
off,2,1,U,13,4,238.18317521363497,59.54579380340874,"[27.540398528799415, 14.761263970285654, 14.634934952482581]",[],"[[""jitter""], [""grayscale""], [""blur""]]"
off,2,1,U,14,4,259.7001800313592,64.9250450078398,"[29.16407468728721, 14.589392812922597, 18.49705632776022]",[],"[[""jitter""], [""grayscale""], [""blur""]]"
off,2,1,U,15,4,250.84934616461396,62.71233654115349,"[29.494374059140682, 16.220728517509997, 14.610577491112053]",[],"[[""jitter""], [""grayscale""], [""blur""]]"
off,2,1,U,16,4,243.64755302667618,60.911888256669044,"[29.417566256597638, 11.961717973463237, 16.86920248903334]",[],"[[""jitter""], [""grayscale""], [""blur""]]"
off,2,1,U,17,4,233.33432571962476,58.33358142990619,"[27.720540296286345, 14.162934734486043, 13.946541002951562]",[],"[[""jitter""], [""grayscale""], [""blur""]]"
off,2,1,U,18,4,240.4696443118155,60.117411077953875,"[29.23621702939272, 12.968512251973152, 15.252863755449653]",[],"[[""jitter""], [""grayscale""], [""blur""]]"
off,2,1,U,19,4,236.81782418861985,59.20445604715496,"[27.24080823827535, 14.630828518420458, 14.777955482713878]",[],"[[""jitter""], [""grayscale""], [""blur""]]"
off,2,1,U,20,4,249.054288957268,62.263572239317,"[28.49519019946456, 14.46974219288677, 16.667905263602734]",[],"[[""jitter""], [""grayscale""], [""blur""]]"
off,2,1,U,21,4,248.70747094973922,62.176867737434804,"[28.24843244161457, 14.287093072198331, 16.617887187749147]",[],"[[""jitter""], [""grayscale""], [""blur""]]"
off,2,1,U,22,4,243.74865693971515,60.93716423492879,"[29.911887948401272, 12.916753999888897, 15.583617729134858]",[],"[[""jitter""], [""grayscale""], [""blur""]]"
off,2,1,U,23,4,236.8080890737474,59.20202226843685,"[27.24821725860238, 13.970023952424526, 15.27985103894025]",[],"[[""jitter""], [""grayscale""], [""blur""]]"
off,2,1,U,24,4,240.8062182366848,60.2015545591712,"[29.45839159656316, 13.364628772251308, 14.721439336426556]",[],"[[""jitter""], [""grayscale""], [""blur""]]"
off,2,1,U,25,4,245.2399479225278,61.30998698063195,"[27.782840188592672, 14.118922990746796, 16.730044037103653]",[],"[[""jitter""], [""grayscale""], [""blur""]]"
off,2,1,U,26,4,249.600769020617,62.40019225515425,"[30.904161045327783, 13.540196814574301, 15.264547779224813]",[],"[[""jitter""], [""grayscale""], [""blur""]]"
off,2,1,U,27,4,237.3983389697969,59.349584742449224,"[27.56596147082746, 14.294257038272917, 14.949591248296201]",[],"[[""jitter""], [""grayscale""], [""blur""]]"
off,2,1,U,28,4,248.9611399360001,62.24028498400003,"[28.2556937308982, 14.465125161223114, 16.80689724162221]",[],"[[""jitter""], [""grayscale""], [""blur""]]"
off,2,1,U,29,4,247.9743342846632,61.9935835711658,"[27.407110552303493, 16.03306457400322, 16.075406689196825]",[],"[[""jitter""], [""grayscale""], [""blur""]]"
off,2,1,U,30,4,240.863052662462,60.2157631656155,"[29.296390828676522, 13.088302919641137, 15.44237625785172]",[],"[[""jitter""], [""grayscale""], [""blur""]]"
off,2,1,U,31,4,245.58799481019378,61.396998702548444,"[27.065451722592115, 14.611204038374126, 17.133805085904896]",[],"[[""jitter""], [""grayscale""], [""blur""]]"
off,2,1,U,32,4,250.64335716888309,62.66083929222077,"[28.804124449379742, 13.887100736610591, 17.29407941456884]",[],"[[""jitter""], [""grayscale""], [""blur""]]"
off,2,1,U,33,4,245.31207513064146,61.328018782660365,"[27.78185496572405, 14.793542330153286, 15.869142021983862]",[],"[[""jitter""], [""grayscale""], [""blur""]]"
off,2,1,U,34,4,239.88847341388464,59.97211835347116,"[29.283747542649508, 12.848530081100762, 15.438310336321592]",[],"[[""jitter""], [""grayscale""], [""blur""]]"
off,2,1,U,35,4,235.58219196274877,58.89554799068719,"[25.823141215369105, 14.228014973923564, 16.38020179234445]",[],"[[""jitter""], [""grayscale""], [""blur""]]"
off,2,1,U,36,4,240.55844405665994,60.139611014164984,"[28.811395750381052, 13.753317994996905, 14.927503769285977]",[],"[[""jitter""], [""grayscale""], [""blur""]]"
off,2,1,U,37,4,241.7701818048954,60.44254545122385,"[28.023515944369137, 14.977848273701966, 15.002456726506352]",[],"[[""jitter""], [""grayscale""], [""blur""]]"
off,2,1,U,38,4,242.80943907797337,60.70235976949334,"[28.157583787105978, 14.663020730949938, 15.470750746317208]",[],"[[""jitter""], [""grayscale""], [""blur""]]"
off,2,1,U,39,4,253.27610597014427,63.31902649253607,"[28.230499709025025, 14.935940504074097, 17.594392294995487]",[],"[[""jitter""], [""grayscale""], [""blur""]]"
off,2,1,U,40,4,231.8795770406723,57.969894260168076,"[27.23005204461515, 12.744486215524375, 15.285969013348222]",[],"[[""jitter""], [""grayscale""], [""blur""]]"
off,2,1,U,41,4,214.69813538715243,53.67453384678811,"[22.901107324287295, 15.091408276930451, 13.249427080154419]",[],"[[""jitter""], [""grayscale""], [""blur""]]"
off,2,1,U,42,4,247.0689699985087,61.76724249962717,"[21.798500674776733, 20.097631961107254, 17.391444300301373]",[],"[[""jitter""], [""grayscale""], [""blur""]]"
off,2,1,U,43,4,246.18816887959838,61.547042219899595,"[27.316162013448775, 14.529610984027386, 16.848637955263257]",[],"[[""jitter""], [""grayscale""], [""blur""]]"
off,2,1,U,44,4,237.19952488318086,59.299881220795214,"[25.44618071988225, 17.58803252596408, 13.463958166539669]",[],"[[""jitter""], [""grayscale""], [""blur""]]"
off,2,1,U,45,4,212.81969780102372,53.20492445025593,"[21.675885072909296, 14.594635926187038, 14.540153788402677]",[],"[[""jitter""], [""grayscale""], [""blur""]]"
off,2,1,U,46,4,252.72344704717398,63.180861761793494,"[23.987369728274643, 19.660093472339213, 16.862140968441963]",[],"[[""jitter""], [""grayscale""], [""blur""]]"
off,2,1,U,47,4,234.83205726370215,58.70801431592554,"[27.552638784982264, 14.452259754762053, 14.025480835698545]",[],"[[""jitter""], [""grayscale""], [""blur""]]"
off,2,1,U,48,4,243.05883003398776,60.76470750849694,"[27.235733810812235, 17.92179944459349, 12.84994522575289]",[],"[[""jitter""], [""grayscale""], [""blur""]]"
off,2,1,U,49,4,241.36874079704285,60.34218519926071,"[28.12251541763544, 13.798654079437256, 15.939533244818449]",[],"[[""jitter""], [""grayscale""], [""blur""]]"
off,2,1,U,50,4,247.22295999526978,61.805739998817444,"[28.69307773653418, 18.720303545705974, 11.742010712623596]",[],"[[""jitter""], [""grayscale""], [""blur""]]"
off,2,1,U,51,4,245.51503034308553,61.37875758577138,"[28.259156038984656, 14.216634444892406, 16.37684868182987]",[],"[[""jitter""], [""grayscale""], [""blur""]]"
off,2,1,U,52,4,261.99611788615584,65.49902947153896,"[27.594316750764847, 18.07441294658929, 17.2682402189821]",[],"[[""jitter""], [""grayscale""], [""blur""]]"
off,2,1,U,53,4,251.13856699317694,62.784641748294234,"[27.65724784694612, 16.360577079467475, 16.173074021935463]",[],"[[""jitter""], [""grayscale""], [""blur""]]"
off,2,1,U,54,4,249.6541659347713,62.413541483692825,"[29.913332196883857, 13.328197645023465, 16.502797952853143]",[],"[[""jitter""], [""grayscale""], [""blur""]]"
off,2,1,U,55,4,234.47323311120272,58.61830827780068,"[26.51107031852007, 14.285769546404481, 15.174267231486738]",[],"[[""jitter""], [""grayscale""], [""blur""]]"
off,2,1,U,56,4,245.1685043051839,61.29212607629597,"[28.05295796133578, 13.174008228816092, 17.56332570221275]",[],"[[""jitter""], [""grayscale""], [""blur""]]"
off,2,1,U,57,4,255.75245032086968,63.93811258021742,"[32.339808996766806, 14.104646514169872, 14.966892427764833]",[],"[[""jitter""], [""grayscale""], [""blur""]]"
off,2,1,U,58,4,237.792297732085,59.44807443302125,"[29.194929054938257, 12.083807261660695, 15.490959049202502]",[],"[[""jitter""], [""grayscale""], [""blur""]]"
off,2,1,U,59,4,237.19658283516765,59.29914570879191,"[27.190587017685175, 14.119176776148379, 15.390146989375353]",[],"[[""jitter""], [""grayscale""], [""blur""]]"
off,2,1,U,60,4,270.3389641828835,67.58474104572088,"[33.301670919172466, 14.700688538141549, 16.876028734259307]",[],"[[""jitter""], [""grayscale""], [""blur""]]"
off,2,1,U,61,4,252.27325269952416,63.06831317488104,"[29.56246316898614, 15.197924803942442, 15.693412511609495]",[],"[[""jitter""], [""grayscale""], [""blur""]]"
off,2,1,U,62,4,256.723964586854,64.1809911467135,"[30.54092894308269, 14.697908423841, 16.01396151818335]",[],"[[""jitter""], [""grayscale""], [""blur""]]"
off,2,1,U,63,4,238.1505286321044,59.5376321580261,"[28.608826571144164, 13.389333966188133, 14.971288735978305]",[],"[[""jitter""], [""grayscale""], [""blur""]]"
off,2,1,U,64,4,259.9089229479432,64.9772307369858,"[28.964713565073907, 15.49029373563826, 17.728828475810587]",[],"[[""jitter""], [""grayscale""], [""blur""]]"
off,2,1,U,65,4,252.8517092578113,63.21292731445283,"[27.96654775738716, 12.972951284609735, 19.673096714541316]",[],"[[""jitter""], [""grayscale""], [""blur""]]"
off,2,1,U,66,4,260.14379411935806,65.03594852983952,"[30.263390275649726, 14.707392081618309, 17.435999354347587]",[],"[[""jitter""], [""grayscale""], [""blur""]]"
off,2,1,U,67,4,281.7938672378659,70.44846680946648,"[31.37364098802209, 17.79365143738687, 18.671453814022243]",[],"[[""jitter""], [""grayscale""], [""blur""]]"
off,2,1,U,68,4,245.76609209179878,61.441523022949696,"[27.305064257234335, 15.606858534738421, 15.882737468928099]",[],"[[""jitter""], [""grayscale""], [""blur""]]"
off,2,1,U,69,4,268.8941056840122,67.22352642100304,"[26.730654994025826, 21.76076523028314, 16.204484272748232]",[],"[[""jitter""], [""grayscale""], [""blur""]]"
off,2,1,U,70,4,238.5359858162701,59.63399645406753,"[27.30949444230646, 14.058629982173443, 15.704361256211996]",[],"[[""jitter""], [""grayscale""], [""blur""]]"
off,2,1,U,71,4,280.5833760648966,70.14584401622415,"[31.11463424284011, 19.153386470861733, 17.425561789423227]",[],"[[""jitter""], [""grayscale""], [""blur""]]"
off,2,1,U,72,4,242.80603229999542,60.701508074998856,"[28.636086848564446, 15.389124979265034, 14.01772431563586]",[],"[[""jitter""], [""grayscale""], [""blur""]]"
off,2,1,U,73,4,230.85664212703705,57.71416053175926,"[25.811319006606936, 13.808261253871024, 15.648483415134251]",[],"[[""jitter""], [""grayscale""], [""blur""]]"
off,2,1,U,74,4,246.7778269201517,61.69445673003793,"[27.527743950486183, 14.579487964510918, 17.015479505062103]",[],"[[""jitter""], [""grayscale""], [""blur""]]"
off,2,1,U,75,4,237.5256991945207,59.38142479863018,"[28.377386974170804, 13.52799974847585, 14.916401589289308]",[],"[[""jitter""], [""grayscale""], [""blur""]]"
off,2,1,U,76,4,248.2562679797411,62.064066994935274,"[27.092213975265622, 15.65716101322323, 16.9670598115772]",[],"[[""jitter""], [""grayscale""], [""blur""]]"
off,2,1,U,77,4,248.06523928418756,62.01630982104689,"[28.77102210186422, 14.66866279952228, 16.044625779613853]",[],"[[""jitter""], [""grayscale""], [""blur""]]"
off,2,1,U,78,4,238.0616390146315,59.51540975365788,"[27.201937744393945, 15.224578673951328, 14.569879393093288]",[],"[[""jitter""], [""grayscale""], [""blur""]]"
off,2,1,U,79,4,249.584733042866,62.3961832607165,"[29.67630955390632, 13.141443487256765, 17.069258959963918]",[],"[[""jitter""], [""grayscale""], [""blur""]]"
off,2,1,U,80,4,241.94666976109147,60.48666744027287,"[28.129901504144073, 14.762114966288209, 14.829146792180836]",[],"[[""jitter""], [""grayscale""], [""blur""]]"
off,2,1,U,81,4,247.6885011419654,61.92212528549135,"[28.592845075763762, 13.276383746415377, 17.283557797782123]",[],"[[""jitter""], [""grayscale""], [""blur""]]"
off,2,1,U,82,4,254.2049940675497,63.551248516887426,"[28.189956210553646, 14.894532039761543, 17.68198376521468]",[],"[[""jitter""], [""grayscale""], [""blur""]]"
off,2,1,U,83,4,251.69922830536962,62.924807076342404,"[30.749844503588974, 12.308917474001646, 17.39244209602475]",[],"[[""jitter""], [""grayscale""], [""blur""]]"
off,2,1,U,84,4,248.0490179732442,62.01225449331105,"[28.348131221719086, 15.382020152173936, 15.631947782821953]",[],"[[""jitter""], [""grayscale""], [""blur""]]"
off,2,1,U,85,4,243.0037958547473,60.750948963686824,"[29.723297338932753, 12.327316449955106, 16.53963327407837]",[],"[[""jitter""], [""grayscale""], [""blur""]]"
off,2,1,U,86,4,242.2791812568903,60.569795314222574,"[27.285123709589243, 15.480709029361606, 15.460978262126446]",[],"[[""jitter""], [""grayscale""], [""blur""]]"
off,2,1,U,87,4,233.64649200811982,58.411623002029955,"[26.036129449494183, 13.612338691018522, 16.015982255339622]",[],"[[""jitter""], [""grayscale""], [""blur""]]"
off,2,1,U,88,4,233.45566727221012,58.36391681805253,"[28.01193471532315, 14.345171744935215, 13.47769657149911]",[],"[[""jitter""], [""grayscale""], [""blur""]]"
off,2,1,U,89,4,252.69190687686205,63.17297671921551,"[29.01764598209411, 15.2408602880314, 16.355591942556202]",[],"[[""jitter""], [""grayscale""], [""blur""]]"
off,2,1,U,90,4,235.4841181077063,58.87102952692658,"[27.49797620344907, 14.321517781354487, 14.603576506488025]",[],"[[""jitter""], [""grayscale""], [""blur""]]"
off,2,1,U,91,4,255.99303469061852,63.99825867265463,"[28.652769746258855, 16.190822469070554, 16.615338972769678]",[],"[[""jitter""], [""grayscale""], [""blur""]]"
off,2,1,U,92,4,248.57605388388038,62.144013470970094,"[28.412548010237515, 14.764986699447036, 16.2072490202263]",[],"[[""jitter""], [""grayscale""], [""blur""]]"
off,2,1,U,93,4,257.89748691022396,64.47437172755599,"[30.604633153416216, 14.716298435814679, 16.379897482693195]",[],"[[""jitter""], [""grayscale""], [""blur""]]"
off,2,1,U,94,4,239.75514201447368,59.93878550361842,"[26.737696025520563, 14.038383844308555, 16.661960748024285]",[],"[[""jitter""], [""grayscale""], [""blur""]]"
off,2,1,U,95,4,253.7493477575481,63.43733693938702,"[30.372656183317304, 13.667218736372888, 16.664240742102265]",[],"[[""jitter""], [""grayscale""], [""blur""]]"
off,2,1,U,96,4,240.07381685078144,60.01845421269536,"[28.703014482744038, 14.150467002764344, 14.700159663334489]",[],"[[""jitter""], [""grayscale""], [""blur""]]"
off,2,1,U,97,4,240.3532979078591,60.08832447696477,"[27.98353147227317, 13.013289193622768, 16.325387288816273]",[],"[[""jitter""], [""grayscale""], [""blur""]]"
off,2,1,U,98,4,237.1042650192976,59.2760662548244,"[27.213101275265217, 14.132782001979649, 15.107998508028686]",[],"[[""jitter""], [""grayscale""], [""blur""]]"
off,2,1,U,99,4,253.91702307388186,63.479255768470466,"[30.559905688278377, 14.883243013173342, 15.636709285899997]",[],"[[""jitter""], [""grayscale""], [""blur""]]"
off,2,2,P,0,4,199.90192679688334,49.975481699220836,"[30.99755570292473, 17.2744250157848]",[],"[[""jitter"", ""grayscale""], [""blur""]]"
off,2,2,P,1,4,205.99633734673262,51.499084336683154,"[31.78704797755927, 18.228786764666438]",[],"[[""jitter"", ""grayscale""], [""blur""]]"
off,2,2,P,2,4,200.86016785353422,50.215041963383555,"[32.730172970332205, 15.979274990968406]",[],"[[""jitter"", ""grayscale""], [""blur""]]"
off,2,2,P,3,4,210.68429108709097,52.67107277177274,"[28.27021770644933, 22.401516558602452]",[],"[[""jitter"", ""grayscale""], [""blur""]]"
off,2,2,P,4,4,186.62733864039183,46.65683466009796,"[29.45925877429545, 15.778715023770928]",[],"[[""jitter"", ""grayscale""], [""blur""]]"
off,2,2,P,5,4,201.94845227524638,50.487113068811595,"[29.957036254927516, 19.114970928058028]",[],"[[""jitter"", ""grayscale""], [""blur""]]"
off,2,2,P,6,4,215.8368807286024,53.9592201821506,"[35.64513649325818, 16.63615123834461]",[],"[[""jitter"", ""grayscale""], [""blur""]]"
off,2,2,P,7,4,191.5127201937139,47.878180048428476,"[30.13511444441974, 16.062039765529335]",[],"[[""jitter"", ""grayscale""], [""blur""]]"
off,2,2,P,8,4,218.45557680353522,54.613894200883806,"[35.33065819647163, 17.68717623781413]",[],"[[""jitter"", ""grayscale""], [""blur""]]"
off,2,2,P,9,4,186.79483281448483,46.69870820362121,"[29.273863066919148, 15.851987758651376]",[],"[[""jitter"", ""grayscale""], [""blur""]]"
off,2,2,P,10,4,191.21287390589714,47.803218476474285,"[30.976376496255398, 15.162941999733448]",[],"[[""jitter"", ""grayscale""], [""blur""]]"
off,2,2,P,11,4,194.3303789012134,48.58259472530335,"[29.8137100180611, 17.296242993324995]",[],"[[""jitter"", ""grayscale""], [""blur""]]"
off,2,2,P,12,4,206.1260873451829,51.531521836295724,"[29.21974495984614, 20.69197257515043]",[],"[[""jitter"", ""grayscale""], [""blur""]]"
off,2,2,P,13,4,186.5905411541462,46.64763528853655,"[29.743691557087004, 15.26473625563085]",[],"[[""jitter"", ""grayscale""], [""blur""]]"
off,2,2,P,14,4,204.99791903421283,51.24947975855321,"[31.846744241192937, 17.7463844884187]",[],"[[""jitter"", ""grayscale""], [""blur""]]"
off,2,2,P,15,4,215.8230789937079,53.955769748426974,"[35.41319782380015, 16.708154464140534]",[],"[[""jitter"", ""grayscale""], [""blur""]]"
off,2,2,P,16,4,180.51166366785765,45.12791591696441,"[29.420234262943268, 14.239368261769414]",[],"[[""jitter"", ""grayscale""], [""blur""]]"
off,2,2,P,17,4,196.41239289194345,49.103098222985864,"[30.89924342930317, 16.42384473234415]",[],"[[""jitter"", ""grayscale""], [""blur""]]"
off,2,2,P,18,4,177.14444920420647,44.28611230105162,"[29.420137172564864, 13.376707909628749]",[],"[[""jitter"", ""grayscale""], [""blur""]]"
off,2,2,P,19,4,206.45448612049222,51.613621530123055,"[30.786266084760427, 19.231534330174327]",[],"[[""jitter"", ""grayscale""], [""blur""]]"
off,2,2,P,20,4,193.09471920132637,48.27367980033159,"[30.62901319935918, 15.940326265990734]",[],"[[""jitter"", ""grayscale""], [""blur""]]"
off,2,2,P,21,4,204.1655029170215,51.04137572925538,"[29.388861497864127, 19.960953970439732]",[],"[[""jitter"", ""grayscale""], [""blur""]]"
off,2,2,P,22,4,191.234874073416,47.808718518354,"[31.600384740158916, 14.47809033561498]",[],"[[""jitter"", ""grayscale""], [""blur""]]"
off,2,2,P,23,4,189.15664497762918,47.289161244407296,"[28.586339438334107, 17.118671792559326]",[],"[[""jitter"", ""grayscale""], [""blur""]]"
off,2,2,P,24,4,182.6192168518901,45.65480421297252,"[29.38904450275004, 14.80115414597094]",[],"[[""jitter"", ""grayscale""], [""blur""]]"
off,2,2,P,25,4,188.47558926790953,47.11889731697738,"[28.49498949944973, 17.07563374657184]",[],"[[""jitter"", ""grayscale""], [""blur""]]"
off,2,2,P,26,4,211.8332008831203,52.958300220780075,"[31.393120414577425, 19.940890953876078]",[],"[[""jitter"", ""grayscale""], [""blur""]]"
off,2,2,P,27,4,190.81483222544193,47.70370805636048,"[30.374126974493265, 15.856707002967596]",[],"[[""jitter"", ""grayscale""], [""blur""]]"
off,2,2,P,28,4,209.06735863536596,52.26683965884149,"[31.740176025778055, 19.060841179452837]",[],"[[""jitter"", ""grayscale""], [""blur""]]"
off,2,2,P,29,4,193.4128999710083,48.353224992752075,"[31.280674738809466, 15.579271945171058]",[],"[[""jitter"", ""grayscale""], [""blur""]]"
off,2,2,P,30,4,190.39846630766988,47.59961657691747,"[31.37147950474173, 14.592715771868825]",[],"[[""jitter"", ""grayscale""], [""blur""]]"
off,2,2,P,31,4,219.79620633646846,54.949051584117115,"[36.074532312341034, 17.24221627227962]",[],"[[""jitter"", ""grayscale""], [""blur""]]"
off,2,2,P,32,4,200.55201090872288,50.13800272718072,"[31.987638445571065, 16.664192313328385]",[],"[[""jitter"", ""grayscale""], [""blur""]]"
off,2,2,P,33,4,201.2552861124277,50.31382152810693,"[31.541240285150707, 17.173393513076007]",[],"[[""jitter"", ""grayscale""], [""blur""]]"
off,2,2,P,34,4,197.98047794029117,49.49511948507279,"[31.890127225778997, 16.042512492276728]",[],"[[""jitter"", ""grayscale""], [""blur""]]"
off,2,2,P,35,4,221.70264087617397,55.42566021904349,"[32.06882521044463, 21.761402138508856]",[],"[[""jitter"", ""grayscale""], [""blur""]]"
off,2,2,P,36,4,204.73072491586208,51.18268122896552,"[33.694353769533336, 15.768887475132942]",[],"[[""jitter"", ""grayscale""], [""blur""]]"
off,2,2,P,37,4,204.20570578426123,51.05142644606531,"[28.703038697130978, 20.727806026116014]",[],"[[""jitter"", ""grayscale""], [""blur""]]"
off,2,2,P,38,4,200.944890268147,50.23622256703675,"[31.59475524444133, 17.079588724300265]",[],"[[""jitter"", ""grayscale""], [""blur""]]"
off,2,2,P,39,4,207.4460070580244,51.8615017645061,"[31.391875469125807, 18.918837304227054]",[],"[[""jitter"", ""grayscale""], [""blur""]]"
off,2,2,P,40,4,199.5417852886021,49.88544632215053,"[31.599508016370237, 16.642561531625688]",[],"[[""jitter"", ""grayscale""], [""blur""]]"
off,2,2,P,41,4,198.32694018259645,49.58173504564911,"[31.41421522013843, 16.545228543691337]",[],"[[""jitter"", ""grayscale""], [""blur""]]"
off,2,2,P,42,4,214.98538739979267,53.74634684994817,"[34.698358504101634, 17.565231421031058]",[],"[[""jitter"", ""grayscale""], [""blur""]]"
off,2,2,P,43,4,187.73269094526768,46.93317273631692,"[28.615028015337884, 16.708031995221972]",[],"[[""jitter"", ""grayscale""], [""blur""]]"
off,2,2,P,44,4,189.48322301730514,47.370805754326284,"[29.98702193144709, 15.920242760330439]",[],"[[""jitter"", ""grayscale""], [""blur""]]"
off,2,2,P,45,4,200.95483493059874,50.238708732649684,"[32.829498522914946, 15.843936242163181]",[],"[[""jitter"", ""grayscale""], [""blur""]]"
off,2,2,P,46,4,207.77870994061232,51.94467748515308,"[30.73958493769169, 19.511170452460647]",[],"[[""jitter"", ""grayscale""], [""blur""]]"
off,2,2,P,47,4,224.2394401691854,56.05986004229635,"[34.87504622898996, 19.550618715584278]",[],"[[""jitter"", ""grayscale""], [""blur""]]"
off,2,2,P,48,4,202.08035968244076,50.52008992061019,"[28.636065195314586, 20.353894564323127]",[],"[[""jitter"", ""grayscale""], [""blur""]]"
off,2,2,P,49,4,206.23849239200354,51.559623098000884,"[32.29855443350971, 17.461680457927287]",[],"[[""jitter"", ""grayscale""], [""blur""]]"
off,2,2,P,50,4,204.97475704178214,51.243689260445535,"[31.0364649631083, 18.428810290060937]",[],"[[""jitter"", ""grayscale""], [""blur""]]"
off,2,2,P,51,4,203.32643762230873,50.83160940557718,"[31.08368453104049, 17.896354547701776]",[],"[[""jitter"", ""grayscale""], [""blur""]]"
off,2,2,P,52,4,181.87410198152065,45.46852549538016,"[29.01345246937126, 14.786762767471373]",[],"[[""jitter"", ""grayscale""], [""blur""]]"
off,2,2,P,53,4,235.54537910968065,58.88634477742016,"[37.323417025618255, 19.80882848147303]",[],"[[""jitter"", ""grayscale""], [""blur""]]"
off,2,2,P,54,4,202.2640760987997,50.566019024699926,"[33.992465934716165, 14.447430847212672]",[],"[[""jitter"", ""grayscale""], [""blur""]]"
off,2,2,P,55,4,201.17224706336856,50.29306176584214,"[30.63776227645576, 17.64979271683842]",[],"[[""jitter"", ""grayscale""], [""blur""]]"
off,2,2,P,56,4,193.70807893574238,48.427019733935595,"[29.31838924996555, 16.808279207907617]",[],"[[""jitter"", ""grayscale""], [""blur""]]"
off,2,2,P,57,4,208.5792599245906,52.14481498114765,"[31.135897035710514, 18.800836754962802]",[],"[[""jitter"", ""grayscale""], [""blur""]]"
off,2,2,P,58,4,192.3938333056867,48.09845832642168,"[30.129018356092274, 15.881842467933893]",[],"[[""jitter"", ""grayscale""], [""blur""]]"
off,2,2,P,59,4,210.03729803487659,52.509324508719146,"[28.794009936973453, 21.480966825038195]",[],"[[""jitter"", ""grayscale""], [""blur""]]"
off,2,2,P,60,4,193.36262624710798,48.340656561776996,"[28.58084754552692, 17.51971326302737]",[],"[[""jitter"", ""grayscale""], [""blur""]]"
off,2,2,P,61,4,214.81471369042993,53.70367842260748,"[32.1049039484933, 19.42068978678435]",[],"[[""jitter"", ""grayscale""], [""blur""]]"
off,2,2,P,62,4,207.72834634408355,51.93208658602089,"[34.30592501536012, 15.563864028081298]",[],"[[""jitter"", ""grayscale""], [""blur""]]"
off,2,2,P,63,4,192.02607590705156,48.00651897676289,"[31.01129550486803, 14.766745502129197]",[],"[[""jitter"", ""grayscale""], [""blur""]]"
off,2,2,P,64,4,215.74049489572644,53.93512372393161,"[36.10951325390488, 15.758045017719269]",[],"[[""jitter"", ""grayscale""], [""blur""]]"
off,2,2,P,65,4,180.3553020581603,45.088825514540076,"[29.534816509112716, 13.48015177063644]",[],"[[""jitter"", ""grayscale""], [""blur""]]"
off,2,2,P,66,4,175.4511850886047,43.86279627215117,"[24.41523678135127, 17.496546497568488]",[],"[[""jitter"", ""grayscale""], [""blur""]]"
off,2,2,P,67,4,163.25793089345098,40.814482723362744,"[25.079512502998114, 13.296822551637888]",[],"[[""jitter"", ""grayscale""], [""blur""]]"
off,2,2,P,68,4,143.15141830593348,35.78785457648337,"[21.513245534151793, 12.222564779222012]",[],"[[""jitter"", ""grayscale""], [""blur""]]"
off,2,2,P,69,4,149.8019816353917,37.45049540884793,"[20.498116966336966, 15.07885055616498]",[],"[[""jitter"", ""grayscale""], [""blur""]]"
off,2,2,P,70,4,157.9312440007925,39.482811000198126,"[21.768271923065186, 15.613902709446847]",[],"[[""jitter"", ""grayscale""], [""blur""]]"
off,2,2,P,71,4,182.6658877544105,45.666471938602626,"[28.787471004761755, 14.571077073924243]",[],"[[""jitter"", ""grayscale""], [""blur""]]"
off,2,2,P,72,4,205.37076983600855,51.34269245900214,"[31.267437734641135, 17.91404269170016]",[],"[[""jitter"", ""grayscale""], [""blur""]]"
off,2,2,P,73,4,201.94621430709958,50.486553576774895,"[31.28059604205191, 16.962243476882577]",[],"[[""jitter"", ""grayscale""], [""blur""]]"
off,2,2,P,74,4,201.31148304790258,50.327870761975646,"[29.457792756147683, 18.124754540622234]",[],"[[""jitter"", ""grayscale""], [""blur""]]"
off,2,2,P,75,4,190.23860106244683,47.55965026561171,"[28.719246038235724, 16.34321897290647]",[],"[[""jitter"", ""grayscale""], [""blur""]]"
off,2,2,P,76,4,199.47570422664285,49.86892605666071,"[31.25153621658683, 16.386935720220208]",[],"[[""jitter"", ""grayscale""], [""blur""]]"
off,2,2,P,77,4,203.22886295616627,50.80721573904157,"[31.79486922454089, 16.913968953303993]",[],"[[""jitter"", ""grayscale""], [""blur""]]"
off,2,2,P,78,4,189.9922718293965,47.49806795734912,"[29.63182225357741, 15.676632523536682]",[],"[[""jitter"", ""grayscale""], [""blur""]]"
off,2,2,P,79,4,207.04169990494847,51.76042497623712,"[31.857183435931802, 17.437239992432296]",[],"[[""jitter"", ""grayscale""], [""blur""]]"
off,2,2,P,80,4,198.71391030028462,49.678477575071156,"[30.753822764381766, 16.693999525159597]",[],"[[""jitter"", ""grayscale""], [""blur""]]"
off,2,2,P,81,4,205.11347893625498,51.278369734063745,"[31.482423190027475, 17.748560057953]",[],"[[""jitter"", ""grayscale""], [""blur""]]"
off,2,2,P,82,4,197.67561787739396,49.41890446934849,"[31.75539628136903, 15.880416263826191]",[],"[[""jitter"", ""grayscale""], [""blur""]]"
off,2,2,P,83,4,204.60817916318774,51.152044790796936,"[31.602226081304252, 17.497859545983374]",[],"[[""jitter"", ""grayscale""], [""blur""]]"
off,2,2,P,84,4,209.6957191824913,52.423929795622826,"[32.84106543287635, 18.075562780722976]",[],"[[""jitter"", ""grayscale""], [""blur""]]"
off,2,2,P,85,4,190.54298801347613,47.63574700336903,"[29.538542148657143, 16.32720127236098]",[],"[[""jitter"", ""grayscale""], [""blur""]]"
off,2,2,P,86,4,197.51064525917172,49.37766131479293,"[31.920013949275017, 15.721069183200598]",[],"[[""jitter"", ""grayscale""], [""blur""]]"
off,2,2,P,87,4,200.65184915438294,50.162962288595736,"[31.412792508490384, 17.113132984377444]",[],"[[""jitter"", ""grayscale""], [""blur""]]"
off,2,2,P,88,4,199.98029712587595,49.99507428146899,"[31.203412916511297, 17.206161050125957]",[],"[[""jitter"", ""grayscale""], [""blur""]]"
off,2,2,P,89,4,191.75779772922397,47.93944943230599,"[28.989413171075284, 17.410394502803683]",[],"[[""jitter"", ""grayscale""], [""blur""]]"
off,2,2,P,90,4,200.11833775788546,50.029584439471364,"[30.90865071862936, 17.616679193452]",[],"[[""jitter"", ""grayscale""], [""blur""]]"
off,2,2,P,91,4,205.05845732986927,51.26461433246732,"[30.67048848606646, 18.995704944245517]",[],"[[""jitter"", ""grayscale""], [""blur""]]"
off,2,2,P,92,4,210.1594009436667,52.539850235916674,"[31.710129464045167, 19.24922503530979]",[],"[[""jitter"", ""grayscale""], [""blur""]]"
off,2,2,P,93,4,216.72294987365603,54.18073746841401,"[32.55122690461576, 20.018814713694155]",[],"[[""jitter"", ""grayscale""], [""blur""]]"
off,2,2,P,94,4,190.7183830626309,47.67959576565772,"[29.683555709198117, 16.303850919939578]",[],"[[""jitter"", ""grayscale""], [""blur""]]"
off,2,2,P,95,4,183.17373469471931,45.79343367367983,"[28.26093416661024, 16.04172878433019]",[],"[[""jitter"", ""grayscale""], [""blur""]]"
off,2,2,P,96,4,185.97943289205432,46.49485822301358,"[29.734819778241217, 15.082329278811812]",[],"[[""jitter"", ""grayscale""], [""blur""]]"
off,2,2,P,97,4,198.40742414817214,49.601856037043035,"[30.623498489148915, 17.422041040845215]",[],"[[""jitter"", ""grayscale""], [""blur""]]"
off,2,2,P,98,4,190.15808310359716,47.53952077589929,"[29.65539658907801, 16.178695019334555]",[],"[[""jitter"", ""grayscale""], [""blur""]]"
off,2,2,P,99,4,184.25251403823495,46.06312850955874,"[29.61008681450039, 14.6401256788522]",[],"[[""jitter"", ""grayscale""], [""blur""]]"
off,3,0,F,0,4,128.86244105175138,32.215610262937844,[31.208663946017623],[],"[[""jitter"", ""grayscale"", ""blur""]]"
off,3,0,F,1,4,117.31416825205088,29.32854206301272,[28.43569649849087],[],"[[""jitter"", ""grayscale"", ""blur""]]"
off,3,0,F,2,4,133.05090507492423,33.26272626873106,[32.35203505028039],[],"[[""jitter"", ""grayscale"", ""blur""]]"
off,3,0,F,3,4,155.28728626668453,38.82182156667113,[37.925878539681435],[],"[[""jitter"", ""grayscale"", ""blur""]]"
off,3,0,F,4,4,151.7068357206881,37.926708930172026,[37.022540345788],[],"[[""jitter"", ""grayscale"", ""blur""]]"
off,3,0,F,5,4,207.67999812960625,51.91999953240156,[51.007593516260386],[],"[[""jitter"", ""grayscale"", ""blur""]]"
off,3,0,F,6,4,202.2697371430695,50.567434285767376,[49.660290009342134],[],"[[""jitter"", ""grayscale"", ""blur""]]"
off,3,0,F,7,4,234.30913873016834,58.577284682542086,[57.68761725630611],[],"[[""jitter"", ""grayscale"", ""blur""]]"
off,3,0,F,8,4,227.0557233132422,56.76393082831055,[55.86121208034456],[],"[[""jitter"", ""grayscale"", ""blur""]]"
off,3,0,F,9,4,232.66532085835934,58.166330214589834,[57.17585526872426],[],"[[""jitter"", ""grayscale"", ""blur""]]"
off,3,0,F,10,4,222.74561133235693,55.68640283308923,[54.78590202983469],[],"[[""jitter"", ""grayscale"", ""blur""]]"
off,3,0,F,11,4,201.94109110161662,50.485272775404155,[49.57372474018484],[],"[[""jitter"", ""grayscale"", ""blur""]]"
off,3,0,F,12,4,209.67170689255,52.4179267231375,[51.517812767997384],[],"[[""jitter"", ""grayscale"", ""blur""]]"
off,3,0,F,13,4,191.93993508815765,47.98498377203941,[47.06355044618249],[],"[[""jitter"", ""grayscale"", ""blur""]]"
off,3,0,F,14,4,219.06066127121449,54.76516531780362,[53.87142999097705],[],"[[""jitter"", ""grayscale"", ""blur""]]"
off,3,0,F,15,4,154.5833391137421,38.64583477843553,[37.74487192276865],[],"[[""jitter"", ""grayscale"", ""blur""]]"
off,3,0,F,16,4,161.5272518247366,40.38181295618415,[39.43328373134136],[],"[[""jitter"", ""grayscale"", ""blur""]]"
off,3,0,F,17,4,142.10083382204175,35.52520845551044,[34.64296902529895],[],"[[""jitter"", ""grayscale"", ""blur""]]"
off,3,0,F,18,4,158.21817284449935,39.55454321112484,[38.64333452656865],[],"[[""jitter"", ""grayscale"", ""blur""]]"
off,3,0,F,19,4,152.74833794683218,38.187084486708045,[37.2985927388072],[],"[[""jitter"", ""grayscale"", ""blur""]]"
off,3,0,F,20,4,156.8776248022914,39.21940620057285,[38.333625998348],[],"[[""jitter"", ""grayscale"", ""blur""]]"
off,3,0,F,21,4,146.80211199447513,36.70052799861878,[35.81659100018442],[],"[[""jitter"", ""grayscale"", ""blur""]]"
off,3,0,F,22,4,167.61166881769896,41.90291720442474,[41.02505720220506],[],"[[""jitter"", ""grayscale"", ""blur""]]"
off,3,0,F,23,4,156.44473675638437,39.11118418909609,[38.24688179884106],[],"[[""jitter"", ""grayscale"", ""blur""]]"
off,3,0,F,24,4,173.1512127444148,43.2878031861037,[42.41673252545297],[],"[[""jitter"", ""grayscale"", ""blur""]]"
off,3,0,F,25,4,145.3253119252622,36.33132798131555,[35.465088207274675],[],"[[""jitter"", ""grayscale"", ""blur""]]"
off,3,0,F,26,4,132.74640822783113,33.18660205695778,[32.3212540242821],[],"[[""jitter"", ""grayscale"", ""blur""]]"
off,3,0,F,27,4,130.14540867879987,32.53635216969997,[31.666786409914494],[],"[[""jitter"", ""grayscale"", ""blur""]]"
off,3,0,F,28,4,131.46583316847682,32.866458292119205,[32.00078650843352],[],"[[""jitter"", ""grayscale"", ""blur""]]"
off,3,0,F,29,4,122.30743980035186,30.576859950087965,[29.70689977519214],[],"[[""jitter"", ""grayscale"", ""blur""]]"
off,3,0,F,30,4,123.3627637848258,30.84069094620645,[29.971559997648],[],"[[""jitter"", ""grayscale"", ""blur""]]"
off,3,0,F,31,4,162.95020887628198,40.737552219070494,[39.85795844346285],[],"[[""jitter"", ""grayscale"", ""blur""]]"
off,3,0,F,32,4,173.5052801668644,43.3763200417161,[42.50407393556088],[],"[[""jitter"", ""grayscale"", ""blur""]]"
off,3,0,F,33,4,181.89424369484186,45.473560923710465,[44.50352326966822],[],"[[""jitter"", ""grayscale"", ""blur""]]"
off,3,0,F,34,4,186.23800482600927,46.55950120650232,[45.69703747984022],[],"[[""jitter"", ""grayscale"", ""blur""]]"
off,3,0,F,35,4,179.2020252905786,44.80050632264465,[43.9140684902668],[],"[[""jitter"", ""grayscale"", ""blur""]]"
off,3,0,F,36,4,191.27020705491304,47.81755176372826,[46.82609299197793],[],"[[""jitter"", ""grayscale"", ""blur""]]"
off,3,0,F,37,4,134.8071382381022,33.70178455952555,[32.742188312113285],[],"[[""jitter"", ""grayscale"", ""blur""]]"
off,3,0,F,38,4,119.78535493835807,29.946338734589517,[29.08300224225968],[],"[[""jitter"", ""grayscale"", ""blur""]]"
off,3,0,F,39,4,120.43566070497036,30.10891517624259,[29.235174995847046],[],"[[""jitter"", ""grayscale"", ""blur""]]"
off,3,0,F,40,4,127.6777028106153,31.919425702653825,[31.065206159837544],[],"[[""jitter"", ""grayscale"", ""blur""]]"
off,3,0,F,41,4,124.43784810602665,31.109462026506662,[30.161759350448847],[],"[[""jitter"", ""grayscale"", ""blur""]]"
off,3,0,F,42,4,107.37361572682858,26.843403931707144,[25.969164678826928],[],"[[""jitter"", ""grayscale"", ""blur""]]"
off,3,0,F,43,4,104.23170030117035,26.057925075292587,[25.166761479340494],[],"[[""jitter"", ""grayscale"", ""blur""]]"
off,3,0,F,44,4,114.37650304287672,28.59412576071918,[27.732988935895264],[],"[[""jitter"", ""grayscale"", ""blur""]]"
off,3,0,F,45,4,112.77943197637796,28.19485799409449,[27.330331038683653],[],"[[""jitter"", ""grayscale"", ""blur""]]"
off,3,0,F,46,4,116.39261897653341,29.098154744133353,[28.230245574377477],[],"[[""jitter"", ""grayscale"", ""blur""]]"
off,3,0,F,47,4,120.34855503588915,30.087138758972287,[29.20581225771457],[],"[[""jitter"", ""grayscale"", ""blur""]]"
off,3,0,F,48,4,120.05702406167984,30.01425601541996,[29.15453410241753],[],"[[""jitter"", ""grayscale"", ""blur""]]"
off,3,0,F,49,4,125.41332608088851,31.353331520222127,[30.510255019180477],[],"[[""jitter"", ""grayscale"", ""blur""]]"
off,3,0,F,50,4,118.16840199753642,29.542100499384105,[28.67866784799844],[],"[[""jitter"", ""grayscale"", ""blur""]]"
off,3,0,F,51,4,115.08168978616595,28.770422446541488,[27.869425481185317],[],"[[""jitter"", ""grayscale"", ""blur""]]"
off,3,0,F,52,4,110.89642159640789,27.724105399101973,[26.855531497858465],[],"[[""jitter"", ""grayscale"", ""blur""]]"
off,3,0,F,53,4,123.23924992233515,30.809812480583787,[29.946405556984246],[],"[[""jitter"", ""grayscale"", ""blur""]]"
off,3,0,F,54,4,119.44390693679452,29.86097673419863,[29.000527691096067],[],"[[""jitter"", ""grayscale"", ""blur""]]"
off,3,0,F,55,4,123.38092969730496,30.84523242432624,[29.9872379982844],[],"[[""jitter"", ""grayscale"", ""blur""]]"
off,3,0,F,56,4,115.88409543037415,28.971023857593536,[28.11431500595063],[],"[[""jitter"", ""grayscale"", ""blur""]]"
off,3,0,F,57,4,123.12124390155077,30.780310975387692,[29.918192769400775],[],"[[""jitter"", ""grayscale"", ""blur""]]"
off,3,0,F,58,4,126.5688450075686,31.64221125189215,[30.78293171711266],[],"[[""jitter"", ""grayscale"", ""blur""]]"
off,3,0,F,59,4,101.09357628971338,25.273394072428346,[24.05192144215107],[],"[[""jitter"", ""grayscale"", ""blur""]]"
off,3,0,F,60,4,114.23394596204162,28.558486490510404,[27.686465298756957],[],"[[""jitter"", ""grayscale"", ""blur""]]"
off,3,0,F,61,4,112.19597375020385,28.048993437550962,[27.179900789633393],[],"[[""jitter"", ""grayscale"", ""blur""]]"
off,3,0,F,62,4,112.97340784221888,28.24335196055472,[27.383194537833333],[],"[[""jitter"", ""grayscale"", ""blur""]]"
off,3,0,F,63,4,116.68643495067954,29.171608737669885,[28.311000438407063],[],"[[""jitter"", ""grayscale"", ""blur""]]"
off,3,0,F,64,4,119.03896695002913,29.759741737507284,[28.88142573647201],[],"[[""jitter"", ""grayscale"", ""blur""]]"
off,3,0,F,65,4,121.61744991317391,30.40436247829348,[29.25201808102429],[],"[[""jitter"", ""grayscale"", ""blur""]]"
off,3,0,F,66,4,109.87142706289887,27.46785676572472,[26.61160274874419],[],"[[""jitter"", ""grayscale"", ""blur""]]"
off,3,0,F,67,4,123.87650599703193,30.969126499257982,[30.2459109807387],[],"[[""jitter"", ""grayscale"", ""blur""]]"
off,3,0,F,68,4,129.4600791297853,32.365019782446325,[31.65881324093789],[],"[[""jitter"", ""grayscale"", ""blur""]]"
off,3,0,F,69,4,138.47114983946085,34.61778745986521,[33.724767970852554],[],"[[""jitter"", ""grayscale"", ""blur""]]"
off,3,0,F,70,4,147.82862039282918,36.957155098207295,[36.09260881785303],[],"[[""jitter"", ""grayscale"", ""blur""]]"
off,3,0,F,71,4,128.1979070045054,32.04947675112635,[31.184341991320252],[],"[[""jitter"", ""grayscale"", ""blur""]]"
off,3,0,F,72,4,120.32993417233229,30.08248354308307,[29.134033247828484],[],"[[""jitter"", ""grayscale"", ""blur""]]"
off,3,0,F,73,4,114.74245088174939,28.685612720437348,[27.810822939500213],[],"[[""jitter"", ""grayscale"", ""blur""]]"
off,3,0,F,74,4,121.13536009564996,30.28384002391249,[29.331055586226285],[],"[[""jitter"", ""grayscale"", ""blur""]]"
off,3,0,F,75,4,111.55426688492298,27.888566721230745,[27.028474723920226],[],"[[""jitter"", ""grayscale"", ""blur""]]"
off,3,0,F,76,4,107.60678024962544,26.90169506240636,[26.049613021314144],[],"[[""jitter"", ""grayscale"", ""blur""]]"
off,3,0,F,77,4,110.67007295787334,27.667518239468336,[26.713212486356497],[],"[[""jitter"", ""grayscale"", ""blur""]]"
off,3,0,F,78,4,120.9585340693593,30.239633517339826,[29.3800407089293],[],"[[""jitter"", ""grayscale"", ""blur""]]"
off,3,0,F,79,4,113.505186047405,28.37629651185125,[27.48536446597427],[],"[[""jitter"", ""grayscale"", ""blur""]]"
off,3,0,F,80,4,115.98768597468734,28.996921493671834,[28.11381046194583],[],"[[""jitter"", ""grayscale"", ""blur""]]"
off,3,0,F,81,4,111.03491578251123,27.75872894562781,[26.888748281635344],[],"[[""jitter"", ""grayscale"", ""blur""]]"
off,3,0,F,82,4,114.23607775941491,28.559019439853728,[27.69782568793744],[],"[[""jitter"", ""grayscale"", ""blur""]]"
off,3,0,F,83,4,126.7269728705287,31.681743217632174,[30.809888965450227],[],"[[""jitter"", ""grayscale"", ""blur""]]"
off,3,0,F,84,4,122.67992505803704,30.66998126450926,[29.60851672105491],[],"[[""jitter"", ""grayscale"", ""blur""]]"
off,3,0,F,85,4,123.01539815962315,30.753849539905787,[29.894353006966412],[],"[[""jitter"", ""grayscale"", ""blur""]]"
off,3,0,F,86,4,122.38477077335119,30.596192693337798,[29.717153287492692],[],"[[""jitter"", ""grayscale"", ""blur""]]"
off,3,0,F,87,4,113.83240902796388,28.45810225699097,[27.582365670241416],[],"[[""jitter"", ""grayscale"", ""blur""]]"
off,3,0,F,88,4,122.13928624987602,30.534821562469006,[29.66784778982401],[],"[[""jitter"", ""grayscale"", ""blur""]]"
off,3,0,F,89,4,119.08851517364383,29.772128793410957,[28.824255685321987],[],"[[""jitter"", ""grayscale"", ""blur""]]"
off,3,0,F,90,4,121.01341504603624,30.25335376150906,[29.26650340668857],[],"[[""jitter"", ""grayscale"", ""blur""]]"
off,3,0,F,91,4,120.68618321791291,30.171545804478228,[29.320788104087114],[],"[[""jitter"", ""grayscale"", ""blur""]]"
off,3,0,F,92,4,120.4112689010799,30.102817225269973,[29.22574325930327],[],"[[""jitter"", ""grayscale"", ""blur""]]"
off,3,0,F,93,4,118.2993808761239,29.574845219030976,[28.721893788315356],[],"[[""jitter"", ""grayscale"", ""blur""]]"
off,3,0,F,94,4,120.00067578628659,30.000168946571648,[29.13169178646058],[],"[[""jitter"", ""grayscale"", ""blur""]]"
off,3,0,F,95,4,120.18029624596238,30.045074061490595,[29.130910173989832],[],"[[""jitter"", ""grayscale"", ""blur""]]"
off,3,0,F,96,4,112.7263531088829,28.181588277220726,[27.31548890005797],[],"[[""jitter"", ""grayscale"", ""blur""]]"
off,3,0,F,97,4,123.15117288380861,30.787793220952153,[29.91922351066023],[],"[[""jitter"", ""grayscale"", ""blur""]]"
off,3,0,F,98,4,113.1636118516326,28.29090296290815,[27.436395292170346],[],"[[""jitter"", ""grayscale"", ""blur""]]"
off,3,0,F,99,4,113.58425999060273,28.396064997650683,[27.396426652558148],[],"[[""jitter"", ""grayscale"", ""blur""]]"
off,3,1,P,0,4,168.00573887303472,42.00143471825868,"[26.240367791615427, 14.15798848029226]",[],"[[""jitter"", ""grayscale""], [""blur""]]"
off,3,1,P,1,4,181.92954640835524,45.48238660208881,"[27.88773726206273, 15.922679682262242]",[],"[[""jitter"", ""grayscale""], [""blur""]]"
off,3,1,P,2,4,191.93598581478,47.983996453695,"[24.66636069584638, 21.620199782773852]",[],"[[""jitter"", ""grayscale""], [""blur""]]"
off,3,1,P,3,4,183.28076973557472,45.82019243389368,"[28.51737244054675, 15.632397029548883]",[],"[[""jitter"", ""grayscale""], [""blur""]]"
off,3,1,P,4,4,171.7518107034266,42.93795267585665,"[26.51614206843078, 14.865051722154021]",[],"[[""jitter"", ""grayscale""], [""blur""]]"
off,3,1,P,5,4,191.28022901713848,47.82005725428462,"[30.289759510196745, 15.927450731396675]",[],"[[""jitter"", ""grayscale""], [""blur""]]"
off,3,1,P,6,4,181.45150691270828,45.36287672817707,"[27.822916978038847, 16.066052252426744]",[],"[[""jitter"", ""grayscale""], [""blur""]]"
off,3,1,P,7,4,193.13712418079376,48.28428104519844,"[28.14398577902466, 18.4544570511207]",[],"[[""jitter"", ""grayscale""], [""blur""]]"
off,3,1,P,8,4,202.15642265975475,50.53910566493869,"[30.773594276979566, 18.261344521306455]",[],"[[""jitter"", ""grayscale""], [""blur""]]"
off,3,1,P,9,4,212.626317050308,53.156579262577,"[31.072787707671523, 20.488185808062553]",[],"[[""jitter"", ""grayscale""], [""blur""]]"
off,3,1,P,10,4,196.1993696168065,49.04984240420163,"[31.273093074560165, 16.317309229634702]",[],"[[""jitter"", ""grayscale""], [""blur""]]"
off,3,1,P,11,4,195.23627264425159,48.809068161062896,"[32.08936704322696, 15.138948685489595]",[],"[[""jitter"", ""grayscale""], [""blur""]]"
off,3,1,P,12,4,217.80594903975725,54.45148725993931,"[37.398045998997986, 15.575653756968677]",[],"[[""jitter"", ""grayscale""], [""blur""]]"
off,3,1,P,13,4,194.8207630775869,48.70519076939672,"[31.648980570025742, 15.36333526019007]",[],"[[""jitter"", ""grayscale""], [""blur""]]"
off,3,1,P,14,4,188.68809705600142,47.172024264000356,"[29.67977453954518, 16.035412903875113]",[],"[[""jitter"", ""grayscale""], [""blur""]]"
off,3,1,P,15,4,194.59603819996119,48.649009549990296,"[28.78273348324001, 18.361031427048147]",[],"[[""jitter"", ""grayscale""], [""blur""]]"
off,3,1,P,16,4,207.29969395324588,51.82492348831147,"[31.19645605329424, 19.14231793489307]",[],"[[""jitter"", ""grayscale""], [""blur""]]"
off,3,1,P,17,4,192.94806523248553,48.23701630812138,"[30.574425007216632, 15.856891754083335]",[],"[[""jitter"", ""grayscale""], [""blur""]]"
off,3,1,P,18,4,193.3824559673667,48.345613991841674,"[29.742150683887303, 17.11449830327183]",[],"[[""jitter"", ""grayscale""], [""blur""]]"
off,3,1,P,19,4,208.72246101498604,52.18061525374651,"[35.232562688179314, 15.119439689442515]",[],"[[""jitter"", ""grayscale""], [""blur""]]"
off,3,1,P,20,4,192.22354609519243,48.05588652379811,"[32.12340921163559, 14.245079015381634]",[],"[[""jitter"", ""grayscale""], [""blur""]]"
off,3,1,P,21,4,194.79645183309913,48.69911295827478,"[31.81861573830247, 15.223753056488931]",[],"[[""jitter"", ""grayscale""], [""blur""]]"
off,3,1,P,22,4,200.8726899512112,50.2181724878028,"[34.568827017210424, 13.943806756287813]",[],"[[""jitter"", ""grayscale""], [""blur""]]"
off,3,1,P,23,4,181.73562735319138,45.433906838297844,"[26.99627901893109, 16.852448461577296]",[],"[[""jitter"", ""grayscale""], [""blur""]]"
off,3,1,P,24,4,174.99271919950843,43.74817979987711,"[27.9359397245571, 14.141670777462423]",[],"[[""jitter"", ""grayscale""], [""blur""]]"
off,3,1,P,25,4,166.8256837874651,41.706420946866274,"[26.85592952184379, 13.30014446284622]",[],"[[""jitter"", ""grayscale""], [""blur""]]"
off,3,1,P,26,4,156.27858694642782,39.069646736606956,"[24.6167037403211, 12.878470704890788]",[],"[[""jitter"", ""grayscale""], [""blur""]]"
off,3,1,P,27,4,140.7768609933555,35.19421524833888,"[19.777429988607764, 13.779218541458249]",[],"[[""jitter"", ""grayscale""], [""blur""]]"
off,3,1,P,28,4,153.26904691755772,38.31726172938943,"[22.111676167696714, 14.50983399990946]",[],"[[""jitter"", ""grayscale""], [""blur""]]"
off,3,1,P,29,4,194.65850200504065,48.66462550126016,"[29.677195474505424, 17.498309956863523]",[],"[[""jitter"", ""grayscale""], [""blur""]]"
off,3,1,P,30,4,188.55343759059906,47.138359397649765,"[29.730696929618716, 15.859140432439744]",[],"[[""jitter"", ""grayscale""], [""blur""]]"
off,3,1,P,31,4,206.10641734674573,51.52660433668643,"[30.621752724982798, 19.251047750003636]",[],"[[""jitter"", ""grayscale""], [""blur""]]"
off,3,1,P,32,4,199.6690002270043,49.91725005675107,"[29.35585775412619, 18.876474001444876]",[],"[[""jitter"", ""grayscale""], [""blur""]]"
off,3,1,P,33,4,198.52746883407235,49.63186720851809,"[28.751924983225763, 19.301987485960126]",[],"[[""jitter"", ""grayscale""], [""blur""]]"
off,3,1,P,34,4,211.7465608753264,52.9366402188316,"[35.30361317098141, 15.894356183707714]",[],"[[""jitter"", ""grayscale""], [""blur""]]"
off,3,1,P,35,4,189.118015114218,47.2795037785545,"[29.37904419377446, 16.33244624827057]",[],"[[""jitter"", ""grayscale""], [""blur""]]"
off,3,1,P,36,4,192.04502319917083,48.01125579979271,"[30.31314245890826, 16.121899941936135]",[],"[[""jitter"", ""grayscale""], [""blur""]]"
off,3,1,P,37,4,194.88078681752086,48.720196704380214,"[32.2356375399977, 14.799978234805167]",[],"[[""jitter"", ""grayscale""], [""blur""]]"
off,3,1,P,38,4,205.3220090456307,51.33050226140767,"[30.778344487771392, 19.04846529942006]",[],"[[""jitter"", ""grayscale""], [""blur""]]"
off,3,1,P,39,4,189.9031549692154,47.47578874230385,"[29.096485930494964, 16.697608050890267]",[],"[[""jitter"", ""grayscale""], [""blur""]]"
off,3,1,P,40,4,211.1967192031443,52.79917980078608,"[31.71883220784366, 19.481354509480298]",[],"[[""jitter"", ""grayscale""], [""blur""]]"
off,3,1,P,41,4,204.31353617459536,51.07838404364884,"[31.533067929558456, 18.080048030242324]",[],"[[""jitter"", ""grayscale""], [""blur""]]"
off,3,1,P,42,4,187.95171519741416,46.98792879935354,"[29.13179947063327, 16.249537700787187]",[],"[[""jitter"", ""grayscale""], [""blur""]]"
off,3,1,P,43,4,198.43408605083823,49.60852151270956,"[32.09782368503511, 15.846731257624924]",[],"[[""jitter"", ""grayscale""], [""blur""]]"
off,3,1,P,44,4,199.15932323783636,49.78983080945909,"[30.945771257393062, 17.355420743115246]",[],"[[""jitter"", ""grayscale""], [""blur""]]"
off,3,1,P,45,4,205.57013107463717,51.392532768659294,"[28.95097970031202, 20.848587970249355]",[],"[[""jitter"", ""grayscale""], [""blur""]]"
off,3,1,P,46,4,211.4897770807147,52.872444270178676,"[32.893587718717754, 18.367896089330316]",[],"[[""jitter"", ""grayscale""], [""blur""]]"
off,3,1,P,47,4,220.43418092653155,55.10854523163289,"[32.50042372383177, 21.003768197260797]",[],"[[""jitter"", ""grayscale""], [""blur""]]"
off,3,1,P,48,4,195.4863932915032,48.8715983228758,"[31.064138282090425, 16.12986600957811]",[],"[[""jitter"", ""grayscale""], [""blur""]]"
off,3,1,P,49,4,195.4650362022221,48.86625905055553,"[30.014515505172312, 17.25018722936511]",[],"[[""jitter"", ""grayscale""], [""blur""]]"
off,3,1,P,50,4,214.22496670857072,53.55624167714268,"[35.44304647948593, 16.501929494552314]",[],"[[""jitter"", ""grayscale""], [""blur""]]"
off,3,1,P,51,4,192.03994516283274,48.009986290708184,"[30.995638808235526, 15.384329482913017]",[],"[[""jitter"", ""grayscale""], [""blur""]]"
off,3,1,P,52,4,214.53834418207407,53.63458604551852,"[35.446687950752676, 16.680833301506937]",[],"[[""jitter"", ""grayscale""], [""blur""]]"
off,3,1,P,53,4,203.7026952020824,50.9256738005206,"[32.62049495242536, 16.70294115319848]",[],"[[""jitter"", ""grayscale""], [""blur""]]"
off,3,1,P,54,4,203.70891690254211,50.92722922563553,"[31.35138947982341, 18.013573717325926]",[],"[[""jitter"", ""grayscale""], [""blur""]]"
off,3,1,P,55,4,220.8953439258039,55.223835981450975,"[36.40836349222809, 17.05507922451943]",[],"[[""jitter"", ""grayscale""], [""blur""]]"
off,3,1,P,56,4,203.1148080714047,50.778702017851174,"[33.843046287074685, 15.179040841758251]",[],"[[""jitter"", ""grayscale""], [""blur""]]"
off,3,1,P,57,4,201.06843207031488,50.26710801757872,"[31.173901981674135, 17.53577950876206]",[],"[[""jitter"", ""grayscale""], [""blur""]]"
off,3,1,P,58,4,219.55601777881384,54.88900444470346,"[30.81724199000746, 22.466050810180604]",[],"[[""jitter"", ""grayscale""], [""blur""]]"
off,3,1,P,59,4,195.46352606266737,48.86588151566684,"[31.32529731374234, 15.877453261055052]",[],"[[""jitter"", ""grayscale""], [""blur""]]"
off,3,1,P,60,4,235.14011735096574,58.785029337741435,"[34.91952805779874, 22.379860747605562]",[],"[[""jitter"", ""grayscale""], [""blur""]]"
off,3,1,P,61,4,185.6718179769814,46.41795449424535,"[29.580510454252362, 15.363382757641375]",[],"[[""jitter"", ""grayscale""], [""blur""]]"
off,3,1,P,62,4,207.57568115368485,51.893920288421214,"[32.0129010360688, 18.420858425088227]",[],"[[""jitter"", ""grayscale""], [""blur""]]"
off,3,1,P,63,4,218.15898781642318,54.539746954105794,"[36.31617676001042, 16.68652635999024]",[],"[[""jitter"", ""grayscale""], [""blur""]]"
off,3,1,P,64,4,188.7613837607205,47.19034594018012,"[29.57769576460123, 16.020933748222888]",[],"[[""jitter"", ""grayscale""], [""blur""]]"
off,3,1,P,65,4,192.89607787504792,48.22401946876198,"[30.33619443885982, 16.1762279458344]",[],"[[""jitter"", ""grayscale""], [""blur""]]"
off,3,1,P,66,4,206.85793412849307,51.71448353212327,"[33.17523282021284, 16.943551250733435]",[],"[[""jitter"", ""grayscale""], [""blur""]]"
off,3,1,P,67,4,204.78166220709682,51.195415551774204,"[31.341510824859142, 18.210328300483525]",[],"[[""jitter"", ""grayscale""], [""blur""]]"
off,3,1,P,68,4,190.8072759397328,47.7018189849332,"[29.343182686716318, 16.876022215001285]",[],"[[""jitter"", ""grayscale""], [""blur""]]"
off,3,1,P,69,4,196.95712300017476,49.23928075004369,"[30.065655941143632, 17.696715309284627]",[],"[[""jitter"", ""grayscale""], [""blur""]]"
off,3,1,P,70,4,195.07986679673195,48.76996669918299,"[31.10524849034846, 15.852255513891578]",[],"[[""jitter"", ""grayscale""], [""blur""]]"
off,3,1,P,71,4,199.01489885523915,49.75372471380979,"[32.29988901875913, 15.861388528719544]",[],"[[""jitter"", ""grayscale""], [""blur""]]"
off,3,1,P,72,4,206.5819064155221,51.645476603880525,"[34.68344348948449, 15.298241749405861]",[],"[[""jitter"", ""grayscale""], [""blur""]]"
off,3,1,P,73,4,190.17727486789227,47.544318716973066,"[29.64635449461639, 16.308053280226886]",[],"[[""jitter"", ""grayscale""], [""blur""]]"
off,3,1,P,74,4,198.88291135430336,49.72072783857584,"[31.400831998325884, 16.859410447068512]",[],"[[""jitter"", ""grayscale""], [""blur""]]"
off,3,1,P,75,4,210.97491728141904,52.74372932035476,"[33.020526519976556, 18.122628098353744]",[],"[[""jitter"", ""grayscale""], [""blur""]]"
off,3,1,P,76,4,202.96877203509212,50.74219300877303,"[29.66604323592037, 19.4870870327577]",[],"[[""jitter"", ""grayscale""], [""blur""]]"
off,3,1,P,77,4,184.74821280688047,46.18705320172012,"[28.733114362694323, 15.983297023922205]",[],"[[""jitter"", ""grayscale""], [""blur""]]"
off,3,1,P,78,4,197.90417794138193,49.47604448534548,"[29.478537500835955, 18.267026753164828]",[],"[[""jitter"", ""grayscale""], [""blur""]]"
off,3,1,P,79,4,220.88937601074576,55.22234400268644,"[38.097830838523805, 15.447665355168283]",[],"[[""jitter"", ""grayscale""], [""blur""]]"
off,3,1,P,80,4,185.67692302167416,46.41923075541854,"[29.254216933622956, 15.669341548345983]",[],"[[""jitter"", ""grayscale""], [""blur""]]"
off,3,1,P,81,4,196.02184183895588,49.00546045973897,"[31.080015818588436, 16.280131763778627]",[],"[[""jitter"", ""grayscale""], [""blur""]]"
off,3,1,P,82,4,198.81620397791266,49.704050994478166,"[31.80722100660205, 16.26488077454269]",[],"[[""jitter"", ""grayscale""], [""blur""]]"
off,3,1,P,83,4,196.97474595159292,49.24368648789823,"[31.980629777535796, 15.787797514349222]",[],"[[""jitter"", ""grayscale""], [""blur""]]"
off,3,1,P,84,4,190.14702178537846,47.536755446344614,"[30.476867221295834, 15.572808566503227]",[],"[[""jitter"", ""grayscale""], [""blur""]]"
off,3,1,P,85,4,206.2388239428401,51.559705985710025,"[30.889299232512712, 19.185249460861087]",[],"[[""jitter"", ""grayscale""], [""blur""]]"
off,3,1,P,86,4,197.61353684589267,49.40338421147317,"[31.082767760381103, 16.778505756519735]",[],"[[""jitter"", ""grayscale""], [""blur""]]"
off,3,1,P,87,4,186.592570040375,46.64814251009375,"[30.26795433834195, 14.882052200846374]",[],"[[""jitter"", ""grayscale""], [""blur""]]"
off,3,1,P,88,4,209.93624906986952,52.48406226746738,"[34.38323980662972, 16.38235046993941]",[],"[[""jitter"", ""grayscale""], [""blur""]]"
off,3,1,P,89,4,189.290729817003,47.32268245425075,"[30.60690255369991, 15.101950033567846]",[],"[[""jitter"", ""grayscale""], [""blur""]]"
off,3,1,P,90,4,202.68103014677763,50.67025753669441,"[30.843848478980362, 18.18775257561356]",[],"[[""jitter"", ""grayscale""], [""blur""]]"
off,3,1,P,91,4,202.4716711603105,50.61791779007763,"[32.66607073601335, 16.450112219899893]",[],"[[""jitter"", ""grayscale""], [""blur""]]"
off,3,1,P,92,4,206.4168001525104,51.6042000381276,"[28.501122258603573, 21.609176066704094]",[],"[[""jitter"", ""grayscale""], [""blur""]]"
off,3,1,P,93,4,188.83241014555097,47.20810253638774,"[29.437301331199706, 16.034545842558146]",[],"[[""jitter"", ""grayscale""], [""blur""]]"
off,3,1,P,94,4,186.49965431541204,46.62491357885301,"[30.32952023204416, 14.61133814882487]",[],"[[""jitter"", ""grayscale""], [""blur""]]"
off,3,1,P,95,4,246.53554614633322,61.633886536583304,"[41.67845495976508, 18.4733213391155]",[],"[[""jitter"", ""grayscale""], [""blur""]]"
off,3,1,P,96,4,191.54854072257876,47.88713518064469,"[31.38005151413381, 14.922814909368753]",[],"[[""jitter"", ""grayscale""], [""blur""]]"
off,3,1,P,97,4,214.04130198061466,53.510325495153666,"[34.89041654393077, 17.139673233032227]",[],"[[""jitter"", ""grayscale""], [""blur""]]"
off,3,1,P,98,4,183.24577063322067,45.81144265830517,"[29.66378757264465, 14.6514349617064]",[],"[[""jitter"", ""grayscale""], [""blur""]]"
off,3,1,P,99,4,187.55792221054435,46.88948055263609,"[30.41276172734797, 14.815136324614286]",[],"[[""jitter"", ""grayscale""], [""blur""]]"
off,3,2,U,0,4,268.7466759234667,67.18666898086667,"[32.49486780259758, 15.75437153223902, 16.221581725403666]",[],"[[""jitter""], [""grayscale""], [""blur""]]"
off,3,2,U,1,4,242.66560981050134,60.666402452625334,"[29.567330493591726, 14.045723946765065, 14.335428248159587]",[],"[[""jitter""], [""grayscale""], [""blur""]]"
off,3,2,U,2,4,234.29399775341153,58.57349943835288,"[26.70286619104445, 15.176148037426174, 14.22671542968601]",[],"[[""jitter""], [""grayscale""], [""blur""]]"
off,3,2,U,3,4,255.23125799372792,63.80781449843198,"[27.90282783098519, 19.327290006913245, 14.048001496121287]",[],"[[""jitter""], [""grayscale""], [""blur""]]"
off,3,2,U,4,4,237.6874890178442,59.42187225446105,"[26.834624586626887, 16.704842098988593, 13.132478459738195]",[],"[[""jitter""], [""grayscale""], [""blur""]]"
off,3,2,U,5,4,238.88545809313655,59.72136452328414,"[25.82044352311641, 16.630733269266784, 14.654407044872642]",[],"[[""jitter""], [""grayscale""], [""blur""]]"
off,3,2,U,6,4,231.4706821925938,57.86767054814845,"[25.35924327094108, 16.753248521126807, 13.218902982771397]",[],"[[""jitter""], [""grayscale""], [""blur""]]"
off,3,2,U,7,4,266.51442935690284,66.62860733922571,"[27.75772474706173, 19.67845018953085, 16.535168513655663]",[],"[[""jitter""], [""grayscale""], [""blur""]]"
off,3,2,U,8,4,233.16423315554857,58.29105828888714,"[27.21455122809857, 14.31194320321083, 14.183718711137772]",[],"[[""jitter""], [""grayscale""], [""blur""]]"
off,3,2,U,9,4,247.76495108380914,61.941237770952284,"[28.126063058152795, 14.205270679667592, 16.99747401289642]",[],"[[""jitter""], [""grayscale""], [""blur""]]"
off,3,2,U,10,4,246.30388524383307,61.575971310958266,"[27.332867961376905, 15.426344005391002, 15.997665701434016]",[],"[[""jitter""], [""grayscale""], [""blur""]]"
off,3,2,U,11,4,251.2231539003551,62.805788475088775,"[28.256984194740653, 14.488988206721842, 17.455750494264066]",[],"[[""jitter""], [""grayscale""], [""blur""]]"
off,3,2,U,12,4,246.9963519833982,61.74908799584955,"[28.735124389640987, 15.854746685363352, 14.403483248315752]",[],"[[""jitter""], [""grayscale""], [""blur""]]"
off,3,2,U,13,4,241.1403409205377,60.28508523013443,"[29.073996702209115, 13.128885766491294, 15.616748947650194]",[],"[[""jitter""], [""grayscale""], [""blur""]]"
off,3,2,U,14,4,246.66666379198432,61.66666594799608,"[28.763968031853437, 15.613202005624771, 14.585948782041669]",[],"[[""jitter""], [""grayscale""], [""blur""]]"
off,3,2,U,15,4,251.99207616969943,62.99801904242486,"[29.309261473827064, 13.503425405360758, 17.60354603175074]",[],"[[""jitter""], [""grayscale""], [""blur""]]"
off,3,2,U,16,4,236.38545302674174,59.096363256685436,"[28.214234276674688, 13.924996252171695, 14.154311968013644]",[],"[[""jitter""], [""grayscale""], [""blur""]]"
off,3,2,U,17,4,260.6678521260619,65.16696303151548,"[30.311719980090857, 14.703523251228034, 17.540892004035413]",[],"[[""jitter""], [""grayscale""], [""blur""]]"
off,3,2,U,18,4,235.10251380503178,58.775628451257944,"[27.64622902031988, 14.426239766180515, 14.167086104862392]",[],"[[""jitter""], [""grayscale""], [""blur""]]"
off,3,2,U,19,4,245.9760382771492,61.4940095692873,"[29.648860218003392, 11.830726987682283, 17.208864213898778]",[],"[[""jitter""], [""grayscale""], [""blur""]]"
off,3,2,U,20,4,250.10561011731625,62.52640252932906,"[28.16627675201744, 15.987714752554893, 15.696153044700623]",[],"[[""jitter""], [""grayscale""], [""blur""]]"
off,3,2,U,21,4,270.5624862574041,67.64062156435102,"[30.890606809407473, 15.702503267675638, 18.07198894675821]",[],"[[""jitter""], [""grayscale""], [""blur""]]"
off,3,2,U,22,4,260.4589927941561,65.11474819853902,"[29.659645748324692, 15.15195646788925, 17.591062234714627]",[],"[[""jitter""], [""grayscale""], [""blur""]]"
off,3,2,U,23,4,252.59529892355204,63.14882473088801,"[30.20293975714594, 15.667178551666439, 14.799934811890125]",[],"[[""jitter""], [""grayscale""], [""blur""]]"
off,3,2,U,24,4,240.76298531144857,60.19074632786214,"[25.923907291144133, 13.617960270494223, 17.96163059771061]",[],"[[""jitter""], [""grayscale""], [""blur""]]"
off,3,2,U,25,4,271.500610280782,67.8751525701955,"[32.20971650443971, 16.842339769937098, 16.372220474295318]",[],"[[""jitter""], [""grayscale""], [""blur""]]"
off,3,2,U,26,4,277.503470890224,69.375867722556,"[30.426580109633505, 16.044599236920476, 20.09742276277393]",[],"[[""jitter""], [""grayscale""], [""blur""]]"
off,3,2,U,27,4,250.28060795739293,62.57015198934823,"[27.612230740487576, 15.085535938851535, 17.10694923531264]",[],"[[""jitter""], [""grayscale""], [""blur""]]"
off,3,2,U,28,4,262.8963361494243,65.72408403735608,"[27.364793233573437, 20.6950445426628, 15.00532845966518]",[],"[[""jitter""], [""grayscale""], [""blur""]]"
off,3,2,U,29,4,261.4970407448709,65.37426018621773,"[29.653445235453546, 16.020482522435486, 16.839509014971554]",[],"[[""jitter""], [""grayscale""], [""blur""]]"
off,3,2,U,30,4,255.81398978829384,63.95349744707346,"[29.390038806013763, 15.192360267974436, 16.54565625358373]",[],"[[""jitter""], [""grayscale""], [""blur""]]"
off,3,2,U,31,4,244.6317719295621,61.15794298239052,"[28.25510175898671, 16.274795052595437, 14.103129273280501]",[],"[[""jitter""], [""grayscale""], [""blur""]]"
off,3,2,U,32,4,258.8393432088196,64.7098358022049,"[29.129790840670466, 13.957352261058986, 19.016444217413664]",[],"[[""jitter""], [""grayscale""], [""blur""]]"
off,3,2,U,33,4,247.42587422952056,61.85646855738014,"[29.838450718671083, 15.4915974708274, 14.104063506238163]",[],"[[""jitter""], [""grayscale""], [""blur""]]"
off,3,2,U,34,4,246.8545539304614,61.71363848261535,"[28.099706512875855, 14.166481560096145, 16.786228981800377]",[],"[[""jitter""], [""grayscale""], [""blur""]]"
off,3,2,U,35,4,250.28032483533025,62.57008120883256,"[29.38312152400613, 14.86418570857495, 15.638582757674158]",[],"[[""jitter""], [""grayscale""], [""blur""]]"
off,3,2,U,36,4,245.0426621362567,61.260665534064174,"[30.87887552101165, 12.19764247070998, 15.59469650965184]",[],"[[""jitter""], [""grayscale""], [""blur""]]"
off,3,2,U,37,4,237.97520203515887,59.49380050878972,"[27.134053991176188, 15.607198816724122, 14.11151618231088]",[],"[[""jitter""], [""grayscale""], [""blur""]]"
off,3,2,U,38,4,238.67651773616672,59.66912943404168,"[28.287322958931327, 13.522990746423602, 15.362484031356871]",[],"[[""jitter""], [""grayscale""], [""blur""]]"
off,3,2,U,39,4,240.46547198668122,60.116367996670306,"[27.176894713193178, 15.729204984381795, 14.535296242684126]",[],"[[""jitter""], [""grayscale""], [""blur""]]"
off,3,2,U,40,4,238.89398202300072,59.72349550575018,"[28.41268654447049, 13.625097693875432, 15.029690926894546]",[],"[[""jitter""], [""grayscale""], [""blur""]]"
off,3,2,U,41,4,238.73528791591525,59.68382197897881,"[27.13177551049739, 14.88191238604486, 15.048620058223605]",[],"[[""jitter""], [""grayscale""], [""blur""]]"
off,3,2,U,42,4,246.071747969836,61.517936992459,"[29.66070279944688, 14.29655752144754, 14.954785467125475]",[],"[[""jitter""], [""grayscale""], [""blur""]]"
off,3,2,U,43,4,241.60703318193555,60.40175829548389,"[28.766954666934907, 14.112253556959331, 15.001162770204246]",[],"[[""jitter""], [""grayscale""], [""blur""]]"
off,3,2,U,44,4,240.0995371863246,60.02488429658115,"[29.794084141030908, 12.871620478108525, 14.52765055000782]",[],"[[""jitter""], [""grayscale""], [""blur""]]"
off,3,2,U,45,4,258.5195037536323,64.62987593840808,"[28.976620989851654, 15.576948528178036, 16.724336077459157]",[],"[[""jitter""], [""grayscale""], [""blur""]]"
off,3,2,U,46,4,249.21931885182858,62.304829712957144,"[30.513217439875007, 12.927155010402203, 16.403042245656252]",[],"[[""jitter""], [""grayscale""], [""blur""]]"
off,3,2,U,47,4,234.0407338924706,58.51018347311765,"[27.038800762966275, 14.087573275901377, 14.581591938622296]",[],"[[""jitter""], [""grayscale""], [""blur""]]"
off,3,2,U,48,4,240.9657808020711,60.241445200517774,"[28.382112737745047, 14.08178301062435, 15.208414290100336]",[],"[[""jitter""], [""grayscale""], [""blur""]]"
off,3,2,U,49,4,238.86481020599604,59.71620255149901,"[27.384553803130984, 14.72608873154968, 14.834885252639651]",[],"[[""jitter""], [""grayscale""], [""blur""]]"
off,3,2,U,50,4,248.77123907208443,62.19280976802111,"[29.114358825609088, 15.690533677116036, 14.735382050275803]",[],"[[""jitter""], [""grayscale""], [""blur""]]"
off,3,2,U,51,4,250.67793019115925,62.66948254778981,"[27.777606737799942, 14.897331479005516, 17.470595194026828]",[],"[[""jitter""], [""grayscale""], [""blur""]]"
off,3,2,U,52,4,247.28943081572652,61.82235770393163,"[28.868859517388046, 13.432436040602624, 17.00200024060905]",[],"[[""jitter""], [""grayscale""], [""blur""]]"
off,3,2,U,53,4,247.3608711734414,61.84021779336035,"[27.643085573799908, 14.583526062779129, 17.118848976679146]",[],"[[""jitter""], [""grayscale""], [""blur""]]"
off,3,2,U,54,4,248.52889822795987,62.13222455698997,"[29.087556758895516, 12.640174594707787, 17.899685306474566]",[],"[[""jitter""], [""grayscale""], [""blur""]]"
off,3,2,U,55,4,249.90801978856325,62.47700494714081,"[28.4626679494977, 15.675902250222862, 15.81821555737406]",[],"[[""jitter""], [""grayscale""], [""blur""]]"
off,3,2,U,56,4,244.86689222976565,61.21672305744141,"[29.17503600474447, 12.70481280516833, 16.532131703570485]",[],"[[""jitter""], [""grayscale""], [""blur""]]"
off,3,2,U,57,4,235.80648470669985,58.95162117667496,"[26.96397074032575, 14.484163490124047, 14.945491682738066]",[],"[[""jitter""], [""grayscale""], [""blur""]]"
off,3,2,U,58,4,245.65152823925018,61.412882059812546,"[28.61758298240602, 12.524382793344557, 17.764552729204297]",[],"[[""jitter""], [""grayscale""], [""blur""]]"
off,3,2,U,59,4,235.67461920902133,58.91865480225533,"[26.5947796870023, 14.988640206865966, 14.88392148166895]",[],"[[""jitter""], [""grayscale""], [""blur""]]"
off,3,2,U,60,4,245.9865352138877,61.49663380347192,"[28.928484534844756, 13.634087052196264, 16.38836320489645]",[],"[[""jitter""], [""grayscale""], [""blur""]]"
off,3,2,U,61,4,251.52255315333605,62.88063828833401,"[28.364322730340064, 15.615255222655833, 16.297133057378232]",[],"[[""jitter""], [""grayscale""], [""blur""]]"
off,3,2,U,62,4,241.05843901634216,60.26460975408554,"[27.952633216045797, 13.199245557188988, 16.237078700214624]",[],"[[""jitter""], [""grayscale""], [""blur""]]"
off,3,2,U,63,4,242.56557691842318,60.641394229605794,"[27.458222000859678, 15.837097191251814, 14.860447263345122]",[],"[[""jitter""], [""grayscale""], [""blur""]]"
off,3,2,U,64,4,240.86115090176463,60.21528772544116,"[28.165568714030087, 13.355437782593071, 16.28180651459843]",[],"[[""jitter""], [""grayscale""], [""blur""]]"
off,3,2,U,65,4,249.13774942979217,62.28443735744804,"[28.39709701947868, 15.527977957390249, 15.83626342471689]",[],"[[""jitter""], [""grayscale""], [""blur""]]"
off,3,2,U,66,4,245.30923506245017,61.32730876561254,"[29.46295542642474, 13.151965802535415, 15.99428674671799]",[],"[[""jitter""], [""grayscale""], [""blur""]]"
off,3,2,U,67,4,252.33745062723756,63.08436265680939,"[27.789421495981514, 15.90741379186511, 16.94943627808243]",[],"[[""jitter""], [""grayscale""], [""blur""]]"
off,3,2,U,68,4,250.0356580130756,62.5089145032689,"[29.133951058611274, 13.180064270272851, 17.66341004986316]",[],"[[""jitter""], [""grayscale""], [""blur""]]"
off,3,2,U,69,4,254.5824022963643,63.64560057409108,"[28.61766144633293, 15.52322052884847, 16.821344499476254]",[],"[[""jitter""], [""grayscale""], [""blur""]]"
off,3,2,U,70,4,223.3997150324285,55.849928758107126,"[29.393753269687295, 11.673640925437212, 12.178547563962638]",[],"[[""jitter""], [""grayscale""], [""blur""]]"
off,3,2,U,71,4,241.10934091731906,60.277335229329765,"[26.93282370455563, 15.491307713091373, 15.16025501769036]",[],"[[""jitter""], [""grayscale""], [""blur""]]"
off,3,2,U,72,4,242.55976686254144,60.63994171563536,"[28.60338904429227, 14.37562017235905, 14.941349509172142]",[],"[[""jitter""], [""grayscale""], [""blur""]]"
off,3,2,U,73,4,244.75565599277616,61.18891399819404,"[27.46251772623509, 16.284218174405396, 14.918465283699334]",[],"[[""jitter""], [""grayscale""], [""blur""]]"
off,3,2,U,74,4,253.25752794742584,63.31438198685646,"[28.488797950558364, 15.759803471155465, 16.38652349356562]",[],"[[""jitter""], [""grayscale""], [""blur""]]"
off,3,2,U,75,4,253.6320360377431,63.40800900943577,"[27.120986254885793, 16.906554577872157, 16.643246985040605]",[],"[[""jitter""], [""grayscale""], [""blur""]]"
off,3,2,U,76,4,243.39508078992367,60.84877019748092,"[29.430743190459907, 12.823206256143749, 16.151460469700396]",[],"[[""jitter""], [""grayscale""], [""blur""]]"
off,3,2,U,77,4,240.8116739243269,60.202918481081724,"[27.11108699440956, 16.465226537548006, 14.295912813395262]",[],"[[""jitter""], [""grayscale""], [""blur""]]"
off,3,2,U,78,4,248.524674680084,62.131168670021,"[30.814264668151736, 12.669189251028001, 16.083932714536786]",[],"[[""jitter""], [""grayscale""], [""blur""]]"
off,3,2,U,79,4,247.3326399922371,61.83315999805927,"[27.64432632829994, 15.48495248425752, 16.3555956678465]",[],"[[""jitter""], [""grayscale""], [""blur""]]"
off,3,2,U,80,4,247.0892514102161,61.77231285255402,"[28.87519425712526, 13.192879734560847, 17.112001194618642]",[],"[[""jitter""], [""grayscale""], [""blur""]]"
off,3,2,U,81,4,274.70396598801017,68.67599149700254,"[34.40849354956299, 15.557221719063818, 16.183737316168845]",[],"[[""jitter""], [""grayscale""], [""blur""]]"
off,3,2,U,82,4,256.7413728684187,64.18534321710467,"[30.018078512512147, 14.155182056128979, 17.29328592773527]",[],"[[""jitter""], [""grayscale""], [""blur""]]"
off,3,2,U,83,4,226.04679595679045,56.51169898919761,"[26.990964193828404, 12.483007740229368, 14.613200793974102]",[],"[[""jitter""], [""grayscale""], [""blur""]]"
off,3,2,U,84,4,252.2969413548708,63.0742353387177,"[30.02288332208991, 14.080268098041415, 16.373227001167834]",[],"[[""jitter""], [""grayscale""], [""blur""]]"
off,3,2,U,85,4,247.50569835305214,61.876424588263035,"[28.571618488058448, 13.626120402477682, 17.30431872420013]",[],"[[""jitter""], [""grayscale""], [""blur""]]"
off,3,2,U,86,4,251.70931918546557,62.927329796366394,"[30.128721264190972, 14.527417253702879, 15.535615151748061]",[],"[[""jitter""], [""grayscale""], [""blur""]]"
off,3,2,U,87,4,236.96845583617687,59.24211395904422,"[27.317944215610623, 12.76433898601681, 16.744629596360028]",[],"[[""jitter""], [""grayscale""], [""blur""]]"
off,3,2,U,88,4,259.2503516934812,64.8125879233703,"[31.543455086648464, 14.98453482054174, 15.26056055445224]",[],"[[""jitter""], [""grayscale""], [""blur""]]"
off,3,2,U,89,4,258.7309991940856,64.6827497985214,"[28.245293186046183, 12.580552487634122, 21.386621985584497]",[],"[[""jitter""], [""grayscale""], [""blur""]]"
off,3,2,U,90,4,237.82923817634583,59.457309544086456,"[26.189560536295176, 14.42007627338171, 16.373004065826535]",[],"[[""jitter""], [""grayscale""], [""blur""]]"
off,3,2,U,91,4,282.3892398737371,70.59730996843427,"[28.95299543160945, 18.826275249011815, 20.145778777077794]",[],"[[""jitter""], [""grayscale""], [""blur""]]"
off,3,2,U,92,4,249.00679988786578,62.251699971966445,"[27.277016546577215, 15.787812415510416, 16.665452159941196]",[],"[[""jitter""], [""grayscale""], [""blur""]]"
off,3,2,U,93,4,278.46747962757945,69.61686990689486,"[29.33749428484589, 19.58765520248562, 17.86538155283779]",[],"[[""jitter""], [""grayscale""], [""blur""]]"
off,3,2,U,94,4,238.27189579606056,59.56797394901514,"[27.204630547203124, 13.94697290379554, 15.95847005955875]",[],"[[""jitter""], [""grayscale""], [""blur""]]"
off,3,2,U,95,4,256.64252508431673,64.16063127107918,"[29.83267104718834, 14.436709461733699, 17.205000505782664]",[],"[[""jitter""], [""grayscale""], [""blur""]]"
off,3,2,U,96,4,243.27489314600825,60.81872328650206,"[28.59299525152892, 14.297861023806036, 15.323676285333931]",[],"[[""jitter""], [""grayscale""], [""blur""]]"
off,3,2,U,97,4,253.4221149981022,63.35552874952555,"[29.22088128980249, 13.864509761333466, 17.482431256212294]",[],"[[""jitter""], [""grayscale""], [""blur""]]"
off,3,2,U,98,4,244.44288900122046,61.110722250305116,"[27.281989227049053, 13.886091066524386, 17.29174132924527]",[],"[[""jitter""], [""grayscale""], [""blur""]]"
off,3,2,U,99,4,245.4569051042199,61.36422627605498,"[29.00928002782166, 13.757315697148442, 15.830180956982076]",[],"[[""jitter""], [""grayscale""], [""blur""]]"
off,4,0,P,0,4,179.32051699608564,44.83012924902141,"[27.657569968141615, 15.48509649001062]",[],"[[""jitter"", ""grayscale""], [""blur""]]"
off,4,0,P,1,4,216.50032699108124,54.12508174777031,"[30.921026598662138, 21.441405988298357]",[],"[[""jitter"", ""grayscale""], [""blur""]]"
off,4,0,P,2,4,188.0689999088645,47.017249977216125,"[28.345822473056614, 17.008747439831495]",[],"[[""jitter"", ""grayscale""], [""blur""]]"
off,4,0,P,3,4,203.16040515899658,50.790101289749146,"[30.19499173387885, 19.026116002351046]",[],"[[""jitter"", ""grayscale""], [""blur""]]"
off,4,0,P,4,4,187.9838239401579,46.99595598503947,"[29.45541252847761, 15.957146184518933]",[],"[[""jitter"", ""grayscale""], [""blur""]]"
off,4,0,P,5,4,193.68958100676537,48.42239525169134,"[30.720173264853656, 16.389230266213417]",[],"[[""jitter"", ""grayscale""], [""blur""]]"
off,4,0,P,6,4,198.7419701181352,49.6854925295338,"[30.9068295173347, 17.435088520869613]",[],"[[""jitter"", ""grayscale""], [""blur""]]"
off,4,0,P,7,4,192.00721522793174,48.001803806982934,"[30.916819465346634, 15.872973832301795]",[],"[[""jitter"", ""grayscale""], [""blur""]]"
off,4,0,P,8,4,198.23664193972945,49.55916048493236,"[30.212689423933625, 17.822998925112188]",[],"[[""jitter"", ""grayscale""], [""blur""]]"
off,4,0,P,9,4,207.36407674849033,51.84101918712258,"[33.821828197687864, 16.42834977246821]",[],"[[""jitter"", ""grayscale""], [""blur""]]"
off,4,0,P,10,4,207.93802104890347,51.984505262225866,"[29.284690273925662, 21.021346794441342]",[],"[[""jitter"", ""grayscale""], [""blur""]]"
off,4,0,P,11,4,192.90934735909104,48.22733683977276,"[30.016625998541713, 16.50364976376295]",[],"[[""jitter"", ""grayscale""], [""blur""]]"
off,4,0,P,12,4,187.66472209244967,46.916180523112416,"[30.40495014283806, 14.849958941340446]",[],"[[""jitter"", ""grayscale""], [""blur""]]"
off,4,0,P,13,4,229.70258491113782,57.425646227784455,"[39.00634532328695, 16.886598197743297]",[],"[[""jitter"", ""grayscale""], [""blur""]]"
off,4,0,P,14,4,179.98805595561862,44.997013988904655,"[29.10533081740141, 14.28410701919347]",[],"[[""jitter"", ""grayscale""], [""blur""]]"
off,4,0,P,15,4,192.47571425512433,48.11892856378108,"[29.808407765813172, 16.718578175641596]",[],"[[""jitter"", ""grayscale""], [""blur""]]"
off,4,0,P,16,4,194.10179601982236,48.52544900495559,"[31.310636433772743, 15.659540658816695]",[],"[[""jitter"", ""grayscale""], [""blur""]]"
off,4,0,P,17,4,209.91249196231365,52.47812299057841,"[31.22860670555383, 19.785733777098358]",[],"[[""jitter"", ""grayscale""], [""blur""]]"
off,4,0,P,18,4,199.41608607769012,49.85402151942253,"[32.132626278325915, 16.270532505586743]",[],"[[""jitter"", ""grayscale""], [""blur""]]"
off,4,0,P,19,4,199.0580358542502,49.76450896356255,"[29.864467564038932, 18.21322471369058]",[],"[[""jitter"", ""grayscale""], [""blur""]]"
off,4,0,P,20,4,194.88068111240864,48.72017027810216,"[31.659228494390845, 15.555400284938514]",[],"[[""jitter"", ""grayscale""], [""blur""]]"
off,4,0,P,21,4,187.9829177632928,46.9957294408232,"[31.105519039556384, 14.366701478138566]",[],"[[""jitter"", ""grayscale""], [""blur""]]"
off,4,0,P,22,4,181.25220201909542,45.313050504773855,"[27.729572262614965, 16.09774155076593]",[],"[[""jitter"", ""grayscale""], [""blur""]]"
off,4,0,P,23,4,185.47594780102372,46.36898695025593,"[27.543099247850478, 17.372253467328846]",[],"[[""jitter"", ""grayscale""], [""blur""]]"
off,4,0,P,24,4,209.3087611719966,52.32719029299915,"[32.404146157205105, 18.46597099211067]",[],"[[""jitter"", ""grayscale""], [""blur""]]"
off,4,0,P,25,4,204.67700064182281,51.169250160455704,"[31.983289984054863, 17.515568528324366]",[],"[[""jitter"", ""grayscale""], [""blur""]]"
off,4,0,P,26,4,207.64621114358306,51.911552785895765,"[30.457249493338168, 19.817254040390253]",[],"[[""jitter"", ""grayscale""], [""blur""]]"
off,4,0,P,27,4,199.04075795784593,49.76018948946148,"[30.77844623476267, 17.264434252865613]",[],"[[""jitter"", ""grayscale""], [""blur""]]"
off,4,0,P,28,4,195.9911249577999,48.99778123944998,"[31.86304878909141, 15.410650405101478]",[],"[[""jitter"", ""grayscale""], [""blur""]]"
off,4,0,P,29,4,244.07058395445347,61.01764598861337,"[39.59873097483069, 19.61463480256498]",[],"[[""jitter"", ""grayscale""], [""blur""]]"
off,4,0,P,30,4,163.3138181641698,40.82845454104245,"[25.55831940844655, 13.806214556097984]",[],"[[""jitter"", ""grayscale""], [""blur""]]"
off,4,0,P,31,4,168.14649105072021,42.036622762680054,"[26.11854369752109, 14.265243662521243]",[],"[[""jitter"", ""grayscale""], [""blur""]]"
off,4,0,P,32,4,147.19160227105021,36.797900567762554,"[22.171530523337424, 12.952132034115493]",[],"[[""jitter"", ""grayscale""], [""blur""]]"
off,4,0,P,33,4,137.23381888121367,34.308454720303416,"[22.067178040742874, 10.811255313456059]",[],"[[""jitter"", ""grayscale""], [""blur""]]"
off,4,0,P,34,4,167.5265859812498,41.88164649531245,"[19.702427671290934, 20.731303258799016]",[],"[[""jitter"", ""grayscale""], [""blur""]]"
off,4,0,P,35,4,196.77348714321852,49.19337178580463,"[32.37572067882866, 15.246901311911643]",[],"[[""jitter"", ""grayscale""], [""blur""]]"
off,4,0,P,36,4,209.91869876161218,52.479674690403044,"[31.95696708280593, 18.911910010501742]",[],"[[""jitter"", ""grayscale""], [""blur""]]"
off,4,0,P,37,4,195.53220504894853,48.88305126223713,"[31.086446484550834, 16.31876523606479]",[],"[[""jitter"", ""grayscale""], [""blur""]]"
off,4,0,P,38,4,176.4874877408147,44.12187193520367,"[28.340012300759554, 13.979881536215544]",[],"[[""jitter"", ""grayscale""], [""blur""]]"
off,4,0,P,39,4,177.28220857679844,44.32055214419961,"[27.799299219623208, 14.842274249531329]",[],"[[""jitter"", ""grayscale""], [""blur""]]"
off,4,0,P,40,4,222.8572117164731,55.714302929118276,"[37.59636799804866, 16.675297170877457]",[],"[[""jitter"", ""grayscale""], [""blur""]]"
off,4,0,P,41,4,210.7061631977558,52.67654079943895,"[33.12153567094356, 17.990561202168465]",[],"[[""jitter"", ""grayscale""], [""blur""]]"
off,4,0,P,42,4,197.02113512903452,49.25528378225863,"[33.286126679740846, 14.490273664705455]",[],"[[""jitter"", ""grayscale""], [""blur""]]"
off,4,0,P,43,4,209.2699590139091,52.317489753477275,"[27.906129020266235, 22.739323670975864]",[],"[[""jitter"", ""grayscale""], [""blur""]]"
off,4,0,P,44,4,205.8811062015593,51.470276550389826,"[33.13700470607728, 16.740305698476732]",[],"[[""jitter"", ""grayscale""], [""blur""]]"
off,4,0,P,45,4,224.70242902636528,56.17560725659132,"[35.1420477963984, 19.457170041278005]",[],"[[""jitter"", ""grayscale""], [""blur""]]"
off,4,0,P,46,4,225.1308485865593,56.282712146639824,"[35.55498202331364, 18.93988181836903]",[],"[[""jitter"", ""grayscale""], [""blur""]]"
off,4,0,P,47,4,198.39962478727102,49.599906196817756,"[30.21083597559482, 17.791994498111308]",[],"[[""jitter"", ""grayscale""], [""blur""]]"
off,4,0,P,48,4,214.36937898397446,53.592344745993614,"[35.34942970145494, 16.779289580881596]",[],"[[""jitter"", ""grayscale""], [""blur""]]"
off,4,0,P,49,4,191.22186489403248,47.80546622350812,"[30.469194753095508, 15.639596269465983]",[],"[[""jitter"", ""grayscale""], [""blur""]]"
off,4,0,P,50,4,210.91877995058894,52.729694987647235,"[35.53640202153474, 15.640895464457572]",[],"[[""jitter"", ""grayscale""], [""blur""]]"
off,4,0,P,51,4,208.09197798371315,52.02299449592829,"[31.67639102321118, 18.827148247510195]",[],"[[""jitter"", ""grayscale""], [""blur""]]"
off,4,0,P,52,4,216.7893941514194,54.19734853785485,"[35.22218449506909, 17.408498097211123]",[],"[[""jitter"", ""grayscale""], [""blur""]]"
off,4,0,P,53,4,211.92482206970453,52.98120551742613,"[34.79232278186828, 16.648474731482565]",[],"[[""jitter"", ""grayscale""], [""blur""]]"
off,4,0,P,54,4,214.6835238672793,53.67088096681982,"[33.35388679988682, 18.73272273223847]",[],"[[""jitter"", ""grayscale""], [""blur""]]"
off,4,0,P,55,4,216.68681921437383,54.17170480359346,"[35.12250119820237, 17.54511904437095]",[],"[[""jitter"", ""grayscale""], [""blur""]]"
off,4,0,P,56,4,231.16813506931067,57.792033767327666,"[34.338021534495056, 22.045358433388174]",[],"[[""jitter"", ""grayscale""], [""blur""]]"
off,4,0,P,57,4,214.8364819586277,53.709120489656925,"[33.39330852031708, 18.56201735790819]",[],"[[""jitter"", ""grayscale""], [""blur""]]"
off,4,0,P,58,4,218.46711821854115,54.616779554635286,"[32.21255633980036, 20.766912726685405]",[],"[[""jitter"", ""grayscale""], [""blur""]]"
off,4,0,P,59,4,189.33264771476388,47.33316192869097,"[30.418052920140326, 15.354296541772783]",[],"[[""jitter"", ""grayscale""], [""blur""]]"
off,4,0,P,60,4,210.34492924809456,52.58623231202364,"[31.84297471307218, 19.271023338660598]",[],"[[""jitter"", ""grayscale""], [""blur""]]"
off,4,0,P,61,4,190.0342763401568,47.5085690850392,"[28.48492201883346, 17.55757222417742]",[],"[[""jitter"", ""grayscale""], [""blur""]]"
off,4,0,P,62,4,188.20625497028232,47.05156374257058,"[28.765831259079278, 16.698827734217048]",[],"[[""jitter"", ""grayscale""], [""blur""]]"
off,4,0,P,63,4,211.7457832209766,52.93644580524415,"[34.815831924788654, 16.563115525059402]",[],"[[""jitter"", ""grayscale""], [""blur""]]"
off,4,0,P,64,4,203.5473920404911,50.886848010122776,"[33.20618951693177, 16.07565430458635]",[],"[[""jitter"", ""grayscale""], [""blur""]]"
off,4,0,P,65,4,186.43826805055141,46.609567012637854,"[30.25532641913742, 14.779594726860523]",[],"[[""jitter"", ""grayscale""], [""blur""]]"
off,4,0,P,66,4,193.71781218796968,48.42945304699242,"[30.47298325691372, 16.357880202122033]",[],"[[""jitter"", ""grayscale""], [""blur""]]"
off,4,0,P,67,4,206.4107577316463,51.602689432911575,"[30.821727821603417, 19.222747068852186]",[],"[[""jitter"", ""grayscale""], [""blur""]]"
off,4,0,P,68,4,204.07701516523957,51.01925379130989,"[33.546518767252564, 15.981065691448748]",[],"[[""jitter"", ""grayscale""], [""blur""]]"
off,4,0,P,69,4,152.8027351014316,38.2006837753579,"[24.065406061708927, 12.493074755184352]",[],"[[""jitter"", ""grayscale""], [""blur""]]"
off,4,0,P,70,4,173.18754410371184,43.29688602592796,"[26.241382700391114, 15.378006268292665]",[],"[[""jitter"", ""grayscale""], [""blur""]]"
off,4,0,P,71,4,143.93489807844162,35.983724519610405,"[21.164264529943466, 13.237524311989546]",[],"[[""jitter"", ""grayscale""], [""blur""]]"
off,4,0,P,72,4,171.37905675917864,42.84476418979466,"[24.791204021312296, 16.4812000002712]",[],"[[""jitter"", ""grayscale""], [""blur""]]"
off,4,0,P,73,4,222.99840673804283,55.74960168451071,"[35.57053883560002, 18.572531989775598]",[],"[[""jitter"", ""grayscale""], [""blur""]]"
off,4,0,P,74,4,201.56320789828897,50.39080197457224,"[34.26602901890874, 14.587421319447458]",[],"[[""jitter"", ""grayscale""], [""blur""]]"
off,4,0,P,75,4,219.83797708526254,54.959494271315634,"[36.146361962892115, 17.350349808111787]",[],"[[""jitter"", ""grayscale""], [""blur""]]"
off,4,0,P,76,4,197.8439469821751,49.46098674554378,"[32.042790902778506, 15.754288993775845]",[],"[[""jitter"", ""grayscale""], [""blur""]]"
off,4,0,P,77,4,214.32569809257984,53.58142452314496,"[36.072270246222615, 16.05575846042484]",[],"[[""jitter"", ""grayscale""], [""blur""]]"
off,4,0,P,78,4,206.1911099590361,51.54777748975903,"[33.015371416695416, 16.998718259856105]",[],"[[""jitter"", ""grayscale""], [""blur""]]"
off,4,0,P,79,4,226.42303397879004,56.60575849469751,"[36.59563371911645, 18.367682001553476]",[],"[[""jitter"", ""grayscale""], [""blur""]]"
off,4,0,P,80,4,195.19146485254169,48.79786621313542,"[30.52807750646025, 16.679247957654297]",[],"[[""jitter"", ""grayscale""], [""blur""]]"
off,4,0,P,81,4,234.6646343357861,58.666158583946526,"[33.00615376792848, 23.853979539126158]",[],"[[""jitter"", ""grayscale""], [""blur""]]"
off,4,0,P,82,4,204.2797771282494,51.06994428206235,"[32.20397501718253, 17.241913243196905]",[],"[[""jitter"", ""grayscale""], [""blur""]]"
off,4,0,P,83,4,231.5472043119371,57.88680107798427,"[32.6973587507382, 23.607721086591482]",[],"[[""jitter"", ""grayscale""], [""blur""]]"
off,4,0,P,84,4,226.06253111734986,56.515632779337466,"[35.97689245361835, 18.928481033071876]",[],"[[""jitter"", ""grayscale""], [""blur""]]"
off,4,0,P,85,4,229.86069088801742,57.465172722004354,"[35.19475751090795, 20.58056998066604]",[],"[[""jitter"", ""grayscale""], [""blur""]]"
off,4,0,P,86,4,193.48066300153732,48.37016575038433,"[27.640985092148185, 19.007379305548966]",[],"[[""jitter"", ""grayscale""], [""blur""]]"
off,4,0,P,87,4,231.99232714250684,57.99808178562671,"[33.990542753599584, 22.52779353875667]",[],"[[""jitter"", ""grayscale""], [""blur""]]"
off,4,0,P,88,4,203.74721009284258,50.936802523210645,"[32.63562603387982, 16.74026343971491]",[],"[[""jitter"", ""grayscale""], [""blur""]]"
off,4,0,P,89,4,223.88969594612718,55.972423986531794,"[34.87833868712187, 19.48913757223636]",[],"[[""jitter"", ""grayscale""], [""blur""]]"
off,4,0,P,90,4,220.2706732787192,55.0676683196798,"[33.97305042017251, 19.502467825077474]",[],"[[""jitter"", ""grayscale""], [""blur""]]"
off,4,0,P,91,4,167.0918809249997,41.77297023124993,"[25.516925030387938, 14.727010973729193]",[],"[[""jitter"", ""grayscale""], [""blur""]]"
off,4,0,P,92,4,211.3027973100543,52.825699327513576,"[35.30308394692838, 15.807922696694732]",[],"[[""jitter"", ""grayscale""], [""blur""]]"
off,4,0,P,93,4,200.74114901944995,50.18528725486249,"[31.29890072159469, 17.315632198005915]",[],"[[""jitter"", ""grayscale""], [""blur""]]"
off,4,0,P,94,4,196.93665020167828,49.23416255041957,"[30.70928400848061, 16.961225774139166]",[],"[[""jitter"", ""grayscale""], [""blur""]]"
off,4,0,P,95,4,209.02231195941567,52.25557798985392,"[33.89216726645827, 16.87217049766332]",[],"[[""jitter"", ""grayscale""], [""blur""]]"
off,4,0,P,96,4,195.4483948647976,48.8620987161994,"[29.193177935667336, 18.190150731243193]",[],"[[""jitter"", ""grayscale""], [""blur""]]"
off,4,0,P,97,4,184.80345467105508,46.20086366776377,"[28.49470777437091, 16.01986202877015]",[],"[[""jitter"", ""grayscale""], [""blur""]]"
off,4,0,P,98,4,194.3780449219048,48.5945112304762,"[28.89528905507177, 18.101086257956922]",[],"[[""jitter"", ""grayscale""], [""blur""]]"
off,4,0,P,99,4,226.37679101899266,56.594197754748166,"[38.19496452342719, 16.729657538235188]",[],"[[""jitter"", ""grayscale""], [""blur""]]"
off,4,1,F,0,4,138.2870669476688,34.5717667369172,[33.70756877120584],[],"[[""jitter"", ""grayscale"", ""blur""]]"
off,4,1,F,1,4,138.822624925524,34.705656231381,[33.71574939228594],[],"[[""jitter"", ""grayscale"", ""blur""]]"
off,4,1,F,2,4,130.66571205854416,32.66642801463604,[31.70270100235939],[],"[[""jitter"", ""grayscale"", ""blur""]]"
off,4,1,F,3,4,127.25865002721548,31.81466250680387,[30.928727006539702],[],"[[""jitter"", ""grayscale"", ""blur""]]"
off,4,1,F,4,4,133.75762896612287,33.439407241530716,[32.58661401923746],[],"[[""jitter"", ""grayscale"", ""blur""]]"
off,4,1,F,5,4,149.5779464021325,37.39448660053313,[36.5506544476375],[],"[[""jitter"", ""grayscale"", ""blur""]]"
off,4,1,F,6,4,122.8417600505054,30.71044001262635,[29.858329566195607],[],"[[""jitter"", ""grayscale"", ""blur""]]"
off,4,1,F,7,4,125.3739669919014,31.34349174797535,[30.622563441284],[],"[[""jitter"", ""grayscale"", ""blur""]]"
off,4,1,F,8,4,125.40313601493835,31.35078400373459,[30.48928058706224],[],"[[""jitter"", ""grayscale"", ""blur""]]"
off,4,1,F,9,4,117.2289028763771,29.307225719094276,[28.33873452618718],[],"[[""jitter"", ""grayscale"", ""blur""]]"
off,4,1,F,10,4,126.2304768897593,31.557619222439826,[30.600267695263028],[],"[[""jitter"", ""grayscale"", ""blur""]]"
off,4,1,F,11,4,128.57183068990707,32.14295767247677,[31.16406698245555],[],"[[""jitter"", ""grayscale"", ""blur""]]"
off,4,1,F,12,4,151.15159610286355,37.78789902571589,[36.791885271668434],[],"[[""jitter"", ""grayscale"", ""blur""]]"
off,4,1,F,13,4,122.6411098614335,30.660277465358377,[29.67905777040869],[],"[[""jitter"", ""grayscale"", ""blur""]]"
off,4,1,F,14,4,129.00342140346766,32.250855350866914,[31.405023764818907],[],"[[""jitter"", ""grayscale"", ""blur""]]"
off,4,1,F,15,4,126.34929176419973,31.587322941049933,[30.71072092279792],[],"[[""jitter"", ""grayscale"", ""blur""]]"
off,4,1,F,16,4,134.32414177805185,33.58103544451296,[32.646524952724576],[],"[[""jitter"", ""grayscale"", ""blur""]]"
off,4,1,F,17,4,123.77987010404468,30.94496752601117,[30.097508803009987],[],"[[""jitter"", ""grayscale"", ""blur""]]"
off,4,1,F,18,4,137.07743817940354,34.269359544850886,[33.399966661818326],[],"[[""jitter"", ""grayscale"", ""blur""]]"
off,4,1,F,19,4,140.69979870691895,35.17494967672974,[34.310196759179235],[],"[[""jitter"", ""grayscale"", ""blur""]]"
off,4,1,F,20,4,135.37532882764935,33.84383220691234,[32.983989687636495],[],"[[""jitter"", ""grayscale"", ""blur""]]"
off,4,1,F,21,4,124.70994237810373,31.177485594525933,[30.320869758725166],[],"[[""jitter"", ""grayscale"", ""blur""]]"
off,4,1,F,22,4,157.34996693208814,39.337491733022034,[38.38799300137907],[],"[[""jitter"", ""grayscale"", ""blur""]]"
off,4,1,F,23,4,133.17766692489386,33.294416731223464,[32.412164262495935],[],"[[""jitter"", ""grayscale"", ""blur""]]"
off,4,1,F,24,4,130.35537209361792,32.58884302340448,[31.721490784548223],[],"[[""jitter"", ""grayscale"", ""blur""]]"
off,4,1,F,25,4,139.01913398876786,34.754783497191966,[33.88063423335552],[],"[[""jitter"", ""grayscale"", ""blur""]]"
off,4,1,F,26,4,133.68842005729675,33.42210501432419,[32.57836354896426],[],"[[""jitter"", ""grayscale"", ""blur""]]"
off,4,1,F,27,4,124.05743263661861,31.014358159154654,[30.168402241542935],[],"[[""jitter"", ""grayscale"", ""blur""]]"
off,4,1,F,28,4,134.7606722265482,33.69016805663705,[32.75656676851213],[],"[[""jitter"", ""grayscale"", ""blur""]]"
off,4,1,F,29,4,156.50292299687862,39.125730749219656,[38.16406067926437],[],"[[""jitter"", ""grayscale"", ""blur""]]"
off,4,1,F,30,4,123.68476018309593,30.921190045773983,[30.070638516917825],[],"[[""jitter"", ""grayscale"", ""blur""]]"
off,4,1,F,31,4,136.52079598978162,34.130198997445405,[33.17845368292183],[],"[[""jitter"", ""grayscale"", ""blur""]]"
off,4,1,F,32,4,150.43884702026844,37.60971175506711,[36.63645579945296],[],"[[""jitter"", ""grayscale"", ""blur""]]"
off,4,1,F,33,4,142.95792998746037,35.739482496865094,[34.76886521093547],[],"[[""jitter"", ""grayscale"", ""blur""]]"
off,4,1,F,34,4,129.7820578329265,32.44551445823163,[31.49295295588672],[],"[[""jitter"", ""grayscale"", ""blur""]]"
off,4,1,F,35,4,119.03121694922447,29.757804237306118,[28.800648753531277],[],"[[""jitter"", ""grayscale"", ""blur""]]"
off,4,1,F,36,4,126.96971511468291,31.742428778670728,[30.896659707650542],[],"[[""jitter"", ""grayscale"", ""blur""]]"
off,4,1,F,37,4,138.04657571017742,34.511643927544355,[33.6562255397439],[],"[[""jitter"", ""grayscale"", ""blur""]]"
off,4,1,F,38,4,123.67194192484021,30.917985481210053,[30.050933943130076],[],"[[""jitter"", ""grayscale"", ""blur""]]"
off,4,1,F,39,4,155.80252278596163,38.95063069649041,[38.09868625830859],[],"[[""jitter"", ""grayscale"", ""blur""]]"
off,4,1,F,40,4,137.60614395141602,34.401535987854004,[33.54179975576699],[],"[[""jitter"", ""grayscale"", ""blur""]]"
off,4,1,F,41,4,119.8441730812192,29.9610432703048,[29.097162187099457],[],"[[""jitter"", ""grayscale"", ""blur""]]"
off,4,1,F,42,4,156.6128279082477,39.15320697706193,[38.29896845854819],[],"[[""jitter"", ""grayscale"", ""blur""]]"
off,4,1,F,43,4,141.90536784008145,35.47634196002036,[34.53608276322484],[],"[[""jitter"", ""grayscale"", ""blur""]]"
off,4,1,F,44,4,125.60269189998507,31.40067297499627,[30.432961997576058],[],"[[""jitter"", ""grayscale"", ""blur""]]"
off,4,1,F,45,4,128.27479094266891,32.06869773566723,[31.208809465169907],[],"[[""jitter"", ""grayscale"", ""blur""]]"
off,4,1,F,46,4,111.58312810584903,27.895782026462257,[27.032413752749562],[],"[[""jitter"", ""grayscale"", ""blur""]]"
off,4,1,F,47,4,128.8769580423832,32.2192395105958,[31.32686926983297],[],"[[""jitter"", ""grayscale"", ""blur""]]"
off,4,1,F,48,4,130.9289401397109,32.732235034927726,[31.752137816511095],[],"[[""jitter"", ""grayscale"", ""blur""]]"
off,4,1,F,49,4,159.193211235106,39.7983028087765,[38.93734118901193],[],"[[""jitter"", ""grayscale"", ""blur""]]"
off,4,1,F,50,4,116.57036608085036,29.14259152021259,[28.2674515619874],[],"[[""jitter"", ""grayscale"", ""blur""]]"
off,4,1,F,51,4,132.8107020817697,33.202675520442426,[32.34817902557552],[],"[[""jitter"", ""grayscale"", ""blur""]]"
off,4,1,F,52,4,123.38947178795934,30.847367946989834,[29.89108394831419],[],"[[""jitter"", ""grayscale"", ""blur""]]"
off,4,1,F,53,4,123.92973899841309,30.98243474960327,[30.127894948236644],[],"[[""jitter"", ""grayscale"", ""blur""]]"
off,4,1,F,54,4,132.34334997832775,33.08583749458194,[32.22997591365129],[],"[[""jitter"", ""grayscale"", ""blur""]]"
off,4,1,F,55,4,116.27269489690661,29.068173724226654,[28.118923539295793],[],"[[""jitter"", ""grayscale"", ""blur""]]"
off,4,1,F,56,4,134.66208474710584,33.66552118677646,[32.778368797153234],[],"[[""jitter"", ""grayscale"", ""blur""]]"
off,4,1,F,57,4,129.87367575988173,32.468418939970434,[31.52426367159933],[],"[[""jitter"", ""grayscale"", ""blur""]]"
off,4,1,F,58,4,126.20463687926531,31.551159219816327,[30.608680681325495],[],"[[""jitter"", ""grayscale"", ""blur""]]"
off,4,1,F,59,4,122.61704029515386,30.654260073788464,[29.79308075737208],[],"[[""jitter"", ""grayscale"", ""blur""]]"
off,4,1,F,60,4,128.4652533940971,32.11631334852427,[31.23783052433282],[],"[[""jitter"", ""grayscale"", ""blur""]]"
off,4,1,F,61,4,129.12711082026362,32.281777705065906,[31.422540894709527],[],"[[""jitter"", ""grayscale"", ""blur""]]"
off,4,1,F,62,4,116.73931777477264,29.18482944369316,[28.208381729200482],[],"[[""jitter"", ""grayscale"", ""blur""]]"
off,4,1,F,63,4,144.65158293023705,36.162895732559264,[35.21357453428209],[],"[[""jitter"", ""grayscale"", ""blur""]]"
off,4,1,F,64,4,140.95891825854778,35.239729564636946,[34.32066354434937],[],"[[""jitter"", ""grayscale"", ""blur""]]"
off,4,1,F,65,4,96.82227810844779,24.205569527111948,[23.255853448063135],[],"[[""jitter"", ""grayscale"", ""blur""]]"
off,4,1,F,66,4,103.7015300244093,25.925382506102324,[24.98457720503211],[],"[[""jitter"", ""grayscale"", ""blur""]]"
off,4,1,F,67,4,104.32422021403909,26.081055053509772,[25.149532477371395],[],"[[""jitter"", ""grayscale"", ""blur""]]"
off,4,1,F,68,4,112.70687775686383,28.176719439215958,[27.318170061334968],[],"[[""jitter"", ""grayscale"", ""blur""]]"
off,4,1,F,69,4,128.33857210353017,32.08464302588254,[31.227133236825466],[],"[[""jitter"", ""grayscale"", ""blur""]]"
off,4,1,F,70,4,119.53230574727058,29.883076436817646,[28.904209728352726],[],"[[""jitter"", ""grayscale"", ""blur""]]"
off,4,1,F,71,4,123.78049595281482,30.945123988203704,[29.99572828412056],[],"[[""jitter"", ""grayscale"", ""blur""]]"
off,4,1,F,72,4,133.92468402162194,33.481171005405486,[32.52869797870517],[],"[[""jitter"", ""grayscale"", ""blur""]]"
off,4,1,F,73,4,121.86336284503341,30.465840711258352,[29.511483036912978],[],"[[""jitter"", ""grayscale"", ""blur""]]"
off,4,1,F,74,4,116.69361870735884,29.17340467683971,[28.314576018601656],[],"[[""jitter"", ""grayscale"", ""blur""]]"
off,4,1,F,75,4,119.15397271513939,29.788493178784847,[28.848885209299624],[],"[[""jitter"", ""grayscale"", ""blur""]]"
off,4,1,F,76,4,130.3894747979939,32.597368699498475,[31.741930986754596],[],"[[""jitter"", ""grayscale"", ""blur""]]"
off,4,1,F,77,4,113.2743670605123,28.318591765128076,[27.463359758257866],[],"[[""jitter"", ""grayscale"", ""blur""]]"
off,4,1,F,78,4,143.4530201368034,35.86325503420085,[34.77909869980067],[],"[[""jitter"", ""grayscale"", ""blur""]]"
off,4,1,F,79,4,136.64458226412535,34.16114556603134,[33.31291279755533],[],"[[""jitter"", ""grayscale"", ""blur""]]"
off,4,1,F,80,4,127.68211821094155,31.92052955273539,[31.063709408044815],[],"[[""jitter"", ""grayscale"", ""blur""]]"
off,4,1,F,81,4,133.9576793834567,33.48941984586418,[32.64177683740854],[],"[[""jitter"", ""grayscale"", ""blur""]]"
off,4,1,F,82,4,130.7525159791112,32.6881289947778,[31.839358154684305],[],"[[""jitter"", ""grayscale"", ""blur""]]"
off,4,1,F,83,4,135.75573917478323,33.93893479369581,[33.079048502258956],[],"[[""jitter"", ""grayscale"", ""blur""]]"
off,4,1,F,84,4,136.02808210998774,34.007020527496934,[33.12507423106581],[],"[[""jitter"", ""grayscale"", ""blur""]]"
off,4,1,F,85,4,155.35148093476892,38.83787023369223,[37.97761199530214],[],"[[""jitter"", ""grayscale"", ""blur""]]"
off,4,1,F,86,4,121.19376938790083,30.298442346975207,[29.33637413661927],[],"[[""jitter"", ""grayscale"", ""blur""]]"
off,4,1,F,87,4,133.27379571273923,33.31844892818481,[32.346826046705246],[],"[[""jitter"", ""grayscale"", ""blur""]]"
off,4,1,F,88,4,153.60973123461008,38.40243280865252,[37.42907976265997],[],"[[""jitter"", ""grayscale"", ""blur""]]"
off,4,1,F,89,4,128.9643682539463,32.241092063486576,[31.27048851456493],[],"[[""jitter"", ""grayscale"", ""blur""]]"
off,4,1,F,90,4,113.42563712969422,28.356409282423556,[27.30160264763981],[],"[[""jitter"", ""grayscale"", ""blur""]]"
off,4,1,F,91,4,118.840248323977,29.71006208099425,[28.774023754522204],[],"[[""jitter"", ""grayscale"", ""blur""]]"
off,4,1,F,92,4,124.30224940180779,31.075562350451946,[30.067063751630485],[],"[[""jitter"", ""grayscale"", ""blur""]]"
off,4,1,F,93,4,119.41899312660098,29.854748281650245,[28.984748525545],[],"[[""jitter"", ""grayscale"", ""blur""]]"
off,4,1,F,94,4,104.17444771155715,26.043611927889287,[25.057184509932995],[],"[[""jitter"", ""grayscale"", ""blur""]]"
off,4,1,F,95,4,108.96610701456666,27.241526753641665,[26.25767874997109],[],"[[""jitter"", ""grayscale"", ""blur""]]"
off,4,1,F,96,4,118.5628529638052,29.6407132409513,[28.70163251645863],[],"[[""jitter"", ""grayscale"", ""blur""]]"
off,4,1,F,97,4,129.7897296026349,32.44743240065873,[31.588312471285462],[],"[[""jitter"", ""grayscale"", ""blur""]]"
off,4,1,F,98,4,124.84186375513673,31.210465938784182,[30.304326792247593],[],"[[""jitter"", ""grayscale"", ""blur""]]"
off,4,1,F,99,4,146.0210750810802,36.50526877027005,[35.64425802323967],[],"[[""jitter"", ""grayscale"", ""blur""]]"
off,4,2,U,0,4,265.13934368267655,66.28483592066914,"[32.786931027658284, 14.294611057266593, 16.5357697987929]",[],"[[""jitter""], [""grayscale""], [""blur""]]"
off,4,2,U,1,4,243.5567849315703,60.88919623289257,"[29.479472432285547, 13.679970754310489, 15.192909981124103]",[],"[[""jitter""], [""grayscale""], [""blur""]]"
off,4,2,U,2,4,237.85902932286263,59.464757330715656,"[26.701170951128006, 14.274919405579567, 15.896367956884205]",[],"[[""jitter""], [""grayscale""], [""blur""]]"
off,4,2,U,3,4,242.63285798951983,60.65821449737996,"[23.573243292048573, 19.095702678896487, 15.555698308162391]",[],"[[""jitter""], [""grayscale""], [""blur""]]"
off,4,2,U,4,4,247.19619285315275,61.79904821328819,"[28.101784526370466, 16.190866008400917, 14.858983224257827]",[],"[[""jitter""], [""grayscale""], [""blur""]]"
off,4,2,U,5,4,254.15166886523366,63.537917216308415,"[30.67174251191318, 13.277907040901482, 16.988161019980907]",[],"[[""jitter""], [""grayscale""], [""blur""]]"
off,4,2,U,6,4,230.16921197995543,57.54230299498886,"[25.1209014095366, 14.752798713743687, 15.231563011184335]",[],"[[""jitter""], [""grayscale""], [""blur""]]"
off,4,2,U,7,4,251.7656721174717,62.941418029367924,"[26.632597437128425, 18.58663046732545, 15.299903810955584]",[],"[[""jitter""], [""grayscale""], [""blur""]]"
off,4,2,U,8,4,226.54679976403713,56.63669994100928,"[26.75974031444639, 13.947393046692014, 13.570940704084933]",[],"[[""jitter""], [""grayscale""], [""blur""]]"
off,4,2,U,9,4,257.2601209394634,64.31503023486584,"[25.89782595168799, 19.110007560811937, 16.735291457735002]",[],"[[""jitter""], [""grayscale""], [""blur""]]"
off,4,2,U,10,4,237.96659195795655,59.49164798948914,"[27.184385806322098, 14.026251272298396, 15.845704241655767]",[],"[[""jitter""], [""grayscale""], [""blur""]]"
off,4,2,U,11,4,237.7324728295207,59.433118207380176,"[27.535344706848264, 14.286519261077046, 15.286691021174192]",[],"[[""jitter""], [""grayscale""], [""blur""]]"
off,4,2,U,12,4,256.6189030185342,64.15472575463355,"[28.71048345696181, 15.743440017104149, 17.06701167859137]",[],"[[""jitter""], [""grayscale""], [""blur""]]"
off,4,2,U,13,4,251.62887386977673,62.90721846744418,"[30.135259963572025, 13.033851282671094, 17.230210243724287]",[],"[[""jitter""], [""grayscale""], [""blur""]]"
off,4,2,U,14,4,244.51185204088688,61.12796301022172,"[27.647348935715854, 15.46421181410551, 15.32246416900307]",[],"[[""jitter""], [""grayscale""], [""blur""]]"
off,4,2,U,15,4,253.4303180873394,63.35757952183485,"[29.613581486046314, 12.526707025244832, 18.75739370007068]",[],"[[""jitter""], [""grayscale""], [""blur""]]"
off,4,2,U,16,4,244.08515077084303,61.02128769271076,"[28.34683924447745, 15.678290044888854, 14.081956236623228]",[],"[[""jitter""], [""grayscale""], [""blur""]]"
off,4,2,U,17,4,244.69330674037337,61.17332668509334,"[28.660262818448246, 13.51381919812411, 16.403227695263922]",[],"[[""jitter""], [""grayscale""], [""blur""]]"
off,4,2,U,18,4,239.51439186930656,59.87859796732664,"[27.350557036697865, 15.051201800815761, 14.82092379592359]",[],"[[""jitter""], [""grayscale""], [""blur""]]"
off,4,2,U,19,4,241.84283707290888,60.46070926822722,"[29.410321731120348, 12.65339576639235, 15.866569592617452]",[],"[[""jitter""], [""grayscale""], [""blur""]]"
off,4,2,U,20,4,213.61613413318992,53.40403353329748,"[23.353998316451907, 13.922588666900992, 13.659422984346747]",[],"[[""jitter""], [""grayscale""], [""blur""]]"
off,4,2,U,21,4,227.3537782020867,56.83844455052167,"[18.835857976228, 21.578237763606012, 14.090960496105254]",[],"[[""jitter""], [""grayscale""], [""blur""]]"
off,4,2,U,22,4,239.64770091697574,59.911925229243934,"[26.408876525238156, 14.567603706382215, 16.289627994410694]",[],"[[""jitter""], [""grayscale""], [""blur""]]"
off,4,2,U,23,4,264.01429902762175,66.00357475690544,"[28.971967054530978, 19.305799272842705, 15.097736264578998]",[],"[[""jitter""], [""grayscale""], [""blur""]]"
off,4,2,U,24,4,248.15002689138055,62.03750672284514,"[26.85914479661733, 16.86572900507599, 15.473862993530929]",[],"[[""jitter""], [""grayscale""], [""blur""]]"
off,4,2,U,25,4,251.34684378281236,62.83671094570309,"[27.903185226023197, 15.553156728856266, 16.586319194175303]",[],"[[""jitter""], [""grayscale""], [""blur""]]"
off,4,2,U,26,4,237.41164011880755,59.35291002970189,"[27.270485530607402, 15.212805243209004, 14.247235259972513]",[],"[[""jitter""], [""grayscale""], [""blur""]]"
off,4,2,U,27,4,254.74368408322334,63.685921020805836,"[29.01997196022421, 14.114165562205017, 17.873760894872248]",[],"[[""jitter""], [""grayscale""], [""blur""]]"
off,4,2,U,28,4,245.70803390815854,61.427008477039635,"[28.205469716340303, 14.244974940083921, 16.39516220893711]",[],"[[""jitter""], [""grayscale""], [""blur""]]"
off,4,2,U,29,4,262.3715018853545,65.59287547133863,"[31.536366790533066, 13.696014997549355, 17.323940992355347]",[],"[[""jitter""], [""grayscale""], [""blur""]]"
off,4,2,U,30,4,239.08400209620595,59.77100052405149,"[27.86447457037866, 15.091561246663332, 14.286088990047574]",[],"[[""jitter""], [""grayscale""], [""blur""]]"
off,4,2,U,31,4,248.3518859371543,62.08797148428857,"[29.957070015370846, 12.586209224537015, 17.188304802402854]",[],"[[""jitter""], [""grayscale""], [""blur""]]"
off,4,2,U,32,4,244.6281397715211,61.15703494288027,"[27.448964305222034, 15.484261675737798, 15.676817740313709]",[],"[[""jitter""], [""grayscale""], [""blur""]]"
off,4,2,U,33,4,247.9990147985518,61.99975369963795,"[29.626802657730877, 12.075589969754219, 17.67283142544329]",[],"[[""jitter""], [""grayscale""], [""blur""]]"
off,4,2,U,34,4,244.87715680152178,61.219289200380445,"[28.660559793934226, 14.51018825173378, 15.64479828812182]",[],"[[""jitter""], [""grayscale""], [""blur""]]"
off,4,2,U,35,4,258.68922006338835,64.67230501584709,"[30.498523032292724, 13.498710235580802, 18.06270773522556]",[],"[[""jitter""], [""grayscale""], [""blur""]]"
off,4,2,U,36,4,236.49362614378333,59.12340653594583,"[28.243229491636157, 13.344791834242642, 15.060048317536712]",[],"[[""jitter""], [""grayscale""], [""blur""]]"
off,4,2,U,37,4,248.54419333860278,62.136048334650695,"[29.1043744655326, 14.740231912583113, 15.785267925821245]",[],"[[""jitter""], [""grayscale""], [""blur""]]"
off,4,2,U,38,4,234.79639599099755,58.69909899774939,"[26.877115480601788, 15.340895275585353, 14.055890962481499]",[],"[[""jitter""], [""grayscale""], [""blur""]]"
off,4,2,U,39,4,249.1433620452881,62.28584051132202,"[29.49466067366302, 14.86917701549828, 15.51079226192087]",[],"[[""jitter""], [""grayscale""], [""blur""]]"
off,4,2,U,40,4,241.39277916401625,60.34819479100406,"[28.149394551292062, 15.469098463654518, 14.054198283702135]",[],"[[""jitter""], [""grayscale""], [""blur""]]"
off,4,2,U,41,4,241.95021810010076,60.48755452502519,"[29.379978543147445, 12.444485328160226, 16.150355455465615]",[],"[[""jitter""], [""grayscale""], [""blur""]]"
off,4,2,U,42,4,258.5251019336283,64.63127548340708,"[28.459319728426635, 16.605851240456104, 17.032515024766326]",[],"[[""jitter""], [""grayscale""], [""blur""]]"
off,4,2,U,43,4,249.63572528213263,62.408931320533156,"[30.601490405388176, 12.662763707339764, 16.339986235834658]",[],"[[""jitter""], [""grayscale""], [""blur""]]"
off,4,2,U,44,4,238.49137127399445,59.62284281849861,"[26.91217977553606, 14.383865636773407, 15.66140353679657]",[],"[[""jitter""], [""grayscale""], [""blur""]]"
off,4,2,U,45,4,250.63837971538305,62.65959492884576,"[28.705439995974302, 13.623348902910948, 17.627542722038925]",[],"[[""jitter""], [""grayscale""], [""blur""]]"
off,4,2,U,46,4,246.38344161212444,61.59586040303111,"[28.135268250480294, 14.268068480305374, 16.637562192045152]",[],"[[""jitter""], [""grayscale""], [""blur""]]"
off,4,2,U,47,4,256.90092192962766,64.22523048240691,"[28.585881227627397, 13.40643921867013, 19.693792215548456]",[],"[[""jitter""], [""grayscale""], [""blur""]]"
off,4,2,U,48,4,240.25604920461774,60.064012301154435,"[26.831191731616855, 14.216098701581359, 16.136926016770303]",[],"[[""jitter""], [""grayscale""], [""blur""]]"
off,4,2,U,49,4,247.7746857330203,61.943671433255076,"[29.69543682411313, 14.209003536961973, 15.429366729222238]",[],"[[""jitter""], [""grayscale""], [""blur""]]"
off,4,2,U,50,4,236.42116924747825,59.10529231186956,"[27.480625198222697, 14.40922194160521, 14.819314237684011]",[],"[[""jitter""], [""grayscale""], [""blur""]]"
off,4,2,U,51,4,242.5638041459024,60.6409510364756,"[28.692501480691135, 13.915117015130818, 15.546206501312554]",[],"[[""jitter""], [""grayscale""], [""blur""]]"
off,4,2,U,52,4,238.21216588839889,59.55304147209972,"[26.82732418179512, 15.299330814741552, 14.56074626185]",[],"[[""jitter""], [""grayscale""], [""blur""]]"
off,4,2,U,53,4,254.68792114406824,63.67198028601706,"[30.5870755109936, 13.674870948307216, 16.73836773261428]",[],"[[""jitter""], [""grayscale""], [""blur""]]"
off,4,2,U,54,4,255.90528873726726,63.976322184316814,"[27.903061476536095, 15.974043286405504, 17.61244027875364]",[],"[[""jitter""], [""grayscale""], [""blur""]]"
off,4,2,U,55,4,253.61299188807607,63.40324797201902,"[30.068687279708683, 13.586127199232578, 17.21052499487996]",[],"[[""jitter""], [""grayscale""], [""blur""]]"
off,4,2,U,56,4,246.05201510712504,61.51300377678126,"[27.155015151947737, 15.080648474395275, 16.679662512615323]",[],"[[""jitter""], [""grayscale""], [""blur""]]"
off,4,2,U,57,4,242.9077811539173,60.72694528847933,"[29.229964246042073, 13.581742532551289, 15.273776021786034]",[],"[[""jitter""], [""grayscale""], [""blur""]]"
off,4,2,U,58,4,247.58794531226158,61.896986328065395,"[27.997723896987736, 14.211850822903216, 16.898066853173077]",[],"[[""jitter""], [""grayscale""], [""blur""]]"
off,4,2,U,59,4,245.7135389558971,61.42838473897427,"[29.15818232577294, 13.186875497922301, 16.51922019664198]",[],"[[""jitter""], [""grayscale""], [""blur""]]"
off,4,2,U,60,4,239.4075277261436,59.8518819315359,"[27.013638988137245, 15.079237287864089, 15.224685426801443]",[],"[[""jitter""], [""grayscale""], [""blur""]]"
off,4,2,U,61,4,244.49397996068,61.12349499017,"[28.865604428574443, 14.869915437884629, 15.250221244059503]",[],"[[""jitter""], [""grayscale""], [""blur""]]"
off,4,2,U,62,4,243.66098502650857,60.91524625662714,"[27.63049548957497, 15.436091227456927, 15.386612038128078]",[],"[[""jitter""], [""grayscale""], [""blur""]]"
off,4,2,U,63,4,255.11014694347978,63.777536735869944,"[29.21198552940041, 14.043886330910027, 17.723819939419627]",[],"[[""jitter""], [""grayscale""], [""blur""]]"
off,4,2,U,64,4,246.80689023807645,61.70172255951911,"[27.763298945501447, 16.095583443529904, 15.290502458810806]",[],"[[""jitter""], [""grayscale""], [""blur""]]"
off,4,2,U,65,4,249.06213767826557,62.26553441956639,"[28.5251559689641, 13.20219854824245, 17.90435367729515]",[],"[[""jitter""], [""grayscale""], [""blur""]]"
off,4,2,U,66,4,234.92439091205597,58.73109772801399,"[28.195626917295158, 13.54841305874288, 14.421284780837595]",[],"[[""jitter""], [""grayscale""], [""blur""]]"
off,4,2,U,67,4,271.1818069219589,67.79545173048973,"[29.919135267846286, 14.757481752894819, 20.700828987173736]",[],"[[""jitter""], [""grayscale""], [""blur""]]"
off,4,2,U,68,4,226.94445215165615,56.73611303791404,"[24.36994924210012, 13.869942747987807, 15.860945452004671]",[],"[[""jitter""], [""grayscale""], [""blur""]]"
off,4,2,U,69,4,250.050475820899,62.51261895522475,"[28.955097775906324, 13.554556760936975, 17.37959950696677]",[],"[[""jitter""], [""grayscale""], [""blur""]]"
off,4,2,U,70,4,238.78410924226046,59.696027310565114,"[27.991247945465147, 14.47192719206214, 14.493573573417962]",[],"[[""jitter""], [""grayscale""], [""blur""]]"
off,4,2,U,71,4,248.54941992089152,62.13735498022288,"[26.704418938606977, 14.401178807020187, 18.560996977612376]",[],"[[""jitter""], [""grayscale""], [""blur""]]"
off,4,2,U,72,4,256.7422343418002,64.18555858545005,"[30.733209219761193, 14.213897287845612, 16.67938893660903]",[],"[[""jitter""], [""grayscale""], [""blur""]]"
off,4,2,U,73,4,265.90535091236234,66.47633772809058,"[31.13264066632837, 13.786599272862077, 18.80814169999212]",[],"[[""jitter""], [""grayscale""], [""blur""]]"
off,4,2,U,74,4,242.11369780823588,60.52842445205897,"[29.875617241486907, 13.352966983802617, 14.782795798964798]",[],"[[""jitter""], [""grayscale""], [""blur""]]"
off,4,2,U,75,4,244.5594286546111,61.13985716365278,"[28.256886987946928, 14.63008054997772, 15.79541724640876]",[],"[[""jitter""], [""grayscale""], [""blur""]]"
off,4,2,U,76,4,240.07894191890955,60.01973547972739,"[29.16065149474889, 13.047492248006165, 15.212783007882535]",[],"[[""jitter""], [""grayscale""], [""blur""]]"
off,4,2,U,77,4,266.8632846325636,66.7158211581409,"[31.416353187523782, 15.182145056314766, 17.733515589497983]",[],"[[""jitter""], [""grayscale""], [""blur""]]"
off,4,2,U,78,4,246.21846806257963,61.55461701564491,"[27.89486269466579, 13.618540484458208, 17.67895300872624]",[],"[[""jitter""], [""grayscale""], [""blur""]]"
off,4,2,U,79,4,254.43432293832302,63.608580734580755,"[30.413332511670887, 15.624573803506792, 15.19095420371741]",[],"[[""jitter""], [""grayscale""], [""blur""]]"
off,4,2,U,80,4,245.67185901105404,61.41796475276351,"[26.86598023865372, 13.703846838325262, 18.222150509245694]",[],"[[""jitter""], [""grayscale""], [""blur""]]"
off,4,2,U,81,4,251.4039040543139,62.850976013578475,"[29.187328997068107, 14.71765001770109, 16.347022727131844]",[],"[[""jitter""], [""grayscale""], [""blur""]]"
off,4,2,U,82,4,251.67019804939628,62.91754951234907,"[27.50363200902939, 13.546390924602747, 19.407650223001838]",[],"[[""jitter""], [""grayscale""], [""blur""]]"
off,4,2,U,83,4,256.480960175395,64.12024004384875,"[29.053818434476852, 16.958102001808584, 15.500416746363044]",[],"[[""jitter""], [""grayscale""], [""blur""]]"
off,4,2,U,84,4,263.85729806497693,65.96432451624423,"[26.447549927979708, 21.507763769477606, 15.44426754117012]",[],"[[""jitter""], [""grayscale""], [""blur""]]"
off,4,2,U,85,4,248.12103202566504,62.03025800641626,"[27.912340010516346, 14.732736279256642, 16.75659918691963]",[],"[[""jitter""], [""grayscale""], [""blur""]]"
off,4,2,U,86,4,277.6916208676994,69.42290521692485,"[28.677626978605986, 18.645987031050026, 19.458106253296137]",[],"[[""jitter""], [""grayscale""], [""blur""]]"
off,4,2,U,87,4,252.47475877404213,63.11868969351053,"[31.69133490882814, 14.452518080361187, 14.350965269841254]",[],"[[""jitter""], [""grayscale""], [""blur""]]"
off,4,2,U,88,4,253.26405093073845,63.31601273268461,"[28.02315994631499, 15.432168962433934, 17.340629710815847]",[],"[[""jitter""], [""grayscale""], [""blur""]]"
off,4,2,U,89,4,243.0893899872899,60.772347496822476,"[28.63450301811099, 13.544019544497132, 16.132868477143347]",[],"[[""jitter""], [""grayscale""], [""blur""]]"
off,4,2,U,90,4,264.35038493946195,66.08759623486549,"[31.150637194514275, 14.853713219054043, 17.440297990106046]",[],"[[""jitter""], [""grayscale""], [""blur""]]"
off,4,2,U,91,4,254.08826023340225,63.52206505835056,"[27.32249000109732, 13.91379744745791, 19.277315004728734]",[],"[[""jitter""], [""grayscale""], [""blur""]]"
off,4,2,U,92,4,278.0131110921502,69.50327777303755,"[31.645572744309902, 17.731814761646092, 17.217397573404014]",[],"[[""jitter""], [""grayscale""], [""blur""]]"
off,4,2,U,93,4,258.31600511446595,64.57900127861649,"[28.609163244254887, 15.5452243052423, 17.63560774270445]",[],"[[""jitter""], [""grayscale""], [""blur""]]"
off,4,2,U,94,4,237.63899970799685,59.40974992699921,"[25.303906528279185, 14.840719057247043, 16.734316013753414]",[],"[[""jitter""], [""grayscale""], [""blur""]]"
off,4,2,U,95,4,260.95480285584927,65.23870071396232,"[28.14061555545777, 17.914862255565822, 16.698911553248763]",[],"[[""jitter""], [""grayscale""], [""blur""]]"
off,4,2,U,96,4,218.26558001339436,54.56639500334859,"[23.301722714677453, 15.8632731763646, 13.27019021846354]",[],"[[""jitter""], [""grayscale""], [""blur""]]"
off,4,2,U,97,4,196.4486613869667,49.112165346741676,"[21.17011381778866, 12.214159476570785, 13.415145222097635]",[],"[[""jitter""], [""grayscale""], [""blur""]]"
off,4,2,U,98,4,227.80499560758471,56.95124890189618,"[22.868242347612977, 14.933544560335577, 16.61715330556035]",[],"[[""jitter""], [""grayscale""], [""blur""]]"
off,4,2,U,99,4,241.67389888316393,60.41847472079098,"[27.70451840478927, 11.99419959448278, 18.140485743060708]",[],"[[""jitter""], [""grayscale""], [""blur""]]"
on,0,0,U,0,4,253.47216427326202,63.368041068315506,"[25.491917273029685, 17.2478862805292, 18.015390262007713]","[13.1506285, 0.733538, 7.520816249999999]","[[""jitter""], [""grayscale""], [""blur""]]"
on,0,0,U,1,4,232.6970691792667,58.17426729481667,"[27.60138630401343, 15.35450923256576, 12.48481310904026]","[17.05069, 0.7079409999999999, 3.9725087500000003]","[[""jitter""], [""grayscale""], [""blur""]]"
on,0,0,U,2,4,229.36693392693996,57.34173348173499,"[27.200113981962204, 12.746425229124725, 15.155900735408068]","[13.20624725, 0.7340949999999999, 5.38858675]","[[""jitter""], [""grayscale""], [""blur""]]"
on,0,0,U,3,4,244.01157861575484,61.00289465393871,"[28.050535707734525, 15.024772263132036, 15.521538560278714]","[17.932601, 0.7445202500000001, 5.8938014999999995]","[[""jitter""], [""grayscale""], [""blur""]]"
on,0,0,U,4,4,252.98105692490935,63.24526423122734,"[29.7597924945876, 13.804687187075615, 17.13121368084103]","[17.993965499999998, 0.76338925, 6.523958]","[[""jitter""], [""grayscale""], [""blur""]]"
on,0,0,U,5,4,256.29143696278334,64.07285924069583,"[29.389901435934007, 15.802247216925025, 16.397208208218217]","[18.0328205, 0.7433485000000001, 6.8814805]","[[""jitter""], [""grayscale""], [""blur""]]"
on,0,0,U,6,4,240.35445088520646,60.088612721301615,"[28.84407469537109, 12.869697180576622, 15.859165345318615]","[18.466305, 0.7313610000000001, 5.70612275]","[[""jitter""], [""grayscale""], [""blur""]]"
on,0,0,U,7,4,245.16144301742315,61.29036075435579,"[28.713763691484928, 14.296265551820397, 15.499480767175555]","[18.265921, 0.7210195, 6.14477275]","[[""jitter""], [""grayscale""], [""blur""]]"
on,0,0,U,8,4,258.05127201601863,64.51281800400466,"[30.380859156139195, 15.537065104581416, 16.090401215478778]","[18.05987225, 0.7303124999999999, 6.12847575]","[[""jitter""], [""grayscale""], [""blur""]]"
on,0,0,U,9,4,244.48880273848772,61.12220068462193,"[27.232803287915885, 12.688793009147048, 18.873108900152147]","[17.532711, 0.72021075, 7.1111094999999995]","[[""jitter""], [""grayscale""], [""blur""]]"
on,0,0,U,10,4,268.1399476714432,67.0349869178608,"[31.165136955678463, 14.80091514531523, 18.32007896155119]","[17.7770705, 0.748161, 7.3409925000000005]","[[""jitter""], [""grayscale""], [""blur""]]"
on,0,0,U,11,4,270.65620198845863,67.66405049711466,"[28.764496906660497, 16.304870485328138, 20.011941785924137]","[18.975943, 0.777204, 7.343514750000001]","[[""jitter""], [""grayscale""], [""blur""]]"
on,0,0,U,12,4,252.22089607268572,63.05522401817143,"[29.465330997481942, 15.257480321452022, 15.711467596702278]","[18.623633249999997, 0.77139175, 5.385765]","[[""jitter""], [""grayscale""], [""blur""]]"
on,0,0,U,13,4,263.16889002919197,65.79222250729799,"[28.071271488443017, 18.412415171042085, 16.74684847239405]","[17.1434615, 0.7673827499999999, 7.130842749999999]","[[""jitter""], [""grayscale""], [""blur""]]"
on,0,0,U,14,4,249.17393922805786,62.293484807014465,"[27.50719548203051, 17.462797462940216, 14.815234928391874]","[17.12903725, 0.7428695, 5.332738750000001]","[[""jitter""], [""grayscale""], [""blur""]]"
on,0,0,U,15,4,247.38494120538235,61.84623530134559,"[28.139230445958674, 14.341032947413623, 16.714847995899618]","[17.023134, 0.71718275, 7.30606]","[[""jitter""], [""grayscale""], [""blur""]]"
on,0,0,U,16,4,243.97053476423025,60.99263369105756,"[27.648953488096595, 15.807084506377578, 14.232792076654732]","[17.02044575, 0.73550475, 5.495716249999999]","[[""jitter""], [""grayscale""], [""blur""]]"
on,0,0,U,17,4,252.2328430786729,63.05821076966822,"[29.80397699866444, 13.482361217029393, 17.168629565276206]","[17.900997, 0.71063, 7.08177]","[[""jitter""], [""grayscale""], [""blur""]]"
on,0,0,U,18,4,242.25078104063869,60.56269526015967,"[27.91977650485933, 13.932623201981187, 16.187338740564883]","[17.37895375, 0.7481150000000001, 7.194124]","[[""jitter""], [""grayscale""], [""blur""]]"
on,0,0,U,19,4,249.8322338797152,62.4580584699288,"[30.111971544101834, 14.302879106253386, 15.561470529064536]","[17.499854499999998, 0.7513467500000001, 5.3468]","[[""jitter""], [""grayscale""], [""blur""]]"
on,0,0,U,20,4,241.4504587650299,60.36261469125748,"[27.57536096032709, 14.637717045843601, 15.759435947984457]","[17.433209750000003, 0.75489275, 7.068606]","[[""jitter""], [""grayscale""], [""blur""]]"
on,0,0,U,21,4,245.3974336385727,61.34935840964317,"[28.93728855997324, 13.574462966062129, 16.127357725054026]","[17.465670499999998, 0.72179425, 6.259367]","[[""jitter""], [""grayscale""], [""blur""]]"
on,0,0,U,22,4,234.62115321308374,58.655288303270936,"[28.955900343135, 11.882946477271616, 15.317149693146348]","[19.01681, 0.716169, 6.214910499999999]","[[""jitter""], [""grayscale""], [""blur""]]"
on,0,0,U,23,4,245.7040399312973,61.426009982824326,"[29.839574242942035, 15.559085761196911, 13.246108312159777]","[17.13398875, 0.7420297499999999, 3.8579834999999996]","[[""jitter""], [""grayscale""], [""blur""]]"
on,0,0,U,24,4,260.8966203406453,65.22415508516133,"[28.282534214667976, 13.965023448690772, 20.540002267807722]","[17.596491, 0.9110702500000001, 8.510389]","[[""jitter""], [""grayscale""], [""blur""]]"
on,0,0,U,25,4,264.16468108072877,66.04117027018219,"[31.383911496959627, 15.860937186516821, 17.32460258062929]","[18.10176025, 0.9409069999999999, 7.572026749999999]","[[""jitter""], [""grayscale""], [""blur""]]"
on,0,0,U,26,4,239.28066715598106,59.820166788995266,"[26.711739832535386, 12.327821226790547, 18.465004512108862]","[16.7106475, 0.7122785, 5.3571444999999995]","[[""jitter""], [""grayscale""], [""blur""]]"
on,0,0,U,27,4,243.95331228151917,60.988328070379794,"[26.549246977083385, 14.148506917990744, 17.663506674580276]","[16.652437499999998, 0.7182815, 7.28001225]","[[""jitter""], [""grayscale""], [""blur""]]"
on,0,0,U,28,4,258.0726407468319,64.51816018670797,"[27.799362782388926, 16.267959726974368, 17.768317949958146]","[17.295428, 0.71570825, 5.3341815]","[[""jitter""], [""grayscale""], [""blur""]]"
on,0,0,U,29,4,251.34046096354723,62.83511524088681,"[28.868050780147314, 15.25380345992744, 16.098248190246522]","[18.253164750000003, 0.73893175, 6.133627]","[[""jitter""], [""grayscale""], [""blur""]]"
on,0,0,U,30,4,275.7622320204973,68.94055800512433,"[28.229440562427044, 20.936590270139277, 17.16048165690154]","[17.72815675, 0.7458762499999999, 7.1621032499999995]","[[""jitter""], [""grayscale""], [""blur""]]"
on,0,0,U,31,4,247.40544194355607,61.85136048588902,"[27.858962188474834, 14.687331393361092, 16.689025214873254]","[17.2822995, 0.7562885, 7.173126999999999]","[[""jitter""], [""grayscale""], [""blur""]]"
on,0,0,U,32,4,243.43995098024607,60.85998774506152,"[29.368181712925434, 12.919408967718482, 15.904643456451595]","[17.14235125, 0.767477, 5.48305375]","[[""jitter""], [""grayscale""], [""blur""]]"
on,0,0,U,33,4,251.599230337888,62.899807584472,"[28.30173820257187, 15.39602701086551, 16.49916567839682]","[17.504614999999998, 0.7931010000000001, 7.368377249999999]","[[""jitter""], [""grayscale""], [""blur""]]"
on,0,0,U,34,4,265.1484911330044,66.2871227832511,"[32.21992601174861, 12.783376267179847, 18.721474218182266]","[17.03495225, 0.7334755, 8.0685365]","[[""jitter""], [""grayscale""], [""blur""]]"
on,0,0,U,35,4,244.8151921853423,61.20379804633558,"[28.48044689744711, 13.536779209971428, 16.568191815167665]","[17.74925525, 0.756505, 7.1907465]","[[""jitter""], [""grayscale""], [""blur""]]"
on,0,0,U,36,4,261.5629122592509,65.39072806481272,"[31.180361518636346, 15.669755288399756, 15.8689672825858]","[17.24998375, 0.73489425, 5.6527095]","[[""jitter""], [""grayscale""], [""blur""]]"
on,0,0,U,37,4,262.8327552229166,65.70818880572915,"[29.04460532590747, 14.538776245899498, 19.33910499792546]","[17.6726515, 0.7152419999999999, 7.3346065]","[[""jitter""], [""grayscale""], [""blur""]]"
on,0,0,U,38,4,253.45254689455032,63.36313672363758,"[27.731608948670328, 14.291246305219829, 18.659871071577072]","[17.679566, 0.7448312500000001, 7.9130009999999995]","[[""jitter""], [""grayscale""], [""blur""]]"
on,0,0,U,39,4,270.62283316627145,67.65570829156786,"[26.783378212712705, 18.532305024564266, 19.654200063087046]","[17.1946545, 0.7407907499999999, 6.153090249999999]","[[""jitter""], [""grayscale""], [""blur""]]"
on,0,0,U,40,4,256.62471493706107,64.15617873426527,"[30.052172485738993, 15.323521802201867, 16.03362150490284]","[18.94525925, 0.7077645, 6.455855]","[[""jitter""], [""grayscale""], [""blur""]]"
on,0,0,U,41,4,248.91647277399898,62.229118193499744,"[29.337586252950132, 14.452150790020823, 15.825713519006968]","[17.960687749999998, 0.7253004999999999, 6.20200175]","[[""jitter""], [""grayscale""], [""blur""]]"
on,0,0,U,42,4,244.57348696887493,61.14337174221873,"[27.5376969948411, 14.540045522153378, 16.44518447574228]","[17.261184500000002, 0.8860494999999999, 7.07462125]","[[""jitter""], [""grayscale""], [""blur""]]"
on,0,0,U,43,4,281.3116479665041,70.32791199162602,"[35.579873248934746, 13.970587286166847, 18.023521290160716]","[23.917429249999998, 1.03344425, 7.4253355]","[[""jitter""], [""grayscale""], [""blur""]]"
on,0,0,U,44,4,258.4009668789804,64.6002417197451,"[29.824639670550823, 13.77451024018228, 18.45133595634252]","[19.79431825, 0.714048, 5.43587975]","[[""jitter""], [""grayscale""], [""blur""]]"
on,0,0,U,45,4,258.54822201654315,64.63705550413579,"[29.393461416475475, 15.591327333822846, 17.11947750300169]","[18.496254, 0.73218675, 7.0941745]","[[""jitter""], [""grayscale""], [""blur""]]"
on,0,0,U,46,4,269.3997290916741,67.34993227291852,"[26.55378624331206, 16.79361576680094, 21.181582007557154]","[17.047536500000003, 0.733199, 7.12117975]","[[""jitter""], [""grayscale""], [""blur""]]"
on,0,0,U,47,4,255.579664837569,63.89491620939225,"[29.326531453989446, 15.52981766872108, 16.44218002911657]","[18.197958, 0.8725505, 6.5211315]","[[""jitter""], [""grayscale""], [""blur""]]"
on,0,0,U,48,4,273.7224302254617,68.43060755636543,"[33.075016690418124, 14.974472811445594, 17.641305457800627]","[20.61628425, 0.7277555, 8.445420499999999]","[[""jitter""], [""grayscale""], [""blur""]]"
on,0,0,U,49,4,241.66331719607115,60.41582929901779,"[27.671361691318452, 14.917941996827722, 15.08801500312984]","[17.46197325, 0.7671865000000001, 6.274631500000001]","[[""jitter""], [""grayscale""], [""blur""]]"
on,0,0,U,50,4,246.05557275936007,61.51389318984002,"[29.198656789958477, 13.100662268698215, 16.631757491268218]","[17.00010625, 0.7065825, 6.1789875]","[[""jitter""], [""grayscale""], [""blur""]]"
on,0,0,U,51,4,245.4518978483975,61.36297446209937,"[26.978863985277712, 15.276210964657366, 16.43993624020368]","[16.75988825, 0.73487025, 7.1834455]","[[""jitter""], [""grayscale""], [""blur""]]"
on,0,0,U,52,4,259.2169903218746,64.80424758046865,"[29.698827769607306, 13.695969013497233, 18.64741905592382]","[17.58497775, 0.74064325, 6.8619255]","[[""jitter""], [""grayscale""], [""blur""]]"
on,0,0,U,53,4,238.96894697099924,59.74223674274981,"[27.544202166609466, 13.520621228963137, 16.152688185684383]","[17.3179795, 0.771933, 7.36901225]","[[""jitter""], [""grayscale""], [""blur""]]"
on,0,0,U,54,4,248.7131212837994,62.17828032094985,"[28.753955732099712, 12.660939246416092, 18.03513744380325]","[17.5313475, 0.7073335, 7.3412215]","[[""jitter""], [""grayscale""], [""blur""]]"
on,0,0,U,55,4,237.51932429149747,59.37983107287437,"[27.7258645510301, 13.094435213133693, 16.10102877020836]","[17.3869115, 0.7640305000000001, 7.02407475]","[[""jitter""], [""grayscale""], [""blur""]]"
on,0,0,U,56,4,268.07510387152433,67.01877596788108,"[30.955896247178316, 16.116353566758335, 17.461066716350615]","[18.585613, 0.7150397500000001, 7.2798402499999995]","[[""jitter""], [""grayscale""], [""blur""]]"
on,0,0,U,57,4,242.03711189329624,60.50927797332406,"[27.175632305443287, 13.173541403375566, 17.631876515224576]","[17.076560250000004, 0.7195959999999999, 5.317282250000001]","[[""jitter""], [""grayscale""], [""blur""]]"
on,0,0,U,58,4,270.5921158194542,67.64802895486355,"[32.055392977781594, 15.64345310907811, 17.27794180624187]","[18.1665685, 0.734024, 6.509254]","[[""jitter""], [""grayscale""], [""blur""]]"
on,0,0,U,59,4,259.5291119068861,64.88227797672153,"[28.03209749981761, 17.242004978470504, 16.907321754842997]","[17.78963825, 0.743214, 4.6524025]","[[""jitter""], [""grayscale""], [""blur""]]"
on,0,0,U,60,4,233.03267685696483,58.25816921424121,"[21.412122761830688, 16.361494199372828, 17.774935462512076]","[11.64910325, 1.114682, 7.5911645000000005]","[[""jitter""], [""grayscale""], [""blur""]]"
on,0,0,U,61,4,306.73761619254947,76.68440404813737,"[32.25786075927317, 19.688680302351713, 22.09339418914169]","[21.712880750000004, 0.9978607500000001, 8.83745975]","[[""jitter""], [""grayscale""], [""blur""]]"
on,0,0,U,62,4,260.7475477270782,65.18688693176955,"[31.73085057642311, 15.246042748913169, 15.49667224753648]","[21.09092925, 0.9754809999999998, 6.468234499999999]","[[""jitter""], [""grayscale""], [""blur""]]"
on,0,0,U,63,4,281.4133008942008,70.3533252235502,"[32.87691297009587, 15.125861275009811, 20.281144068576396]","[21.630166749999997, 1.04086475, 9.811168]","[[""jitter""], [""grayscale""], [""blur""]]"
on,0,0,U,64,4,282.62506565079093,70.65626641269773,"[31.685733469203115, 13.642424833960831, 22.724092938005924]","[21.190611499999996, 1.0229300000000001, 10.545327]","[[""jitter""], [""grayscale""], [""blur""]]"
on,0,0,U,65,4,296.5636900626123,74.14092251565307,"[33.813735004514456, 17.68294768407941, 20.040766336023808]","[22.41555975, 1.03788825, 9.48185675]","[[""jitter""], [""grayscale""], [""blur""]]"
on,0,0,U,66,4,290.3715167194605,72.59287917986512,"[34.03050801716745, 16.244100290350616, 19.438759773038328]","[21.982582999999998, 1.0520467500000001, 9.105965750000001]","[[""jitter""], [""grayscale""], [""blur""]]"
on,0,0,U,67,4,262.5599056482315,65.63997641205788,"[32.23387501202524, 13.665882055647671, 17.326013068668544]","[21.5262195, 1.03379175, 7.78615475]","[[""jitter""], [""grayscale""], [""blur""]]"
on,0,0,U,68,4,292.83392429351807,73.20848107337952,"[37.73841366637498, 15.153676504269242, 17.45187828782946]","[23.111497999999997, 1.0151605000000001, 6.978082000000001]","[[""jitter""], [""grayscale""], [""blur""]]"
on,0,0,U,69,4,291.04383615776896,72.76095903944224,"[30.841882806271315, 18.643726012669504, 20.636863308027387]","[20.52234175, 1.0388270000000002, 7.1966415]","[[""jitter""], [""grayscale""], [""blur""]]"
on,0,0,U,70,4,269.9734726920724,67.4933681730181,"[30.150089296512306, 17.23390759434551, 17.24824123084545]","[18.66653025, 0.7371975000000001, 7.90753175]","[[""jitter""], [""grayscale""], [""blur""]]"
on,0,0,U,71,4,275.6293280981481,68.90733202453703,"[33.65336055867374, 14.43438371643424, 18.100488581694663]","[21.89393, 1.0603037499999999, 6.99608075]","[[""jitter""], [""grayscale""], [""blur""]]"
on,0,0,U,72,4,238.20405500009656,59.55101375002414,"[27.096905512735248, 13.44624301418662, 16.51850645430386]","[16.7668065, 0.7794567499999999, 7.743860499999999]","[[""jitter""], [""grayscale""], [""blur""]]"
on,0,0,U,73,4,277.4282870814204,69.3570717703551,"[33.39256241451949, 14.64942772872746, 18.899003276601434]","[21.955955, 0.9168295, 8.351331]","[[""jitter""], [""grayscale""], [""blur""]]"
on,0,0,U,74,4,246.83835171163082,61.709587927907705,"[27.663775254040956, 12.411177041940391, 19.122066209092736]","[17.385721500000002, 0.725541, 7.090142500000001]","[[""jitter""], [""grayscale""], [""blur""]]"
on,0,0,U,75,4,292.4179509282112,73.1044877320528,"[37.65843482688069, 16.254683956503868, 16.332958242855966]","[22.579835499999998, 0.71911525, 6.149166]","[[""jitter""], [""grayscale""], [""blur""]]"
on,0,0,U,76,4,269.62263602763414,67.40565900690854,"[26.083530858159065, 20.832202746532857, 17.973660258576274]","[16.6857605, 0.756264, 6.157266]","[[""jitter""], [""grayscale""], [""blur""]]"
on,0,0,U,77,4,254.6994579024613,63.67486447561532,"[28.101318515837193, 15.484042232856154, 17.312109237536788]","[17.62472125, 0.78163725, 7.263236]","[[""jitter""], [""grayscale""], [""blur""]]"
on,0,0,U,78,4,247.3524841479957,61.83812103699893,"[30.105590005405247, 14.073633472435176, 15.254238969646394]","[17.99352075, 0.7233040000000001, 5.725459]","[[""jitter""], [""grayscale""], [""blur""]]"
on,0,0,U,79,4,245.55634707212448,61.38908676803112,"[27.668175054714084, 15.247010393068194, 15.815532533451915]","[17.0940805, 0.72424325, 7.1271195]","[[""jitter""], [""grayscale""], [""blur""]]"
on,0,0,U,80,4,250.99456729367375,62.74864182341844,"[29.62390868924558, 13.263895292766392, 17.44215830694884]","[16.80910825, 0.7148577500000001, 7.290271000000001]","[[""jitter""], [""grayscale""], [""blur""]]"
on,0,0,U,81,4,244.72196213901043,61.18049053475261,"[28.577476274222136, 15.524411457590759, 14.623676193878055]","[17.636198, 0.7468902500000001, 5.293793249999999]","[[""jitter""], [""grayscale""], [""blur""]]"
on,0,0,U,82,4,252.2005350328982,63.05013375822455,"[29.58335157018155, 12.822797754779458, 17.818617750890553]","[18.030981, 0.71748, 7.277651250000001]","[[""jitter""], [""grayscale""], [""blur""]]"
on,0,0,U,83,4,250.4896391183138,62.62240977957845,"[32.47354691848159, 11.887061526067555, 15.436219284310937]","[21.88991725, 0.704361, 6.32951075]","[[""jitter""], [""grayscale""], [""blur""]]"
on,0,0,U,84,4,268.48029904067516,67.12007476016879,"[30.929162283428013, 15.524519491009414, 17.936131451278925]","[18.10636375, 0.7221454999999999, 7.0167684999999995]","[[""jitter""], [""grayscale""], [""blur""]]"
on,0,0,U,85,4,259.6277189441025,64.90692973602563,"[29.473550035618246, 13.48761550616473, 19.414712442085147]","[18.522256249999998, 0.7559692499999999, 5.9863945]","[[""jitter""], [""grayscale""], [""blur""]]"
on,0,0,U,86,4,234.34847174212337,58.58711793553084,"[26.768397772684693, 13.800904271192849, 15.523491310887039]","[17.0512105, 0.7691264999999999, 5.430979999999999]","[[""jitter""], [""grayscale""], [""blur""]]"
on,0,0,U,87,4,267.7467889152467,66.93669722881168,"[27.607272262685, 17.393581452779472, 19.42898251581937]","[17.511919749999997, 0.7415402499999999, 7.203754]","[[""jitter""], [""grayscale""], [""blur""]]"
on,0,0,U,88,4,259.1549386270344,64.7887346567586,"[29.496941715478897, 15.140554402023554, 17.225811490789056]","[19.114805999999998, 0.7088355, 7.166086750000001]","[[""jitter""], [""grayscale""], [""blur""]]"
on,0,0,U,89,4,271.44643012434244,67.86160753108561,"[27.29537128470838, 19.627036177553236, 18.211657647043467]","[16.79768525, 0.7371375, 7.9796267499999995]","[[""jitter""], [""grayscale""], [""blur""]]"
on,0,0,U,90,4,250.01403503119946,62.503508757799864,"[27.395361219532788, 14.947597519494593, 17.437063972465694]","[16.842640749999997, 0.7251017499999999, 7.221850000000001]","[[""jitter""], [""grayscale""], [""blur""]]"
on,0,0,U,91,4,250.69935992360115,62.67483998090029,"[29.003000585362315, 13.324992265552282, 17.687556450255215]","[17.7001075, 0.7109605000000001, 7.5783665]","[[""jitter""], [""grayscale""], [""blur""]]"
on,0,0,U,92,4,238.1849903613329,59.54624759033322,"[28.346654027700424, 14.614257495850325, 14.281023759394884]","[18.358026249999998, 0.7313075, 5.29987175]","[[""jitter""], [""grayscale""], [""blur""]]"
on,0,0,U,93,4,249.84235176816583,62.46058794204146,"[30.027771019376814, 12.699402985163033, 17.14095624629408]","[17.21412825, 0.7237485000000001, 6.5148965]","[[""jitter""], [""grayscale""], [""blur""]]"
on,0,0,U,94,4,252.17137206345797,63.04284301586449,"[29.404255677945912, 14.033665298484266, 16.917698550969362]","[19.04599775, 0.71040625, 7.493741]","[[""jitter""], [""grayscale""], [""blur""]]"
on,0,0,U,95,4,305.6309437379241,76.40773593448102,"[37.37563779577613, 16.248281695879996, 20.10445320047438]","[22.233248999999997, 1.0454337500000002, 9.193169000000001]","[[""jitter""], [""grayscale""], [""blur""]]"
on,0,0,U,96,4,293.16522274166346,73.29130568541586,"[32.698055962100625, 16.637563705444336, 21.337531972676516]","[22.638241500000003, 1.04127575, 7.057473]","[[""jitter""], [""grayscale""], [""blur""]]"
on,0,0,U,97,4,286.25448513776064,71.56362128444016,"[34.08372844569385, 17.40895619150251, 17.36374374013394]","[22.13340875, 1.08371525, 6.93680975]","[[""jitter""], [""grayscale""], [""blur""]]"
on,0,0,U,98,4,279.1570369154215,69.78925922885537,"[34.236877923831344, 14.405738678760827, 18.3114962419495]","[22.0806765, 1.01894875, 7.227924000000001]","[[""jitter""], [""grayscale""], [""blur""]]"
on,0,0,U,99,4,263.16776406019926,65.79194101504982,"[30.424927012063563, 12.353333528153598, 20.373268285766244]","[20.206012, 0.72246275, 8.891955]","[[""jitter""], [""grayscale""], [""blur""]]"
on,0,1,P,0,4,228.25890826061368,57.06472706515342,"[34.91906798444688, 20.53989830892533]","[17.67886525, 9.73570975]","[[""jitter"", ""grayscale""], [""blur""]]"
on,0,1,P,1,4,226.28330113366246,56.570825283415616,"[35.5041780276224, 19.48058302514255]","[21.236196750000005, 6.52360225]","[[""jitter"", ""grayscale""], [""blur""]]"
on,0,1,P,2,4,220.1864467933774,55.04661169834435,"[33.86232629418373, 19.475399749353528]","[21.05960625, 9.10278575]","[[""jitter"", ""grayscale""], [""blur""]]"
on,0,1,P,3,4,215.8403848297894,53.96009620744735,"[34.75952846929431, 17.48216582927853]","[19.56079125, 5.91557875]","[[""jitter"", ""grayscale""], [""blur""]]"
on,0,1,P,4,4,192.87291169166565,48.21822792291641,"[31.161809689365327, 15.566423069685698]","[17.29128175, 5.28042975]","[[""jitter"", ""grayscale""], [""blur""]]"
on,0,1,P,5,4,183.54000197723508,45.88500049430877,"[30.232611228711903, 13.991830288432539]","[17.29578775, 5.22563]","[[""jitter"", ""grayscale""], [""blur""]]"
on,0,1,P,6,4,190.3045461513102,47.57613653782755,"[30.958343762904406, 15.129215433262289]","[17.231181, 5.280263249999999]","[[""jitter"", ""grayscale""], [""blur""]]"
on,0,1,P,7,4,200.03759395331144,50.00939848832786,"[31.32992098107934, 16.97019359562546]","[16.454763749999998, 7.43955125]","[[""jitter"", ""grayscale""], [""blur""]]"
on,0,1,P,8,4,198.93843494355679,49.734608735889196,"[30.154816224239767, 17.9921897361055]","[17.303611, 7.07181525]","[[""jitter"", ""grayscale""], [""blur""]]"
on,0,1,P,9,4,204.11979081109166,51.029947702772915,"[33.54055935051292, 15.877337427809834]","[17.30122025, 5.298976000000001]","[[""jitter"", ""grayscale""], [""blur""]]"
on,0,1,P,10,4,224.2821273393929,56.070531834848225,"[31.667536706663668, 22.813320509158075]","[17.320771500000003, 9.28288325]","[[""jitter"", ""grayscale""], [""blur""]]"
on,0,1,P,11,4,212.58069900795817,53.14517475198954,"[34.11364508792758, 17.415441572666168]","[18.879700499999995, 6.81462375]","[[""jitter"", ""grayscale""], [""blur""]]"
on,0,1,P,12,4,228.51152066141367,57.12788016535342,"[35.88433959521353, 19.49175202753395]","[21.88949075, 6.4621200000000005]","[[""jitter"", ""grayscale""], [""blur""]]"
on,0,1,P,13,4,178.4114227630198,44.60285569075495,"[29.68390379101038, 13.447422534227371]","[15.234688, 3.9642437500000005]","[[""jitter"", ""grayscale""], [""blur""]]"
on,0,1,P,14,4,166.65272880345583,41.66318220086396,"[26.562230428680778, 13.637540279887617]","[14.94182975, 5.374102]","[[""jitter"", ""grayscale""], [""blur""]]"
on,0,1,P,15,4,180.40463607758284,45.10115901939571,"[30.182596179656684, 13.441378250718117]","[11.6946615, 3.66993575]","[[""jitter"", ""grayscale""], [""blur""]]"
on,0,1,P,16,4,184.51047781854868,46.12761945463717,"[27.653136756271124, 17.022560467012227]","[15.80015025, 6.841102749999999]","[[""jitter"", ""grayscale""], [""blur""]]"
on,0,1,P,17,4,215.19308118149638,53.798270295374095,"[32.46843442320824, 19.770296523347497]","[18.045749999999998, 6.565925]","[[""jitter"", ""grayscale""], [""blur""]]"
on,0,1,P,18,4,204.8751008696854,51.21877521742135,"[32.19659032765776, 17.44810468517244]","[17.77312975, 6.569398250000001]","[[""jitter"", ""grayscale""], [""blur""]]"
on,0,1,P,19,4,200.9707442484796,50.2426860621199,"[29.67918897047639, 18.890324980020523]","[17.27302975, 5.35041225]","[[""jitter"", ""grayscale""], [""blur""]]"
on,0,1,P,20,4,197.66624318435788,49.41656079608947,"[29.15810525882989, 18.6646276852116]","[17.579590749999998, 8.30033325]","[[""jitter"", ""grayscale""], [""blur""]]"
on,0,1,P,21,4,206.1621667817235,51.540541695430875,"[31.484012492001057, 18.489122507162392]","[18.883824750000002, 6.907253]","[[""jitter"", ""grayscale""], [""blur""]]"
on,0,1,P,22,4,228.5399571992457,57.13498929981142,"[35.597434267401695, 19.635008182376623]","[22.1599125, 8.9112265]","[[""jitter"", ""grayscale""], [""blur""]]"
on,0,1,P,23,4,220.83075577393174,55.207688943482935,"[34.4006767263636, 19.257606472820044]","[20.57479225, 6.04018875]","[[""jitter"", ""grayscale""], [""blur""]]"
on,0,1,P,24,4,210.4854891076684,52.6213722769171,"[32.85189240705222, 18.155180267058313]","[20.538894250000002, 7.967705]","[[""jitter"", ""grayscale""], [""blur""]]"
on,0,1,P,25,4,215.56079480797052,53.89019870199263,"[30.407940968871117, 21.746185142546892]","[18.30075625, 8.817966]","[[""jitter"", ""grayscale""], [""blur""]]"
on,0,1,P,26,4,216.43751114606857,54.10937778651714,"[35.3724539745599, 17.15460605919361]","[21.558340500000003, 6.9036525]","[[""jitter"", ""grayscale""], [""blur""]]"
on,0,1,P,27,4,211.3698972389102,52.84247430972755,"[34.112123074010015, 17.129885964095592]","[19.876658, 5.2973965]","[[""jitter"", ""grayscale""], [""blur""]]"
on,0,1,P,28,4,193.82484164088964,48.45621041022241,"[31.484205974265933, 15.48845844808966]","[17.997884499999998, 5.273087]","[[""jitter"", ""grayscale""], [""blur""]]"
on,0,1,P,29,4,192.53794010728598,48.134485026821494,"[31.182195292785764, 15.495948726311326]","[17.4010555, 6.269520249999999]","[[""jitter"", ""grayscale""], [""blur""]]"
on,0,1,P,30,4,216.11148212105036,54.02787053026259,"[35.57047701906413, 16.62690646480769]","[17.43070725, 5.6725555]","[[""jitter"", ""grayscale""], [""blur""]]"
on,0,1,P,31,4,200.4403700120747,50.11009250301868,"[33.21222274098545, 15.105710248462856]","[18.0178135, 6.117272]","[[""jitter"", ""grayscale""], [""blur""]]"
on,0,1,P,32,4,189.67395508661866,47.418488771654665,"[30.222692294046283, 15.4947720002383]","[17.392708000000002, 6.06548]","[[""jitter"", ""grayscale""], [""blur""]]"
on,0,1,P,33,4,201.2052983045578,50.30132457613945,"[31.6162045346573, 17.01600127853453]","[17.513867750000003, 7.5832105]","[[""jitter"", ""grayscale""], [""blur""]]"
on,0,1,P,34,4,196.9285481609404,49.2321370402351,"[29.243537224829197, 18.52603640872985]","[17.278819499999997, 5.31549025]","[[""jitter"", ""grayscale""], [""blur""]]"
on,0,1,P,35,4,196.7022130265832,49.1755532566458,"[31.24201821628958, 16.44778484478593]","[17.578089749999997, 6.0764395]","[[""jitter"", ""grayscale""], [""blur""]]"
on,0,1,P,36,4,210.98629292100668,52.74657323025167,"[30.096766189672053, 20.968910539522767]","[17.329953000000003, 5.530796500000001]","[[""jitter"", ""grayscale""], [""blur""]]"
on,0,1,P,37,4,185.20728219300508,46.30182054825127,"[29.330205754376948, 15.480698086321354]","[17.818151999999998, 5.25347775]","[[""jitter"", ""grayscale""], [""blur""]]"
on,0,1,P,38,4,207.58479926735163,51.89619981683791,"[31.96426504291594, 18.265394726768136]","[17.601038499999998, 6.8278057500000005]","[[""jitter"", ""grayscale""], [""blur""]]"
on,0,1,P,39,4,222.8252962231636,55.7063240557909,"[36.89624497201294, 17.246028990484774]","[18.225807, 7.031427]","[[""jitter"", ""grayscale""], [""blur""]]"
on,0,1,P,40,4,186.80272391065955,46.70068097766489,"[30.757856206037104, 14.445155975408852]","[17.610595749999998, 5.26450475]","[[""jitter"", ""grayscale""], [""blur""]]"
on,0,1,P,41,4,220.80481378361583,55.20120344590396,"[36.14500677213073, 17.458324204199016]","[17.971301, 6.50254975]","[[""jitter"", ""grayscale""], [""blur""]]"
on,0,1,P,42,4,192.3003508709371,48.07508771773428,"[30.71597928646952, 15.684822690673172]","[17.69698775, 7.0589960000000005]","[[""jitter"", ""grayscale""], [""blur""]]"
on,0,1,P,43,4,196.19362009689212,49.04840502422303,"[29.936115723103285, 17.494068597443402]","[17.306558250000002, 6.987789749999999]","[[""jitter"", ""grayscale""], [""blur""]]"
on,0,1,P,44,4,204.88077867776155,51.22019466944039,"[31.97233017999679, 17.7882727002725]","[17.32927225, 8.1223205]","[[""jitter"", ""grayscale""], [""blur""]]"
on,0,1,P,45,4,198.78882728517056,49.69720682129264,"[31.068992451764643, 16.93359122145921]","[17.388327999999998, 6.0994002499999995]","[[""jitter"", ""grayscale""], [""blur""]]"
on,0,1,P,46,4,190.81700779497623,47.70425194874406,"[30.387835460714996, 15.962143428623676]","[17.555252000000003, 5.342859]","[[""jitter"", ""grayscale""], [""blur""]]"
on,0,1,P,47,4,217.32494002208114,54.331235005520284,"[32.714739558286965, 20.336854504421353]","[19.32409075, 7.1403115]","[[""jitter"", ""grayscale""], [""blur""]]"
on,0,1,P,48,4,181.31560133770108,45.32890033442527,"[28.236292768269777, 15.313610783778131]","[17.315214750000003, 5.299195999999999]","[[""jitter"", ""grayscale""], [""blur""]]"
on,0,1,P,49,4,200.9420320391655,50.235508009791374,"[30.480415443889797, 18.038629787042737]","[17.77980225, 6.8094985]","[[""jitter"", ""grayscale""], [""blur""]]"
on,0,1,P,50,4,215.81007214263082,53.952518035657704,"[33.940275316126645, 18.430868512950838]","[17.725482250000002, 7.86735425]","[[""jitter"", ""grayscale""], [""blur""]]"
on,0,1,P,51,4,218.08318328112364,54.52079582028091,"[33.6792980087921, 19.232934922911227]","[18.23373325, 7.749181999999999]","[[""jitter"", ""grayscale""], [""blur""]]"
on,0,1,P,52,4,221.1464042775333,55.28660106938332,"[36.1156357685104, 17.699601245112717]","[18.281282500000003, 7.09630425]","[[""jitter"", ""grayscale""], [""blur""]]"
on,0,1,P,53,4,196.64993602782488,49.16248400695622,"[31.353772268630564, 16.27267722506076]","[18.16807925, 7.49428]","[[""jitter"", ""grayscale""], [""blur""]]"
on,0,1,P,54,4,213.50205782800913,53.37551445700228,"[33.91082747839391, 17.87119684740901]","[17.233536249999997, 7.651077749999999]","[[""jitter"", ""grayscale""], [""blur""]]"
on,0,1,P,55,4,187.32258398085833,46.83064599521458,"[30.227095703594387, 15.13631024863571]","[17.4290655, 5.322719749999999]","[[""jitter"", ""grayscale""], [""blur""]]"
on,0,1,P,56,4,204.56002885475755,51.14000721368939,"[31.00677824113518, 18.532349495217204]","[17.580537749999998, 8.40323475]","[[""jitter"", ""grayscale""], [""blur""]]"
on,0,1,P,57,4,192.57795484736562,48.144488711841404,"[30.990406987257302, 15.496318694204092]","[17.626285499999998, 5.45047]","[[""jitter"", ""grayscale""], [""blur""]]"
on,0,1,P,58,4,213.97936390712857,53.49484097678214,"[30.696074478328228, 21.32115000858903]","[17.711398000000003, 6.547067]","[[""jitter"", ""grayscale""], [""blur""]]"
on,0,1,P,59,4,204.40268330276012,51.10067082569003,"[33.355043502524495, 16.163348802365363]","[18.227867749999998, 5.74015225]","[[""jitter"", ""grayscale""], [""blur""]]"
on,0,1,P,60,4,213.3697080425918,53.34242701064795,"[31.707521178759634, 19.840302295051515]","[18.086035999999996, 7.249522500000001]","[[""jitter"", ""grayscale""], [""blur""]]"
on,0,1,P,61,4,197.67033960670233,49.41758490167558,"[29.809289262630045, 18.1433972902596]","[17.9222435, 7.550020249999999]","[[""jitter"", ""grayscale""], [""blur""]]"
on,0,1,P,62,4,201.5937501564622,50.39843753911555,"[28.809637064114213, 20.117589039728045]","[17.7279275, 7.59327475]","[[""jitter"", ""grayscale""], [""blur""]]"
on,0,1,P,63,4,196.68237073346972,49.17059268336743,"[30.764589784666896, 16.79611054714769]","[17.749741750000002, 6.308474499999999]","[[""jitter"", ""grayscale""], [""blur""]]"
on,0,1,P,64,4,189.8149698972702,47.45374247431755,"[29.77173973340541, 16.1188862985]","[17.60295, 6.546517]","[[""jitter"", ""grayscale""], [""blur""]]"
on,0,1,P,65,4,222.57290594279766,55.643226485699415,"[36.31576872430742, 17.489439458586276]","[17.83206925, 7.322341000000001]","[[""jitter"", ""grayscale""], [""blur""]]"
on,0,1,P,66,4,183.45955107361078,45.864887768402696,"[29.631043085828424, 14.774664072319865]","[17.375571500000003, 5.6476225]","[[""jitter"", ""grayscale""], [""blur""]]"
on,0,1,P,67,4,200.85848402231932,50.21462100557983,"[32.04530745279044, 16.619549016468227]","[17.54561175, 6.9597162500000005]","[[""jitter"", ""grayscale""], [""blur""]]"
on,0,1,P,68,4,202.44406070560217,50.61101517640054,"[31.121293548494577, 17.928719986230135]","[17.35931175, 7.642883]","[[""jitter"", ""grayscale""], [""blur""]]"
on,0,1,P,69,4,210.7456917874515,52.686422946862876,"[30.721980263479054, 20.332803949713707]","[17.3102465, 6.1885900000000005]","[[""jitter"", ""grayscale""], [""blur""]]"
on,0,1,P,70,4,197.2826193086803,49.320654827170074,"[30.675414251163602, 17.05198676791042]","[17.63919675, 6.90407425]","[[""jitter"", ""grayscale""], [""blur""]]"
on,0,1,P,71,4,204.1530990973115,51.038274774327874,"[29.288361547514796, 20.250719040632248]","[17.776476499999998, 7.846902750000001]","[[""jitter"", ""grayscale""], [""blur""]]"
on,0,1,P,72,4,188.18768626078963,47.04692156519741,"[28.08514516800642, 17.277781502343714]","[17.278995500000004, 7.26927175]","[[""jitter"", ""grayscale""], [""blur""]]"
on,0,1,P,73,4,185.02485193312168,46.25621298328042,"[29.190669069066644, 15.60102344956249]","[17.68286925, 6.7739]","[[""jitter"", ""grayscale""], [""blur""]]"
on,0,1,P,74,4,217.65293600037694,54.413234000094235,"[35.48967279493809, 17.47224375139922]","[17.74835975, 7.082025999999999]","[[""jitter"", ""grayscale""], [""blur""]]"
on,0,1,P,75,4,195.89986093342304,48.97496523335576,"[31.662104302085936, 15.738026238977909]","[17.522906749999997, 6.9363512499999995]","[[""jitter"", ""grayscale""], [""blur""]]"
on,0,1,P,76,4,190.65532414242625,47.66383103560656,"[30.808857758529484, 15.2765738312155]","[17.567455499999998, 6.02049475]","[[""jitter"", ""grayscale""], [""blur""]]"
on,0,1,P,77,4,198.34832893684506,49.587082234211266,"[32.46656968258321, 15.665548504330218]","[17.40684925, 5.40602225]","[[""jitter"", ""grayscale""], [""blur""]]"
on,0,1,P,78,4,213.76466378569603,53.44116594642401,"[30.893649789504707, 20.955178304575384]","[17.302892, 7.249983]","[[""jitter"", ""grayscale""], [""blur""]]"
on,0,1,P,79,4,199.22117004171014,49.805292510427535,"[30.474241939373314, 17.714863759465516]","[17.444024499999998, 7.27295325]","[[""jitter"", ""grayscale""], [""blur""]]"
on,0,1,P,80,4,200.5461622029543,50.13654055073857,"[28.155760723166168, 20.514534320682287]","[17.21241975, 5.4628185]","[[""jitter"", ""grayscale""], [""blur""]]"
on,0,1,P,81,4,187.691830098629,46.92295752465725,"[29.463628539815545, 15.897079487331212]","[17.545294999999996, 5.36102725]","[[""jitter"", ""grayscale""], [""blur""]]"
on,0,1,P,82,4,198.82571790367365,49.70642947591841,"[30.766375013627112, 17.262794775888324]","[17.76703625, 5.992252499999999]","[[""jitter"", ""grayscale""], [""blur""]]"
on,0,1,P,83,4,214.91105388849974,53.727763472124934,"[34.96630699373782, 16.354904742911458]","[17.763570750000003, 6.140096999999999]","[[""jitter"", ""grayscale""], [""blur""]]"
on,0,1,P,84,4,187.96396907418966,46.990992268547416,"[29.695495730265975, 15.530816512182355]","[17.846933, 5.9441535000000005]","[[""jitter"", ""grayscale""], [""blur""]]"
on,0,1,P,85,4,222.88371622562408,55.72092905640602,"[38.03617774974555, 16.1415470065549]","[18.13489175, 5.40318625]","[[""jitter"", ""grayscale""], [""blur""]]"
on,0,1,P,86,4,200.16859518364072,50.04214879591018,"[32.81730075832456, 15.749480458907783]","[18.046954999999997, 6.4503805]","[[""jitter"", ""grayscale""], [""blur""]]"
on,0,1,P,87,4,199.14619997143745,49.786549992859364,"[30.618285294622183, 17.63125346042216]","[18.1205345, 7.7632977499999996]","[[""jitter"", ""grayscale""], [""blur""]]"
on,0,1,P,88,4,205.3637197241187,51.34092993102968,"[32.9683399759233, 16.722426051273942]","[18.069584499999998, 6.8095222500000006]","[[""jitter"", ""grayscale""], [""blur""]]"
on,0,1,P,89,4,203.54867819696665,50.88716954924166,"[31.392956734634936, 17.84853625576943]","[18.22264675, 7.256081999999999]","[[""jitter"", ""grayscale""], [""blur""]]"
on,0,1,P,90,4,194.85493702813983,48.71373425703496,"[30.264150467701256, 16.800500568933785]","[17.849913, 6.948318250000001]","[[""jitter"", ""grayscale""], [""blur""]]"
on,0,1,P,91,4,207.30927493423223,51.82731873355806,"[29.14462541230023, 21.238514687865973]","[17.1830185, 6.451893999999999]","[[""jitter"", ""grayscale""], [""blur""]]"
on,0,1,P,92,4,189.46679681539536,47.36669920384884,"[27.94226154219359, 17.74572371505201]","[16.68427, 7.789655]","[[""jitter"", ""grayscale""], [""blur""]]"
on,0,1,P,93,4,206.00565383210778,51.501413458026946,"[32.34840172808617, 17.33167946804315]","[17.738179249999998, 5.337319750000001]","[[""jitter"", ""grayscale""], [""blur""]]"
on,0,1,P,94,4,205.82462986931205,51.45615746732801,"[33.5929054999724, 16.23297156766057]","[17.6759725, 6.09617025]","[[""jitter"", ""grayscale""], [""blur""]]"
on,0,1,P,95,4,184.39201079308987,46.09800269827247,"[28.781403554603457, 15.526502509601414]","[17.920281499999998, 6.72201475]","[[""jitter"", ""grayscale""], [""blur""]]"
on,0,1,P,96,4,217.88504533469677,54.47126133367419,"[34.796855761669576, 18.2078747311607]","[17.54239425, 7.64558575]","[[""jitter"", ""grayscale""], [""blur""]]"
on,0,1,P,97,4,200.7695776410401,50.19239441026002,"[31.62781079299748, 17.089619766920805]","[17.546024000000003, 7.539647749999999]","[[""jitter"", ""grayscale""], [""blur""]]"
on,0,1,P,98,4,202.69337203353643,50.67334300838411,"[31.98162163607776, 17.094203969463706]","[18.287214, 6.96578325]","[[""jitter"", ""grayscale""], [""blur""]]"
on,0,1,P,99,4,204.24864767119288,51.06216191779822,"[32.471933984197676, 17.110173241235316]","[18.20692425, 7.44682375]","[[""jitter"", ""grayscale""], [""blur""]]"
on,0,2,F,0,4,136.13577792420983,34.03394448105246,[33.16434507723898],[20.907812000000003],"[[""jitter"", ""grayscale"", ""blur""]]"
on,0,2,F,1,4,134.5041091553867,33.62602728884667,[32.77187899220735],[20.215781999999997],"[[""jitter"", ""grayscale"", ""blur""]]"
on,0,2,F,2,4,136.77696278318763,34.19424069579691,[33.33978378213942],[20.16339925],"[[""jitter"", ""grayscale"", ""blur""]]"
on,0,2,F,3,4,135.24045096710324,33.81011274177581,[32.96078252606094],[18.943242249999997],"[[""jitter"", ""grayscale"", ""blur""]]"
on,0,2,F,4,4,156.8529848009348,39.2132462002337,[38.35253731813282],[21.415064750000003],"[[""jitter"", ""grayscale"", ""blur""]]"
on,0,2,F,5,4,132.84195913001895,33.21048978250474,[32.33350929804146],[18.813356000000002],"[[""jitter"", ""grayscale"", ""blur""]]"
on,0,2,F,6,4,114.12229016423225,28.530572541058064,[27.667416026815772],[15.94234175],"[[""jitter"", ""grayscale"", ""blur""]]"
on,0,2,F,7,4,145.00235579907894,36.250588949769735,[35.3874983265996],[18.697077250000003],"[[""jitter"", ""grayscale"", ""blur""]]"
on,0,2,F,8,4,138.00371624529362,34.500929061323404,[33.624614239670336],[19.306160000000002],"[[""jitter"", ""grayscale"", ""blur""]]"
on,0,2,F,9,4,127.2145421244204,31.8036355311051,[30.947959516197443],[19.263268500000002],"[[""jitter"", ""grayscale"", ""blur""]]"
on,0,2,F,10,4,124.65112982317805,31.162782455794513,[30.30991880223155],[18.040368249999997],"[[""jitter"", ""grayscale"", ""blur""]]"
on,0,2,F,11,4,121.78455013781786,30.446137534454465,[29.58732470870018],[18.2520235],"[[""jitter"", ""grayscale"", ""blur""]]"
on,0,2,F,12,4,138.20341788232327,34.550854470580816,[33.673419267870486],[18.95317575],"[[""jitter"", ""grayscale"", ""blur""]]"
on,0,2,F,13,4,129.94057312607765,32.48514328151941,[31.589347519911826],[18.128385],"[[""jitter"", ""grayscale"", ""blur""]]"
on,0,2,F,14,4,151.22197894379497,37.80549473594874,[36.9423107476905],[20.552122750000006],"[[""jitter"", ""grayscale"", ""blur""]]"
on,0,2,F,15,4,127.70429207012057,31.926073017530143,[31.048903008922935],[19.05662575],"[[""jitter"", ""grayscale"", ""blur""]]"
on,0,2,F,16,4,131.21770089492202,32.804425223730505,[31.942642759531736],[19.283788],"[[""jitter"", ""grayscale"", ""blur""]]"
on,0,2,F,17,4,148.42120790854096,37.10530197713524,[36.220840527676046],[19.640251000000003],"[[""jitter"", ""grayscale"", ""blur""]]"
on,0,2,F,18,4,140.37222415208817,35.09305603802204,[34.23189022578299],[19.7136065],"[[""jitter"", ""grayscale"", ""blur""]]"
on,0,2,F,19,4,136.84861036017537,34.21215259004384,[33.347801538184285],[20.002420750000002],"[[""jitter"", ""grayscale"", ""blur""]]"
on,0,2,F,20,4,141.16651797667146,35.291629494167864,[34.43693928420544],[21.214932000000005],"[[""jitter"", ""grayscale"", ""blur""]]"
on,0,2,F,21,4,132.98556208610535,33.24639052152634,[32.38278196658939],[19.198431],"[[""jitter"", ""grayscale"", ""blur""]]"
on,0,2,F,22,4,137.33215490356088,34.33303872589022,[33.45406020525843],[19.831124499999998],"[[""jitter"", ""grayscale"", ""blur""]]"
on,0,2,F,23,4,134.23203444108367,33.55800861027092,[32.63485210482031],[20.432444250000003],"[[""jitter"", ""grayscale"", ""blur""]]"
on,0,2,F,24,4,134.51229641214013,33.62807410303503,[32.7682081842795],[20.7712835],"[[""jitter"", ""grayscale"", ""blur""]]"
on,0,2,F,25,4,115.83375511690974,28.958438779227436,[27.99599280115217],[17.218818249999998],"[[""jitter"", ""grayscale"", ""blur""]]"
on,0,2,F,26,4,128.0823270790279,32.02058176975697,[31.074746744707227],[19.437147000000003],"[[""jitter"", ""grayscale"", ""blur""]]"
on,0,2,F,27,4,134.837307035923,33.70932675898075,[32.748420257121325],[18.48648475],"[[""jitter"", ""grayscale"", ""blur""]]"
on,0,2,F,28,4,129.45966701954603,32.36491675488651,[31.49739245418459],[18.5125125],"[[""jitter"", ""grayscale"", ""blur""]]"
on,0,2,F,29,4,135.92080725356936,33.98020181339234,[33.12809381168336],[20.144303999999998],"[[""jitter"", ""grayscale"", ""blur""]]"
on,0,2,F,30,4,135.5200088582933,33.880002214573324,[33.01970846951008],[19.0134075],"[[""jitter"", ""grayscale"", ""blur""]]"
on,0,2,F,31,4,136.21049001812935,34.05262250453234,[33.17466774024069],[19.51909275],"[[""jitter"", ""grayscale"", ""blur""]]"
on,0,2,F,32,4,136.11802738159895,34.02950684539974,[33.17230427637696],[19.86490525],"[[""jitter"", ""grayscale"", ""blur""]]"
on,0,2,F,33,4,132.0419767871499,33.01049419678748,[32.103701145388186],[18.84856875],"[[""jitter"", ""grayscale"", ""blur""]]"
on,0,2,F,34,4,153.48810283467174,38.372025708667934,[37.43213671259582],[20.670709249999998],"[[""jitter"", ""grayscale"", ""blur""]]"
on,0,2,F,35,4,113.53521095588803,28.38380273897201,[27.519347495399415],[14.42191025],"[[""jitter"", ""grayscale"", ""blur""]]"
on,0,2,F,36,4,132.06135714426637,33.01533928606659,[32.1385512361303],[17.55756725],"[[""jitter"", ""grayscale"", ""blur""]]"
on,0,2,F,37,4,146.3779709301889,36.594492732547224,[35.73468700051308],[17.525653499999997],"[[""jitter"", ""grayscale"", ""blur""]]"
on,0,2,F,38,4,127.15934216976166,31.789835542440414,[30.915345763787627],[19.47165725],"[[""jitter"", ""grayscale"", ""blur""]]"
on,0,2,F,39,4,130.694302264601,32.67357556615025,[31.79349424317479],[18.7131605],"[[""jitter"", ""grayscale"", ""blur""]]"
on,0,2,F,40,4,133.24645580723882,33.311613951809704,[32.41783019620925],[18.3533575],"[[""jitter"", ""grayscale"", ""blur""]]"
on,0,2,F,41,4,133.17854888737202,33.294637221843004,[32.33541524969041],[19.539032],"[[""jitter"", ""grayscale"", ""blur""]]"
on,0,2,F,42,4,122.1540248952806,30.53850622382015,[29.577589826658368],[15.641870500000001],"[[""jitter"", ""grayscale"", ""blur""]]"
on,0,2,F,43,4,124.58029808476567,31.145074521191418,[30.208697426132858],[18.4196915],"[[""jitter"", ""grayscale"", ""blur""]]"
on,0,2,F,44,4,148.9336658269167,37.233416456729174,[36.38783248607069],[19.757180499999997],"[[""jitter"", ""grayscale"", ""blur""]]"
on,0,2,F,45,4,133.24005668982863,33.31001417245716,[32.35221316572279],[18.6183365],"[[""jitter"", ""grayscale"", ""blur""]]"
on,0,2,F,46,4,127.42731813341379,31.856829533353448,[30.913393828086555],[17.911527499999995],"[[""jitter"", ""grayscale"", ""blur""]]"
on,0,2,F,47,4,134.32161463424563,33.58040365856141,[32.70954079926014],[18.761785],"[[""jitter"", ""grayscale"", ""blur""]]"
on,0,2,F,48,4,135.33118320629,33.8327958015725,[32.94879081659019],[19.460710000000002],"[[""jitter"", ""grayscale"", ""blur""]]"
on,0,2,F,49,4,130.92305464670062,32.730763661675155,[31.770204077474773],[19.057274500000002],"[[""jitter"", ""grayscale"", ""blur""]]"
on,0,2,F,50,4,122.64953786507249,30.662384466268122,[29.808774241246283],[17.234334],"[[""jitter"", ""grayscale"", ""blur""]]"
on,0,2,F,51,4,155.18915792927146,38.797289482317865,[37.93577675241977],[19.47101],"[[""jitter"", ""grayscale"", ""blur""]]"
on,0,2,F,52,4,122.2010743804276,30.5502685951069,[29.68667878303677],[18.426191250000006],"[[""jitter"", ""grayscale"", ""blur""]]"
on,0,2,F,53,4,137.22757017239928,34.30689254309982,[33.352770493365824],[20.10659025],"[[""jitter"", ""grayscale"", ""blur""]]"
on,0,2,F,54,4,128.2170475460589,32.05426188651472,[31.188074266538024],[18.95200775],"[[""jitter"", ""grayscale"", ""blur""]]"
on,0,2,F,55,4,125.0164289958775,31.254107248969376,[30.28822923079133],[18.4615575],"[[""jitter"", ""grayscale"", ""blur""]]"
on,0,2,F,56,4,140.1069681160152,35.0267420290038,[34.08801008481532],[20.0570715],"[[""jitter"", ""grayscale"", ""blur""]]"
on,0,2,F,57,4,130.96751179546118,32.741877948865294,[31.881575006991625],[17.65330525],"[[""jitter"", ""grayscale"", ""blur""]]"
on,0,2,F,58,4,133.21812497451901,33.304531243629754,[32.450431026518345],[19.615337],"[[""jitter"", ""grayscale"", ""blur""]]"
on,0,2,F,59,4,134.07098688185215,33.51774672046304,[32.56975801195949],[19.4974585],"[[""jitter"", ""grayscale"", ""blur""]]"
on,0,2,F,60,4,125.54185604676604,31.38546401169151,[30.50934977363795],[18.670391499999997],"[[""jitter"", ""grayscale"", ""blur""]]"
on,0,2,F,61,4,162.330592982471,40.58264824561775,[39.63816980831325],[21.022423749999998],"[[""jitter"", ""grayscale"", ""blur""]]"
on,0,2,F,62,4,142.2553090378642,35.56382725946605,[34.68316234648228],[21.161715],"[[""jitter"", ""grayscale"", ""blur""]]"
on,0,2,F,63,4,131.47954363375902,32.869885908439755,[32.00756828300655],[19.0700885],"[[""jitter"", ""grayscale"", ""blur""]]"
on,0,2,F,64,4,128.93274705857038,32.233186764642596,[31.34585451334715],[18.480420749999997],"[[""jitter"", ""grayscale"", ""blur""]]"
on,0,2,F,65,4,125.37479726597667,31.343699316494167,[30.47296276781708],[18.01827325],"[[""jitter"", ""grayscale"", ""blur""]]"
on,0,2,F,66,4,131.50038197636604,32.87509549409151,[32.017628429457545],[18.40280775],"[[""jitter"", ""grayscale"", ""blur""]]"
on,0,2,F,67,4,130.09075121954083,32.52268780488521,[31.670301454141736],[18.902277249999997],"[[""jitter"", ""grayscale"", ""blur""]]"
on,0,2,F,68,4,134.64455399662256,33.66113849915564,[32.80256129801273],[19.925443499999993],"[[""jitter"", ""grayscale"", ""blur""]]"
on,0,2,F,69,4,123.76852380111814,30.942130950279534,[30.085737933404744],[18.21475325],"[[""jitter"", ""grayscale"", ""blur""]]"
on,0,2,F,70,4,133.70634941384196,33.42658735346049,[32.55121654365212],[19.578641750000003],"[[""jitter"", ""grayscale"", ""blur""]]"
on,0,2,F,71,4,160.27502715587616,40.06875678896904,[39.185620727948844],[20.8111805],"[[""jitter"", ""grayscale"", ""blur""]]"
on,0,2,F,72,4,145.3635971993208,36.3408992998302,[35.46469192951918],[20.992098999999996],"[[""jitter"", ""grayscale"", ""blur""]]"
on,0,2,F,73,4,129.22393111512065,32.30598277878016,[31.457711826078594],[19.455632749999996],"[[""jitter"", ""grayscale"", ""blur""]]"
on,0,2,F,74,4,133.11022985726595,33.27755746431649,[32.418949296697974],[19.105421],"[[""jitter"", ""grayscale"", ""blur""]]"
on,0,2,F,75,4,132.67290499061346,33.168226247653365,[32.29212434962392],[19.414887999999998],"[[""jitter"", ""grayscale"", ""blur""]]"
on,0,2,F,76,4,127.81366379931569,31.953415949828923,[31.100227031856775],[17.58586],"[[""jitter"", ""grayscale"", ""blur""]]"
on,0,2,F,77,4,132.30401696637273,33.07600424159318,[32.15524018742144],[18.742796999999996],"[[""jitter"", ""grayscale"", ""blur""]]"
on,0,2,F,78,4,138.84349027648568,34.71087256912142,[33.83658651728183],[19.993201250000006],"[[""jitter"", ""grayscale"", ""blur""]]"
on,0,2,F,79,4,126.36362807825208,31.59090701956302,[30.684386263601482],[18.82476975],"[[""jitter"", ""grayscale"", ""blur""]]"
on,0,2,F,80,4,127.32527777552605,31.83131944388151,[30.969139421358705],[18.4297885],"[[""jitter"", ""grayscale"", ""blur""]]"
on,0,2,F,81,4,162.1940117329359,40.548502933233976,[39.67744577676058],[20.46470125],"[[""jitter"", ""grayscale"", ""blur""]]"
on,0,2,F,82,4,127.52531981095672,31.88132995273918,[31.033935258165002],[19.509045750000002],"[[""jitter"", ""grayscale"", ""blur""]]"
on,0,2,F,83,4,131.90178479999304,32.97544619999826,[32.1241692872718],[19.383079000000002],"[[""jitter"", ""grayscale"", ""blur""]]"
on,0,2,F,84,4,122.46116297319531,30.61529074329883,[29.76226422470063],[19.04945925],"[[""jitter"", ""grayscale"", ""blur""]]"
on,0,2,F,85,4,129.16590925306082,32.291477313265204,[31.296111294068396],[19.116909499999995],"[[""jitter"", ""grayscale"", ""blur""]]"
on,0,2,F,86,4,121.65539804846048,30.41384951211512,[29.567101038992405],[15.669262999999997],"[[""jitter"", ""grayscale"", ""blur""]]"
on,0,2,F,87,4,130.0377775914967,32.50944439787418,[31.517733237706125],[17.754358],"[[""jitter"", ""grayscale"", ""blur""]]"
on,0,2,F,88,4,162.27237693965435,40.56809423491359,[39.51206570491195],[21.37355275],"[[""jitter"", ""grayscale"", ""blur""]]"
on,0,2,F,89,4,131.98707392439246,32.996768481098115,[32.13244630023837],[18.77031875],"[[""jitter"", ""grayscale"", ""blur""]]"
on,0,2,F,90,4,132.3303310200572,33.0825827550143,[32.14582148939371],[18.60030575],"[[""jitter"", ""grayscale"", ""blur""]]"
on,0,2,F,91,4,148.23643816635013,37.05910954158753,[36.10677027609199],[19.565319],"[[""jitter"", ""grayscale"", ""blur""]]"
on,0,2,F,92,4,155.75344301760197,38.93836075440049,[37.842818768695],[21.805756249999998],"[[""jitter"", ""grayscale"", ""blur""]]"
on,0,2,F,93,4,124.77736128494143,31.19434032123536,[30.31773993279785],[19.490625249999997],"[[""jitter"", ""grayscale"", ""blur""]]"
on,0,2,F,94,4,125.74610020965338,31.436525052413344,[30.58063774369657],[18.03347475],"[[""jitter"", ""grayscale"", ""blur""]]"
on,0,2,F,95,4,128.33760399371386,32.084400998428464,[31.23132954351604],[18.9383705],"[[""jitter"", ""grayscale"", ""blur""]]"
on,0,2,F,96,4,142.75211980566382,35.688029951415956,[34.708863007836044],[20.82488525],"[[""jitter"", ""grayscale"", ""blur""]]"
on,0,2,F,97,4,132.54400016739964,33.13600004184991,[32.26185077801347],[19.975350999999996],"[[""jitter"", ""grayscale"", ""blur""]]"
on,0,2,F,98,4,137.02777307480574,34.256943268701434,[33.383991569280624],[19.680539249999995],"[[""jitter"", ""grayscale"", ""blur""]]"
on,0,2,F,99,4,126.96225615218282,31.740564038045704,[30.85825778543949],[18.05435825],"[[""jitter"", ""grayscale"", ""blur""]]"
